#  time, MeanKE MeanKEDR MeanP
0 1.24981176165412808E-01 4.68679415817068389E-04 -5.50482138072360219E-18
7.36310778E-03 1.24976081621062218E-01 6.33556581268267531E-04 6.40155956852791146E-05
1.47275461E-02 1.24971269185490147E-01 6.33539370275173824E-04 8.31651645019898235E-05
2.20922361E-02 1.24966550697482609E-01 6.33530722575735669E-04 8.76383543569446156E-05
2.94572300E-02 1.24961863148617069E-01 6.33530168827428587E-04 8.81955742428230434E-05
3.68225874E-02 1.24957185466237228E-01 6.33537554555412431E-04 8.44810438104331117E-05
4.41883707E-02 1.24952510560124158E-01 6.33552831292402761E-04 7.64109024526788382E-05
5.15546426E-02 1.24947836001244622E-01 6.33575986763902838E-04 6.40080596049648587E-05
5.89213580E-02 1.24943160983198839E-01 6.33607021119916044E-04 4.72626181545770141E-05
6.62883567E-02 1.24938485290833193E-01 6.33645938538992788E-04 2.61854458998616822E-05
7.36557019E-02 1.24933808739593213E-01 6.33692746113460556E-04 7.79622309098332744E-07
8.10234570E-02 1.24929131202410476E-01 6.33747452607873315E-04 -2.89511633105133545E-05
8.83916852E-02 1.24924452571365710E-01 6.33810068084763689E-04 -6.30023462661602804E-05
9.57604497E-02 1.24919772744927396E-01 6.33880603789655395E-04 -1.01368852828087117E-04
1.03129813E-01 1.24915091623655189E-01 6.33959072100364219E-04 -1.44045260937805875E-04
1.10499839E-01 1.24910409108779014E-01 6.34045486500454361E-04 -1.91025855827507950E-04
1.17870590E-01 1.24905725101756196E-01 6.34139861560286690E-04 -2.42304646689576309E-04
1.25242128E-01 1.24901039504072359E-01 6.34242212920988814E-04 -2.97875369303825656E-04
1.32614515E-01 1.24896352217206907E-01 6.34352557281361602E-04 -3.57731484900816949E-04
1.39987815E-01 1.24891663142620707E-01 6.34470912384394858E-04 -4.21866179236988332E-04
1.47362088E-01 1.24886972181717348E-01 6.34597297005290786E-04 -4.90272358430333412E-04
1.54737398E-01 1.24882279235871280E-01 6.34731730940089195E-04 -5.62942647308549730E-04
1.62113516E-01 1.24877584390379021E-01 6.34874229863962507E-04 -6.39866441581089405E-04
1.69490468E-01 1.24872887569798821E-01 6.35024813425715223E-04 -7.21034796082305066E-04
1.76868315E-01 1.24868188674987349E-01 6.35183503294214241E-04 -8.06438884522781224E-04
1.84247121E-01 1.24863487606742457E-01 6.35350322187476372E-04 -8.96048738222595233E-04
1.91626945E-01 1.24858784265782216E-01 6.35525293789829769E-04 -9.89919735625968255E-04
1.99007850E-01 1.24854078552752226E-01 6.35708442741753760E-04 -1.08797075216971644E-03
2.06389896E-01 1.24849370368228671E-01 6.35899794629882719E-04 -1.19022373866394080E-03
2.13773144E-01 1.24844659612711642E-01 6.36099375977733968E-04 -1.29666434856287810E-03
2.21157655E-01 1.24839946186659417E-01 6.36307214235866262E-04 -1.40728180476084675E-03
2.28543488E-01 1.24835229990418059E-01 6.36523337772989866E-04 -1.52206520443346838E-03
2.35930703E-01 1.24830510924306581E-01 6.36747775866863385E-04 -1.64100334311246252E-03
2.43319360E-01 1.24825788888539957E-01 6.36980558695026539E-04 -1.76408469745340207E-03
2.50709518E-01 1.24821063783266947E-01 6.37221717326577359E-04 -1.89129741818907550E-03
2.58101187E-01 1.24816335539671600E-01 6.37471282230615312E-04 -2.02262848548496674E-03
2.65494161E-01 1.24811604227037867E-01 6.37729277559571863E-04 -2.15806055120549515E-03
2.72888499E-01 1.24806869744745239E-01 6.37995735026778191E-04 -2.29758012272508749E-03
2.80284261E-01 1.24802131992010040E-01 6.38270688165049603E-04 -2.44117349757764016E-03
2.87681505E-01 1.24797390867941005E-01 6.38554171355744859E-04 -2.58882665721876576E-03
2.95080289E-01 1.24792646271533275E-01 6.38846219819613347E-04 -2.74052523832215428E-03
3.02480671E-01 1.24787898101727662E-01 6.39146869608366052E-04 -2.89625452384245164E-03
3.09882709E-01 1.24783146257352248E-01 6.39456157595825981E-04 -3.05599943968650530E-03
3.17286460E-01 1.24778390637130823E-01 6.39774121469747527E-04 -3.21974454823174437E-03
3.24691979E-01 1.24773631139724020E-01 6.40100799723024999E-04 -3.38747404342309467E-03
3.32099324E-01 1.24768867663671679E-01 6.40436231645390023E-04 -3.55917174354021884E-03
3.39508550E-01 1.24764100107445874E-01 6.40780457314938170E-04 -3.73482108605199033E-03
3.46919711E-01 1.24759328369416833E-01 6.41133517590051984E-04 -3.91440512227062779E-03
3.54332863E-01 1.24754552347841122E-01 6.41495454100778420E-04 -4.09790650996603653E-03
3.61748060E-01 1.24749771940896495E-01 6.41866309240745692E-04 -4.28530750630518563E-03
3.69165099E-01 1.24744987212214969E-01 6.42246114387359573E-04 -4.47658350544868824E-03
3.76583998E-01 1.24740198082883932E-01 6.42634909432699937E-04 -4.67171446940980572E-03
3.84004811E-01 1.24735404449917486E-01 6.43032737848842984E-04 -4.87068097656495787E-03
3.91427593E-01 1.24730606210158440E-01 6.43439644052464454E-04 -5.07346323890891203E-03
3.98852397E-01 1.24725803260375995E-01 6.43855673183408683E-04 -5.28004105331896737E-03
4.06279277E-01 1.24720995497194204E-01 6.44280871096260233E-04 -5.49039378563781055E-03
4.13708284E-01 1.24716182817153506E-01 6.44715284351833010E-04 -5.70450036679547457E-03
4.21139470E-01 1.24711365116668346E-01 6.45158960208588482E-04 -5.92233928513159671E-03
4.28572888E-01 1.24706542292043795E-01 6.45611946613939614E-04 -6.14388857840319439E-03
4.36008586E-01 1.24701714239474099E-01 6.46074292195907940E-04 -6.36912582821730876E-03
4.43446617E-01 1.24696880855051859E-01 6.46546046254451671E-04 -6.59802815059972597E-03
4.50887029E-01 1.24692042034764181E-01 6.47027258753015214E-04 -6.83057218999099779E-03
4.58329871E-01 1.24687197674483691E-01 6.47517980309841781E-04 -7.06673411276596310E-03
4.65775192E-01 1.24682347669958116E-01 6.48018262189758716E-04 -7.30648959636377195E-03
4.73223039E-01 1.24677491916808006E-01 6.48528156294803592E-04 -7.54981382539631450E-03
4.80673280E-01 1.24672630427163797E-01 6.49047704067884108E-04 -7.79667570207360616E-03
4.88125878E-01 1.24667763152674485E-01 6.49576951158364543E-04 -8.04704619774081718E-03
4.95580879E-01 1.24662889987509948E-01 6.50115949779114994E-04 -8.30089860079917183E-03
5.03038332E-01 1.24658010825724933E-01 6.50664753458194398E-04 -8.55820577127175408E-03
5.10498284E-01 1.24653125561179121E-01 6.51223416322335366E-04 -8.81894005745118351E-03
5.17960780E-01 1.24648234087647122E-01 6.51791993087687152E-04 -9.08307327787758780E-03
5.25425867E-01 1.24643336298806182E-01 6.52370539051501559E-04 -9.35057671616367457E-03
5.32893589E-01 1.24638432088173573E-01 6.52959110082687046E-04 -9.62142110969918529E-03
5.40363991E-01 1.24633521349164403E-01 6.53557762613349779E-04 -9.89557664425266825E-03
5.47837116E-01 1.24628603975072527E-01 6.54166553630015934E-04 -1.01730129435661371E-02
5.55313006E-01 1.24623679859051040E-01 6.54785540664255513E-04 -1.04536990641403392E-02
5.62791705E-01 1.24618748894147549E-01 6.55414781784710208E-04 -1.07376034844138754E-02
5.70273253E-01 1.24613810973294020E-01 6.56054335586935835E-04 -1.10246941008454689E-02
5.77757692E-01 1.24608865989310189E-01 6.56704261185472589E-04 -1.13149382128165752E-02
5.85245060E-01 1.24603913834846661E-01 6.57364618203880465E-04 -1.16083025231210699E-02
5.92735398E-01 1.24598954402479631E-01 6.58035466766206806E-04 -1.19047531237340253E-02
6.00228744E-01 1.24593987584651497E-01 6.58716867487108893E-04 -1.22042554905777510E-02
6.07724931E-01 1.24589013409506358E-01 6.59408864741837923E-04 -1.25067664021075147E-02
6.15223975E-01 1.24584031783616392E-01 6.60111515299021887E-04 -1.28122488235575382E-02
6.22725915E-01 1.24579042597678852E-01 6.60824880258823041E-04 -1.31206661571003514E-02
6.30230789E-01 1.24574045742210024E-01 6.61549021446387409E-04 -1.34319812146417514E-02
6.37738635E-01 1.24569041107611425E-01 6.62284001140510609E-04 -1.37461561645369455E-02
6.45249491E-01 1.24564028584164252E-01 6.63029882064835653E-04 -1.40631525255220519E-02
6.52763391E-01 1.24559008062019208E-01 6.63786727378434587E-04 -1.43829311570079759E-02
6.60280371E-01 1.24553979431178297E-01 6.64554600666974094E-04 -1.47054522505952901E-02
6.67800465E-01 1.24548942581549457E-01 6.65333565933156723E-04 -1.50306753247273252E-02
6.75323708E-01 1.24543897402904266E-01 6.66123687588190939E-04 -1.53585592153478480E-02
6.82850131E-01 1.24538843784871303E-01 6.66925030441686243E-04 -1.56890620710370826E-02
6.90379768E-01 1.24533781616979811E-01 6.67737659693152922E-04 -1.60221413402701213E-02
6.97912648E-01 1.24528710788641403E-01 6.68561640922006573E-04 -1.63577537740939270E-02
7.05448803E-01 1.24523631189114040E-01 6.69397040079054728E-04 -1.66958554049459230E-02
7.12988262E-01 1.24518542707545227E-01 6.70243923476473947E-04 -1.70364015562351478E-02
7.20531054E-01 1.24513445232985173E-01 6.71102357779009896E-04 -1.73793468220410190E-02
7.28077207E-01 1.24508338654340245E-01 6.71972409994306581E-04 -1.77246450655352446E-02
7.35626747E-01 1.24503222860389923E-01 6.72854147464110874E-04 -1.80722494180164048E-02
7.43179702E-01 1.24498097739807675E-01 6.73747637854728710E-04 -1.84221122587446377E-02
7.50736075E-01 1.24492963194978323E-01 6.74652947003928486E-04 -1.87741842988025896E-02
7.58295737E-01 1.24487819220041110E-01 6.75570126236170292E-04 -1.91284092637518770E-02
7.65858714E-01 1.24482665701693626E-01 6.76499241382948245E-04 -1.94847371280025966E-02
7.73425033E-01 1.24477502526453773E-01 6.77440360917091859E-04 -1.98431172570306576E-02
7.80994718E-01 1.24472329580753535E-01 6.78393553602391042E-04 -2.02034982678244331E-02
7.88567794E-01 1.24467146750875127E-01 6.79358888485088693E-04 -2.05658280113310728E-02
7.96144285E-01 1.24461953922980151E-01 6.80336434884997831E-04 -2.09300535690613715E-02
8.03724212E-01 1.24456750983136535E-01 6.81326262385688591E-04 -2.12961212451795549E-02
8.11307598E-01 1.24451537817268074E-01 6.82328440826651607E-04 -2.16639765637001887E-02
8.18894464E-01 1.24446314311196113E-01 6.83343040293530116E-04 -2.20335642652288895E-02
8.26484829E-01 1.24441080350650241E-01 6.84370131109552369E-04 -2.24048283013590158E-02
8.34078712E-01 1.24435835821198645E-01 6.85409783826612987E-04 -2.27777118312993791E-02
8.41676133E-01 1.24430580608330052E-01 6.86462069216609862E-04 -2.31521572203384415E-02
8.49277107E-01 1.24425314597411282E-01 6.87527058262571043E-04 -2.35281060361141083E-02
8.56881652E-01 1.24420037673736425E-01 6.88604822149876277E-04 -2.39054990438359004E-02
8.64489784E-01 1.24414749722403711E-01 6.89695432257578082E-04 -2.42842762070377347E-02
8.72101516E-01 1.24409450628504378E-01 6.90798960150067047E-04 -2.46643766844228361E-02
8.79716864E-01 1.24404140276955608E-01 6.91915477568429333E-04 -2.50457388285920853E-02
8.87335839E-01 1.24398818552616058E-01 6.93045056421683937E-04 -2.54283001837789166E-02
8.94958454E-01 1.24393485340195536E-01 6.94187768778885684E-04 -2.58119974862480346E-02
9.02584720E-01 1.24388140524345922E-01 6.95343686860512003E-04 -2.61967666648763448E-02
9.10214647E-01 1.24382783989579096E-01 6.96512883030101339E-04 -2.65825428382167016E-02
9.17848245E-01 1.24377415620345683E-01 6.97695429786602378E-04 -2.69692603177247893E-02
9.25485523E-01 1.24372035300980871E-01 6.98891399755940793E-04 -2.73568526077229875E-02
9.33126487E-01 1.24366642915714712E-01 7.00100865683029108E-04 -2.77452524056591501E-02
9.40771146E-01 1.24361238348706063E-01 7.01323900424203413E-04 -2.81343916075431424E-02
9.48419504E-01 1.24355821483979931E-01 7.02560576939292099E-04 -2.85242013048703225E-02
9.56071566E-01 1.24350392205533025E-01 7.03810968283999014E-04 -2.89146117932840667E-02
9.63727338E-01 1.24344950397203682E-01 7.05075147602546174E-04 -2.93055525698940403E-02
9.71386731E-01 1.24339496007330644E-01 7.06353174902741871E-04 -2.96969478067578840E-02
9.79049748E-01 1.24334028919795836E-01 7.07645121127856462E-04 -3.00887253454535930E-02
9.86716393E-01 1.24328549016332141E-01 7.08951059641393369E-04 -3.04808124733822634E-02
9.94386672E-01 1.24323056178591296E-01 7.10271063943539865E-04 -3.08731357191370931E-02
1.00206059E+00 1.24317550288129283E-01 7.11605207603064433E-04 -3.12656208391112744E-02
1.00973814E+00 1.24312031226431641E-01 7.12953564250061607E-04 -3.16581928343035932E-02
1.01741933E+00 1.24306498874903248E-01 7.14316207569216802E-04 -3.20507759494337019E-02
1.02510415E+00 1.24300953114881235E-01 7.15693211293845152E-04 -3.24432936854015253E-02
1.03279262E+00 1.24295393827611372E-01 7.17084649199424573E-04 -3.28356688052776208E-02
1.04048472E+00 1.24289820894287681E-01 7.18490595097366581E-04 -3.32278233408190918E-02
1.04818046E+00 1.24284234196022358E-01 7.19911122829397965E-04 -3.36196786091350897E-02
1.05587983E+00 1.24278633613864056E-01 7.21346306261417473E-04 -3.40111552135569234E-02
1.06358282E+00 1.24273019028786860E-01 7.22796219278321029E-04 -3.44021730620371335E-02
1.07128944E+00 1.24267390321715174E-01 7.24260935778484874E-04 -3.47926513706364390E-02
1.07899967E+00 1.24261747373501888E-01 7.25740529668315718E-04 -3.51825086855146393E-02
1.08671351E+00 1.24256090064931476E-01 7.27235074857743931E-04 -3.55716628862982470E-02
1.09443095E+00 1.24250418276740188E-01 7.28744645255178527E-04 -3.59600312034485045E-02
1.10215199E+00 1.24244731889621818E-01 7.30269314763147049E-04 -3.63475302330147909E-02
1.10987661E+00 1.24239030784189575E-01 7.31809157273612793E-04 -3.67340759498493152E-02
1.11760480E+00 1.24233314841007775E-01 7.33364246664240270E-04 -3.71195837236367870E-02
1.12533656E+00 1.24227583940602432E-01 7.34934656794629989E-04 -3.75039683339577837E-02
1.13307187E+00 1.24221837963437248E-01 7.36520461502360364E-04 -3.78871439904908680E-02
1.14081071E+00 1.24216076789939733E-01 7.38121734599745294E-04 -3.82690243439456068E-02
1.14855308E+00 1.24210300300472656E-01 7.39738549871203784E-04 -3.86495225137866022E-02
1.15629896E+00 1.24204508375386699E-01 7.41370981069447888E-04 -3.90285510978403208E-02
1.16404834E+00 1.24198700894941019E-01 7.43019101914003856E-04 -3.94060221979154260E-02
1.17180119E+00 1.24192877739393054E-01 7.44682986088201853E-04 -3.97818474399824415E-02
1.17955751E+00 1.24187038788931559E-01 7.46362707237675088E-04 -4.01559379895819676E-02
1.18731728E+00 1.24181183923745234E-01 7.48058338967710033E-04 -4.05282045853355005E-02
1.19508047E+00 1.24175313023922887E-01 7.49769954843249346E-04 -4.08985575457289502E-02
1.20284707E+00 1.24169425969569161E-01 7.51497628386439947E-04 -4.12669068102446204E-02
1.21061706E+00 1.24163522640729329E-01 7.53241433076501615E-04 -4.16331619474197973E-02
1.21839042E+00 1.24157602917425419E-01 7.55001442348966203E-04 -4.19972321910961760E-02
1.22616713E+00 1.24151666679630693E-01 7.56777729595513597E-04 -4.23590264605141764E-02
1.23394716E+00 1.24145713807295513E-01 7.58570368164357585E-04 -4.27184533858502441E-02
1.24173049E+00 1.24139744180325001E-01 7.60379431360118136E-04 -4.30754213423646254E-02
1.24951710E+00 1.24133757678610526E-01 7.62204992445128949E-04 -4.34298384687238082E-02
1.25730697E+00 1.24127754181992525E-01 7.64047124640329102E-04 -4.37816126988979717E-02
1.26510006E+00 1.24121733570299722E-01 7.65905901126874393E-04 -4.41306517973308471E-02
1.27289636E+00 1.24115695723301236E-01 7.67781395047668013E-04 -4.44768633783809569E-02
1.28069584E+00 1.24109640520747980E-01 7.69673679509897801E-04 -4.48201549446455086E-02
1.28849847E+00 1.24103567842386187E-01 7.71582827587442735E-04 -4.51604339142551506E-02
1.29630422E+00 1.24097477567881267E-01 7.73508912323623231E-04 -4.54976076540043392E-02
1.30411307E+00 1.24091369576905100E-01 7.75452006734726209E-04 -4.58315835119292234E-02
1.31192498E+00 1.24085243749070664E-01 7.77412183813590654E-04 -4.61622688502495160E-02
1.31973993E+00 1.24079099963973441E-01 7.79389516533307352E-04 -4.64895710760675068E-02
1.32755788E+00 1.24072938101147306E-01 7.81384077852159166E-04 -4.68133976802918433E-02
1.33537881E+00 1.24066758040145275E-01 7.83395940718035360E-04 -4.71336562701655803E-02
1.34320268E+00 1.24060559660412809E-01 7.85425178073526488E-04 -4.74502546029849023E-02
1.35102946E+00 1.24054342841393578E-01 7.87471862861837844E-04 -4.77631006246386353E-02
1.35885912E+00 1.24048107462495186E-01 7.89536068032521752E-04 -4.80721025042147726E-02
1.36669163E+00 1.24041853403067504E-01 7.91617866547676056E-04 -4.83771686717469687E-02
1.37452695E+00 1.24035580542419310E-01 7.93717331388772425E-04 -4.86782078523775238E-02
1.38236504E+00 1.24029288759812353E-01 7.95834535563938396E-04 -4.89751291106398090E-02
1.39020588E+00 1.24022977934442946E-01 7.97969552115171659E-04 -4.92678418812145871E-02
1.39804942E+00 1.24016647945479286E-01 8.00122454126560474E-04 -4.95562560099123070E-02
1.40589563E+00 1.24010298672002237E-01 8.02293314732572399E-04 -4.98402817967234305E-02
1.41374448E+00 1.24003929993056719E-01 8.04482207126180383E-04 -5.01198300274724798E-02
1.42159592E+00 1.23997541787606053E-01 8.06689204568929695E-04 -5.03948120174996309E-02
1.42944993E+00 1.23991133934572312E-01 8.08914380399808970E-04 -5.06651396523770323E-02
1.43730645E+00 1.23984706312746398E-01 8.11157808045360508E-04 -5.09307254245330923E-02
1.44516546E+00 1.23978258800909444E-01 8.13419561030018787E-04 -5.11914824737669041E-02
1.45302691E+00 1.23971791277718818E-01 8.15699712986817831E-04 -5.14473246298434855E-02
1.46089076E+00 1.23965303621741393E-01 8.17998337668354443E-04 -5.16981794820659465E-02
1.46875698E+00 1.23958795711461817E-01 8.20315508958835535E-04 -5.19439230690520518E-02
1.47662552E+00 1.23952267425257126E-01 8.22651300885386791E-04 -5.21845134554299733E-02
1.48449635E+00 1.23945718641405675E-01 8.25005787630576177E-04 -5.24198497063314006E-02
1.49236942E+00 1.23939149238058502E-01 8.27379043545060184E-04 -5.26498517579504985E-02
1.50024470E+00 1.23932559093258315E-01 8.29771143160745826E-04 -5.28744385779668230E-02
1.50812213E+00 1.23925948084903995E-01 8.32182161204224552E-04 -5.30935299472575437E-02
1.51600168E+00 1.23919316090770448E-01 8.34612172610632586E-04 -5.33070466545762303E-02
1.52388331E+00 1.23912662988474143E-01 8.37061252537710417E-04 -5.35149105392184118E-02
1.53176698E+00 1.23905988655487340E-01 8.39529476380383591E-04 -5.37170445301660901E-02
1.53965263E+00 1.23899292969108399E-01 8.42016919785884186E-04 -5.39133726849449074E-02
1.54754019E+00 1.23892575844166186E-01 8.44523646488579702E-04 -5.41038191767228074E-02
1.55542959E+00 1.23885837171227406E-01 8.47049726165846530E-04 -5.42883101779579047E-02
1.56332080E+00 1.23879076827719772E-01 8.49595234139458120E-04 -5.44667735093593633E-02
1.57121376E+00 1.23872294690875365E-01 8.52160246714983648E-04 -5.46391382781017745E-02
1.57910843E+00 1.23865490637609432E-01 8.54744840544724373E-04 -5.48053349131776349E-02
1.58700478E+00 1.23858664544559585E-01 8.57349092645205181E-04 -5.49652952088663035E-02
1.59490274E+00 1.23851816288136699E-01 8.59973080415368687E-04 -5.51189523578349341E-02
1.60280229E+00 1.23844945744378210E-01 8.62616881655343644E-04 -5.52662409859824358E-02
1.61070338E+00 1.23838052789053604E-01 8.65280574584884727E-04 -5.54070971897772102E-02
1.61860595E+00 1.23831137297570823E-01 8.67964237862897171E-04 -5.55414585703961905E-02
1.62650998E+00 1.23824199145011679E-01 8.70667950606518188E-04 -5.56692642631739718E-02
1.63441541E+00 1.23817238206084174E-01 8.73391792411072252E-04 -5.57904549754465115E-02
1.64232219E+00 1.23810254355102678E-01 8.76135843370177188E-04 -5.59049730150165056E-02
1.65023029E+00 1.23803247466002714E-01 8.78900184095781647E-04 -5.60127623217350420E-02
1.65813966E+00 1.23796217412285997E-01 8.81684895739125759E-04 -5.61137684972314171E-02
1.66605025E+00 1.23789164067060309E-01 8.84490060011484209E-04 -5.62079388330611121E-02
1.67396202E+00 1.23782087302909599E-01 8.87315759205101521E-04 -5.62952223384767872E-02
1.68187493E+00 1.23774986992007674E-01 8.90162076215059335E-04 -5.63755697644994502E-02
1.68978893E+00 1.23767863006011655E-01 8.93029094560677259E-04 -5.64489336299335634E-02
1.69770398E+00 1.23760715216070197E-01 8.95916898407485849E-04 -5.65152682423260971E-02
1.70562004E+00 1.23753543492780602E-01 8.98825572589361356E-04 -5.65745297190661661E-02
1.71353706E+00 1.23746347706187379E-01 9.01755202631117467E-04 -5.66266760073776618E-02
1.72145499E+00 1.23739127725751893E-01 9.04705874771039248E-04 -5.66716669013109242E-02
1.72937380E+00 1.23731883420367686E-01 9.07677675983626460E-04 -5.67094640524122839E-02
1.73729345E+00 1.23724614658261706E-01 9.10670694003051350E-04 -5.67400309672982939E-02
1.74521388E+00 1.23717321307013101E-01 9.13685017346040637E-04 -5.67633329386654020E-02
1.75313506E+00 1.23710003233531429E-01 9.16720735335759722E-04 -5.67793366783587300E-02
1.76105695E+00 1.23702660304027059E-01 9.19777938125377064E-04 -5.67880075834795300E-02
1.76897950E+00 1.23695292383974614E-01 9.22856716722242538E-04 -5.67892104375733314E-02
1.77690267E+00 1.23687899338089491E-01 9.25957163010811051E-04 -5.67834909331173462E-02
1.78482642E+00 1.23680481030305739E-01 9.29079369779267509E-04 -5.67697517060691131E-02
1.79275072E+00 1.23673037323781043E-01 9.32223430742088952E-04 -5.67489128706528956E-02
1.80067551E+00 1.23665568080762941E-01 9.35389440565423998E-04 -5.67205656175437806E-02
1.80860077E+00 1.23658073162662044E-01 9.38577494891713339E-04 -5.66847486106612924E-02
1.81652645E+00 1.23650552430006722E-01 9.41787690365145937E-04 -5.66414458924925368E-02
1.82445251E+00 1.23643005742381712E-01 9.45020124656579304E-04 -5.65906432098294554E-02
1.83237892E+00 1.23635432958399974E-01 9.48274896489066611E-04 -5.65323281466699606E-02
1.84030563E+00 1.23627833935672490E-01 9.51552105663469442E-04 -5.64664903204958532E-02
1.84823261E+00 1.23620208530823311E-01 9.54851853084123683E-04 -5.63931213888412275E-02
1.85615983E+00 1.23612556599354495E-01 9.58174240784735363E-04 -5.63122150497218157E-02
1.86408724E+00 1.23604877995744905E-01 9.61519371954645992E-04 -5.62237670421199334E-02
1.87201482E+00 1.23597172573263012E-01 9.64887350964974849E-04 -5.61277751445043993E-02
1.87994252E+00 1.23589440184101992E-01 9.68278283395308456E-04 -5.60242391694547384E-02
1.88787031E+00 1.23581680679174868E-01 9.71692276060032493E-04 -5.59131609609724994E-02
1.89579816E+00 1.23573893908214660E-01 9.75129437035577576E-04 -5.57945443856848813E-02
1.90372603E+00 1.23566079719655053E-01 9.78589875686757676E-04 -5.56683953260440345E-02
1.91165390E+00 1.23558237960622361E-01 9.82073702694896819E-04 -5.55347216709597621E-02
1.91958173E+00 1.23550368476890673E-01 9.85581030084462396E-04 -5.53935333047491790E-02
1.92750949E+00 1.23542471112875404E-01 9.89111971251100362E-04 -5.52448420958470757E-02
1.93543716E+00 1.23534545711516064E-01 9.92666640989314265E-04 -5.50886618835975950E-02
1.94336469E+00 1.23526592114328093E-01 9.96245155520316446E-04 -5.49250084632519203E-02
1.95129206E+00 1.23518610161295422E-01 9.99847632520778698E-04 -5.47538995721900679E-02
1.95921925E+00 1.23510599690879810E-01 1.00347419115062058E-03 -5.45753548710705624E-02
1.96714623E+00 1.23502560539922882E-01 1.00712495208227421E-03 -5.43893959278890365E-02
1.97507297E+00 1.23494492543630444E-01 1.01080003752928335E-03 -5.41960461986191674E-02
1.98299945E+00 1.23486395535589322E-01 1.01449957127555061E-03 -5.39953310059877942E-02
1.99092564E+00 1.23478269347607986E-01 1.01822367870493076E-03 -5.37872775195877631E-02
1.99885152E+00 1.23470113809754575E-01 1.02197248683068569E-03 -5.35719147353412029E-02
2.00677706E+00 1.23461928750309924E-01 1.02574612432569700E-03 -5.33492734476541247E-02
2.01470225E+00 1.23453713995666708E-01 1.02954472155248038E-03 -5.31193862318502866E-02
2.02262707E+00 1.23445469370363076E-01 1.03336841059397831E-03 -5.28822874125935011E-02
2.03055149E+00 1.23437194696968733E-01 1.03721732528446993E-03 -5.26380130442136163E-02
2.03847550E+00 1.23428889796067059E-01 1.04109160124079506E-03 -5.23866222521929548E-02
2.04639908E+00 1.23420554486213377E-01 1.04499137589313790E-03 -5.21280871713454205E-02
2.05432221E+00 1.23412188583874510E-01 1.04891678851754032E-03 -5.18625239228444612E-02
2.06224488E+00 1.23403791903399881E-01 1.05286798026898109E-03 -5.15899416687019760E-02
2.07016707E+00 1.23395364256947415E-01 1.05684509421239445E-03 -5.13103887934290154E-02
2.07808877E+00 1.23386905454445195E-01 1.06084827535681057E-03 -5.10239113632345517E-02
2.08600997E+00 1.23378415303549108E-01 1.06487767068805554E-03 -5.07305567513375646E-02
2.09393066E+00 1.23369893609592329E-01 1.06893342920298456E-03 -5.04303738003410093E-02
2.10185082E+00 1.23361340175518919E-01 1.07301570194391778E-03 -5.01234128133664983E-02
2.10977045E+00 1.23352754801872744E-01 1.07712464203282236E-03 -4.98097255196617086E-02
2.11768954E+00 1.23344137286674274E-01 1.08126040470666912E-03 -4.94893650411919878E-02
2.12560809E+00 1.23335487425446103E-01 1.08542314735351748E-03 -4.91623858631629260E-02
2.13352609E+00 1.23326805011116397E-01 1.08961302954799807E-03 -4.88288437956902466E-02
2.14144353E+00 1.23318089833980141E-01 1.09383021308849873E-03 -4.84887959405248745E-02
2.14936041E+00 1.23309341681645396E-01 1.09807486203411476E-03 -4.81423006592182484E-02
2.15727674E+00 1.23300560338966733E-01 1.10234714274220851E-03 -4.77894175337972918E-02
2.16519250E+00 1.23291745588010163E-01 1.10664722390735109E-03 -4.74302073369700442E-02
2.17310771E+00 1.23282897207986353E-01 1.11097527659946007E-03 -4.70647319889744425E-02
2.18102236E+00 1.23274014975224139E-01 1.11533147430384750E-03 -4.66930545331037325E-02
2.18893646E+00 1.23265098663066661E-01 1.11971599296115196E-03 -4.63152390881925169E-02
2.19685001E+00 1.23256148041830493E-01 1.12412901100768172E-03 -4.59313508223625835E-02
2.20476302E+00 1.23247162878802566E-01 1.12857070941776668E-03 -4.55414559126566948E-02
2.21267550E+00 1.23238142938100315E-01 1.13304127174481003E-03 -4.51456215108160877E-02
2.22058738E+00 1.23229088062379921E-01 1.13754084937601248E-03 -4.47439193329979140E-02
2.22849861E+00 1.23219998079068402E-01 1.14206959519350961E-03 -4.43364216197611669E-02
2.23640921E+00 1.23210872749060257E-01 1.14662769232724295E-03 -4.39231987509786301E-02
2.24431917E+00 1.23201711830061802E-01 1.15121533115169193E-03 -4.35043219352111848E-02
2.25222852E+00 1.23192515076448850E-01 1.15583270475542793E-03 -4.30798631718904701E-02
2.26013726E+00 1.23183282239234013E-01 1.16048000898830725E-03 -4.26498952266952322E-02
2.26804540E+00 1.23174013066042254E-01 1.16515744250771558E-03 -4.22144915962769859E-02
2.27595297E+00 1.23164707300969969E-01 1.16986520682692838E-03 -4.17737264739162575E-02
2.28385996E+00 1.23155364684595023E-01 1.17460350636309769E-03 -4.13276747129906058E-02
2.29176641E+00 1.23145984953884097E-01 1.17937254848785012E-03 -4.08764117951882569E-02
2.29967233E+00 1.23136567842147923E-01 1.18417254357721735E-03 -4.04200137942754417E-02
2.30757774E+00 1.23127113078973935E-01 1.18900370506299356E-03 -3.99585573455873491E-02
2.31548266E+00 1.23117620390139682E-01 1.19386624948646949E-03 -3.94921196079354164E-02
2.32338711E+00 1.23108089497603101E-01 1.19876039654999629E-03 -3.90207782341792930E-02
2.33129112E+00 1.23098520119414592E-01 1.20368636917330112E-03 -3.85446113381083602E-02
2.33919472E+00 1.23088911969607862E-01 1.20864439354828710E-03 -3.80636974643446119E-02
2.34709793E+00 1.23079264758255230E-01 1.21363469919558262E-03 -3.75781155531442687E-02
2.35500077E+00 1.23069578191285403E-01 1.21865751902252911E-03 -3.70879449128289837E-02
2.36290328E+00 1.23059851970475934E-01 1.22371308938230773E-03 -3.65932651887741142E-02
2.37080549E+00 1.23050085793359548E-01 1.22880165013342741E-03 -3.60941563307054999E-02
2.37870744E+00 1.23040279353260798E-01 1.23392344470171821E-03 -3.55906985701170894E-02
2.38660915E+00 1.23030432339060192E-01 1.23907872014209245E-03 -3.50829723825077933E-02
2.39451056E+00 1.23020544558719441E-01 1.24426767203458951E-03 -3.45710648801545242E-02
2.40241160E+00 1.23010615844216589E-01 1.24949047662946920E-03 -3.40550649358839982E-02
2.41031229E+00 1.23000645879518145E-01 1.25474737537922734E-03 -3.35350542023854573E-02
2.41821267E+00 1.22990634344117042E-01 1.26003862488533076E-03 -3.30111144812225213E-02
2.42611278E+00 1.22980580912948750E-01 1.26536448562102988E-03 -3.24833276707256202E-02
2.43401265E+00 1.22970485256312684E-01 1.27072522200077920E-03 -3.19517757421112145E-02
2.44191233E+00 1.22960347039797163E-01 1.27612110245278027E-03 -3.14165407283786488E-02
2.44981186E+00 1.22950165924215912E-01 1.28155239949187517E-03 -3.08777046973897386E-02
2.45771128E+00 1.22939941565539793E-01 1.28701938979480855E-03 -3.03353497177117834E-02
2.46561064E+00 1.22929673614835769E-01 1.29252235427627688E-03 -2.97895578552676218E-02
2.47350998E+00 1.22919361718169529E-01 1.29806157816744587E-03 -2.92404111340756265E-02
2.48140934E+00 1.22909005516593450E-01 1.30363735109585428E-03 -2.86879915235069421E-02
2.48930878E+00 1.22898604646025783E-01 1.30924996716678282E-03 -2.81323809166565166E-02
2.49720835E+00 1.22888158737204239E-01 1.31489972504621384E-03 -2.75736611079104334E-02
2.50510810E+00 1.22877667415631678E-01 1.32058692804650673E-03 -2.70119137784730658E-02
2.51300808E+00 1.22867130301463956E-01 1.32631188421352677E-03 -2.64472204729350492E-02
2.52090818E+00 1.22856547227015278E-01 1.33207480607522169E-03 -2.58796743036286900E-02
2.52880835E+00 1.22845917960916581E-01 1.33787591864280081E-03 -2.53093650441177306E-02
2.53670863E+00 1.22835242116580659E-01 1.34371552533521033E-03 -2.47363742536245539E-02
2.54460908E+00 1.22824519302006718E-01 1.34959394724536576E-03 -2.41607832911367518E-02
2.55250976E+00 1.22813749119567439E-01 1.35551151057589059E-03 -2.35826732727341462E-02
2.56041072E+00 1.22802931166017315E-01 1.36146854673835620E-03 -2.30021250752274406E-02
2.56831202E+00 1.22792065032363021E-01 1.36746539245352042E-03 -2.24192193021465203E-02
2.57621373E+00 1.22781150303821029E-01 1.37350238985597343E-03 -2.18340362880825624E-02
2.58411590E+00 1.22770186559690270E-01 1.37957988660048175E-03 -2.12466560754375512E-02
2.59201860E+00 1.22759173373369335E-01 1.38569823596979740E-03 -2.06571584122979303E-02
2.59992189E+00 1.22748110312192710E-01 1.39185779698614313E-03 -2.00656227287832646E-02
2.60782583E+00 1.22736996937400186E-01 1.39805893452574692E-03 -1.94721281421761129E-02
2.61573050E+00 1.22725832804061186E-01 1.40430201943333804E-03 -1.88767534278735764E-02
2.62363587E+00 1.22714617584618740E-01 1.41058737025677883E-03 -1.82795836456757128E-02
2.63154178E+00 1.22703351159952137E-01 1.41691519856153129E-03 -1.76807148939409492E-02
2.63944829E+00 1.22692033076480564E-01 1.42328585690366114E-03 -1.70802252197230289E-02
2.64735548E+00 1.22680662874304333E-01 1.42969973355345625E-03 -1.64781923956952292E-02
2.65526341E+00 1.22669240087047840E-01 1.43615722328851200E-03 -1.58746937790006856E-02
2.66317215E+00 1.22657764241802761E-01 1.44265872752750101E-03 -1.52698063269289079E-02
2.67108178E+00 1.22646234858988470E-01 1.44920465446654687E-03 -1.46636065872369162E-02
2.67899237E+00 1.22634651452306662E-01 1.45579541921931981E-03 -1.40561706998070871E-02
2.68690399E+00 1.22623013528655067E-01 1.46243144395985926E-03 -1.34475743768092421E-02
2.69481672E+00 1.22611320588040640E-01 1.46911315807014505E-03 -1.28378929194894933E-02
2.70273064E+00 1.22599572123479716E-01 1.47584099829018486E-03 -1.22272011965760454E-02
2.71064583E+00 1.22587767620955024E-01 1.48261540887268859E-03 -1.16155736504581133E-02
2.71856222E+00 1.22575906763362594E-01 1.48943674335821614E-03 -1.10030948851962407E-02
2.72647968E+00 1.22563989362062614E-01 1.49630527747831752E-03 -1.03898558796292669E-02
2.73439828E+00 1.22552014892191877E-01 1.50322143962050743E-03 -9.77592991132169437E-03
2.74231811E+00 1.22539982821689722E-01 1.51018569725558556E-03 -9.16138991463322401E-03
2.75023924E+00 1.22527892611034639E-01 1.51719852610698760E-03 -8.54630835034775327E-03
2.75816176E+00 1.22515743713223019E-01 1.52426041032597062E-03 -7.93075721162837116E-03
2.76608575E+00 1.22503535573671024E-01 1.53137184267230966E-03 -7.31480803005284206E-03
2.77401130E+00 1.22491267630083167E-01 1.53853332469943392E-03 -6.69853186967332183E-03
2.78193849E+00 1.22478939312336638E-01 1.54574536694380787E-03 -6.08199933580925133E-03
2.78986740E+00 1.22466550042484440E-01 1.55300848911958797E-03 -5.46528056524196119E-03
2.79779813E+00 1.22454099234566405E-01 1.56032322031665117E-03 -4.84844524019882681E-03
2.80573060E+00 1.22441586536719577E-01 1.56768998029590016E-03 -4.23157458622597498E-03
2.81366468E+00 1.22429011723756545E-01 1.57510910726366160E-03 -3.61475569954527705E-03
2.82160045E+00 1.22416374196426689E-01 1.58258111441010488E-03 -2.99805683462064237E-03
2.82953800E+00 1.22403673347219411E-01 1.59010656126906658E-03 -2.38154589700331331E-03
2.83747742E+00 1.22390908560254544E-01 1.59768601771833837E-03 -1.76529031560076393E-03
2.84541880E+00 1.22378079211118221E-01 1.60532006420407059E-03 -1.14935704274796049E-03
2.85336223E+00 1.22365184666778384E-01 1.61300929197068037E-03 -5.33812568704873495E-04
2.86130781E+00 1.22352224285463357E-01 1.62075430329590431E-03 8.12770894501513210E-05
2.86925562E+00 1.22339197416532264E-01 1.62855571173124041E-03 6.95846367100478778E-04
2.87720577E+00 1.22326103400407490E-01 1.63641414234867765E-03 1.30983015978902847E-03
2.88515834E+00 1.22312941587140928E-01 1.64433022266139654E-03 1.92316293615844001E-03
2.89311302E+00 1.22299711966245159E-01 1.65230426588715219E-03 2.53574943064513664E-03
2.90106990E+00 1.22286413861973864E-01 1.66033685555972690E-03 3.14752620615852373E-03
2.90902909E+00 1.22273046589317563E-01 1.66842865561393121E-03 3.75843005177731084E-03
2.91699068E+00 1.22259609453818904E-01 1.67658034270171119E-03 4.36839821160088342E-03
2.92495477E+00 1.22246101751419339E-01 1.68479260646304954E-03 4.97736838259844969E-03
2.93292146E+00 1.22232522768290108E-01 1.69306614980446312E-03 5.58527870239028130E-03
2.94089084E+00 1.22218871780784000E-01 1.70140168918312198E-03 6.19206775583548176E-03
2.94886301E+00 1.22205148055236454E-01 1.70979995489548855E-03 6.79767455487618587E-03
2.95683808E+00 1.22191350847821095E-01 1.71826169137251458E-03 7.40203854105322620E-03
2.96481611E+00 1.22177479474936318E-01 1.72678762173228417E-03 8.00509649564889840E-03
2.97279680E+00 1.22163533856284409E-01 1.73537816392691836E-03 8.60675910184838071E-03
2.98078026E+00 1.22149513228436188E-01 1.74403402327302087E-03 9.20696754914559524E-03
2.98876658E+00 1.22135416817468964E-01 1.75275599329799935E-03 9.80566321625751455E-03
2.99675588E+00 1.22121243838669458E-01 1.76154488307798908E-03 1.04027878959992316E-02
3.00474826E+00 1.22106993496416280E-01 1.77040151755516214E-03 1.09982837920000152E-02
3.01274381E+00 1.22092664984025989E-01 1.77932673786113972E-03 1.15920935127594368E-02
3.02074265E+00 1.22078257483570179E-01 1.78832140164533293E-03 1.21841600663179020E-02
3.02874487E+00 1.22063770165731944E-01 1.79738638340726491E-03 1.27744268497225356E-02
3.03675059E+00 1.22049202189608380E-01 1.80652257483433689E-03 1.33628376482649060E-02
3.04475969E+00 1.22034553088567255E-01 1.81573068596005719E-03 1.39493210813664906E-02
3.05277205E+00 1.22019822436638337E-01 1.82501137173571000E-03 1.45338047269212740E-02
3.06078777E+00 1.22005009369143727E-01 1.83436551775247123E-03 1.51162340649982300E-02
3.06880696E+00 1.21990113009265225E-01 1.84379407656790344E-03 1.56965548014751551E-02
3.07682973E+00 1.21975132467901634E-01 1.85329801950051836E-03 1.62747130098529376E-02
3.08485618E+00 1.21960066843403575E-01 1.86287833698113017E-03 1.68506551208588568E-02
3.09288642E+00 1.21944915221398220E-01 1.87253603890531251E-03 1.74243279251992192E-02
3.10092056E+00 1.21929676674652251E-01 1.88227215499153972E-03 1.79956785629333399E-02
3.10895871E+00 1.21914350262800161E-01 1.89208773513798042E-03 1.85646545144729155E-02
3.11700094E+00 1.21898935098630909E-01 1.90198381494800263E-03 1.91312011389969151E-02
3.12504694E+00 1.21883431032060688E-01 1.91196104833945809E-03 1.96952367831907948E-02
3.13309681E+00 1.21867837094282880E-01 1.92202044024828529E-03 2.02567107455062199E-02
3.14115067E+00 1.21852152302735120E-01 1.93216311273380383E-03 2.08155724046510601E-02
3.14920862E+00 1.21836375660853077E-01 1.94239020963725526E-03 2.13717714459993081E-02
3.15727078E+00 1.21820506157845301E-01 1.95270289693169033E-03 2.19252578683268584E-02
3.16533726E+00 1.21804542768449237E-01 1.96310236307156846E-03 2.24759819846348935E-02
3.17340816E+00 1.21788484452735588E-01 1.97358981934183568E-03 2.30238944102033535E-02
3.18148360E+00 1.21772330155831041E-01 1.98416650020163086E-03 2.35689460576280867E-02
3.18956369E+00 1.21756078807748150E-01 1.99483366362567622E-03 2.41110881283532301E-02
3.19764814E+00 1.21739730115510689E-01 2.00559216798023394E-03 2.46502458248407628E-02
3.20573700E+00 1.21723283141232472E-01 2.01644312932790356E-03 2.51863667230980727E-02
3.21383037E+00 1.21706736780478761E-01 2.02738784615062945E-03 2.57194036333488127E-02
3.22192837E+00 1.21690089912865673E-01 2.03842766034783261E-03 2.62493095635361294E-02
3.23003111E+00 1.21673341401792048E-01 2.04956393868266622E-03 2.67760377943715121E-02
3.23813870E+00 1.21656490094129488E-01 2.06079807306504270E-03 2.72995418668042986E-02
3.24625126E+00 1.21639534820039877E-01 2.07213148082424376E-03 2.78197755791141574E-02
3.25436889E+00 1.21622474392621568E-01 2.08356560496743585E-03 2.83366929826530077E-02
3.26249171E+00 1.21605307607748209E-01 2.09510191442273657E-03 2.88502483682040664E-02
3.27061949E+00 1.21588033961721839E-01 2.10674151349138144E-03 2.93603749319435135E-02
3.27875221E+00 1.21570649131633804E-01 2.11848530357994875E-03 2.98670992248595661E-02
3.28688999E+00 1.21553154119379447E-01 2.13033486437965531E-03 3.03702310839141544E-02
3.29503293E+00 1.21535548511052860E-01 2.14229195149452612E-03 3.08698085492564757E-02
3.30318114E+00 1.21517831307087668E-01 2.15435821726461330E-03 3.13657725796668771E-02
3.31133475E+00 1.21500001300789431E-01 2.16653529782995105E-03 3.18580809763735553E-02
3.31949385E+00 1.21482057203642843E-01 2.17882484217070361E-03 3.23466902659390737E-02
3.32765858E+00 1.21463997686692166E-01 2.19122852151348900E-03 3.28315573400261435E-02
3.33582903E+00 1.21445821394241649E-01 2.20374803236723926E-03 3.33126393209615609E-02
3.34400501E+00 1.21427527660956006E-01 2.21638470206910344E-03 3.37898748063416715E-02
3.35218646E+00 1.21409115455075170E-01 2.22913997387839350E-03 3.42632128196973182E-02
3.36037351E+00 1.21390583369757582E-01 2.24201555886338914E-03 3.47326120632582835E-02
3.36856626E+00 1.21371929977288545E-01 2.25501324257655665E-03 3.51980312997784289E-02
3.37676484E+00 1.21353153828760357E-01 2.26813483616772164E-03 3.56594294464162090E-02
3.38496935E+00 1.21334253453910940E-01 2.28138217606524678E-03 3.61167655870883245E-02
3.39317991E+00 1.21315227360760572E-01 2.29475712359074368E-03 3.65699989668578085E-02
3.40139662E+00 1.21296074035374721E-01 2.30826156450257731E-03 3.70190889840880527E-02
3.40961961E+00 1.21276791941509879E-01 2.32189740847268174E-03 3.74639951815713412E-02
3.41784867E+00 1.21257380274312612E-01 2.33566616136139269E-03 3.79046599888054336E-02
3.42608375E+00 1.21237837842882903E-01 2.34956944395148335E-03 3.83410355064313021E-02
3.43432496E+00 1.21218163056468847E-01 2.36360916193992417E-03 3.87730827959303151E-02
3.44257243E+00 1.21198354301096115E-01 2.37778729598101327E-03 3.92007629072527036E-02
3.45082625E+00 1.21178409939273979E-01 2.39210584640519404E-03 3.96240369957986810E-02
3.45908656E+00 1.21158328309813046E-01 2.40656683217313266E-03 4.00428663271807511E-02
3.46735345E+00 1.21138107727498834E-01 2.42117228972781430E-03 4.04572122767915127E-02
3.47562704E+00 1.21117746482851618E-01 2.43592427174502656E-03 4.08670363237320922E-02
3.48390745E+00 1.21097242841891620E-01 2.45082484577520670E-03 4.12723000343467455E-02
3.49219446E+00 1.21076595869263809E-01 2.46587561600758193E-03 4.16729489278616014E-02
3.50048802E+00 1.21055804169989123E-01 2.48107832006346212E-03 4.20689384230409635E-02
3.50878826E+00 1.21034865950198467E-01 2.49643498505941475E-03 4.24602315116167084E-02
3.51709529E+00 1.21013779390911777E-01 2.51194770266344961E-03 4.28467911221061953E-02
3.52540921E+00 1.20992542647869822E-01 2.52761857052930103E-03 4.32285802248315587E-02
3.53373015E+00 1.20971153851363145E-01 2.54344969023227990E-03 4.36055618573130480E-02
3.54205822E+00 1.20949611106053762E-01 2.55944316508643736E-03 4.39776991058911312E-02
3.55039352E+00 1.20927912490915640E-01 2.57560109783338013E-03 4.43449551084786134E-02
3.55873617E+00 1.20906056059077144E-01 2.59192558820899380E-03 4.47072930476863639E-02
3.56708594E+00 1.20884040742608223E-01 2.60841819478183122E-03 4.50646612588738518E-02
3.57544280E+00 1.20861864921037121E-01 2.62508062982776992E-03 4.54170181317241836E-02
3.58380687E+00 1.20839526585655541E-01 2.64191488985591116E-03 4.57643281658482656E-02
3.59217825E+00 1.20817023701953671E-01 2.65892301470029143E-03 4.61065557347554444E-02
3.60055706E+00 1.20794354209644808E-01 2.67610702687252986E-03 4.64436652110161372E-02
3.60894342E+00 1.20771516022753517E-01 2.69346892841451245E-03 4.67756209786187455E-02
3.61733743E+00 1.20748507029566104E-01 2.71101069764864743E-03 4.71023874306418303E-02
3.62573920E+00 1.20725325092865890E-01 2.72873428581973422E-03 4.74239289577715328E-02
3.63414884E+00 1.20701968049855654E-01 2.74664161364065454E-03 4.77402099540787661E-02
3.64256612E+00 1.20678434696485204E-01 2.76473397314273579E-03 4.80511815825021560E-02
3.65099101E+00 1.20654723194968866E-01 2.78301281679153379E-03 4.83568045811650360E-02
3.65942363E+00 1.20630831324701010E-01 2.80147987058231409E-03 4.86570445649777417E-02
3.66786409E+00 1.20606756840740140E-01 2.82013687473198649E-03 4.89518669787440755E-02
3.67631249E+00 1.20582497474070308E-01 2.83898552026697884E-03 4.92412372310066515E-02
3.68476896E+00 1.20558050931903346E-01 2.85802744515275186E-03 4.95251207021245587E-02
3.69323360E+00 1.20533414898116559E-01 2.87726423038952217E-03 4.98034827439278738E-02
3.70170651E+00 1.20508587033544848E-01 2.89669739608025946E-03 5.00762886798640713E-02
3.71018782E+00 1.20483564976446494E-01 2.91632839748517817E-03 5.03435038013305622E-02
3.71867726E+00 1.20458347390117293E-01 2.93615797702629277E-03 5.06050822661985866E-02
3.72717484E+00 1.20432932263575307E-01 2.95618701927102909E-03 5.08609865333927297E-02
3.73568065E+00 1.20407317189488203E-01 2.97641667396614153E-03 5.11111830668776260E-02
3.74419481E+00 1.20381499740341860E-01 2.99684807548242400E-03 5.13556381404214335E-02
3.75271205E+00 1.20355493943159961E-01 3.01747207728379936E-03 5.15941631485510310E-02
3.76122352E+00 1.20329325331108072E-01 3.03826932501272129E-03 5.18264892193417079E-02
3.76972960E+00 1.20302991502543366E-01 3.05923552372225479E-03 5.20526302572754118E-02
3.77823065E+00 1.20276490051647658E-01 3.08037120557140076E-03 5.22725908081040566E-02
3.78672706E+00 1.20249818569421379E-01 3.10167681346199247E-03 5.24863732708671579E-02
3.79521649E+00 1.20222983159909924E-01 3.12314739521956167E-03 5.26939114877385817E-02
3.80369891E+00 1.20195982807010562E-01 3.14478079012177336E-03 5.28952054481415454E-02
3.81217473E+00 1.20168815138994939E-01 3.16657685532961653E-03 5.30902639440333571E-02
3.82064432E+00 1.20141477788408724E-01 3.18853559579535548E-03 5.32790941360074544E-02
3.82910808E+00 1.20113968391843254E-01 3.21065692052278440E-03 5.34617022892292099E-02
3.83756638E+00 1.20086284589710435E-01 3.23294064241716776E-03 5.36380938762940698E-02
3.84601958E+00 1.20058424025896837E-01 3.25538647840775165E-03 5.38082736088279570E-02
3.85446804E+00 1.20030384347498034E-01 3.27799404980845142E-03 5.39722454700903714E-02
3.86291212E+00 1.20002163204426207E-01 3.30076288290222057E-03 5.41300127417225566E-02
3.87135216E+00 1.19973758249077883E-01 3.32369240976074492E-03 5.42815780356748143E-02
3.87978850E+00 1.19945167136091713E-01 3.34678196928899808E-03 5.44269433197869801E-02
3.88821937E+00 1.19916394755640657E-01 3.37002627872210478E-03 5.45660733618865343E-02
3.89664443E+00 1.19887441241489826E-01 3.39342161821687763E-03 5.46989645320046375E-02
3.90506405E+00 1.19858304315601488E-01 3.41696656417811310E-03 5.48256247950701242E-02
3.91347859E+00 1.19828981707922291E-01 3.44066005006200956E-03 5.49460604940014002E-02
3.92188841E+00 1.19799471156187692E-01 3.46450092524267384E-03 5.50602772203800175E-02
3.93029385E+00 1.19769770405569992E-01 3.48848795759754441E-03 5.51682799589048312E-02
3.93869526E+00 1.19739877208218201E-01 3.51261983643953333E-03 5.52700731260069161E-02
3.94709298E+00 1.19709789322757137E-01 3.53689517573300841E-03 5.53656606020571859E-02
3.95548736E+00 1.19679504513726026E-01 3.56131251757308776E-03 5.54550457677201805E-02
3.96387871E+00 1.19649020551066548E-01 3.58587033591473321E-03 5.55382315368429594E-02
3.97226737E+00 1.19618335209454682E-01 3.61056704055927975E-03 5.56152203918055324E-02
3.98065124E+00 1.19587455241022433E-01 3.63539540491799283E-03 5.56859919382625343E-02
3.98903053E+00 1.19556379014018610E-01 3.66035173596669650E-03 5.57505548424877748E-02
3.99740560E+00 1.19525104365372919E-01 3.68543417186904115E-03 5.58089168631263066E-02
4.00577681E+00 1.19493629138864493E-01 3.71064090630026820E-03 5.58610848213078257E-02
4.01414449E+00 1.19461951184536258E-01 3.73597009442008668E-03 5.59070650687161913E-02
4.02250901E+00 1.19430068357844518E-01 3.76141985823934743E-03 5.59468634786782285E-02
4.03087070E+00 1.19397978518804154E-01 3.78698829228229323E-03 5.59804852943152215E-02
4.03922990E+00 1.19365679530960028E-01 3.81267346949392500E-03 5.60079346737536871E-02
4.04758696E+00 1.19333169260333410E-01 3.83847344735740352E-03 5.60292132692516015E-02
4.05594220E+00 1.19300445574386002E-01 3.86438627422371755E-03 5.60443150876352991E-02
4.06429596E+00 1.19267506340797025E-01 3.89040999584253349E-03 5.60465378302556771E-02
4.07264651E+00 1.19234357685955097E-01 3.91653763610328668E-03 5.60639622226993817E-02
4.08099378E+00 1.19200999168559030E-01 3.94276478288975180E-03 5.60573562924630703E-02
4.08933814E+00 1.19167428756087990E-01 3.96908921019346623E-03 5.60371749750754600E-02
4.09767993E+00 1.19133644416741111E-01 3.99550900588607327E-03 5.60360774920767649E-02
4.10601951E+00 1.19099644118312767E-01 4.02202229094660111E-03 5.59985874929422034E-02
4.11435722E+00 1.19065425827306601E-01 4.04862722648534085E-03 5.59803510032939530E-02
4.12269340E+00 1.19030987506940161E-01 4.07532202102024472E-03 5.59448243769160858E-02
4.13102840E+00 1.18996327115889436E-01 4.10210493780511446E-03 5.59050649093993796E-02
4.13936257E+00 1.18961442606380280E-01 4.12897430216091401E-03 5.58591315493919757E-02
4.14769623E+00 1.18926331922451681E-01 4.15592850885700225E-03 5.58072095872923571E-02
4.15602897E+00 1.18890996329181237E-01 4.18296406110495959E-03 5.57492777790296254E-02
4.16435964E+00 1.18855440096470685E-01 4.21007521957697875E-03 5.56853673068564842E-02
4.17268862E+00 1.18819661197290274E-01 4.23725956646804017E-03 5.56155026418203163E-02
4.18101628E+00 1.18783657588831901E-01 4.26451588287202199E-03 5.55397085066832302E-02
4.18933919E+00 1.18747443812985867E-01 4.29183338186337349E-03 5.54580452311662503E-02
4.19762864E+00 1.18711145984444988E-01 4.31913390029336781E-03 5.53708357889574204E-02
4.20588532E+00 1.18674763362538210E-01 4.34639504687866531E-03 5.52782053130907169E-02
4.21411000E+00 1.18638294815940751E-01 4.37361657201233624E-03 5.51802504185649398E-02
4.22230351E+00 1.18601738817264185E-01 4.40079864662490383E-03 5.50770637103103269E-02
4.23046677E+00 1.18565093419813625E-01 4.42794187496191489E-03 5.49687366173450057E-02
4.23860076E+00 1.18528356227807746E-01 4.45504730864098881E-03 5.48553591565670295E-02
4.24670657E+00 1.18491524363917217E-01 4.48211646061336382E-03 5.47370197692731292E-02
4.25478535E+00 1.18454594435772886E-01 4.50915131860824513E-03 5.46138051332619653E-02
4.26283639E+00 1.18417571584438358E-01 4.53614923375022117E-03 5.44858298337537669E-02
4.27085388E+00 1.18380484791097348E-01 4.56309292709937073E-03 5.43532956753202748E-02
4.27883883E+00 1.18343331687126643E-01 4.58997919986744128E-03 5.42163140234054666E-02
4.28679238E+00 1.18306109351304548E-01 4.61681039480398622E-03 5.40749883240721554E-02
4.29471574E+00 1.18268814284663792E-01 4.64358933224330757E-03 5.39294195961129014E-02
4.30261023E+00 1.18231442381000057E-01 4.67031931737829815E-03 5.37797067194858425E-02
4.31047727E+00 1.18193988897372038E-01 4.69700414618108228E-03 5.36259462449287586E-02
4.31831838E+00 1.18156448425561972E-01 4.72364810955428188E-03 5.34682322456744019E-02
4.32613520E+00 1.18118814865511179E-01 4.75025599543302517E-03 5.33066561870171873E-02
4.33392949E+00 1.18081081401367471E-01 4.77683308862365819E-03 5.31413068276478454E-02
4.34170309E+00 1.18043240480426068E-01 4.80338516818766895E-03 5.29722701583064948E-02
4.34945799E+00 1.18005283795433222E-01 4.82991850220750030E-03 5.27996293854934226E-02
4.35718707E+00 1.17967247708766973E-01 4.85641527758663705E-03 5.26236688633760011E-02
4.36488790E+00 1.17929146133941357E-01 4.88286319978165680E-03 5.24445925167782920E-02
4.37256226E+00 1.17890972119675211E-01 4.90926482165078559E-03 5.22625103901273938E-02
4.38021208E+00 1.17852717933276091E-01 4.93562626030094511E-03 5.20775260649019162E-02
4.38783935E+00 1.17814375064891508E-01 4.96195406550990585E-03 5.18897402810724398E-02
4.39544622E+00 1.17775934232523957E-01 4.98825519981261657E-03 5.16992510892105642E-02
4.40303492E+00 1.17737385392088043E-01 5.01453701322719745E-03 5.15061540662658662E-02
4.41060777E+00 1.17698717754205456E-01 5.04080721245995719E-03 5.13105426367446715E-02
4.41816719E+00 1.17659919808178609E-01 5.06707382455981372E-03 5.11125084622027978E-02
4.42571570E+00 1.17620979353386890E-01 5.09334515514666460E-03 5.09121419335287900E-02
4.43325587E+00 1.17581883537761112E-01 5.11962974162618982E-03 5.07095327308594579E-02
4.44077762E+00 1.17542685402038133E-01 5.14590164627088623E-03 5.05051103736644247E-02
4.44827809E+00 1.17503401260199411E-01 5.17214457611150490E-03 5.02991349112923009E-02
4.45575971E+00 1.17464019663786973E-01 5.19836207050726907E-03 5.00917221937541013E-02
4.46322500E+00 1.17424528443563173E-01 5.22456186967158384E-03 4.98829834776751829E-02
4.47067655E+00 1.17384914781262728E-01 5.25075187095290930E-03 4.96730295943696512E-02
4.47811700E+00 1.17345165283236880E-01 5.27694007310599775E-03 4.94619713377983314E-02
4.48554903E+00 1.17305266061610763E-01 5.30313451432762491E-03 4.92499203363576249E-02
4.49297536E+00 1.17265202824213072E-01 5.32934320414025532E-03 4.90369900432718400E-02
4.50039871E+00 1.17224960972628439E-01 5.35557404899515699E-03 4.88232967804683796E-02
4.50781955E+00 1.17184537794977978E-01 5.38182866149867351E-03 4.86090240819228234E-02
4.51523168E+00 1.17143967367837776E-01 5.40808819150130800E-03 4.83945534479671077E-02
4.52262826E+00 1.17103287946319426E-01 5.43432655170423325E-03 4.81802924888608403E-02
4.52999861E+00 1.17062559714789544E-01 5.46050626352796720E-03 4.79667611148937856E-02
4.53734381E+00 1.17021778660999040E-01 5.48661908954474215E-03 4.77541434778369495E-02
4.54466489E+00 1.16980940834261651E-01 5.51266559152261380E-03 4.75426193150672513E-02
4.55196283E+00 1.16940042368345654E-01 5.53864601894765197E-03 4.73323707435537727E-02
4.55923859E+00 1.16899079487723573E-01 5.56456032222270823E-03 4.71235804015171442E-02
4.56649311E+00 1.16858048508718504E-01 5.59040816900973486E-03 4.69164312160281066E-02
4.57372728E+00 1.16816945838913944E-01 5.61618896354004141E-03 4.67111062567898833E-02
4.58094198E+00 1.16775767975894104E-01 5.64190186718741687E-03 4.65077885470451188E-02
4.58813805E+00 1.16734511505438773E-01 5.66754581811637279E-03 4.63066608636459251E-02
4.59531631E+00 1.16693173099253755E-01 5.69311954829665370E-03 4.61079055133875662E-02
4.60247755E+00 1.16651749512076630E-01 5.71862159721520536E-03 4.59117040983011426E-02
4.60962255E+00 1.16610237578249537E-01 5.74405032295036578E-03 4.57182372597679590E-02
4.61675206E+00 1.16568634207678143E-01 5.76940391231940859E-03 4.55276844101541733E-02
4.62386681E+00 1.16526936381294993E-01 5.79468039227494947E-03 4.53402234427856751E-02
4.63096751E+00 1.16485141145992940E-01 5.81987764441467288E-03 4.51560304407411933E-02
4.63805484E+00 1.16443245609217191E-01 5.84499342352999638E-03 4.49752793835399498E-02
4.64512950E+00 1.16401246933123675E-01 5.87002537988032431E-03 4.47981418739153633E-02
4.65219214E+00 1.16359142328545051E-01 5.89497108378396993E-03 4.46247868882822391E-02
4.65924342E+00 1.16316929048626075E-01 5.91982805053229907E-03 4.44553805436973398E-02
4.66628397E+00 1.16274604382487379E-01 5.94459376368722085E-03 4.42900858609990983E-02
4.67331443E+00 1.16232165648474980E-01 5.96926569551701775E-03 4.41290624994423383E-02
4.68033542E+00 1.16189610187567460E-01 5.99384132425012303E-03 4.39724664717261807E-02
4.68734755E+00 1.16146935356509121E-01 6.01831814874813787E-03 4.38204498606476547E-02
4.69435143E+00 1.16104138520834663E-01 6.04269370172029908E-03 4.36731605594067596E-02
4.70134766E+00 1.16061217047794471E-01 6.06696556264048163E-03 4.35307420439232859E-02
4.70833685E+00 1.16018168299127436E-01 6.09113137110727561E-03 4.33933331705384367E-02
4.71531959E+00 1.15974989623571542E-01 6.11518884075294526E-03 4.32610679927362546E-02
4.72229649E+00 1.15931678349257425E-01 6.13913577322035362E-03 4.31340755973118675E-02
4.72926813E+00 1.15888231775852515E-01 6.16297007132649358E-03 4.30124799550720555E-02
4.73623512E+00 1.15844647166467668E-01 6.18668975054967579E-03 4.28963997931608512E-02
4.74319805E+00 1.15800921739395948E-01 6.21029294820162406E-03 4.27859484893480801E-02
4.75015755E+00 1.15757052659568149E-01 6.23377793012471360E-03 4.26812339883079206E-02
4.75711422E+00 1.15713037029804303E-01 6.25714309511053897E-03 4.25823587450855356E-02
4.76406867E+00 1.15668871881919225E-01 6.28038697756166161E-03 4.24894196924416115E-02
4.77102154E+00 1.15624554167447047E-01 6.30350824894712440E-03 4.24025082374610493E-02
4.77797346E+00 1.15580080748381955E-01 6.32650571850195981E-03 4.23217102872924730E-02
4.78492508E+00 1.15535448387490955E-01 6.34937833340376914E-03 4.22471063106884953E-02
4.79187705E+00 1.15490653738642257E-01 6.37212517845042997E-03 4.21787714375916820E-02
4.79883004E+00 1.15445693336812996E-01 6.39474547511769374E-03 4.21167756068844407E-02
4.80578475E+00 1.15400563588009111E-01 6.41723857984346103E-03 4.20611837604056571E-02
4.81274180E+00 1.15355261166290801E-01 6.43960382444050319E-03 4.20120565249257130E-02
4.81970133E+00 1.15309786055359076E-01 6.46183931165288279E-03 4.19694529942676586E-02
4.82665732E+00 1.15264178625263947E-01 6.48392762615577611E-03 4.19334573022162940E-02
4.83361020E+00 1.15218437342288982E-01 6.50586362671047060E-03 4.19040960820965674E-02
4.84056040E+00 1.15172560587325626E-01 6.52764671487612511E-03 4.18813746742340842E-02
4.84750836E+00 1.15126546655301976E-01 6.54927640407773626E-03 4.18652726348286083E-02
4.85445453E+00 1.15080393749229362E-01 6.57075231516909136E-03 4.18625024729831346E-02
4.86139938E+00 1.15034099972817688E-01 6.59207417172942046E-03 4.18440231773875154E-02
4.86834338E+00 1.14987663322636727E-01 6.61324179495178209E-03 4.18461753666695482E-02
4.87528701E+00 1.14941081679810472E-01 6.63425509816617954E-03 4.18717389592846642E-02
4.88223079E+00 1.14894352801974450E-01 6.65511408094203276E-03 4.18750223985037348E-02
4.88917522E+00 1.14847474315389081E-01 6.67581882279466403E-03 4.19146630218402844E-02
4.89612084E+00 1.14800443706720198E-01 6.69636947678853896E-03 4.19332450045342350E-02
4.90306820E+00 1.14753258315474518E-01 6.71676626335740608E-03 4.19745934152547726E-02
4.91001786E+00 1.14705915326080363E-01 6.73700946474113400E-03 4.20158586387432142E-02
4.91697041E+00 1.14658411760515208E-01 6.75709942039498610E-03 4.20661830138763793E-02
4.92392646E+00 1.14610744470888315E-01 6.77703652362423876E-03 4.21220613154341950E-02
4.93088662E+00 1.14562910132388618E-01 6.79682121953384920E-03 4.21846140366861286E-02
4.93785154E+00 1.14514905236470663E-01 6.81645400423980859E-03 4.22534631557795401E-02
4.94482190E+00 1.14466726084239967E-01 6.83593542514239916E-03 4.23286629341253634E-02
4.95179837E+00 1.14418368780330681E-01 6.85526608191811427E-03 4.24101463723173047E-02
4.95878168E+00 1.14369829227011263E-01 6.87444662780320546E-03 4.24978736469386054E-02
4.96577255E+00 1.14321103118797368E-01 6.89347777067794536E-03 4.25917977019165325E-02
4.97277175E+00 1.14272185937489626E-01 6.91236027354033816E-03 4.26918730098056545E-02
4.97978006E+00 1.14223072947782930E-01 6.93109495405831375E-03 4.27980540216466518E-02
4.98679828E+00 1.14173759193426955E-01 6.94968268311493831E-03 4.29102956186571266E-02
4.99382726E+00 1.14124239494133875E-01 6.96812438239219518E-03 4.30285531716836506E-02
5.00086784E+00 1.14074508443145040E-01 6.98642102115417003E-03 4.31527827265572594E-02
5.00792091E+00 1.14024560405786429E-01 7.00457361241552025E-03 4.32829411983706239E-02
5.01498738E+00 1.13974389518787439E-01 7.02258320865100077E-03 4.34189865752497225E-02
5.02206818E+00 1.13923989690842081E-01 7.04045089721816193E-03 4.35608781153207295E-02
5.02916426E+00 1.13873354604148033E-01 7.05817779566419654E-03 4.37085765331119147E-02
5.03627661E+00 1.13822477717329923E-01 7.07576504714283166E-03 4.38620441674316824E-02
5.04340622E+00 1.13771352269683518E-01 7.09321381613975920E-03 4.40212451344379335E-02
5.05055412E+00 1.13719971286935173E-01 7.11052528460459892E-03 4.41861454602244935E-02
5.05772136E+00 1.13668327588641968E-01 7.12770064855332026E-03 4.43567131934430453E-02
5.06490900E+00 1.13616413797312632E-01 7.14474111514402932E-03 4.45329184972628259E-02
5.07211811E+00 1.13564222349388788E-01 7.16164790030773130E-03 4.47147337250713220E-02
5.07934981E+00 1.13511745508269840E-01 7.17842222694749926E-03 4.49021334722489729E-02
5.08660519E+00 1.13458975379386581E-01 7.19506532351982687E-03 4.50950946118018475E-02
5.09388538E+00 1.13405903927463858E-01 7.21157842264335928E-03 4.52935963097858829E-02
5.10119151E+00 1.13352522996135227E-01 7.22796275929804295E-03 4.54976200240523806E-02
5.10851774E+00 1.13298875520410985E-01 7.24420728442659069E-03 4.57069559387672242E-02
5.11585710E+00 1.13245012998487604E-01 7.26029645112552958E-03 4.59213387592838709E-02
5.12321045E+00 1.13190929804761239E-01 7.27622846118285496E-03 4.61407114313667210E-02
5.13057867E+00 1.13136620198953985E-01 7.29200511721856022E-03 4.63650287861742047E-02
5.13796262E+00 1.13082078336102371E-01 7.30762826079148480E-03 4.65942483651975783E-02
5.14535988E+00 1.13027322785942991E-01 7.32309426929202492E-03 4.68282286900258971E-02
5.15276135E+00 1.12972421891265731E-01 7.33838744285373202E-03 4.70666098186183143E-02
5.16016779E+00 1.12917371062526736E-01 7.35350622835465127E-03 4.73093210295563102E-02
5.16757994E+00 1.12862165906845793E-01 7.36845324707953095E-03 4.75563043567650556E-02
5.17499849E+00 1.12806802219550334E-01 7.38323107626560979E-03 4.78075038439786798E-02
5.18242414E+00 1.12751275977794038E-01 7.39784225195150302E-03 4.80628656022773215E-02
5.18985751E+00 1.12695583334218530E-01 7.41228927415857070E-03 4.83223377242007479E-02
5.19729923E+00 1.12639720610069383E-01 7.42657461332284826E-03 4.85858701920979935E-02
5.20474990E+00 1.12583684287460378E-01 7.44070071743639910E-03 4.88534148314549513E-02
5.21221006E+00 1.12527471000750529E-01 7.45467001983037524E-03 4.91249252866376926E-02
5.21968028E+00 1.12471077527483809E-01 7.46848494773832625E-03 4.94003569883864485E-02
5.22716106E+00 1.12414500778797277E-01 7.48214793165049522E-03 4.96796671277933144E-02
5.23465290E+00 1.12357737789587714E-01 7.49566141515876829E-03 4.99628146301422729E-02
5.24215628E+00 1.12300785711627799E-01 7.50902786427553974E-03 5.02497601227977000E-02
5.24966595E+00 1.12243685355230619E-01 7.52224171982863142E-03 5.05402483235994418E-02
5.25717831E+00 1.12186464912539210E-01 7.53529827182992332E-03 5.08340763541593257E-02
5.26469391E+00 1.12129121386016134E-01 7.54819946186803970E-03 5.11311983814137852E-02
5.27221326E+00 1.12071651886062384E-01 7.56094869336539598E-03 5.14315742468690190E-02
5.27973686E+00 1.12014053618607390E-01 7.57354939417635188E-03 5.17351658781157256E-02
5.28726519E+00 1.11956323876247502E-01 7.58600501928419126E-03 5.20419372328880109E-02
5.29479872E+00 1.11898460030866315E-01 7.59831905323304305E-03 5.23518542328790526E-02
5.30233790E+00 1.11840459527054986E-01 7.61049501204085193E-03 5.26648846781850449E-02
5.30988316E+00 1.11782319876015460E-01 7.62253644445983446E-03 5.29809981931995272E-02
5.31743494E+00 1.11724038650035745E-01 7.63444693248950534E-03 5.33001661575533831E-02
5.32499364E+00 1.11665613477534537E-01 7.64623009118290797E-03 5.36223616488663013E-02
5.33255967E+00 1.11607042038780441E-01 7.65788956784987061E-03 5.39475593813761034E-02
5.34013342E+00 1.11548322062353683E-01 7.66942904072358961E-03 5.42757356408469435E-02
5.34771526E+00 1.11489451322270366E-01 7.68085221741731262E-03 5.46068682202951738E-02
5.35530558E+00 1.11430427635557550E-01 7.69216283343217202E-03 5.49409363499062664E-02
5.36290472E+00 1.11371248860248045E-01 7.70336465062799059E-03 5.52779206246503743E-02
5.37051303E+00 1.11311912893698683E-01 7.71446145518330136E-03 5.56178029303078733E-02
5.37813087E+00 1.11252417671066334E-01 7.72545705473736636E-03 5.59605663711550752E-02
5.38575856E+00 1.11192761164026849E-01 7.73635527498245205E-03 5.63061951841556108E-02
5.39339642E+00 1.11132941379626302E-01 7.74715995644686527E-03 5.66546746685454641E-02
5.40104477E+00 1.11072956359244843E-01 7.75787495208413169E-03 5.70059911000422651E-02
5.40870390E+00 1.11012804177549898E-01 7.76850412591504561E-03 5.73601316553085591E-02
5.41637413E+00 1.10952482941572672E-01 7.77905135237014211E-03 5.77170843373198059E-02
5.42405573E+00 1.10891990789794878E-01 7.78952051560687433E-03 5.80768379027530451E-02
5.43174899E+00 1.10831325891281932E-01 7.79991550820262163E-03 5.84393817867747620E-02
5.43945354E+00 1.10770491385304592E-01 7.81023954923897382E-03 5.88046766624255313E-02
5.44716946E+00 1.10709487102063825E-01 7.82049618715947512E-03 5.91727027698341693E-02
5.45489663E+00 1.10648314180150115E-01 7.83068891683453769E-03 5.95434331714380996E-02
5.46262940E+00 1.10587017749870883E-01 7.84081531170212342E-03 5.99165758935382223E-02
5.47036809E+00 1.10525595619720987E-01 7.85087811003227880E-03 6.02921181001006071E-02
5.47811302E+00 1.10464045646669978E-01 7.86088150818256039E-03 6.06700501525693839E-02
5.48586450E+00 1.10402365729663970E-01 7.87082967768551640E-03 6.10503631211397196E-02
5.49362283E+00 1.10340553807568464E-01 7.88072676125336699E-03 6.14330483124902460E-02
5.50138829E+00 1.10278607858522767E-01 7.89057686835603622E-03 6.18180972258895109E-02
5.50916116E+00 1.10216525899608189E-01 7.90038407116322450E-03 6.22055014618078939E-02
5.51694171E+00 1.10154305986807546E-01 7.91015240141251796E-03 6.25952526522574326E-02
5.52473019E+00 1.10091946214676481E-01 7.91988584791257152E-03 6.29873423795963838E-02
5.53252686E+00 1.10029444715996266E-01 7.92958835371428139E-03 6.33817621160167460E-02
5.54033195E+00 1.09966799661105480E-01 7.93926381208406341E-03 6.37785031585104967E-02
5.54814570E+00 1.09904009257045410E-01 7.94891606151724300E-03 6.41775565646805213E-02
5.55596832E+00 1.09841071746405602E-01 7.95854888110417852E-03 6.45789130957251517E-02
5.56380002E+00 1.09777985405876619E-01 7.96816598765999994E-03 6.49825631661427594E-02
5.57164102E+00 1.09714748544648105E-01 7.97777103484226605E-03 6.53884967856209198E-02
5.57948772E+00 1.09651389987044462E-01 7.98736385393878159E-03 6.57965087531383053E-02
5.58733432E+00 1.09587956700414171E-01 7.99694117201376134E-03 6.62062731038980390E-02
5.59518093E+00 1.09524447823599463E-01 8.00650506757958312E-03 6.66177660392058696E-02
5.60302768E+00 1.09460862499648898E-01 8.01605887888642669E-03 6.70309660012283898E-02
5.61087467E+00 1.09397199868867590E-01 8.02560585380038792E-03 6.74458515914840434E-02
5.61872203E+00 1.09333459066495262E-01 8.03514914873181690E-03 6.78624011088505563E-02
5.62656985E+00 1.09269639222185702E-01 8.04469182879727698E-03 6.82805925298488464E-02
5.63441824E+00 1.09205739460027484E-01 8.05423686758667892E-03 6.87004034668441399E-02
5.64226731E+00 1.09141758898730443E-01 8.06378714556147888E-03 6.91218111319633483E-02
5.65011716E+00 1.09077696652103637E-01 8.07334544728497382E-03 6.95447923134138168E-02
5.65796787E+00 1.09013551829404476E-01 8.08291445845277581E-03 6.99693233459837693E-02
5.66581956E+00 1.08949323535905612E-01 8.09249676358875236E-03 7.03953800864069723E-02
5.67367230E+00 1.08885010873494767E-01 8.10209484449403612E-03 7.08229378965483380E-02
5.68152620E+00 1.08820612941238182E-01 8.11171107879041751E-03 7.12519716265016811E-02
5.68938132E+00 1.08756128836107288E-01 8.12134773760447327E-03 7.16824555931070140E-02
5.69723777E+00 1.08691557653700102E-01 8.13100698191947593E-03 7.21143635659178966E-02
5.70509562E+00 1.08626898489065635E-01 8.14069085798946150E-03 7.25476687545677373E-02
5.71295496E+00 1.08562150437595026E-01 8.15040129293448552E-03 7.29823437920075618E-02
5.72081585E+00 1.08497312595920284E-01 8.16014009149349309E-03 7.34183607196686322E-02
5.72867837E+00 1.08432384062855991E-01 8.16990893390104334E-03 7.38556909800339584E-02
5.73654260E+00 1.08367363940453793E-01 8.17970937381386730E-03 7.42943053987344948E-02
5.74440859E+00 1.08302251493253066E-01 8.18954281582600502E-03 7.47341731127620229E-02
5.75227547E+00 1.08237053537720437E-01 8.19940960451169890E-03 7.51752118888769777E-02
5.76014333E+00 1.08171769133133033E-01 8.20931066371568749E-03 7.56173904854691853E-02
5.76801223E+00 1.08106397349916089E-01 8.21924700206557758E-03 7.60606772869168724E-02
5.77588224E+00 1.08040937269912304E-01 8.22921948309939845E-03 7.65050400724974627E-02
5.78375344E+00 1.07975387987252869E-01 8.23922882377392529E-03 7.69504459532263374E-02
5.79162589E+00 1.07909748609473763E-01 8.24927559249589125E-03 7.73968613533016075E-02
5.79949964E+00 1.07844018258661134E-01 8.25936020627759775E-03 7.78442520137245103E-02
5.80737477E+00 1.07778196072749119E-01 8.26948292752465071E-03 7.82925829792442823E-02
5.81525133E+00 1.07712281206848656E-01 8.27964386132478206E-03 7.87418185971320572E-02
5.82312938E+00 1.07646272834587997E-01 8.28984295383236765E-03 7.91919225095330664E-02
5.83100896E+00 1.07580170149490256E-01 8.30007999183483489E-03 7.96428576550868988E-02
5.83889014E+00 1.07513972366404240E-01 8.31035460316870492E-03 8.00945862676253478E-02
5.84677295E+00 1.07447678722872558E-01 8.32066625751363802E-03 8.05470698812342928E-02
5.85465744E+00 1.07381288480610265E-01 8.33101426731871868E-03 8.10002693314993000E-02
5.86254366E+00 1.07314800926942899E-01 8.34139778902920348E-03 8.14541447676247338E-02
5.87043164E+00 1.07248215376181052E-01 8.35181582520961099E-03 8.19086556534883714E-02
5.87832143E+00 1.07181531171136532E-01 8.36226722798407915E-03 8.23637607855451231E-02
5.88621306E+00 1.07114747684368156E-01 8.37275070372945317E-03 8.28194182957324304E-02
5.89410655E+00 1.07047864319634020E-01 8.38326481840890626E-03 8.32755856744741563E-02
5.90200196E+00 1.06980880513178542E-01 8.39380800297647583E-03 8.37322197783087058E-02
5.90989929E+00 1.06913795734947220E-01 8.40437855873286954E-03 8.41892768467675662E-02
5.91779857E+00 1.06846609489927358E-01 8.41497466289164650E-03 8.46467125251348790E-02
5.92569983E+00 1.06779321319253134E-01 8.42559437454661227E-03 8.51044818707306638E-02
5.93360309E+00 1.06711930801426685E-01 8.43623564101157394E-03 8.55625393871221607E-02
5.94150836E+00 1.06644437553407676E-01 8.44689630437032296E-03 8.60208390327823758E-02
5.94941490E+00 1.06576847793647941E-01 8.45757329112900580E-03 8.64792899829591316E-02
5.95732271E+00 1.06509161200605093E-01 8.46826403572446297E-03 8.69378452728476192E-02
5.96523182E+00 1.06441377465666648E-01 8.47896611318498840E-03 8.73964578743030851E-02
5.97314224E+00 1.06373496323364569E-01 8.48967702295608251E-03 8.78550803773720246E-02
5.98105398E+00 1.06305517552110290E-01 8.50039419512592723E-03 8.83136649910830351E-02
5.98896705E+00 1.06237440974850661E-01 8.51111499833691679E-03 8.87721635675081389E-02
5.99688147E+00 1.06169266459787817E-01 8.52183674854889266E-03 8.92305276439834122E-02
6.00479722E+00 1.06100993920972816E-01 8.53255671870163136E-03 8.96887084669485413E-02
6.01271431E+00 1.06032623318953370E-01 8.54327214917929151E-03 9.01466570310964915E-02
6.02063275E+00 1.05964154661208884E-01 8.55398025898074753E-03 9.06043241114411341E-02
6.02855251E+00 1.05895588002630631E-01 8.56467825748729282E-03 9.10616603056373652E-02
6.03647361E+00 1.05826923445868054E-01 8.57536335665190497E-03 9.15186160652230879E-02
6.04439602E+00 1.05758161141597556E-01 8.58603278327344996E-03 9.19751417397075832E-02
6.05231973E+00 1.05689301288682119E-01 8.59668379113960948E-03 9.24311876126716059E-02
6.06024472E+00 1.05620344134319491E-01 8.60731367286909563E-03 9.28867039474687434E-02
6.06817097E+00 1.05551289974012308E-01 8.61791977135666944E-03 9.33416410255345219E-02
6.07609847E+00 1.05482139151551288E-01 8.62849949063971590E-03 9.37959491938094719E-02
6.08402718E+00 1.05412892058834404E-01 8.63905030601116314E-03 9.42495789084626112E-02
6.09195707E+00 1.05343549135682321E-01 8.64956977329001120E-03 9.47024807859665058E-02
6.09988811E+00 1.05274110869539680E-01 8.66005553730264319E-03 9.51546056457344552E-02
6.10782027E+00 1.05204577795186369E-01 8.67050533966500468E-03 9.56059045653058631E-02
6.11575350E+00 1.05134950494290419E-01 8.68091702599310157E-03 9.60563289301720330E-02
6.12368777E+00 1.05065229594972623E-01 8.69128855260716503E-03 9.65058304873428335E-02
6.13162302E+00 1.04995415771318018E-01 8.70161799284595826E-03 9.69543613938079474E-02
6.13955921E+00 1.04925509742839873E-01 8.71190354305969271E-03 9.74018742744844623E-02
6.14749629E+00 1.04855512273789392E-01 8.72214352824176621E-03 9.78483222762300264E-02
6.15543421E+00 1.04785424172685021E-01 8.73233640720178471E-03 9.82936591121888886E-02
6.16337289E+00 1.04715246291432737E-01 8.74248077713413348E-03 9.87378391211701373E-02
6.17131229E+00 1.04644979524775902E-01 8.75257537738173552E-03 9.91808173173893831E-02
6.17925233E+00 1.04574624809449956E-01 8.76261909223226103E-03 9.96225494364756520E-02
6.18719294E+00 1.04504183123491190E-01 8.77261095259929818E-03 1.00062991992039968E-01
6.19513406E+00 1.04433655485398888E-01 8.78255013651517945E-03 1.00502102313217420E-01
6.20307561E+00 1.04363042953347501E-01 8.79243596851529523E-03 1.00939838603434390E-01
6.21101716E+00 1.04292349729548983E-01 8.80226758451253116E-03 1.01376140872871681E-01
6.21895853E+00 1.04221577890377129E-01 8.81204440580519305E-03 1.01810963659660594E-01
6.22689963E+00 1.04150728521956032E-01 8.82176617491658814E-03 1.02244268912933256E-01
6.23484039E+00 1.04079802745636954E-01 8.83143280363907733E-03 1.02676019649497907E-01
6.24278073E+00 1.04008801717089996E-01 8.84104433718067677E-03 1.03106179980682097E-01
6.25072056E+00 1.03937726625323648E-01 8.85060095076137948E-03 1.03534715149561904E-01
6.25865980E+00 1.03866578691931416E-01 8.86010294634383307E-03 1.03961591577902981E-01
6.26659835E+00 1.03795359170239104E-01 8.86955074955126689E-03 1.04386776892669356E-01
6.27453612E+00 1.03724069344460129E-01 8.87894490669709213E-03 1.04810239963060645E-01
6.28247300E+00 1.03652710528912076E-01 8.88828608159565603E-03 1.05231950929256579E-01
6.29040891E+00 1.03581284067238558E-01 8.89757505186478115E-03 1.05651881231319911E-01
6.29834372E+00 1.03509791331583306E-01 8.90681270465882788E-03 1.06070003636139984E-01
6.30627734E+00 1.03438233721827921E-01 8.91600003179957544E-03 1.06486292261252016E-01
6.31420964E+00 1.03366612664852447E-01 8.92513812429045900E-03 1.06900722596445522E-01
6.32214052E+00 1.03294929613787737E-01 8.93422816620476241E-03 1.07313271530389803E-01
6.33006986E+00 1.03223186047248408E-01 8.94327142795262216E-03 1.07723917356499624E-01
6.33799753E+00 1.03151383468710903E-01 8.95226925890826516E-03 1.08132639804352296E-01
6.34592341E+00 1.03079523405769702E-01 8.96122307965977610E-03 1.08539420040026258E-01
6.35384736E+00 1.03007607409537530E-01 8.97013437428125643E-03 1.08944240692580255E-01
6.36176926E+00 1.02935637053921517E-01 8.97900468289517840E-03 1.09347085854064330E-01
6.36968897E+00 1.02863613935058565E-01 8.98783559474335657E-03 1.09747941095559201E-01
6.37760635E+00 1.02791539670643778E-01 8.99662874177548436E-03 1.10146793470013576E-01
6.38552126E+00 1.02719415899381633E-01 9.00538579275938014E-03 1.10543631516322571E-01
6.39343356E+00 1.02647244280324790E-01 9.01410844782029978E-03 1.10938445258923532E-01
6.40134309E+00 1.02575026492336491E-01 9.02279843333635492E-03 1.11331226210046624E-01
6.40924970E+00 1.02502764233446814E-01 9.03145749712182429E-03 1.11721967364722480E-01
6.41715325E+00 1.02430459220187273E-01 9.04008740363315688E-03 1.12110663195968630E-01
6.42505356E+00 1.02358113187046934E-01 9.04868992879965910E-03 1.12497309652743918E-01
6.43295049E+00 1.02285727885688821E-01 9.05726685437397046E-03 1.12881904149586737E-01
6.44084387E+00 1.02213305084230544E-01 9.06581996193422945E-03 1.13264445558692209E-01
6.44873353E+00 1.02140846566498536E-01 9.07435102674161893E-03 1.13644934205800213E-01
6.45661930E+00 1.02068354131127123E-01 9.08286181189434799E-03 1.14023371855461714E-01
6.46450102E+00 1.01995829590623435E-01 9.09135406302345739E-03 1.14399761704584629E-01
6.47237851E+00 1.01923274770333736E-01 9.09982950351806430E-03 1.14774108366320834E-01
6.48025160E+00 1.01850691507297239E-01 9.10828983043707706E-03 1.15146417856817160E-01
6.48812010E+00 1.01778081649067667E-01 9.11673671127814778E-03 1.15516697580923769E-01
6.49598384E+00 1.01705447052369460E-01 9.12517178154167476E-03 1.15884956313835163E-01
6.50384264E+00 1.01632789581593677E-01 9.13359664327323406E-03 1.16251204178637324E-01
6.51169632E+00 1.01560111107281872E-01 9.14201286479597586E-03 1.16615452626988067E-01
6.51954468E+00 1.01487413504262797E-01 9.15042198112989147E-03 1.16977714419421244E-01
6.52738755E+00 1.01414698649899535E-01 9.15882549450244485E-03 1.17338003590160819E-01
6.53522475E+00 1.01341968421952547E-01 9.16722487460571583E-03 1.17696335433436994E-01
6.54305607E+00 1.01269224696534127E-01 9.17562155819197194E-03 1.18052726470071298E-01
6.55088134E+00 1.01196469345742973E-01 9.18401694782027683E-03 1.18407194417948697E-01
6.55870037E+00 1.01123704235228207E-01 9.19241240981247786E-03 1.18759758163813192E-01
6.56651298E+00 1.01050931221616500E-01 9.20080927161591976E-03 1.19110437731291638E-01
6.57431897E+00 1.00978152149803740E-01 9.20920881875818276E-03 1.19459254255767408E-01
6.58211816E+00 1.00905368850025795E-01 9.21761229156909181E-03 1.19806229945704293E-01
6.58991037E+00 1.00832583134927642E-01 9.22602088199015596E-03 1.20151388063649500E-01
6.59769541E+00 1.00759796796346932E-01 9.23443573089415513E-03 1.20494752892013460E-01
6.60547311E+00 1.00687011602051790E-01 9.24285792611213852E-03 1.20836349706614957E-01
6.61324329E+00 1.00614229292270041E-01 9.25128850137069830E-03 1.21176204748912136E-01
6.62100576E+00 1.00541451576124027E-01 9.25972843630086702E-03 1.21514345196267304E-01
6.62876037E+00 1.00468680127873480E-01 9.26817865754538638E-03 1.21850799139697097E-01
6.63650693E+00 1.00395916582947747E-01 9.27664004084772544E-03 1.22185595552288362E-01
6.64424529E+00 1.00323162534010385E-01 9.28511341368454951E-03 1.22518764267825736E-01
6.65197529E+00 1.00250419526641113E-01 9.29359955763579999E-03 1.22850335951755762E-01
6.65969676E+00 1.00177689055073640E-01 9.30209921027807043E-03 1.23180342072420193E-01
6.66740957E+00 1.00104972557672825E-01 9.31061306665817261E-03 1.23508814873910661E-01
6.67511357E+00 1.00032271412287252E-01 9.31914178006525498E-03 1.23835787350777576E-01
6.68280862E+00 9.99595869315037799E-02 9.32768596201303049E-03 1.24161293221249622E-01
6.69049460E+00 9.98869203578189591E-02 9.33624618166959026E-03 1.24485366902592071E-01
6.69817137E+00 9.98142728587630840E-02 9.34482296457421133E-03 1.24808043491881515E-01
6.70583884E+00 9.97416455219027748E-02 9.35341679052762755E-03 1.25129358739315050E-01
6.71349688E+00 9.96690393498827071E-02 9.36202809125110010E-03 1.25449349026991563E-01
6.72114542E+00 9.95964552554910870E-02 9.37065724819530384E-03 1.25768051341518167E-01
6.72878435E+00 9.95238940566780667E-02 9.37930459060286673E-03 1.26085503250682379E-01
6.73641361E+00 9.94513564716606180E-02 9.38797039426339693E-03 1.26401742872479295E-01
6.74403313E+00 9.93788431140151390E-02 9.39665488138445928E-03 1.26716808854934193E-01
6.75164286E+00 9.93063544879434490E-02 9.40535822133452964E-03 1.27030740350846050E-01
6.75924275E+00 9.92338909835474708E-02 9.41408053198399680E-03 1.27343576998475455E-01
6.76683278E+00 9.91614528723532146E-02 9.42282188147533159E-03 1.27655358903776467E-01
6.77441293E+00 9.90890403029112271E-02 9.43158228999293677E-03 1.27966126622940962E-01
6.78198319E+00 9.90166532966371693E-02 9.44036173097648722E-03 1.28275921146743577E-01
6.78954357E+00 9.89442917438400626E-02 9.44916013155853822E-03 1.28584783879998943E-01
6.79709411E+00 9.88719554000852680E-02 9.45797737221525277E-03 1.28892756626071026E-01
6.80463482E+00 9.87996438825563539E-02 9.46681328550028241E-03 1.29199881568228786E-01
6.81216578E+00 9.87273566669903818E-02 9.47566765408359296E-03 1.29506201250228575E-01
6.81968704E+00 9.86550930846307322E-02 9.48454020891490931E-03 1.29811758554566670E-01
6.82719868E+00 9.85828523195362016E-02 9.49343062827908216E-03 1.30116596685338398E-01
6.83470082E+00 9.85106334062962885E-02 9.50233853772095710E-03 1.30420759151020610E-01
6.84219355E+00 9.84384352279427804E-02 9.51126351071392845E-03 1.30724289745949185E-01
6.84967701E+00 9.83662565142488787E-02 9.52020507005418501E-03 1.31027232543183908E-01
6.85715134E+00 9.82940958404272674E-02 9.52916268936916319E-03 1.31329631879059910E-01
6.86461670E+00 9.82219516261167991E-02 9.53813579394484530E-03 1.31631532347248087E-01
6.87207328E+00 9.81498221347776034E-02 9.54712376109406041E-03 1.31932978787567573E-01
6.87952126E+00 9.80777054733740633E-02 9.55612592069358426E-03 1.32234016268835575E-01
6.88696085E+00 9.80055995924080242E-02 9.56514155597012680E-03 1.32534690075777561E-01
6.89439083E+00 9.79335163834499783E-02 9.57416859771182023E-03 1.32834986971337360E-01
6.90181123E+00 9.78614555359121618E-02 9.58320558411706290E-03 1.33134944315226489E-01
6.90922222E+00 9.77894154085411083E-02 9.59225151238186045E-03 1.33434604419825881E-01
6.91662398E+00 9.77173942180830785E-02 9.60130537914772458E-03 1.33734009724635255E-01
6.92401673E+00 9.76453900401154096E-02 9.61036614482134975E-03 1.34033202751809438E-01
6.93140067E+00 9.75734008100217903E-02 9.61943273629567788E-03 1.34332226105106312E-01
6.93877604E+00 9.75014243241809908E-02 9.62850404858640180E-03 1.34631122458768737E-01
6.94614308E+00 9.74294582414014787E-02 9.63757894597201334E-03 1.34929934547911773E-01
6.95350204E+00 9.73575000845678801E-02 9.64665626317538251E-03 1.35228705156335033E-01
6.96085321E+00 9.72855472424408174E-02 9.65573480661264041E-03 1.35527477109690292E-01
6.96819686E+00 9.72135969717176779E-02 9.66481335583090941E-03 1.35826293279886628E-01
6.97553329E+00 9.71416463991769397E-02 9.67389066522885560E-03 1.36125196573554874E-01
6.98286282E+00 9.70696925239488556E-02 9.68296546602045657E-03 1.36424229939809044E-01
6.99018578E+00 9.69977322198131015E-02 9.69203646831394081E-03 1.36723436367445633E-01
6.99750249E+00 9.69257622376314687E-02 9.70110236323221131E-03 1.37022858889332855E-01
7.00481331E+00 9.68537792076163279E-02 9.71016182538474160E-03 1.37322540582556524E-01
7.01211861E+00 9.67817796416055309E-02 9.71921351590464624E-03 1.37622524571675481E-01
7.01941875E+00 9.67097599352266246E-02 9.72825608608746638E-03 1.37922854022656999E-01
7.02671412E+00 9.66377163698807495E-02 9.73728818202379380E-03 1.38223572147011503E-01
7.03400513E+00 9.65656451145266020E-02 9.74630845019066466E-03 1.38524722207225504E-01
7.04129216E+00 9.64935422272645976E-02 9.75531554348735633E-03 1.38826347525165539E-01
7.04857566E+00 9.64214036565946425E-02 9.76430812772722742E-03 1.39128491492358314E-01
7.05585604E+00 9.63492252424016649E-02 9.77328488867091651E-03 1.39431197580339894E-01
7.06313113E+00 9.62770287604950981E-02 9.78224220072861431E-03 1.39734400102979078E-01
7.07040119E+00 9.62048117199152258E-02 9.79117777436218188E-03 1.40038134261121078E-01
7.07766661E+00 9.61325704663658631E-02 9.80009029361693026E-03 1.40342439616853110E-01
7.08492780E+00 9.60603012386204019E-02 9.80897853608613847E-03 1.40647355928552098E-01
7.09218515E+00 9.59880001690016360E-02 9.81784134614035152E-03 1.40952923028441868E-01
7.09943909E+00 9.59156632832135897E-02 9.82667764531748242E-03 1.41259180845354354E-01
7.10669005E+00 9.58432864995618500E-02 9.83548644265104521E-03 1.41566169430406064E-01
7.11393847E+00 9.57708656277214965E-02 9.84426684435227468E-03 1.41873928977810204E-01
7.12118479E+00 9.56983963671716176E-02 9.85301806335169006E-03 1.42182499850311506E-01
7.12842948E+00 9.56258743050426158E-02 9.86173942882527001E-03 1.42491922607467542E-01
7.13567302E+00 9.55532949137115478E-02 9.87043039520566802E-03 1.42802238042925522E-01
7.14291588E+00 9.54806535479005847E-02 9.87909055068400196E-03 1.43113487203497980E-01
7.15015856E+00 9.54079454413275241E-02 9.88771962559247507E-03 1.43425711432684982E-01
7.15740157E+00 9.53351657030745148E-02 9.89631750124806212E-03 1.43738952394320274E-01
7.16464543E+00 9.52623093134449955E-02 9.90488421996915495E-03 1.44053252116569774E-01
7.17189066E+00 9.51893711195195974E-02 9.91341999631719165E-03 1.44368653024024213E-01
7.17913781E+00 9.51163458303628251E-02 9.92192522870159223E-03 1.44685197979304236E-01
7.18638743E+00 9.50432280118223838E-02 9.93040051046117749E-03 1.45002930321727230E-01
7.19364009E+00 9.49700120810992032E-02 9.93884664057050754E-03 1.45321893904133054E-01
7.20089638E+00 9.48966923009851027E-02 9.94726463421616650E-03 1.45642133135756663E-01
7.20815558E+00 9.48232759330000508E-02 9.95565465464859356E-03 1.45963635506392714E-01
7.21541620E+00 9.47497783884642536E-02 9.96401601799670918E-03 1.46286351998019065E-01
7.22267878E+00 9.46761942775795201E-02 9.97234973208058206E-03 1.46610323745464094E-01
7.22994388E+00 9.46025180453653192E-02 9.98065773194633382E-03 1.46935592528064290E-01
7.23721210E+00 9.45287439678718644E-02 9.98894222119320677E-03 1.47262200884664851E-01
7.24448401E+00 9.44548661471575762E-02 9.99720568438291872E-03 1.47590191996440162E-01
7.25176022E+00 9.43808785056455685E-02 1.00054508981320019E-02 1.47919609730334300E-01
7.25904136E+00 9.43067747803506690E-02 1.00136809408702242E-02 1.48250498684205229E-01
7.26632807E+00 9.42325485168828553E-02 1.00218992021995166E-02 1.48582904215152828E-01
7.27362099E+00 9.41581930635420478E-02 1.00301093920226632E-02 1.48916872491044211E-01
7.28092081E+00 9.40837015653050862E-02 1.00383155492972023E-02 1.49252450517340346E-01
7.28822819E+00 9.40090669579409371E-02 1.00465220504267327E-02 1.49589686182334258E-01
7.29554384E+00 9.39342819620991309E-02 1.00547336171075922E-02 1.49928628282785997E-01
7.30286848E+00 9.38593390775118164E-02 1.00629553232733059E-02 1.50269326564373612E-01
7.31020285E+00 9.37842305772444290E-02 1.00711926004636420E-02 1.50611831753016734E-01
7.31754769E+00 9.37089485020381613E-02 1.00794512411482330E-02 1.50956195578010488E-01
7.32490378E+00 9.36334846548078914E-02 1.00877374007541706E-02 1.51302470810295436E-01
7.33227190E+00 9.35578305951866307E-02 1.00960575988598977E-02 1.51650711279657180E-01
7.33965286E+00 9.34819776342638575E-02 1.01044187187383748E-02 1.52000971902340909E-01
7.34704748E+00 9.34059168293461806E-02 1.01128280052964030E-02 1.52353308694032907E-01
7.35445659E+00 9.33296389790260611E-02 1.01212930629728474E-02 1.52707778792943338E-01
7.36187881E+00 9.32531578114008664E-02 1.01298199691758246E-02 1.53064332549765897E-01
7.36931323E+00 9.31764819857683058E-02 1.01384147771032811E-02 1.53422942326825323E-01
7.37675851E+00 9.30996247473464683E-02 1.01470835682583964E-02 1.53783557605852161E-01
7.38421523E+00 9.30225795169045966E-02 1.01558341373447492E-02 1.54146219479894875E-01
7.39168414E+00 9.29453375514523866E-02 1.01646753171019746E-02 1.54510978930532866E-01
7.39916605E+00 9.28678898490207516E-02 1.01736162679338799E-02 1.54877888058414737E-01
7.40666175E+00 9.27902271456705896E-02 1.01826664092045625E-02 1.55246999912057870E-01
7.41417207E+00 9.27123399119555991E-02 1.01918354089526753E-02 1.55618368477804608E-01
7.42169784E+00 9.26342183492267074E-02 1.02011331716767659E-02 1.55992048679805623E-01
7.42923992E+00 9.25558523859476706E-02 1.02105698246130992E-02 1.56368096380371774E-01
7.43679684E+00 9.24772558674982065E-02 1.02201535252521465E-02 1.56746452083837418E-01
7.44436348E+00 9.23984809205566915E-02 1.02298881737899246E-02 1.57126869673346714E-01
7.45194062E+00 9.23195182376277262E-02 1.02397818441823923E-02 1.57509395525646384E-01
7.45952904E+00 9.22403582221701657E-02 1.02498447360721643E-02 1.57894076788585080E-01
7.46712954E+00 9.21609909908840674E-02 1.02600871672455917E-02 1.58280962022666838E-01
7.47474296E+00 9.20814063729123583E-02 1.02705195630913970E-02 1.58670100567241124E-01
7.48236926E+00 9.20016029831426663E-02 1.02811515511308082E-02 1.59061498093164388E-01
7.49000728E+00 9.19215912611828223E-02 1.02919912438654716E-02 1.59455100926336246E-01
7.49765792E+00 9.18413600015738352E-02 1.03030484191115428E-02 1.59850959985973873E-01
7.50532210E+00 9.17608976904219636E-02 1.03143336792501233E-02 1.60249126949521203E-01
7.51299854E+00 9.16802157865238831E-02 1.03258552124915037E-02 1.60649539059535246E-01
7.52068437E+00 9.15993422906069554E-02 1.03376183466630332E-02 1.61052049121953367E-01
7.52838051E+00 9.15182656290999402E-02 1.03496317338735641E-02 1.61456703949187208E-01
7.53608788E+00 9.14369739074344795E-02 1.03619054796211130E-02 1.61863551038549436E-01
7.54380743E+00 9.13554549119642151E-02 1.03744496620247085E-02 1.62272638988135737E-01
7.55154011E+00 9.12736961097639632E-02 1.03872743109002016E-02 1.62684017059778030E-01
7.55928691E+00 9.11916846477111021E-02 1.04003893849619351E-02 1.63097735167241048E-01
7.56704881E+00 9.11094073510252955E-02 1.04138047448193386E-02 1.63513843840940754E-01
7.57482685E+00 9.10268507217134315E-02 1.04275301219851485E-02 1.63932394190048569E-01
7.58262204E+00 9.09440009368228663E-02 1.04415750878932966E-02 1.64353437881128384E-01
7.59043544E+00 9.08608438465659807E-02 1.04559490281663919E-02 1.64777027086089128E-01
7.59826812E+00 9.07773649723904869E-02 1.04706611209744137E-02 1.65203214465925063E-01
7.60612117E+00 9.06935425342523110E-02 1.04857148152378236E-02 1.65629262464046134E-01
7.61399570E+00 9.06093658391608076E-02 1.05011203167953756E-02 1.66060729135872415E-01
7.62189285E+00 9.05248207734694887E-02 1.05168887699322745E-02 1.66494953268151752E-01
7.62979798E+00 9.04400612213536043E-02 1.05330051465574448E-02 1.66931135082392684E-01
7.63769143E+00 9.03552958376539206E-02 1.05494350986663245E-02 1.67368173097676737E-01
7.64557361E+00 9.02705185582941549E-02 1.05661694413377843E-02 1.67806039542880231E-01
7.65344493E+00 9.01857227404631173E-02 1.05832090084139047E-02 1.68244722375213013E-01
7.66130589E+00 9.01009011793762332E-02 1.06005542033529437E-02 1.68684216294748529E-01
7.66915701E+00 9.00160460931863360E-02 1.06182050613019587E-02 1.69124518105405464E-01
7.67699890E+00 8.99311490951370807E-02 1.06361612945422776E-02 1.69565627033757604E-01
7.68483219E+00 8.98462011594590992E-02 1.06544223143948853E-02 1.70007544891554091E-01
7.69265758E+00 8.97611925832672991E-02 1.06729872440430897E-02 1.70450276294767999E-01
7.70047457E+00 8.96761269253455451E-02 1.06918526389483282E-02 1.70893757271052216E-01
7.70828356E+00 8.95909976728980206E-02 1.07110154169214704E-02 1.71337973622146839E-01
7.71608532E+00 8.95057944642133202E-02 1.07304732689933197E-02 1.71782930603572581E-01
7.72388068E+00 8.94205062080512675E-02 1.07502238030018123E-02 1.72228637076718566E-01
7.73167055E+00 8.93351210416158809E-02 1.07702643608941599E-02 1.72675105338034457E-01
7.73945587E+00 8.92496262856578848E-02 1.07905920455665660E-02 1.73122351315265377E-01
7.74723772E+00 8.91640083964286428E-02 1.08112037505421355E-02 1.73570394823582247E-01
7.75501719E+00 8.90782529145994345E-02 1.08320961640662062E-02 1.74019259843849555E-01
7.76279552E+00 8.89923444108251666E-02 1.08532657656569137E-02 1.74468974762334222E-01
7.77057398E+00 8.89062664277393833E-02 1.08747088585254940E-02 1.74919572654700733E-01
7.77835397E+00 8.88200014178008451E-02 1.08964216305737441E-02 1.75371091584899857E-01
7.78613699E+00 8.87335306768418514E-02 1.09184001881672769E-02 1.75823574941378624E-01
7.79392392E+00 8.86468419390565310E-02 1.09406390965726772E-02 1.76277032361489921E-01
7.80171551E+00 8.85599249060976673E-02 1.09631316178477062E-02 1.76731462164592651E-01
7.80951101E+00 8.84727856065924412E-02 1.09858672619642904E-02 1.77186777862329142E-01
7.81730999E+00 8.83854268582734276E-02 1.10088344604222337E-02 1.77642907780978659E-01
7.82511407E+00 8.82978286253326000E-02 1.10320257361693590E-02 1.78099896793761509E-01
7.83292498E+00 8.82099694872433143E-02 1.10554350141529416E-02 1.78557797765905968E-01
7.84074456E+00 8.81218265510627513E-02 1.10790561144665095E-02 1.79016670756037305E-01
7.84857480E+00 8.80333753575925221E-02 1.11028828264549424E-02 1.79476582947819097E-01
7.85641492E+00 8.79446226921163643E-02 1.11269024409272298E-02 1.79937441366468720E-01
7.86424848E+00 8.78557532245426709E-02 1.11510640890032202E-02 1.80398245361513970E-01
7.87207701E+00 8.77667488527823364E-02 1.11753426151013670E-02 1.80859016854275467E-01
7.87990219E+00 8.76775900532596464E-02 1.11997277202592598E-02 1.81319795933833600E-01
7.88772561E+00 8.75882578481763513E-02 1.12242087310726688E-02 1.81780624145501057E-01
7.89554581E+00 8.74987684206495892E-02 1.12487675327414532E-02 1.82241364951851392E-01
7.90336452E+00 8.74091014798480115E-02 1.12733900030184946E-02 1.82702064354516053E-01
7.91118361E+00 8.73192352772493574E-02 1.12980644797364763E-02 1.83162777365590335E-01
7.91900246E+00 8.72291765429380750E-02 1.13227732591751843E-02 1.83623416581013416E-01
7.92682233E+00 8.71389105569311817E-02 1.13475002498594733E-02 1.84084000914398027E-01
7.93464541E+00 8.70484119222676850E-02 1.13722325329102831E-02 1.84544603654365702E-01
7.94247405E+00 8.69576531969067507E-02 1.13969576251517300E-02 1.85005308865221790E-01
7.95031079E+00 8.68666047504478983E-02 1.14216628439792484E-02 1.85466210975995888E-01
7.95815837E+00 8.67752346104876809E-02 1.14463354586578497E-02 1.85927415295992327E-01
7.96601786E+00 8.66835300616224380E-02 1.14709584709430518E-02 1.86388931230669075E-01
7.97388640E+00 8.65915244401157663E-02 1.14955037466131747E-02 1.86850540125460984E-01
7.98176669E+00 8.64991863892925483E-02 1.15199510820259317E-02 1.87312339461697452E-01
7.98966165E+00 8.64064822403827065E-02 1.15442847778233302E-02 1.87774441080674315E-01
7.99757435E+00 8.63133758594676753E-02 1.15684888521851957E-02 1.88236968849191194E-01
8.00550812E+00 8.62198284872487536E-02 1.15925468648472307E-02 1.88700057984989289E-01
8.01346649E+00 8.61257985704135670E-02 1.16164416732923471E-02 1.89163855498345079E-01
8.02144406E+00 8.60313506694845853E-02 1.16401362681717701E-02 1.89627995470066230E-01
8.02942455E+00 8.59366787249333242E-02 1.16635634712396793E-02 1.90091489067469782E-01
8.03740547E+00 8.58418147664732067E-02 1.16866761650368037E-02 1.90554124987770218E-01
8.04538928E+00 8.57467322524343711E-02 1.17094492596502738E-02 1.91015985625983542E-01
8.05337370E+00 8.56514610953730826E-02 1.17318520171826191E-02 1.91476892333676235E-01
8.06136186E+00 8.55559672392960519E-02 1.17538601462518263E-02 1.91936968238890449E-01
8.06935712E+00 8.54602136439166077E-02 1.17754541337664574E-02 1.92396354123237828E-01
8.07736310E+00 8.53641600728713146E-02 1.17966144584285559E-02 1.92855205544945119E-01
8.08538369E+00 8.52677628758464062E-02 1.18173212588850614E-02 1.93313692053368125E-01
8.09342312E+00 8.51709747595679051E-02 1.18375545163364303E-02 1.93771998047274741E-01
8.10147970E+00 8.50738192026563866E-02 1.18572841355838558E-02 1.94229979238140144E-01
8.10955239E+00 8.49763124504708672E-02 1.18764771002490936E-02 1.94687522291997206E-01
8.11764531E+00 8.48784088832523348E-02 1.18951093611875860E-02 1.95144799115358758E-01
8.12576284E+00 8.47800592684683774E-02 1.19131604912797468E-02 1.95602000244627622E-01
8.13390971E+00 8.46812105284049793E-02 1.19306101950428754E-02 1.96059331389411368E-01
8.14208698E+00 8.45818539725585183E-02 1.19474331595898070E-02 1.96516795424789226E-01
8.15027746E+00 8.44822031968651133E-02 1.19635785967871309E-02 1.96973396347288221E-01
8.15847197E+00 8.43823756448056073E-02 1.19789987851309440E-02 1.97428568034507562E-01
8.16667529E+00 8.42823190063335809E-02 1.19936723043052793E-02 1.97882513967893470E-01
8.17488640E+00 8.41820520925480043E-02 1.20075815699815930E-02 1.98335135820985914E-01
8.18310341E+00 8.40816042184573120E-02 1.20207064526490996E-02 1.98786288170978515E-01
8.19132619E+00 8.39809835357826356E-02 1.20330298047862886E-02 1.99235919400124806E-01
8.19956009E+00 8.38801313593841580E-02 1.20445417790350506E-02 1.99684271213626779E-01
8.20781087E+00 8.37789836270203120E-02 1.20552363525032354E-02 2.00131609809127337E-01
8.21608476E+00 8.36774706003429597E-02 1.20651077396862240E-02 2.00578221953800068E-01
8.22437592E+00 8.35756706905479152E-02 1.20741419239567931E-02 2.01023755883759897E-01
8.23268692E+00 8.34735589578841086E-02 1.20823266580395213E-02 2.01468293919074060E-01
8.24102401E+00 8.33710659061147608E-02 1.20896566042888523E-02 2.01912111785659876E-01
8.24939386E+00 8.32681161986869312E-02 1.20961280037419332E-02 2.02355509356621249E-01
8.25780015E+00 8.31646717233181232E-02 1.21017349977478803E-02 2.02798624777727809E-01
8.26621493E+00 8.30610835683549542E-02 1.21064635348670704E-02 2.03239971299722821E-01
8.27463496E+00 8.29573991295560753E-02 1.21103036850156529E-02 2.03679315188099036E-01
8.28305572E+00 8.28536817817587673E-02 1.21132584371108232E-02 2.04116386240726227E-01
8.29148322E+00 8.27498650548255249E-02 1.21153331239840373E-02 2.04551451836233217E-01
8.29992386E+00 8.26458774762347803E-02 1.21165345694975377E-02 2.04984803464036969E-01
8.30838448E+00 8.25416424499178097E-02 1.21168685520037199E-02 2.05416746821068780E-01
8.31687232E+00 8.24370781650365508E-02 1.21163400717386495E-02 2.05847602356189069E-01
8.32537994E+00 8.23322838451089750E-02 1.21149572718877666E-02 2.06276961033259182E-01
8.33390257E+00 8.22273254496050515E-02 1.21127273907303875E-02 2.06704536853394710E-01
8.34244709E+00 8.21221260828435551E-02 1.21096554420992014E-02 2.07130614517881284E-01
8.35102174E+00 8.20165915021896647E-02 1.21057466315357288E-02 2.07555553165303497E-01
8.35959742E+00 8.19110871588155098E-02 1.21010275564353738E-02 2.07977914671277686E-01
8.36813747E+00 8.18060707371881662E-02 1.20955370787538020E-02 2.08395892449855652E-01
8.37664195E+00 8.17015475330809121E-02 1.20892994045529480E-02 2.08809451944265007E-01
8.38511096E+00 8.15975220778594329E-02 1.20823420110787606E-02 2.09218607005627388E-01
8.39354465E+00 8.14939981029178945E-02 1.20746927163035526E-02 2.09623375036600057E-01
8.40194175E+00 8.13909962273237919E-02 1.20663802219800279E-02 2.10023707884456068E-01
8.41030224E+00 8.12885216160612600E-02 1.20574321978052165E-02 2.10419614738274530E-01
8.41862628E+00 8.11865767529838522E-02 1.20478765100117055E-02 2.10811116136063487E-01
8.42691408E+00 8.10851632777157827E-02 1.20377410328618394E-02 2.11198236548093887E-01
8.43516590E+00 8.09842819810807912E-02 1.20270530572758258E-02 2.11581002722969425E-01
8.44338204E+00 8.08839328040074634E-02 1.20158393157759561E-02 2.11959443514430024E-01
8.45156286E+00 8.07841148349444649E-02 1.20041264687606765E-02 2.12333590339144507E-01
8.45970874E+00 8.06848263071602567E-02 1.19919412964703317E-02 2.12703478046402772E-01
8.46782015E+00 8.05860646000069597E-02 1.19793102313530807E-02 2.13069143728570581E-01
8.47589757E+00 8.04878262454770677E-02 1.19662590647509216E-02 2.13430626353585062E-01
8.48394156E+00 8.03901069364992560E-02 1.19528131368924102E-02 2.13787967286347941E-01
8.49195270E+00 8.02929015344219926E-02 1.19389976380082832E-02 2.14141210406308208E-01
8.49993166E+00 8.01962040798268189E-02 1.19248373817918470E-02 2.14490402188066975E-01
8.50787912E+00 8.01000078069890875E-02 1.19103565320691634E-02 2.14835590515205177E-01
8.51579583E+00 8.00043051617682355E-02 1.18955786699248018E-02 2.15176824859524052E-01
8.52368259E+00 7.99090878203333743E-02 1.18805268432690368E-02 2.15514157054934818E-01
8.53154025E+00 7.98143467074289986E-02 1.18652236342190430E-02 2.15847640998184820E-01
8.53936920E+00 7.97200778356774026E-02 1.18496918754156296E-02 2.16177312093251223E-01
8.54716769E+00 7.96263030184223564E-02 1.18339575518709716E-02 2.16503117559879277E-01
8.55493666E+00 7.95330114706895991E-02 1.18180425374722065E-02 2.16825112751268256E-01
8.56267710E+00 7.94401916288864501E-02 1.18019671494089470E-02 2.17143359402025726E-01
8.57039004E+00 7.93478311751294602E-02 1.17857509799773347E-02 2.17457920740916605E-01
8.57807659E+00 7.92559170657109180E-02 1.17694126791102107E-02 2.17768860873603781E-01
8.58573789E+00 7.91644355626130170E-02 1.17529699462141854E-02 2.18076244889243764E-01
8.59337512E+00 7.90733722675530243E-02 1.17364394746561507E-02 2.18380139881946322E-01
8.60098761E+00 7.89827349559433511E-02 1.17198403921781203E-02 2.18680541416339858E-01
8.60857241E+00 7.88925581200773524E-02 1.17031960629968863E-02 2.18977357965232600E-01
8.61613048E+00 7.88028297509465597E-02 1.16865233198087063E-02 2.19270644296356315E-01
8.62366279E+00 7.87135373197202642E-02 1.16698364843218477E-02 2.19560463491531049E-01
8.63117038E+00 7.86246678034489554E-02 1.16531489392193259E-02 2.19846878670236529E-01
8.63865430E+00 7.85362077114855894E-02 1.16364731257417846E-02 2.20129953926294947E-01
8.64611510E+00 7.84481496147165641E-02 1.16198215085127413E-02 2.20409734208470709E-01
8.65355117E+00 7.83605110929579962E-02 1.16032096843749748E-02 2.20686187065610467E-01
8.66096373E+00 7.82732768575811755E-02 1.15866481980191546E-02 2.20959377019380232E-01
8.66835399E+00 7.81864311571199566E-02 1.15701452649921259E-02 2.21229376512023596E-01
8.67572322E+00 7.80999578059672073E-02 1.15537080341491568E-02 2.21496257206942909E-01
8.68307274E+00 7.80138402140374138E-02 1.15373427516744387E-02 2.21760090867661463E-01
8.69040387E+00 7.79280614173897129E-02 1.15210548552672487E-02 2.22020949388823774E-01
8.69771799E+00 7.78426041083081360E-02 1.15048489521622048E-02 2.22278904938826571E-01
8.70501649E+00 7.77574506626799861E-02 1.14887288091237421E-02 2.22534030389047954E-01
8.71230082E+00 7.76725831632969627E-02 1.14726973339788641E-02 2.22786399227592247E-01
8.71957242E+00 7.75879834224938447E-02 1.14567565941938905E-02 2.23036084997680739E-01
8.72683279E+00 7.75036330089290959E-02 1.14409078254387574E-02 2.23283160829778865E-01
8.73408295E+00 7.74195187761435866E-02 1.14251522843163075E-02 2.23527684526077852E-01
8.74131447E+00 7.73357373299024958E-02 1.14095071990926722E-02 2.23769412791622074E-01
8.74852857E+00 7.72522729908690087E-02 1.13939758263759856E-02 2.24008392843447757E-01
8.75572412E+00 7.71691372536442433E-02 1.13785609516129718E-02 2.24244632123653531E-01
8.76290201E+00 7.70863184690991354E-02 1.13632623753584273E-02 2.24478184659587549E-01
8.77006360E+00 7.70037992697273077E-02 1.13480777597632591E-02 2.24709128099820771E-01
8.77721031E+00 7.69215620411616424E-02 1.13330040040761221E-02 2.24937538935070014E-01
8.78434357E+00 7.68395889656392217E-02 1.13180373527203438E-02 2.25163493325649444E-01
8.79146484E+00 7.67578620604039558E-02 1.13031733757721752E-02 2.25387067291718562E-01
8.79857558E+00 7.66763632084716679E-02 1.12884070440512664E-02 2.25608336387477265E-01
8.80567730E+00 7.65950741840754762E-02 1.12737328544262050E-02 2.25827375771527977E-01
8.81277151E+00 7.65139766781795794E-02 1.12591449270366944E-02 2.26044260206720027E-01
8.81985974E+00 7.64330523301538917E-02 1.12446371256691643E-02 2.26259064072147908E-01
8.82694352E+00 7.63522827728587566E-02 1.12302030963072914E-02 2.26471861410276837E-01
8.83402439E+00 7.62716496906528513E-02 1.12158361973750502E-02 2.26682725423953207E-01
8.84110389E+00 7.61911348861080001E-02 1.12015295059692734E-02 2.26891728220635996E-01
8.84817131E+00 7.61108595424706824E-02 1.11872959206621818E-02 2.27098608756260312E-01
8.85522763E+00 7.60308114119033623E-02 1.11731329732580285E-02 2.27303389308818937E-01
8.86227421E+00 7.59509740489294066E-02 1.11590328893126228E-02 2.27506162523949396E-01
8.86931054E+00 7.58713525490348067E-02 1.11449906349794011E-02 2.27706950059341551E-01
8.87633796E+00 7.57919309526190882E-02 1.11309987822302316E-02 2.27905818273397509E-01
8.88335798E+00 7.57126914929225764E-02 1.11170490772338221E-02 2.28102846563173034E-01
8.89037211E+00 7.56336164845014119E-02 1.11031332437617741E-02 2.28298110566025919E-01
8.89738186E+00 7.55546883487510923E-02 1.10892429873245806E-02 2.28491685136587130E-01
8.90438876E+00 7.54758896364949305E-02 1.10753700633736685E-02 2.28683644072324971E-01
8.91139431E+00 7.53972030546948696E-02 1.10615063050205804E-02 2.28874060126488588E-01
8.91840002E+00 7.53186114985792410E-02 1.10476435942313076E-02 2.29063004735976433E-01
8.92540740E+00 7.52400980873664388E-02 1.10337738611365564E-02 2.29250547993126025E-01
8.93241792E+00 7.51616462001836877E-02 1.10198891098697033E-02 2.29436758721195261E-01
8.93943305E+00 7.50832395069982311E-02 1.10059813999798268E-02 2.29621704569427099E-01
8.94644446E+00 7.50049712640672994E-02 1.09920587291458521E-02 2.29805219703116570E-01
8.95344978E+00 7.49268675749238250E-02 1.09781227883876190E-02 2.29987245814242264E-01
8.96045042E+00 7.48489126317788966E-02 1.09641669642055080E-02 2.30167859520031964E-01
8.96744778E+00 7.47710907548285592E-02 1.09501832835834836E-02 2.30347136306112449E-01
8.97444326E+00 7.46933864020227212E-02 1.09361639446961256E-02 2.30525145651450825E-01
8.98143826E+00 7.46157841847352316E-02 1.09221015743982981E-02 2.30701956480490189E-01
8.98843417E+00 7.45382688875203953E-02 1.09079892974035773E-02 2.30877636476898268E-01
8.99543238E+00 7.44608254847166084E-02 1.08938207321761654E-02 2.31052252023769555E-01
9.00243427E+00 7.43834391561813552E-02 1.08795899590218344E-02 2.31225868401907619E-01
9.00944119E+00 7.43060953037065763E-02 1.08652914170683460E-02 2.31398549832902728E-01
9.01645451E+00 7.42287795657319283E-02 1.08509197732331013E-02 2.31570359605569515E-01
9.02347556E+00 7.41514778275417230E-02 1.08364698352422465E-02 2.31741360140025915E-01
9.03050567E+00 7.40741762255262698E-02 1.08219365303664945E-02 2.31911612940086276E-01
9.03754590E+00 7.39968638722536542E-02 1.08073153372456286E-02 2.32081173203359775E-01
9.04458843E+00 7.39196273918604485E-02 1.07926171716282698E-02 2.32249904136022423E-01
9.05162981E+00 7.38425049185523763E-02 1.07778493009862211E-02 2.32417727060340390E-01
9.05867147E+00 7.37654813749059057E-02 1.07630094156442296E-02 2.32584707089667969E-01
9.06571481E+00 7.36885418744219894E-02 1.07480935461650648E-02 2.32750915947811554E-01
9.07276122E+00 7.36116717312776253E-02 1.07330978980760203E-02 2.32916414337191707E-01
9.07981211E+00 7.35348564671297472E-02 1.07180190650788872E-02 2.33081262608858086E-01
9.08686883E+00 7.34580818231746757E-02 1.07028543815468474E-02 2.33245519578391236E-01
9.09393277E+00 7.33813337761363149E-02 1.06876019599308446E-02 2.33409244046808240E-01
9.10100526E+00 7.33045985457167898E-02 1.06722605718877588E-02 2.33572493417159688E-01
9.10808764E+00 7.32278625991458487E-02 1.06568295299376628E-02 2.33735323815575435E-01
9.11518123E+00 7.31511126554062197E-02 1.06413085096210523E-02 2.33897790761431745E-01
9.12228732E+00 7.30743356885624057E-02 1.06256973735943203E-02 2.34059948689087249E-01
9.12940718E+00 7.29975189289075732E-02 1.06099960673340828E-02 2.34221851026792965E-01
9.13654209E+00 7.29206498602396197E-02 1.05942046083666846E-02 2.34383549928521145E-01
9.14369329E+00 7.28437162111237324E-02 1.05783231354129557E-02 2.34545095864140241E-01
9.15085249E+00 7.27668081398148286E-02 1.05623692800238308E-02 2.34706346651163661E-01
9.15801646E+00 7.26899610377172711E-02 1.05463560407782313E-02 2.34867222237405610E-01
9.16518651E+00 7.26131614149945759E-02 1.05302866897519238E-02 2.35027776543010658E-01
9.17236396E+00 7.25363959624255455E-02 1.05141632791412240E-02 2.35188066547930702E-01
9.17955009E+00 7.24596515514898953E-02 1.04979884942653246E-02 2.35348141329435878E-01
9.18674619E+00 7.23829152369336176E-02 1.04817655112253317E-02 2.35508049581581141E-01
9.19395354E+00 7.23061742610528330E-02 1.04654978815769233E-02 2.35667838882982095E-01
9.20117338E+00 7.22294160594443152E-02 1.04491894954780347E-02 2.35827555662723815E-01
9.20840695E+00 7.21526282670759550E-02 1.04328446284813400E-02 2.35987244678623254E-01
9.21565547E+00 7.20757987235565584E-02 1.04164679849281152E-02 2.36146948883013019E-01
9.22292015E+00 7.19989154760434930E-02 1.04000646576818626E-02 2.36306709362604866E-01
9.23020218E+00 7.19219667785891137E-02 1.03836400394496844E-02 2.36466565578341364E-01
9.23750273E+00 7.18449410873644445E-02 1.03671997073467026E-02 2.36626555600731620E-01
9.24482295E+00 7.17678270517150829E-02 1.03507493398533271E-02 2.36786716434731537E-01
9.25216399E+00 7.16906135009317408E-02 1.03342947649901849E-02 2.36947084321189883E-01
9.25952698E+00 7.16132894262790504E-02 1.03178421299093079E-02 2.37107694552134485E-01
9.26690789E+00 7.15358977570961230E-02 1.03014073706187721E-02 2.37268480670421472E-01
9.27429882E+00 7.14585217860961713E-02 1.02850160926934945E-02 2.37429280338812859E-01
9.28170098E+00 7.13811488161835983E-02 1.02686795842696198E-02 2.37590104423736931E-01
9.28911559E+00 7.13037662796258548E-02 1.02524058825561523E-02 2.37751000624674275E-01
9.29654385E+00 7.12263617336598709E-02 1.02362033879744522E-02 2.37911998312071910E-01
9.30398695E+00 7.11489228623948117E-02 1.02200805845336102E-02 2.38073128582137139E-01
9.31144607E+00 7.10714374820826250E-02 1.02040458463915507E-02 2.38234420701161353E-01
9.31892237E+00 7.09938935479456079E-02 1.01881073668555824E-02 2.38395903089251460E-01
9.32641698E+00 7.09162791601002651E-02 1.01722732255235659E-02 2.38557602934559687E-01
9.33393105E+00 7.08385825664247237E-02 1.01565515949550642E-02 2.38719546124791404E-01
9.34146569E+00 7.07607921624025527E-02 1.01409509808529971E-02 2.38881756714423299E-01
9.34902200E+00 7.06828964880664296E-02 1.01254803220947095E-02 2.39044256899069746E-01
9.35660106E+00 7.06048842216072947E-02 1.01101489625644268E-02 2.39207067126221168E-01
9.36420361E+00 7.05267476637994745E-02 1.00949670948409370E-02 2.39370199456336807E-01
9.37182791E+00 7.04485043426133911E-02 1.00799490680520114E-02 2.39533615719791815E-01
9.37947497E+00 7.03701432977084096E-02 1.00651054416968054E-02 2.39697323312504290E-01
9.38714583E+00 7.02916536581509321E-02 1.00504455779022554E-02 2.39861340483953245E-01
9.39484146E+00 7.02130246387842744E-02 1.00359785876455616E-02 2.40025679540767062E-01
9.40256287E+00 7.01342455371103124E-02 1.00217132947662234E-02 2.40190352033058496E-01
9.41031103E+00 7.00553057280104141E-02 1.00076582421618904E-02 2.40355367713134760E-01
9.41807875E+00 6.99762775016178340E-02 9.99383355366796275E-03 2.40520576683396770E-01
9.42586444E+00 6.98971759553349420E-02 9.98025272610245442E-03 2.40685912335132313E-01
9.43366920E+00 6.98179885117297949E-02 9.96692301153318493E-03 2.40851387031725012E-01
9.44149414E+00 6.97387026850427721E-02 9.95385056984760853E-03 2.41017010870639675E-01
9.44934034E+00 6.96593060790918484E-02 9.94104128831729134E-03 2.41182790852981083E-01
9.45720889E+00 6.95797863876281980E-02 9.92850068843508828E-03 2.41348733083590006E-01
9.46510086E+00 6.95001313952825633E-02 9.91623381543142723E-03 2.41514842442403760E-01
9.47301730E+00 6.94203289792665323E-02 9.90424515081910796E-03 2.41681122359175243E-01
9.48095925E+00 6.93403671118889980E-02 9.89253857452216182E-03 2.41847574589516667E-01
9.48892661E+00 6.92602452551988462E-02 9.88111872323941230E-03 2.42014177469311365E-01
9.49691699E+00 6.91799858348247226E-02 9.86999242887699919E-03 2.42180861256929364E-01
9.50493137E+00 6.90995771688860394E-02 9.85916219640733428E-03 2.42347615320309795E-01
9.51297074E+00 6.90190076473418124E-02 9.84862925647450940E-03 2.42514439587044828E-01
9.52103607E+00 6.89382657288580558E-02 9.83839436114040261E-03 2.42681328212989711E-01
9.52912832E+00 6.88573399399546038E-02 9.82845775997361927E-03 2.42848274891777821E-01
9.53724846E+00 6.87762188755260268E-02 9.81881916080998111E-03 2.43015271793284415E-01
9.54539743E+00 6.86948912007922796E-02 9.80947768366944792E-03 2.43182309590551815E-01
9.55357618E+00 6.86133456543354392E-02 9.80043183092589587E-03 2.43349377341835760E-01
9.56178564E+00 6.85315710513265675E-02 9.79167950159087405E-03 2.43516462667084460E-01
9.57002675E+00 6.84495562856959477E-02 9.78321805156895374E-03 2.43683551965273054E-01
9.57830042E+00 6.83672903304761992E-02 9.77504436481363599E-03 2.43850630481477926E-01
9.58660758E+00 6.82847622364872175E-02 9.76715488997142826E-03 2.44017682260129709E-01
9.59494738E+00 6.82019784505800281E-02 9.75954700790464431E-03 2.44184658051289888E-01
9.60331735E+00 6.81189615985702546E-02 9.75221881271149879E-03 2.44351473875369679E-01
9.61171838E+00 6.80357010026300113E-02 9.74516512969817242E-03 2.44518104906467831E-01
9.62015134E+00 6.79521860614632489E-02 9.73838002792380177E-03 2.44684534834606338E-01
9.62861711E+00 6.78684062462387300E-02 9.73185728348968312E-03 2.44850742634942359E-01
9.63711456E+00 6.77843707513151733E-02 9.72559178226866002E-03 2.45016671205621206E-01
9.64563762E+00 6.77001377914028118E-02 9.71958128657988453E-03 2.45182170030807917E-01
9.65418726E+00 6.76156957014839716E-02 9.71381849411228487E-03 2.45347206840479698E-01
9.66276446E+00 6.75310329002152959E-02 9.70829546958328245E-03 2.45511769064618329E-01
9.67137021E+00 6.74461378833434433E-02 9.70300406770034998E-03 2.45675836043977025E-01
9.68000548E+00 6.73609992235780358E-02 9.69793597995037213E-03 2.45839387632644873E-01
9.68867126E+00 6.72756055718172624E-02 9.69308282990856591E-03 2.46002402912979340E-01
9.69736850E+00 6.71899456583473637E-02 9.68843623824814162E-03 2.46164860427645543E-01
9.70609818E+00 6.71040082941093685E-02 9.68398780926095840E-03 2.46326738014776780E-01
9.71486128E+00 6.70177823719946136E-02 9.67972907175291587E-03 2.46488012769503106E-01
9.72365877E+00 6.69312568675062558E-02 9.67565145385112201E-03 2.46648661081361881E-01
9.73249160E+00 6.68444208382439620E-02 9.67174634841302949E-03 2.46808658791947910E-01
9.74136075E+00 6.67572634223633360E-02 9.66800524891323239E-03 2.46967981395965624E-01
9.75026717E+00 6.66697738368001447E-02 9.66441984486374021E-03 2.47126604124280058E-01
9.75921184E+00 6.65819413755043971E-02 9.66098196457415570E-03 2.47284501851739585E-01
9.76819491E+00 6.64937633554895657E-02 9.65768369486529922E-03 2.47441635937461463E-01
9.77721164E+00 6.64052849715352500E-02 9.65451862747195369E-03 2.47597888386765413E-01
9.78626295E+00 6.63164961740169839E-02 9.65147764051187997E-03 2.47753225083581247E-01
9.79534976E+00 6.62273869956000599E-02 9.64855174728239395E-03 2.47907625703740697E-01
9.80447296E+00 6.61379475432830460E-02 9.64573223685260932E-03 2.48061065700687117E-01
9.81363349E+00 6.60481679958004053E-02 9.64301083408431250E-03 2.48213521399265502E-01
9.82283224E+00 6.59580386020716947E-02 9.64037958802855394E-03 2.48364969202647806E-01
9.83207013E+00 6.58675496796915366E-02 9.63783057486251697E-03 2.48515385581559917E-01
9.84134808E+00 6.57766916138138313E-02 9.63535565757219978E-03 2.48664747037620537E-01
9.85066701E+00 6.56854548569895946E-02 9.63294648016059865E-03 2.48813030277583142E-01
9.86002783E+00 6.55938299298056693E-02 9.63059466365902284E-03 2.48960212495257377E-01
9.86943146E+00 6.55018074215464735E-02 9.62829199349836233E-03 2.49106271571014753E-01
9.87887883E+00 6.54093779899999062E-02 9.62603043459386506E-03 2.49251186033061012E-01
9.88837086E+00 6.53165323603792092E-02 9.62380201562484765E-03 2.49394934889614395E-01
9.89790847E+00 6.52232613238931946E-02 9.62159872310226066E-03 2.49537497623911281E-01
9.90749260E+00 6.51295557367058409E-02 9.61941246912309013E-03 2.49678854351736340E-01
9.91708496E+00 6.50357896164128618E-02 9.61724586408558776E-03 2.49818463562692467E-01
9.92666857E+00 6.49421285213816757E-02 9.61509301195882966E-03 2.49956030907938331E-01
9.93624412E+00 6.48485654837432784E-02 9.61294444188204138E-03 2.50091563900603442E-01
9.94581229E+00 6.47550937410708710E-02 9.61079193713620591E-03 2.50225084272974352E-01
9.95537376E+00 6.46617068439072906E-02 9.60862756241242545E-03 2.50356606304885931E-01
9.96492912E+00 6.45683992517755295E-02 9.60644371696914127E-03 2.50486145606633737E-01
9.97447749E+00 6.44751795857633481E-02 9.60423345354879075E-03 2.50613701089875796E-01
9.98401854E+00 6.43820514885081047E-02 9.60198975010200483E-03 2.50739277553537254E-01
9.99355299E+00 6.42890083117803462E-02 9.59970537233153717E-03 2.50862895570020450E-01
1.00030816E+01 6.41960436602667384E-02 9.59737317590932809E-03 2.50984577777500883E-01
1.00126049E+01 6.41031513872219738E-02 9.59498606680969646E-03 2.51104347169556263E-01
1.00221237E+01 6.40103255835763330E-02 9.59253701793286347E-03 2.51222227597913628E-01
1.00316387E+01 6.39175605675911251E-02 9.59001907588099244E-03 2.51338243420973106E-01
1.00411498E+01 6.38248559921805875E-02 9.58742553546910320E-03 2.51452413726254320E-01
1.00506569E+01 6.37322161610884841E-02 9.58474993717448563E-03 2.51564752778177636E-01
1.00601604E+01 6.36396359750901336E-02 9.58198564632653689E-03 2.51675286019014788E-01
1.00696611E+01 6.35471105293174687E-02 9.57912619055456549E-03 2.51784041079754883E-01
1.00791595E+01 6.34546351075228471E-02 9.57616517930362163E-03 2.51891045348593190E-01
1.00886561E+01 6.33622051735378000E-02 9.57309626686840207E-03 2.51996326639854384E-01
1.00981516E+01 6.32698163634179966E-02 9.56991314591285926E-03 2.52099913009216803E-01
1.01076465E+01 6.31774644779031364E-02 9.56660956863276089E-03 2.52201832750776678E-01
1.01171413E+01 6.30851454749850327E-02 9.56317937120619056E-03 2.52302114408112288E-01
1.01266367E+01 6.29928554626490583E-02 9.55961647819190963E-03 2.52400786788619769E-01
1.01361331E+01 6.29005906917843999E-02 9.55591488611158557E-03 2.52497878894382966E-01
1.01456310E+01 6.28083475493971394E-02 9.55206864994847561E-03 2.52593419815548059E-01
1.01551311E+01 6.27161225521224025E-02 9.54807189244141243E-03 2.52687438683328658E-01
1.01646337E+01 6.26239123400111897E-02 9.54391883026798477E-03 2.52779964685509728E-01
1.01741394E+01 6.25317136705566684E-02 9.53960379659398588E-03 2.52871027081420341E-01
1.01836488E+01 6.24395234127747348E-02 9.53512124777707720E-03 2.52960655204660045E-01
1.01931622E+01 6.23473385413412240E-02 9.53046575717209077E-03 2.53048878437706459E-01
1.02026802E+01 6.22551561308061913E-02 9.52563200326959729E-03 2.53135726152225071E-01
1.02122033E+01 6.21629733499625137E-02 9.52061475725871770E-03 2.53221227653383618E-01
1.02217320E+01 6.20707874563401971E-02 9.51540888027427138E-03 2.53305412129770813E-01
1.02312667E+01 6.19785957907349264E-02 9.51000933605636832E-03 2.53388308615327462E-01
1.02408075E+01 6.18863993703221565E-02 9.50441140987869776E-03 2.53469943255268282E-01
1.02503523E+01 6.17942214614491669E-02 9.49861184115210859E-03 2.53550324960921891E-01
1.02598997E+01 6.17020775535238736E-02 9.49260730518792194E-03 2.53629465804937781E-01
1.02694497E+01 6.16099681415140515E-02 9.48639377583339501E-03 2.53707392885843541E-01
1.02790029E+01 6.15178915370929724E-02 9.47996714129715166E-03 2.53784136514508818E-01
1.02885596E+01 6.14258461132385358E-02 9.47332338615812335E-03 2.53859726030036703E-01
1.02981202E+01 6.13338302975203822E-02 9.46645861017020307E-03 2.53934190522867198E-01
1.03076851E+01 6.12418425668222050E-02 9.45936902948297208E-03 2.54007558885067264E-01
1.03172547E+01 6.11498814422866688E-02 9.45205097002974233E-03 2.54079859862916868E-01
1.03268294E+01 6.10579454843415692E-02 9.44450085980879164E-03 2.54151122018486608E-01
1.03364096E+01 6.09660332878740191E-02 9.43671522374610675E-03 2.54221373690194652E-01
1.03459956E+01 6.08741434775749990E-02 9.42869067824770798E-03 2.54290642992758054E-01
1.03555878E+01 6.07822747034992769E-02 9.42042392143623702E-03 2.54358957883146330E-01
1.03651868E+01 6.06904256367820916E-02 9.41191171836685582E-03 2.54426346228264155E-01
1.03747927E+01 6.05985949655103093E-02 9.40315088422821223E-03 2.54492835830799624E-01
1.03844062E+01 6.05067813906685487E-02 9.39413827060540593E-03 2.54558454409703760E-01
1.03940274E+01 6.04149836220568559E-02 9.38487075815823760E-03 2.54623229551535712E-01
1.04036570E+01 6.03232003741618963E-02 9.37534525546442586E-03 2.54687188685857546E-01
1.04132952E+01 6.02314303620037350E-02 9.36555869892456358E-03 2.54750359135103133E-01
1.04229426E+01 6.01396722971643122E-02 9.35550804642818271E-03 2.54812768192244521E-01
1.04325994E+01 6.00479248840604038E-02 9.34519026377349064E-03 2.54874443153627339E-01
1.04422662E+01 5.99561868164085743E-02 9.33460231111123313E-03 2.54935411283487678E-01
1.04519434E+01 5.98644567737883979E-02 9.32374113646376214E-03 2.54995699763935380E-01
1.04616299E+01 5.97727473871291007E-02 9.31260511569536285E-03 2.55055328327860598E-01
1.04713261E+01 5.96810587331296077E-02 9.30119169875111632E-03 2.55114320697317931E-01
1.04810323E+01 5.95893895725787201E-02 9.28949797554458508E-03 2.55172705469628835E-01
1.04907491E+01 5.94977386466968641E-02 9.27752099103920300E-03 2.55230509788748283E-01
1.05004768E+01 5.94061046727256681E-02 9.26525775168194135E-03 2.55287761271162095E-01
1.05102160E+01 5.93144863411943155E-02 9.25270521140099389E-03 2.55344487401561016E-01
1.05199671E+01 5.92228823132615878E-02 9.23986027383145656E-03 2.55400715818564439E-01
1.05297305E+01 5.91312912180450498E-02 9.22671980759348295E-03 2.55456474231478547E-01
1.05395065E+01 5.90397140197467321E-02 9.21328094828770087E-03 2.55511789315870375E-01
1.05492956E+01 5.89481502221431142E-02 9.19954071734773761E-03 2.55566688009452148E-01
1.05590981E+01 5.88565983912214333E-02 9.18549597720011261E-03 2.55621198259752269E-01
1.05689147E+01 5.87650570510429918E-02 9.17114354959183697E-03 2.55675347872616976E-01
1.05787458E+01 5.86735246801964871E-02 9.15648024586761429E-03 2.55729164488228300E-01
1.05885920E+01 5.85819997095272382E-02 9.14150287912209383E-03 2.55782675581913088E-01
1.05984538E+01 5.84904805198913635E-02 9.12620827711442192E-03 2.55835908447378357E-01
1.06083319E+01 5.83989654400711017E-02 9.11059328755518989E-03 2.55888890118906087E-01
1.06182267E+01 5.83074527448453062E-02 9.09465477432680122E-03 2.55941647269453232E-01
1.06281388E+01 5.82159406531995022E-02 9.07838961646212708E-03 2.55994206178796702E-01
1.06380690E+01 5.81244273265861186E-02 9.06179471965999975E-03 2.56046592718321531E-01
1.06480177E+01 5.80329108672221136E-02 9.04486703769874500E-03 2.56098832312235014E-01
1.06579819E+01 5.79414246084151430E-02 9.02760904801334918E-03 2.56150934458490298E-01
1.06679596E+01 5.78499889268023967E-02 9.01002296399020484E-03 2.56202905797153158E-01
1.06779511E+01 5.77586055761472733E-02 8.99210801622112900E-03 2.56254767887747870E-01
1.06879557E+01 5.76672850122802241E-02 8.97386438250636319E-03 2.56306538868599776E-01
1.06979739E+01 5.75760258151238741E-02 8.95529089300461413E-03 2.56358237680713641E-01
1.07080063E+01 5.74848265068364297E-02 8.93638608443679539E-03 2.56409886311486312E-01
1.07180535E+01 5.73936855320446235E-02 8.91714864610490543E-03 2.56461503620138143E-01
1.07281161E+01 5.73026012538416368E-02 8.89757743053892422E-03 2.56513107956728215E-01
1.07381948E+01 5.72115719500497638E-02 8.87767145609902851E-03 2.56564716026205619E-01
1.07482902E+01 5.71205958096577676E-02 8.85742990860002161E-03 2.56616343143952264E-01
1.07584029E+01 5.70296709294820445E-02 8.83685214704280943E-03 2.56668002938521156E-01
1.07685337E+01 5.69387953109468659E-02 8.81593771271469567E-03 2.56719707278904252E-01
1.07786824E+01 5.68479750241214984E-02 8.79468788519619828E-03 2.56771462655119853E-01
1.07888494E+01 5.67572099661303175E-02 8.77310345786837600E-03 2.56823274410263591E-01
1.07990339E+01 5.66665116524694285E-02 8.75118746866629035E-03 2.56875143331615208E-01
1.08092285E+01 5.65759507874974144E-02 8.72895563194224337E-03 2.56927038199553148E-01
1.08194327E+01 5.64855342063293533E-02 8.70641491193804504E-03 2.56978941396007854E-01
1.08296472E+01 5.63952603353743767E-02 8.68356789148043776E-03 2.57030858921694916E-01
1.08398726E+01 5.63051273975187783E-02 8.66041694021045180E-03 2.57082786095467919E-01
1.08501095E+01 5.62151333976022641E-02 8.63696460122797757E-03 2.57134718443036758E-01
1.08603583E+01 5.61252789338227837E-02 8.61321417819148165E-03 2.57186646853284240E-01
1.08706186E+01 5.60355712936581665E-02 8.58917080089816043E-03 2.57238556860316547E-01
1.08808911E+01 5.59460078620174772E-02 8.56483814074449935E-03 2.57290434714085858E-01
1.08911766E+01 5.58565857964851004E-02 8.54021951266317400E-03 2.57342267592641172E-01
1.09014758E+01 5.57673020116144363E-02 8.51531839112155790E-03 2.57394039012577291E-01
1.09117895E+01 5.56781538654847960E-02 8.49013856357082840E-03 2.57445730484336721E-01
1.09221184E+01 5.55891395994848742E-02 8.46468425830018689E-03 2.57497320523541906E-01
1.09324629E+01 5.55002581811732398E-02 8.43896010948284522E-03 2.57548785077409526E-01
1.09428237E+01 5.54115080500406088E-02 8.41297082287730154E-03 2.57600098087100604E-01
1.09532017E+01 5.53228848274843824E-02 8.38672052299982256E-03 2.57651232880411529E-01
1.09635787E+01 5.52345481950846443E-02 8.36025250569684755E-03 2.57702087652597334E-01
1.09739293E+01 5.51467139702224579E-02 8.33363560634762211E-03 2.57752498133787478E-01
1.09842543E+01 5.50593764967520077E-02 8.30689083296744929E-03 2.57802406224423963E-01
1.09945544E+01 5.49725297851334435E-02 8.28002564147764519E-03 2.57851803407979141E-01
1.10048303E+01 5.48861731175971229E-02 8.25305077909618649E-03 2.57901961559461768E-01
1.10150828E+01 5.48002959786169988E-02 8.22597239159905680E-03 2.57950014640476177E-01
1.10253128E+01 5.47148901343171359E-02 8.19879594980514430E-03 2.57997805612667663E-01
1.10355210E+01 5.46299479219660780E-02 8.17152775462286381E-03 2.58044750342565632E-01
1.10457084E+01 5.45454616755622068E-02 8.14417427174020207E-03 2.58091113900984270E-01
1.10558758E+01 5.44614235387996248E-02 8.11674188491203624E-03 2.58136742149269016E-01
1.10660243E+01 5.43778254079775591E-02 8.08923680692073474E-03 2.58181658665521341E-01
1.10761548E+01 5.42946589185052328E-02 8.06166504249387038E-03 2.58225807519661454E-01
1.10862683E+01 5.42119154462211705E-02 8.03403236668784326E-03 2.58269168751300626E-01
1.10963659E+01 5.41295861140317081E-02 8.00634430937987793E-03 2.58311706532386554E-01
1.11064486E+01 5.40476618008241261E-02 7.97860614708365869E-03 2.58353392646454627E-01
1.11165176E+01 5.39661331520551665E-02 7.95082290470653166E-03 2.58394195855425057E-01
1.11265695E+01 5.38850273226161233E-02 7.92300935817038393E-03 2.58434072667454884E-01
1.11365980E+01 5.38043938822643508E-02 7.89518911713633573E-03 2.58472964256442561E-01
1.11466041E+01 5.37242235404345111E-02 7.86737148756437056E-03 2.58510836748902517E-01
1.11565888E+01 5.36445067530658820E-02 7.83956136229843614E-03 2.58547671932647494E-01
1.11665532E+01 5.35652337320825581E-02 7.81176339197478791E-03 2.58583443062762763E-01
1.11764983E+01 5.34863944602976885E-02 7.78398198426603558E-03 2.58618127176829748E-01
1.11864254E+01 5.34079787096072081E-02 7.75622129849717640E-03 2.58651700359750214E-01
1.11963356E+01 5.33299760602584175E-02 7.72848523772038699E-03 2.58684140275159957E-01
1.12062301E+01 5.32523759193527790E-02 7.70077744118965232E-03 2.58715424929271687E-01
1.12161100E+01 5.31751675373782831E-02 7.67310127939939066E-03 2.58745533270205608E-01
1.12259768E+01 5.30983400220006313E-02 7.64545985340569449E-03 2.58774444846905427E-01
1.12358315E+01 5.30218823486822213E-02 7.61785599992626655E-03 2.58802139931982811E-01
1.12456755E+01 5.29457833680874387E-02 7.59029230355909128E-03 2.58828599409875515E-01
1.12555103E+01 5.28700318104349323E-02 7.56277111588863488E-03 2.58853804789026309E-01
1.12653370E+01 5.27946162873331390E-02 7.53529457830635300E-03 2.58863058340192520E-01
1.12751571E+01 5.27195252921672797E-02 7.50786464332605773E-03 2.58919582263113235E-01
1.12849720E+01 5.26447472007023839E-02 7.48048309058708775E-03 2.58920558230768372E-01
1.12947707E+01 5.25703648525335937E-02 7.45317900565215484E-03 2.58925287466615806E-01
1.13045523E+01 5.24963821838039871E-02 7.42596585816127953E-03 2.58976672636787808E-01
1.13143183E+01 5.24227871567851805E-02 7.39884631618269867E-03 2.58977613391611405E-01
1.13240701E+01 5.23495676124399664E-02 7.37182162010434263E-03 2.58981313333818797E-01
1.13338089E+01 5.22767112789226246E-02 7.34489279809139809E-03 2.59018347769534862E-01
1.13435364E+01 5.22042057862373426E-02 7.31806067760407564E-03 2.59019996757253679E-01
1.13532538E+01 5.21320386822346493E-02 7.29132590134010800E-03 2.59023726588051839E-01
1.13629628E+01 5.20601974459586267E-02 7.26468894218274767E-03 2.59052164540646723E-01
1.13726647E+01 5.19886694971723046E-02 7.23815011389995853E-03 2.59053347850127458E-01
1.13823613E+01 5.19174422014861484E-02 7.21170957633746057E-03 2.59055315315440848E-01
1.13920539E+01 5.18465028704509431E-02 7.18536733675557288E-03 2.59058900364245503E-01
1.14017442E+01 5.17758387575172549E-02 7.15912324994543228E-03 2.59064600058758532E-01
1.14114339E+01 5.17054370508795852E-02 7.13297701979754336E-03 2.59070849526851832E-01
1.14211211E+01 5.16353091998797073E-02 7.10693535723321956E-03 2.59076270151239130E-01
1.14307947E+01 5.15655350917904112E-02 7.08102684182399401E-03 2.59079378342160938E-01
1.14404562E+01 5.14961013147877331E-02 7.05525776465821229E-03 2.59080245204221515E-01
1.14501071E+01 5.14269943923213110E-02 7.02962706473148676E-03 2.59078629857808662E-01
1.14597492E+01 5.13582007789406478E-02 7.00413354391466163E-03 2.59074079632255816E-01
1.14693842E+01 5.12897068681722954E-02 6.97877587631706882E-03 2.59047882196802304E-01
1.14790136E+01 5.12214990039503160E-02 6.95355261818759139E-03 2.59048477193501936E-01
1.14886392E+01 5.11535634898137095E-02 6.92846221641495869E-03 2.59048464638792886E-01
1.14982628E+01 5.10858865937511772E-02 6.90350301461351012E-03 2.59045598798459398E-01
1.15078861E+01 5.10184545474317158E-02 6.87867325665516335E-03 2.59012443282879978E-01
1.15175110E+01 5.09512535401216646E-02 6.85397108848025908E-03 2.59011231232786965E-01
1.15271392E+01 5.08842697080514328E-02 6.82939456032200659E-03 2.59006456278059904E-01
1.15367684E+01 5.08175184288068016E-02 6.80495014105650907E-03 2.58962275625427785E-01
1.15463871E+01 5.07510780813426807E-02 6.78066463425065942E-03 2.58961633903833977E-01
1.15559970E+01 5.06849341102985351E-02 6.75654237957025190E-03 2.58956555714692338E-01
1.15656000E+01 5.06190719088211727E-02 6.73258059866682808E-03 2.58901633488762883E-01
1.15751980E+01 5.05534768109065710E-02 6.70877642438909034E-03 2.58900783175678051E-01
1.15847929E+01 5.04881340962555353E-02 6.68512690682187931E-03 2.58874899691805493E-01
1.15943866E+01 5.04230289986257879E-02 6.66162901996158758E-03 2.58847400705961350E-01
1.16039811E+01 5.03581467109403338E-02 6.63827966682126007E-03 2.58821154714979518E-01
1.16135784E+01 5.02934723854804727E-02 6.61507568264833954E-03 2.58792453958774593E-01
1.16231805E+01 5.02289911284753282E-02 6.59201383686076024E-03 2.58762764913978482E-01
1.16327895E+01 5.01646879901444173E-02 6.56909083472381489E-03 2.58731288510770929E-01
1.16423986E+01 5.01006077882323320E-02 6.54632022558752306E-03 2.58698448040063533E-01
1.16519998E+01 5.00368010754968784E-02 6.52372121728925919E-03 2.58664085490031892E-01
1.16615953E+01 4.99732521369206650E-02 6.50129445414157105E-03 2.58628314404786619E-01
1.16711871E+01 4.99099452022700174E-02 6.47903571129166723E-03 2.58591072647414988E-01
1.16807774E+01 4.98468644399008703E-02 6.45694069952371368E-03 2.58552386795322775E-01
1.16903684E+01 4.97839939616634072E-02 6.43500506655974355E-03 2.58512241053847069E-01
1.16999622E+01 4.97213178292787369E-02 6.41322439791488369E-03 2.58470638469866620E-01
1.17095612E+01 4.96588200576743577E-02 6.39159421656124681E-03 2.58427571642789344E-01
1.17191677E+01 4.95964846135357948E-02 6.37010998160838973E-03 2.58383036392818677E-01
1.17287839E+01 4.95342954094890112E-02 6.34876708775826241E-03 2.58337025513033169E-01
1.17383990E+01 4.94723209355720714E-02 6.32758394759572705E-03 2.58289583363121467E-01
1.17480084E+01 4.94105894462742723E-02 6.30657338469347087E-03 2.58240762650561062E-01
1.17576145E+01 4.93490839951471263E-02 6.28573290405749167E-03 2.58190560753962572E-01
1.17672197E+01 4.92877875798593962E-02 6.26505685699209336E-03 2.58138972230578800E-01
1.17768263E+01 4.92266831371143340E-02 6.24453955603598322E-03 2.58085994493384319E-01
1.17864369E+01 4.91657535478933413E-02 6.22417528785385379E-03 2.58031623334181615E-01
1.17960539E+01 4.91049816443972637E-02 6.20395832498425379E-03 2.57975853523889131E-01
1.18056799E+01 4.90443502145439525E-02 6.18388293567566881E-03 2.57918678518435751E-01
1.18153176E+01 4.89838420031075486E-02 6.16394339305124158E-03 2.57860090618400650E-01
1.18249567E+01 4.89235200019496191E-02 6.14415506758035114E-03 2.57800150782340698E-01
1.18345912E+01 4.88634193756932456E-02 6.12453087035301751E-03 2.57738921828980505E-01
1.18442240E+01 4.88035218634906842E-02 6.10506768622545194E-03 2.57676403907600715E-01
1.18538575E+01 4.87438091541348775E-02 6.08575894797139770E-03 2.57612588943821053E-01
1.18634947E+01 4.86842628815652156E-02 6.06659811024540339E-03 2.57547472739004024E-01
1.18731383E+01 4.86248646330905837E-02 6.04757865314558152E-03 2.57481049107410043E-01
1.18827911E+01 4.85655959609000848E-02 6.02869408692303932E-03 2.57413310761848757E-01
1.18924560E+01 4.85064383927880233E-02 6.00993795910886516E-03 2.57344249037706418E-01
1.19021314E+01 4.84474001650755798E-02 5.99131063468266462E-03 2.57273883140180959E-01
1.19118022E+01 4.83885728638798127E-02 5.97283506360763577E-03 2.57202331966763065E-01
1.19214714E+01 4.83299368099668128E-02 5.95451083288453271E-03 2.57129610953323429E-01
1.19311419E+01 4.82714722950245423E-02 5.93633072008164370E-03 2.57055704797429341E-01
1.19408169E+01 4.82131595742129465E-02 5.91828756980007382E-03 2.56980608236940522E-01
1.19504993E+01 4.81549788785878563E-02 5.90037429868000250E-03 2.56904313027457198E-01
1.19601924E+01 4.80969104346113951E-02 5.88258390336356216E-03 2.56826809995039484E-01
1.19698993E+01 4.80389344856918601E-02 5.86490947030100275E-03 2.56748088499952509E-01
1.19796154E+01 4.79810776471527381E-02 5.84735550561474738E-03 2.56668196466365350E-01
1.19893282E+01 4.79234139671255305E-02 5.82994063132853159E-03 2.56587255274261627E-01
1.19990409E+01 4.78659222243372415E-02 5.81266276637179037E-03 2.56505270582010725E-01
1.20087569E+01 4.78085811961087986E-02 5.79551434807235987E-03 2.56422226848401824E-01
1.20184796E+01 4.77513696663275436E-02 5.77848792558555840E-03 2.56338115130820110E-01
1.20282125E+01 4.76942664531939675E-02 5.76157615953276723E-03 2.56252924190452869E-01
1.20379591E+01 4.76372504440288891E-02 5.74477182538664019E-03 2.56166641689152819E-01
1.20477228E+01 4.75803006355307589E-02 5.72806782225233468E-03 2.56079254072149098E-01
1.20574845E+01 4.75235281809221061E-02 5.71148828816085436E-03 2.55990941171646169E-01
1.20672458E+01 4.74669221866864735E-02 5.69503557843503965E-03 2.55901731307193014E-01
1.20770104E+01 4.74104598554504278E-02 5.67870245491438556E-03 2.55811605103943462E-01
1.20867822E+01 4.73541184550735142E-02 5.66248114634048533E-03 2.55720549977882627E-01
1.20965648E+01 4.72978753589742562E-02 5.64636401971675608E-03 2.55628551825527850E-01
1.21063621E+01 4.72417080988399296E-02 5.63034358845007459E-03 2.55535595481675926E-01
1.21161779E+01 4.71855944252023568E-02 5.61441252815607795E-03 2.55441664740483798E-01
1.21259932E+01 4.71296425849665884E-02 5.59859345877595799E-03 2.55346952949900452E-01
1.21358091E+01 4.70738448189464559E-02 5.58288913049083922E-03 2.55251491819797838E-01
1.21456297E+01 4.70181767576174567E-02 5.56729232516885598E-03 2.55155258605832269E-01
1.21554591E+01 4.69626141941099570E-02 5.55179511409133620E-03 2.55058236048472164E-01
1.21653016E+01 4.69071331457886556E-02 5.53638976430821661E-03 2.54960406059153877E-01
1.21751611E+01 4.68517099307411491E-02 5.52106875102986294E-03 2.54861749752973266E-01
1.21850372E+01 4.67963472932091257E-02 5.50583058118553174E-03 2.54762292555875958E-01
1.21949120E+01 4.67411447915233452E-02 5.49069664255655634E-03 2.54662232793200438E-01
1.22047900E+01 4.66860763694910211E-02 5.47566516055218982E-03 2.54561566843693632E-01
1.22146756E+01 4.66311162249256131E-02 5.46072806230828676E-03 2.54460265173423628E-01
1.22245733E+01 4.65762388718935841E-02 5.44587752658052659E-03 2.54358307283593821E-01
1.22344876E+01 4.65214192338863977E-02 5.43110599777173533E-03 2.54255670958618063E-01
1.22444229E+01 4.64666327516061878E-02 5.41640620533444424E-03 2.54152333861468849E-01
1.22543637E+01 4.64119646762817320E-02 5.40179484557211983E-03 2.54048474125108337E-01
1.22643069E+01 4.63574302176360739E-02 5.38727870257686616E-03 2.53944159748834719E-01
1.22742576E+01 4.63030020265126560E-02 5.37285186277080152E-03 2.53839363294205200E-01
1.22842204E+01 4.62486531984473842E-02 5.35850655231172226E-03 2.53734056944851405E-01
1.22942003E+01 4.61943573832970730E-02 5.34423531472314785E-03 2.53628215001506785E-01
1.23042017E+01 4.61400889164086461E-02 5.33003104414497570E-03 2.53521811719417733E-01
1.23142158E+01 4.60858971116973187E-02 5.31590271073636902E-03 2.53414964151341793E-01
1.23242327E+01 4.60318333594127924E-02 5.30186325019397966E-03 2.53307804345138055E-01
1.23342577E+01 4.59778688985406775E-02 5.28790871096395006E-03 2.53200306522265939E-01
1.23442960E+01 4.59239755797481372E-02 5.27403156009628726E-03 2.53092436102152929E-01
1.23543526E+01 4.58701259951842938E-02 5.26022463307416425E-03 2.52984163715353427E-01
1.23644325E+01 4.58162936358863584E-02 5.24648117099285084E-03 2.52875460477523795E-01
1.23745281E+01 4.57625181691288935E-02 5.23280831366661810E-03 2.52766427866655652E-01
1.23846281E+01 4.57088600237095799E-02 5.21922052864612612E-03 2.52657217133222589E-01
1.23947380E+01 4.56552892567983620E-02 5.20571456541101419E-03 2.52547799293587949E-01
1.24048631E+01 4.56017767493588702E-02 5.19228327439508631E-03 2.52438135616042780E-01
1.24150088E+01 4.55482943622410458E-02 5.17891993042093792E-03 2.52328194029364405E-01
1.24251802E+01 4.54948151220701119E-02 5.16561825891062934E-03 2.52217943788872856E-01
1.24353673E+01 4.54413911017885058E-02 5.15238810900284401E-03 2.52107513851922926E-01
1.24455612E+01 4.53880686814450152E-02 5.13924164274979882E-03 2.51997030898560903E-01
1.24557677E+01 4.53348170794890329E-02 5.12617518869058156E-03 2.51886459935046658E-01
1.24659924E+01 4.52816066050465357E-02 5.11318194478370576E-03 2.51775760489822586E-01
1.24762407E+01 4.52284088458237976E-02 5.10025560065235136E-03 2.51664899015144883E-01
1.24865179E+01 4.51751968827776434E-02 5.08739037677242989E-03 2.51553844410547844E-01
1.24968080E+01 4.51220527888983522E-02 5.07460205387488122E-03 2.51442789630585917E-01
1.25071084E+01 4.50689900616201636E-02 5.06189755776530106E-03 2.51331797620148290E-01
1.25174249E+01 4.50159775577167881E-02 5.04927203735210453E-03 2.51220826212287418E-01
1.25277633E+01 4.49629855531713044E-02 5.03671909177553535E-03 2.51109836587159962E-01
1.25381291E+01 4.49099859646909377E-02 5.02423285125353468E-03 2.50998795748524850E-01
1.25485272E+01 4.48569536557323276E-02 5.01180822939340225E-03 2.50887676787315439E-01
1.25589335E+01 4.48040112509330568E-02 4.99946842912435494E-03 2.50776759379714609E-01
1.25693543E+01 4.47511262733906456E-02 4.98721313785323913E-03 2.50666013419028499E-01
1.25797955E+01 4.46982678443988563E-02 4.97503582219178259E-03 2.50555391395379912E-01
1.25902629E+01 4.46454069000467302E-02 4.96293051409546059E-03 2.50444859324190527E-01
1.26007618E+01 4.45925164411482694E-02 4.95089185431023520E-03 2.50334387413956250E-01
1.26112857E+01 4.45396291902174640E-02 4.93892571546880599E-03 2.50224070234988605E-01
1.26218227E+01 4.44868047903628563E-02 4.92704519886590607E-03 2.50114061929758269E-01
1.26323789E+01 4.44340113786696189E-02 4.91524748491659925E-03 2.50004325244943815E-01
1.26429604E+01 4.43812191178907522E-02 4.90352646990672818E-03 2.49894820627849346E-01
1.26535727E+01 4.43284004471082710E-02 4.89187666982810951E-03 2.49785518965209924E-01
1.26642206E+01 4.42755303458762031E-02 4.88029326218501411E-03 2.49676397140414480E-01
1.26748852E+01 4.42227035605014876E-02 4.86879288768965295E-03 2.49567679040017032E-01
1.26855682E+01 4.41699107361198592E-02 4.85737802026172533E-03 2.49459379815371834E-01
1.26962757E+01 4.41171215007465090E-02 4.84604329145583729E-03 2.49351460396832703E-01
1.27070133E+01 4.40643079999846546E-02 4.83478306100371819E-03 2.49243892326294875E-01
1.27177861E+01 4.40114451627102374E-02 4.82359237589668078E-03 2.49136655151716624E-01
1.27285889E+01 4.39585576790780808E-02 4.81247502537111762E-03 2.49029830346761627E-01
1.27394096E+01 4.39057058871444583E-02 4.80144258212272107E-03 2.48923573042045987E-01
1.27502541E+01 4.38528591459778558E-02 4.79049213959433298E-03 2.48817853088923652E-01
1.27611283E+01 4.37999896035707881E-02 4.77961791251133895E-03 2.48712641490217296E-01
1.27720371E+01 4.37470724572520328E-02 4.76881481838270331E-03 2.48607921790814979E-01
1.27829850E+01 4.36940862023574433E-02 4.75807850168828012E-03 2.48503685610447694E-01
1.27939533E+01 4.36411215995840471E-02 4.74742324775957736E-03 2.48400146749308631E-01
1.28049451E+01 4.35881628046491595E-02 4.73684939653932699E-03 2.48297311127886333E-01
1.28159660E+01 4.35351822968066057E-02 4.72635152298718757E-03 2.48195153127960755E-01
1.28270211E+01 4.34821558901281255E-02 4.71592439298661788E-03 2.48093660785973169E-01
1.28381147E+01 4.34290629684832702E-02 4.70556350897975446E-03 2.47992831578018658E-01
1.28492395E+01 4.33759381642524894E-02 4.69527329454179441E-03 2.47892769721083844E-01
1.28603875E+01 4.33228195524651832E-02 4.68506034348317290E-03 2.47793585956697787E-01
1.28715643E+01 4.32696803055408336E-02 4.67492088269826512E-03 2.47695264893204398E-01
1.28827747E+01 4.32164972301020064E-02 4.66484952852135384E-03 2.47597797973508171E-01
1.28940228E+01 4.31632509783103496E-02 4.65484164799901713E-03 2.47501189393286330E-01
1.29053119E+01 4.31099262011217718E-02 4.64489335751241180E-03 2.47405452509581986E-01
1.29166240E+01 4.30566074979365498E-02 4.63501610306437523E-03 2.47310782112322963E-01
1.29279645E+01 4.30032696046073332E-02 4.62520746121854783E-03 2.47217173523634870E-01
1.29393379E+01 4.29498907236783925E-02 4.61546196614633607E-03 2.47124622694094215E-01
1.29507480E+01 4.28964531707947613E-02 4.60577489496855150E-03 2.47033140904301257E-01
1.29621978E+01 4.28429434829851602E-02 4.59614227145936291E-03 2.46942748610923912E-01
1.29736806E+01 4.27893924474851833E-02 4.58656673954613812E-03 2.46853542777575624E-01
1.29851913E+01 4.27358244661404096E-02 4.57705115924474278E-03 2.46765607801033654E-01
1.29967340E+01 4.26822195514250241E-02 4.56759152891416439E-03 2.46678950455291923E-01
1.30083122E+01 4.26285620772101081E-02 4.55818311495726630E-03 2.46593586406916504E-01
1.30199283E+01 4.25748408263960515E-02 4.54882194071168540E-03 2.46509542693937628E-01
1.30315839E+01 4.25210489228217484E-02 4.53950474999556108E-03 2.46426854482862917E-01
1.30432699E+01 4.24672282445509586E-02 4.53023530521551136E-03 2.46345632867176589E-01
1.30549868E+01 4.24133763280904880E-02 4.52101231154798059E-03 2.46265917765080722E-01
1.30667376E+01 4.23594799869417560E-02 4.51183160037498237E-03 2.46187730213005385E-01
1.30785241E+01 4.23055305783842511E-02 4.50268932528302517E-03 2.46111101712224306E-01
1.30903475E+01 4.22515238475232660E-02 4.49358237105482606E-03 2.46036071698766262E-01
1.31022076E+01 4.21974596249002701E-02 4.48450829287217346E-03 2.45962685573144130E-01
1.31141022E+01 4.21433491591550052E-02 4.47546631474405807E-03 2.45891003938588232E-01
1.31260287E+01 4.20892048074788944E-02 4.46645608636324007E-03 2.45821087102310126E-01
1.31379882E+01 4.20350207688479569E-02 4.45747474799555992E-03 2.45752969341446803E-01
1.31499812E+01 4.19807955936287655E-02 4.44851953863114203E-03 2.45686690506063815E-01
1.31619982E+01 4.19265724354996872E-02 4.43959392563346086E-03 2.45622345696737798E-01
1.31740374E+01 4.18723592158290747E-02 4.43069774441928917E-03 2.45559981916359665E-01
1.31860981E+01 4.18181598110783440E-02 4.42182932184204212E-03 2.45499636351230566E-01
1.31981796E+01 4.17639765529896831E-02 4.41298669826928509E-03 2.45441345158182000E-01
1.32102804E+01 4.17098163517670914E-02 4.40416853261443603E-03 2.45385148260594543E-01
1.32223719E+01 4.16558072909558944E-02 4.39539001695900440E-03 2.45331208286807934E-01
1.32344547E+01 4.16019455166894078E-02 4.38665175710093933E-03 2.45279538085375864E-01
1.32465296E+01 4.15482270918103025E-02 4.37795086730355647E-03 2.45230138894676153E-01
1.32585974E+01 4.14946480903266926E-02 4.36928457197080424E-03 2.45183020099113608E-01
1.32706587E+01 4.14412045951611518E-02 4.36065020177467746E-03 2.45138189761389513E-01
1.32827143E+01 4.13878926990507989E-02 4.35204519009516240E-03 2.45095655189896428E-01
1.32947651E+01 4.13347085066774061E-02 4.34346707116044055E-03 2.45055422677056933E-01
1.33068117E+01 4.12816483525906552E-02 4.33491350768784242E-03 2.45017497754563329E-01
1.33188549E+01 4.12287088390423176E-02 4.32638229902670111E-03 2.44981885156985824E-01
1.33308953E+01 4.11758867393411040E-02 4.31787136436191828E-03 2.44948588680839824E-01
1.33429337E+01 4.11231781959917816E-02 4.30937862679279388E-03 2.44917610634964783E-01
1.33549668E+01 4.10705970858638234E-02 4.30090444906737306E-03 2.44888962079315403E-01
1.33669945E+01 4.10181439916763868E-02 4.29244796759048735E-03 2.44862644247811317E-01
1.33790175E+01 4.09658155127091833E-02 4.28400750829772189E-03 2.44838652168775289E-01
1.33910366E+01 4.09136074474671443E-02 4.27558126207212581E-03 2.44816980533346495E-01
1.34030527E+01 4.08615156049953812E-02 4.26716747441327742E-03 2.44797622756853434E-01
1.34150668E+01 4.08095358111363535E-02 4.25876446223390041E-03 2.44780570845773510E-01
1.34270799E+01 4.07576639153887019E-02 4.25037060970015566E-03 2.44765814609311794E-01
1.34390927E+01 4.07058957985416414E-02 4.24198436592451277E-03 2.44753340691492988E-01
1.34511062E+01 4.06542273809507720E-02 4.23360424428982120E-03 2.44749796963712324E-01
1.34631202E+01 4.06026598218711329E-02 4.22522952286842092E-03 2.44727025796230291E-01
1.34751294E+01 4.05512152189391739E-02 4.21686250923174622E-03 2.44726607456693029E-01
1.34871260E+01 4.04999271079252432E-02 4.20850769966721761E-03 2.44726188846648124E-01
1.34991076E+01 4.04488048215663268E-02 4.20016670153930231E-03 2.44725459038264481E-01
1.35110709E+01 4.03978625846174513E-02 4.19184118126696408E-03 2.44724775583824161E-01
1.35230162E+01 4.03470978354771997E-02 4.18353071686303115E-03 2.44724907409115899E-01
1.35349449E+01 4.02965044495056379E-02 4.17523398140815915E-03 2.44734201751120567E-01
1.35468583E+01 4.02460763655269685E-02 4.16694959427380777E-03 2.44735720171014304E-01
1.35587578E+01 4.01958076032202516E-02 4.15867622123634092E-03 2.44756346851885381E-01
1.35706446E+01 4.01456922749807640E-02 4.15041257474236917E-03 2.44757072779711871E-01
1.35825200E+01 4.00957245980427604E-02 4.14215741353786675E-03 2.44779500351101187E-01
1.35943854E+01 4.00458989055767212E-02 4.13390954287998474E-03 2.44789437767657353E-01
1.36062419E+01 3.99962096578831694E-02 4.12566781534002419E-03 2.44809619525427541E-01
1.36180909E+01 3.99466514524956101E-02 4.11743113246695880E-03 2.44828011317800048E-01
1.36299334E+01 3.98972190339814542E-02 4.10919844651521250E-03 2.44850039721021845E-01
1.36417708E+01 3.98479073028559574E-02 4.10096876179729796E-03 2.44873190954914444E-01
1.36536041E+01 3.97987113238565740E-02 4.09274113570932702E-03 2.44898529382014896E-01
1.36654345E+01 3.97496263334348940E-02 4.08451467970100731E-03 2.44925573395169599E-01
1.36772630E+01 3.97006477464736107E-02 4.07628856042704154E-03 2.44954477435246093E-01
1.36890874E+01 3.96517849935136002E-02 4.06806392913503390E-03 2.44985138232438920E-01
1.37009083E+01 3.96030354811265292E-02 4.05984070702780815E-03 2.45017547872963898E-01
1.37127268E+01 3.95543945969700286E-02 4.05161821965319309E-03 2.45051669558553675E-01
1.37245434E+01 3.95058598713938919E-02 4.04339606684209207E-03 2.45087476558429246E-01
1.37363560E+01 3.94574403336308416E-02 4.03517556111422648E-03 2.45124930988426193E-01
1.37481628E+01 3.94091428971413277E-02 4.02695810246629735E-03 2.45163993717392864E-01
1.37599650E+01 3.93609623452760571E-02 4.01874336652125602E-03 2.45204633833968261E-01
1.37717639E+01 3.93128936876834395E-02 4.01053073738570111E-03 2.45246823390385116E-01
1.37835606E+01 3.92649321680958244E-02 4.00231967310334114E-03 2.45290534356967488E-01
1.37953563E+01 3.92170732653061016E-02 3.99410970909243757E-03 2.45335739425434629E-01
1.38071513E+01 3.91693150058035136E-02 3.98590078934414182E-03 2.45382409917911798E-01
1.38189450E+01 3.91216603322169718E-02 3.97769367735792152E-03 2.45430512956344271E-01
1.38307383E+01 3.90741050033835691E-02 3.96948831061639130E-03 2.45480021254327135E-01
1.38425324E+01 3.90266450175786456E-02 3.96128448724462640E-03 2.45530909752876753E-01
1.38543280E+01 3.89792766103281563E-02 3.95308208672305421E-03 2.45583153761647577E-01
1.38661261E+01 3.89319962505447412E-02 3.94488106945637285E-03 2.45636729334185400E-01
1.38779276E+01 3.88848006359110224E-02 3.93668147713951457E-03 2.45691613226488831E-01
1.38897332E+01 3.88376866874774324E-02 3.92848343284213451E-03 2.45747782926122899E-01
1.39015413E+01 3.87906605803779447E-02 3.92028843849893689E-03 2.45805206877475507E-01
1.39133527E+01 3.87437194858005832E-02 3.91209703274474681E-03 2.45863861982085818E-01
1.39251675E+01 3.86968630671596231E-02 3.90390988050450406E-03 2.45923725178143371E-01
1.39369838E+01 3.86500983473911791E-02 3.89572882843271153E-03 2.45984764997869282E-01
1.39488026E+01 3.86034217450850342E-02 3.88755446992669618E-03 2.46046961661020913E-01
1.39606248E+01 3.85568299118927080E-02 3.87938714983722963E-03 2.46110298342800626E-01
1.39724510E+01 3.85103197203102154E-02 3.87122729440723045E-03 2.46174758990729603E-01
1.39842821E+01 3.84638882524000331E-02 3.86307540660058794E-03 2.46240328628803934E-01
1.39961162E+01 3.84175423865492777E-02 3.85493344963396206E-03 2.46306980842565637E-01
1.40079534E+01 3.83712822784739518E-02 3.84680275660363984E-03 2.46374696961662504E-01
1.40197887E+01 3.83251268123082633E-02 3.83868719544831326E-03 2.46443435326087174E-01
1.40316219E+01 3.82790768116770888E-02 3.83058863697947937E-03 2.46513175344842239E-01
1.40434530E+01 3.82331317442120081E-02 3.82250822190003834E-03 2.46583902669580801E-01
1.40552827E+01 3.81872890829585074E-02 3.81444678449404566E-03 2.46655606988462672E-01
1.40671099E+01 3.81415522077927088E-02 3.80640597072639348E-03 2.46728271255424486E-01
1.40789340E+01 3.80959240318063039E-02 3.79838755835715074E-03 2.46801879120250700E-01
1.40907550E+01 3.80504031253172670E-02 3.79039269523109672E-03 2.46876421928889977E-01
1.41025698E+01 3.80050019925012722E-02 3.78242441151884629E-03 2.46951871888075547E-01
1.41143790E+01 3.79597175667870101E-02 3.77448392395797905E-03 2.47028223160691451E-01
1.41261832E+01 3.79145469555515480E-02 3.76657198704047130E-03 2.47105473896321620E-01
1.41379831E+01 3.78694874337045309E-02 3.75868937986334299E-03 2.47183623303899230E-01
1.41497792E+01 3.78245364290695080E-02 3.75083690050362047E-03 2.47262671905309900E-01
1.41615720E+01 3.77796915080077372E-02 3.74301536120212348E-03 2.47342621530893120E-01
1.41733619E+01 3.77349512693868488E-02 3.73522571380047836E-03 2.47423473798057764E-01
1.41851489E+01 3.76903146540837827E-02 3.72746897512425549E-03 2.47505230998540049E-01
1.41969336E+01 3.76457794502055992E-02 3.71974598905636545E-03 2.47587898737315765E-01
1.42087164E+01 3.76013435348622818E-02 3.71205755568660084E-03 2.47671484132232139E-01
1.42204977E+01 3.75570048610016291E-02 3.70440446557554958E-03 2.47755995587353145E-01
1.42322778E+01 3.75127621752661400E-02 3.69678759814311229E-03 2.47841441498319243E-01
1.42440561E+01 3.74686172650813346E-02 3.68920825572853321E-03 2.47927825949783714E-01
1.42558329E+01 3.74245680556026319E-02 3.68166725282423985E-03 2.48015160643520999E-01
1.42676087E+01 3.73806125093584102E-02 3.67416525728651118E-03 2.48103459221936912E-01
1.42793840E+01 3.73367486150017400E-02 3.66670290658698429E-03 2.48192736572303174E-01
1.42911591E+01 3.72929743760992000E-02 3.65928080433212174E-03 2.48283008871377081E-01
1.43029344E+01 3.72492878006102368E-02 3.65189951732352008E-03 2.48374293580639754E-01
1.43147105E+01 3.72056868910137298E-02 3.64455957271330724E-03 2.48466609433549840E-01
1.43264876E+01 3.71621696351350714E-02 3.63726145516072696E-03 2.48559976436083963E-01
1.43382660E+01 3.71187345626124779E-02 3.63000568201298683E-03 2.48654414715562044E-01
1.43500442E+01 3.70753872711447330E-02 3.62279370921528114E-03 2.48749930890849347E-01
1.43618226E+01 3.70321253912038184E-02 3.61562605668374172E-03 2.48846547307362775E-01
1.43736017E+01 3.69889465144867327E-02 3.60850296000688863E-03 2.48944288853010287E-01
1.43853806E+01 3.69458534129758001E-02 3.60142530932109533E-03 2.49043170366021305E-01
1.43971583E+01 3.69028497226625771E-02 3.59439420468901302E-03 2.49143204385711692E-01
1.44089353E+01 3.68599324640361131E-02 3.58740982614982624E-03 2.49244418201087031E-01
1.44207123E+01 3.68170985938508499E-02 3.58047211211135613E-03 2.49346841355614357E-01
1.44324901E+01 3.67743449989308413E-02 3.57358095033093008E-03 2.49450504568817177E-01
1.44442694E+01 3.67316684900961393E-02 3.56673617755932188E-03 2.49555439750795638E-01
1.44560510E+01 3.66890657969595191E-02 3.55993757920995343E-03 2.49661679993437746E-01
1.44678348E+01 3.66465364788857995E-02 3.55318526953682379E-03 2.49769252627480454E-01
1.44796188E+01 3.66040873273263331E-02 3.54648033530916961E-03 2.49878167562393588E-01
1.44914037E+01 3.65617150415436035E-02 3.53982269386232153E-03 2.49988457674036685E-01
1.45031904E+01 3.65194162350602966E-02 3.53321193375768453E-03 2.50100158481476320E-01
1.45149797E+01 3.64771874342466607E-02 3.52664759687744151E-03 2.50213306551611003E-01
1.45267725E+01 3.64350250776624904E-02 3.52012918006287031E-03 2.50327939463150739E-01
1.45385696E+01 3.63929255161313039E-02 3.51365613685099189E-03 2.50444095799349842E-01
1.45503719E+01 3.63508850134528494E-02 3.50722787909312026E-03 2.50561815125483534E-01
1.45621804E+01 3.63088997477271774E-02 3.50084377824801595E-03 2.50681137972402712E-01
1.45739961E+01 3.62669658132208361E-02 3.49450316654996646E-03 2.50802105817466647E-01
1.45858198E+01 3.62250797176487671E-02 3.48820539967904884E-03 2.50924759690360211E-01
1.45976516E+01 3.61832410939446208E-02 3.48195020325361808E-03 2.51049132316148005E-01
1.46094925E+01 3.61414455389145670E-02 3.47573685578480684E-03 2.51175267448245643E-01
1.46213437E+01 3.60996885757569677E-02 3.46956450035859490E-03 2.51303210357727236E-01
1.46332065E+01 3.60579656556637915E-02 3.46343225035408275E-03 2.51433007216946391E-01
1.46450819E+01 3.60162721623681764E-02 3.45733919170681430E-03 2.51564705048016091E-01
1.46569714E+01 3.59746034170078249E-02 3.45128438561399277E-03 2.51698351694836842E-01
1.46688761E+01 3.59329546832451441E-02 3.44526687138289531E-03 2.51833995789706666E-01
1.46807959E+01 3.58913266819225751E-02 3.43928632303028281E-03 2.51971669333736770E-01
1.46927318E+01 3.58497146220336030E-02 3.43334187621734729E-03 2.52111420522214080E-01
1.47046855E+01 3.58081133551345215E-02 3.42743248180565202E-03 2.52253300068759900E-01
1.47166583E+01 3.57665177207505819E-02 3.42155707971552149E-03 2.52397359379037844E-01
1.47286387E+01 3.57249673863261341E-02 3.41571981488425101E-03 2.52543499456577669E-01
1.47406137E+01 3.56835072668434811E-02 3.40992640223519499E-03 2.52691586541710311E-01
1.47525836E+01 3.56421351800499595E-02 3.40417713014829967E-03 2.52841638319749595E-01
1.47645478E+01 3.56008528107944824E-02 3.39847159489085459E-03 2.52993665839353288E-01
1.47765065E+01 3.55596589335148289E-02 3.39280915174430689E-03 2.53147688873217647E-01
1.47884610E+01 3.55185485118117497E-02 3.38718866330101238E-03 2.53303740500352981E-01
1.48004125E+01 3.54775165157856925E-02 3.38160892339637621E-03 2.53461854253765717E-01
1.48123625E+01 3.54365579280379317E-02 3.37606875014903433E-03 2.53622063435550660E-01
1.48243122E+01 3.53956677473073605E-02 3.37056698837821236E-03 2.53784401018870398E-01
1.48362630E+01 3.53548409915915851E-02 3.36510251180388706E-03 2.53948899594437338E-01
1.48482161E+01 3.53140727007472191E-02 3.35967422483625117E-03 2.54115591313376965E-01
1.48601728E+01 3.52733581162465101E-02 3.35428108343391882E-03 2.54284507120849823E-01
1.48721343E+01 3.52326931157430842E-02 3.34892214690613380E-03 2.54455674855992242E-01
1.48841018E+01 3.51920727328853267E-02 3.34359642567068609E-03 2.54629125050191196E-01
1.48960769E+01 3.51514920194386238E-02 3.33830294433422716E-03 2.54804887758860010E-01
1.49080607E+01 3.51109460448056285E-02 3.33304076162947412E-03 2.54982992393314123E-01
1.49200509E+01 3.50704430714345594E-02 3.32781038141104170E-03 2.55163410785536005E-01
1.49320465E+01 3.50299853787018889E-02 3.32261196118334391E-03 2.55346134916779155E-01
1.49440490E+01 3.49895681162660788E-02 3.31744478603374950E-03 2.55531186630304608E-01
1.49560597E+01 3.49491864434566396E-02 3.31230802010811648E-03 2.55718588088408139E-01
1.49680799E+01 3.49088355220295438E-02 3.30720086200390765E-03 2.55908360660714873E-01
1.49801111E+01 3.48685105112426993E-02 3.30212254357978817E-03 2.56100524782411021E-01
1.49900555E+01 3.48352263043429436E-02 3.29780100518046407E-03 2.56262163606143678E-01
1.50000000E+01 3.48019841662660645E-02 3.29365140126789205E-03 2.56424244736395357E-01
