#  time, MeanKE MeanKEDR MeanP
0 1.24981176165412808E-01 4.70345677587308416E-04 -5.50482138072360219E-18
7.36310778E-03 1.24977292559868142E-01 4.70333768135870961E-04 6.16480730241239418E-05
1.47275080E-02 1.24973689742637964E-01 4.70328367954735854E-04 7.22482742191946911E-05
2.20921221E-02 1.24970180374499529E-01 4.70328754917833053E-04 7.12429556514624306E-05
2.94570023E-02 1.24966701794033686E-01 4.70334684771408454E-04 6.62739348077720237E-05
3.68222084E-02 1.24963233063589294E-01 4.70346065992954983E-04 5.70365114801442703E-05
4.41878026E-02 1.24959767157057394E-01 4.70362857656949685E-04 4.34401284851613302E-05
5.15538477E-02 1.24956301685913984E-01 4.70385042044583882E-04 2.55058098980047848E-05
5.89202984E-02 1.24952835858665540E-01 4.70412611293816478E-04 3.23306304948670398E-06
6.62869947E-02 1.24949369453305134E-01 4.70445561498988689E-04 -2.33781026841119954E-05
7.36539998E-02 1.24945902314515703E-01 4.70483891710607211E-04 -5.43245937530414271E-05
8.10213771E-02 1.24942434344310363E-01 4.70527601962344706E-04 -8.96026565624978783E-05
8.83891897E-02 1.24938965463807422E-01 4.70576692826195017E-04 -1.29208088186499620E-04
9.57575007E-02 1.24935495600544594E-01 4.70631165442046023E-04 -1.73136359719066766E-04
1.03126373E-01 1.24932024684215312E-01 4.70691021583617729E-04 -2.21382660546523541E-04
1.10495870E-01 1.24928552645252253E-01 4.70756263727360985E-04 -2.73941909319881313E-04
1.17866053E-01 1.24925079414354392E-01 4.70826894918194327E-04 -3.30808756017305001E-04
1.25236986E-01 1.24921604922328372E-01 4.70902918849910152E-04 -3.91977579942107200E-04
1.32608731E-01 1.24918129100048819E-01 4.70984339710828399E-04 -4.57442487372922851E-04
1.39981350E-01 1.24914651878443986E-01 4.71071162238035821E-04 -5.27197309733566134E-04
1.47354904E-01 1.24911173188452476E-01 4.71163391717641859E-04 -6.01235599594501856E-04
1.54729456E-01 1.24907692961086600E-01 4.71261033919462670E-04 -6.79550628980421577E-04
1.62104779E-01 1.24904211263015708E-01 4.71364091001557684E-04 -7.62132134555593989E-04
1.69480898E-01 1.24900728042883019E-01 4.71472568576331702E-04 -8.48971845559878856E-04
1.76857875E-01 1.24897243231511343E-01 4.71586473246142274E-04 -9.40039979299937627E-04
1.84235771E-01 1.24893756759704391E-01 4.71705812098044245E-04 -1.03539735443887058E-03
1.91614647E-01 1.24890268558344578E-01 4.71830592694034924E-04 -1.13495569777509876E-03
1.98994566E-01 1.24886778558298217E-01 4.71960823082675151E-04 -1.23874374306842823E-03
2.06375587E-01 1.24883286690493187E-01 4.72096511788540015E-04 -1.34674648240485240E-03
2.13757771E-01 1.24879792885881719E-01 4.72237667818549076E-04 -1.45895418765736203E-03
2.21141179E-01 1.24876297075445786E-01 4.72384300641144205E-04 -1.57535693248465414E-03
2.28525870E-01 1.24872799190200265E-01 4.72536420192819033E-04 -1.69594448195136641E-03
2.35911904E-01 1.24869299161202152E-01 4.72694036871307017E-04 -1.82070628519105725E-03
2.43299340E-01 1.24865796919539015E-01 4.72857161522981706E-04 -1.94963147146860229E-03
2.50688237E-01 1.24862292396337476E-01 4.73025805452018144E-04 -2.08270884591634821E-03
2.58078611E-01 1.24858785543407513E-01 4.73199979376771516E-04 -2.21992607058581421E-03
2.65470250E-01 1.24855276419458414E-01 4.73379688776444092E-04 -2.36126604164145666E-03
2.72863214E-01 1.24851764955232813E-01 4.73564945638472578E-04 -2.50671604429365986E-03
2.80257562E-01 1.24848251081501369E-01 4.73755762400562841E-04 -2.65626304476189413E-03
2.87653353E-01 1.24844734729067708E-01 4.73952151947285353E-04 -2.80989368271578315E-03
2.95050643E-01 1.24841215828790486E-01 4.74154127602201226E-04 -2.96759425045146344E-03
3.02449492E-01 1.24837694311553102E-01 4.74361703124117219E-04 -3.12935068894058593E-03
3.09849956E-01 1.24834170108283182E-01 4.74574892707153710E-04 -3.29514858242766114E-03
3.17252092E-01 1.24830643149908480E-01 4.74793710980694395E-04 -3.46497315164216507E-03
3.24655956E-01 1.24827113367454917E-01 4.75018173007047122E-04 -3.63880924900205271E-03
3.32061605E-01 1.24823580691946129E-01 4.75248294276830118E-04 -3.81664135289663895E-03
3.39469093E-01 1.24820045054484019E-01 4.75484090704711025E-04 -3.99845356122533954E-03
3.46878477E-01 1.24816506386173559E-01 4.75725578627456634E-04 -4.18422958485848567E-03
3.54289809E-01 1.24812964618166183E-01 4.75972774802888693E-04 -4.37395274255584186E-03
3.61703144E-01 1.24809419681705017E-01 4.76225696408573808E-04 -4.56760595260685080E-03
3.69118290E-01 1.24805871625346065E-01 4.76484352392701662E-04 -4.76516516141321182E-03
3.76535255E-01 1.24802320402410710E-01 4.76748758562013371E-04 -4.96661082721776281E-03
3.83954093E-01 1.24798765943508513E-01 4.77018932742230030E-04 -5.17192423231167472E-03
3.91374858E-01 1.24795208179350831E-01 4.77294893173267132E-04 -5.38108625261867098E-03
3.98797603E-01 1.24791647040652931E-01 4.77576658505830874E-04 -5.59407734599363677E-03
4.06222381E-01 1.24788082458177130E-01 4.77864247799222376E-04 -5.81087753992585911E-03
4.13649244E-01 1.24784514362755353E-01 4.78157680519176868E-04 -6.03146642654944949E-03
4.21078244E-01 1.24780942685251639E-01 4.78456976535763156E-04 -6.25582315501925501E-03
4.28509432E-01 1.24777367356572397E-01 4.78762156121631988E-04 -6.48392642395748640E-03
4.35942858E-01 1.24773788307658964E-01 4.79073239949925163E-04 -6.71575447364507368E-03
4.43378573E-01 1.24770205469526219E-01 4.79390249091551750E-04 -6.95128508133328969E-03
4.50816626E-01 1.24766618773218332E-01 4.79713205012916684E-04 -7.19049555027908866E-03
4.58257065E-01 1.24763028149842095E-01 4.80042129573042206E-04 -7.43336270418594285E-03
4.65699938E-01 1.24759433530538422E-01 4.80377045021255101E-04 -7.67986287963409904E-03
4.73145294E-01 1.24755834846528538E-01 4.80717973994547638E-04 -7.92997191706131324E-03
4.80593018E-01 1.24752232106425262E-01 4.81064931999942351E-04 -8.18365967823372377E-03
4.88043054E-01 1.24748625291606019E-01 4.81417937137080382E-04 -8.44089718390255220E-03
4.95495450E-01 1.24745014332512630E-01 4.81777012680913413E-04 -8.70165846409864073E-03
5.02950253E-01 1.24741399159650379E-01 4.82142182289730314E-04 -8.96591703576096397E-03
5.10407510E-01 1.24737779703571985E-01 4.82513470002756773E-04 -9.23364589859672520E-03
5.17867267E-01 1.24734155894895019E-01 4.82890900237691989E-04 -9.50481751960945143E-03
5.25329569E-01 1.24730527664260626E-01 4.83274497787983368E-04 -9.77940382881983643E-03
5.32794461E-01 1.24726894942393723E-01 4.83664287820430002E-04 -1.00573762083931775E-02
5.40261987E-01 1.24723257660038694E-01 4.84060295872488914E-04 -1.03387054861485850E-02
5.47732190E-01 1.24719615747997753E-01 4.84462547849749301E-04 -1.06233619263451286E-02
5.55205113E-01 1.24715969137156921E-01 4.84871070023436539E-04 -1.09113152231565900E-02
5.62680798E-01 1.24712317758416277E-01 4.85285889027616674E-04 -1.12025344899770660E-02
5.70159285E-01 1.24708661542774685E-01 4.85707031856479575E-04 -1.14969882531574703E-02
5.77640616E-01 1.24705000421228410E-01 4.86134525862057286E-04 -1.17946444450851961E-02
5.85124829E-01 1.24701334324877927E-01 4.86568398751041999E-04 -1.20954703904639620E-02
5.92611965E-01 1.24697663184867219E-01 4.87008678582177682E-04 -1.23994328056194567E-02
6.00102060E-01 1.24693986932384801E-01 4.87455393763585080E-04 -1.27064977828014562E-02
6.07594976E-01 1.24690305585223399E-01 4.87908562327165306E-04 -1.30166234600920284E-02
6.15090702E-01 1.24686619098635515E-01 4.88368209949296972E-04 -1.33297724431477999E-02
6.22589277E-01 1.24682927402910523E-01 4.88834365681168454E-04 -1.36459087853775755E-02
6.30090738E-01 1.24679230428372381E-01 4.89307058918578698E-04 -1.39649959011267037E-02
6.37595123E-01 1.24675528105407329E-01 4.89786319399265367E-04 -1.42869965560090909E-02
6.45102469E-01 1.24671820364476188E-01 4.90272177200061629E-04 -1.46118728582103011E-02
6.52612810E-01 1.24668107136078246E-01 4.90764662733901048E-04 -1.49395862508107206E-02
6.60126182E-01 1.24664388350746655E-01 4.91263806747040512E-04 -1.52700975066480255E-02
6.67642620E-01 1.24660663939125532E-01 4.91769640315985971E-04 -1.56033667161917609E-02
6.75162155E-01 1.24656933831878522E-01 4.92282194844657472E-04 -1.59393532806599604E-02
6.82684822E-01 1.24653197959732676E-01 4.92801502061480457E-04 -1.62780159089323910E-02
6.90210651E-01 1.24649456253489790E-01 4.93327594016009017E-04 -1.66193126029412289E-02
6.97739674E-01 1.24645708643985664E-01 4.93860503076274261E-04 -1.69632006586131236E-02
7.05271920E-01 1.24641955062135504E-01 4.94400261925562385E-04 -1.73096366458368664E-02
7.12807419E-01 1.24638195438914287E-01 4.94946903559300854E-04 -1.76585764173081902E-02
7.20346199E-01 1.24634429705344621E-01 4.95500461281861730E-04 -1.80099750889635042E-02
7.27888288E-01 1.24630657792517932E-01 4.96060968703656777E-04 -1.83637870376706369E-02
7.35433713E-01 1.24626879631587140E-01 4.96628459737576068E-04 -1.87199658956682079E-02
7.42982499E-01 1.24623095153768210E-01 4.97202968596072246E-04 -1.90784645387132266E-02
7.50534672E-01 1.24619304290336283E-01 4.97784529787873866E-04 -1.94392350877718167E-02
7.58090102E-01 1.24615507049650895E-01 4.98373166108415739E-04 -1.98022214869825984E-02
7.65648795E-01 1.24611703372371485E-01 4.98968910816013672E-04 -2.01673733469263580E-02
7.73210776E-01 1.24607893188702079E-01 4.99571799074699507E-04 -2.05346405079332821E-02
7.80776072E-01 1.24604076428866770E-01 5.00181866339748028E-04 -2.09039720268062792E-02
7.88344704E-01 1.24600253023197077E-01 5.00799148354467072E-04 -2.12753161857107062E-02
7.95916698E-01 1.24596422902043133E-01 5.01423681146915428E-04 -2.16486204797736344E-02
8.03492074E-01 1.24592585995863273E-01 5.02055501026270660E-04 -2.20238316188647275E-02
8.11070854E-01 1.24588742235123937E-01 5.02694644579530412E-04 -2.24008955153882638E-02
8.18653059E-01 1.24584891550410901E-01 5.03341148668259592E-04 -2.27797572884614816E-02
8.26238708E-01 1.24581033872326025E-01 5.03995050424835235E-04 -2.31603612485702798E-02
8.33827821E-01 1.24577169131557808E-01 5.04656387249018254E-04 -2.35426509064433839E-02
8.41420414E-01 1.24573297258857282E-01 5.05325196804661371E-04 -2.39265689564357523E-02
8.49016505E-01 1.24569418185020750E-01 5.06001517015781162E-04 -2.43120572845700114E-02
8.56616111E-01 1.24565531840930582E-01 5.06685386063382751E-04 -2.46990569537983394E-02
8.64219246E-01 1.24561638157537041E-01 5.07376842381535216E-04 -2.50875082158644458E-02
8.71825924E-01 1.24557737065805571E-01 5.08075924654091443E-04 -2.54773504916655583E-02
8.79436160E-01 1.24553828496834232E-01 5.08782671810703579E-04 -2.58685223849921542E-02
8.87049965E-01 1.24549912381760539E-01 5.09497123023307176E-04 -2.62609616698628451E-02
8.94667352E-01 1.24545988651750789E-01 5.10219317702436206E-04 -2.66546052949832406E-02
9.02288330E-01 1.24542057238092502E-01 5.10949295493519644E-04 -2.70493893803420739E-02
9.09912911E-01 1.24538118072080692E-01 5.11687096273000567E-04 -2.74452492178568867E-02
9.17541103E-01 1.24534171085146347E-01 5.12432760144643251E-04 -2.78421192719257200E-02
9.25172915E-01 1.24530216208722150E-01 5.13186327435755378E-04 -2.82399331765057528E-02
9.32808353E-01 1.24526253374334206E-01 5.13947838693288813E-04 -2.86386237398697646E-02
9.40447424E-01 1.24522282513579635E-01 5.14717334680049772E-04 -2.90381229443118609E-02
9.48090133E-01 1.24518303558105545E-01 5.15494856370790492E-04 -2.94383619471859717E-02
9.55736485E-01 1.24514316439630138E-01 5.16280444948202127E-04 -2.98392710837510587E-02
9.63386484E-01 1.24510321089956938E-01 5.17074141799168832E-04 -3.02407798712719667E-02
9.71040109E-01 1.24506317453010593E-01 5.17875986079441731E-04 -3.06428157863360938E-02
9.78697296E-01 1.24502305495302584E-01 5.18686012500125691E-04 -3.10453032297747893E-02
9.86358050E-01 1.24498285147366661E-01 5.19504263100855181E-04 -3.14481694692984870E-02
9.94022375E-01 1.24494256339851270E-01 5.20330780118572660E-04 -3.18513409509141102E-02
1.00169027E+00 1.24490219003420652E-01 5.21165605983495562E-04 -3.22547433284824589E-02
1.00936174E+00 1.24486173068857231E-01 5.22008783314966080E-04 -3.26583014616309425E-02
1.01703679E+00 1.24482118466977348E-01 5.22860354917389740E-04 -3.30619394342943351E-02
1.02471541E+00 1.24478055128665638E-01 5.23720363776068818E-04 -3.34655805522602531E-02
1.03239760E+00 1.24473982984892512E-01 5.24588853053169647E-04 -3.38691473569603593E-02
1.04008336E+00 1.24469901966676857E-01 5.25465866083470157E-04 -3.42725616311537890E-02
1.04777269E+00 1.24465812005116666E-01 5.26351446370078584E-04 -3.46757444090846009E-02
1.05546559E+00 1.24461713031375654E-01 5.27245637580248984E-04 -3.50786159819215168E-02
1.06316205E+00 1.24457604976672478E-01 5.28148483541402108E-04 -3.54810959129387912E-02
1.07086206E+00 1.24453487772298504E-01 5.29060028236456393E-04 -3.58831030470810886E-02
1.07856562E+00 1.24449361349622520E-01 5.29980315799899676E-04 -3.62845555203198319E-02
1.08627272E+00 1.24445225640053433E-01 5.30909390513317194E-04 -3.66853707728406614E-02
1.09398335E+00 1.24441080575103571E-01 5.31847296801126758E-04 -3.70854655618196791E-02
1.10169751E+00 1.24436926086301788E-01 5.32794079226285751E-04 -3.74847559772944067E-02
1.10941518E+00 1.24432762105291791E-01 5.33749782485952473E-04 -3.78831574515674993E-02
1.11713635E+00 1.24428588563756048E-01 5.34714451406999173E-04 -3.82805847787121706E-02
1.12486102E+00 1.24424405393442614E-01 5.35688130941767938E-04 -3.86769521287580048E-02
1.13258916E+00 1.24420212526170623E-01 5.36670866163838295E-04 -3.90721730601161568E-02
1.14032078E+00 1.24416009893807425E-01 5.37662702263218988E-04 -3.94661605467928750E-02
1.14805584E+00 1.24411797428322562E-01 5.38663684542315291E-04 -3.98588269835471048E-02
1.15579434E+00 1.24407575061681555E-01 5.39673858411385005E-04 -4.02500842138465292E-02
1.16353627E+00 1.24403342725985452E-01 5.40693269384084235E-04 -4.06398435481606229E-02
1.17128159E+00 1.24399100353358952E-01 5.41721963073067366E-04 -4.10280157766054823E-02
1.17903031E+00 1.24394847875969633E-01 5.42759985185611664E-04 -4.14145112007069105E-02
1.18678240E+00 1.24390585226093475E-01 5.43807381519047141E-04 -4.17992396484740125E-02
1.19453784E+00 1.24386312336020988E-01 5.44864197956512666E-04 -4.21821104945830222E-02
1.20229661E+00 1.24382029138145694E-01 5.45930480462288037E-04 -4.25630326923641181E-02
1.21005869E+00 1.24377735564857331E-01 5.47006275077580235E-04 -4.29419147885547262E-02
1.21782407E+00 1.24373431548662622E-01 5.48091627915993406E-04 -4.33186649529875567E-02
1.22559271E+00 1.24369117022092676E-01 5.49186585158925231E-04 -4.36931910034199372E-02
1.23336460E+00 1.24364791917740108E-01 5.50291193051519385E-04 -4.40654004299340235E-02
1.24113971E+00 1.24360456168246911E-01 5.51405497897869672E-04 -4.44352004238341217E-02
1.24891802E+00 1.24356109706297818E-01 5.52529546056752937E-04 -4.48024979039232940E-02
1.25669950E+00 1.24351752464676085E-01 5.53663383937255931E-04 -4.51671995454993522E-02
1.26448413E+00 1.24347384376154446E-01 5.54807057994349492E-04 -4.55292118096223136E-02
1.27227188E+00 1.24343005373561660E-01 5.55960614724498718E-04 -4.58884409733445534E-02
1.28006272E+00 1.24338615389812640E-01 5.57124100661234218E-04 -4.62447931589999237E-02
1.28785663E+00 1.24334214357847736E-01 5.58297562370874828E-04 -4.65981743627046779E-02
1.29565358E+00 1.24329802210623896E-01 5.59481046448171500E-04 -4.69484904969688990E-02
1.30345354E+00 1.24325378881171844E-01 5.60674599511887229E-04 -4.72956474075767741E-02
1.31125648E+00 1.24320944302554068E-01 5.61878268200650738E-04 -4.76395509224736766E-02
1.31906237E+00 1.24316498407878132E-01 5.63092099168608067E-04 -4.79801068706198833E-02
1.32687117E+00 1.24312041130236930E-01 5.64316139081115584E-04 -4.83172211312976191E-02
1.33468287E+00 1.24307572402834868E-01 5.65550434610723987E-04 -4.86507996558830369E-02
1.34249741E+00 1.24303092158849840E-01 5.66795032432674639E-04 -4.89807485140062449E-02
1.35031478E+00 1.24298600331514242E-01 5.68049979221065069E-04 -4.93069739224304068E-02
1.35813493E+00 1.24294096854077746E-01 5.69315321644535150E-04 -4.96293822846567423E-02
1.36595784E+00 1.24289581659804818E-01 5.70591106362204593E-04 -4.99478802318630011E-02
1.37378347E+00 1.24285054682016699E-01 5.71877380019718750E-04 -5.02623746503921692E-02
1.38161178E+00 1.24280515854012674E-01 5.73174189245159228E-04 -5.05727727326994655E-02
1.38944273E+00 1.24275965109115816E-01 5.74481580645124922E-04 -5.08789820083942676E-02
1.39727630E+00 1.24271402380680407E-01 5.75799600800945988E-04 -5.11809103820539540E-02
1.40511244E+00 1.24266827602043703E-01 5.77128296264538504E-04 -5.14784661790954542E-02
1.41295112E+00 1.24262240706583343E-01 5.78467713554971772E-04 -5.17715581798481386E-02
1.42079230E+00 1.24257641627646909E-01 5.79817899154324396E-04 -5.20600956633146608E-02
1.42863594E+00 1.24253030298595260E-01 5.81178899504409012E-04 -5.23439884461974619E-02
1.43648200E+00 1.24248406652781071E-01 5.82550761002845197E-04 -5.26231469226445051E-02
1.44433044E+00 1.24243770623546079E-01 5.83933529999544599E-04 -5.28974821092009495E-02
1.45218122E+00 1.24239122144242570E-01 5.85327252793293746E-04 -5.31669056786306521E-02
1.46003431E+00 1.24234461148195308E-01 5.86731975628382502E-04 -5.34313300111498093E-02
1.46788965E+00 1.24229787568670716E-01 5.88147744690922553E-04 -5.36906682255877191E-02
1.47574722E+00 1.24225101338968996E-01 5.89574606106046907E-04 -5.39448342302003767E-02
1.48360697E+00 1.24220402392333923E-01 5.91012605934232720E-04 -5.41937633314674289E-02
1.49146885E+00 1.24215690661955355E-01 5.92461790168467839E-04 -5.44373052834448562E-02
1.49933282E+00 1.24210966081040694E-01 5.93922204731121470E-04 -5.46754519985083315E-02
1.50719885E+00 1.24206228582703429E-01 5.95393895471003714E-04 -5.49080854343299424E-02
1.51506689E+00 1.24201478102271223E-01 5.96876907452992722E-04 -5.51351291456411569E-02
1.52293682E+00 1.24196714607311243E-01 5.98371275504353808E-04 -5.53565011521098202E-02
1.53080862E+00 1.24191938031383606E-01 5.99877044877612656E-04 -5.55721221824764453E-02
1.53868224E+00 1.24187148307966483E-01 6.01394260747111506E-04 -5.57819140649331718E-02
1.54655762E+00 1.24182345370438887E-01 6.02922968207139339E-04 -5.59857997745332320E-02
1.55443473E+00 1.24177529152075472E-01 6.04463212269993103E-04 -5.61837034874178229E-02
1.56231353E+00 1.24172699586035259E-01 6.06015037864617695E-04 -5.63755506244904836E-02
1.57019396E+00 1.24167856605369817E-01 6.07578489834735059E-04 -5.65612678891330226E-02
1.57807598E+00 1.24163000142974100E-01 6.09153612937936382E-04 -5.67407833054541302E-02
1.58595955E+00 1.24158130131637595E-01 6.10740451843659084E-04 -5.69140262567344804E-02
1.59384462E+00 1.24153246503994230E-01 6.12339051132805069E-04 -5.70809275248733358E-02
1.60173115E+00 1.24148349192521934E-01 6.13949455296104122E-04 -5.72414193244841010E-02
1.60961908E+00 1.24143438129567324E-01 6.15571708733339573E-04 -5.73954353425605093E-02
1.61750838E+00 1.24138513247275040E-01 6.17205855752331637E-04 -5.75429107728954309E-02
1.62539899E+00 1.24133574477643879E-01 6.18851940568092068E-04 -5.76837823499321903E-02
1.63329088E+00 1.24128621752467042E-01 6.20510007301922420E-04 -5.78179883870403796E-02
1.64118399E+00 1.24123655003364919E-01 6.22180099981260964E-04 -5.79454688049117900E-02
1.64907828E+00 1.24118674161738135E-01 6.23862262539028370E-04 -5.80661651685951893E-02
1.65697371E+00 1.24113679158813939E-01 6.25556538814138691E-04 -5.81800207169802866E-02
1.66487022E+00 1.24108669925548601E-01 6.27262972551839476E-04 -5.82869803941693729E-02
1.67276778E+00 1.24103646392715941E-01 6.28981607404926514E-04 -5.83869908779653668E-02
1.68066634E+00 1.24098608490806284E-01 6.30712486935272446E-04 -5.84800006099044020E-02
1.68856585E+00 1.24093556150101633E-01 6.32455654614991962E-04 -5.85659598209608695E-02
1.69646626E+00 1.24088489300595378E-01 6.34211153828281794E-04 -5.86448205573628645E-02
1.70436753E+00 1.24083407872030552E-01 6.35979027872443344E-04 -5.87165367059535384E-02
1.71226963E+00 1.24078311793852425E-01 6.37759319958061351E-04 -5.87810640162265974E-02
1.72017249E+00 1.24073200995219124E-01 6.39552073209107225E-04 -5.88383601226009426E-02
1.72807608E+00 1.24068075405000269E-01 6.41357330662497877E-04 -5.88883845641571743E-02
1.73598035E+00 1.24062934951724060E-01 6.43175135267970389E-04 -5.89310988012229087E-02
1.74388526E+00 1.24057779563598244E-01 6.45005529890410340E-04 -5.89664662227748423E-02
1.75179077E+00 1.24052609168507147E-01 6.46848557313116877E-04 -5.89944521231861099E-02
1.75969682E+00 1.24047423693958603E-01 6.48704260244159720E-04 -5.90150235586414454E-02
1.76760339E+00 1.24042223067130281E-01 6.50572681322026444E-04 -5.90281485177415813E-02
1.77551041E+00 1.24037007214773787E-01 6.52453863120171251E-04 -5.90337868963630719E-02
1.78341786E+00 1.24031776063298016E-01 6.54347848149314237E-04 -5.90321243839934603E-02
1.79132569E+00 1.24026529538671978E-01 6.56254678858918077E-04 -5.90224673490168800E-02
1.79923386E+00 1.24021267566468626E-01 6.58174397637891558E-04 -5.90056992124495944E-02
1.80714232E+00 1.24015990071826732E-01 6.60107046814019838E-04 -5.89812020561201120E-02
1.81505104E+00 1.24010696979414678E-01 6.62052668660338358E-04 -5.89491365947162130E-02
1.82295997E+00 1.24005388213464560E-01 6.64011305420640977E-04 -5.89094705313550834E-02
1.83086908E+00 1.24000063697715726E-01 6.65982999359432523E-04 -5.88621896508752934E-02
1.83877832E+00 1.23994723355438596E-01 6.67967792782903232E-04 -5.88072819203998912E-02
1.84668766E+00 1.23989367109382090E-01 6.69965727919506803E-04 -5.87447374962103419E-02
1.85459705E+00 1.23983994881757639E-01 6.71976846785933167E-04 -5.86745486299825314E-02
1.86250647E+00 1.23978606594270069E-01 6.74001191293012165E-04 -5.85967096682228558E-02
1.87041586E+00 1.23973202168025501E-01 6.76038803392306682E-04 -5.85112170510592514E-02
1.87832520E+00 1.23967781523608919E-01 6.78089725140813273E-04 -5.84180693121964523E-02
1.88623445E+00 1.23962344580995018E-01 6.80153998785933155E-04 -5.83172670729091430E-02
1.89414357E+00 1.23956891259536378E-01 6.82231666667991693E-04 -5.82088130389876793E-02
1.90205253E+00 1.23951421477980356E-01 6.84322770844314173E-04 -5.80927119942955747E-02
1.90996129E+00 1.23945935154436471E-01 6.86427353159456736E-04 -5.79689707902005594E-02
1.91786982E+00 1.23940432206326126E-01 6.88545455466713432E-04 -5.78375983359863607E-02
1.92577809E+00 1.23934912550445323E-01 6.90677119936073552E-04 -5.76986055873531106E-02
1.93368607E+00 1.23929376102835373E-01 6.92822389091074303E-04 -5.75520055368072755E-02
1.94159372E+00 1.23923822778882073E-01 6.94981305452654929E-04 -5.73978131988243101E-02
1.94950101E+00 1.23918252493188261E-01 6.97153911167951363E-04 -5.72360455953980912E-02
1.95740791E+00 1.23912665159606972E-01 6.99340248293667103E-04 -5.70667217382834768E-02
1.96531439E+00 1.23907060691259341E-01 7.01540359541869213E-04 -5.68898626094502327E-02
1.97322044E+00 1.23901439000409092E-01 7.03754287954829480E-04 -5.67054911466674458E-02
1.98112601E+00 1.23895799998577347E-01 7.05982075572912258E-04 -5.65136322212866152E-02
1.98903108E+00 1.23890143596376706E-01 7.08223765047903296E-04 -5.63143126132430172E-02
1.99693563E+00 1.23884469703625905E-01 7.10479400312742236E-04 -5.61075610044840384E-02
2.00483963E+00 1.23878778229228520E-01 7.12749024698065251E-04 -5.58934079348063356E-02
2.01274306E+00 1.23873069081187601E-01 7.15032680316660856E-04 -5.56718858140823683E-02
2.02064589E+00 1.23867342166592023E-01 7.17330409965393303E-04 -5.54430288550250908E-02
2.02854811E+00 1.23861597391613412E-01 7.19642257134361701E-04 -5.52068730404966512E-02
2.03644969E+00 1.23855834661429451E-01 7.21968265726239213E-04 -5.49634561487771303E-02
2.04435061E+00 1.23850053880253011E-01 7.24308479802183883E-04 -5.47128176908446145E-02
2.05225086E+00 1.23844254951266858E-01 7.26662945134196373E-04 -5.44549988892600381E-02
2.06015041E+00 1.23838437776639054E-01 7.29031709041763230E-04 -5.41900887993312860E-02
2.06804925E+00 1.23832602257396229E-01 7.31414812186884805E-04 -5.39179812648300019E-02
2.07594737E+00 1.23826748293556124E-01 7.33812298514051613E-04 -5.36388988292011079E-02
2.08384474E+00 1.23820875783999362E-01 7.36224212853242143E-04 -5.33528042480291911E-02
2.09174136E+00 1.23814984626540309E-01 7.38650600524299325E-04 -5.30597597415644120E-02
2.09963722E+00 1.23809074717790138E-01 7.41091507409006667E-04 -5.27598164197571051E-02
2.10753229E+00 1.23803145953211055E-01 7.43546983582568026E-04 -5.24530266189943070E-02
2.11542658E+00 1.23797198227007993E-01 7.46017075390886320E-04 -5.21394441208099940E-02
2.12332008E+00 1.23791231432148416E-01 7.48501826558687538E-04 -5.18191241326373606E-02
2.13121276E+00 1.23785245460374851E-01 7.51001283477113041E-04 -5.14921232440364099E-02
2.13910464E+00 1.23779240202149365E-01 7.53515493268928265E-04 -5.11584993987015887E-02
2.14699570E+00 1.23773215546645554E-01 7.56044503778400493E-04 -5.08183118544728515E-02
2.15488594E+00 1.23767171381693381E-01 7.58588367475682731E-04 -5.04716211497548417E-02
2.16277536E+00 1.23761107593759745E-01 7.61147134079141448E-04 -5.01184890641966987E-02
2.17066396E+00 1.23755024067847705E-01 7.63720849237127519E-04 -4.97589785895634074E-02
2.17855172E+00 1.23748920687616198E-01 7.66309561608046700E-04 -4.93931538837058537E-02
2.18643867E+00 1.23742797335291185E-01 7.68913320627959596E-04 -4.90210802393715936E-02
2.19432479E+00 1.23736653891626663E-01 7.71532177193979662E-04 -4.86428240471588544E-02
2.20221010E+00 1.23730490235915314E-01 7.74166192272031806E-04 -4.82584527616631079E-02
2.21009459E+00 1.23724306245818080E-01 7.76815411157681939E-04 -4.78680348786998458E-02
2.21797828E+00 1.23718101797477414E-01 7.79479883969023328E-04 -4.74716397895087738E-02
2.22586117E+00 1.23711876765479747E-01 7.82159662606164751E-04 -4.70693379713932950E-02
2.23374327E+00 1.23705631022849677E-01 7.84854799793855687E-04 -4.66612007285864758E-02
2.24162458E+00 1.23699364440996926E-01 7.87565360396305625E-04 -4.62473002593692881E-02
2.24950502E+00 1.23693076980561298E-01 7.90291357436198410E-04 -4.58277155775030087E-02
2.25738456E+00 1.23686768535236385E-01 7.93032829601310763E-04 -4.54025225376721367E-02
2.26526320E+00 1.23680438975857079E-01 7.95789830014221830E-04 -4.49717963215328712E-02
2.27314097E+00 1.23674088171650348E-01 7.98562414569746102E-04 -4.45356128155040693E-02
2.28101787E+00 1.23667715990082805E-01 8.01350642053991614E-04 -4.40940486032520215E-02
2.28889392E+00 1.23661322296854684E-01 8.04154569304994056E-04 -4.36471809322505275E-02
2.29676914E+00 1.23654906955864827E-01 8.06974253576577070E-04 -4.31950876922433114E-02
2.30464353E+00 1.23648469829225907E-01 8.09809749914694563E-04 -4.27378473359411384E-02
2.31251713E+00 1.23642010777207059E-01 8.12661117759894071E-04 -4.22755389057066083E-02
2.32038994E+00 1.23635529658247673E-01 8.15528417387446046E-04 -4.18082419325322002E-02
2.32826200E+00 1.23629026328887670E-01 8.18411709438780842E-04 -4.13360364704953576E-02
2.33613333E+00 1.23622500643721586E-01 8.21311055303451188E-04 -4.08590030167439305E-02
2.34400394E+00 1.23615952455405326E-01 8.24226517719046730E-04 -4.03772225062982923E-02
2.35187386E+00 1.23609381614633168E-01 8.27158160440029247E-04 -3.98907762541200958E-02
2.35974313E+00 1.23602787970032005E-01 8.30106047745380834E-04 -3.93997459489803248E-02
2.36761176E+00 1.23596171368219820E-01 8.33070245021173481E-04 -3.89042135996772176E-02
2.37547980E+00 1.23589531653750570E-01 8.36050818917496606E-04 -3.84042615239799379E-02
2.38334727E+00 1.23582868669062707E-01 8.39047838112432637E-04 -3.78999723062719424E-02
2.39121420E+00 1.23576182254442446E-01 8.42061371662516153E-04 -3.73914287702074577E-02
2.39908063E+00 1.23569472248034010E-01 8.45091487939732635E-04 -3.68787139640590553E-02
2.40694659E+00 1.23562738485769735E-01 8.48138258325463793E-04 -3.63619111108489032E-02
2.41481190E+00 1.23555980992298101E-01 8.51201677663177198E-04 -3.58411181377218252E-02
2.42267659E+00 1.23549199607433283E-01 8.54281808344120618E-04 -3.53164195410408943E-02
2.43054070E+00 1.23542394165981048E-01 8.57378720641771195E-04 -3.47878995507533081E-02
2.43840427E+00 1.23535564500505762E-01 8.60492490786593468E-04 -3.42556424933537773E-02
2.44626732E+00 1.23528710441276501E-01 8.63623194531639923E-04 -3.37197326963320360E-02
2.45412991E+00 1.23521831816172448E-01 8.66770905812570889E-04 -3.31802545236141305E-02
2.46199208E+00 1.23514928450766878E-01 8.69935701137895530E-04 -3.26372923277384666E-02
2.46985386E+00 1.23508000168214505E-01 8.73117659139316772E-04 -3.20909304366829642E-02
2.47771531E+00 1.23501046789279909E-01 8.76316860114004464E-04 -3.15412531387823450E-02
2.48557646E+00 1.23494068132270388E-01 8.79533385061987989E-04 -3.09883446490282072E-02
2.49343737E+00 1.23487064013014278E-01 8.82767317035259278E-04 -3.04322890927811035E-02
2.50129809E+00 1.23480034244838208E-01 8.86018740357841033E-04 -2.98731704896974294E-02
2.50915866E+00 1.23472978638507064E-01 8.89287740584561556E-04 -2.93110727269093770E-02
2.51701914E+00 1.23465897002232539E-01 8.92574405876539662E-04 -2.87460795475374987E-02
2.52487957E+00 1.23458789141619285E-01 8.95878824941914167E-04 -2.81782745282141700E-02
2.53273985E+00 1.23451655021816153E-01 8.99201016109419651E-04 -2.76077539226600339E-02
2.54059991E+00 1.23444494543521605E-01 9.02541027241413529E-04 -2.70346090176336942E-02
2.54845981E+00 1.23437307510454203E-01 9.05898946645855270E-04 -2.64589234301968110E-02
2.55631960E+00 1.23430093723650616E-01 9.09274868177352555E-04 -2.58807804555452846E-02
2.56417933E+00 1.23422852981406414E-01 9.12668884146302230E-04 -2.53002630945623891E-02
2.57203908E+00 1.23415585079277870E-01 9.16081088892910299E-04 -2.47174541005782122E-02
2.57989889E+00 1.23408289810105112E-01 9.19511579989437146E-04 -2.41324359040154535E-02
2.58775883E+00 1.23400966963886222E-01 9.22960457089010535E-04 -2.35452906547733258E-02
2.59561896E+00 1.23393616327843014E-01 9.26427822340117509E-04 -2.29561001897549896E-02
2.60347934E+00 1.23386237686297626E-01 9.29913780377015923E-04 -2.23649460307919837E-02
2.61134003E+00 1.23378830820731616E-01 9.33418437950690456E-04 -2.17719093577431744E-02
2.61920111E+00 1.23371395509614026E-01 9.36941904695648420E-04 -2.11770710163623893E-02
2.62706263E+00 1.23363931528529772E-01 9.40484294039779073E-04 -2.05805115019085903E-02
2.63492446E+00 1.23356438853337316E-01 9.44045625875721711E-04 -1.99823270535065753E-02
2.64278655E+00 1.23348917369811406E-01 9.47625968680643302E-04 -1.93826066729433678E-02
2.65064895E+00 1.23341366850768963E-01 9.51225444862925781E-04 -1.87814302252388710E-02
2.65851175E+00 1.23333787065724398E-01 9.54844167120244666E-04 -1.81788771421667744E-02
2.66637501E+00 1.23326177781167945E-01 9.58482254852639835E-04 -1.75750264153150711E-02
2.67423880E+00 1.23318538760437829E-01 9.62139830155484921E-04 -1.69699565417248711E-02
2.68210320E+00 1.23310869763785969E-01 9.65817018704745868E-04 -1.63637457051846909E-02
2.68996827E+00 1.23303170548307722E-01 9.69513950156435707E-04 -1.57564716190043211E-02
2.69783411E+00 1.23295440867874889E-01 9.73230757234280330E-04 -1.51482115812606680E-02
2.70570077E+00 1.23287680473131739E-01 9.76967576230269473E-04 -1.45390424591580799E-02
2.71356834E+00 1.23279889111423180E-01 9.80724547850129070E-04 -1.39290406869117343E-02
2.72143689E+00 1.23272066535347294E-01 9.84501813142194459E-04 -1.33182829376246072E-02
2.72930615E+00 1.23264212843785664E-01 9.88299348836067662E-04 -1.27068724843705655E-02
2.73717618E+00 1.23256327780595157E-01 9.92117308929727111E-04 -1.20948848236059840E-02
2.74504706E+00 1.23248411085968484E-01 9.95955852248798850E-04 -1.14823949235245779E-02
2.75291889E+00 1.23240462496453887E-01 9.99815129020495061E-04 -1.08694772522545356E-02
2.76079174E+00 1.23232481744994571E-01 1.00369529020456001E-03 -1.02562057940688792E-02
2.76866569E+00 1.23224468561109052E-01 1.00759649250340669E-03 -9.64265408521044858E-03
2.77654083E+00 1.23216422670799033E-01 1.01151889722686668E-03 -9.02889519469188967E-03
2.78441723E+00 1.23208343796540623E-01 1.01546266992275113E-03 -8.41500173582981556E-03
2.79229500E+00 1.23200231657227419E-01 1.01942798061891923E-03 -7.80104587202007458E-03
2.80017421E+00 1.23192085968070811E-01 1.02341500417836399E-03 -7.18709931355508355E-03
2.80805485E+00 1.23183906556047065E-01 1.02742386458015808E-03 -6.57324193404648822E-03
2.81593670E+00 1.23175693429177488E-01 1.03145460089698257E-03 -5.95956676720658246E-03
2.82381987E+00 1.23167446298108385E-01 1.03550740258552760E-03 -5.34614432873991609E-03
2.83170444E+00 1.23159164869464419E-01 1.03958246768827141E-03 -4.73304461169936266E-03
2.83959050E+00 1.23150848845748659E-01 1.04367998607873130E-03 -4.12033713860066996E-03
2.84747814E+00 1.23142497925454161E-01 1.04780014447009235E-03 -3.50809095655286920E-03
2.85536746E+00 1.23134111803217539E-01 1.05194313660435679E-03 -2.89637465572578027E-03
2.86325853E+00 1.23125690169780921E-01 1.05610916194636361E-03 -2.28525638825823833E-03
2.87115147E+00 1.23117232711976388E-01 1.06029842655274505E-03 -1.67480384661440889E-03
2.87904636E+00 1.23108739112623711E-01 1.06451114296655784E-03 -1.06508430285429069E-03
2.88694324E+00 1.23100209116203882E-01 1.06874749822466258E-03 -4.56169262570850346E-04
2.89484184E+00 1.23091642790250214E-01 1.07300752394567196E-03 1.51847174857406425E-04
2.90274226E+00 1.23083039811783895E-01 1.07729145058310031E-03 7.58899066940472425E-04
2.91064459E+00 1.23074399853442040E-01 1.08159951311430054E-03 1.36492094090929269E-03
2.91854893E+00 1.23065722583408796E-01 1.08593194995751461E-03 1.96984776927541837E-03
2.92645537E+00 1.23057007665421478E-01 1.09028900568719869E-03 2.57361493953897841E-03
2.93436403E+00 1.23048254758679157E-01 1.09467091111336147E-03 3.17615829362921567E-03
2.94227499E+00 1.23039463518103992E-01 1.09907791398225528E-03 3.77741407286942988E-03
2.95018835E+00 1.23030633594260877E-01 1.10351027174525112E-03 4.37731893982400925E-03
2.95810422E+00 1.23021764633220801E-01 1.10796824558509000E-03 4.97580992948855414E-03
2.96602250E+00 1.23012856497808035E-01 1.11245199213682406E-03 5.57280966829807201E-03
2.97394305E+00 1.23003909105489473E-01 1.11696164875215126E-03 6.16823765586533169E-03
2.98186596E+00 1.22994922094992284E-01 1.12149749908247950E-03 6.76203233702039712E-03
2.98979134E+00 1.22985895100133913E-01 1.12605983384074862E-03 7.35413256851443278E-03
2.99771930E+00 1.22976827749851705E-01 1.13064894682674412E-03 7.94447758038613686E-03
3.00564993E+00 1.22967719668124545E-01 1.13526513438648989E-03 8.53300696895098292E-03
3.01358334E+00 1.22958570474053661E-01 1.13990870637745005E-03 9.11966069997068030E-03
3.02151963E+00 1.22949379781689766E-01 1.14457997240512404E-03 9.70437908070309434E-03
3.02945892E+00 1.22940147199969887E-01 1.14927923495412301E-03 1.02871027550243150E-02
3.03740127E+00 1.22930872367909172E-01 1.15400680192256759E-03 1.08677705460337656E-02
3.04534636E+00 1.22921555387943790E-01 1.15876276278938377E-03 1.14462926881524086E-02
3.05329430E+00 1.22912195860142195E-01 1.16354746776847870E-03 1.20226112492759739E-02
3.06124519E+00 1.22902793379053688E-01 1.16836127080865515E-03 1.25966686677024438E-02
3.06919915E+00 1.22893347533769542E-01 1.17320452818351988E-03 1.31684076910366411E-02
3.07715628E+00 1.22883857907884156E-01 1.17807760349590627E-03 1.37377713662550881E-02
3.08511668E+00 1.22874324079488201E-01 1.18298086967260165E-03 1.43047030457636969E-02
3.09308047E+00 1.22864745621063073E-01 1.18791470351851470E-03 1.48691463903440051E-02
3.10104776E+00 1.22855122099437233E-01 1.19287949638050244E-03 1.54310453472576558E-02
3.10901865E+00 1.22845453075654587E-01 1.19787565804972251E-03 1.59903441363231334E-02
3.11699281E+00 1.22835738635633671E-01 1.20290332106310336E-03 1.65469568982559434E-02
3.12497033E+00 1.22825978378702558E-01 1.20796287293741932E-03 1.71008264409413940E-02
3.13295131E+00 1.22816171854297024E-01 1.21305473934581339E-03 1.76518984129652064E-02
3.14093586E+00 1.22806318605731379E-01 1.21817936308918546E-03 1.82001186992727208E-02
3.14892409E+00 1.22796418170023083E-01 1.22333722754476831E-03 1.87454334174565057E-02
3.15691612E+00 1.22786470077481807E-01 1.22852877492577372E-03 1.92877888906602020E-02
3.16491205E+00 1.22776473852090021E-01 1.23375447452069758E-03 1.98271317691210980E-02
3.17291200E+00 1.22766429011430228E-01 1.23901483244685416E-03 2.03634088309742681E-02
3.18091607E+00 1.22756335066426248E-01 1.24431036780264185E-03 2.08965671227609451E-02
3.18892393E+00 1.22746192106009455E-01 1.24964128897424114E-03 2.14265234053548081E-02
3.19693565E+00 1.22735999659262005E-01 1.25500812564233698E-03 2.19532245240566595E-02
3.20495136E+00 1.22725757221994441E-01 1.26041143236039826E-03 2.24766188602274139E-02
3.21297116E+00 1.22715464282622588E-01 1.26585174521231213E-03 2.29966549545629964E-02
3.22099518E+00 1.22705120322348815E-01 1.27132960184721906E-03 2.35132815828842344E-02
3.22902352E+00 1.22694724815249762E-01 1.27684556468284712E-03 2.40264476904944631E-02
3.23705629E+00 1.22684277228034169E-01 1.28240024624307536E-03 2.45361023622492382E-02
3.24509361E+00 1.22673777019565625E-01 1.28799432874331489E-03 2.50421948297276792E-02
3.25313554E+00 1.22663223718557424E-01 1.29362845117035694E-03 2.55446707172514303E-02
3.26118175E+00 1.22652617335269651E-01 1.29930293952553008E-03 2.60434530334237753E-02
3.26923236E+00 1.22641957309676988E-01 1.30501839055140309E-03 2.65384923876375751E-02
3.27728749E+00 1.22631243073704529E-01 1.31077541758731447E-03 2.70297394382742091E-02
3.28534725E+00 1.22620474051194139E-01 1.31657469606291178E-03 2.75171449650854737E-02
3.29341176E+00 1.22609649657465611E-01 1.32241697202098332E-03 2.80006598338605264E-02
3.30148112E+00 1.22598769298832205E-01 1.32830301685583343E-03 2.84802350001709115E-02
3.30955546E+00 1.22587832372159616E-01 1.33423355032581464E-03 2.89558214778229094E-02
3.31763489E+00 1.22576838264843987E-01 1.34020918383565587E-03 2.94273703816228215E-02
3.32571934E+00 1.22565786613714284E-01 1.34623049851020785E-03 2.98948221720709145E-02
3.33380860E+00 1.22554677213439100E-01 1.35229803953970510E-03 3.03581108608971389E-02
3.34190281E+00 1.22543509430806732E-01 1.35841262947358548E-03 3.08171888591783072E-02
3.35000207E+00 1.22532282622474634E-01 1.36457511804451929E-03 3.12720085002596362E-02
3.35810649E+00 1.22520996134711499E-01 1.37078633173675409E-03 3.17225221244846617E-02
3.36621621E+00 1.22509649303452123E-01 1.37704710383058362E-03 3.21686821598625855E-02
3.37433132E+00 1.22498241454304921E-01 1.38335833997509984E-03 3.26104410564531794E-02
3.38245196E+00 1.22486771902020952E-01 1.38972101513719771E-03 3.30477512500452833E-02
3.39057822E+00 1.22475239949867365E-01 1.39613613166694587E-03 3.34805651710822494E-02
3.39870987E+00 1.22463645391446052E-01 1.40260443289347151E-03 3.39088167066392832E-02
3.40684688E+00 1.22451987722444380E-01 1.40912681307681586E-03 3.43324514035828962E-02
3.41498938E+00 1.22440266216322369E-01 1.41570438428813739E-03 3.47514227503692708E-02
3.42313746E+00 1.22428480133708481E-01 1.42233840217512154E-03 3.51656841272952117E-02
3.43129126E+00 1.22416628721505744E-01 1.42902994713811409E-03 3.55751888665762628E-02
3.43945088E+00 1.22404711213561793E-01 1.43577981537101017E-03 3.59798902719440650E-02
3.44761644E+00 1.22392726832187534E-01 1.44258881828922964E-03 3.63797415008784986E-02
3.45578806E+00 1.22380674788338500E-01 1.44945795586768895E-03 3.67746956235160127E-02
3.46396581E+00 1.22368554334524413E-01 1.45638833933430488E-03 3.71647038723604967E-02
3.47214934E+00 1.22356365350819590E-01 1.46338075657633784E-03 3.75496972290154732E-02
3.48033876E+00 1.22344107014625766E-01 1.47043636544243466E-03 3.79296297041903166E-02
3.48853421E+00 1.22331778489095697E-01 1.47755635008082705E-03 3.83044551166433697E-02
3.49673578E+00 1.22319378923068545E-01 1.48474204224018341E-03 3.86741271210365237E-02
3.50494360E+00 1.22306907450047117E-01 1.49199493257811061E-03 3.90385991966748225E-02
3.51315778E+00 1.22294363186880348E-01 1.49931639192809880E-03 3.93978246278600813E-02
3.52137843E+00 1.22281745233690398E-01 1.50670757090435366E-03 3.97517564423910397E-02
3.52960567E+00 1.22269052675184758E-01 1.51416970764210301E-03 4.01003474727340617E-02
3.53783938E+00 1.22256284947395155E-01 1.52170399523507936E-03 4.04435405852414873E-02
3.54607940E+00 1.22243441523321894E-01 1.52931169891036664E-03 4.07812778789187758E-02
3.55432585E+00 1.22230521444897183E-01 1.53699445358689317E-03 4.11135128719717913E-02
3.56257885E+00 1.22217523735423245E-01 1.54475402156805156E-03 4.14401987273732147E-02
3.57083850E+00 1.22204447398633828E-01 1.55259187746685967E-03 4.17612882797243901E-02
3.57910493E+00 1.22191291419713077E-01 1.56050901123883697E-03 4.20767341225845234E-02
3.58737825E+00 1.22178054767981020E-01 1.56850671841330530E-03 4.23864885985338682E-02
3.59565857E+00 1.22164736396241078E-01 1.57658662879602658E-03 4.26905037118322783E-02
3.60394600E+00 1.22151335238532013E-01 1.58475055621225052E-03 4.29887311589301768E-02
3.61224022E+00 1.22137850930220365E-01 1.59299985382554358E-03 4.32811065777810103E-02
3.62054127E+00 1.22124282469615777E-01 1.60133647926041789E-03 4.35675801237548482E-02
3.62884928E+00 1.22110628734217005E-01 1.60976224072441180E-03 4.38481037695198986E-02
3.63716435E+00 1.22096888579855054E-01 1.61827842956243761E-03 4.41226290326076007E-02
3.64548660E+00 1.22083060843554261E-01 1.62688707252528486E-03 4.43911069936653302E-02
3.65380530E+00 1.22069162512022211E-01 1.63557846324044378E-03 4.46531441682611399E-02
3.66211569E+00 1.22055200905499275E-01 1.64434829444433535E-03 4.49085696638575338E-02
3.67041775E+00 1.22041175467353283E-01 1.65319786830145669E-03 4.51573698851160457E-02
3.67871191E+00 1.22027084872011457E-01 1.66212884498565471E-03 4.53995416394757864E-02
3.68699859E+00 1.22012927787026187E-01 1.67114253759105612E-03 4.56350794035513055E-02
3.69527820E+00 1.21998702874711928E-01 1.68024032296145505E-03 4.58639762299785023E-02
3.70355113E+00 1.21984408792056520E-01 1.68942395777523760E-03 4.60862238415538708E-02
3.71181778E+00 1.21970044188650165E-01 1.69869634529808632E-03 4.63018127025709228E-02
3.72007851E+00 1.21955607699979873E-01 1.70805880510370108E-03 4.65107320985573558E-02
3.72833370E+00 1.21941097952260685E-01 1.71751324118300254E-03 4.67129699500874393E-02
3.73658371E+00 1.21926513560977140E-01 1.72706135023188625E-03 4.69085130068355310E-02
3.74482731E+00 1.21911855973120056E-01 1.73670112917117766E-03 4.70973100254450383E-02
3.75306348E+00 1.21897126273415785E-01 1.74643352499778822E-03 4.72793198341449755E-02
3.76129261E+00 1.21882323052807537E-01 1.75626378337988341E-03 4.74545349826247798E-02
3.76951508E+00 1.21867444875564487E-01 1.76619176608223656E-03 4.76229460572354518E-02
3.77773127E+00 1.21852490299807395E-01 1.77621668269096230E-03 4.77845421339686757E-02
3.78594154E+00 1.21837457888098785E-01 1.78633883488372417E-03 4.79393107255706580E-02
3.79414625E+00 1.21822346205677889E-01 1.79655943371550566E-03 4.80872381684737810E-02
3.80234575E+00 1.21807153814802338E-01 1.80688162787448676E-03 4.82283096181285523E-02
3.81054037E+00 1.21791879262868996E-01 1.81731278175727975E-03 4.83625090987114814E-02
3.81873045E+00 1.21776521056829928E-01 1.82785125831618736E-03 4.84898196337207113E-02
3.82691468E+00 1.21761080818791639E-01 1.83849183302079388E-03 4.86101981227222632E-02
3.83509237E+00 1.21745559029272504E-01 1.84923358772204663E-03 4.87236155491924117E-02
3.84326390E+00 1.21729943534209947E-01 1.86007739116514446E-03 4.88299808366148835E-02
3.85142963E+00 1.21714239697594803E-01 1.87102831038005115E-03 4.89295175212448169E-02
3.85958989E+00 1.21698448362600464E-01 1.88209740589589968E-03 4.90220573575716259E-02
3.86774506E+00 1.21682568731042787E-01 1.89328602211119991E-03 4.91075738916448290E-02
3.87589545E+00 1.21666599450480167E-01 1.90459133103047340E-03 4.91860510604617343E-02
3.88404142E+00 1.21650538999026989E-01 1.91600977624083418E-03 4.92574685737334761E-02
3.89218330E+00 1.21634385818470081E-01 1.92754166634833139E-03 4.93218053546895727E-02
3.90032140E+00 1.21618138337345055E-01 1.93918784163926066E-03 4.93790385937126278E-02
3.90845606E+00 1.21601794973455968E-01 1.95094735709722827E-03 4.94291439447165706E-02
3.91658559E+00 1.21585358215166264E-01 1.96281709389317617E-03 4.94720846510510529E-02
3.92470985E+00 1.21568827480472708E-01 1.97479837620095780E-03 4.95078373812942729E-02
3.93282919E+00 1.21552201192772324E-01 1.98689590421645152E-03 4.95363794428661172E-02
3.94094397E+00 1.21535477750391724E-01 1.99911299002728231E-03 4.95576822323739383E-02
3.94905452E+00 1.21518655529006508E-01 2.01144600219278248E-03 4.95663212305663889E-02
3.95716118E+00 1.21501732912989019E-01 2.02389106316261868E-03 4.95856135811706678E-02
3.96526428E+00 1.21484708314309367E-01 2.03644666012351002E-03 4.95844367007679809E-02
3.97336415E+00 1.21467580165114789E-01 2.04912850388819841E-03 4.95605052997491954E-02
3.98146111E+00 1.21450346826024444E-01 2.06195053904132406E-03 4.95602805091330326E-02
3.98955548E+00 1.21433006565683871E-01 2.07490349753708782E-03 4.95286776710105597E-02
3.99764536E+00 1.21415562451793968E-01 2.08797364742060185E-03 4.95034678364369568E-02
4.00573094E+00 1.21398013182322351E-01 2.10116198977235939E-03 4.94649563131514744E-02
4.01381261E+00 1.21380357085651203E-01 2.11446992641837681E-03 4.94201532230976945E-02
4.02189072E+00 1.21362592481860987E-01 2.12789218529933896E-03 4.93677281928425332E-02
4.02996563E+00 1.21344717711424729E-01 2.14143076859383283E-03 4.93078030508881243E-02
4.03803771E+00 1.21326731110114633E-01 2.15509318749278894E-03 4.92403154445064731E-02
4.04610730E+00 1.21308630973670020E-01 2.16887118256181262E-03 4.91652360874544891E-02
4.05417478E+00 1.21290415625894182E-01 2.18275953724408932E-03 4.90825301807987641E-02
4.06224049E+00 1.21272083424409829E-01 2.19675436352588255E-03 4.89921606842890697E-02
4.07030478E+00 1.21253632755744620E-01 2.21085272276197236E-03 4.88940914474927588E-02
4.07836801E+00 1.21235062028284435E-01 2.22505489211325585E-03 4.87882841681439167E-02
4.08642886E+00 1.21216373492402552E-01 2.23936162005142604E-03 4.86747221221514870E-02
4.09448691E+00 1.21197567468295853E-01 2.25378085551302797E-03 4.85533844195287709E-02
4.10254253E+00 1.21178642330064354E-01 2.26832149209937146E-03 4.84242391716768195E-02
4.11059611E+00 1.21159596378553752E-01 2.28297966330271579E-03 4.82872521163689658E-02
4.11864802E+00 1.21140427901783462E-01 2.29775335165385191E-03 4.81423896371075272E-02
4.12669864E+00 1.21121135185144460E-01 2.31263927760644175E-03 4.79896144326466406E-02
4.13473476E+00 1.21101749502452838E-01 2.32761261080969293E-03 4.78291551024962597E-02
4.14272726E+00 1.21082341932654436E-01 2.34261727024177033E-03 4.76616317757221977E-02
4.15067703E+00 1.21062911733456527E-01 2.35765002960654484E-03 4.74871538406946986E-02
4.15858504E+00 1.21043457834901641E-01 2.37270515328537584E-03 4.73058019503750510E-02
4.16645237E+00 1.21023978877305580E-01 2.38779182906793388E-03 4.71176498234675001E-02
4.17428021E+00 1.21004473122151082E-01 2.40290386519973788E-03 4.69227686182472001E-02
4.18206986E+00 1.20984938476188297E-01 2.41803346437368880E-03 4.67212222083025625E-02
4.18982279E+00 1.20965372483304412E-01 2.43319423270897933E-03 4.65130695945791747E-02
4.19754059E+00 1.20945772194469364E-01 2.44836967961698784E-03 4.62983642566791587E-02
4.20522502E+00 1.20926134235445709E-01 2.46355453421943449E-03 4.60771481658777890E-02
4.21287801E+00 1.20906454734472410E-01 2.47878400416215450E-03 4.58494570515291383E-02
4.22050168E+00 1.20886729076506674E-01 2.49404583874222744E-03 4.56153220639457790E-02
4.22808667E+00 1.20866982650770810E-01 2.50931484030069395E-03 4.53751178858462223E-02
4.23563221E+00 1.20847218906316098E-01 2.52457683181936702E-03 4.51290052662928209E-02
4.24314003E+00 1.20827434738804432E-01 2.53982297480190820E-03 4.48770544070327057E-02
4.25061204E+00 1.20807626508916841E-01 2.55505294084143334E-03 4.46193281303240846E-02
4.25805034E+00 1.20787789974102902E-01 2.57027283623310204E-03 4.43558802879348013E-02
4.26545723E+00 1.20767920205031257E-01 2.58550144457831603E-03 4.40867543702358269E-02
4.27283521E+00 1.20748011480623904E-01 2.60077410383185732E-03 4.38119838494491071E-02
4.28018701E+00 1.20728057162670072E-01 2.61609714850822997E-03 4.35315933402217817E-02
4.28750144E+00 1.20708088694443175E-01 2.63143568396393638E-03 4.32461348273978433E-02
4.29478070E+00 1.20688101216591404E-01 2.64678104424434252E-03 4.29557000395444505E-02
4.30202730E+00 1.20668088997283318E-01 2.66213245936282534E-03 4.26603455612150004E-02
4.30924401E+00 1.20648045384713742E-01 2.67750622623120224E-03 4.23601203850195868E-02
4.31643108E+00 1.20627970637874699E-01 2.69287445603314446E-03 4.20551777596006732E-02
4.32357456E+00 1.20607905211940189E-01 2.70820035415122746E-03 4.17462778974293097E-02
4.33067683E+00 1.20587844229675015E-01 2.72348214666329582E-03 4.14335536673998625E-02
4.33774053E+00 1.20567781841611432E-01 2.73871364835971774E-03 4.11170909975414195E-02
4.34476860E+00 1.20547711219019985E-01 2.75389443901005466E-03 4.07969699768820637E-02
4.35176429E+00 1.20527624497728622E-01 2.76904731151923636E-03 4.04732533005704095E-02
4.35873115E+00 1.20507512635497777E-01 2.78418855481685776E-03 4.01459879986690860E-02
4.36567306E+00 1.20487365348289452E-01 2.79931357665584492E-03 3.98152010502621362E-02
4.37259419E+00 1.20467171196101994E-01 2.81443656852470433E-03 3.94809039515708199E-02
4.37949908E+00 1.20446917527908065E-01 2.82958373112021828E-03 3.91430889045858502E-02
4.38638314E+00 1.20426618332373031E-01 2.84473873448992404E-03 3.88021860214344122E-02
4.39323095E+00 1.20406320337467870E-01 2.85987136694904661E-03 3.84591963543941748E-02
4.40004655E+00 1.20386012960283589E-01 2.87498523718309699E-03 3.81142071872942675E-02
4.40683425E+00 1.20365684393288597E-01 2.89006806754357791E-03 3.77672513896578077E-02
4.41359868E+00 1.20345321745878184E-01 2.90512461600126370E-03 3.74183523834665105E-02
4.42034473E+00 1.20324911054400435E-01 2.92016927931687108E-03 3.70675188117170484E-02
4.42707754E+00 1.20304437292407529E-01 2.93521583648215754E-03 3.67147445275744985E-02
4.43380247E+00 1.20283884425714707E-01 2.95028207697501732E-03 3.63600116190043801E-02
4.44051969E+00 1.20263252185000058E-01 2.96535460535351982E-03 3.60035741719553770E-02
4.44721540E+00 1.20242583686524115E-01 2.98039536755352391E-03 3.56464325800206622E-02
4.45389070E+00 1.20221876564677629E-01 2.99538839134176268E-03 3.52888430506515874E-02
4.46054662E+00 1.20201128560638248E-01 3.01033735308175792E-03 3.49310342773233029E-02
4.46718415E+00 1.20180337494782186E-01 3.02525886466218545E-03 3.45732534317238285E-02
4.47380424E+00 1.20159501218827541E-01 3.04015911981597373E-03 3.42157473790502473E-02
4.48040778E+00 1.20138617640974929E-01 3.05505088585317219E-03 3.38587722228725768E-02
4.48699561E+00 1.20117684723604429E-01 3.06993192316898757E-03 3.35025829750196166E-02
4.49356854E+00 1.20096700524287753E-01 3.08480885482955575E-03 3.31474400962706306E-02
4.50012733E+00 1.20075663187532364E-01 3.09967148857638380E-03 3.27936086974090144E-02
4.50667267E+00 1.20054570984519826E-01 3.11451789059517901E-03 3.24413534178782034E-02
4.51320524E+00 1.20033422296985562E-01 3.12935008405586723E-03 3.20909382085238018E-02
4.51972567E+00 1.20012215601825664E-01 3.14416947157214249E-03 3.17426299396470352E-02
4.52623452E+00 1.19990949472536079E-01 3.15897416735410382E-03 3.13966950050859200E-02
4.53273234E+00 1.19969622574978119E-01 3.17375883888574651E-03 3.10533991286982003E-02
4.53921963E+00 1.19948233672679830E-01 3.18850954307608623E-03 3.07130043479068478E-02
4.54569687E+00 1.19926781645382341E-01 3.20322188514704379E-03 3.03757720645352336E-02
4.55216448E+00 1.19905265465442043E-01 3.21790198001272983E-03 3.00419565870565994E-02
4.55862289E+00 1.19883684155894246E-01 3.23254290355929784E-03 2.97118070414057606E-02
4.56507247E+00 1.19862036795426702E-01 3.24713633520864282E-03 2.93855672799370644E-02
4.57151361E+00 1.19840322515849557E-01 3.26168308502396923E-03 2.90634758939321419E-02
4.57794666E+00 1.19818540473938515E-01 3.27618040979454819E-03 2.87457621526923633E-02
4.58437195E+00 1.19796689844941642E-01 3.29063232420435297E-03 2.84326458493490627E-02
4.59078982E+00 1.19774769804158840E-01 3.30504877114050832E-03 2.81243385442130275E-02
4.59720058E+00 1.19752779504152668E-01 3.31943574128774508E-03 2.78210414808701748E-02
4.60360455E+00 1.19730718041677647E-01 3.33379158557449169E-03 2.75229464218536037E-02
4.61000201E+00 1.19708584529394466E-01 3.34811212324618527E-03 2.72302338265166775E-02
4.61639326E+00 1.19686378130643964E-01 3.36239452795803351E-03 2.69430745894950960E-02
4.62277858E+00 1.19664098051365908E-01 3.37663519765424129E-03 2.66616288315513032E-02
4.62915822E+00 1.19641743555411531E-01 3.39083078928737597E-03 2.63860452422179821E-02
4.63553244E+00 1.19619313978380229E-01 3.40498097051675176E-03 2.61164619279946331E-02
4.64190146E+00 1.19596808713454017E-01 3.41908671636336099E-03 2.58530060696156791E-02
4.64826551E+00 1.19574227196303409E-01 3.43314576138592422E-03 2.55957949012353657E-02
4.65462477E+00 1.19551568918505616E-01 3.44715796346400276E-03 2.53449336914216942E-02
4.66097943E+00 1.19528833490420636E-01 3.46112391209713131E-03 2.51005192190757141E-02
4.66732963E+00 1.19506020589538395E-01 3.47504649652801475E-03 2.48626355081182464E-02
4.67367553E+00 1.19483129958850562E-01 3.48893241203895085E-03 2.46313567481385859E-02
4.68001724E+00 1.19460161368629275E-01 3.50279072367582498E-03 2.44067457589278690E-02
4.68635392E+00 1.19437118076141310E-01 3.51661748078021261E-03 2.41888879706906486E-02
4.69268502E+00 1.19414002248948950E-01 3.53041499990757682E-03 2.39778494920924387E-02
4.69901074E+00 1.19390813418958269E-01 3.54418479769467868E-03 2.37736538214475060E-02
4.70533130E+00 1.19367551040799214E-01 3.55792881933244447E-03 2.35763178049980919E-02
4.71164695E+00 1.19344214456929054E-01 3.57164630412561222E-03 2.33858473060775084E-02
4.71795797E+00 1.19320802927712161E-01 3.58533319553490902E-03 2.32022427762112286E-02
4.72426465E+00 1.19297315692686062E-01 3.59899370912043900E-03 2.30254991043497455E-02
4.73056733E+00 1.19273751903106975E-01 3.61262813649373656E-03 2.28556005453301077E-02
4.73686637E+00 1.19250110600125692E-01 3.62623083929051494E-03 2.26925295622421239E-02
4.74316216E+00 1.19226390767426346E-01 3.63980206315769710E-03 2.25362653487280323E-02
4.74945512E+00 1.19202591310514291E-01 3.65333384179095588E-03 2.23867785883234104E-02
4.75574570E+00 1.19178711037921103E-01 3.66682810198688033E-03 2.22440378872103793E-02
4.76203436E+00 1.19154748664004537E-01 3.68028654237423890E-03 2.21080112008721040E-02
4.76832162E+00 1.19130702819834677E-01 3.69370864995019433E-03 2.19786623894736924E-02
4.77460801E+00 1.19106571997628294E-01 3.70709109322422655E-03 2.18559527374841273E-02
4.78089407E+00 1.19082354569579205E-01 3.72043046263403638E-03 2.17398425780562510E-02
4.78718042E+00 1.19058048809070310E-01 3.73372416821017008E-03 2.16302869452333173E-02
4.79346766E+00 1.19033652829364789E-01 3.74697372290053871E-03 2.15272360439281996E-02
4.79975647E+00 1.19009164516934024E-01 3.76017755134867501E-03 2.14306361926299843E-02
4.80604755E+00 1.18984581565452774E-01 3.77333378499968225E-03 2.13404347719207063E-02
4.81234164E+00 1.18959901510948748E-01 3.78644507645964183E-03 2.12565805202585278E-02
4.81863955E+00 1.18935121676331634E-01 3.79951257889808236E-03 2.11790229642987368E-02
4.82494211E+00 1.18910239126699610E-01 3.81253855432897972E-03 2.11077154853046046E-02
4.83125024E+00 1.18885250553710742E-01 3.82552283490951743E-03 2.10426081833102845E-02
4.83756490E+00 1.18860152415087197E-01 3.83847097637798635E-03 2.09836582751828128E-02
4.84388715E+00 1.18834940810917680E-01 3.85139326973637629E-03 2.09308156452372024E-02
4.85021809E+00 1.18809611442118851E-01 3.86429113806842448E-03 2.08840364153309171E-02
4.85655821E+00 1.18784162542002525E-01 3.87716046675908466E-03 2.08432725281155300E-02
4.86290815E+00 1.18758591604207292E-01 3.89000188827458857E-03 2.08084859576430706E-02
4.86926919E+00 1.18732893543721019E-01 3.90281684331981104E-03 2.07972695271246705E-02
4.87564270E+00 1.18707062814975672E-01 3.91560335426843764E-03 2.07309857320956380E-02
4.88203015E+00 1.18681093354672307E-01 3.92835790238900331E-03 2.07318726827960091E-02
4.88843309E+00 1.18654978626755669E-01 3.94108174020672917E-03 2.07327822035302534E-02
4.89485322E+00 1.18628711582606058E-01 3.95377871368817087E-03 2.07317083301923645E-02
4.90129232E+00 1.18602284599418295E-01 3.96644989820151093E-03 2.07288569997787983E-02
4.90775232E+00 1.18575689455281269E-01 3.97909712869966292E-03 2.07263918273154629E-02
4.91423524E+00 1.18548917305213927E-01 3.99172284526462355E-03 2.07275538726013585E-02
4.92073669E+00 1.18521985861571089E-01 4.00432180961020692E-03 2.07364916716384316E-02
4.92723864E+00 1.18494969659548186E-01 4.01686092438659648E-03 2.08107130758676297E-02
4.93374212E+00 1.18467864510047427E-01 4.02933804976616638E-03 2.08127657017225381E-02
4.94024828E+00 1.18440665835642125E-01 4.04175380177385080E-03 2.08214930590833215E-02
4.94675831E+00 1.18413368633121005E-01 4.05410973716542177E-03 2.09126402259026747E-02
4.95327355E+00 1.18385967453793720E-01 4.06640686362663532E-03 2.09186022341507835E-02
4.95979540E+00 1.18358456408000495E-01 4.07864529240166071E-03 2.09918638265417859E-02
4.96632537E+00 1.18330829137789001E-01 4.09082843856155027E-03 2.10343632568350605E-02
4.97286507E+00 1.18303078745992413E-01 4.10296147766027117E-03 2.11027938238142129E-02
4.97941622E+00 1.18275197827868661E-01 4.11504825461821936E-03 2.11651050843465367E-02
4.98598063E+00 1.18247178511300913E-01 4.12709089741389919E-03 2.12387352798799472E-02
4.99256020E+00 1.18219012451307573E-01 4.13909207419840049E-03 2.13139453926893332E-02
4.99915693E+00 1.18190690832385870E-01 4.15105746029211312E-03 2.13961472947168836E-02
5.00577288E+00 1.18162204363705156E-01 4.16298955658980525E-03 2.14823188274154871E-02
5.01241022E+00 1.18133543342548442E-01 4.17488982671546539E-03 2.15740892709988460E-02
5.01907116E+00 1.18104697726897814E-01 4.18676343169922197E-03 2.16705689764112655E-02
5.02575795E+00 1.18075657173553727E-01 4.19861930526597982E-03 2.17722273202605038E-02
5.03247290E+00 1.18046411093651424E-01 4.21045976571877284E-03 2.18788275541017992E-02
5.03921832E+00 1.18016948744556774E-01 4.22228508902790407E-03 2.19905065897252130E-02
5.04599652E+00 1.17987259299786859E-01 4.23409861819451071E-03 2.21072207436792262E-02
5.05279038E+00 1.17957417224486397E-01 4.24587165824297837E-03 2.22287490568537326E-02
5.05959367E+00 1.17927449789358416E-01 4.25759044321664427E-03 2.23547819850645271E-02
5.06640549E+00 1.17897360986468289E-01 4.26925017766801446E-03 2.24853056991041467E-02
5.07322701E+00 1.17867145835836545E-01 4.28085246916628213E-03 2.26202632947381764E-02
5.08005945E+00 1.17836799062715492E-01 4.29239836764307593E-03 2.27596362850754248E-02
5.08690409E+00 1.17806315099600586E-01 4.30389337947643252E-03 2.29033909691718357E-02
5.09376086E+00 1.17775694426381694E-01 4.31533504889160518E-03 2.30514814331155490E-02
5.10062903E+00 1.17744940404508072E-01 4.32672115708575104E-03 2.32038385310137998E-02
5.10750996E+00 1.17714047161662741E-01 4.33805547096065020E-03 2.33604368223906227E-02
5.11440503E+00 1.17683008604764675E-01 4.34933862290406634E-03 2.35212698159964761E-02
5.12131562E+00 1.17651818510177822E-01 4.36057437685892588E-03 2.36863268275987228E-02
5.12824300E+00 1.17620471120043660E-01 4.37176423011235212E-03 2.38556030215919396E-02
5.13518059E+00 1.17588996304602636E-01 4.38289378920224057E-03 2.40289191706230948E-02
5.14212871E+00 1.17557392759903220E-01 4.39396198037270234E-03 2.42061982451800307E-02
5.14908559E+00 1.17525668781630899E-01 4.40496666692520925E-03 2.43873837946796054E-02
5.15605222E+00 1.17493820096169294E-01 4.41590623961912992E-03 2.45724399787276178E-02
5.16302990E+00 1.17461841015008450E-01 4.42678398991321401E-03 2.47613726622131353E-02
5.17001993E+00 1.17429725727786552E-01 4.43760356852615154E-03 2.49541793795110614E-02
5.17702362E+00 1.17397468375180766E-01 4.44837162269041270E-03 2.51508657691988692E-02
5.18404177E+00 1.17365065320037196E-01 4.45909066039110354E-03 2.53514281513247813E-02
5.19107262E+00 1.17332524557200696E-01 4.46975446073338747E-03 2.55557945846857405E-02
5.19811736E+00 1.17299840673615943E-01 4.48036018993281174E-03 2.57639612637160544E-02
5.20517707E+00 1.17267008614667864E-01 4.49091026781747293E-03 2.59759460467430883E-02
5.21225278E+00 1.17234023718054498E-01 4.50140003040234472E-03 2.61917588336383692E-02
5.21934539E+00 1.17200881788559655E-01 4.51182870386649358E-03 2.64114125169726301E-02
5.22644930E+00 1.17167609170806028E-01 4.52219298453655945E-03 2.66347311000902608E-02
5.23355962E+00 1.17134228983106978E-01 4.53249063086963964E-03 2.68615243112594881E-02
5.24067703E+00 1.17100738386443207E-01 4.54272436994320166E-03 2.70917801023766273E-02
5.24780224E+00 1.17067134321877361E-01 4.55289930815018680E-03 2.73255099005359145E-02
5.25493594E+00 1.17033413919741522E-01 4.56301463739844631E-03 2.75627140523828119E-02
5.26207873E+00 1.16999574490116595E-01 4.57307054070910015E-03 2.78033973591674255E-02
5.26922963E+00 1.16965621045876378E-01 4.58307194301720792E-03 2.80475144991049995E-02
5.27638845E+00 1.16931554714198235E-01 4.59301422047231345E-03 2.82950400848171954E-02
5.28355573E+00 1.16897373084181341E-01 4.60289743351835652E-03 2.85459821326539617E-02
5.29073201E+00 1.16863073864937952E-01 4.61272402399045232E-03 2.88003488508935292E-02
5.29791779E+00 1.16828654860646586E-01 4.62249649293450943E-03 2.90581499791855158E-02
5.30511358E+00 1.16794113899964594E-01 4.63222255690605260E-03 2.93193975203648940E-02
5.31231985E+00 1.16759448747237912E-01 4.64190553706636273E-03 2.95841050566877060E-02
5.31953553E+00 1.16724664703395473E-01 4.65154191928503474E-03 2.98522323242338267E-02
5.32676050E+00 1.16689762479249490E-01 4.66113609372609435E-03 3.01237673589285111E-02
5.33399531E+00 1.16654739483088174E-01 4.67069098963769636E-03 3.03987299256096126E-02
5.34124055E+00 1.16619592976268907E-01 4.68021091584778972E-03 3.06771432003904027E-02
5.34849683E+00 1.16584320035796038E-01 4.68970830565320056E-03 3.09590317525751738E-02
5.35576480E+00 1.16548917518948206E-01 4.69918699993225955E-03 3.12444231645803566E-02
5.36304512E+00 1.16513382050216677E-01 4.70863704166940220E-03 3.15333480397034724E-02
5.37033716E+00 1.16477716683476090E-01 4.71805317486877554E-03 3.18257901723590295E-02
5.37764097E+00 1.16441921232723039E-01 4.72743498275690448E-03 3.21217537023612415E-02
5.38495735E+00 1.16405991759032906E-01 4.73677509591659707E-03 3.24212776449097767E-02
5.39228716E+00 1.16369924223376497E-01 4.74607470754293079E-03 3.27244072553620063E-02
5.39962872E+00 1.16333711717491850E-01 4.75533455961258712E-03 3.30321344168245934E-02
5.40697983E+00 1.16297375293064637E-01 4.76456730771000585E-03 3.33422424929158967E-02
5.41434136E+00 1.16260914146156955E-01 4.77376878323156756E-03 3.36560040187675394E-02
5.42171371E+00 1.16224327663223909E-01 4.78294359356469349E-03 3.39732149564029584E-02
5.42908696E+00 1.16187665631713927E-01 4.79208615093812233E-03 3.42935669414808145E-02
5.43646122E+00 1.16150927951223060E-01 4.80120155055237512E-03 3.46170064582418252E-02
5.44383587E+00 1.16114118055350476E-01 4.81028786289929618E-03 3.49435252177881725E-02
5.45121074E+00 1.16077237217526344E-01 4.81934759440447516E-03 3.52731062148506080E-02
5.45858594E+00 1.16040285096444623E-01 4.82838889637163954E-03 3.56057500515620101E-02
5.46596159E+00 1.16003261313721864E-01 4.83741739687488896E-03 3.59414588267340865E-02
5.47333781E+00 1.15966165487445830E-01 4.84642874093861153E-03 3.62802330959490840E-02
5.48071472E+00 1.15928997238941817E-01 4.85543069678246245E-03 3.66220750633986028E-02
5.48809242E+00 1.15891756133573609E-01 4.86443133605369248E-03 3.69669849302774536E-02
5.49547102E+00 1.15854441694298455E-01 4.87343519208640209E-03 3.73149618087938936E-02
5.50285064E+00 1.15817053434500536E-01 4.88243844064974002E-03 3.76660054422615007E-02
5.51023136E+00 1.15779590911055899E-01 4.89145794070589435E-03 3.80201161901120716E-02
5.51761328E+00 1.15742053642219442E-01 4.90049483323875320E-03 3.83772934138224345E-02
5.52499651E+00 1.15704441156261384E-01 4.90954283696818684E-03 3.87375336065964651E-02
5.53238114E+00 1.15666753018328877E-01 4.91859664402217230E-03 3.91008312013147522E-02
5.53976725E+00 1.15628988803496341E-01 4.92765878437873093E-03 3.94671840809079216E-02
5.54715493E+00 1.15591148108193278E-01 4.93674858479815556E-03 3.98365860412821654E-02
5.55454427E+00 1.15553230452558733E-01 4.94586785757512946E-03 4.02090303527764883E-02
5.56193535E+00 1.15515235314398890E-01 4.95498311008276283E-03 4.05845085382769491E-02
5.56932825E+00 1.15477162298976616E-01 4.96409712026516826E-03 4.09630101233746310E-02
5.57672306E+00 1.15439011065289560E-01 4.97324008024408685E-03 4.13445260114673266E-02
5.58411984E+00 1.15400781181376547E-01 4.98242727488814284E-03 4.17290431334419662E-02
5.59151867E+00 1.15362472122561649E-01 4.99161758836915402E-03 4.21165464014064336E-02
5.59891962E+00 1.15324083532254512E-01 5.00081912161265234E-03 4.25070188373557548E-02
5.60632199E+00 1.15285619092401634E-01 5.01003579818004325E-03 4.29004033342248806E-02
5.61372580E+00 1.15247078730169067E-01 5.01926562601085272E-03 4.32966725990121606E-02
5.62113113E+00 1.15208462029318420E-01 5.02852025224824126E-03 4.36958029248260202E-02
5.62853804E+00 1.15169768468955797E-01 5.03780818481692778E-03 4.40977702327009363E-02
5.63594662E+00 1.15130997434203991E-01 5.04713088222507808E-03 4.45025471414859444E-02
5.64335692E+00 1.15092148215914680E-01 5.05648379105097263E-03 4.49101046129968748E-02
5.65076901E+00 1.15053220123135541E-01 5.06585334959578672E-03 4.53204104228761631E-02
5.65818297E+00 1.15014212582411970E-01 5.07523879050976717E-03 4.57334313506135570E-02
5.66559884E+00 1.14975125036773984E-01 5.08465632628672323E-03 4.61491306201108342E-02
5.67301670E+00 1.14935956872737916E-01 5.09411408448660202E-03 4.65674674642830716E-02
5.68043661E+00 1.14896707432500314E-01 5.10359875281432823E-03 4.69884005426357415E-02
5.68785861E+00 1.14857376100660880E-01 5.11310595551704283E-03 4.74118858234134424E-02
5.69528277E+00 1.14817962288205025E-01 5.12264728033541474E-03 4.78378739871474779E-02
5.70270914E+00 1.14778465323072301E-01 5.13223358507083460E-03 4.82663144856645132E-02
5.71013776E+00 1.14738884397338883E-01 5.14186995253415949E-03 4.86971523307953430E-02
5.71756869E+00 1.14699218648122964E-01 5.15156723990715330E-03 4.91303336063003762E-02
5.72500198E+00 1.14659467139113500E-01 5.16131883616274562E-03 4.95658001561320449E-02
5.73243766E+00 1.14619628976492388E-01 5.17111711916449623E-03 5.00034920143424336E-02
5.73987577E+00 1.14579703354817222E-01 5.18097960492318235E-03 5.04433432778829821E-02
5.74731636E+00 1.14539689391958077E-01 5.19091939724551903E-03 5.08852858384205436E-02
5.75475946E+00 1.14499586050957697E-01 5.20093052946756992E-03 5.13292517024263178E-02
5.76220510E+00 1.14459392278648542E-01 5.21099472047294870E-03 5.17751648495774139E-02
5.76965332E+00 1.14419107137195913E-01 5.22110484496543601E-03 5.22229504877709666E-02
5.77710413E+00 1.14378729744853566E-01 5.23127377286381878E-03 5.26725296080000280E-02
5.78455734E+00 1.14338260417849308E-01 5.24150909166516688E-03 5.31238069708054456E-02
5.79201252E+00 1.14297700474064637E-01 5.25180261450954467E-03 5.35766744398770839E-02
5.79946971E+00 1.14257048830570862E-01 5.26215620878327413E-03 5.40310466497540623E-02
5.80692894E+00 1.14216304431152008E-01 5.27257942715385428E-03 5.44868374237927611E-02
5.81439022E+00 1.14175466194129605E-01 5.28307075669627851E-03 5.49439573115163282E-02
5.82185358E+00 1.14134533051678477E-01 5.29362336959254311E-03 5.54023153589493153E-02
5.82931904E+00 1.14093503978146577E-01 5.30423981914641181E-03 5.58618180748247581E-02
5.83678661E+00 1.14052377973924909E-01 5.31493472910004108E-03 5.63223713053726122E-02
5.84425630E+00 1.14011153997785372E-01 5.32569648632532418E-03 5.67838789605083286E-02
5.85172811E+00 1.13969831132223406E-01 5.33651240062159478E-03 5.72462443295311818E-02
5.85920207E+00 1.13928408567190567E-01 5.34739046452912918E-03 5.77093684184729130E-02
5.86667816E+00 1.13886885430437707E-01 5.35834638929016775E-03 5.81731503946333120E-02
5.87415640E+00 1.13845260654071009E-01 5.36936811237955468E-03 5.86374900985366793E-02
5.88163677E+00 1.13803533161678586E-01 5.38044550932139255E-03 5.91022829188616247E-02
5.88911927E+00 1.13761702004742185E-01 5.39160861008644490E-03 5.95674269828811165E-02
5.89660391E+00 1.13719766172589998E-01 5.40290243599324174E-03 6.00328174753359603E-02
5.90409065E+00 1.13677724449376585E-01 5.41428834567983432E-03 6.04983507094274051E-02
5.91157950E+00 1.13635575746968004E-01 5.42573629193779123E-03 6.09639212795239915E-02
5.91907044E+00 1.13593319184273983E-01 5.43726129173865199E-03 6.14294246818195694E-02
5.92656345E+00 1.13550953826842937E-01 5.44886049971785372E-03 6.18947534638875849E-02
5.93405851E+00 1.13508478863642182E-01 5.46055794505371714E-03 6.23598053608375794E-02
5.94155558E+00 1.13465893431144660E-01 5.47233120337617222E-03 6.28244768242074564E-02
5.94905466E+00 1.13423196726087597E-01 5.48416985171048133E-03 6.32886665352100919E-02
5.95655569E+00 1.13380388061059004E-01 5.49608011771881427E-03 6.37522711791896762E-02
5.96405865E+00 1.13337466818460672E-01 5.50813526133588950E-03 6.42151861675155644E-02
5.97156350E+00 1.13294432059788452E-01 5.52027289426700474E-03 6.46773088715875549E-02
5.97907019E+00 1.13251283111251558E-01 5.53245197344539967E-03 6.51385340773061178E-02
5.98657869E+00 1.13208019626755529E-01 5.54467638794737660E-03 6.55987662423402201E-02
5.99408893E+00 1.13164641370658903E-01 5.55696035789310979E-03 6.60579040882321722E-02
6.00160086E+00 1.13121148123742937E-01 5.56935142373174343E-03 6.65158471017546771E-02
6.00911443E+00 1.13077539434271929E-01 5.58181412159936777E-03 6.69724999009377597E-02
6.01662957E+00 1.13033814916130446E-01 5.59435471722270067E-03 6.74277630464422267E-02
6.02414608E+00 1.12989974981829888E-01 5.60698397469477829E-03 6.78815370997991191E-02
6.03166362E+00 1.12946020977620354E-01 5.61968997191934858E-03 6.83337105084761975E-02
6.03918213E+00 1.12901952663289964E-01 5.63248805640249872E-03 6.87841976371372094E-02
6.04670154E+00 1.12857769775774150E-01 5.64537225732880416E-03 6.92329098919451241E-02
6.05422177E+00 1.12813472129947676E-01 5.65835632787710201E-03 6.96797606162157801E-02
6.06174276E+00 1.12769059591248652E-01 5.67148074769978274E-03 7.01246680908925446E-02
6.06926441E+00 1.12724532092358179E-01 5.68465748939978987E-03 7.05675343636230357E-02
6.07678665E+00 1.12679889891515631E-01 5.69786389701203849E-03 7.10082979046338103E-02
6.08430939E+00 1.12635133498783124E-01 5.71110970655300081E-03 7.14468581417038034E-02
6.09183252E+00 1.12590263472152605E-01 5.72444493894846713E-03 7.18831558412858784E-02
6.09935596E+00 1.12545280212338367E-01 5.73784086596037992E-03 7.23171107816636405E-02
6.10687960E+00 1.12500184246841273E-01 5.75128744208957404E-03 7.27486456122366648E-02
6.11440332E+00 1.12454976178659044E-01 5.76480242440710871E-03 7.31776973542014736E-02
6.12192702E+00 1.12409656625925308E-01 5.77835899973984466E-03 7.36042026293070722E-02
6.12945058E+00 1.12364226336880216E-01 5.79196569464889618E-03 7.40280918146337258E-02
6.13697388E+00 1.12318686110158231E-01 5.80562957228580954E-03 7.44493057133609332E-02
6.14449678E+00 1.12273036767179119E-01 5.81934390970790822E-03 7.48677820638144753E-02
6.15201916E+00 1.12227279161007540E-01 5.83311963900729185E-03 7.52834669638023785E-02
6.15954088E+00 1.12181414115447770E-01 5.84697102705301636E-03 7.56963079626797181E-02
6.16706181E+00 1.12135442453869860E-01 5.86088666913544588E-03 7.61062504134947526E-02
6.17458178E+00 1.12089365013639086E-01 5.87487574998445637E-03 7.65132500386513092E-02
6.18210065E+00 1.12043182572441335E-01 5.88893691248148360E-03 7.69172638257810820E-02
6.18961827E+00 1.11996895988025175E-01 5.90303952027087207E-03 7.73182457578696081E-02
6.19713447E+00 1.11950506307375366E-01 5.91720450946369922E-03 7.77161563985859366E-02
6.20464908E+00 1.11904014554102871E-01 5.93142946512443137E-03 7.81109616948785224E-02
6.21216193E+00 1.11857421834380008E-01 5.94567768211205425E-03 7.85026266265421713E-02
6.21967285E+00 1.11810729485923091E-01 5.95994663239285405E-03 7.88911150204451989E-02
6.22718164E+00 1.11763938947937805E-01 5.97422959900774635E-03 7.92764039191530684E-02
6.23468811E+00 1.11717051729669212E-01 5.98853205288327022E-03 7.96584659981927207E-02
6.24219207E+00 1.11670069313973538E-01 6.00286623614978022E-03 8.00372840814425057E-02
6.24969332E+00 1.11622993099957837E-01 6.01722909955922959E-03 8.04128415871284141E-02
6.25719164E+00 1.11575824533971260E-01 6.03158004039548550E-03 8.07851214577639531E-02
6.26468681E+00 1.11528565274981145E-01 6.04591045100493895E-03 8.11541114243540390E-02
6.27217862E+00 1.11481217092888649E-01 6.06021007840816788E-03 8.15198077604752241E-02
6.27966683E+00 1.11433781807626309E-01 6.07448674909319593E-03 8.18822033431287483E-02
6.28715121E+00 1.11386261204642123E-01 6.08875077239275867E-03 8.22412979071343031E-02
6.29463150E+00 1.11338656993849358E-01 6.10303195510180675E-03 8.25970890192399554E-02
6.30210747E+00 1.11290970771611070E-01 6.11732641755066350E-03 8.29495790745225919E-02
6.30957886E+00 1.11243204135349605E-01 6.13163971559616949E-03 8.32987737542878193E-02
6.31704540E+00 1.11195358704311797E-01 6.14596056948183908E-03 8.36446849803500758E-02
6.32450683E+00 1.11147436180940293E-01 6.16025427119449697E-03 8.39873247652117849E-02
6.33196286E+00 1.11099438413371471E-01 6.17453118668071128E-03 8.43267091853967948E-02
6.33941321E+00 1.11051367275217847E-01 6.18881376286422539E-03 8.46628563059084183E-02
6.34685761E+00 1.11003224578501369E-01 6.20309384315109649E-03 8.49957852948479697E-02
6.35429574E+00 1.10955012145433865E-01 6.21738326817435245E-03 8.53255209918320351E-02
6.36172731E+00 1.10906731731071642E-01 6.23167330736385059E-03 8.56520927369970320E-02
6.36915202E+00 1.10858385054830894E-01 6.24600501365709087E-03 8.59755291341547934E-02
6.37656955E+00 1.10809973705108575E-01 6.26037239973173312E-03 8.62958652496309264E-02
6.38397957E+00 1.10761499260566318E-01 6.27472992533953389E-03 8.66131356651797524E-02
6.39138177E+00 1.10712963458533695E-01 6.28908264529231924E-03 8.69273840286737404E-02
6.39877581E+00 1.10664368040965369E-01 6.30341567100509061E-03 8.72386503188862517E-02
6.40616135E+00 1.10615714910791488E-01 6.31773213324530927E-03 8.75469765305953718E-02
6.41353804E+00 1.10567006104127702E-01 6.33208448693494200E-03 8.78524084589271254E-02
6.42090555E+00 1.10518243568639818E-01 6.34645649102358930E-03 8.81549890409262654E-02
6.42826350E+00 1.10469429341149977E-01 6.36084236536137680E-03 8.84547620501666687E-02
6.43561153E+00 1.10420565534515819E-01 6.37522713317638639E-03 8.87517814161413177E-02
6.44294929E+00 1.10371654405135564E-01 6.38958168979355048E-03 8.90461004180655435E-02
6.45027638E+00 1.10322698435436850E-01 6.40389969859151559E-03 8.93377720093391781E-02
6.45759244E+00 1.10273700260198074E-01 6.41826151832915366E-03 8.96268502885993468E-02
6.46489707E+00 1.10224662331286652E-01 6.43266555696036819E-03 8.99133855469226445E-02
6.47218988E+00 1.10175587098828881E-01 6.44710850982980511E-03 9.01974328576060219E-02
6.47947049E+00 1.10126477017839453E-01 6.46162189386830735E-03 9.04790518666014204E-02
6.48673828E+00 1.10077335838025259E-01 6.47620886359847898E-03 9.07582987409134706E-02
6.49399263E+00 1.10028167459747375E-01 6.49078050404192867E-03 9.10352215602514697E-02
6.50123315E+00 1.09978974742861779E-01 6.50530738367435107E-03 9.13098884999364729E-02
6.50845942E+00 1.09929760822059894E-01 6.51979637034599650E-03 9.15823638532600182E-02
6.51567104E+00 1.09880528970850419E-01 6.53428004958931958E-03 9.18527140395183905E-02
6.52286759E+00 1.09831282398059116E-01 6.54877586249755402E-03 9.21209988421602399E-02
6.53004868E+00 1.09782024234641715E-01 6.56325805842512301E-03 9.23872796197035412E-02
6.53721389E+00 1.09732757732873970E-01 6.57771900361314547E-03 9.26516216662347653E-02
6.54436281E+00 1.09683486198387109E-01 6.59212944873762210E-03 9.29140925981902371E-02
6.55149506E+00 1.09634213139296818E-01 6.60646296495200330E-03 9.31747541116889344E-02
6.55861023E+00 1.09584942299407642E-01 6.62075862276778788E-03 9.34336668537508880E-02
6.56570792E+00 1.09535677338884710E-01 6.63498978401894438E-03 9.36908948128404029E-02
6.57278775E+00 1.09486422057134755E-01 6.64914819666818143E-03 9.39464923421696185E-02
6.57984934E+00 1.09437180290505365E-01 6.66322389364912542E-03 9.42005270047399090E-02
6.58689230E+00 1.09387955904133624E-01 6.67720751871641021E-03 9.44530542055082439E-02
6.59391628E+00 1.09338752786587556E-01 6.69108763507667622E-03 9.47041390496703717E-02
6.60092091E+00 1.09289574832191691E-01 6.70484781498332637E-03 9.49538411148845296E-02
6.60790585E+00 1.09240425954648876E-01 6.71849223030872821E-03 9.52022211417715564E-02
6.61487076E+00 1.09191310003015976E-01 6.73205826828536264E-03 9.54493352106026705E-02
6.62181531E+00 1.09142230617542996E-01 6.74552781615962369E-03 9.56952378354309630E-02
6.62873920E+00 1.09093191392999764E-01 6.75888705645988179E-03 9.59399866849167116E-02
6.63564214E+00 1.09044195887688530E-01 6.77215327054339188E-03 9.61836363801136518E-02
6.64252384E+00 1.08995247469571746E-01 6.78529485636143563E-03 9.64262401625874677E-02
6.64938405E+00 1.08946349549307625E-01 6.79826789723725605E-03 9.66678513148526847E-02
6.65622253E+00 1.08897505693733659E-01 6.81105997155697501E-03 9.69085174430387719E-02
6.66303907E+00 1.08848719470616986E-01 6.82364154963053648E-03 9.71482910465186894E-02
6.66983347E+00 1.08799994496874830E-01 6.83599168020204706E-03 9.73872196110641686E-02
6.67660556E+00 1.08751334401641850E-01 6.84813642910785374E-03 9.76253456987268842E-02
6.68335521E+00 1.08702742515916634E-01 6.86007165292030433E-03 9.78627184762104058E-02
6.69008229E+00 1.08654221932767109E-01 6.87179254667421007E-03 9.80993847687786358E-02
6.69678648E+00 1.08605777354248464E-01 6.88327826976612052E-03 9.83353761002158933E-02
6.70346680E+00 1.08557418273223766E-01 6.89449468228634475E-03 9.85707076800522719E-02
6.71012308E+00 1.08509148413248227E-01 6.90543997799325515E-03 9.88054127937216808E-02
6.71675521E+00 1.08460971327603156E-01 6.91610413287778274E-03 9.90395261769824453E-02
6.72336306E+00 1.08412890424171196E-01 6.92651230267501365E-03 9.92730854266296592E-02
6.72994657E+00 1.08364908796289919E-01 6.93672491575171059E-03 9.95061167474856484E-02
6.73650569E+00 1.08317028991668299E-01 6.94672059204435796E-03 9.97386623403334338E-02
6.74304042E+00 1.08269273855020109E-01 6.95653984192840056E-03 9.99702573640289388E-02
6.74955077E+00 1.08221631283748551E-01 6.96616813237929591E-03 1.00202027631810922E-01
6.75603681E+00 1.08174098285817463E-01 6.97558473551159255E-03 1.00433147029422742E-01
6.76249864E+00 1.08126674736536074E-01 6.98478359750696453E-03 1.00664047166050943E-01
6.76893639E+00 1.08079361300063972E-01 6.99375192777265849E-03 1.00894554007892462E-01
6.77535024E+00 1.08032158725803629E-01 7.00249365478125378E-03 1.01124769181095739E-01
6.78174041E+00 1.07985067517793368E-01 7.01101343549501155E-03 1.01354694503131754E-01
6.78810718E+00 1.07938087857471998E-01 7.01931565736473462E-03 1.01584368808339029E-01
6.79445083E+00 1.07891219590096857E-01 7.02740699955328989E-03 1.01813817208458987E-01
6.80077173E+00 1.07844462188469339E-01 7.03533300933033984E-03 1.02043067559013823E-01
6.80707028E+00 1.07797814557488658E-01 7.04313390411355662E-03 1.02272146335682740E-01
6.81334692E+00 1.07751275029387514E-01 7.05082997502423387E-03 1.02501086162329488E-01
6.81960214E+00 1.07704841348602490E-01 7.05838929391859517E-03 1.02729923192064643E-01
6.82583650E+00 1.07658510983418942E-01 7.06579531182204186E-03 1.02958689679696472E-01
6.83205058E+00 1.07612281131532844E-01 7.07306310088083503E-03 1.03187420703159879E-01
6.83824258E+00 1.07566166847949576E-01 7.08026650096663535E-03 1.03416074462505919E-01
6.84441134E+00 1.07520178086211213E-01 7.08739715252529410E-03 1.03644598578888206E-01
6.85055735E+00 1.07474312288616647E-01 7.09439144010846900E-03 1.03873011537968546E-01
6.85668116E+00 1.07428566686628979E-01 7.10124179099775200E-03 1.04101368020972154E-01
6.86278338E+00 1.07382938181054502E-01 7.10793995420658329E-03 1.04329687387806957E-01
6.86886464E+00 1.07337423309436283E-01 7.11450404338001205E-03 1.04558010786739042E-01
6.87492565E+00 1.07292018084787749E-01 7.12095144032329121E-03 1.04786373234882935E-01
6.88096713E+00 1.07246717969133223E-01 7.12734853482018677E-03 1.05014812706090505E-01
6.88698989E+00 1.07201517673509522E-01 7.13369705350771089E-03 1.05243363783046093E-01
6.89299475E+00 1.07156411385416706E-01 7.14000746166562877E-03 1.05472078176989323E-01
6.89898262E+00 1.07111392825517973E-01 7.14627858660438469E-03 1.05700995793746561E-01
6.90495442E+00 1.07066455294666671E-01 7.15250230441080628E-03 1.05930163907633088E-01
6.91091115E+00 1.07021591710252384E-01 7.15869494090143506E-03 1.06159638651907445E-01
6.91685382E+00 1.06976794480295845E-01 7.16487850622502583E-03 1.06389475538803790E-01
6.92278005E+00 1.06932081753705652E-01 7.17106832812997811E-03 1.06619605455783598E-01
6.92868817E+00 1.06887466258659969E-01 7.17727017834944928E-03 1.06849960980541517E-01
6.93457912E+00 1.06842941063852365E-01 7.18347704137153702E-03 1.07080587298148289E-01
6.94045386E+00 1.06798498883419371E-01 7.18972938960230328E-03 1.07311548844541110E-01
6.94631342E+00 1.06754131947123215E-01 7.19605133602899561E-03 1.07542892066242665E-01
6.95215887E+00 1.06709831951861664E-01 7.20242331733269951E-03 1.07774675794549996E-01
6.95799130E+00 1.06665590271369279E-01 7.20885581632870007E-03 1.08006959858408746E-01
6.96381187E+00 1.06621397923830422E-01 7.21532258796923898E-03 1.08239805641553180E-01
6.96962175E+00 1.06577245718157965E-01 7.22183118689110476E-03 1.08473279804767148E-01
6.97542217E+00 1.06533124154981423E-01 7.22841674168377742E-03 1.08707453302136853E-01
6.98121437E+00 1.06489023273252811E-01 7.23505911591486046E-03 1.08942399212045710E-01
6.98699966E+00 1.06444932841778805E-01 7.24177226278494186E-03 1.09178181996540391E-01
6.99277848E+00 1.06400848977270465E-01 7.24857246750980431E-03 1.09414860969421227E-01
6.99854574E+00 1.06356810033740215E-01 7.25548084562581495E-03 1.09652262491154118E-01
7.00430266E+00 1.06312806208829352E-01 7.26250102019022903E-03 1.09890420707440900E-01
7.01005048E+00 1.06268827359705748E-01 7.26960898552388331E-03 1.10129434641554072E-01
7.01579048E+00 1.06224863120715760E-01 7.27681596849730997E-03 1.10369367686935602E-01
7.02152396E+00 1.06180902852395703E-01 7.28414743193324127E-03 1.10610318845006952E-01
7.02725226E+00 1.06136935581210262E-01 7.29160792051486515E-03 1.10852353290399733E-01
7.03297672E+00 1.06092950062013150E-01 7.29919841737444990E-03 1.11095561428187717E-01
7.03869871E+00 1.06048934857061503E-01 7.30695980007459254E-03 1.11340029758852349E-01
7.04441962E+00 1.06004878204893502E-01 7.31495898180515441E-03 1.11585848295413542E-01
7.05014086E+00 1.05960767896723165E-01 7.32314912725960492E-03 1.11833106266688215E-01
7.05586382E+00 1.05916571951088612E-01 7.33148910098133880E-03 1.12082366354623417E-01
7.06158995E+00 1.05872291160420684E-01 7.33998957432219473E-03 1.12332738828340287E-01
7.06731401E+00 1.05827969052221194E-01 7.34866179136287653E-03 1.12584697093819325E-01
7.07303656E+00 1.05783601789791390E-01 7.35749167601019820E-03 1.12838050680328261E-01
7.07875899E+00 1.05739177841554066E-01 7.36648772106064317E-03 1.13093004961169613E-01
7.08448272E+00 1.05694685196571339E-01 7.37565421245534557E-03 1.13349619580220592E-01
7.09020918E+00 1.05650111571140792E-01 7.38499927891549893E-03 1.13608007281519818E-01
7.09593978E+00 1.05605444515798647E-01 7.39455079652185168E-03 1.13868254526925769E-01
7.10167597E+00 1.05560671417678859E-01 7.40431448647422327E-03 1.14130460639883427E-01
7.10741915E+00 1.05515779559505446E-01 7.41428037626744741E-03 1.14394725982605139E-01
7.11316166E+00 1.05470827587134039E-01 7.42443644320612758E-03 1.14660760158599925E-01
7.11890435E+00 1.05425807584054537E-01 7.43480210694176611E-03 1.14928576592791307E-01
7.12464872E+00 1.05380706265357130E-01 7.44539492092309053E-03 1.15198302476215153E-01
7.13038811E+00 1.05335574619237524E-01 7.45620717680651156E-03 1.15469670740960442E-01
7.13612065E+00 1.05290426035202028E-01 7.46717236651157738E-03 1.15742571540841624E-01
7.14184790E+00 1.05245247172651185E-01 7.47828103877245295E-03 1.16017107459364485E-01
7.14757144E+00 1.05200024665313890E-01 7.48956180313233369E-03 1.16293376275595314E-01
7.15329284E+00 1.05154744969756547E-01 7.50102001361446693E-03 1.16571468924415292E-01
7.15901367E+00 1.05109394405354759E-01 7.51270536567588514E-03 1.16851482887023336E-01
7.16473551E+00 1.05063959074040439E-01 7.52466283789076686E-03 1.17133517463286360E-01
7.17045240E+00 1.05018484921542185E-01 7.53686649383161333E-03 1.17417322597213020E-01
7.17616382E+00 1.04972974801696567E-01 7.54930926979242335E-03 1.17702823412489929E-01
7.18187141E+00 1.04927414359932566E-01 7.56195565809965938E-03 1.17990142547194407E-01
7.18757679E+00 1.04881789291012009E-01 7.57480559035952298E-03 1.18279360656114357E-01
7.19327988E+00 1.04836099023641424E-01 7.58785267288781748E-03 1.18570488875451116E-01
7.19898216E+00 1.04790330516247074E-01 7.60111529109602346E-03 1.18863599873446288E-01
7.20468525E+00 1.04744469306927213E-01 7.61460204259172945E-03 1.19158784211331525E-01
7.21039078E+00 1.04698500871160824E-01 7.62828231446369825E-03 1.19456130732202834E-01
7.21610037E+00 1.04652410803661819E-01 7.64217440399031327E-03 1.19755729186502277E-01
7.22181559E+00 1.04606184720456297E-01 7.65627454680793598E-03 1.20057664853635823E-01
7.22753574E+00 1.04559826899901759E-01 7.67060361635955347E-03 1.20361913808468571E-01
7.23325739E+00 1.04513363649467408E-01 7.68517088212715069E-03 1.20668298280250733E-01
7.23898225E+00 1.04466779657146805E-01 7.69999887437494788E-03 1.20976870739717191E-01
7.24471199E+00 1.04420059476766650E-01 7.71507974014047464E-03 1.21287734018630175E-01
7.25044798E+00 1.04373190090008325E-01 7.73039021760977500E-03 1.21600959904643965E-01
7.25619143E+00 1.04326159977045196E-01 7.74594820856305127E-03 1.21916599554505067E-01
7.26194397E+00 1.04278953739711425E-01 7.76175741950153614E-03 1.22234735170186806E-01
7.26770724E+00 1.04231556005286066E-01 7.77778594804115746E-03 1.22555452793032857E-01
7.27348231E+00 1.04183956094746219E-01 7.79402537525240770E-03 1.22878799394060004E-01
7.27926360E+00 1.04136198221149195E-01 7.81048124123574078E-03 1.23204477491755213E-01
7.28505294E+00 1.04088265798001761E-01 7.82716567885234464E-03 1.23532511422685107E-01
7.29085213E+00 1.04040142143882811E-01 7.84409644092080513E-03 1.23863009724190495E-01
7.29666294E+00 1.03991810467380388E-01 7.86129345146965343E-03 1.24196041542845262E-01
7.30248714E+00 1.03943253874942659E-01 7.87877216689702835E-03 1.24531691241755768E-01
7.30832648E+00 1.03894455366289093E-01 7.89652191957849157E-03 1.24870033009353315E-01
7.31418269E+00 1.03845397982901960E-01 7.91455847628144520E-03 1.25211142272605214E-01
7.32005749E+00 1.03796064773787153E-01 7.93288592634137923E-03 1.25555092622908787E-01
7.32595256E+00 1.03746438789787968E-01 7.95148639021263544E-03 1.25901952578580306E-01
7.33186296E+00 1.03696559190994839E-01 7.97031808421540255E-03 1.26251428814638161E-01
7.33779027E+00 1.03646410267431058E-01 7.98940836946463590E-03 1.26603534238697496E-01
7.34373653E+00 1.03595972382580545E-01 8.00872649150359203E-03 1.26958371805190401E-01
7.34970372E+00 1.03545225894621021E-01 8.02828000353080808E-03 1.27316020873286362E-01
7.35569384E+00 1.03494151069066093E-01 8.04810557667648245E-03 1.27676562910166408E-01
7.36170887E+00 1.03442728039210827E-01 8.06824251981191377E-03 1.28040081511023751E-01
7.36775073E+00 1.03390936749293338E-01 8.08870799416350900E-03 1.28406649349003338E-01
7.37382137E+00 1.03338756992756728E-01 8.10949755306120124E-03 1.28776344387025649E-01
7.37992268E+00 1.03286168557527550E-01 8.13058822939797740E-03 1.29149248918767945E-01
7.38605652E+00 1.03233151281366245E-01 8.15201932905532459E-03 1.29525422592479733E-01
7.39222475E+00 1.03179685116697853E-01 8.17381680523458949E-03 1.29904948238772550E-01
7.39842915E+00 1.03125749992221308E-01 8.19594912734730729E-03 1.30287882158414858E-01
7.40467034E+00 1.03071336160510896E-01 8.21840102538591750E-03 1.30674225869846339E-01
7.41094954E+00 1.03016428609374780E-01 8.24114613483243295E-03 1.31063998192440051E-01
7.41726914E+00 1.02961001912493147E-01 8.26418021712207844E-03 1.31457298069561107E-01
7.42363151E+00 1.02905030836704353E-01 8.28752736147060284E-03 1.31854232649974729E-01
7.43003896E+00 1.02848490313482491E-01 8.31122820066002022E-03 1.32254896126942828E-01
7.43649376E+00 1.02791355367107859E-01 8.33528861256767166E-03 1.32659381072356475E-01
7.44299744E+00 1.02733607125729140E-01 8.35961554726192928E-03 1.33067727053449214E-01
7.44954968E+00 1.02675243787071491E-01 8.38415033273512238E-03 1.33479885789322045E-01
7.45615165E+00 1.02616250412935275E-01 8.40882189902135598E-03 1.33895852059045556E-01
7.46280447E+00 1.02556613311509698E-01 8.43370880080418148E-03 1.34315668642931790E-01
7.46950911E+00 1.02496319463715319E-01 8.45891371256213449E-03 1.34739349621936788E-01
7.47624396E+00 1.02435559821334912E-01 8.48429288356291472E-03 1.35165593071477852E-01
7.48298586E+00 1.02374542132503493E-01 8.50974903988886353E-03 1.35592813451524657E-01
7.48973645E+00 1.02313251420944135E-01 8.53525600432146654E-03 1.36020951594964495E-01
7.49649105E+00 1.02251730018507389E-01 8.56078214286837627E-03 1.36449785411202923E-01
7.50325152E+00 1.02189961292168757E-01 8.58630095862739258E-03 1.36879290885904420E-01
7.51000206E+00 1.02128090684433653E-01 8.61172152273315464E-03 1.37308565378496228E-01
7.51674258E+00 1.02066121334083507E-01 8.63719551674696148E-03 1.37737395861826761E-01
7.52347170E+00 1.02004067537296739E-01 8.66258843640287796E-03 1.38165732647504480E-01
7.53019090E+00 1.01941918087439160E-01 8.68782177049916456E-03 1.38593593149217736E-01
7.53690252E+00 1.01879653588250671E-01 8.71283162125318332E-03 1.39021096049490200E-01
7.54360902E+00 1.01817253866130483E-01 8.73757919704015382E-03 1.39448359735224653E-01
7.55031297E+00 1.01754697945768843E-01 8.76205165644470575E-03 1.39875511455663126E-01
7.55701704E+00 1.01691963722931766E-01 8.78624451312754427E-03 1.40302686237465973E-01
7.56372399E+00 1.01629027896397814E-01 8.81017714678810140E-03 1.40730026513503248E-01
7.57043408E+00 1.01565890867183692E-01 8.83395689480499444E-03 1.41157538898525725E-01
7.57714470E+00 1.01502579363342116E-01 8.85776765107734732E-03 1.41585008581480959E-01
7.58385828E+00 1.01439071879377646E-01 8.88140820840646085E-03 1.42012530925603842E-01
7.59057735E+00 1.01375346472944064E-01 8.90472147094769663E-03 1.42440275616564055E-01
7.59730451E+00 1.01311381056968616E-01 8.92768899688297334E-03 1.42868357654000078E-01
7.60404243E+00 1.01247152875523730E-01 8.95034689062374281E-03 1.43296916962046800E-01
7.61079386E+00 1.01182638122339422E-01 8.97272444380802989E-03 1.43726099517049039E-01
7.61756163E+00 1.01117811873620150E-01 8.99484501942268526E-03 1.44156054289124147E-01
7.62434426E+00 1.01052690250699378E-01 9.01679018427073778E-03 1.44586677689962612E-01
7.63113753E+00 1.00987315067727429E-01 9.03853241788887124E-03 1.45017664600654989E-01
7.63794367E+00 1.00921666236707661E-01 9.06013489068311154E-03 1.45449064601353761E-01
7.64476492E+00 1.00855723005970135E-01 9.08165538971334591E-03 1.45881031491109869E-01
7.65157205E+00 1.00789769229132867E-01 9.10304517964104221E-03 1.46311883726492314E-01
7.65835135E+00 1.00723939912003471E-01 9.12421507253640546E-03 1.46740424496560828E-01
7.66510806E+00 1.00658186958517443E-01 9.14517906896460640E-03 1.47166969267490705E-01
7.67184720E+00 1.00592463377136551E-01 9.16596968522278427E-03 1.47591879614693305E-01
7.67857362E+00 1.00526723364419229E-01 9.18652349878831820E-03 1.48015391731516677E-01
7.68529196E+00 1.00460922853222376E-01 9.20682033366129228E-03 1.48437772012283531E-01
7.69200668E+00 1.00395019465206820E-01 9.22697050620183840E-03 1.48859251332995990E-01
7.69872206E+00 1.00328971861891172E-01 9.24697344197217275E-03 1.49280039828819322E-01
7.70544217E+00 1.00262740115747692E-01 9.26686225793482005E-03 1.49700355018208914E-01
7.71216202E+00 1.00196373470510955E-01 9.28665318280548838E-03 1.50119910746666751E-01
7.71888401E+00 1.00129848151264605E-01 9.30636644688830408E-03 1.50538715263569267E-01
7.72561411E+00 1.00063104527648397E-01 9.32605078950096006E-03 1.50957155311418595E-01
7.73235807E+00 9.99960846985603891E-02 9.34575461454163585E-03 1.51375556646812348E-01
7.73912137E+00 9.99287324785978065E-02 9.36556166400476058E-03 1.51794219371638256E-01
7.74589188E+00 9.98611670026115089E-02 9.38540119539458921E-03 1.52212467770920679E-01
7.75264945E+00 9.97935888013720268E-02 9.40523543999324287E-03 1.52628958054738501E-01
7.75940051E+00 9.97259330348352901E-02 9.42509956123547057E-03 1.53043804117718174E-01
7.76614094E+00 9.96582405629739820E-02 9.44496967145346845E-03 1.53456977443873321E-01
7.77286865E+00 9.95905320920855430E-02 9.46481949069364649E-03 1.53868160219094968E-01
7.77958282E+00 9.95228154571630164E-02 9.48467260162294719E-03 1.54277298370631699E-01
7.78628477E+00 9.94550772559637947E-02 9.50459176077485778E-03 1.54684408233135229E-01
7.79297870E+00 9.93872741917204150E-02 9.52455949795684952E-03 1.55089703846682303E-01
7.79966913E+00 9.93193596294126430E-02 9.54455942103109127E-03 1.55493417291472230E-01
7.80635533E+00 9.92513398905450067E-02 9.56456564916783290E-03 1.55895521288970745E-01
7.81301973E+00 9.91833937243637720E-02 9.58453284082758615E-03 1.56295016983310914E-01
7.81966653E+00 9.91154787531597914E-02 9.60448911852316949E-03 1.56691817424902291E-01
7.82630030E+00 9.90475485340985146E-02 9.62446637209664335E-03 1.57086383958177978E-01
7.83292221E+00 9.89795910648343380E-02 9.64451437123090873E-03 1.57478716850799921E-01
7.83953641E+00 9.89115632062331079E-02 9.66460972548515741E-03 1.57868991712801443E-01
7.84614851E+00 9.88434066935183486E-02 9.68478462278658456E-03 1.58257514839008073E-01
7.85276437E+00 9.87750599841377142E-02 9.70502554638116334E-03 1.58644603723869793E-01
7.85937263E+00 9.87066396278838132E-02 9.72523964222093973E-03 1.59029705133181959E-01
7.86596196E+00 9.86382637826370978E-02 9.74538150632968218E-03 1.59411969594763475E-01
7.87253602E+00 9.85698954508379965E-02 9.76545839712848057E-03 1.59791503017146036E-01
7.87910060E+00 9.85014752665450133E-02 9.78554043071286003E-03 1.60168708353156414E-01
7.88566170E+00 9.84329405405863778E-02 9.80560698646150072E-03 1.60543886632812383E-01
7.89222556E+00 9.83642260651473865E-02 9.82571957557121060E-03 1.60917358336773564E-01
7.89879170E+00 9.82953358928360110E-02 9.84599619649946002E-03 1.61289126239124586E-01
7.90533945E+00 9.82264866174827334E-02 9.86622200914929331E-03 1.61658100329071214E-01
7.91187461E+00 9.81576178635872182E-02 9.88636793617662588E-03 1.62024162467636651E-01
7.91840316E+00 9.80886675573570122E-02 9.90653133334830349E-03 1.62387947035471186E-01
7.92493116E+00 9.80195717709971825E-02 9.92673629086716740E-03 1.62749664652595549E-01
7.93146479E+00 9.79502653007797153E-02 9.94701568874087165E-03 1.63109661608165535E-01
7.93800184E+00 9.78807708941852317E-02 9.96730385973221972E-03 1.63467852234994521E-01
7.94452481E+00 9.78112757181250347E-02 9.98759952624949862E-03 1.63823335515727336E-01
7.95104001E+00 9.77417132272153655E-02 1.00079282663028558E-02 1.64176042245301412E-01
7.95755375E+00 9.76720164473599411E-02 1.00281954775550200E-02 1.64526620389691680E-01
7.96407223E+00 9.76021193005788407E-02 1.00484324032423834E-02 1.64875262514509041E-01
7.97060158E+00 9.75319564800868205E-02 1.00687005519283293E-02 1.65222289836327002E-01
7.97714778E+00 9.74614634991366330E-02 1.00890313368151175E-02 1.65567965630122854E-01
7.98369277E+00 9.73908349960019432E-02 1.01093357677287925E-02 1.65911597662860094E-01
7.99023435E+00 9.73200957095004815E-02 1.01296118184992321E-02 1.66252520319476238E-01
7.99677946E+00 9.72491718843636332E-02 1.01498789656396873E-02 1.66591285788144472E-01
8.00333478E+00 9.71779915938383448E-02 1.01703584033819277E-02 1.66928193964730326E-01
8.00990674E+00 9.71064840599072110E-02 1.01908712955180621E-02 1.67263555223260890E-01
8.01650151E+00 9.70345814425400410E-02 1.02114092212601086E-02 1.67597595677694083E-01
8.02312495E+00 9.69622189051871225E-02 1.02319543621404198E-02 1.67930580295113374E-01
8.02977584E+00 9.68894089316925666E-02 1.02523450460340910E-02 1.68262472336970309E-01
8.03643491E+00 9.68163632174745825E-02 1.02726964388031253E-02 1.68592393163254889E-01
8.04310980E+00 9.67429987441650319E-02 1.02933381071988218E-02 1.68920035101793237E-01
8.04980783E+00 9.66692336511290329E-02 1.03141925175349314E-02 1.69246258319944914E-01
8.05650391E+00 9.65953433138358047E-02 1.03350542164617320E-02 1.69570062491365858E-01
8.06317642E+00 9.65215674775297544E-02 1.03556554359021148E-02 1.69889877603618927E-01
8.06983163E+00 9.64478401541458280E-02 1.03759447972669450E-02 1.70205818507699863E-01
8.07647596E+00 9.63740932739332729E-02 1.03959597632496611E-02 1.70518578891520584E-01
8.08311601E+00 9.63002559181459911E-02 1.04155478610682035E-02 1.70828304795757890E-01
8.08974331E+00 9.62264251937169357E-02 1.04347866273580107E-02 1.71134916428543282E-01
8.09633156E+00 9.61528977705852217E-02 1.04536082100950729E-02 1.71437193765729828E-01
8.10288718E+00 9.60796061485607311E-02 1.04724176449161321E-02 1.71734734423340446E-01
8.10941667E+00 9.60064800002313201E-02 1.04914619095441541E-02 1.72028582155999088E-01
8.11592664E+00 9.59334461276352413E-02 1.05101984935255174E-02 1.72318724392249656E-01
8.12242374E+00 9.58604314942476249E-02 1.05282156466906113E-02 1.72605603211727521E-01
8.12891473E+00 9.57873639764939555E-02 1.05454221076723299E-02 1.72889450962098956E-01
8.13540644E+00 9.57141709992139350E-02 1.05618154464397537E-02 1.73170626757840646E-01
8.14190577E+00 9.56407788160234251E-02 1.05776091047015547E-02 1.73449353508068033E-01
8.14841972E+00 9.55671116359453204E-02 1.05932420903978811E-02 1.73725921507548592E-01
8.15491299E+00 9.54935708313936066E-02 1.06086085595643066E-02 1.73999641560691753E-01
8.16136346E+00 9.54204108960430702E-02 1.06234781971282152E-02 1.74268355353690202E-01
8.16777784E+00 9.53475610484451480E-02 1.06382480812851777E-02 1.74532541526516732E-01
8.17416302E+00 9.52749455873361378E-02 1.06523770263493318E-02 1.74792882336309158E-01
8.18052619E+00 9.52024873741450089E-02 1.06660489293535533E-02 1.75049596022302828E-01
8.18687481E+00 9.51301056101540587E-02 1.06792623353694962E-02 1.75303071107950043E-01
8.19321663E+00 9.50577157311966042E-02 1.06919624807043975E-02 1.75553570435236950E-01
8.19955977E+00 9.49852291592057502E-02 1.07041262519708136E-02 1.75801478356423013E-01
8.20591264E+00 9.49125532008044809E-02 1.07158061685416021E-02 1.76047118292624288E-01
8.21224106E+00 9.48400831591980908E-02 1.07268407224504220E-02 1.76290113682149502E-01
8.21851842E+00 9.47681291937863823E-02 1.07371992624441855E-02 1.76528215180685677E-01
8.22475243E+00 9.46966087466172557E-02 1.07470837719687087E-02 1.76761719281004898E-01
8.23095093E+00 9.46254365590208368E-02 1.07565845078536719E-02 1.76991589206797556E-01
8.23712192E+00 9.45545248144509520E-02 1.07657861218802709E-02 1.77217949819298809E-01
8.24327354E+00 9.44837831951712420E-02 1.07750589731785851E-02 1.77441238518746908E-01
8.24941411E+00 9.44131175075822032E-02 1.07842938825770205E-02 1.77661716659257674E-01
8.25555209E+00 9.43424313371047513E-02 1.07928769058353666E-02 1.77879767109133557E-01
8.26169606E+00 9.42716291272771567E-02 1.08008691509849219E-02 1.78095672942807148E-01
8.26785473E+00 9.42006140240693318E-02 1.08084692629725927E-02 1.78309731585131581E-01
8.27403693E+00 9.41292868367334529E-02 1.08157621138578654E-02 1.78522266930057988E-01
8.28023304E+00 9.40577604317799770E-02 1.08226301303977809E-02 1.78733412831256405E-01
8.28637424E+00 9.39868323228691266E-02 1.08290832892607419E-02 1.78941721836059303E-01
8.29246948E+00 9.39164024798853775E-02 1.08351974018875037E-02 1.79143981831843796E-01
8.29852781E+00 9.38463691114935217E-02 1.08410250160294788E-02 1.79343704356486416E-01
8.30455846E+00 9.37766277363662054E-02 1.08465960638709953E-02 1.79539944719690009E-01
8.31057094E+00 9.37070701086749752E-02 1.08519222882532129E-02 1.79733730527326940E-01
8.31657510E+00 9.36375837713171039E-02 1.08571039108543623E-02 1.79925054266342727E-01
8.32258108E+00 9.35680518520000809E-02 1.08618658163595738E-02 1.80114458228691099E-01
8.32859938E+00 9.34983545850131548E-02 1.08663087309422736E-02 1.80302277650152609E-01
8.33464085E+00 9.34283680516118376E-02 1.08705304455922521E-02 1.80488859894483877E-01
8.34071668E+00 9.33579637978796534E-02 1.08745655579962231E-02 1.80674629010071836E-01
8.34683846E+00 9.32870085056726750E-02 1.08784089500778124E-02 1.80859954384415628E-01
8.35296539E+00 9.32159758980378034E-02 1.08820834673113691E-02 1.81044875220025714E-01
8.35903603E+00 9.31455796961455085E-02 1.08855004715308276E-02 1.81226574239648358E-01
8.36506074E+00 9.30757016849449170E-02 1.08887501838883637E-02 1.81403675825612315E-01
8.37105003E+00 9.30062215217337396E-02 1.08916565830380601E-02 1.81578707782446030E-01
8.37701448E+00 9.29370176343307791E-02 1.08942439482483961E-02 1.81751295050615630E-01
8.38296479E+00 9.28679673001293199E-02 1.08964971195116417E-02 1.81922108711773695E-01
8.38891174E+00 9.27989468328575540E-02 1.08985885006775904E-02 1.82091402094658905E-01
8.39486618E+00 9.27298308278965838E-02 1.09006714236543935E-02 1.82259547384724219E-01
8.40083909E+00 9.26604917399136557E-02 1.09026691401863940E-02 1.82426901230933525E-01
8.40684162E+00 9.25907997753998568E-02 1.09046141927205825E-02 1.82593829175087208E-01
8.41285040E+00 9.25210256551345506E-02 1.09064089514720377E-02 1.82760591344060142E-01
8.41884945E+00 9.24513551456733612E-02 1.09079137058977205E-02 1.82925598157608227E-01
8.42484166E+00 9.23817554070726493E-02 1.09094010174527727E-02 1.83089055905689357E-01
8.43083015E+00 9.23121903640458236E-02 1.09110481335372867E-02 1.83251507210983933E-01
8.43681573E+00 9.22426498645945170E-02 1.09126067140817434E-02 1.83413015478575137E-01
8.44277693E+00 9.21733832142843934E-02 1.09138852133014372E-02 1.83573590013411947E-01
8.44871472E+00 9.21043799629334692E-02 1.09149579708596265E-02 1.83732066925292620E-01
8.45463229E+00 9.20356037815293210E-02 1.09159115624903880E-02 1.83889451182321612E-01
8.46053308E+00 9.19670150026007938E-02 1.09167053863932877E-02 1.84045683133223364E-01
8.46642075E+00 9.18985710524866661E-02 1.09173530187742715E-02 1.84200991034362521E-01
8.47229914E+00 9.18302267672208850E-02 1.09180660645049367E-02 1.84355524225180922E-01
8.47817224E+00 9.17619344332705061E-02 1.09186405511743131E-02 1.84509457400678034E-01
8.48404412E+00 9.16936458348555361E-02 1.09190570701604376E-02 1.84662970603193477E-01
8.48991891E+00 9.16253126171350518E-02 1.09194453967546810E-02 1.84816220139403520E-01
8.49580074E+00 9.15568859354751047E-02 1.09197284322916314E-02 1.84969379760776043E-01
8.50167022E+00 9.14885912295083648E-02 1.09202165525354548E-02 1.85122650698849117E-01
8.50752037E+00 9.14205090052801622E-02 1.09206382397188263E-02 1.85274848179672214E-01
8.51335566E+00 9.13525866450739799E-02 1.09210232405658660E-02 1.85426390860858908E-01
8.51918070E+00 9.12847703869594795E-02 1.09216158711640740E-02 1.85577682273219496E-01
8.52500011E+00 9.12170050867833204E-02 1.09223057663735048E-02 1.85728850435475240E-01
8.53081848E+00 9.11492364991050158E-02 1.09229270162619872E-02 1.85880075713233561E-01
8.53664034E+00 9.10814119969199365E-02 1.09234946771515629E-02 1.86031472625526662E-01
8.54247011E+00 9.10134802183159147E-02 1.09237810358919097E-02 1.86183201549331934E-01
8.54831201E+00 9.09453926456529477E-02 1.09236918237593482E-02 1.86335446301821028E-01
8.55417007E+00 9.08771039644496736E-02 1.09234373531341394E-02 1.86488330127283858E-01
8.56001591E+00 9.08089466019106062E-02 1.09234645880151391E-02 1.86642079317140747E-01
8.56585117E+00 9.07409017058600359E-02 1.09236303709281720E-02 1.86794892083265940E-01
8.57168083E+00 9.06729115477443171E-02 1.09238053171347525E-02 1.86858220657642321E-01
8.57750972E+00 9.06049204682138898E-02 1.09240450788720966E-02 1.87233127788236781E-01
8.58334247E+00 9.05368744224845506E-02 1.09248649822117263E-02 1.87245769679096369E-01
8.58918347E+00 9.04687200638672612E-02 1.09258676285171365E-02 1.87290960696342351E-01
8.59503645E+00 9.04004121673654820E-02 1.09271631507647758E-02 1.87691935036131491E-01
8.60090429E+00 9.03319154600531887E-02 1.09286827750813484E-02 1.87706883531790769E-01
8.60679018E+00 9.02631919834862018E-02 1.09303435205478118E-02 1.87756811975838794E-01
8.61269696E+00 9.01942084232797148E-02 1.09320762702456598E-02 1.88184875690034059E-01
8.61860093E+00 9.01252421623811306E-02 1.09338394173776852E-02 1.88195665905405318E-01
8.62450293E+00 9.00562837964323376E-02 1.09355491596669421E-02 1.88238646092977496E-01
8.63040704E+00 8.99872872744142682E-02 1.09374823218908769E-02 1.88636116824462657E-01
8.63631711E+00 8.99182081952651507E-02 1.09396763441918388E-02 1.88655362008048444E-01
8.64223662E+00 8.98490053314950216E-02 1.09421965325305973E-02 1.88835054082621995E-01
8.64816866E+00 8.97796407366580340E-02 1.09448340555452286E-02 1.89014975623582548E-01
8.65411594E+00 8.97100810755832173E-02 1.09474612861007927E-02 1.89176499213256216E-01
8.66008076E+00 8.96402983933882874E-02 1.09501650852644270E-02 1.89344161226687679E-01
8.66606502E+00 8.95702694890109646E-02 1.09532308562654036E-02 1.89512630289522255E-01
8.67207025E+00 8.94999746572459065E-02 1.09566342444811348E-02 1.89682925256597634E-01
8.67809762E+00 8.94293979243077491E-02 1.09603750268124998E-02 1.89854741480967759E-01
8.68413493E+00 8.93586788032935952E-02 1.09643036698525691E-02 1.90028310470584688E-01
8.69017787E+00 8.92878652018680025E-02 1.09685965363470073E-02 1.90202779517190890E-01
8.69622900E+00 8.92169239953477106E-02 1.09729804754543289E-02 1.90378427930146810E-01
8.70229046E+00 8.91458276986875214E-02 1.09779286926121496E-02 1.90555522014789258E-01
8.70836396E+00 8.90745525730350929E-02 1.09832478163727765E-02 1.90734092885123052E-01
8.71445084E+00 8.90030800329456029E-02 1.09887297049772979E-02 1.90914156462299867E-01
8.72055208E+00 8.89313967898896218E-02 1.09942390760300115E-02 1.91095826599958551E-01
8.72666834E+00 8.88594939977837839E-02 1.09996030897223721E-02 1.91279098093742161E-01
8.73279996E+00 8.87873664726124695E-02 1.10049388444454187E-02 1.91464001253631388E-01
8.73894710E+00 8.87150113246231303E-02 1.10106326492494817E-02 1.91650560157616612E-01
8.74510970E+00 8.86424260923611429E-02 1.10166222468157955E-02 1.91838799569417962E-01
8.75128758E+00 8.85696093327133782E-02 1.10227213244496487E-02 1.92028675180076297E-01
8.75748050E+00 8.84965615961802871E-02 1.10288444052397041E-02 1.92220259367052199E-01
8.76368818E+00 8.84232845005632068E-02 1.10349463254926922E-02 1.92413518440717662E-01
8.76991040E+00 8.83497794197494885E-02 1.10413279199676247E-02 1.92608470647434055E-01
8.77614696E+00 8.82760454815679635E-02 1.10479575867263088E-02 1.92805078966175047E-01
8.78239781E+00 8.82020800749810652E-02 1.10546982219424991E-02 1.93003351479346108E-01
8.78865520E+00 8.81279722033746771E-02 1.10615280701971842E-02 1.93203216906410652E-01
8.79491860E+00 8.80537258795350553E-02 1.10683686261284532E-02 1.93404269700824666E-01
8.80118778E+00 8.79793420915744723E-02 1.10751914984370693E-02 1.93606744713605283E-01
8.80746251E+00 8.79048227000695237E-02 1.10820031252209655E-02 1.93810531162977001E-01
8.81374259E+00 8.78301692577625748E-02 1.10886997048199876E-02 1.94015675977825763E-01
8.82002793E+00 8.77553830332922918E-02 1.10954283226541283E-02 1.94222120555989974E-01
8.82631850E+00 8.76804635296462992E-02 1.11021796979267357E-02 1.94429842427960631E-01
8.83261444E+00 8.76054082210546564E-02 1.11091969428432236E-02 1.94638842885080487E-01
8.83891601E+00 8.75302117490512344E-02 1.11163470073641114E-02 1.94849099695939082E-01
8.84522363E+00 8.74548675423443139E-02 1.11235153290803537E-02 1.95060633771473063E-01
8.85153789E+00 8.73793679820783070E-02 1.11307929713861681E-02 1.95273431398501562E-01
8.85785951E+00 8.73037030014575111E-02 1.11381805864903226E-02 1.95487476225428114E-01
8.86418938E+00 8.72278611820258148E-02 1.11455358828286503E-02 1.95702808667891526E-01
8.87052850E+00 8.71518273315157188E-02 1.11528695883882402E-02 1.95919645973895329E-01
8.87686844E+00 8.70757056596384443E-02 1.11601169781682819E-02 1.96137532861124897E-01
8.88320701E+00 8.69995245383285432E-02 1.11672976097324118E-02 1.96356138776168448E-01
8.88952596E+00 8.69235078794303867E-02 1.11742469911909736E-02 1.96575294296539277E-01
8.89583680E+00 8.68475172462927214E-02 1.11808701226571109E-02 1.96794360272333962E-01
8.90212865E+00 8.67716861937281730E-02 1.11872693149456092E-02 1.97014484652955124E-01
8.90840713E+00 8.66959498619937763E-02 1.11937265616697673E-02 1.97234247682252811E-01
8.91464471E+00 8.66206414869074709E-02 1.12000022296861197E-02 1.97454570548555502E-01
8.92086349E+00 8.65454974733795984E-02 1.12063242401208157E-02 1.97673297658474606E-01
8.92708575E+00 8.64702493960171348E-02 1.12123289078504898E-02 1.97893519768381876E-01
8.93332784E+00 8.63947022014054378E-02 1.12181313907290352E-02 1.98114946100143879E-01
8.93952181E+00 8.63196812755266385E-02 1.12237215104455668E-02 1.98337740649775968E-01
8.94568851E+00 8.62449385465883928E-02 1.12290193539338300E-02 1.98557174569196720E-01
8.95184834E+00 8.61702307731379707E-02 1.12339524623315968E-02 1.98778200661187204E-01
8.95802137E+00 8.60953178469849867E-02 1.12383809746344245E-02 1.98999704527375532E-01
8.96422756E+00 8.60199618992904813E-02 1.12424441599286353E-02 1.99223295916075016E-01
8.97041404E+00 8.59448088552165756E-02 1.12462774897226555E-02 1.99448571530738694E-01
8.97657676E+00 8.58699120246686348E-02 1.12497866774929848E-02 1.99671784504289102E-01
8.98273536E+00 8.57950371319612243E-02 1.12529597906863583E-02 1.99895554357217980E-01
8.98890900E+00 8.57199552918989777E-02 1.12558901927273473E-02 2.00120288900436233E-01
8.99511666E+00 8.56444387899621129E-02 1.12583192041031347E-02 2.00346899848683341E-01
9.00134717E+00 8.55686274028133048E-02 1.12602786653945436E-02 2.00575655373502221E-01
9.00757816E+00 8.54927982952621152E-02 1.12619842135765168E-02 2.00805103899616755E-01
9.01376137E+00 8.54175425282601847E-02 1.12633068715080800E-02 2.01034203249391114E-01
9.01991437E+00 8.53426506972742166E-02 1.12642145017080725E-02 2.01260813282926138E-01
9.02605392E+00 8.52679224425334087E-02 1.12648015836427327E-02 2.01488244389807919E-01
9.03219631E+00 8.51931632860895433E-02 1.12650754284949872E-02 2.01715981643275949E-01
9.03835761E+00 8.51181816497901672E-02 1.12649049437471664E-02 2.01945164302760716E-01
9.04455398E+00 8.50427857203596843E-02 1.12641449658537271E-02 2.02176123726941825E-01
9.05072859E+00 8.49676719890108539E-02 1.12628585721438555E-02 2.02408981417924627E-01
9.05687724E+00 8.48928961497269208E-02 1.12610467271381815E-02 2.02639434349962955E-01
9.06301818E+00 8.48182408962115802E-02 1.12591314848344403E-02 2.02870463390759009E-01
9.06916936E+00 8.47434913082149160E-02 1.12570077475083446E-02 2.03102319420879390E-01
9.07534869E+00 8.46684322983591031E-02 1.12545884191248471E-02 2.03335949148536199E-01
9.08155647E+00 8.45930623617053429E-02 1.12519319692171143E-02 2.03571759521706891E-01
9.08779741E+00 8.45173270659992232E-02 1.12488507304341172E-02 2.03809244076939428E-01
9.09408044E+00 8.44411221989053440E-02 1.12450258304939259E-02 2.04049015054319577E-01
9.10031403E+00 8.43655625428299527E-02 1.12405184875600320E-02 2.04290520591530911E-01
9.10651788E+00 8.42904138247298623E-02 1.12355826671806797E-02 2.04527684330449183E-01
9.11271065E+00 8.42154528849108075E-02 1.12303511441605303E-02 2.04766732507990823E-01
9.11891035E+00 8.41404640682765631E-02 1.12250769549612581E-02 2.05006061401599993E-01
9.12513458E+00 8.40652353272925146E-02 1.12197110407610944E-02 2.05247501760434520E-01
9.13140087E+00 8.39895562989918382E-02 1.12142123135140059E-02 2.05491146950579823E-01
9.13772687E+00 8.39132152192043068E-02 1.12084006894283810E-02 2.05738009476719302E-01
9.14404887E+00 8.38369827478554625E-02 1.12021837969643670E-02 2.05987843094876832E-01
9.15035626E+00 8.37609887581107632E-02 1.11954875836646883E-02 2.06235846493759922E-01
9.15666752E+00 8.36850136276336420E-02 1.11884613742145034E-02 2.06485025012971890E-01
9.16300089E+00 8.36088401069035592E-02 1.11810850699763202E-02 2.06735784300188630E-01
9.16933930E+00 8.35326754919577391E-02 1.11735623923846089E-02 2.06988755196033991E-01
9.17569659E+00 8.34563541419888200E-02 1.11659658836926207E-02 2.07242193247218459E-01
9.18208963E+00 8.33796743366793935E-02 1.11582657430732007E-02 2.07498383779187445E-01
9.18849124E+00 8.33029626590239825E-02 1.11504189571259675E-02 2.07756845639244764E-01
9.19487575E+00 8.32265269457842516E-02 1.11423393200972727E-02 2.08015346411838858E-01
9.20125966E+00 8.31501703304921291E-02 1.11340897189168841E-02 2.08273893095255541E-01
9.20766006E+00 8.30736892050531056E-02 1.11256537594317372E-02 2.08534369201871295E-01
9.21409470E+00 8.29968725962217380E-02 1.11169513684614314E-02 2.08797054753022432E-01
9.22058216E+00 8.29195007928113514E-02 1.11080293083851006E-02 2.09062953758577502E-01
9.22705038E+00 8.28424334427918518E-02 1.10992991928997135E-02 2.09331433566247366E-01
9.23351414E+00 8.27654940878388701E-02 1.10906821325364533E-02 2.09597737148998015E-01
9.23999130E+00 8.26884698640147908E-02 1.10819887521770265E-02 2.09866782746970321E-01
9.24650037E+00 8.26111419392598079E-02 1.10733058782510226E-02 2.10137471343983140E-01
9.25306061E+00 8.25332823165613044E-02 1.10644291001949051E-02 2.10411591647072210E-01
9.25964244E+00 8.24552428056729292E-02 1.10553614656814791E-02 2.10688635094612137E-01
9.26621587E+00 8.23773791162752678E-02 1.10462886662113634E-02 2.10966038222136387E-01
9.27279948E+00 8.22994711082284669E-02 1.10371294743725566E-02 2.11243832533922038E-01
9.27941235E+00 8.22212937803980665E-02 1.10276682887551873E-02 2.11524117493632785E-01
9.28607428E+00 8.21426156955659126E-02 1.10178901051189194E-02 2.11807143848561058E-01
9.29279357E+00 8.20633418973001627E-02 1.10080266319730162E-02 2.12093827481108582E-01
9.29950113E+00 8.19842875978238350E-02 1.09982746154123571E-02 2.12382497390311814E-01
9.30621615E+00 8.19052258742956202E-02 1.09885756217299197E-02 2.12669762345331692E-01
9.31295820E+00 8.18259264220358024E-02 1.09789629975837709E-02 2.12959967453162397E-01
9.31974742E+00 8.17461528014409022E-02 1.09693796788479046E-02 2.13252287364863874E-01
9.32660476E+00 8.16656600888392009E-02 1.09597097717541673E-02 2.13548507962839335E-01
9.33346397E+00 8.15852256676229542E-02 1.09500268168315103E-02 2.13847110775475080E-01
9.34032901E+00 8.15048030165331783E-02 1.09402115534937960E-02 2.14144523278389537E-01
9.34721980E+00 8.14241594229639098E-02 1.09303218628953227E-02 2.14444066943723310E-01
9.35415672E+00 8.13430575296883590E-02 1.09204875293865671E-02 2.14745615303990556E-01
9.36116081E+00 8.12612523466280240E-02 1.09106238887682616E-02 2.15050561969833326E-01
9.36818102E+00 8.11793399794882020E-02 1.09006020369335349E-02 2.15357752720653106E-01
9.37520697E+00 8.10974413274692246E-02 1.08905764951192432E-02 2.15664137254343635E-01
9.38225887E+00 8.10153215538951532E-02 1.08805997639909134E-02 2.15971641763511635E-01
9.38935719E+00 8.09327427892277546E-02 1.08706084151719527E-02 2.16280990517856236E-01
9.39652298E+00 8.08494617966472734E-02 1.08607155146085363E-02 2.16593116887422221E-01
9.40370509E+00 8.07660717916989096E-02 1.08509103121587919E-02 2.16906938593360299E-01
9.41089482E+00 8.06826722543145108E-02 1.08412140254885714E-02 2.17219452054225270E-01
9.41811249E+00 8.05990268913290980E-02 1.08315430598769791E-02 2.17532607783340715E-01
9.42537859E+00 8.05148985039621234E-02 1.08218381241282167E-02 2.17846982517346965E-01
9.43268470E+00 8.04303850333415171E-02 1.08122316566645251E-02 2.18162761826123042E-01
9.43998892E+00 8.03459698774027370E-02 1.08027922852279527E-02 2.18477815222425570E-01
9.44730612E+00 8.02614797895303683E-02 1.07935560450881912E-02 2.18791158542915642E-01
9.45465496E+00 8.01766979194597912E-02 1.07844960789201232E-02 2.19104815939180936E-01
9.46205746E+00 8.00913696755359145E-02 1.07755388682393895E-02 2.19418903522430042E-01
9.46953860E+00 8.00052073738534431E-02 1.07665905548880707E-02 2.19734589899672483E-01
9.47702005E+00 7.99191118394772526E-02 1.07578665182577887E-02 2.20050051180843642E-01
9.48451869E+00 7.98328872976473425E-02 1.07493018079303053E-02 2.20361885366951837E-01
9.49205461E+00 7.97463018528330042E-02 1.07406791878218149E-02 2.20673719365712506E-01
9.49964790E+00 7.96591251182375559E-02 1.07320651613967786E-02 2.20984757982111840E-01
9.50725446E+00 7.95718631552977673E-02 1.07238330454706744E-02 2.21294838750312528E-01
9.51486611E+00 7.94846076896903037E-02 1.07159681478962814E-02 2.21600914637979568E-01
9.52250272E+00 7.93971294681068140E-02 1.07083686745417135E-02 2.21904724789726143E-01
9.53018398E+00 7.93092022557184001E-02 1.07009778105675232E-02 2.22206548291249056E-01
9.53790313E+00 7.92209032374394523E-02 1.06937766419555325E-02 2.22506489572820432E-01
9.54561738E+00 7.91327201905744626E-02 1.06867429814140030E-02 2.22802556737030727E-01
9.55334549E+00 7.90444372653472810E-02 1.06797317854583403E-02 2.23093703731307852E-01
9.56107576E+00 7.89561880668794153E-02 1.06728473545441484E-02 2.23381284010968545E-01
9.56881197E+00 7.88679288731926331E-02 1.06661165762609294E-02 2.23663578439318361E-01
9.57655801E+00 7.87796149966053377E-02 1.06596079647099697E-02 2.23941509646156667E-01
9.58431783E+00 7.86912006653727736E-02 1.06534145479267074E-02 2.24214444129065021E-01
9.59209545E+00 7.86026389801028069E-02 1.06475200949951773E-02 2.24482540366852168E-01
9.59988542E+00 7.85139906498125428E-02 1.06419036694423257E-02 2.24745385180058266E-01
9.60768443E+00 7.84252914908285387E-02 1.06365943286841937E-02 2.25002429457371339E-01
9.61549667E+00 7.83364921919029039E-02 1.06314374357177003E-02 2.25253517700758576E-01
9.62332635E+00 7.82475434705964673E-02 1.06262147449502457E-02 2.25498691110061905E-01
9.63117781E+00 7.81583968814878044E-02 1.06208866056962479E-02 2.25737741789096003E-01
9.63905539E+00 7.80690040320199535E-02 1.06156343117204451E-02 2.25970557711796582E-01
9.64696349E+00 7.79793155090681422E-02 1.06104402749142741E-02 2.26196983237034577E-01
9.65490656E+00 7.78892813367615677E-02 1.06052483049489145E-02 2.26416864640229309E-01
9.66286892E+00 7.77990790883048011E-02 1.06001248058557162E-02 2.26629867328022150E-01
9.67084596E+00 7.77087610155665215E-02 1.05949571821879612E-02 2.26834986448516879E-01
9.67883814E+00 7.76183216214142019E-02 1.05897649612840782E-02 2.27032334487792309E-01
9.68684598E+00 7.75277554714773887E-02 1.05845483362778919E-02 2.27221698544280870E-01
9.69486995E+00 7.74370571329402874E-02 1.05793410512495419E-02 2.27402920781678536E-01
9.70291054E+00 7.73462212451324349E-02 1.05741548849234528E-02 2.27575841584308131E-01
9.71096821E+00 7.72552424725657244E-02 1.05689621701929148E-02 2.27740299183050554E-01
9.71901630E+00 7.71644216845919634E-02 1.05638399123086715E-02 2.27896146069000827E-01
9.72702839E+00 7.70740558129967696E-02 1.05587039769728785E-02 2.27955181575180355E-01
9.73503386E+00 7.69838133026453098E-02 1.05534448793936919E-02 2.28305792641587346E-01
9.74302841E+00 7.68937432806896803E-02 1.05480560798431409E-02 2.28311960543249093E-01
9.75101029E+00 7.68038659018381448E-02 1.05424614769809542E-02 2.28339034301967558E-01
9.75900945E+00 7.67138456018675446E-02 1.05366803542610230E-02 2.28585309577970991E-01
9.76705543E+00 7.66233520481621050E-02 1.05307051914401879E-02 2.28606427266911161E-01
9.77517757E+00 7.65320577929680251E-02 1.05245666848450218E-02 2.28662635200153591E-01
9.78334470E+00 7.64403151456299196E-02 1.05183699372294621E-02 2.28918377738826173E-01
9.79147056E+00 7.63490924278148186E-02 1.05120840719477200E-02 2.28920662336782127E-01
9.79958628E+00 7.62580411180472928E-02 1.05056226508378654E-02 2.28924878170537388E-01
9.80766412E+00 7.61674729942137807E-02 1.04988889466273404E-02 2.28944548890251287E-01
9.81572450E+00 7.60771611803354730E-02 1.04919702026421407E-02 2.29000535877368516E-01
9.82379704E+00 7.59867760375626117E-02 1.04849764515177867E-02 2.29199379678926785E-01
9.83190993E+00 7.58960040151653859E-02 1.04779753275829127E-02 2.29193804591182743E-01
9.84008289E+00 7.58046264688968796E-02 1.04707674913008947E-02 2.29174977861272861E-01
9.84830611E+00 7.57127553329236674E-02 1.04633145339441576E-02 2.29154257261947991E-01
9.85659089E+00 7.56202636880912854E-02 1.04555804474657475E-02 2.29140032570589541E-01
9.86485990E+00 7.55280216345649708E-02 1.04476871509051814E-02 2.29135309269954096E-01
9.87311358E+00 7.54360238377672493E-02 1.04397513588612642E-02 2.29138073016829424E-01
9.88135620E+00 7.53442225464186627E-02 1.04318026334364877E-02 2.29142627538109267E-01
9.88961480E+00 7.52523172812986363E-02 1.04237342325871046E-02 2.29141818411870118E-01
9.89791444E+00 7.51600305802634511E-02 1.04155027768101961E-02 2.29129325369739123E-01
9.90627861E+00 7.50670996794154388E-02 1.04071603216068388E-02 2.29098084426285847E-01
9.91467982E+00 7.49738333810817670E-02 1.03987334455570048E-02 2.28950970098766360E-01
9.92312394E+00 7.48801688051508457E-02 1.03903512456361303E-02 2.28939674031314239E-01
9.93161870E+00 7.47860208029526019E-02 1.03819703502506886E-02 2.28924984721833702E-01
9.94009971E+00 7.46921025577743231E-02 1.03735617762480813E-02 2.28892921770813634E-01
9.94858931E+00 7.45981664598152211E-02 1.03652487513119246E-02 2.28716894378585056E-01
9.95704573E+00 7.45046733520246390E-02 1.03570046155179937E-02 2.28702688811924321E-01
9.96548125E+00 7.44114866019522647E-02 1.03488185694233081E-02 2.28675987266547198E-01
9.97391004E+00 7.43184491612555731E-02 1.03406956169181229E-02 2.28521006113959424E-01
9.98234608E+00 7.42254062922280688E-02 1.03326336138045045E-02 2.28497013633527035E-01
9.99080302E+00 7.41322071395327659E-02 1.03247747003079246E-02 2.28455172229358600E-01
9.99927652E+00 7.40388983842500681E-02 1.03170684633530230E-02 2.28202282131525380E-01
1.00077343E+01 7.39458333568440429E-02 1.03095884563894295E-02 2.28197951855118542E-01
1.00161897E+01 7.38528652854668344E-02 1.03023890558699496E-02 2.28184640027814301E-01
1.00246523E+01 7.37598843930189485E-02 1.02953508141322495E-02 2.28129295147775774E-01
1.00331096E+01 7.36670292142995731E-02 1.02884596470574820E-02 2.27830255970449230E-01
1.00415760E+01 7.35741376756299248E-02 1.02816414675885610E-02 2.27829940864441749E-01
1.00500660E+01 7.34810506824671028E-02 1.02749447153852487E-02 2.27821674560986204E-01
1.00585938E+01 7.33876128124693189E-02 1.02684554885265240E-02 2.27781744731689273E-01
1.00671730E+01 7.32936726146216216E-02 1.02622126349875067E-02 2.27467238626363311E-01
1.00757772E+01 7.31995190160836390E-02 1.02562019206539068E-02 2.27467257712514442E-01
1.00843692E+01 7.31055560200156024E-02 1.02504012130049359E-02 2.27459649127377012E-01
1.00929403E+01 7.30118786363330857E-02 1.02448602697756495E-02 2.27421815858098036E-01
1.01014833E+01 7.29185594748448240E-02 1.02396116336997047E-02 2.27123655462231455E-01
1.01100032E+01 7.28255431824743754E-02 1.02345396901210705E-02 2.27124726875991945E-01
1.01185055E+01 7.27327653188689638E-02 1.02296644694568010E-02 2.27120380749254447E-01
1.01269967E+01 7.26401530825281083E-02 1.02249780799358782E-02 2.27090190656168645E-01
1.01354840E+01 7.25476260642846232E-02 1.02205899695348695E-02 2.26848614859159525E-01
1.01439753E+01 7.24550963414404559E-02 1.02164721495952397E-02 2.26843358219984553E-01
1.01524475E+01 7.23628140567440375E-02 1.02125848358893163E-02 2.26831789529929218E-01
1.01608958E+01 7.22708279333451054E-02 1.02089527043035897E-02 2.26798400953371310E-01
1.01693266E+01 7.21790699833600169E-02 1.02056350703470800E-02 2.26586627995078865E-01
1.01777469E+01 7.20874592363079103E-02 1.02025542959605330E-02 2.26585005494622377E-01
1.01861643E+01 7.19959106031231311E-02 1.01996674940492884E-02 2.26582907943609635E-01
1.01945867E+01 7.19043342550219067E-02 1.01970660234246210E-02 2.26568606782020482E-01
1.02030227E+01 7.18126349338343295E-02 1.01946878715612598E-02 2.26532090776052825E-01
1.02114315E+01 7.17212529444242741E-02 1.01923594294397388E-02 2.26336872319634619E-01
1.02198084E+01 7.16302380239002556E-02 1.01901814762994144E-02 2.26341270106545228E-01
1.02281643E+01 7.15394695268097569E-02 1.01882565367998352E-02 2.26353674427119650E-01
1.02365113E+01 7.14488152015471528E-02 1.01865428206493070E-02 2.26362078488107771E-01
1.02448626E+01 7.13581300535616747E-02 1.01849320426374776E-02 2.26357948820932242E-01
1.02531958E+01 7.12676543960786557E-02 1.01834282969729666E-02 2.26338479402211884E-01
1.02615039E+01 7.11774632470485169E-02 1.01821291074201629E-02 2.26302575018282076E-01
1.02697975E+01 7.10874409837173871E-02 1.01809988970485432E-02 2.26261890162401502E-01
1.02780527E+01 7.09978423598133374E-02 1.01800177196317097E-02 2.26225979676598465E-01
1.02862560E+01 7.09088143217308092E-02 1.01790953919113376E-02 2.26204566744491076E-01
1.02944199E+01 7.08202183556011916E-02 1.01782672359460556E-02 2.26195511168438973E-01
1.03025580E+01 7.07319068980987592E-02 1.01776300244799441E-02 2.26198266000873949E-01
1.03106846E+01 7.06437212382829277E-02 1.01771165098528960E-02 2.26209797328165180E-01
1.03187711E+01 7.05559709429858656E-02 1.01767449841873945E-02 2.26225873216384876E-01
1.03268171E+01 7.04686614268825590E-02 1.01764553306938101E-02 2.26242375767396031E-01
1.03348352E+01 7.03816518535403390E-02 1.01762165312162256E-02 2.26256309738358863E-01
1.03428393E+01 7.02947932590506364E-02 1.01760481837387829E-02 2.26266394491526912E-01
1.03508439E+01 7.02079263032474726E-02 1.01759188636832455E-02 2.26273078110607817E-01
1.03588649E+01 7.01208786612367990E-02 1.01758635659079007E-02 2.26278067489447426E-01
1.03668840E+01 7.00338460243333655E-02 1.01759024681289910E-02 2.26283609186691909E-01
1.03748785E+01 6.99470765092182201E-02 1.01759827917872782E-02 2.26291712249770904E-01
1.03828632E+01 6.98604072470163651E-02 1.01760203729688529E-02 2.26303558784357983E-01
1.03908549E+01 6.97736567515327144E-02 1.01760441921552643E-02 2.26319267685620940E-01
1.03988722E+01 6.96866231827756033E-02 1.01760761265306393E-02 2.26338001662576699E-01
1.04069097E+01 6.95993657474738847E-02 1.01760624243951211E-02 2.26358366087039381E-01
1.04149150E+01 6.95124516286575872E-02 1.01759398545439722E-02 2.26378912085114126E-01
1.04229039E+01 6.94257132774281360E-02 1.01757431700875266E-02 2.26398302323029904E-01
1.04308580E+01 6.93393491704306086E-02 1.01754305782521051E-02 2.26415722610987247E-01
1.04387711E+01 6.92534288760809913E-02 1.01751019268124902E-02 2.26430917786117930E-01
1.04466580E+01 6.91677914585991094E-02 1.01746823227491078E-02 2.26444093505144162E-01
1.04545347E+01 6.90822658192632305E-02 1.01741447012063668E-02 2.26455775728661240E-01
1.04624179E+01 6.89966702844185958E-02 1.01735736088320143E-02 2.26466586147209215E-01
1.04703254E+01 6.89108116512718166E-02 1.01728992575664864E-02 2.26477024726616516E-01
1.04782758E+01 6.88244895518161509E-02 1.01721119093077274E-02 2.26487324860512651E-01
1.04862275E+01 6.87381560208361886E-02 1.01711582348338204E-02 2.26497466697886313E-01
1.04941975E+01 6.86516273247311098E-02 1.01699993019702568E-02 2.26507103459407833E-01
1.05022035E+01 6.85647130204044691E-02 1.01686450777369042E-02 2.26515714019249276E-01
1.05102637E+01 6.84772162881881752E-02 1.01671155855857665E-02 2.26522763638132257E-01
1.05183970E+01 6.83889342406433925E-02 1.01653547304535481E-02 2.26527832686133274E-01
1.05265288E+01 6.83006775966160939E-02 1.01633644153102838E-02 2.26530758763341195E-01
1.05346720E+01 6.82123075234842280E-02 1.01611458175286662E-02 2.26531527085459095E-01
1.05428426E+01 6.81236514544568267E-02 1.01586995824686187E-02 2.26530260592600396E-01
1.05510473E+01 6.80346372309060254E-02 1.01560511579753023E-02 2.26527156475380909E-01
1.05592512E+01 6.79456438182578920E-02 1.01532788594211783E-02 2.26522418408032056E-01
1.05674698E+01 6.78565027018134537E-02 1.01503314694070378E-02 2.26516210521587963E-01
1.05756861E+01 6.77673982585381418E-02 1.01472152351834710E-02 2.26508615061314478E-01
1.05839171E+01 6.76781474437452846E-02 1.01439333551934397E-02 2.26499650183649648E-01
1.05921952E+01 6.75883988726782153E-02 1.01404632832397118E-02 2.26489272046262319E-01
1.06004864E+01 6.74985220256043433E-02 1.01368207256171180E-02 2.26477367365167492E-01
1.06088056E+01 6.74083559813874883E-02 1.01330674065152754E-02 2.26463882528183197E-01
1.06171339E+01 6.73181052618638670E-02 1.01292236591237310E-02 2.26448804634590467E-01
1.06254248E+01 6.72282748174399120E-02 1.01253260717504567E-02 2.26432194319749286E-01
1.06337034E+01 6.71385914181409499E-02 1.01212956284837102E-02 2.26414289833507365E-01
1.06419962E+01 6.70487687654044290E-02 1.01171369066111894E-02 2.26395365258600906E-01
1.06503293E+01 6.69585268100174463E-02 1.01128414476489206E-02 2.26375638842594012E-01
1.06587147E+01 6.68677346943423040E-02 1.01083095660303660E-02 2.26355223450386583E-01
1.06670594E+01 6.67774017354826749E-02 1.01035819233892578E-02 2.26334064301106919E-01
1.06753911E+01 6.66872289300180221E-02 1.00987265183006339E-02 2.26312342861353377E-01
1.06837373E+01 6.65969210861353522E-02 1.00937444979359407E-02 2.26290269962543977E-01
1.06921252E+01 6.65061864417092058E-02 1.00886127098896924E-02 2.26267994228672664E-01
1.07005816E+01 6.64147366808332251E-02 1.00833215879445603E-02 2.26245585291172724E-01
1.07091004E+01 6.63226412158703649E-02 1.00778003502550676E-02 2.26223010079326631E-01
1.07176638E+01 6.62300960706301706E-02 1.00720362500081491E-02 2.26200241796023882E-01
1.07262575E+01 6.61372531638749483E-02 1.00660987004957524E-02 2.26177380247802678E-01
1.07348588E+01 6.60443674164886418E-02 1.00600083905121630E-02 2.26154551999473818E-01
1.07434776E+01 6.59513328656451264E-02 1.00536928430068583E-02 2.26132039978249100E-01
1.07521238E+01 6.58580462364933422E-02 1.00471300079521438E-02 2.26110136389311461E-01
1.07608073E+01 6.57644048145371585E-02 1.00402755182774101E-02 2.26089073477546088E-01
1.07695381E+01 6.56703016852752952E-02 1.00332163614351242E-02 2.26069020605693477E-01
1.07783264E+01 6.55756330369034329E-02 1.00261136098712990E-02 2.26050015238915603E-01
1.07871829E+01 6.54802891966332345E-02 1.00188235711373141E-02 2.26032012973346214E-01
1.07960993E+01 6.53843630779337159E-02 1.00111151280654880E-02 2.26014918699018269E-01
1.08050614E+01 6.52880136397184369E-02 1.00029938033961725E-02 2.25998672124902544E-01
1.08140804E+01 6.51911278467581651E-02 9.99450880492992570E-03 2.25983313467563923E-01
1.08230665E+01 6.50946737656129676E-02 9.98579744648994856E-03 2.25968860876725047E-01
1.08320462E+01 6.49983711375657358E-02 9.97689037510454506E-03 2.25955541469516047E-01
1.08410503E+01 6.49018964269437587E-02 9.96772879553342768E-03 2.25943564464490682E-01
1.08501067E+01 6.48049538249674262E-02 9.95835514370185110E-03 2.25933014777319835E-01
1.08592341E+01 6.47073512056037942E-02 9.94871136061261513E-03 2.25923836248124121E-01
1.08683051E+01 6.46104514565488119E-02 9.93892000066081728E-03 2.25915816541467418E-01
1.08773527E+01 6.45139090822621775E-02 9.92898075337020521E-03 2.25908844593101565E-01
1.08864064E+01 6.44174105999434504E-02 9.91880580372533210E-03 2.25902819335135840E-01
1.08954926E+01 6.43206777210017094E-02 9.90827196583162102E-03 2.25897595894026693E-01
1.09046351E+01 6.42234645216108735E-02 9.89731300342764839E-03 2.25892994245234180E-01
1.09138547E+01 6.41255522584741333E-02 9.88585472854349064E-03 2.25888843925863725E-01
1.09231697E+01 6.40267576688197532E-02 9.87387482825120150E-03 2.25884935145975158E-01
1.09324597E+01 6.39283625708410019E-02 9.86154368787390580E-03 2.25881043821488964E-01
1.09417490E+01 6.38301148682143965E-02 9.84899674513076834E-03 2.25877037338157699E-01
1.09510611E+01 6.37317711107466406E-02 9.83622683187423789E-03 2.25872775312557783E-01
1.09604162E+01 6.36331219079861315E-02 9.82314075790466715E-03 2.25868070032202301E-01
1.09698318E+01 6.35339893545113221E-02 9.80968735584854257E-03 2.25862674538653191E-01
1.09793227E+01 6.34342241585661992E-02 9.79579647169497025E-03 2.25856284314600614E-01
1.09888115E+01 6.33346434570470213E-02 9.78141914012369343E-03 2.25848534289521452E-01
1.09982919E+01 6.32353175891428310E-02 9.76660444603207924E-03 2.25839104692006881E-01
1.10077699E+01 6.31361863085978942E-02 9.75145469287172842E-03 2.25827701358823296E-01
1.10172521E+01 6.30371850461066557E-02 9.73599644476763962E-03 2.25814034374801825E-01
1.10267328E+01 6.29383771975359496E-02 9.72023147083461714E-03 2.25797801516508023E-01
1.10361887E+01 6.28400066271814495E-02 9.70420738901334526E-03 2.25778689844153085E-01
1.10456257E+01 6.27420151013015071E-02 9.68794798759202956E-03 2.25756435684767387E-01
1.10550497E+01 6.26443401381984455E-02 9.67152347498804674E-03 2.25727626279253274E-01
1.10644674E+01 6.25469155149083744E-02 9.65491249458152317E-03 2.25696247746712875E-01
1.10738857E+01 6.24496715754752074E-02 9.63804130002662504E-03 2.25662368162815791E-01
1.10833117E+01 6.23525361502350120E-02 9.62085574983250792E-03 2.25625547128801424E-01
1.10927530E+01 6.22554349609651808E-02 9.60335254860464511E-03 2.25487675843909136E-01
1.11021920E+01 6.21585516928802456E-02 9.58560709081089819E-03 2.25489393893973766E-01
1.11116205E+01 6.20619723816907901E-02 9.56761870328994707E-03 2.25490446622279045E-01
1.11210472E+01 6.19656087171637504E-02 9.54944122834072533E-03 2.25476103861196264E-01
1.11304564E+01 6.18696221755869608E-02 9.53118184388520445E-03 2.25318385461042547E-01
1.11398512E+01 6.17739817550224946E-02 9.51280524521568548E-03 2.25301827890363932E-01
1.11492401E+01 6.16786007417117338E-02 9.49420347356043012E-03 2.25264753673539431E-01
1.11586325E+01 6.15833864799497574E-02 9.47535057711769088E-03 2.25011411187547167E-01
1.11680383E+01 6.14882408182543597E-02 9.45631682701012291E-03 2.25013284215866527E-01
1.11774198E+01 6.13935447354898439E-02 9.43714409860894887E-03 2.25004173871240887E-01
1.11867691E+01 6.12993787343166230E-02 9.41783383780568466E-03 2.24840551737506583E-01
1.11961068E+01 6.12055360875049248E-02 9.39847585656741237E-03 2.24807674650309347E-01
1.12054545E+01 6.11117983375681836E-02 9.37894311789324794E-03 2.24525528122453910E-01
1.12148269E+01 6.10180232653540211E-02 9.35922745303973715E-03 2.24519665083230985E-01
1.12241960E+01 6.09244915026228712E-02 9.33942794358469039E-03 2.24486536689438770E-01
1.12335644E+01 6.08311779425208254E-02 9.31947585593241763E-03 2.24138635783745765E-01
1.12429093E+01 6.07383099906653873E-02 9.29931215957597104E-03 2.24133066037049383E-01
1.12522517E+01 6.06456780742741230E-02 9.27890388000956329E-03 2.24004358310535751E-01
1.12616138E+01 6.05530658987202264E-02 9.25828420827427834E-03 2.23812727802895378E-01
1.12710186E+01 6.04602499466909693E-02 9.23745093699967872E-03 2.23675000660724765E-01
1.12804368E+01 6.03675207606196515E-02 9.21644264569371034E-03 2.23502707086550845E-01
1.12898272E+01 6.02752837204923314E-02 9.19540590817581084E-03 2.23339775837570975E-01
1.12992105E+01 6.01833345753658780E-02 9.17422627171302595E-03 2.23163700613800808E-01
1.13086081E+01 6.00914647369356347E-02 9.15275380210196776E-03 2.22985849840327405E-01
1.13180420E+01 5.99994620858403868E-02 9.13099237783114408E-03 2.22799509037610505E-01
1.13275216E+01 5.99072395757547782E-02 9.10907978583927989E-03 2.22608062336729862E-01
1.13370076E+01 5.98151786422887882E-02 9.08704142925977759E-03 2.22410258605994837E-01
1.13464852E+01 5.97234256632810934E-02 9.06487634847360016E-03 2.22208517399379635E-01
1.13559755E+01 5.96317756705697366E-02 9.04260336969424372E-03 2.22001744131654910E-01
1.13655001E+01 5.95400211784428701E-02 9.02025713522666521E-03 2.21789807451635873E-01
1.13750179E+01 5.94485596120175874E-02 8.99785882821023744E-03 2.21573197296230623E-01
1.13845238E+01 5.93574387093043915E-02 8.97547818279136392E-03 2.21353484526492172E-01
1.13940228E+01 5.92666089741792218E-02 8.95313827168938217E-03 2.21130052922249909E-01
1.14035203E+01 5.91760189002955989E-02 8.93075859312848774E-03 2.20903334379077665E-01
1.14130150E+01 5.90856797565112862E-02 8.90828815428229039E-03 2.20673385564711028E-01
1.14224934E+01 5.89957215966158133E-02 8.88583187310411360E-03 2.20440911995426592E-01
1.14319600E+01 5.89060983712754241E-02 8.86336858050475011E-03 2.20206262525241309E-01
1.14414201E+01 5.88167624331390540E-02 8.84092642480039520E-03 2.19969391454857749E-01
1.14508789E+01 5.87276642937998722E-02 8.81848560467516501E-03 2.19730507794691804E-01
1.14603246E+01 5.86389135004471984E-02 8.79607289316673875E-03 2.19490026319893755E-01
1.14697548E+01 5.85505339034537442E-02 8.77361379975262479E-03 2.19248576486292007E-01
1.14791742E+01 5.84624806351302234E-02 8.75105897443325016E-03 2.19006160737161920E-01
1.14885877E+01 5.83747075733022300E-02 8.72842091849079446E-03 2.18762930148921841E-01
1.14979982E+01 5.82871895377089153E-02 8.70581583806675531E-03 2.18519031830839094E-01
1.15073897E+01 5.82000748724823824E-02 8.68328767371942534E-03 2.18275024962059749E-01
1.15167666E+01 5.81133209710352136E-02 8.66066930415997777E-03 2.18031399194472925E-01
1.15261336E+01 5.80268846272828515E-02 8.63791978808156613E-03 2.17787942845379418E-01
1.15354957E+01 5.79407218394346127E-02 8.61509381675749572E-03 2.17544907718731390E-01
1.15448487E+01 5.78548709992156435E-02 8.59216084717322019E-03 2.17302473498610066E-01
1.15541838E+01 5.77694133362974954E-02 8.56919700837993452E-03 2.17061186664801481E-01
1.15635054E+01 5.76843085109705750E-02 8.54620911890957048E-03 2.16821215440272497E-01
1.15728180E+01 5.75995149350621363E-02 8.52314765063025802E-03 2.16582488903977577E-01
1.15821265E+01 5.75149900399538686E-02 8.49991677299392727E-03 2.16345106856702496E-01
1.15914223E+01 5.74308102112619165E-02 8.47656612444017826E-03 2.16109346456069468E-01
1.16007014E+01 5.73470133896172712E-02 8.45315975333551378E-03 2.15875657489581707E-01
1.16099679E+01 5.72635612865278892E-02 8.42970165696763953E-03 2.15644019415379501E-01
1.16192263E+01 5.71804147383720221E-02 8.40618616770572209E-03 2.15414403991241010E-01
1.16284810E+01 5.70975339578433799E-02 8.38258128079527598E-03 2.15186853457108224E-01
1.16377214E+01 5.70150143914145008E-02 8.35889680337205745E-03 2.14961634855289435E-01
1.16469463E+01 5.69328678105603878E-02 8.33512760887149609E-03 2.14739111638718227E-01
1.16561595E+01 5.68510587280068105E-02 8.31125140173505535E-03 2.14519144825594338E-01
1.16653654E+01 5.67695511348154103E-02 8.28735756146227465E-03 2.14301723025947660E-01
1.16745681E+01 5.66883080381606619E-02 8.26342469606460711E-03 2.14086807717608046E-01
1.16837561E+01 5.66074337789518600E-02 8.23943106545328881E-03 2.13874519869554747E-01
1.16929298E+01 5.65269231442070558E-02 8.21537058544446509E-03 2.13665429704432419E-01
1.17020930E+01 5.64467420863604755E-02 8.19127073366896288E-03 2.13459113705933401E-01
1.17112496E+01 5.63668565451327722E-02 8.16711157515019777E-03 2.13255645799771354E-01
1.17204036E+01 5.62872325075592719E-02 8.14292650753371469E-03 2.13054891737303354E-01
1.17295440E+01 5.62079651791341020E-02 8.11878056313933456E-03 2.12857054732639828E-01
1.17386716E+01 5.61290483310658631E-02 8.09464309945739056E-03 2.12662356083138576E-01
1.17477900E+01 5.60504507944654812E-02 8.07054931820057851E-03 2.12470557631564971E-01
1.17569028E+01 5.59721409441463688E-02 8.04649158881730504E-03 2.12281619036821689E-01
1.17660137E+01 5.58940870067585888E-02 8.02248047538769646E-03 2.12095423751632428E-01
1.17751144E+01 5.58163611887066563E-02 7.99849302988664586E-03 2.11912084728455824E-01
1.17842039E+01 5.57389707618068317E-02 7.97455528439119064E-03 2.11731758574026624E-01
1.17932857E+01 5.56618862279992244E-02 7.95067689669603367E-03 2.11554255843273087E-01
1.18023632E+01 5.55850777465666038E-02 7.92684532340365983E-03 2.11379483018592496E-01
1.18114399E+01 5.55085153915052948E-02 7.90307178353787977E-03 2.11207315423361991E-01
1.18205127E+01 5.54322260953281909E-02 7.87940366009260047E-03 2.11037731796028222E-01
1.18295762E+01 5.53562534363678180E-02 7.85585698759659959E-03 2.10870815423061103E-01
1.18386337E+01 5.52805690326381438E-02 7.83241835882847286E-03 2.10706494407823852E-01
1.18476885E+01 5.52051443653807788E-02 7.80911238888441772E-03 2.10544523923932136E-01
1.18567439E+01 5.51299505927994246E-02 7.78589877942333346E-03 2.10384789855811771E-01
1.18658033E+01 5.50549589490663405E-02 7.76277664985597620E-03 2.10227150550189451E-01
1.18748573E+01 5.49802459013001010E-02 7.73978192868989869E-03 2.10071622766940136E-01
1.18839072E+01 5.49057992084740418E-02 7.71688211562214423E-03 2.09918288294962840E-01
1.18929561E+01 5.48315914893200557E-02 7.69409157741015801E-03 2.09766857629910902E-01
1.19020073E+01 5.47575953071797114E-02 7.67145790982485132E-03 2.09617236529760914E-01
1.19110639E+01 5.46837829624461993E-02 7.64897824099899405E-03 2.09469236687348681E-01
1.19201288E+01 5.46101304225107484E-02 7.62663237734058710E-03 2.09322743538388589E-01
1.19291915E+01 5.45367202751656718E-02 7.60446886048900608E-03 2.09177725721724772E-01
1.19382551E+01 5.44635252402775813E-02 7.58253357696633823E-03 2.09034263837734352E-01
1.19473227E+01 5.43905180313591363E-02 7.56075566499386960E-03 2.08891993105540907E-01
1.19563975E+01 5.43176718046234422E-02 7.53911824131430191E-03 2.08750854339462999E-01
1.19654826E+01 5.42449601390099997E-02 7.51760496325088769E-03 2.08610649162514594E-01
1.19745809E+01 5.41723571658213610E-02 7.49626080545643877E-03 2.08471256244462944E-01
1.19836820E+01 5.40999448492715321E-02 7.47513284275925539E-03 2.08332634231933600E-01
1.19927890E+01 5.40276967838267744E-02 7.45419486616846760E-03 2.08194863574502148E-01
1.20019049E+01 5.39555870444375571E-02 7.43341463716044003E-03 2.08057582101336930E-01
1.20110327E+01 5.38835903105680733E-02 7.41278531277802730E-03 2.07920757093333020E-01
1.20201754E+01 5.38116817754304630E-02 7.39232377757814609E-03 2.07784193450168436E-01
1.20293360E+01 5.37398371208341746E-02 7.37206519993203763E-03 2.07647795439055122E-01
1.20385052E+01 5.36681281763880802E-02 7.35201079565455783E-03 2.07511535479338732E-01
1.20476851E+01 5.35965375063872235E-02 7.33215321469877709E-03 2.07375503766486613E-01
1.20568785E+01 5.35250406468045919E-02 7.31253960883529452E-03 2.07239440682488008E-01
1.20660885E+01 5.34536133858185061E-02 7.29314378672329868E-03 2.07103311142017882E-01
1.20753180E+01 5.33822321791071475E-02 7.27394072249251417E-03 2.06966981841353342E-01
1.20845698E+01 5.33108743356887557E-02 7.25491832614500246E-03 2.06830392862234258E-01
1.20938341E+01 5.32396155968109450E-02 7.23605859984128522E-03 2.06693568813055173E-01
1.21031136E+01 5.31684337082332786E-02 7.21737600375109683E-03 2.06556643446293847E-01
1.21124113E+01 5.30973061610559016E-02 7.19886722188772202E-03 2.06419382876736751E-01
1.21217301E+01 5.30262109586441752E-02 7.18051332409911768E-03 2.06281806566965986E-01
1.21310657E+01 5.29551795999565200E-02 7.16239493712223733E-03 2.06143895395291737E-01
1.21403514E+01 5.28847176625835969E-02 7.14460330076925089E-03 2.06006394505072882E-01
1.21495932E+01 5.28147743367706618E-02 7.12704005453904024E-03 2.05870124254580178E-01
1.21587972E+01 5.27453002936944942E-02 7.10966803376637639E-03 2.05734154167145966E-01
1.21679694E+01 5.26762470908277575E-02 7.09249895680565904E-03 2.05598793977463890E-01
1.21771000E+01 5.26076839318402600E-02 7.07559382471214041E-03 2.05463917861736428E-01
1.21861764E+01 5.25397029324279549E-02 7.05896293274762762E-03 2.05329987109938272E-01
1.21952030E+01 5.24722650751992259E-02 7.04259931191732365E-03 2.05196955744089693E-01
1.22041845E+01 5.24053320454887714E-02 7.02644254838421991E-03 2.05064682825272321E-01
1.22131254E+01 5.23388660084734003E-02 7.01048061391432078E-03 2.04933171626663135E-01
1.22220304E+01 5.22728293023383833E-02 6.99471904697632815E-03 2.04802368462322609E-01
1.22309040E+01 5.22071843494153059E-02 6.97915941655792051E-03 2.04672253126561898E-01
1.22397508E+01 5.21418936792008847E-02 6.96379656497147625E-03 2.04542792977524618E-01
1.22485754E+01 5.20769199695375259E-02 6.94862554267627192E-03 2.04413963488851824E-01
1.22573827E+01 5.20122260545121604E-02 6.93360620459095023E-03 2.04285747167734233E-01
1.22661635E+01 5.19478747716308198E-02 6.91871131749143258E-03 2.04158257831625833E-01
1.22749011E+01 5.18839863708952312E-02 6.90396585352811166E-03 2.04031863079590647E-01
1.22835993E+01 5.18205288886769422E-02 6.88938088471901904E-03 2.03906657385803686E-01
1.22922620E+01 5.17574714171425282E-02 6.87497564748411685E-03 2.03782468686424884E-01
1.23008906E+01 5.16948000732835172E-02 6.86072104799261267E-03 2.03659373447925590E-01
1.23094894E+01 5.16324811170445694E-02 6.84658946780089799E-03 2.03537352984295566E-01
1.23180627E+01 5.15704808862516850E-02 6.83258609561634978E-03 2.03416387647381930E-01
1.23266147E+01 5.15087656776741717E-02 6.81868576641253988E-03 2.03296460938550888E-01
1.23351500E+01 5.14473018551819539E-02 6.80487355511961295E-03 2.03177561364796921E-01
1.23436728E+01 5.13860560001446198E-02 6.79115116068163861E-03 2.03059676636825864E-01
1.23521876E+01 5.13249948621595994E-02 6.77751271838157240E-03 2.02942798328387380E-01
1.23606786E+01 5.12642306741663140E-02 6.76397795389996424E-03 2.02827108542838919E-01
1.23691346E+01 5.12038395242826253E-02 6.75056815327761735E-03 2.02712974328127793E-01
1.23775598E+01 5.11437903095696075E-02 6.73728108653956059E-03 2.02600351926854633E-01
1.23859582E+01 5.10840522182773732E-02 6.72408664658661996E-03 2.02489168009239662E-01
1.23943338E+01 5.10245948644385480E-02 6.71096207600203453E-03 2.02379431598162018E-01
1.24026906E+01 5.09653883274012939E-02 6.69791587865539023E-03 2.02271133613964704E-01
1.24110326E+01 5.09064029263772352E-02 6.68495865976974270E-03 2.02164280568972482E-01
1.24193637E+01 5.08476091223420620E-02 6.67208340980872654E-03 2.02058871466324536E-01
1.24276881E+01 5.07889775723322154E-02 6.65927866423003320E-03 2.01954910667270698E-01
1.24360096E+01 5.07304790874993569E-02 6.64653346899475150E-03 2.01852406201622953E-01
1.24443324E+01 5.06720845481423085E-02 6.63384711402780370E-03 2.01751365518518133E-01
1.24526397E+01 5.06139107648994127E-02 6.62123463816148301E-03 2.01651960097481875E-01
1.24609222E+01 5.05560201829975062E-02 6.60869433123864765E-03 2.01554532740658404E-01
1.24691841E+01 5.04983831397280911E-02 6.59622218486576473E-03 2.01459020704367803E-01
1.24774294E+01 5.04409704576946824E-02 6.58382053252944306E-03 2.01365381901288387E-01
1.24856621E+01 5.03837533450976760E-02 6.57148933334342298E-03 2.01273629667856474E-01
1.24938861E+01 5.03267032894706978E-02 6.55921683998530927E-03 2.01183768667202306E-01
1.25021054E+01 5.02697920071536256E-02 6.54699115742109466E-03 2.01095811058508073E-01
1.25103239E+01 5.02129913691099911E-02 6.53479828454254889E-03 2.01009772497177414E-01
1.25185458E+01 5.01562733772537156E-02 6.52263773414825127E-03 2.00925672017346180E-01
1.25267749E+01 5.00996100450790058E-02 6.51050368693653105E-03 2.00843528159450418E-01
1.25350153E+01 5.00429733970985738E-02 6.49840307572200227E-03 2.00763363560275437E-01
1.25432467E+01 4.99865030305843006E-02 6.48636273600562609E-03 2.00685334682937339E-01
1.25514647E+01 4.99302275298437320E-02 6.47438930901809984E-03 2.00609776395881012E-01
1.25596732E+01 4.98741186922370613E-02 6.46248135917907446E-03 2.00536545819243184E-01
1.25678763E+01 4.98181487213534488E-02 6.45062797288502993E-03 2.00465677344703830E-01
1.25760778E+01 4.97622901693776792E-02 6.43881124638439294E-03 2.00397168372397738E-01
1.25842816E+01 4.97065159321720546E-02 6.42703037196771555E-03 2.00331056863485013E-01
1.25924917E+01 4.96507991276031943E-02 6.41529235623438873E-03 2.00267360693379470E-01
1.26007108E+01 4.95951207311245632E-02 6.40360285014754480E-03 2.00206118490802693E-01
1.26089371E+01 4.95394926443608261E-02 6.39195971349930826E-03 2.00147391172025541E-01
1.26171743E+01 4.94838902199210076E-02 6.38034569910700400E-03 2.00091272776411394E-01
1.26254258E+01 4.94282891115431569E-02 6.36876328402022178E-03 2.00037751774609335E-01
1.26336954E+01 4.93726652654340389E-02 6.35719079724652702E-03 1.99986887993115592E-01
1.26419678E+01 4.93171205405603524E-02 6.34565834536601325E-03 1.99938754055504569E-01
1.26502427E+01 4.92616567430856009E-02 6.33416590517831349E-03 1.99919763641106613E-01
1.26585234E+01 4.92062511686861201E-02 6.32270497283480767E-03 1.99813248577156100E-01
1.26668064E+01 4.91509283726406301E-02 6.31129152026353637E-03 1.99810135283046780E-01
1.26750948E+01 4.90956650940940001E-02 6.29991813729095101E-03 1.99801697309669124E-01
1.26833923E+01 4.90404386009571924E-02 6.28856403163348919E-03 1.99726346291456108E-01
1.26917021E+01 4.89852267086690399E-02 6.27721738553209917E-03 1.99719252388094182E-01
1.27000274E+01 4.89300077819478374E-02 6.26587271568527018E-03 1.99705580537650862E-01
1.27083716E+01 4.88747607280027724E-02 6.25451297200171809E-03 1.99630018630684941E-01
1.27167326E+01 4.88194992359149774E-02 6.24313806259486122E-03 1.99628705880707885E-01
1.27251097E+01 4.87642286377987025E-02 6.23174312110284009E-03 1.99627781325486753E-01
1.27335057E+01 4.87089304315312527E-02 6.22032866920312934E-03 1.99623641641765742E-01
1.27419235E+01 4.86535865759975678E-02 6.20889733243806200E-03 1.99613996625786549E-01
1.27503659E+01 4.85981794701811146E-02 6.19744683685901580E-03 1.99600613575750013E-01
1.27588356E+01 4.85426919588924782E-02 6.18596410549959643E-03 1.99586814388383577E-01
1.27673295E+01 4.84871455938591586E-02 6.17445904757086585E-03 1.99576470161654029E-01
1.27758309E+01 4.84316501773926003E-02 6.16294213045884449E-03 1.99572923068682351E-01
1.27843423E+01 4.83761889533879039E-02 6.15139944998635470E-03 1.99576587855004345E-01
1.27928664E+01 4.83207457615838498E-02 6.13982539967800316E-03 1.99620333683563661E-01
1.28014057E+01 4.82653049412885907E-02 6.12822817645475304E-03 1.99624153754277556E-01
1.28099626E+01 4.82098512111575617E-02 6.11660374478760396E-03 1.99632062406414817E-01
1.28185395E+01 4.81543696407391170E-02 6.10494120003513257E-03 1.99683784056332941E-01
1.28271377E+01 4.80988530886691038E-02 6.09323563625621331E-03 1.99687580118843161E-01
1.28357526E+01 4.80433325379514761E-02 6.08149220821100050E-03 1.99698878756365245E-01
1.28443864E+01 4.79877935297132949E-02 6.06971161958774156E-03 1.99794298164923417E-01
1.28530416E+01 4.79322217136382289E-02 6.05789026163340051E-03 1.99795124960349985E-01
1.28617205E+01 4.78766028017914638E-02 6.04603120214632431E-03 1.99804735499707231E-01
1.28704255E+01 4.78209224876983627E-02 6.03415402931923098E-03 1.99918370242001042E-01
1.28791590E+01 4.77651663039116853E-02 6.02225295735560762E-03 1.99922107755415135E-01
1.28879236E+01 4.77093196477662920E-02 6.01032080232605150E-03 1.99993563130650309E-01
1.28967216E+01 4.76533677305319425E-02 5.99835739128668811E-03 2.00046252240731970E-01
1.29055557E+01 4.75972955058299382E-02 5.98636763820176339E-03 2.00112869893774442E-01
1.29144285E+01 4.75410876173684438E-02 5.97434257889991552E-03 2.00178182065391869E-01
1.29233426E+01 4.74847283812648707E-02 5.96227143939762061E-03 2.00250788343081410E-01
1.29322808E+01 4.74283285220541487E-02 5.95019959989148087E-03 2.00326044326677222E-01
1.29412367E+01 4.73719289716155456E-02 5.93813230842481308E-03 2.00406274214083718E-01
1.29502129E+01 4.73155138791543431E-02 5.92605597669105481E-03 2.00490134186671359E-01
1.29592120E+01 4.72590673274776649E-02 5.91394706198127007E-03 2.00578417510247825E-01
1.29682368E+01 4.72025734406172348E-02 5.90182183387946008E-03 2.00670707320161845E-01
1.29772900E+01 4.71460161518232612E-02 5.88968366835466127E-03 2.00767253352474001E-01
1.29863744E+01 4.70893792831753172E-02 5.87753874178819496E-03 2.00867934676740245E-01
1.29954928E+01 4.70326465203281391E-02 5.86538573362393404E-03 2.00972842982511862E-01
1.30046475E+01 4.69758048117942736E-02 5.85324403094826529E-03 2.01081949016476774E-01
1.30138373E+01 4.69188623803158192E-02 5.84112776845630097E-03 2.01195250070659609E-01
1.30230651E+01 4.68618020838523497E-02 5.82901118944029791E-03 2.01312712575728664E-01
1.30323340E+01 4.68046068350458991E-02 5.81688446954670407E-03 2.01434390224569076E-01
1.30416469E+01 4.67472595329094659E-02 5.80475828453326601E-03 2.01560275329687094E-01
1.30510068E+01 4.66897428773540707E-02 5.79262212763344622E-03 2.01690394761042141E-01
1.30604169E+01 4.66320394347173456E-02 5.78047596040949779E-03 2.01824758355236472E-01
1.30698803E+01 4.65741315684346513E-02 5.76831855381186500E-03 2.01963387534577377E-01
1.30794002E+01 4.65160013485660245E-02 5.75614447283620632E-03 2.02106300357924568E-01
1.30889799E+01 4.64576305367750686E-02 5.74394052512115262E-03 2.02253517525467663E-01
1.30986229E+01 4.63990005534408584E-02 5.73170416714469631E-03 2.02405064250038180E-01
1.31083325E+01 4.63400923395589706E-02 5.71944920394791556E-03 2.02560964290307927E-01
1.31181068E+01 4.62809206241948379E-02 5.70717066028648967E-03 2.02721168830895804E-01
1.31279321E+01 4.62215695820080361E-02 5.69486724822431366E-03 2.02885428213618796E-01
1.31378119E+01 4.61620196016212514E-02 5.68253065209646090E-03 2.03053661969997246E-01
1.31477499E+01 4.61022507295113307E-02 5.67017890228653856E-03 2.03225939565718355E-01
1.31577497E+01 4.60422425154736539E-02 5.65781676353620602E-03 2.03402247975339068E-01
1.31678153E+01 4.59819740008061417E-02 5.64540520254138908E-03 2.03582606972670943E-01
1.31779505E+01 4.59214239087661208E-02 5.63293720320088339E-03 2.03767030730995308E-01
1.31881595E+01 4.58605704900199238E-02 5.62040004944168187E-03 2.03955530758746395E-01
1.31984464E+01 4.57993915072652802E-02 5.60778111470293383E-03 2.04148131487758649E-01
1.32088157E+01 4.57378642369704255E-02 5.59506605330877069E-03 2.04344853215276873E-01
1.32192718E+01 4.56759654211922397E-02 5.58223890636444422E-03 2.04545724963008657E-01
1.32298195E+01 4.56136712437558711E-02 5.56927531300384620E-03 2.04750771456800484E-01
1.32404635E+01 4.55509573711326485E-02 5.55620410756044094E-03 2.04960028712681458E-01
1.32512090E+01 4.54877985605613086E-02 5.54304071950796184E-03 2.05173529486880613E-01
1.32620610E+01 4.54241686378323226E-02 5.52973960526265216E-03 2.05391312335536869E-01
1.32730252E+01 4.53600409177878847E-02 5.51629103985551341E-03 2.05613426409069516E-01
1.32841071E+01 4.52953880457572650E-02 5.50270903336223197E-03 2.05839923699347199E-01
1.32953125E+01 4.52301817720583421E-02 5.48896688167074473E-03 2.06070857501548160E-01
1.33066476E+01 4.51643931713305094E-02 5.47502130180376953E-03 2.06306284440846588E-01
1.33181187E+01 4.50979928343149816E-02 5.46086325706601674E-03 2.06546268975185993E-01
1.33296980E+01 4.50311487608876446E-02 5.44651783120146671E-03 2.06790243674699836E-01
1.33413785E+01 4.49639064460481408E-02 5.43199986363594126E-03 2.07037847291083044E-01
1.33531687E+01 4.48962241615122257E-02 5.41731256499399048E-03 2.07289210706428528E-01
1.33650776E+01 4.48280574138711502E-02 5.40245056267725857E-03 2.07544454701458464E-01
1.33771121E+01 4.47593734850455990E-02 5.38737128050496058E-03 2.07803657015972171E-01
1.33892650E+01 4.46902217676106994E-02 5.37210057514123270E-03 2.08066618751347326E-01
1.34014979E+01 4.46208272340789525E-02 5.35665711533230005E-03 2.08332481914273532E-01
1.34136720E+01 4.45519784017679998E-02 5.34121855049559356E-03 2.08598324590357542E-01
1.34257936E+01 4.44836383246347278E-02 5.32581611235296345E-03 2.08863638105542815E-01
1.34378710E+01 4.44157589438671022E-02 5.31041923124167883E-03 2.09128856531516749E-01
1.34499147E+01 4.43482813593978897E-02 5.29501667490058468E-03 2.09394032968436977E-01
1.34619369E+01 4.42811360661500425E-02 5.27958901796555646E-03 2.09659392017353285E-01
1.34739338E+01 4.42143445021969395E-02 5.26413199620550092E-03 2.09924814498684970E-01
1.34858763E+01 4.41480671510993058E-02 5.24869525157350796E-03 2.10189630520230819E-01
1.34977741E+01 4.40822489003547119E-02 5.23327129402718742E-03 2.10453862022469185E-01
1.35096385E+01 4.40168254656379682E-02 5.21785519370406882E-03 2.10717815752459486E-01
1.35214827E+01 4.39517238413094577E-02 5.20242677944950625E-03 2.10981721019468577E-01
1.35333213E+01 4.38868630038747320E-02 5.18698750258421350E-03 2.11245886922928588E-01
1.35451216E+01 4.38224218829499981E-02 5.17161607756258176E-03 2.11509675917994605E-01
1.35568777E+01 4.37584288538157631E-02 5.15632258269893649E-03 2.11772776342329272E-01
1.35686019E+01 4.36948158634830400E-02 5.14108373884860671E-03 2.12035494765913241E-01
1.35803075E+01 4.36315080664061647E-02 5.12588992195783452E-03 2.12298142573346255E-01
1.35920093E+01 4.35684243756620723E-02 5.11072874637118202E-03 2.12561050098439425E-01
1.36036748E+01 4.35057386214214512E-02 5.09563439264095440E-03 2.12823608810456283E-01
1.36152790E+01 4.34435809414988397E-02 5.08063862367731395E-03 2.13085141125601674E-01
1.36268324E+01 4.33818914165474967E-02 5.06573706416640294E-03 2.13345856739419582E-01
1.36383443E+01 4.33206175738848898E-02 5.05092728929857921E-03 2.13606048737789406E-01
1.36498247E+01 4.32597025633860641E-02 5.03621502958150492E-03 2.13865945682405384E-01
1.36612838E+01 4.31990902274393962E-02 5.02159029076272839E-03 2.14125798043488774E-01
1.36726937E+01 4.31389248710486728E-02 5.00709364512802544E-03 2.14385088192560913E-01
1.36840561E+01 4.30791939840517307E-02 4.99270786079289691E-03 2.14643735756965243E-01
1.36953808E+01 4.30198418824734655E-02 4.97844126680574168E-03 2.14902057125553658E-01
1.37066777E+01 4.29608147241015356E-02 4.96426247823553938E-03 2.15160302278301352E-01
1.37179561E+01 4.29020609483764734E-02 4.95018122772056170E-03 2.15418727293113343E-01
1.37292252E+01 4.28435312160161952E-02 4.93619698127162592E-03 2.15677577447875218E-01
1.37404797E+01 4.27852501343874841E-02 4.92231295863488055E-03 2.15936810775543525E-01
1.37516976E+01 4.27273301584096959E-02 4.90855600564469707E-03 2.16195962434944156E-01
1.37628882E+01 4.26697198235705955E-02 4.89492121944559537E-03 2.16455196219061369E-01
1.37740606E+01 4.26123701426311466E-02 4.88139211421633780E-03 2.16714836225811863E-01
1.37852234E+01 4.25552347182949417E-02 4.86795256716712147E-03 2.16975112173619616E-01
1.37963848E+01 4.24982698291450772E-02 4.85460170953560307E-03 2.17236270581580321E-01
1.38075465E+01 4.24414657366102635E-02 4.84134656825500539E-03 2.17498413250098888E-01
1.38186807E+01 4.23849616578527849E-02 4.82824155496220601E-03 2.17760985781311561E-01
1.38297961E+01 4.23287106692248893E-02 4.81525584680230195E-03 2.18024109285071793E-01
1.38409011E+01 4.22726688045279644E-02 4.80237720486966640E-03 2.18288119153234234E-01
1.38520034E+01 4.22167949836108475E-02 4.78960725633663636E-03 2.18553230511639274E-01
1.38631103E+01 4.21610507513811572E-02 4.77693636593095206E-03 2.18819678350418684E-01
1.38742164E+01 4.21054624974449773E-02 4.76437178584122271E-03 2.19087413226654759E-01
1.38853030E+01 4.20501222268659658E-02 4.75192929163442170E-03 2.19356039089867977E-01
1.38963778E+01 4.19949883165784896E-02 4.73958981391468370E-03 2.19625726459496989E-01
1.39074485E+01 4.19400220922907588E-02 4.72733523340148221E-03 2.19896767972510426E-01
1.39185218E+01 4.18851876557811281E-02 4.71516758283755267E-03 2.20169379914842617E-01
1.39296045E+01 4.18304515367094454E-02 4.70307671203953979E-03 2.20443788745335212E-01
1.39406728E+01 4.17759292617003869E-02 4.69108495567919191E-03 2.20719523574656323E-01
1.39517283E+01 4.17216119027159493E-02 4.67918941985052701E-03 2.20996575345083102E-01
1.39627779E+01 4.16674632911124207E-02 4.66737658811874814E-03 2.21275219878428964E-01
1.39738284E+01 4.16134499571884503E-02 4.65566260912692216E-03 2.21555678145666707E-01
1.39848858E+01 4.15595406531060613E-02 4.64403589143435897E-03 2.21838170354464986E-01
1.39959319E+01 4.15058235872818385E-02 4.63250027555372861E-03 2.22122325199063053E-01
1.40069639E+01 4.14523099584385851E-02 4.62105392589016659E-03 2.22408064896954971E-01
1.40179887E+01 4.13989659618738681E-02 4.60969142844989098E-03 2.22695630346927076E-01
1.40290124E+01 4.13457603302548049E-02 4.59840180157710353E-03 2.22985248102282652E-01
1.40400408E+01 4.12926640653537985E-02 4.58718722470432931E-03 2.23277124219856432E-01
1.40510497E+01 4.12397929565793894E-02 4.57605834160295863E-03 2.23570715401735953E-01
1.40620436E+01 4.11871235997865945E-02 4.56501294158136693E-03 2.23866107326533975E-01
1.40730287E+01 4.11346247201289372E-02 4.55404757646802726E-03 2.24163556086381971E-01
1.40840110E+01 4.10822674395516160E-02 4.54315715015905612E-03 2.24463260560200495E-01
1.40949861E+01 4.10300710405700764E-02 4.53234306985747515E-03 2.24765166651820808E-01
1.41059390E+01 4.09781061734383334E-02 4.52161930034222174E-03 2.25068905028313504E-01
1.41168760E+01 4.09263414764145031E-02 4.51096718444264373E-03 2.25374648286239376E-01
1.41278028E+01 4.08747481250285732E-02 4.50038203843819082E-03 2.25682620466683637E-01
1.41387250E+01 4.08232994695027357E-02 4.48985162732410976E-03 2.25993009052663896E-01
1.41496320E+01 4.07720442240913361E-02 4.47939900988386912E-03 2.26305568299131815E-01
1.41605163E+01 4.07210160244264319E-02 4.46902840243375895E-03 2.26620099260100460E-01
1.41713839E+01 4.06701859978335148E-02 4.45872525637314512E-03 2.26936778984021342E-01
1.41822401E+01 4.06195276294361030E-02 4.44848889817418824E-03 2.27255802887262853E-01
1.41930900E+01 4.05690164157098063E-02 4.43830211174504798E-03 2.27577345610289861E-01
1.42039328E+01 4.05186555577367186E-02 4.42817249576905360E-03 2.27901412464266456E-01
1.42147527E+01 4.04685173514992350E-02 4.41811588907842397E-03 2.28227565496257973E-01
1.42255552E+01 4.04185751371078650E-02 4.40812824313030656E-03 2.28555938246666285E-01
1.42363453E+01 4.03688043286993536E-02 4.39819564491514183E-03 2.28886720240565805E-01
1.42471278E+01 4.03191822057363397E-02 4.38830339474577651E-03 2.29220066187429072E-01
1.42579071E+01 4.02696877145184498E-02 4.37845448789588292E-03 2.29556125005810963E-01
1.42686875E+01 4.02203011338961580E-02 4.36865530690475762E-03 2.29895038768618387E-01
1.42794513E+01 4.01711025152250850E-02 4.35892189755687168E-03 2.30236282525863589E-01
1.42902020E+01 4.01220745255932779E-02 4.34924628324761479E-03 2.30579920655933995E-01
1.43009442E+01 4.00731956793598312E-02 4.33962360948735373E-03 2.30926109184687034E-01
1.43116820E+01 4.00244459356564122E-02 4.33005596960920561E-03 2.31274977353386507E-01
1.43224197E+01 3.99758064522758721E-02 4.32055033837787806E-03 2.31626651666189759E-01
1.43331609E+01 3.99272593113102689E-02 4.31109848299198167E-03 2.31981250447206744E-01
1.43439093E+01 3.98787873429614775E-02 4.30169524311555234E-03 2.32338887796114141E-01
1.43546578E+01 3.98304227738038308E-02 4.29234595138524352E-03 2.32699319669890797E-01
1.43654011E+01 3.97821878827902473E-02 4.28305208638499798E-03 2.33062342444910364E-01
1.43761432E+01 3.97340642765308602E-02 4.27381845788949756E-03 2.33428050243382951E-01
1.43868879E+01 3.96860344059084477E-02 4.26463897763088365E-03 2.33796546188966059E-01
1.43976389E+01 3.96380813928307665E-02 4.25551166721732394E-03 2.34167917125928299E-01
1.44083997E+01 3.95901888270448130E-02 4.24642912495601724E-03 2.34542246186281611E-01
1.44191739E+01 3.95423406435776031E-02 4.23738940854211880E-03 2.34919618105143474E-01
1.44299650E+01 3.94945209027441207E-02 4.22840019400373690E-03 2.35300115946846161E-01
1.44407713E+01 3.94467365838295364E-02 4.21945931052205864E-03 2.35683644753325677E-01
1.44515831E+01 3.93990307009236818E-02 4.21057237221024883E-03 2.36069806297299845E-01
1.44624039E+01 3.93513866963900172E-02 4.20173323863977551E-03 2.36458652560614685E-01
1.44732371E+01 3.93037892304309924E-02 4.19294090005808452E-03 2.36850253078619177E-01
1.44840790E+01 3.92562543546744400E-02 4.18421362898255787E-03 2.37244412221515294E-01
1.44949332E+01 3.92087658865983221E-02 4.17554756039671768E-03 2.37641176493775502E-01
1.45058033E+01 3.91613069014676643E-02 4.16692686476174447E-03 2.38040614657390376E-01
1.45166934E+01 3.91138598209744767E-02 4.15834421594979669E-03 2.38442795372325933E-01
1.45276076E+01 3.90664064028055022E-02 4.14981095924792792E-03 2.38847783439098599E-01
1.45385438E+01 3.90189549336616634E-02 4.14133394325918568E-03 2.39255421935036350E-01
1.45494907E+01 3.89715549409455839E-02 4.13291414241764334E-03 2.39665192133787536E-01
1.45604521E+01 3.89241885499959639E-02 4.12455416174578506E-03 2.40077121684009409E-01
1.45714322E+01 3.88768371214188516E-02 4.11625082754376974E-03 2.40491270261782825E-01
1.45824356E+01 3.88294812613810061E-02 4.10799158744823509E-03 2.40907694742396844E-01
1.45934668E+01 3.87821009325705207E-02 4.09978213542789346E-03 2.41326455699961501E-01
1.46045299E+01 3.87346781631136491E-02 4.09162060048892922E-03 2.41747593626503915E-01
1.46156208E+01 3.86872308033340204E-02 4.08350013653653067E-03 2.42170832617818382E-01
1.46267437E+01 3.86397409482662213E-02 4.07542509755714523E-03 2.42596190860516758E-01
1.46378792E+01 3.85922907601790391E-02 4.06739894826678005E-03 2.43022822805519761E-01
1.46490317E+01 3.85448611559240095E-02 4.05942463531958325E-03 2.43450714784157113E-01
1.46602064E+01 3.84974300281677034E-02 4.05149196433589060E-03 2.43879922847884845E-01
1.46714086E+01 3.84499747146239620E-02 4.04360896427897239E-03 2.44310494065759554E-01
1.46826437E+01 3.84024720854901566E-02 4.03577702203416263E-03 2.44742479595217860E-01
1.46939174E+01 3.83548986775966438E-02 4.02799628351474016E-03 2.45175927486654788E-01
1.47052305E+01 3.83072509798864438E-02 4.02025081423065898E-03 2.45610704259618867E-01
1.47165648E+01 3.82596055276466090E-02 4.01255123576597494E-03 2.46045947836155687E-01
1.47279261E+01 3.82119380631174219E-02 4.00488208070033224E-03 2.46481675993056065E-01
1.47393203E+01 3.81642240353666576E-02 3.99724010600639376E-03 2.46917941668275742E-01
1.47507499E+01 3.81164537291625236E-02 3.98960871195585230E-03 2.47354649594042714E-01
1.47622120E+01 3.80686391641388011E-02 3.98201606440647723E-03 2.47791495878308343E-01
1.47737127E+01 3.80207555245236570E-02 3.97443485653125889E-03 2.48228504668703331E-01
1.47852581E+01 3.79727779217351735E-02 3.96685896629099012E-03 2.48665699696170694E-01
1.47968402E+01 3.79247403351875914E-02 3.95931078754613915E-03 2.49102577764016481E-01
1.48084489E+01 3.78766850967967583E-02 3.95180257304315798E-03 2.49538539951816185E-01
1.48200907E+01 3.78285857730379302E-02 3.94431236985242229E-03 2.49973605095677009E-01
1.48317722E+01 3.77804159309700835E-02 3.93683545916784228E-03 2.50407805059922439E-01
1.48434998E+01 3.77321491603042555E-02 3.92937172167155332E-03 2.50841160236823235E-01
1.48552803E+01 3.76837590329965680E-02 3.92191465572190329E-03 2.51273680662343735E-01
1.48671080E+01 3.76352696505118725E-02 3.91445516035547440E-03 2.51704929587599768E-01
1.48789689E+01 3.75867397212491794E-02 3.90700702374102531E-03 2.52134154595013149E-01
1.48908699E+01 3.75381412089081934E-02 3.89958772189379251E-03 2.52561363751154178E-01
1.49028181E+01 3.74894459954376452E-02 3.89218815314744913E-03 2.52986580590549848E-01
1.49148206E+01 3.74406260829710236E-02 3.88477041169348883E-03 2.53409807834181267E-01
1.49268846E+01 3.73916537568036861E-02 3.87732510878982571E-03 2.53831042746133662E-01
1.49390016E+01 3.73425641033405253E-02 3.86987245917787097E-03 2.54249741786758188E-01
1.49511587E+01 3.72934108967969621E-02 3.86242425953102356E-03 2.54665206724629889E-01
1.49633635E+01 3.72441648371108630E-02 3.85495534420851171E-03 2.55077440204107497E-01
1.49756234E+01 3.71947970021027918E-02 3.84746336621855523E-03 2.55486454129412566E-01
1.49878117E+01 3.71458170841733187E-02 3.84003559884309002E-03 2.55887904679115596E-01
1.50000000E+01 3.70969367085785887E-02 3.83263470998217951E-03 2.56283873026955600E-01
