#  time, MeanKE MeanKEDR MeanP MeanNuT MeanLesProduction
0 1.24924716013033330E-01 4.68467768164619505E-04 -5.53602782891480650E-18 5.73241610719319919E-05 5.32501107546013114E-05
1.47262156E-02 1.24915480605281029E-01 4.68443702253398689E-04 2.36966121797322412E-04 5.73389767429197524E-05 5.32543657211902453E-05
2.94624006E-02 1.24907352606004496E-01 4.68444947926959464E-04 2.49956287439412567E-04 5.73787079681548022E-05 5.32756810650866726E-05
4.41999243E-02 1.24899590414364797E-01 4.68468727265013011E-04 2.26523695637374865E-04 5.74388428965597544E-05 5.33117866707735446E-05
5.89392057E-02 1.24891944695612517E-01 4.68514114514256646E-04 1.87489919685856381E-04 5.75169555231270623E-05 5.33614496946472692E-05
7.36807217E-02 1.24884331762152162E-01 4.68580812009491293E-04 1.31690666666766585E-04 5.76092585460864738E-05 5.34233303187560038E-05
8.84249676E-02 1.24876723210591178E-01 4.68668736393482047E-04 5.87991257692721439E-05 5.77127286485066632E-05 5.34959616229200682E-05
1.03172443E-01 1.24869109086656160E-01 4.68777880453489604E-04 -3.11499969809847507E-05 5.78256782063952824E-05 5.35783477098872510E-05
1.17922821E-01 1.24861486026167506E-01 4.68908259111964609E-04 -1.38122765738950780E-04 5.79470761664032077E-05 5.36698617398684522E-05
1.32674791E-01 1.24853853237277351E-01 4.69059886364635845E-04 -2.62061804622645215E-04 5.80761699948341046E-05 5.37700911759118609E-05
1.47428858E-01 1.24846209684044016E-01 4.69232797873418846E-04 -4.02911859589199020E-04 5.82123498548364236E-05 5.38787534634428908E-05
1.62185524E-01 1.24838554565856269E-01 4.69427037079393609E-04 -5.60612921510842939E-04 5.83550892390430210E-05 5.39956404746134020E-05
1.76945291E-01 1.24830887163632234E-01 4.69642654599247841E-04 -7.35100495292709440E-04 5.85038920635009814E-05 5.41205547349440735E-05
1.91708655E-01 1.24823206788402849E-01 4.69879708002036317E-04 -9.26305456167191140E-04 5.86583394213281611E-05 5.42533443457799214E-05
2.06476109E-01 1.24815512763643721E-01 4.70138261709115686E-04 -1.13415401043134791E-03 5.88180526020395098E-05 5.43938666359861721E-05
2.21248142E-01 1.24807804419274249E-01 4.70418386934857481E-04 -1.35856759504436901E-03 5.89826969958268503E-05 5.45419968114623370E-05
2.36025239E-01 1.24800081089502260E-01 4.70720161638910365E-04 -1.59946275936728157E-03 5.91519926060653589E-05 5.46976434636670759E-05
2.50807876E-01 1.24792342111759741E-01 4.71043670479938750E-04 -1.85675102472707652E-03 5.93256969883026769E-05 5.48607350035986877E-05
2.65596528E-01 1.24784586826176006E-01 4.71389004769164999E-04 -2.13033874115988375E-03 5.95035948368039140E-05 5.50312099408486297E-05
2.80391660E-01 1.24776814575313130E-01 4.71756262422915525E-04 -2.42012693185673835E-03 5.96855013783491862E-05 5.52090200541766551E-05
2.95193733E-01 1.24769024703952972E-01 4.72145547913712705E-04 -2.72601112971288711E-03 5.98712583969487590E-05 5.53941323249711829E-05
3.10003197E-01 1.24761216558892885E-01 4.72556972219930762E-04 -3.04788120403357617E-03 6.00607147789871288E-05 5.55865287574114442E-05
3.24819160E-01 1.24753390195657191E-01 4.72990612586001141E-04 -3.38559040564451706E-03 6.02536846925597909E-05 5.57861848254552785E-05
3.39640990E-01 1.24745545533692243E-01 4.73446553148351593E-04 -3.73898646352192974E-03 6.04499708765045542E-05 5.59930873394122908E-05
3.54469147E-01 1.24737681915894905E-01 4.73924914208981871E-04 -4.10793407917601962E-03 6.06493996183872584E-05 5.62072478695922821E-05
3.69304083E-01 1.24729798686619445E-01 4.74425822480562659E-04 -4.49229217168995842E-03 6.08518171592903180E-05 5.64286860860425545E-05
3.84146242E-01 1.24721895191392040E-01 4.74949411026147480E-04 -4.89191344804778064E-03 6.10570892545242444E-05 5.66574283399758508E-05
3.98996061E-01 1.24713970776786823E-01 4.75495819197472810E-04 -5.30664410824812065E-03 6.12650999658408119E-05 5.68935092465586444E-05
4.13853968E-01 1.24706024790319989E-01 4.76065192571805903E-04 -5.73632363361710300E-03 6.14757496303094090E-05 5.71369722526131519E-05
4.28720381E-01 1.24698056580354849E-01 4.76657682887248607E-04 -6.18078457019121709E-03 6.16889518859969010E-05 5.73878681980836343E-05
4.43595711E-01 1.24690065496013858E-01 4.77273447976620164E-04 -6.63985230613865687E-03 6.19046318218353383E-05 5.76462539041126633E-05
4.58480358E-01 1.24682050887116619E-01 4.77912651699761092E-04 -7.11334484448160505E-03 6.21227263532963294E-05 5.79121920723947768E-05
4.73374713E-01 1.24674012104107168E-01 4.78575463874140615E-04 -7.60107257072198741E-03 6.23431856212629037E-05 5.81857518145087663E-05
4.88279157E-01 1.24665948498004581E-01 4.79262060203721016E-04 -8.10283801575064147E-03 6.25659726754473964E-05 5.84670088264748372E-05
5.03194061E-01 1.24657859420338524E-01 4.79972622205653921E-04 -8.61843561489946189E-03 6.27910576720388727E-05 5.87560450700695005E-05
5.18119785E-01 1.24649744223090830E-01 4.80707337135027175E-04 -9.14765146282765437E-03 6.30184056769480605E-05 5.90529481914344094E-05
5.33056678E-01 1.24641602258653159E-01 4.81466397906911252E-04 -9.69026306338597633E-03 6.32479674211403205E-05 5.93578108932070207E-05
5.48004579E-01 1.24633433153596693E-01 4.82249976337418217E-04 -1.02460202957898785E-02 6.34796755118029139E-05 5.96707198471176740E-05
5.62962352E-01 1.24625237063539521E-01 4.83058193827013273E-04 -1.08146254058739434E-02 6.37134482250132218E-05 5.99917442158988564E-05
5.77930359E-01 1.24617013326267914E-01 4.83891252626853429E-04 -1.13958253835670428E-02 6.39492353933992244E-05 6.03209879908068409E-05
5.92908945E-01 1.24608761280102717E-01 4.84749360509604459E-04 -1.19893582057595902E-02 6.41869972060270347E-05 6.06585597905685825E-05
6.07898450E-01 1.24600480263631408E-01 4.85632730680573936E-04 -1.25949524250222617E-02 6.44267034563956558E-05 6.10045728947048141E-05
6.22899199E-01 1.24592169615606554E-01 4.86541581686169991E-04 -1.32123268902473376E-02 6.46683323686254722E-05 6.13591451720042665E-05
6.37911504E-01 1.24583828674926123E-01 4.87476137319876152E-04 -1.38411904976867457E-02 6.49118696684370799E-05 6.17223989366293531E-05
6.52935668E-01 1.24575456780632546E-01 4.88436626525555039E-04 -1.44812419423391500E-02 6.51573078732862451E-05 6.20944607762467126E-05
6.67971980E-01 1.24567053271916944E-01 4.89423283298392672E-04 -1.51321694747340273E-02 6.54046454894574570E-05 6.24754613855336207E-05
6.83020716E-01 1.24558617488140080E-01 4.90436346583682237E-04 -1.57936506607767382E-02 6.56538856646130762E-05 6.28655354225142563E-05
6.98082141E-01 1.24550148768833954E-01 4.91476060173505849E-04 -1.64653521477170148E-02 6.59050339647114958E-05 6.32648213920895136E-05
7.13156505E-01 1.24541646453709270E-01 4.92542672601610802E-04 -1.71469294366363920E-02 6.61580955710308518E-05 6.36734615533967512E-05
7.28244047E-01 1.24533109882664444E-01 4.93636437036444999E-04 -1.78380266623871242E-02 6.64130730738722732E-05 6.40916018451876258E-05
7.43344990E-01 1.24524538395786019E-01 4.94757611172319425E-04 -1.85382763835308939E-02 6.66699661396932130E-05 6.45193918245315573E-05
7.58459546E-01 1.24515931333354965E-01 4.95906457118775183E-04 -1.92472993820348402E-02 6.69287731366358687E-05 6.49569846159534869E-05
7.73587912E-01 1.24507288035840630E-01 4.97083241288171569E-04 -1.99647044752526634E-02 6.71894935275795316E-05 6.54045368687154174E-05
7.88730273E-01 1.24498607843900641E-01 4.98288234281657927E-04 -2.06900883395561945E-02 6.74521297810011489E-05 6.58622087191956817E-05
8.03886799E-01 1.24489890098378173E-01 4.99521710773636511E-04 -2.14230353505080323E-02 6.77166883348875290E-05 6.63301637546069849E-05
8.19057647E-01 1.24481134140272690E-01 5.00783949394770895E-04 -2.21631174348119048E-02 6.79831797670498816E-05 6.68085689746756710E-05
8.34242959E-01 1.24472339310741503E-01 5.02075232613449275E-04 -2.29098939422582686E-02 6.82516184763548274E-05 6.72975947492387798E-05
8.49442865E-01 1.24463504951054821E-01 5.03395846615539190E-04 -2.36629115346607341E-02 6.85220220982811642E-05 6.77974147711623366E-05
8.64656413E-01 1.24454631024484647E-01 5.04745985557179398E-04 -2.44216503037845041E-02 6.87943916373621539E-05 6.83081698379128956E-05
8.79883708E-01 1.24445716877456994E-01 5.06125936874415243E-04 -2.51856307217989059E-02 6.90687486872042298E-05 6.88300379581328696E-05
8.95124888E-01 1.24436761828262868E-01 5.07535995837976248E-04 -2.59543629672621817E-02 6.93451168033767793E-05 6.93632019665638681E-05
9.10380077E-01 1.24427765195309736E-01 5.08976461201702439E-04 -2.67273444136396296E-02 6.96235201191838408E-05 6.99078478668322377E-05
9.25649388E-01 1.24418726297002014E-01 5.10447635072657576E-04 -2.75040597465562968E-02 6.99039830771205613E-05 7.04641647711866799E-05
9.40932916E-01 1.24409644451722312E-01 5.11949822778853011E-04 -2.82839809871466216E-02 7.01865304073728846E-05 7.10323448380779400E-05
9.56230745E-01 1.24400518977789448E-01 5.13483332734297054E-04 -2.90665675345993038E-02 7.04711872848303545E-05 7.16125832075108676E-05
9.71542942E-01 1.24391349193460898E-01 5.15048476301163813E-04 -2.98512662401109567E-02 7.07579795575229999E-05 7.22050779341248966E-05
9.86869562E-01 1.24382134416921669E-01 5.16645567649109830E-04 -3.06375115091914244E-02 7.10469339460527346E-05 7.28100299179490614E-05
1.00221065E+00 1.24372873966277178E-01 5.18274923611427457E-04 -3.14247254393676748E-02 7.13380781510896447E-05 7.34276428328278080E-05
1.01756622E+00 1.24363567159566715E-01 5.19936863538287999E-04 -3.22123179890044797E-02 7.16314408499893593E-05 7.40581230525383209E-05
1.03293630E+00 1.24354213314746359E-01 5.21631709147024787E-04 -3.29996871838350234E-02 7.19270515968013395E-05 7.47016795746990333E-05
1.04832088E+00 1.24344811749701162E-01 5.23359784369655965E-04 -3.37862193565358418E-02 7.22249406577155030E-05 7.53585239426596634E-05
1.06371994E+00 1.24335361782243081E-01 5.25121415197815937E-04 -3.45712894308144655E-02 7.25251388183355034E-05 7.60288701656360505E-05
1.07913347E+00 1.24325862730100892E-01 5.26916929525492379E-04 -3.53542612374244183E-02 7.28276771944697297E-05 7.67129346375559006E-05
1.09456141E+00 1.24316313910911705E-01 5.28746656989730274E-04 -3.61344878784948184E-02 7.31325870683332950E-05 7.74109360551369994E-05
1.11000371E+00 1.24306714642215002E-01 5.30610928809750618E-04 -3.69113121282307888E-02 7.34398997603334723E-05 7.81230953358888253E-05
1.12546030E+00 1.24297064241412569E-01 5.32510077624704444E-04 -3.76840668807810059E-02 7.37496465359474345E-05 7.88496355368488726E-05
1.14093109E+00 1.24287362025752343E-01 5.34444437330435450E-04 -3.84520756394026927E-02 7.40618585396801525E-05 7.95907817749192710E-05
1.15641600E+00 1.24277607312276994E-01 5.36414342915392185E-04 -3.92146530524743395E-02 7.43765667447627269E-05 8.03467611497503441E-05
1.17191491E+00 1.24267799417775590E-01 5.38420130296013303E-04 -3.99711054927657169E-02 7.46938019078373047E-05 8.11178026701347884E-05
1.18742770E+00 1.24257937658720882E-01 5.40462136151523016E-04 -4.07207316858556878E-02 7.50135945210753363E-05 8.19041371848547105E-05
1.20295424E+00 1.24248021351199514E-01 5.42540697758352826E-04 -4.14628233797332685E-02 7.53359747583381832E-05 8.27059973189162826E-05
1.21849438E+00 1.24238049810824452E-01 5.44656152824000658E-04 -4.21966660636390323E-02 7.56609724156811846E-05 8.35236174160613310E-05
1.23404795E+00 1.24228022352651554E-01 5.46808839320449703E-04 -4.29215397318116337E-02 7.59886168489721207E-05 8.43572334884225175E-05
1.24961480E+00 1.24217938291078744E-01 5.48999095316886863E-04 -4.36367196908040642E-02 7.63189369122642934E-05 8.52070831741498177E-05
1.26519474E+00 1.24207796939740850E-01 5.51227258811712024E-04 -4.43414774124190406E-02 7.66519609002710766E-05 8.60734057039134581E-05
1.28078758E+00 1.24197597611393748E-01 5.53493667563764746E-04 -4.50350814287069634E-02 7.69877164972298058E-05 8.69564418772065769E-05
1.29639311E+00 1.24187339617802608E-01 5.55798658922648792E-04 -4.57167982701853076E-02 7.73262307331591122E-05 8.78564340495612743E-05
1.31201111E+00 1.24177022269612289E-01 5.58142569658359950E-04 -4.63858934434771206E-02 7.76675299475295582E-05 8.87736261319428010E-05
1.32764137E+00 1.24166644876216786E-01 5.60525735790144176E-04 -4.70416324483878476E-02 7.80116397598005514E-05 8.97082636038583619E-05
1.34328365E+00 1.24156206745619377E-01 5.62948492414972910E-04 -4.76832818324421995E-02 7.83585850461575404E-05 9.06605935419711224E-05
1.35893770E+00 1.24145707184287343E-01 5.65411173535906278E-04 -4.83101102797102305E-02 7.87083899221352896E-05 9.16308646663621125E-05
1.37460328E+00 1.24135145496993199E-01 5.67914111890773432E-04 -4.89213897316561827E-02 7.90610777313284073E-05 9.26193274070212828E-05
1.39028011E+00 1.24124520986641812E-01 5.70457638781731845E-04 -4.95163965399449471E-02 7.94166710410935007E-05 9.36262339938491732E-05
1.40596792E+00 1.24113832954099307E-01 5.73042083906292131E-04 -5.00944126432011916E-02 7.97751916470637118E-05 9.46518385746475188E-05
1.42166644E+00 1.24103080697983051E-01 5.75667775190524269E-04 -5.06547267703712709E-02 8.01366605893252451E-05 9.56963973670488114E-05
1.43737539E+00 1.24092263514450254E-01 5.78335038625049148E-04 -5.11966356624761962E-02 8.05010981840782524E-05 9.67601688521177824E-05
1.45309445E+00 1.24081380696970153E-01 5.81044198104588142E-04 -5.17194453112007971E-02 8.08685240750185155E-05 9.78434140181396822E-05
1.46882334E+00 1.24070431536061981E-01 5.83795575271723395E-04 -5.22224722107724262E-02 8.12389573072156329E-05 9.89463966613159872E-05
1.48456175E+00 1.24059415319019234E-01 5.86589489365482481E-04 -5.27050446175952106E-02 8.16124164216279106E-05 1.00069383743115579E-04
1.50030935E+00 1.24048331329607617E-01 5.89426257075262652E-04 -5.31665038134805021E-02 8.19889195589542389E-05 1.01212645789505834E-04
1.51606584E+00 1.24037178847749091E-01 5.92306192400725252E-04 -5.36062053685971221E-02 8.23684845473411019E-05 1.02376457294584819E-04
1.53183088E+00 1.24025957149152974E-01 5.95229606517882863E-04 -5.40235203993695776E-02 8.27511289326708221E-05 1.03561097064604841E-04
1.54760415E+00 1.24014665504962901E-01 5.98196807651965004E-04 -5.44178368147206840E-02 8.31368699006571890E-05 1.04766848419625834E-04
1.56338531E+00 1.24003303181348043E-01 6.01208100957275953E-04 -5.47885605488983088E-02 8.35257240482250191E-05 1.05993999177401475E-04
1.57917402E+00 1.23991869439104396E-01 6.04263788404404002E-04 -5.51351167724995969E-02 8.39177069965262539E-05 1.07242841393126410E-04
1.59496996E+00 1.23980363533232080E-01 6.07364168675230136E-04 -5.54569510796017531E-02 8.43128328952560485E-05 1.08513670916669358E-04
1.61077277E+00 1.23968784712518570E-01 6.10509537066067582E-04 -5.57535306442540415E-02 8.47111139266742833E-05 1.09806786924917317E-04
1.62658212E+00 1.23957132219111477E-01 6.13700185399357334E-04 -5.60243453409067643E-02 8.51125599516898277E-05 1.11122491648439961E-04
1.64239765E+00 1.23945405288089838E-01 6.16936401944490282E-04 -5.62689088238021509E-02 8.55171784417853292E-05 1.12461090521245169E-04
1.65821902E+00 1.23933603147042118E-01 6.20218471348085308E-04 -5.64867595605179768E-02 8.59249748255012854E-05 1.13822892963253385E-04
1.67404589E+00 1.23921725015604889E-01 6.23546674574365547E-04 -5.66774618106171274E-02 8.63359533643295852E-05 1.15208213991844290E-04
1.68987792E+00 1.23909770104983996E-01 6.26921288856101375E-04 -5.68406065471049604E-02 8.67501186600700455E-05 1.16617376861029442E-04
1.70571475E+00 1.23897737617406564E-01 6.30342587656752243E-04 -5.69758123083965520E-02 8.71674778497998775E-05 1.18050716895721521E-04
1.72155606E+00 1.23885626745501021E-01 6.33810840644202962E-04 -5.70827259641533552E-02 8.75880433160138098E-05 1.19508586391534242E-04
1.73740150E+00 1.23873436671556258E-01 6.37326313676661268E-04 -5.71610233217613103E-02 8.80118350114755674E-05 1.20991359380644893E-04
1.75325073E+00 1.23861166566679448E-01 6.40889268801595412E-04 -5.72104091140771612E-02 8.84388804390714035E-05 1.22499433407883944E-04
1.76910343E+00 1.23848815589861619E-01 6.44499964269268258E-04 -5.72306096782837642E-02 8.88692110870591606E-05 1.24033226471414142E-04
1.78495926E+00 1.23836382887071370E-01 6.48158654563376398E-04 -5.72215431701833463E-02 8.93028574123178959E-05 1.25593171907601667E-04
1.80081791E+00 1.23823867590448833E-01 6.51865590451434986E-04 -5.71825530874837396E-02 8.97398399558030206E-05 1.27179704585860085E-04
1.81667906E+00 1.23811268817662440E-01 6.55621019057691518E-04 -5.71140666678201653E-02 9.01801509081785930E-05 1.28793225470985671E-04
1.83254240E+00 1.23798585671935676E-01 6.59425183968152611E-04 -5.70155638525947500E-02 9.06237534626908828E-05 1.30434095716009573E-04
1.84840744E+00 1.23785817385603306E-01 6.63278281935488195E-04 -5.68870500513412661E-02 9.10706008797216378E-05 1.32102659391797393E-04
1.86427391E+00 1.23772963026230781E-01 6.67180551189505027E-04 -5.67284445771809517E-02 9.15206633253230864E-05 1.33799310766702584E-04
1.88014156E+00 1.23760021626168268E-01 6.71132232993431471E-04 -5.65397069024513171E-02 9.19739339107876881E-05 1.35524494985400119E-04
1.89601014E+00 1.23746992198542544E-01 6.75133566614992625E-04 -5.63208286163240715E-02 9.24304474214047024E-05 1.37278737777812268E-04
1.91187943E+00 1.23733873735069000E-01 6.79184789531261869E-04 -5.60718331231562159E-02 9.28903313409109801E-05 1.39062734045571578E-04
1.92774921E+00 1.23720665202103328E-01 6.83286137617422412E-04 -5.57927753463005396E-02 9.33537793837603146E-05 1.40877320832682578E-04
1.94361929E+00 1.23707365536585318E-01 6.87437845346293127E-04 -5.54837414368049564E-02 9.38207475444824309E-05 1.42722985469848052E-04
1.95948946E+00 1.23693973650186029E-01 6.91640146166912976E-04 -5.51448485748476380E-02 9.42911036240564341E-05 1.44600092505159692E-04
1.97535956E+00 1.23680488432514654E-01 6.95893272896517829E-04 -5.47762442477353687E-02 9.47647639619835750E-05 1.46509096526598065E-04
1.99122943E+00 1.23666908750326571E-01 7.00197458062372163E-04 -5.43781058433469855E-02 9.52416751941439815E-05 1.48450506020793603E-04
2.00709892E+00 1.23653233451578831E-01 7.04552932423364539E-04 -5.39506402274842131E-02 9.57218304925167035E-05 1.50424915559821718E-04
2.02296763E+00 1.23639461585577592E-01 7.08959853835644006E-04 -5.34940900189897831E-02 9.62052768089207468E-05 1.52433006634561413E-04
2.03883540E+00 1.23625591988619041E-01 7.13418438413598237E-04 -5.30087219173723465E-02 9.66920939403692386E-05 1.54475555845466877E-04
2.05470207E+00 1.23611623466430495E-01 7.17928902327629338E-04 -5.24948299138050939E-02 9.71824631256289575E-05 1.56553533620320027E-04
2.07056751E+00 1.23597554789215511E-01 7.22491462159548497E-04 -5.19527345617735170E-02 9.76767833788341912E-05 1.58668312796550590E-04
2.08643161E+00 1.23583384681881917E-01 7.27106335170489928E-04 -5.13827819027433061E-02 9.81746745954380353E-05 1.60820009158270816E-04
2.10229427E+00 1.23569111843908022E-01 7.31773740227242256E-04 -5.07853419889362154E-02 9.86758932122398216E-05 1.63008972294926668E-04
2.11815541E+00 1.23554734951410325E-01 7.36493898405562574E-04 -5.01608106927807773E-02 9.91803792115282903E-05 1.65235867965279171E-04
2.13401497E+00 1.23540252651495958E-01 7.41267033453987291E-04 -4.95096055352029288E-02 9.96881592326891934E-05 1.67501520069183839E-04
2.14987289E+00 1.23525663556862411E-01 7.46093372281610569E-04 -4.88321659845892958E-02 1.00199277114479429E-04 1.69806814125370356E-04
2.16572916E+00 1.23510966242469211E-01 7.50973145511607478E-04 -4.81289523887719062E-02 1.00713822822604847E-04 1.72152757855363522E-04
2.18158378E+00 1.23496159241853698E-01 7.55906588048539316E-04 -4.74004446725452624E-02 1.01232052014236216E-04 1.74540679629143239E-04
2.19743674E+00 1.23481241038984876E-01 7.60893939564852252E-04 -4.66471411236769121E-02 1.01753958549934495E-04 1.76971535742935987E-04
2.21328810E+00 1.23466210073121377E-01 7.65935445297020643E-04 -4.58695570642354972E-02 1.02279335385384532E-04 1.79445987769019601E-04
2.22913791E+00 1.23451064746572914E-01 7.71031356949267058E-04 -4.50682247955486309E-02 1.02808105419135371E-04 1.81964942499728688E-04
2.24498624E+00 1.23435803422020846E-01 7.76181933395918310E-04 -4.42436542862779114E-02 1.03340272875609461E-04 1.84529481304494477E-04
2.26083320E+00 1.23420424417830965E-01 7.81387441358535580E-04 -4.33965296473298040E-02 1.03875989404911886E-04 1.87140959390514461E-04
2.27667890E+00 1.23404926000031750E-01 7.86648156025705520E-04 -4.25272814100665780E-02 1.04415654891064632E-04 1.89801167048527647E-04
2.29252348E+00 1.23389306368904758E-01 7.91964361555072809E-04 -4.16365655933325640E-02 1.04959125858118126E-04 1.92511110609132449E-04
2.30836712E+00 1.23373563673135914E-01 7.97336352220043873E-04 -4.07249683493067505E-02 1.05505999404071070E-04 1.95271451908470613E-04
2.32421000E+00 1.23357696023566402E-01 8.02764433592305371E-04 -3.97930963057957637E-02 1.06056038140938083E-04 1.98083143210778381E-04
2.34005232E+00 1.23341701491358438E-01 8.08248923394800311E-04 -3.88415650694593981E-02 1.06609493730615184E-04 2.00947881490757217E-04
2.35589433E+00 1.23325578087809390E-01 8.13790151942198189E-04 -3.78709981697475384E-02 1.07168147006315068E-04 2.03869517056294965E-04
2.37173626E+00 1.23309323695204601E-01 8.19388461414581994E-04 -3.68820262687396677E-02 1.07730692381761449E-04 2.06847653359852894E-04
2.38757841E+00 1.23292936162747654E-01 8.25044209019994710E-04 -3.58752847118178411E-02 1.08296800947202057E-04 2.09883081360571230E-04
2.40342106E+00 1.23276405187538435E-01 8.30757431529728619E-04 -3.48466225580843156E-02 1.08866105896688104E-04 2.12976983211325590E-04
2.41926455E+00 1.23259733442640657E-01 8.36528724141771514E-04 -3.38066930595353476E-02 1.09440004106422433E-04 2.16132748208688348E-04
2.43510921E+00 1.23242920402848496E-01 8.42358570645456968E-04 -3.27509541106314958E-02 1.10018630218260556E-04 2.19352095651517275E-04
2.45095543E+00 1.23225964229430898E-01 8.48247422036237445E-04 -3.16800153077774552E-02 1.10601333273990891E-04 2.22635660688750696E-04
2.46680169E+00 1.23208864672612564E-01 8.54195021164808163E-04 -3.05946581564152421E-02 1.11187715924221698E-04 2.25984377630406475E-04
2.48264828E+00 1.23191619444941669E-01 8.60201766538667067E-04 -2.94955502056250506E-02 1.11777968953034288E-04 2.29400147221337408E-04
2.49849557E+00 1.23174226070739745E-01 8.66268099340236890E-04 -2.83833534463546443E-02 1.12372203349172476E-04 2.32884833839205543E-04
2.51434396E+00 1.23156681980181829E-01 8.72394481537271940E-04 -2.72587279286319213E-02 1.12970373948082431E-04 2.36440070252150674E-04
2.53019385E+00 1.23138984524329989E-01 8.78581397719436076E-04 -2.61223318478545664E-02 1.13572337550893788E-04 2.40067442777942814E-04
2.54604568E+00 1.23121130982958307E-01 8.84829356587771634E-04 -2.49748212971608492E-02 1.14178021379980906E-04 2.43768734960857068E-04
2.56189992E+00 1.23103118561738806E-01 8.91138892088578550E-04 -2.38168499478715358E-02 1.14787383947863910E-04 2.47545875821818934E-04
2.57775704E+00 1.23084944387998649E-01 8.97510564524006877E-04 -2.26490684508891121E-02 1.15400629457588889E-04 2.51400981408948234E-04
2.59361753E+00 1.23066605500884663E-01 9.03944961577900262E-04 -2.14721239440604124E-02 1.16017825224707128E-04 2.55336174131612229E-04
2.60948193E+00 1.23048098849665749E-01 9.10442699558087804E-04 -2.02866595654607601E-02 1.16638944387023732E-04 2.59353663823056184E-04
2.62535076E+00 1.23029421291452404E-01 9.17004424624991870E-04 -1.90933141935346398E-02 1.17264418436675806E-04 2.63456201193612463E-04
2.64122458E+00 1.23010569569061798E-01 9.23630813527751286E-04 -1.78927224597153975E-02 1.17895238450313391E-04 2.67646918293727156E-04
2.65710397E+00 1.22991540282316125E-01 9.30322574168002451E-04 -1.66855143985078155E-02 1.18532053033924375E-04 2.71929197184749829E-04
2.67298879E+00 1.22972330765467805E-01 9.37080131306178136E-04 -1.54723717174945260E-02 1.19174873366403348E-04 2.76304866035502537E-04
2.68887768E+00 1.22952939770404931E-01 9.43903403509302854E-04 -1.42540633532760967E-02 1.19822424625897153E-04 2.80774077600188284E-04
2.70477124E+00 1.22933363715822794E-01 9.50793152408297045E-04 -1.30312063576089598E-02 1.20474359845992927E-04 2.85338908685893997E-04
2.72067007E+00 1.22913598952487213E-01 9.57750178043657559E-04 -1.18044122352983435E-02 1.21130284655746742E-04 2.90001633022908632E-04
2.73657480E+00 1.22893641752382390E-01 9.64775320076130603E-04 -1.05742856273570909E-02 1.21790371142327196E-04 2.94764622703291585E-04
2.75248606E+00 1.22873488299212325E-01 9.71869459291372609E-04 -9.34142406984459113E-03 1.22454161286708385E-04 2.99630265952142906E-04
2.76840452E+00 1.22853134692436999E-01 9.79033519262440801E-04 -8.10641824910822949E-03 1.23121185818733463E-04 3.04601169099980322E-04
2.78433085E+00 1.22832576945581473E-01 9.86268467777818214E-04 -6.86985219592533506E-03 1.23791149906699543E-04 3.09680167808177133E-04
2.80026574E+00 1.22811810980916467E-01 9.93575318181601740E-04 -5.63230324804408870E-03 1.24464475334672793E-04 3.14870488968590199E-04
2.81620989E+00 1.22790832613207668E-01 1.00095513052712946E-03 -4.39434222773996998E-03 1.25141008070802219E-04 3.20175630828376315E-04
2.83216403E+00 1.22769637538195045E-01 1.00840901269319853E-03 -3.15653328573920096E-03 1.25821150306934786E-04 3.25599762222103127E-04
2.84812856E+00 1.22748221729127083E-01 1.01593797151105624E-03 -1.91945894502698242E-03 1.26506642292167123E-04 3.31149345808582545E-04
2.86410139E+00 1.22726584364456645E-01 1.02354184580052141E-03 -6.83892577407268988E-04 1.27200478271850484E-04 3.36832571798833234E-04
2.88008324E+00 1.22704720486202346E-01 1.03122182852158654E-03 5.49615420389122536E-04 1.27900453344159974E-04 3.42649402856332757E-04
2.89607488E+00 1.22682625069240700E-01 1.03897916871169434E-03 1.78053494474583176E-03 1.28605685493829322E-04 3.48602846896443701E-04
2.91207705E+00 1.22660293020257896E-01 1.04681517332896683E-03 3.00833963407154100E-03 1.29315283910462784E-04 3.54696414763960800E-04
2.92809054E+00 1.22637719165410844E-01 1.05473120847035594E-03 4.23250987047295649E-03 1.30028962013093368E-04 3.60934298073412182E-04
2.94411612E+00 1.22614898229523192E-01 1.06272870043384979E-03 5.45253088074755358E-03 1.30747345137745220E-04 3.67321554562547782E-04
2.96015459E+00 1.22591824809661271E-01 1.07080913677237862E-03 6.66789050987464695E-03 1.31470699349239692E-04 3.73863543520560693E-04
2.97620675E+00 1.22568493360145525E-01 1.07897406738983797E-03 7.87808426126285211E-03 1.32198178699132434E-04 3.80565638941146708E-04
2.99227340E+00 1.22544898185153336E-01 1.08722510523657188E-03 9.08262157125315321E-03 1.32929615433157372E-04 3.87434584983188440E-04
3.00835526E+00 1.22521033587587244E-01 1.09556386142897061E-03 1.02810054235854074E-02 1.33665568392792944E-04 3.94478873725651697E-04
3.02444979E+00 1.22496898479435026E-01 1.10399031407801751E-03 1.14725042570132246E-02 1.34407152110922967E-04 4.01706688630508403E-04
3.04055784E+00 1.22472486569026831E-01 1.11250620489228443E-03 1.26566422928537613E-02 1.35155328203131803E-04 4.09126104232021667E-04
3.05668024E+00 1.22447791240369627E-01 1.12111333672228934E-03 1.38329511650556181E-02 1.35910380530642795E-04 4.16742763080558596E-04
3.07281784E+00 1.22422805646638572E-01 1.12981358156960228E-03 1.50009697643910776E-02 1.36673646285504765E-04 4.24567879103667889E-04
3.08897149E+00 1.22397522550548060E-01 1.13860887476178703E-03 1.61602395867025128E-02 1.37443062518553111E-04 4.32603485043295450E-04
3.10514205E+00 1.22371934606533020E-01 1.14750123043487256E-03 1.73103201253131354E-02 1.38216523538705640E-04 4.40850086278743328E-04
3.12133038E+00 1.22346034524740951E-01 1.15649275193881055E-03 1.84507751154407915E-02 1.38994609835139910E-04 4.49315133462489314E-04
3.13753735E+00 1.22319814898798188E-01 1.16558562552291039E-03 1.95811633253597100E-02 1.39776855597568067E-04 4.58006533781930554E-04
3.15376383E+00 1.22293268123792306E-01 1.17478211725432829E-03 2.07010537822986951E-02 1.40563496366928587E-04 4.66933960600309200E-04
3.17000869E+00 1.22266389637204931E-01 1.18408342407274421E-03 2.18098810774496957E-02 1.41355108354533832E-04 4.76107173406939118E-04
3.18627115E+00 1.22239174114747454E-01 1.19349096958207648E-03 2.29071125772284910E-02 1.42152377181417329E-04 4.85536410805093347E-04
3.20255211E+00 1.22211613146828352E-01 1.20300719117332464E-03 2.39923368320231895E-02 1.42956070043956493E-04 4.95233185232753486E-04
3.21885247E+00 1.22183697936477292E-01 1.21263460026901893E-03 2.50651460502941473E-02 1.43766697858415483E-04 5.05208671585745937E-04
3.23517312E+00 1.22155419314614461E-01 1.22237578566221339E-03 2.61251371754307321E-02 1.44583848285891747E-04 5.15471115342075827E-04
3.25151496E+00 1.22126767832963279E-01 1.23223342193749005E-03 2.71719156327958830E-02 1.45406441265069592E-04 5.26025519957243229E-04
3.26787888E+00 1.22097733883500134E-01 1.24221027973621910E-03 2.82050941131684989E-02 1.46233612721107122E-04 5.36877416894982785E-04
3.28426579E+00 1.22068307718514221E-01 1.25230922898768153E-03 2.92242876193170367E-02 1.47065063462058487E-04 5.48035736743254830E-04
3.30067657E+00 1.22038479359972210E-01 1.26253323357077506E-03 3.02291112599726471E-02 1.47901317151714591E-04 5.59515112403341204E-04
3.31711078E+00 1.22008240897931136E-01 1.27288448831691116E-03 3.12190980018220640E-02 1.48743412107573688E-04 5.71333560909776132E-04
3.33356690E+00 1.21977585952989465E-01 1.28336453204428921E-03 3.21937239397940556E-02 1.49590997959605696E-04 5.83495702701596519E-04
3.35004586E+00 1.21946503443180129E-01 1.29397650149318819E-03 3.31526309576444453E-02 1.50443747319956483E-04 5.96009526397811725E-04
3.36654857E+00 1.21914982063018831E-01 1.30472362192473310E-03 3.40954647577864506E-02 1.51301480361792180E-04 6.08892114376319489E-04
3.38307596E+00 1.21883010091220212E-01 1.31560918202693338E-03 3.50218716459263571E-02 1.52163999568014242E-04 6.22159588416452665E-04
3.39962894E+00 1.21850575334441075E-01 1.32663652686930379E-03 3.59314990358040390E-02 1.53030833578572613E-04 6.35818769423543233E-04
3.41620841E+00 1.21817665270302800E-01 1.33780908693895682E-03 3.68239952993532765E-02 1.53901657314888841E-04 6.49875028087393042E-04
3.43281530E+00 1.21784267118772521E-01 1.34913039519493844E-03 3.76990096017578227E-02 1.54777902996690862E-04 6.64338676140896955E-04
3.44945049E+00 1.21750367763741887E-01 1.36060408115789883E-03 3.85561867425278509E-02 1.55658691089477535E-04 6.79218351845506927E-04
3.46611366E+00 1.21715956324908614E-01 1.37223299755540322E-03 3.93951246148336390E-02 1.56543528033798037E-04 6.94522433780829550E-04
3.48280313E+00 1.21681024486960804E-01 1.38401910283500657E-03 4.02153605965090005E-02 1.57432254357553757E-04 7.10259092540016859E-04
3.49951985E+00 1.21645558253381678E-01 1.39596622016860145E-03 4.10165704328821767E-02 1.58325702694766103E-04 7.26451425211929714E-04
3.51626472E+00 1.21609542846551150E-01 1.40807820518305208E-03 4.17984234402015639E-02 1.59223032663790946E-04 7.43101519825157338E-04
3.53303868E+00 1.21572963172400725E-01 1.42035898914717263E-03 4.25606001322498262E-02 1.60123127216407301E-04 7.60203547322040756E-04
3.54984265E+00 1.21535804218566593E-01 1.43281262305018490E-03 4.33027849488690150E-02 1.61026140899065161E-04 7.77771647158036704E-04
3.56667753E+00 1.21498050672387295E-01 1.44544323036460373E-03 4.40246573886042755E-02 1.61932203006974126E-04 7.95827586092141977E-04
3.58354422E+00 1.21459686634224115E-01 1.45825495944166780E-03 4.47259007488689450E-02 1.62841796533199962E-04 8.14399284183230814E-04
3.60044362E+00 1.21420695388282138E-01 1.47125193758315741E-03 4.54061982049610915E-02 1.63755420222868540E-04 8.33510988546845924E-04
3.61737525E+00 1.21381062617473348E-01 1.48443718592967174E-03 4.60651772054336481E-02 1.64673107998830582E-04 8.53172659611161396E-04
3.63433756E+00 1.21340776143451831E-01 1.49781283350957305E-03 4.67024309426464918E-02 1.65594651638041785E-04 8.73387263307420130E-04
3.65133148E+00 1.21299817705524560E-01 1.51138294034050416E-03 4.73176576801241852E-02 1.66520258876757350E-04 8.94171876076578064E-04
3.66835792E+00 1.21258168519539453E-01 1.52515154892056415E-03 4.79105553426073319E-02 1.67450832771005750E-04 9.15577290225550833E-04
3.68541779E+00 1.21215808583953130E-01 1.53912247553790156E-03 4.84808269859656471E-02 1.68387104446455729E-04 9.37654889847670380E-04
3.70251201E+00 1.21172716390037100E-01 1.55329919273409708E-03 4.90281791963352517E-02 1.69328181473166032E-04 9.60378924499517210E-04
3.71964145E+00 1.21128870264278557E-01 1.56768519565108786E-03 4.95523114745122506E-02 1.70273523213089364E-04 9.83721557450470884E-04
3.73680702E+00 1.21084248795670271E-01 1.58228415089137859E-03 5.00529198211653592E-02 1.71223055740352489E-04 1.00767361888769755E-03
3.75395287E+00 1.21038981694519196E-01 1.59705070127737865E-03 5.05280870607976232E-02 1.72173401318483321E-04 1.03214857992927635E-03
3.77107035E+00 1.20993080517297361E-01 1.61197849761065648E-03 5.09775608070127464E-02 1.73123819432443790E-04 1.05712219238808546E-03
3.78816234E+00 1.20946526772467047E-01 1.62707102268588042E-03 5.14014070719542790E-02 1.74074246368934748E-04 1.08258655270607987E-03
3.80523164E+00 1.20899301852816138E-01 1.64233178593349376E-03 5.17996550811445841E-02 1.75024755754299877E-04 1.10853779759610260E-03
3.82228103E+00 1.20851386947279218E-01 1.65776432278148833E-03 5.21723223185823759E-02 1.75975663831671797E-04 1.13498064398169529E-03
3.83930285E+00 1.20802792789577312E-01 1.67336258568518705E-03 5.25191991741530764E-02 1.76926981680456915E-04 1.16191073735326974E-03
3.85628616E+00 1.20753540963255315E-01 1.68911698452058620E-03 5.28400782853693796E-02 1.77878607539216574E-04 1.18931288387188572E-03
3.87323405E+00 1.20703613258616366E-01 1.70503055689428065E-03 5.31350875899194303E-02 1.78830961677686940E-04 1.21717884346761972E-03
3.89014955E+00 1.20652991324832204E-01 1.72110633886751068E-03 5.34043251264162064E-02 1.79784254188574674E-04 1.24549754424116248E-03
3.90703561E+00 1.20601656838220314E-01 1.73734740436238167E-03 5.36478731596507219E-02 1.80739416867211857E-04 1.27431341369972726E-03
3.92389519E+00 1.20549590529025932E-01 1.75375653786876470E-03 5.38658120589519465E-02 1.81698990692086304E-04 1.30377928924388657E-03
3.94073121E+00 1.20496769754074098E-01 1.77033539083647500E-03 5.40582313278444859E-02 1.82662816032493416E-04 1.33387487433651256E-03
3.95754661E+00 1.20443171016772155E-01 1.78708526378125150E-03 5.42251930911325994E-02 1.83629992086932963E-04 1.36451669518423643E-03
3.97434429E+00 1.20388771807415848E-01 1.80400782096908508E-03 5.43667451659762893E-02 1.84601374177450746E-04 1.39572303195327377E-03
3.99112719E+00 1.20333549135740570E-01 1.82110474355018500E-03 5.44829422434379984E-02 1.85577673732887353E-04 1.42749501691533131E-03
4.00789823E+00 1.20277479374484270E-01 1.83837764966822827E-03 5.45738267847842642E-02 1.86558451139879413E-04 1.45975775035269957E-03
4.02466033E+00 1.20220539627537981E-01 1.85582840189443756E-03 5.46394136268108649E-02 1.87542694677120719E-04 1.49241464054037385E-03
4.04139516E+00 1.20162782571948595E-01 1.87343681807528072E-03 5.46795947966526794E-02 1.88528083741573851E-04 1.52533731675088039E-03
4.05810125E+00 1.20104207418987780E-01 1.89120023338291651E-03 5.46888511827604007E-02 1.89513466580360569E-04 1.55844490158124475E-03
4.07478154E+00 1.20044799805721372E-01 1.90912083429458593E-03 5.46941142608586492E-02 1.90498582081248400E-04 1.59168811655871836E-03
4.09143900E+00 1.19984546035443576E-01 1.92720096848844049E-03 5.46472927768349923E-02 1.91484852593543656E-04 1.62506267199739938E-03
4.10807664E+00 1.19923432285262310E-01 1.94544282851687352E-03 5.45904527656150690E-02 1.92475255924975767E-04 1.65864597228137112E-03
4.12469752E+00 1.19861443126013462E-01 1.96384789279298744E-03 5.45059989188912200E-02 1.93473327878606260E-04 1.69264339019367747E-03
4.14130473E+00 1.19798558414710987E-01 1.98241588244926683E-03 5.43973288050125930E-02 1.94478551479604350E-04 1.72713031406367731E-03
4.15790141E+00 1.19734754644729255E-01 2.00114505883403548E-03 5.42643344125069704E-02 1.95491352407841165E-04 1.76192545244834996E-03
4.17449073E+00 1.19670009706724853E-01 2.02003396317450333E-03 5.41072365189207080E-02 1.96509646322699365E-04 1.79684829687714004E-03
4.19107589E+00 1.19604304530416219E-01 2.03908224603917797E-03 5.39262172042130061E-02 1.97539330680896342E-04 1.83191372942286034E-03
4.20766013E+00 1.19537620968061406E-01 2.05829030550587011E-03 5.37215056808713412E-02 1.98574910639199111E-04 1.86711388067231448E-03
4.22424671E+00 1.19469939871233582E-01 2.07765831504925190E-03 5.34933025597974718E-02 1.99620535520806183E-04 1.90267688371438190E-03
4.24082189E+00 1.19401309135429262E-01 2.09716492028075730E-03 5.32421135011176758E-02 2.00678997127100458E-04 1.93870589820049877E-03
4.25728654E+00 1.19332140814352117E-01 2.11668567013555825E-03 5.29699124744309677E-02 2.01741933369502257E-04 1.97493879232261971E-03
4.27364763E+00 1.19262415320306778E-01 2.13622014488656486E-03 5.26775854576763264E-02 2.02806571488296338E-04 2.01128037755041438E-03
4.28991301E+00 1.19192109218354853E-01 2.15576968288143031E-03 5.23658675728899611E-02 2.03874030460037806E-04 2.04767080972911592E-03
4.30609030E+00 1.19121200014394302E-01 2.17533595020085206E-03 5.20354750897244547E-02 2.04944051239840938E-04 2.08420439447174009E-03
4.32212180E+00 1.19049956960367243E-01 2.19484051758093860E-03 5.16885246303519230E-02 2.06016140271265117E-04 2.12099637864581825E-03
4.33801389E+00 1.18978358690227340E-01 2.21427855598208250E-03 5.13256479589356759E-02 2.07091370189833472E-04 2.15789136351227529E-03
4.35377388E+00 1.18906394866216736E-01 2.23364912863428756E-03 5.09487606333954846E-02 2.08161142667788392E-04 2.19446270843483672E-03
4.36940996E+00 1.18834050759395654E-01 2.25295369844921581E-03 5.05584214687426897E-02 2.09224105733870459E-04 2.23048815975944751E-03
4.38493126E+00 1.18761308705722449E-01 2.27219618394006650E-03 5.01555659418932848E-02 2.10281715767914734E-04 2.26585472241263523E-03
4.40034788E+00 1.18688146547184140E-01 2.29138249244530872E-03 4.97411240607351438E-02 2.11332836247252382E-04 2.30049987962863958E-03
4.41567087E+00 1.18614536415791436E-01 2.31052014335202810E-03 4.93160284184247580E-02 2.12382562100826090E-04 2.33452234216725970E-03
4.43091224E+00 1.18540442321177664E-01 2.32961754688289268E-03 4.88812147946307007E-02 2.13438526188908077E-04 2.36814414374859287E-03
4.44608494E+00 1.18465817751198105E-01 2.34868326838549857E-03 4.84376205990774134E-02 2.14500086513981725E-04 2.40145900984903857E-03
4.46120280E+00 1.18390606478752949E-01 2.36772605907421439E-03 4.79861596116814976E-02 2.15562308182600811E-04 2.43435747498773301E-03
4.47628053E+00 1.18314746085005792E-01 2.38675608576388283E-03 4.75277072560124636E-02 2.16622360306543092E-04 2.46677887237093871E-03
4.49127431E+00 1.18238473991614967E-01 2.40571031920610353E-03 4.70649427279113478E-02 2.17679201320638627E-04 2.49870570432392421E-03
4.50618670E+00 1.18161796852223361E-01 2.42458424459721794E-03 4.65993109550863899E-02 2.18737287901814710E-04 2.53029373182671585E-03
4.52102453E+00 1.18084696390498275E-01 2.44337858224923663E-03 4.61321310961876271E-02 2.19797859282548744E-04 2.56167058672573901E-03
4.53579398E+00 1.18007155280175524E-01 2.46209311382792695E-03 4.56648055264307004E-02 2.20859174592928284E-04 2.59279714356107577E-03
4.55049384E+00 1.17929194897555337E-01 2.48071836311880090E-03 4.51989451356220179E-02 2.21922536279911558E-04 2.62367221726341393E-03
4.56509199E+00 1.17851004730251813E-01 2.49920595472872924E-03 4.47371773666332059E-02 2.22984656397590109E-04 2.65422856516692434E-03
4.57959808E+00 1.17772553135481073E-01 2.51756034163333519E-03 4.42808382487786187E-02 2.24045457460823536E-04 2.68452349856124249E-03
4.59402082E+00 1.17693810481845004E-01 2.53578450709574226E-03 4.38312762359145403E-02 2.25105357283129345E-04 2.71453586083516066E-03
4.60836809E+00 1.17614749965065671E-01 2.55388043841973944E-03 4.33898526151506106E-02 2.26164561963165426E-04 2.74420902725598529E-03
4.62264706E+00 1.17535347827094072E-01 2.57184939355506849E-03 4.29579382979462174E-02 2.27223859564212914E-04 2.77352979441956296E-03
4.63686433E+00 1.17455582524187210E-01 2.58969190295997576E-03 4.25369221856584170E-02 2.28283059494917832E-04 2.80247480101523949E-03
4.65102595E+00 1.17375434243355448E-01 2.60740795819671333E-03 4.21281839270179412E-02 2.29347405910360362E-04 2.83116035555081719E-03
4.66513756E+00 1.17294883233723765E-01 2.62499707215849707E-03 4.17331084652386788E-02 2.30412662886983358E-04 2.85952550292627172E-03
4.67920443E+00 1.17213910661084053E-01 2.64245850764170502E-03 4.13531478160791693E-02 2.31475490062816447E-04 2.88741734861896332E-03
4.69323154E+00 1.17132499284032410E-01 2.65979151270019686E-03 4.09897063204020182E-02 2.32537360060997944E-04 2.91488053619251347E-03
4.70722364E+00 1.17050631776098632E-01 2.67699522720025746E-03 4.06441310038786058E-02 2.33601954608121312E-04 2.94194315846851720E-03
4.72118526E+00 1.16968290063608218E-01 2.69406869295037111E-03 4.03177183489082380E-02 2.34666543595378989E-04 2.96858895661163266E-03
4.73512080E+00 1.16885456150594563E-01 2.71101096716584332E-03 4.00117204503087701E-02 2.35729397053292188E-04 2.99483712449464656E-03
4.74903450E+00 1.16802112534086289E-01 2.72782116930307206E-03 3.97273369762237358E-02 2.36790544334730110E-04 3.02071850356274785E-03
4.76293051E+00 1.16718242258555122E-01 2.74449852283036380E-03 3.94657022528540624E-02 2.37850994609844661E-04 3.04624457258948064E-03
4.77681286E+00 1.16633828842197002E-01 2.76104245840434271E-03 3.92278762928699454E-02 2.38911761807022267E-04 3.07140253950683806E-03
4.79068551E+00 1.16548856193193245E-01 2.77745268960529184E-03 3.90148411625226010E-02 2.39973919202370972E-04 3.09617353634095930E-03
4.80455233E+00 1.16463308452390404E-01 2.79372916570110085E-03 3.88274992592072127E-02 2.41037455776123375E-04 3.12053518089641267E-03
4.81841710E+00 1.16377169866286975E-01 2.80987194695271484E-03 3.86666718593647041E-02 2.42101175644290038E-04 3.14446998091418798E-03
4.83228355E+00 1.16290424644559062E-01 2.82588108682972020E-03 3.85330958657391642E-02 2.43164452856156415E-04 3.16797277025452403E-03
4.84615531E+00 1.16203056737238269E-01 2.84175653474984724E-03 3.84274233331646647E-02 2.44228381773385183E-04 3.19105160925613586E-03
4.86003597E+00 1.16115049542955956E-01 2.85749806140592156E-03 3.83502323550056895E-02 2.45294112798738516E-04 3.21371146463004381E-03
4.87392907E+00 1.16026385808484414E-01 2.87310522624869592E-03 3.83020726294622180E-02 2.46361488480195212E-04 3.23594131556061452E-03
4.88783808E+00 1.15937047755675843E-01 2.88857738091333367E-03 3.82955845923024091E-02 2.47431487021030488E-04 3.25773517926687597E-03
4.90176646E+00 1.15847016987493737E-01 2.90391366227935217E-03 3.82888606166799650E-02 2.48506021486221828E-04 3.27908683677819932E-03
4.91571767E+00 1.15756274374593265E-01 2.91911298063491937E-03 3.83014214128486463E-02 2.49585934358417490E-04 3.29998439290166753E-03
4.92969517E+00 1.15664800049434954E-01 2.93417402109996932E-03 3.84234797695592323E-02 2.50669979739222228E-04 3.32041363069776304E-03
4.94370244E+00 1.15572573469637230E-01 2.94909526373805754E-03 3.84957171531169692E-02 2.51756694334853020E-04 3.34036957279227427E-03
4.95774305E+00 1.15479573406665939E-01 2.96387501068176053E-03 3.86298803395354468E-02 2.52845440821384410E-04 3.35986170058526169E-03
4.97182063E+00 1.15385777969356437E-01 2.97851144354198405E-03 3.87866281818789529E-02 2.53935714883185635E-04 3.37890910447444888E-03
4.98593892E+00 1.15291164852043757E-01 2.99300273070941987E-03 3.89739635782845317E-02 2.55027010081208773E-04 3.39753668928796312E-03
5.00010180E+00 1.15195711555917846E-01 3.00734713748645414E-03 3.91899291800153413E-02 2.56120847869460982E-04 3.41578182162939831E-03
5.01431330E+00 1.15099395165230864E-01 3.02154307407569460E-03 3.94344524656738485E-02 2.57217800236892173E-04 3.43366992300614838E-03
5.02857763E+00 1.15002192140520640E-01 3.03558915698876920E-03 3.97070777428988123E-02 2.58317898930295151E-04 3.45121249737284294E-03
5.04289920E+00 1.14904078097948822E-01 3.04948428013831823E-03 4.00073543692241185E-02 2.59418592719586169E-04 3.46840056123272084E-03
5.05728264E+00 1.14805027786279407E-01 3.06322770903891609E-03 4.03348042205970772E-02 2.60517739481486718E-04 3.48522457069931494E-03
5.07173280E+00 1.14705014872479902E-01 3.07681913649457623E-03 4.06889297313968792E-02 2.61614414299573617E-04 3.50168125667459952E-03
5.08625477E+00 1.14604011601490252E-01 3.09025871666447800E-03 4.10692171627832919E-02 2.62707520009128901E-04 3.51776279093358579E-03
5.10085388E+00 1.14501988597458720E-01 3.10354715313579561E-03 4.14751444155028459E-02 2.63797327376176429E-04 3.53345383989005267E-03
5.11553573E+00 1.14398914714072611E-01 3.11668584840446225E-03 4.19061910432214149E-02 2.64884266284349558E-04 3.54872747960058603E-03
5.13028108E+00 1.14294933779346589E-01 3.12965516564231612E-03 4.23611025492088011E-02 2.65969146354802857E-04 3.56355514941749090E-03
5.14504186E+00 1.14190396292134344E-01 3.14241284246439623E-03 4.28375618966375174E-02 2.67049555222522252E-04 3.57789175584785580E-03
5.15982551E+00 1.14085262491939121E-01 3.15496728011876700E-03 4.33347576516200442E-02 2.68123897623498257E-04 3.59172843583194148E-03
5.17463927E+00 1.13979493035151369E-01 3.16732724982108586E-03 4.38519840488945656E-02 2.69189644942286778E-04 3.60506061588441009E-03
5.18948914E+00 1.13873056507675013E-01 3.17950099684108194E-03 4.43885891415794001E-02 2.70247488908362460E-04 3.61793834380847064E-03
5.20437836E+00 1.13765939703745503E-01 3.19149494039759184E-03 4.49438820609058889E-02 2.71296349404282172E-04 3.63039958224660019E-03
5.21931312E+00 1.13658106591017563E-01 3.20331826782377068E-03 4.55173226429863437E-02 2.72340102751553127E-04 3.64248934762085056E-03
5.23425417E+00 1.13549848450163485E-01 3.21494516749651089E-03 4.61066741715146708E-02 2.73373939288980294E-04 3.65419340724542274E-03
5.24917812E+00 1.13441343640602918E-01 3.22636450232584087E-03 4.67101719005002872E-02 2.74398887292192381E-04 3.66551512975863813E-03
5.26409099E+00 1.13332557028682654E-01 3.23758881017242959E-03 4.73272044029378197E-02 2.75415565982122976E-04 3.67648326796457883E-03
5.27899847E+00 1.13223454013525696E-01 3.24863053762740545E-03 4.79572664036324314E-02 2.76425879121557517E-04 3.68716648729328035E-03
5.29390595E+00 1.13114000205268017E-01 3.25950188311736758E-03 4.85999263311651525E-02 2.77432107518584025E-04 3.69764438079023781E-03
5.30881853E+00 1.13004161264195546E-01 3.27021466108307112E-03 4.92548128787496306E-02 2.78432563531912710E-04 3.70794347022608680E-03
5.32374102E+00 1.12893903797003564E-01 3.28078042110441573E-03 4.99216192916239546E-02 2.79427652655183701E-04 3.71810235107173336E-03
5.33867797E+00 1.12783195559136476E-01 3.29121039443016966E-03 5.06000861700107371E-02 2.80421074891162435E-04 3.72818283061717966E-03
5.35363368E+00 1.12672005016118723E-01 3.30151528487822744E-03 5.12899913843645472E-02 2.81411007995689959E-04 3.73821129269999008E-03
5.36861220E+00 1.12560301837186003E-01 3.31170526170187097E-03 5.19911518975189543E-02 2.82397215092457232E-04 3.74818369326717846E-03
5.38361736E+00 1.12448057368004700E-01 3.32179009746723418E-03 5.27034237997495228E-02 2.83376808881327430E-04 3.75805653681487647E-03
5.39865275E+00 1.12335245525959124E-01 3.33177937678045622E-03 5.34266964403614444E-02 2.84351175930999927E-04 3.76785008852214111E-03
5.41372176E+00 1.12221842272159991E-01 3.34168228199857630E-03 5.41608702847916484E-02 2.85324647146139839E-04 3.77761948584638208E-03
5.42882757E+00 1.12107825021412214E-01 3.35150735448160736E-03 5.49058665183322012E-02 2.86295445776367421E-04 3.78738094212542620E-03
5.44397314E+00 1.11993173079425593E-01 3.36126250982812531E-03 5.56616295055425633E-02 2.87262605590334703E-04 3.79711385687325547E-03
5.45916125E+00 1.11877868152975915E-01 3.37095523508960286E-03 5.64281144742792493E-02 2.88224455871792799E-04 3.80680034796638698E-03
5.47439447E+00 1.11761894472711065E-01 3.38059264155079467E-03 5.72052854837349078E-02 2.89179520635368290E-04 3.81641972937504749E-03
5.48967520E+00 1.11645238719196307E-01 3.39018149062110183E-03 5.79930955835004022E-02 2.90126068195231614E-04 3.82589497829228338E-03
5.50500565E+00 1.11527890061711585E-01 3.39972852601911832E-03 5.87914815920640363E-02 2.91063808958805801E-04 3.83517998338282805E-03
5.52038786E+00 1.11409839230435612E-01 3.40924047127382900E-03 5.96003391939986318E-02 2.91999000694081437E-04 3.84431001084697965E-03
5.53581575E+00 1.11291138430482842E-01 3.41871889977769404E-03 6.04191257941493476E-02 2.92931308226736795E-04 3.85327788951025062E-03
5.55124684E+00 1.11172119886770615E-01 3.42814322312155967E-03 6.12455732402285083E-02 2.93851815386805739E-04 3.86202757448270368E-03
5.56668243E+00 1.11052781539806980E-01 3.43752006874085102E-03 6.20796790029584586E-02 2.94762001951372448E-04 3.87059140070965518E-03
5.58212380E+00 1.10933121317620093E-01 3.44685594315368229E-03 6.29211937244317093E-02 2.95663631923310112E-04 3.87901566895489493E-03
5.59757223E+00 1.10813136158745468E-01 3.45615700609469339E-03 6.37700695753897068E-02 2.96554782232860226E-04 3.88733412063271963E-03
5.61302895E+00 1.10692821502495667E-01 3.46542901639973694E-03 6.46262025904742327E-02 2.97435706752148315E-04 3.89561651834500035E-03
5.62849518E+00 1.10572172572214619E-01 3.47467754066487248E-03 6.54893541872620388E-02 2.98314271852834396E-04 3.90404205278738810E-03
5.64396377E+00 1.10451247482147241E-01 3.48390259483462869E-03 6.63587849992747919E-02 2.99195155022777639E-04 3.91267329786545211E-03
5.65943413E+00 1.10330051602495052E-01 3.49310755350893320E-03 6.72341854623383361E-02 3.00072703494114711E-04 3.92149542946242189E-03
5.67490754E+00 1.10208574218348399E-01 3.50229657623941015E-03 6.81153214295461135E-02 3.00945316789445749E-04 3.93055520305767968E-03
5.69038523E+00 1.10086803311523054E-01 3.51147334953379750E-03 6.90019049219719460E-02 3.01811495908364585E-04 3.93980646433183656E-03
5.70586841E+00 1.09964726468112658E-01 3.52064156180575700E-03 6.98936368885468978E-02 3.02672161952678459E-04 3.94926238815962449E-03
5.72135820E+00 1.09842326914704136E-01 3.52980374158273899E-03 7.07902610299429580E-02 3.03524891385300916E-04 3.95894259101342485E-03
5.73685565E+00 1.09719588143915359E-01 3.53896244154186393E-03 7.16914830552478344E-02 3.04370264390100729E-04 3.96890997651211559E-03
5.75236170E+00 1.09596494831407307E-01 3.54812027126041743E-03 7.25969698696711241E-02 3.05213145659481960E-04 3.97923115888005555E-03
5.76787719E+00 1.09473031702441853E-01 3.55727936435058616E-03 7.35063676242369846E-02 3.06057812229308917E-04 3.98996201847054161E-03
5.78340287E+00 1.09349183997721658E-01 3.56644167808397358E-03 7.44193139854561064E-02 3.06899118917622728E-04 4.00101651183462290E-03
5.79893934E+00 1.09224938712161393E-01 3.57560918397321990E-03 7.53354584745565825E-02 3.07733704122805068E-04 4.01234690469105988E-03
5.81448713E+00 1.09100284487873359E-01 3.58478364078888747E-03 7.62544507846929648E-02 3.08558947320812353E-04 4.02394829988211508E-03
5.83004662E+00 1.08975211403868968E-01 3.59396640409571835E-03 7.71759239755586968E-02 3.09379179529845018E-04 4.03591191992262732E-03
5.84561812E+00 1.08849709406390521E-01 3.60315788711665971E-03 7.80994885168352360E-02 3.10198176092971883E-04 4.04826350230609502E-03
5.86120183E+00 1.08723767849216488E-01 3.61235723111780465E-03 7.90247632133946609E-02 3.11012064514992683E-04 4.06094099597858506E-03
5.87679789E+00 1.08597376060610346E-01 3.62156248124009773E-03 7.99513812750964198E-02 3.11828480867587065E-04 4.07430163633547976E-03
5.89240636E+00 1.08470520780573315E-01 3.63077038250208617E-03 8.08788971818324293E-02 3.12636265779345289E-04 4.08800631548993879E-03
5.90802727E+00 1.08343192519958803E-01 3.63997767343543369E-03 8.18070075366116034E-02 3.13435485183170479E-04 4.10195748104533880E-03
5.92366026E+00 1.08215387744918928E-01 3.64918100612046745E-03 8.27353166941419416E-02 3.14226671311734090E-04 4.11617104432284147E-03
5.93930497E+00 1.08087105112968720E-01 3.65837689100514387E-03 8.36634167501695142E-02 3.15008845720175996E-04 4.13062288610878577E-03
5.95496133E+00 1.07958342095835977E-01 3.66756167465710076E-03 8.45909419232353244E-02 3.15790134712409830E-04 4.14539386201729851E-03
5.97062526E+00 1.07829127756106258E-01 3.67672854706566380E-03 8.55173010546749629E-02 3.16564639288609002E-04 4.16040864051286669E-03
5.98629638E+00 1.07699461731350060E-01 3.68587250144469022E-03 8.64421422599634948E-02 3.17327265101591401E-04 4.17562702571071514E-03
6.00197456E+00 1.07569342478262858E-01 3.69498841427831366E-03 8.73651160071944044E-02 3.18083628715842175E-04 4.19112309520265972E-03
6.01765966E+00 1.07438768108441704E-01 3.70407064205879313E-03 8.82858723952660296E-02 3.18829518409561609E-04 4.20677967559826820E-03
6.03335149E+00 1.07307738736711317E-01 3.71311347973668666E-03 8.92040896335997285E-02 3.19554182795143168E-04 4.22243426314276773E-03
6.04904988E+00 1.07176257236707179E-01 3.72211163168122703E-03 9.01194447455307412E-02 3.20262880521234570E-04 4.23815176650551781E-03
6.06475467E+00 1.07044326177642340E-01 3.73105947853605638E-03 9.10316152813644974E-02 3.20967092704200997E-04 4.25404382267446490E-03
6.08046571E+00 1.06911946439864292E-01 3.73995092157885893E-03 9.19402856958061593E-02 3.21676713129107809E-04 4.27025214716314321E-03
6.09618287E+00 1.06779116897189968E-01 3.74877924955811055E-03 9.28451618081066049E-02 3.22387820313895087E-04 4.28667917788062239E-03
6.11190609E+00 1.06645836396430549E-01 3.75753792997801303E-03 9.37459726914125352E-02 3.23087818289127381E-04 4.30316680949530562E-03
6.12763530E+00 1.06512105730182952E-01 3.76622139822391493E-03 9.46424459101713189E-02 3.23777827340327785E-04 4.31970775665520019E-03
6.14337051E+00 1.06377925461806452E-01 3.77482442221441011E-03 9.55343267796118639E-02 3.24462195943011028E-04 4.33632224565036039E-03
6.15911171E+00 1.06243294757435408E-01 3.78334207831883219E-03 9.64213428439579107E-02 3.25145339312247236E-04 4.35304541656793102E-03
6.17485896E+00 1.06108211470815839E-01 3.79176946695823115E-03 9.73032338642134675E-02 3.25823711292858205E-04 4.36980108338489142E-03
6.19061230E+00 1.05972673695609670E-01 3.80010204731723745E-03 9.81797572438414812E-02 3.26502145114921109E-04 4.38654819894390615E-03
6.20637178E+00 1.05836678467222334E-01 3.80833551861080007E-03 9.90506870235259157E-02 3.27186394003950703E-04 4.40326877206247570E-03
6.22213744E+00 1.05700221528106694E-01 3.81646588898307661E-03 9.99158092252653146E-02 3.27882527367983039E-04 4.42002924305122131E-03
6.23790930E+00 1.05563297373741302E-01 3.82448942110532372E-03 1.00774909326189599E-01 3.28586751164911645E-04 4.43681294258809530E-03
6.25368734E+00 1.05425901722117216E-01 3.83240307666776921E-03 1.01627773064773511E-01 3.29299994182281821E-04 4.45356265937587800E-03
6.26947148E+00 1.05288032529526385E-01 3.84020473956902912E-03 1.02474177652148779E-01 3.30008515443834603E-04 4.47006234077437694E-03
6.28526161E+00 1.05149693085491158E-01 3.84789427842759362E-03 1.03313898520753414E-01 3.30705724418825422E-04 4.48624459477026810E-03
6.30105753E+00 1.05010889891131054E-01 3.85547282017109031E-03 1.04146744328503654E-01 3.31398050468544546E-04 4.50227843962950139E-03
6.31685896E+00 1.04871626852600874E-01 3.86294072429441268E-03 1.04972573918827347E-01 3.32102561120799754E-04 4.51837843597128509E-03
6.33266557E+00 1.04731900976809830E-01 3.87029648492220055E-03 1.05791255310970431E-01 3.32817532422960004E-04 4.53450495609293396E-03
6.34847693E+00 1.04591709100701438E-01 3.87753866510181025E-03 1.06602627956956728E-01 3.33536715576130522E-04 4.55056164699597053E-03
6.36429252E+00 1.04451053774537977E-01 3.88466757601435607E-03 1.07406534354671263E-01 3.34254167026939726E-04 4.56643796025433917E-03
6.38011177E+00 1.04309943707942762E-01 3.89168554725814655E-03 1.08202852153180332E-01 3.34961426936373509E-04 4.58200665632299987E-03
6.39593402E+00 1.04168392446559455E-01 3.89859653671248375E-03 1.08991473418802109E-01 3.35651583615814925E-04 4.59711803069497854E-03
6.41175855E+00 1.04026416921269987E-01 3.90540561592484523E-03 1.09772308092365309E-01 3.36336154952003336E-04 4.61186476186609476E-03
6.42758457E+00 1.03884034493927413E-01 3.91211762920237478E-03 1.10545302458021605E-01 3.37011627561176164E-04 4.62626996132868215E-03
6.44341127E+00 1.03741263084685190E-01 3.91873713066511961E-03 1.11310416522032496E-01 3.37676722372464658E-04 4.64034231133843896E-03
6.45923779E+00 1.03598120438513588E-01 3.92526836009495558E-03 1.12067634313028172E-01 3.38355492552363190E-04 4.65441188350539190E-03
6.47506322E+00 1.03454608890827249E-01 3.93171062599724855E-03 1.12817103092007945E-01 3.39036607482399641E-04 4.66832830085785969E-03
6.49088668E+00 1.03310739278495559E-01 3.93806616353520496E-03 1.13558702179649806E-01 3.39714316945288991E-04 4.68210197568501730E-03
6.50670725E+00 1.03166526900644651E-01 3.94433828084810468E-03 1.14292443501746235E-01 3.40393214217006037E-04 4.69581242410453941E-03
6.52252402E+00 1.03021987618829303E-01 3.95052986932061846E-03 1.15018374435460438E-01 3.41068725674039503E-04 4.70928815567394753E-03
6.53833611E+00 1.02877138670876347E-01 3.95664420034059529E-03 1.15736553946324969E-01 3.41737055082233423E-04 4.72235905189380238E-03
6.55414265E+00 1.02731999896950699E-01 3.96268583411894630E-03 1.16447058360737363E-01 3.42382540877461650E-04 4.73489730156865379E-03
6.56994279E+00 1.02586594195196029E-01 3.96866050279927243E-03 1.17149978621759659E-01 3.43002017624323137E-04 4.74691092320374177E-03
6.58573573E+00 1.02440943636711190E-01 3.97457383128802921E-03 1.17845423035671054E-01 3.43607908140680933E-04 4.75848600550051772E-03
6.60152070E+00 1.02295067581514826E-01 3.98043089255205925E-03 1.18533517557923185E-01 3.44202698649536168E-04 4.76965142358271553E-03
6.61729698E+00 1.02148984336832102E-01 3.98623642444466582E-03 1.19214409481795486E-01 3.44788238078668548E-04 4.78056315167268552E-03
6.63306389E+00 1.02002708460459571E-01 3.99199345910988650E-03 1.19888266912385591E-01 3.45364998488344112E-04 4.79134858933526198E-03
6.64882080E+00 1.01856250191682887E-01 3.99770289420899386E-03 1.20555253027474649E-01 3.45941655065049296E-04 4.80218147195519713E-03
6.66456714E+00 1.01709614095449971E-01 4.00336334099079486E-03 1.21215536091867387E-01 3.46524856086741933E-04 4.81319967744071528E-03
6.68030241E+00 1.01562798189490058E-01 4.00897147073007391E-03 1.21869347507775116E-01 3.47105701856396953E-04 4.82436347498981736E-03
6.69602617E+00 1.01415797294890184E-01 4.01452339906661383E-03 1.22516931014542932E-01 3.47684970256285811E-04 4.83557048651089925E-03
6.71173803E+00 1.01268612869627489E-01 4.02001768977305624E-03 1.23158379571039325E-01 3.48259464943229276E-04 4.84676343107481693E-03
6.72743770E+00 1.01121250197724083E-01 4.02545427214603090E-03 1.23793909109496919E-01 3.48840456880002419E-04 4.85812479388433166E-03
6.74312380E+00 1.00973719666846623E-01 4.03083071774877795E-03 1.24423783937784138E-01 3.49425233439935238E-04 4.86977800838307284E-03
6.75879489E+00 1.00826023762818795E-01 4.03614138247485391E-03 1.25048338497931788E-01 3.50006392797788581E-04 4.88145317586075479E-03
6.77445065E+00 1.00678161027182272E-01 4.04138363988955796E-03 1.25667737481817615E-01 3.50562755172504075E-04 4.89276674808143339E-03
6.79009083E+00 1.00530141827165562E-01 4.04655950168766095E-03 1.26282170070666777E-01 3.51101757166970545E-04 4.90379196254164818E-03
6.80571530E+00 1.00381975923815925E-01 4.05167134370271881E-03 1.26891926471804639E-01 3.51633385350157775E-04 4.91466724354674197E-03
6.82132402E+00 1.00233668297165401E-01 4.05672008817919722E-03 1.27497316744120542E-01 3.52153584535733687E-04 4.92531696839711240E-03
6.83691706E+00 1.00085223297729023E-01 4.06170669682654785E-03 1.28098663547285052E-01 3.52662109043648032E-04 4.93578208646083209E-03
6.85249459E+00 9.99366431072164774E-02 4.06663176076050951E-03 1.28696295423497364E-01 3.53161727328756686E-04 4.94614205889961928E-03
6.86805694E+00 9.97879265249043274E-02 4.07149521446516140E-03 1.29290576413403968E-01 3.53641797223580036E-04 4.95626524632182194E-03
6.88360452E+00 9.96390739913753098E-02 4.07629820127009771E-03 1.29881865604112051E-01 3.54111634674987910E-04 4.96620450369758722E-03
6.89913791E+00 9.94900849973252982E-02 4.08104263252578522E-03 1.30470524874439858E-01 3.54573767976051955E-04 4.97607428927836475E-03
6.91465781E+00 9.93409547133590060E-02 4.08572961605957376E-03 1.31056922925697095E-01 3.55029715294571219E-04 4.98587725071422856E-03
6.93016508E+00 9.91916747226565393E-02 4.09035967886952918E-03 1.31641433923140705E-01 3.55476004797062293E-04 4.99553700315086713E-03
6.94566073E+00 9.90422348742952957E-02 4.09493360387988385E-03 1.32224475192758262E-01 3.55908757679007691E-04 5.00505962846983527E-03
6.96114593E+00 9.88926226527747226E-02 4.09945243768290203E-03 1.32806453739817754E-01 3.56326764959128664E-04 5.01444381458741092E-03
6.97662202E+00 9.87428248445390983E-02 4.10391847142402722E-03 1.33387771517746501E-01 3.56733998422157261E-04 5.02384009950032455E-03
6.99209052E+00 9.85928233412916161E-02 4.10833382793032980E-03 1.33968907514798452E-01 3.57149133606871842E-04 5.03357363062887503E-03
7.00755312E+00 9.84425942247022512E-02 4.11269988661216741E-03 1.34550255007819225E-01 3.57564524751342037E-04 5.04349294901716965E-03
7.02301173E+00 9.82921107169709707E-02 4.11701778117501849E-03 1.35132219900992029E-01 3.57987777331641858E-04 5.05349561969702966E-03
7.03846842E+00 9.81413444166207988E-02 4.12128936768191810E-03 1.35715265927671663E-01 3.58406350672961613E-04 5.06348521196144270E-03
7.05392549E+00 9.79902684085617870E-02 4.12551792979515969E-03 1.36299821785967112E-01 3.58811275396519992E-04 5.07344823145351124E-03
7.06938545E+00 9.78388569596894964E-02 4.12970823201114050E-03 1.36886361466647177E-01 3.59206660897420384E-04 5.08351965370469096E-03
7.08485103E+00 9.76870811324689475E-02 4.13386505758049291E-03 1.37475387308582414E-01 3.59594403661424463E-04 5.09373793476765573E-03
7.10032516E+00 9.75349054254158188E-02 4.13799170823748227E-03 1.38067394928999360E-01 3.59978234851909677E-04 5.10392349916392613E-03
7.11581104E+00 9.73822946258751099E-02 4.14209375181819744E-03 1.38662877598695028E-01 3.60372211317513155E-04 5.11424658196019989E-03
7.13131207E+00 9.72292094649172545E-02 4.14617727862413941E-03 1.39262331588325294E-01 3.60780313229144931E-04 5.12477670570934615E-03
7.14683192E+00 9.70756061288886030E-02 4.15024824064551441E-03 1.39866266415579310E-01 3.61192769996416163E-04 5.13561326666084599E-03
7.16237446E+00 9.69214374717908694E-02 4.15431240167656469E-03 1.40475212034544716E-01 3.61605681060098161E-04 5.14673791781270189E-03
7.17794382E+00 9.67666536184551979E-02 4.15837618498210090E-03 1.41089716660232123E-01 3.62005603812946624E-04 5.15798423891446374E-03
7.19354437E+00 9.66112068913276140E-02 4.16244890741145675E-03 1.41710323161000934E-01 3.62394288296150394E-04 5.16930439569942418E-03
7.20918069E+00 9.64550472763212458E-02 4.16654132178841032E-03 1.42337566327305459E-01 3.62779906180880094E-04 5.18082518047690340E-03
7.22485762E+00 9.62981196108104176E-02 4.17066437670502669E-03 1.42971982840328582E-01 3.63172484925912073E-04 5.19284180236623694E-03
7.24058023E+00 9.61403625556498248E-02 4.17482874788609095E-03 1.43614118557449238E-01 3.63583143261009452E-04 5.20526444283194757E-03
7.25635381E+00 9.59817117388124669E-02 4.17904595182714157E-03 1.44264523677719220E-01 3.63994648523654183E-04 5.21773055001465823E-03
7.27218394E+00 9.58221040812956837E-02 4.18332992717718958E-03 1.44923737304864880E-01 3.64401365875979670E-04 5.23000046310454023E-03
7.28807645E+00 9.56614758498474937E-02 4.18769681734211616E-03 1.45592323499525195E-01 3.64798763259565576E-04 5.24204314082403564E-03
7.30403745E+00 9.54997614691711488E-02 4.19216429223108391E-03 1.46270834054963023E-01 3.65204332755046819E-04 5.25425396161299275E-03
7.32007340E+00 9.53368863160246188E-02 4.19674928601777505E-03 1.46959844681706558E-01 3.65611225488414839E-04 5.26661400253687715E-03
7.33611686E+00 9.51735312361350755E-02 4.20144843848700190E-03 1.47656823806931375E-01 3.66013332495389559E-04 5.27891811737022081E-03
7.35217594E+00 9.50096152851077624E-02 4.20628172539687113E-03 1.48362227958569265E-01 3.66428440649086415E-04 5.29140408506200994E-03
7.36817361E+00 9.48459253970254101E-02 4.21124191512202515E-03 1.49072927142009426E-01 3.66852817793930099E-04 5.30415696185432013E-03
7.38416051E+00 9.46819403565574563E-02 4.21635906917480156E-03 1.49791077682026458E-01 3.67274026096282207E-04 5.31720120215855956E-03
7.40019081E+00 9.45170946600022571E-02 4.22166592708446593E-03 1.50519143406276007E-01 3.67697245072140316E-04 5.33063027669567879E-03
7.41619549E+00 9.43520877903680083E-02 4.22715434482856100E-03 1.51254305376783832E-01 3.68118388251001947E-04 5.34459430829378659E-03
7.43214821E+00 9.41871830920184283E-02 4.23282742874543910E-03 1.51995391514286537E-01 3.68555041573104237E-04 5.35935597115785433E-03
7.44810645E+00 9.40217705109113316E-02 4.23871631522547161E-03 1.52744962911346427E-01 3.69018366485143539E-04 5.37502771628376678E-03
7.46413205E+00 9.38551852119151042E-02 4.24485595835232942E-03 1.53506007474769363E-01 3.69510208789821347E-04 5.39175188443771249E-03
7.48010947E+00 9.36886074982984929E-02 4.25121258198196249E-03 1.54273442630080720E-01 3.70036101831187816E-04 5.40954993112488514E-03
7.49604242E+00 9.35219780708248238E-02 4.25779320580139866E-03 1.55047286069098539E-01 3.70566507791692554E-04 5.42799188492151981E-03
7.51198889E+00 9.33546740741136999E-02 4.26463124751395774E-03 1.55830155555436695E-01 3.71097217054591560E-04 5.44696592956111104E-03
7.52799141E+00 9.31862327312613647E-02 4.27175847012834561E-03 1.56624173001810807E-01 3.71629851823119530E-04 5.46653830180460383E-03
7.54395681E+00 9.30176251285412398E-02 4.27914639316632171E-03 1.57424944827491503E-01 3.72164758435949972E-04 5.48660730913680134E-03
7.55985941E+00 9.28491210105847203E-02 4.28679320983247399E-03 1.58230972397369662E-01 3.72703140888913599E-04 5.50710540003874257E-03
7.57576215E+00 9.26800492213188803E-02 4.29473963493456554E-03 1.59045104085727890E-01 3.73247533530792028E-04 5.52807822574344961E-03
7.59173190E+00 9.25096852150661397E-02 4.30303219005796853E-03 1.59870666387504690E-01 3.73793698947020301E-04 5.54959718004245303E-03
7.60777194E+00 9.23379786379788653E-02 4.31168723118157109E-03 1.60707952900257717E-01 3.74351546822401359E-04 5.57186238733570899E-03
7.62378329E+00 9.21659772427727009E-02 4.32066136195147915E-03 1.61551955614720244E-01 3.74903748488037661E-04 5.59475746885358931E-03
7.63983968E+00 9.19928787577750789E-02 4.33000407210308493E-03 1.62406110639641443E-01 3.75451201454053967E-04 5.61838317580059740E-03
7.65587796E+00 9.18193532784336991E-02 4.33968600367886249E-03 1.63267079210457827E-01 3.75997367525791849E-04 5.64278129586005209E-03
7.67196131E+00 9.16447037646348217E-02 4.34975024743416636E-03 1.64137890712137441E-01 3.76564306543778014E-04 5.66854181765716423E-03
7.68803557E+00 9.14694988598391961E-02 4.36016435774012456E-03 1.65015582640031300E-01 3.77144151152047631E-04 5.69547935220651204E-03
7.70410794E+00 9.12936436066493356E-02 4.37093135341969953E-03 1.65900266698909005E-01 3.77747624675284102E-04 5.72390760877963291E-03
7.72018669E+00 9.11170263653121315E-02 4.38205245345308064E-03 1.66792126099992444E-01 3.78383243884994433E-04 5.75397217738172692E-03
7.73628115E+00 9.09395184523047739E-02 4.39352745914850778E-03 1.67691471266327025E-01 3.79036009085910214E-04 5.78553625716298359E-03
7.75240162E+00 9.07609677783519087E-02 4.40535488513909244E-03 1.68598920977102912E-01 3.79726028690448552E-04 5.81924469122587808E-03
7.76855947E+00 9.05812150166972058E-02 4.41752972835198019E-03 1.69514393139333863E-01 3.80448975914061884E-04 5.85488387459001322E-03
7.78475516E+00 9.04002106365161956E-02 4.43003498934962589E-03 1.70437907925334031E-01 3.81185692895162176E-04 5.89176830390545584E-03
7.80097477E+00 9.02180747332440441E-02 4.44284298087736958E-03 1.71368367435968283E-01 3.81939307891727064E-04 5.93000769768252476E-03
7.81721607E+00 9.00348015232669274E-02 4.45593283011737340E-03 1.72305269360844671E-01 3.82707460658761984E-04 5.96946541618936875E-03
7.83348837E+00 8.98502588184149353E-02 4.46929167041527388E-03 1.73248719984480160E-01 3.83492638166638112E-04 6.01000772955340157E-03
7.84980308E+00 8.96642925779303906E-02 4.48290770455809801E-03 1.74198965736942740E-01 3.84271119512609655E-04 6.05083287987359490E-03
7.86610984E+00 8.94774717614345017E-02 4.49671950972724537E-03 1.75152756598509290E-01 3.85049513714249354E-04 6.09252717857764088E-03
7.88233136E+00 8.92906772492823020E-02 4.51063538532180293E-03 1.76105151587753195E-01 3.85823505778378525E-04 6.13463995370271391E-03
7.89847371E+00 8.91038442451825008E-02 4.52462955403775801E-03 1.77055790540772057E-01 3.86586212010798743E-04 6.17706533001583825E-03
7.91454504E+00 8.89168829656174081E-02 4.53867618647342541E-03 1.78004576049960755E-01 3.87347000502539975E-04 6.21998082205743336E-03
7.93055554E+00 8.87296784239816477E-02 4.55274945466036061E-03 1.78951565564180459E-01 3.88110513691018863E-04 6.26376980416899591E-03
7.94651733E+00 8.85420868367251535E-02 4.56682102035427424E-03 1.79896955573219997E-01 3.88899252836114409E-04 6.30928649332356591E-03
7.96244439E+00 8.83539250960109351E-02 4.58085581940954716E-03 1.80841168503589278E-01 3.89686231056959409E-04 6.35587715707959609E-03
7.97835254E+00 8.81649951910825902E-02 4.59482045180137876E-03 1.81784617966078199E-01 3.90456531484177432E-04 6.40278527903746265E-03
7.99425942E+00 8.79750895267591149E-02 4.60868510170933925E-03 1.82727858715736408E-01 3.91201055920061317E-04 6.44928888383684493E-03
8.01018453E+00 8.77839869340928530E-02 4.62242217502792634E-03 1.83671562433005392E-01 3.91916052031184936E-04 6.49478889624568664E-03
8.02614929E+00 8.75914517090956302E-02 4.63600622991681543E-03 1.84616491667013077E-01 3.92611348550967723E-04 6.53928061107092885E-03
8.04214492E+00 8.73976152775953335E-02 4.64938360125508911E-03 1.85561675858804898E-01 3.93286226310231150E-04 6.58257042511084956E-03
8.05818005E+00 8.72023991815950306E-02 4.66251116465702178E-03 1.86507142606675919E-01 3.93945723863690651E-04 6.62555106717742544E-03
8.07423831E+00 8.70060176283198317E-02 4.67531428533337831E-03 1.87451480277504134E-01 3.94620386412073006E-04 6.66922945517973032E-03
8.09032422E+00 8.68084084164342101E-02 4.68771875991958256E-03 1.88394472881460689E-01 3.95278429445732981E-04 6.71259300767315745E-03
8.10646158E+00 8.66092844893299602E-02 4.69966464141532026E-03 1.89337034285303046E-01 3.95913068931785371E-04 6.75445897712965374E-03
8.12267648E+00 8.64083549457742295E-02 4.71110229130982609E-03 1.90280235351755506E-01 3.96516514067150308E-04 6.79350961689246993E-03
8.13899759E+00 8.62053237128907746E-02 4.72199360794006966E-03 1.91225202171635966E-01 3.97089817598383845E-04 6.82910678208561127E-03
8.15545646E+00 8.59998691683162425E-02 4.73230672489426043E-03 1.92173167809272460E-01 3.97635112061916790E-04 6.86127635904009922E-03
8.17208024E+00 8.57917163227430168E-02 4.74200417880032542E-03 1.93125148660423102E-01 3.98165075709090764E-04 6.89118017591730178E-03
8.18864998E+00 8.55836618544007915E-02 4.75091292258518049E-03 1.94068630577326845E-01 3.98688103135163945E-04 6.91996134807456014E-03
8.20510398E+00 8.53765081812147275E-02 4.75896373586946492E-03 1.94999712258972502E-01 3.99181423124921628E-04 6.94677585359136998E-03
8.22146938E+00 8.51699558662120104E-02 4.76614898436032632E-03 1.95919493379169335E-01 3.99650328256650361E-04 6.97086484344787861E-03
8.23777264E+00 8.49637332827843789E-02 4.77247330195835866E-03 1.96829191748525201E-01 4.00090200893038830E-04 6.99149914181784043E-03
8.25403979E+00 8.47575821048133782E-02 4.77794778352728065E-03 1.97730039654046647E-01 4.00495675563381610E-04 7.00825337890693522E-03
8.27029649E+00 8.45512533000661037E-02 4.78258551875066548E-03 1.98623156500123549E-01 4.00883160772253031E-04 7.02202698810510881E-03
8.28648360E+00 8.43455717727554788E-02 4.78637386636854636E-03 1.99505194028813837E-01 4.01232884221659444E-04 7.03282498269860220E-03
8.30256944E+00 8.41410230581677715E-02 4.78932128946269776E-03 2.00374280535490001E-01 4.01537698391752837E-04 7.04051149256067644E-03
8.31858219E+00 8.39373365967335805E-02 4.79146014337996154E-03 2.01231627796207513E-01 4.01804251260785253E-04 7.04608941798115854E-03
8.33454885E+00 8.37342375571862446E-02 4.79281662935099242E-03 2.02078087111350141E-01 4.02061073687079006E-04 7.05188688473439452E-03
8.35049543E+00 8.35313727230039826E-02 4.79338573827886843E-03 2.02915649091226863E-01 4.02303295460960995E-04 7.05630061629163204E-03
8.36644710E+00 8.33284243866318775E-02 4.79317252049049798E-03 2.03745080513103222E-01 4.02513102099725877E-04 7.05775167751160511E-03
8.38242839E+00 8.31251313726975444E-02 4.79219995566310380E-03 2.04567400463862820E-01 4.02719170129310655E-04 7.05650354882534671E-03
8.39846340E+00 8.29212430431673364E-02 4.79049036848387157E-03 2.05383541240663908E-01 4.02892674164068013E-04 7.05148870395973758E-03
8.41457602E+00 8.27165213297465507E-02 4.78806934420451802E-03 2.06194807671801844E-01 4.03053279787181818E-04 7.04293579743218209E-03
8.43079005E+00 8.25107382562859787E-02 4.78495887864916793E-03 2.07001295979325400E-01 4.03185955611202768E-04 7.03099314405668772E-03
8.44712935E+00 8.23036612051328553E-02 4.78117739704166708E-03 2.07804081877343005E-01 4.03293330917733417E-04 7.01569977379677516E-03
8.46351262E+00 8.20964002922970199E-02 4.77677536052118368E-03 2.08598911649782170E-01 4.03393893755395747E-04 6.99950569668719626E-03
8.47994773E+00 8.18888798279343577E-02 4.77176199345563049E-03 2.09385725495017355E-01 4.03490710470141487E-04 6.98267737350795684E-03
8.49646203E+00 8.16807664975236908E-02 4.76613438835048371E-03 2.10165413341962148E-01 4.03583679351988836E-04 6.96386593369889822E-03
8.51308264E+00 8.14717670523421866E-02 4.75990576714398466E-03 2.10938845766268951E-01 4.03653291094084349E-04 6.94280741681164298E-03
8.52981254E+00 8.12618947858425866E-02 4.75310091026864660E-03 2.11705777036447662E-01 4.03719700732589441E-04 6.92051634077157397E-03
8.54666863E+00 8.10509646040000892E-02 4.74572804501130052E-03 2.12466541536997233E-01 4.03776275121687643E-04 6.89602553472377835E-03
8.56350306E+00 8.08408805825021198E-02 4.73789078781634409E-03 2.13214404300782812E-01 4.03831761082896145E-04 6.86912387250025736E-03
8.58021391E+00 8.06329747683638270E-02 4.72969696068486524E-03 2.13944680032629009E-01 4.03867269155182979E-04 6.84015073594276910E-03
8.59680649E+00 8.04272301754664631E-02 4.72120575917585761E-03 2.14657475908756751E-01 4.03880600313381486E-04 6.80953906934605481E-03
8.61328684E+00 8.02236015671571878E-02 4.71246662464621085E-03 2.15353104118787664E-01 4.03896141905370914E-04 6.77868944931465846E-03
8.62966177E+00 8.00220024416873621E-02 4.70351175654489841E-03 2.16031951560733293E-01 4.03918105524474430E-04 6.74896141400835141E-03
8.64593884E+00 7.98223221680480488E-02 4.69436087899055034E-03 2.16694413846368672E-01 4.03939460601434079E-04 6.72046696330895043E-03
8.66212642E+00 7.96244341437347819E-02 4.68502526836314572E-03 2.17340986200504099E-01 4.03947578671267520E-04 6.69143791893545177E-03
8.67820763E+00 7.94285483449534979E-02 4.67554230570366158E-03 2.17971137966335188E-01 4.03948558331607512E-04 6.66134363566698619E-03
8.69416857E+00 7.92348541319198435E-02 4.66595430258327781E-03 2.18584063618742025E-01 4.03954570693002880E-04 6.63079956850865827E-03
8.71001419E+00 7.90432973215095674E-02 4.65628951855555969E-03 2.19180728286340137E-01 4.03974025170753806E-04 6.60088409813892277E-03
8.72575002E+00 7.88538031010655449E-02 4.64656567956764962E-03 2.19761170873073119E-01 4.03986595905881935E-04 6.57076224030426689E-03
8.74138221E+00 7.86663012357826097E-02 4.63680256367210615E-03 2.20325783854237928E-01 4.03993275703624975E-04 6.54031750116780119E-03
8.75691753E+00 7.84807196536757568E-02 4.62701959223954778E-03 2.20874956311564535E-01 4.03990949354873156E-04 6.50945235593555164E-03
8.77235369E+00 7.82970895530340910E-02 4.61723785534218830E-03 2.21408827495704369E-01 4.03980055699766649E-04 6.47864220054615841E-03
8.78768471E+00 7.81154723401456530E-02 4.60747359181574046E-03 2.21927374236380787E-01 4.03969999702691025E-04 6.44834650939501465E-03
8.80291940E+00 7.79357448568162581E-02 4.59772789820763438E-03 2.22431105491198683E-01 4.03954424873576143E-04 6.41847906095203719E-03
8.81806728E+00 7.77577760775854249E-02 4.58799773460859435E-03 2.22920534522841662E-01 4.03942326195734990E-04 6.38930630754003595E-03
8.83313861E+00 7.75814287371068695E-02 4.57827843526705490E-03 2.23396184048529622E-01 4.03944608972401525E-04 6.36078576741056292E-03
8.84814436E+00 7.74065578559937489E-02 4.56856291034010535E-03 2.23858620205708403E-01 4.03949781301787391E-04 6.33241342575581543E-03
8.86309635E+00 7.72330026630054789E-02 4.55884062704404146E-03 2.24308415551683071E-01 4.03942065492503039E-04 6.30369563080737140E-03
8.87800727E+00 7.70606043731030255E-02 4.54910530483739438E-03 2.24746094963556214E-01 4.03915815596572183E-04 6.27438598033915745E-03
8.89289076E+00 7.68892034414142556E-02 4.53935371768128364E-03 2.25172193802440884E-01 4.03890759585465934E-04 6.24478392354901272E-03
8.90776145E+00 7.67186299453815473E-02 4.52958140795392712E-03 2.25587271222051605E-01 4.03852807347846138E-04 6.21492141741440771E-03
8.92261756E+00 7.65489041994271147E-02 4.51979529239897402E-03 2.25991453061289982E-01 4.03793785902306504E-04 6.18462623628342287E-03
8.93745884E+00 7.63800210199593321E-02 4.50999943919145642E-03 2.26384864876363556E-01 4.03738939759719752E-04 6.15472828119104955E-03
8.95230293E+00 7.62117600677833656E-02 4.50017798297927193E-03 2.26768138522648655E-01 4.03683745763182820E-04 6.12495046119340605E-03
8.96716858E+00 7.60438959672766340E-02 4.49031508748663592E-03 2.27141923200602780E-01 4.03605801965070817E-04 6.09446722269175144E-03
8.98200215E+00 7.58770325592104805E-02 4.48045210150549347E-03 2.27505169225062587E-01 4.03524960241311102E-04 6.06363040190732033E-03
8.99677915E+00 7.57114388385887876E-02 4.47061251498345746E-03 2.27857505522189446E-01 4.03462812238457801E-04 6.03291201927028554E-03
9.01151415E+00 7.55469401068506324E-02 4.46079250657964704E-03 2.28199519367054182E-01 4.03424063429607262E-04 6.00250330420524884E-03
9.02622209E+00 7.53833549705377054E-02 4.45098640842488558E-03 2.28531836984245701E-01 4.03410004714475814E-04 5.97299137062594614E-03
9.04091813E+00 7.52204859040962043E-02 4.44118010124728430E-03 2.28855076837272908E-01 4.03406383564856776E-04 5.94403933464678676E-03
9.05561761E+00 7.50581351933091584E-02 4.43135951984478024E-03 2.29169848856950215E-01 4.03399329049694533E-04 5.91505710249948247E-03
9.07033596E+00 7.48961177973750669E-02 4.42151808817725644E-03 2.29476743064136818E-01 4.03392314173291416E-04 5.88635750106696054E-03
9.08508866E+00 7.47342529978735071E-02 4.41164976708962025E-03 2.29776301531623817E-01 4.03370516107137505E-04 5.85777225826063924E-03
9.09989123E+00 7.45723680032967240E-02 4.40175229156651929E-03 2.30069071741471703E-01 4.03334561041298906E-04 5.82936105982574324E-03
9.11475591E+00 7.44103302127072652E-02 4.39182852890408239E-03 2.30355527276212724E-01 4.03285871889512166E-04 5.80077897274490321E-03
9.12967902E+00 7.42481839461219817E-02 4.38189392560132344E-03 2.30635825577913539E-01 4.03229765388517225E-04 5.77171829192771151E-03
9.14467810E+00 7.40857455973733675E-02 4.37195162703173015E-03 2.30910476531248549E-01 4.03166323922887911E-04 5.74205480383971605E-03
9.15977036E+00 7.39228387388142227E-02 4.36200670054966589E-03 2.31180003694606256E-01 4.03089318764222079E-04 5.71159073407821825E-03
9.17497260E+00 7.37592949617374427E-02 4.35206640492800077E-03 2.31444899450605507E-01 4.02999189028750953E-04 5.68033268896730135E-03
9.19029989E+00 7.35949678809472707E-02 4.34214088882611902E-03 2.31705615959762495E-01 4.02901983734673742E-04 5.64853825798677673E-03
9.20566170E+00 7.34308344371511906E-02 4.33230626154787815E-03 2.31960998518880968E-01 4.02788145000412942E-04 5.61668169234875569E-03
9.22106597E+00 7.32668098996832329E-02 4.32257227825325573E-03 2.32211343660930963E-01 4.02670085831569220E-04 5.58521924346143048E-03
9.23652341E+00 7.31027757914631954E-02 4.31294442276554217E-03 2.32457141659760419E-01 4.02550657241237074E-04 5.55442798746823806E-03
9.25204753E+00 7.29385848296217887E-02 4.30342447925215633E-03 2.32698904693602021E-01 4.02426263902908043E-04 5.52434926057104349E-03
9.26765133E+00 7.27741003488140137E-02 4.29401469899614620E-03 2.32937112793718676E-01 4.02288153748214783E-04 5.49487976892543226E-03
9.28334726E+00 7.26091950101378641E-02 4.28471795788961263E-03 2.33172225019986218E-01 4.02144240681630283E-04 5.46611934656423583E-03
9.29914726E+00 7.24437452101061585E-02 4.27553626048933749E-03 2.33404667082246886E-01 4.01988482656005374E-04 5.43778165872164671E-03
9.31506274E+00 7.22776352156454804E-02 4.26647331881194105E-03 2.33634819335058835E-01 4.01820661811053278E-04 5.40964829830018878E-03
9.33110457E+00 7.21107567561637131E-02 4.25753581217399972E-03 2.33863020335995930E-01 4.01645887098000696E-04 5.38218698797691877E-03
9.34728307E+00 7.19430054305572192E-02 4.24873023550975931E-03 2.34089624410921099E-01 4.01461724568613046E-04 5.35529602106457701E-03
9.36360800E+00 7.17742859225030255E-02 4.24006546712857920E-03 2.34314946004661212E-01 4.01258854364022169E-04 5.32905515662117184E-03
9.38008850E+00 7.16045108484821419E-02 4.23155149000500191E-03 2.34539275717937784E-01 4.01041277425228065E-04 5.30382962664345276E-03
9.39673307E+00 7.14335967710289649E-02 4.22319701261030488E-03 2.34762893673445050E-01 4.00808863924550065E-04 5.27967555280346723E-03
9.41354956E+00 7.12614660606654265E-02 4.21501003083670986E-03 2.34986057036038948E-01 4.00570932426078726E-04 5.25635784648735387E-03
9.43053022E+00 7.10881961448705385E-02 4.20700582619408861E-03 2.35209122005532234E-01 4.00325857825811239E-04 5.23372155130935601E-03
9.44766784E+00 7.09138652507927125E-02 4.19919898680525504E-03 2.35431561135300865E-01 4.00073690474515918E-04 5.21187968018634474E-03
9.46495637E+00 7.07385328201843439E-02 4.19160144485265871E-03 2.35653690453242831E-01 3.99794607802646566E-04 5.19027027147032135E-03
9.48235373E+00 7.05626263747675397E-02 4.18424243795495823E-03 2.35875045019102808E-01 3.99491300339283528E-04 5.16906396922560841E-03
9.49986706E+00 7.03860752214287427E-02 4.17712910083481177E-03 2.36095722383129203E-01 3.99196997807906928E-04 5.14936892763467966E-03
9.51750311E+00 7.02087960291654101E-02 4.17025882806116351E-03 2.36315861974279062E-01 3.98922890704640700E-04 5.13114851726042751E-03
9.53526824E+00 7.00307042646987205E-02 4.16362650575632411E-03 2.36535579973383564E-01 3.98654474682984673E-04 5.11383360204085112E-03
9.55314141E+00 6.98519952283176010E-02 4.15724082258009733E-03 2.36754657907028571E-01 3.98382124295158335E-04 5.09727246053674494E-03
9.57111502E+00 6.96727324663009712E-02 4.15110623329248505E-03 2.36973048302886735E-01 3.98114330949402571E-04 5.08172630071320689E-03
9.58919273E+00 6.94928634205981277E-02 4.14522028598733432E-03 2.37190761457506200E-01 3.97853824374185385E-04 5.06739887716642443E-03
9.60737813E+00 6.93123311546348236E-02 4.13957637325739446E-03 2.37407750462952899E-01 3.97608232553899130E-04 5.05414908389346766E-03
9.62567482E+00 6.91310777604156185E-02 4.13416706640484539E-03 2.37624017801826570E-01 3.97373815970749212E-04 5.04184374561887985E-03
9.64408645E+00 6.89490440387768161E-02 4.12898471948524356E-03 2.37839498340503164E-01 3.97133893270480080E-04 5.03069236445683778E-03
9.66261681E+00 6.87661734325099583E-02 4.12402171232311831E-03 2.38054129790147589E-01 3.96920207293200442E-04 5.02146105386613254E-03
9.68126983E+00 6.85824005633501321E-02 4.11926563147248410E-03 2.38267852750704889E-01 3.96722205093642767E-04 5.01321916183282076E-03
9.70004967E+00 6.83976684750223080E-02 4.11471059245552533E-03 2.38480545060100552E-01 3.96535767806732524E-04 5.00593238931898964E-03
9.71896072E+00 6.82119175328671223E-02 4.11035203985651680E-03 2.38692092843971998E-01 3.96350068182244693E-04 4.99920901063586557E-03
9.73800762E+00 6.80250912248357709E-02 4.10618745529140773E-03 2.38902335195496307E-01 3.96195716758259472E-04 4.99353826857567261E-03
9.75719527E+00 6.78371206377285374E-02 4.10220989895750468E-03 2.39111119603449856E-01 3.96065644759172400E-04 4.98904567880513634E-03
9.77652885E+00 6.76479301265926064E-02 4.09840905196219921E-03 2.39318290056001221E-01 3.95940067692686208E-04 4.98513785409319694E-03
9.79601376E+00 6.74574512539919818E-02 4.09477964263838933E-03 2.39523641035117502E-01 3.95807875327953051E-04 4.98179095309890258E-03
9.81565566E+00 6.72656181771742884E-02 4.09131858363620711E-03 2.39726992118670074E-01 3.95675908734971341E-04 4.97933713984991758E-03
9.83543078E+00 6.70726480898544836E-02 4.08802479483070559E-03 2.39927918023894099E-01 3.95557991385813335E-04 4.97762642672768939E-03
9.85531844E+00 6.68787290671652018E-02 4.08489636214873306E-03 2.40125992739858574E-01 3.95466825794611916E-04 4.97638350192683952E-03
9.87532335E+00 6.66838028350801165E-02 4.08192794530015755E-03 2.40321032112747857E-01 3.95414037089708386E-04 4.97588280522466304E-03
9.89545045E+00 6.64878006913196262E-02 4.07910973324515126E-03 2.40512888430248067E-01 3.95423594691236683E-04 4.97684948264466576E-03
9.91562113E+00 6.62914479941252854E-02 4.07643336661106265E-03 2.40700785429079300E-01 3.95464473476611969E-04 4.97895887860267620E-03
9.93582955E+00 6.60947761801675554E-02 4.07388147082872291E-03 2.40884482714670251E-01 3.95513238331846831E-04 4.98163064808723483E-03
9.95602896E+00 6.58982291563166706E-02 4.07144487227402430E-03 2.41063570845850089E-01 3.95566264137214895E-04 4.98470551247900268E-03
9.97615957E+00 6.57023797492308353E-02 4.06911530439376182E-03 2.41237536224039234E-01 3.95614041716730084E-04 4.98771308846320677E-03
9.99624778E+00 6.55069737477329411E-02 4.06687696405582007E-03 2.41406517528034409E-01 3.95660263709334307E-04 4.99069944077228794E-03
1.00163233E+01 6.53117238625854774E-02 4.06471231478127467E-03 2.41570780996904183E-01 3.95709693323363404E-04 4.99351655078415085E-03
1.00364184E+01 6.51163202006250635E-02 4.06260306039815666E-03 2.41730638786304880E-01 3.95772522204025808E-04 4.99610772988714948E-03
1.00565669E+01 6.49204382985273803E-02 4.06052933477490507E-03 2.41886438212680965E-01 3.95840638216832144E-04 4.99836182041155271E-03
1.00768034E+01 6.47237494131785857E-02 4.05846988255354531E-03 2.42038518743223574E-01 3.95915368466491198E-04 5.00062339281475299E-03
1.00970534E+01 6.45269817359531428E-02 4.05641197189027594E-03 2.42186547393956342E-01 3.95994872578227599E-04 5.00321294048973637E-03
1.01172619E+01 6.43306687727518423E-02 4.05433690222141690E-03 2.42330272759830573E-01 3.96065337734669086E-04 5.00528110780113986E-03
1.01374595E+01 6.41345250698410058E-02 4.05222182910094410E-03 2.42469976453219355E-01 3.96139151145094754E-04 5.00667827476517033E-03
1.01576787E+01 6.39382560550184609E-02 4.05004535953328460E-03 2.42606077251472263E-01 3.96232614762731929E-04 5.00804389364011004E-03
1.01779525E+01 6.37415479546253050E-02 4.04778011553969322E-03 2.42739045222440414E-01 3.96344247736352291E-04 5.00949034069525165E-03
1.01982497E+01 6.35447025633406881E-02 4.04540344554922115E-03 2.42869013682879192E-01 3.96465508335137689E-04 5.01082650212760720E-03
1.02185712E+01 6.33477176506070244E-02 4.04288936156722237E-03 2.42996218343721093E-01 3.96577468609767589E-04 5.01175820362085439E-03
1.02389465E+01 6.31503179417385596E-02 4.04021010644899873E-03 2.43121036381683947E-01 3.96669847854949273E-04 5.01193570053633849E-03
1.02594020E+01 6.29522684911604513E-02 4.03734235680719943E-03 2.43243912461227563E-01 3.96761044941123066E-04 5.01115042675483006E-03
1.02798118E+01 6.27548088125908510E-02 4.03428542033142535E-03 2.43364451909283658E-01 3.96858575542654430E-04 5.00962013777768618E-03
1.03001688E+01 6.25580189655228353E-02 4.03102273275662750E-03 2.43482741927781049E-01 3.96941610213102317E-04 5.00711567904414852E-03
1.03205093E+01 6.23615713924910650E-02 4.02753394737660926E-03 2.43599227822700187E-01 3.97020555907987493E-04 5.00420716652013632E-03
1.03408683E+01 6.21651474042934638E-02 4.02379404908215308E-03 2.43714364297043407E-01 3.97100773945933169E-04 5.00159761037888111E-03
1.03612786E+01 6.19684293873652842E-02 4.01976279133075230E-03 2.43828599672018503E-01 3.97150016924954470E-04 4.99811997490781212E-03
1.03817706E+01 6.17711470453768674E-02 4.01540823838593495E-03 2.43942310765454279E-01 3.97177149501558833E-04 4.99377983927242527E-03
1.04023715E+01 6.15730670589146184E-02 4.01070222335335111E-03 2.44055823060915500E-01 3.97203138114414814E-04 4.98887977072050293E-03
1.04229574E+01 6.13754006876707503E-02 4.00565085724132169E-03 2.44168816003638989E-01 3.97206532754527822E-04 4.98311623427527637E-03
1.04434989E+01 6.11784586234352251E-02 4.00024888042047229E-03 2.44281162190633283E-01 3.97183636341929462E-04 4.97626023235351548E-03
1.04640327E+01 6.09819221726130151E-02 3.99447543414107372E-03 2.44393142475500064E-01 3.97153497177661369E-04 4.96839209651447553E-03
1.04845940E+01 6.07854794718770339E-02 3.98830454145847335E-03 2.44505069183090645E-01 3.97119757271424201E-04 4.95925551311186732E-03
1.05052160E+01 6.05888435756392063E-02 3.98171359957754430E-03 2.44617226980486158E-01 3.97069887340617544E-04 4.94863329270009509E-03
1.05259297E+01 6.03917611603087545E-02 3.97468395566665401E-03 2.44729907548512815E-01 3.97036348016486910E-04 4.93797644853060345E-03
1.05467634E+01 6.01939483948392626E-02 3.96716276740528406E-03 2.44843374165245931E-01 3.96989857239380653E-04 4.92614074905281009E-03
1.05677291E+01 5.99953199570579382E-02 3.95912355899853945E-03 2.44957788504210600E-01 3.96939861128637217E-04 4.91335349021209105E-03
1.05886477E+01 5.97976049177149430E-02 3.95062157484297582E-03 2.45072426309843994E-01 3.96869223103597497E-04 4.89923392800734568E-03
1.06095534E+01 5.96005188588884655E-02 3.94164539260339307E-03 2.45187215039037121E-01 3.96771412615684323E-04 4.88343874470931541E-03
1.06304791E+01 5.94038006300594071E-02 3.93218602320487016E-03 2.45302309551679976E-01 3.96656898691934677E-04 4.86617079302109363E-03
1.06514557E+01 5.92071813944045552E-02 3.92221778564512489E-03 2.45417850566347157E-01 3.96542713102932714E-04 4.84825461652483528E-03
1.06725122E+01 5.90104053470587031E-02 3.91170855482657343E-03 2.45533992876271479E-01 3.96418677738546868E-04 4.82926946907238398E-03
1.06936750E+01 5.88132582929736664E-02 3.90063410677112801E-03 2.45650777828372219E-01 3.96259319139184523E-04 4.80842899904453461E-03
1.07149676E+01 5.86155717283081829E-02 3.88898124680463978E-03 2.45768228616820905E-01 3.96061139372497282E-04 4.78547225812438713E-03
1.07363868E+01 5.84174392563875100E-02 3.87675831595919165E-03 2.45886241138412093E-01 3.95824754980973975E-04 4.76040866024910695E-03
1.07578277E+01 5.82198885148061118E-02 3.86403871482298746E-03 2.46004244881354056E-01 3.95544456195046860E-04 4.73348668865955068E-03
1.07793295E+01 5.80226080108652842E-02 3.85081452180262122E-03 2.46122185464644594E-01 3.95244460385328438E-04 4.70496231472736400E-03
1.08008590E+01 5.78259436023511736E-02 3.83711912488942904E-03 2.46239817245072323E-01 3.94938034584727828E-04 4.67569828020048591E-03
1.08224396E+01 5.76297046221125042E-02 3.82294240098586795E-03 2.46357068046705513E-01 3.94612846766054703E-04 4.64583883193921913E-03
1.08440744E+01 5.74338868630167032E-02 3.80828622237679593E-03 2.46473809860317528E-01 3.94269814126035781E-04 4.61528335410187063E-03
1.08656409E+01 5.72396181092258566E-02 3.79324678200998163E-03 2.46589331206515994E-01 3.93900029083232221E-04 4.58406141397877873E-03
1.08872130E+01 5.70462628630227092E-02 3.77779423594689842E-03 2.46703657396224851E-01 3.93493610241684138E-04 4.55157308420367761E-03
1.09088652E+01 5.68532039356117805E-02 3.76190492316491208E-03 2.46816977495625117E-01 3.93046238242010298E-04 4.51736960102905316E-03
1.09305515E+01 5.66609100788138878E-02 3.74564860438515636E-03 2.46928963943360419E-01 3.92543618499807006E-04 4.48165026490143174E-03
1.09521647E+01 5.64703852415301549E-02 3.72914685798244943E-03 2.47038683905570877E-01 3.92049588674609221E-04 4.44628552435187736E-03
1.09736915E+01 5.62817458720105551E-02 3.71243550782829595E-03 2.47146656326363762E-01 3.91547279452075694E-04 4.41043323948416867E-03
1.09950388E+01 5.60958040331350910E-02 3.69561701566896786E-03 2.47252066322061120E-01 3.91017646424645867E-04 4.37396261527436478E-03
1.10162286E+01 5.59123711433468368E-02 3.67870854290433492E-03 2.47354913655315395E-01 3.90500780863152898E-04 4.33840858027527421E-03
1.10372817E+01 5.57312488425370234E-02 3.66171012235809836E-03 2.47455309664178613E-01 3.89975149415603133E-04 4.30301105199665072E-03
1.10582170E+01 5.55522620291806282E-02 3.64462609506342999E-03 2.47553343618804989E-01 3.89448221118289127E-04 4.26766822488332514E-03
1.10790519E+01 5.53752581658079543E-02 3.62746447924243171E-03 2.47649111451561099E-01 3.88882208935626837E-04 4.23177111846501520E-03
1.10998017E+01 5.52001185451458445E-02 3.61024067137435175E-03 2.47742608426619437E-01 3.88275199101663208E-04 4.19530495264451055E-03
1.11204802E+01 5.50267434235385267E-02 3.59297161578298659E-03 2.47833859793011702E-01 3.87654943270665108E-04 4.15861961804491614E-03
1.11410994E+01 5.48550371825033481E-02 3.57567000052391769E-03 2.47922890014490888E-01 3.87020668166437019E-04 4.12168257749870662E-03
1.11616705E+01 5.46849139282035226E-02 3.55834874070830006E-03 2.48009723504045654E-01 3.86375066289237987E-04 4.08469255514710885E-03
1.11822036E+01 5.45162930071223517E-02 3.54102085279956900E-03 2.48094321093553782E-01 3.85707648079557628E-04 4.04765039152619500E-03
1.12027089E+01 5.43490976854493837E-02 3.52369902524732109E-03 2.48176639076792604E-01 3.85006202657010280E-04 4.01031038937805975E-03
1.12231967E+01 5.41832570974657146E-02 3.50639837181126405E-03 2.48256621421049151E-01 3.84301680215460271E-04 3.97332189722573396E-03
1.12436662E+01 5.40187815894134643E-02 3.48913927858612903E-03 2.48334172675402837E-01 3.83606915101322558E-04 3.93710444582697026E-03
1.12640310E+01 5.38563461460539877E-02 3.47200714166042085E-03 2.48408960210631136E-01 3.82926654235828177E-04 3.90182130618776154E-03
1.12843027E+01 5.36958283183480711E-02 3.45500044673861546E-03 2.48480918917066390E-01 3.82242037167612552E-04 3.86687772485799037E-03
1.13044924E+01 5.35371206442405503E-02 3.43812353349524577E-03 2.48550040757218788E-01 3.81546242274490802E-04 3.83231856268940194E-03
1.13246118E+01 5.33801167665898108E-02 3.42138091467064252E-03 2.48616311397515416E-01 3.80849020692990939E-04 3.79836322020229815E-03
1.13446730E+01 5.32246971561089535E-02 3.40477141750000593E-03 2.48679712349629684E-01 3.80138632298419649E-04 3.76489399515066939E-03
1.13646888E+01 5.30707392733234390E-02 3.38829409804569702E-03 2.48740228980136591E-01 3.79417371587289750E-04 3.73168834107144576E-03
1.13846733E+01 5.29181239197985473E-02 3.37195252946699987E-03 2.48797942958591201E-01 3.78695367567474469E-04 3.69874105350845219E-03
1.14046415E+01 5.27667287793488066E-02 3.35575165616710819E-03 2.48852795380700681E-01 3.77973002155636327E-04 3.66598973489398652E-03
1.14246097E+01 5.26164270026058326E-02 3.33969709124154121E-03 2.48904681999406435E-01 3.77261318019419980E-04 3.63392420319307149E-03
1.14445953E+01 5.24670769127143638E-02 3.32378862122665718E-03 2.48953529408194651E-01 3.76560725024581292E-04 3.60265596147868504E-03
1.14646141E+01 5.23185422960804128E-02 3.30802132162575204E-03 2.48999271865142813E-01 3.75868056843973010E-04 3.57180893119013985E-03
1.14845486E+01 5.21716710194944921E-02 3.29249292485416390E-03 2.49041615392425142E-01 3.75188850352530239E-04 3.54142612429824994E-03
1.15044163E+01 5.20263094946891783E-02 3.27719642403940820E-03 2.49065305952275107E-01 3.74515115804394626E-04 3.51133676367307778E-03
1.15242355E+01 5.18823064613452151E-02 3.26212695129009115E-03 2.49136133176976526E-01 3.73841729293379241E-04 3.48153796244951401E-03
1.15440258E+01 5.17395089292507770E-02 3.24727942967077991E-03 2.49140955310768270E-01 3.73176605240251600E-04 3.45230229952529950E-03
1.15638073E+01 5.15977562015999883E-02 3.23264463067133960E-03 2.49161619303310433E-01 3.72505131649779916E-04 3.42335794026975325E-03
1.15836009E+01 5.14568869099879117E-02 3.21821207465055031E-03 2.49216290912409932E-01 3.71831308759916219E-04 3.39488092415915358E-03
1.16034278E+01 5.13167345039968609E-02 3.20396728086780845E-03 2.49218223838573061E-01 3.71170500527052299E-04 3.36705427970804706E-03
1.16233100E+01 5.11771296276041718E-02 3.18989095358208907E-03 2.49224300445723218E-01 3.70521522765093650E-04 3.33965468070456135E-03
1.16432341E+01 5.10381550465800471E-02 3.17599060375155923E-03 2.49237133163916713E-01 3.69879775444316927E-04 3.31277657264540323E-03
1.16631044E+01 5.09004613875582573E-02 3.16233015444539536E-03 2.49251884336798929E-01 3.69225418044461017E-04 3.28624263225165292E-03
1.16829446E+01 5.07638701105092016E-02 3.14889151553712386E-03 2.49261527851123127E-01 3.68559579022502220E-04 3.25987881083279404E-03
1.17027785E+01 5.06282093336066635E-02 3.13565891540413524E-03 2.49264072674180742E-01 3.67889766651759045E-04 3.23380630729595353E-03
1.17226304E+01 5.04933076070904485E-02 3.12261518839390640E-03 2.49257081078563064E-01 3.67229692672578750E-04 3.20809173353697047E-03
1.17425242E+01 5.03589925504280694E-02 3.10974051289316039E-03 2.49215398755459061E-01 3.66581736666710047E-04 3.18282958293050321E-03
1.17624843E+01 5.02250924881798913E-02 3.09701160829242272E-03 2.49219536587589080E-01 3.65927720006370600E-04 3.15770846206292520E-03
1.17825348E+01 5.00914452811739921E-02 3.08440966522766091E-03 2.49214990493284105E-01 3.65282606609666066E-04 3.13314900033392430E-03
1.18026196E+01 4.99584190510459006E-02 3.07196457930424948E-03 2.49152905875432151E-01 3.64672191180696350E-04 3.10979307679917988E-03
1.18226863E+01 4.98263348325072158E-02 3.05969571062128694E-03 2.49151511966796330E-01 3.64064134009793919E-04 3.08659593313137266E-03
1.18427627E+01 4.96950017109123940E-02 3.04758233156124598E-03 2.49094806235233612E-01 3.63484553760641256E-04 3.06471531925622256E-03
1.18628760E+01 4.95642049814499913E-02 3.03557795688107462E-03 2.49079366650906492E-01 3.62917786681584602E-04 3.04286316192755061E-03
1.18830535E+01 4.94337618711585339E-02 3.02365925724825497E-03 2.48998463613733734E-01 3.62353757829511592E-04 3.02120967361723704E-03
1.19033222E+01 4.93034982765436988E-02 3.01180662963969727E-03 2.48983957494395031E-01 3.61782939507317484E-04 2.99959177475981253E-03
1.19237090E+01 4.91732474056376587E-02 3.00000294497342534E-03 2.48890438534462605E-01 3.61205411809352320E-04 2.97810792358205265E-03
1.19441654E+01 4.90433229799845938E-02 2.98827374043877806E-03 2.48851883293266379E-01 3.60626963469074609E-04 2.95668760800180336E-03
1.19646307E+01 4.89141094856074959E-02 2.97665338177953865E-03 2.48778618039146554E-01 3.60067305895279478E-04 2.93552275571184150E-03
1.19851364E+01 4.87854034393469319E-02 2.96512376882672153E-03 2.48707733159270999E-01 3.59525121029678004E-04 2.91500114615568040E-03
1.20057135E+01 4.86569983502773556E-02 2.95366310241496196E-03 2.48630016049419700E-01 3.58984649600873544E-04 2.89464221769975385E-03
1.20263930E+01 4.85286986776995721E-02 2.94225162533110060E-03 2.48547444956885411E-01 3.58438248347133480E-04 2.87419626346860834E-03
1.20472054E+01 4.84003175911451033E-02 2.93087236908001151E-03 2.48459344910291757E-01 3.57876447247844202E-04 2.85357663549404500E-03
1.20681815E+01 4.82716748700236647E-02 2.91951132815772762E-03 2.48365646417679858E-01 3.57314970631551765E-04 2.83309312965041157E-03
1.20891850E+01 4.81436045273786473E-02 2.90824245577998462E-03 2.48266963861609180E-01 3.56767077070728239E-04 2.81332279441997082E-03
1.21102404E+01 4.80159434456108106E-02 2.89704810795756145E-03 2.48163306816149287E-01 3.56234605877290048E-04 2.79428366590381673E-03
1.21313836E+01 4.78884591457741510E-02 2.88590512643550337E-03 2.48054517447674899E-01 3.55692761751789097E-04 2.77533361008042026E-03
1.21526503E+01 4.77609360000742084E-02 2.87479712338718904E-03 2.47940413845415653E-01 3.55141659561903906E-04 2.75643231065927398E-03
1.21740759E+01 4.76331619559039465E-02 2.86371048749462648E-03 2.47821006313829723E-01 3.54592011035352952E-04 2.73784110497000792E-03
1.21956958E+01 4.75049295540737673E-02 2.85263171949400865E-03 2.47695676340726451E-01 3.54063259166547220E-04 2.71985591519890340E-03
1.22173714E+01 4.73770532162913829E-02 2.84163374607465224E-03 2.47565484480812809E-01 3.53534508880839614E-04 2.70202013684722698E-03
1.22391184E+01 4.72494314076305141E-02 2.83071402615301879E-03 2.47430366926187473E-01 3.53003593895449591E-04 2.68420618637464983E-03
1.22609786E+01 4.71218189903840207E-02 2.81986105824473835E-03 2.47290048535728418E-01 3.52481020194629201E-04 2.66676109652121259E-03
1.22829930E+01 4.69939712410254312E-02 2.80906329429146890E-03 2.47144278372002923E-01 3.51964490639844691E-04 2.64963060213696056E-03
1.23052027E+01 4.68656495730536624E-02 2.79830944165879300E-03 2.46992782013900042E-01 3.51444485539775288E-04 2.63254744837863961E-03
1.23276085E+01 4.67368512522212329E-02 2.78760710057990432E-03 2.46835500674723596E-01 3.50914189911482558E-04 2.61542302369322356E-03
1.23500667E+01 4.66084022487226884E-02 2.77703503297459069E-03 2.46673489283710773E-01 3.50389324603587603E-04 2.59859233230602974E-03
1.23726250E+01 4.64800236475612222E-02 2.76658026800673945E-03 2.46506422304191647E-01 3.49884664855264443E-04 2.58227753094860584E-03
1.23953307E+01 4.63514409844559341E-02 2.75622893572570905E-03 2.46333902824845186E-01 3.49383235556177359E-04 2.56630445610426692E-03
1.24182310E+01 4.62223900727460196E-02 2.74596781758196067E-03 2.46155551461537864E-01 3.48883351650488649E-04 2.55063102311285260E-03
1.24413724E+01 4.60926138122314810E-02 2.73578356288543259E-03 2.45970967998914741E-01 3.48375696514888677E-04 2.53529633700700589E-03
1.24646127E+01 4.59629113012082618E-02 2.72574289120977500E-03 2.45781362979721668E-01 3.47874817083345072E-04 2.52052955845676096E-03
1.24879384E+01 4.58333487567406384E-02 2.71585164045270479E-03 2.45586904061644379E-01 3.47370392006364601E-04 2.50605182382980041E-03
1.25114027E+01 4.57036296773675743E-02 2.70608852175812774E-03 2.45387167668156825E-01 3.46857976619953043E-04 2.49186575015068789E-03
1.25350583E+01 4.55734655578814499E-02 2.69643305045145750E-03 2.45181739868041343E-01 3.46338450672280490E-04 2.47789969771042805E-03
1.25589576E+01 4.54425750097894390E-02 2.68686548881930934E-03 2.44970210899721014E-01 3.45811006401979763E-04 2.46408669952761930E-03
1.25830135E+01 4.53114369324167515E-02 2.67742001024056341E-03 2.44753503755400031E-01 3.45285143812484679E-04 2.45069049917167985E-03
1.26071420E+01 4.51805001302201525E-02 2.66812435136562888E-03 2.44532576808478924E-01 3.44764199660164332E-04 2.43767049989913973E-03
1.26314006E+01 4.50494428003050604E-02 2.65895166062179783E-03 2.44307040920021090E-01 3.44237079228668823E-04 2.42489074596344539E-03
1.26558468E+01 4.49179523501378533E-02 2.64987855905785647E-03 2.44076561786897961E-01 3.43704132606448298E-04 2.41232512804292597E-03
1.26805373E+01 4.47857244700135479E-02 2.64088367433955914E-03 2.43840862222086813E-01 3.43165371619953328E-04 2.39988488971473865E-03
1.27054104E+01 4.46530920508054902E-02 2.63198922196030772E-03 2.43600924509440403E-01 3.42622820753768877E-04 2.38746809685368502E-03
1.27303491E+01 4.45206765723253975E-02 2.62323605617373074E-03 2.43358375830110996E-01 3.42074614942278405E-04 2.37506045827790566E-03
1.27554137E+01 4.43881583610641478E-02 2.61460303488241777E-03 2.43112972794795767E-01 3.41548864375363335E-04 2.36305255108499538E-03
1.27806644E+01 4.42552111903850923E-02 2.60606520230562610E-03 2.42864494204451165E-01 3.41044342457427470E-04 2.35146404607233577E-03
1.28061606E+01 4.41215141439556258E-02 2.59759707421202812E-03 2.42612813367932029E-01 3.40559077199963588E-04 2.34026159295992915E-03
1.28318336E+01 4.39874223261633029E-02 2.58921680568477029E-03 2.42359229650880886E-01 3.40094813779230458E-04 2.32962899266212506E-03
1.28575739E+01 4.38534922986122608E-02 2.58095328221691041E-03 2.42105468910141702E-01 3.39629348098734554E-04 2.31929960501366800E-03
1.28834425E+01 4.37193989345311118E-02 2.57278251808708324E-03 2.41851444520209485E-01 3.39161644715938826E-04 2.30925008790298057E-03
1.29091972E+01 4.35863843768031986E-02 2.56477437990247810E-03 2.41600294536510912E-01 3.38695126231096778E-04 2.29941004849188672E-03
1.29348420E+01 4.34544088658595576E-02 2.55691965398506136E-03 2.41352487904795604E-01 3.38234098932940698E-04 2.28972561671152239E-03
1.29604099E+01 4.33232886851991628E-02 2.54920211224850821E-03 2.41108191304681557E-01 3.37781324386582859E-04 2.28015289493985630E-03
1.29859201E+01 4.31929137006887148E-02 2.54161139015407446E-03 2.40867810723444542E-01 3.37319287897420409E-04 2.27064194266417578E-03
1.30113867E+01 4.30632062469289006E-02 2.53413976068973161E-03 2.40631814264753524E-01 3.36857297204564592E-04 2.26136821609193269E-03
1.30367575E+01 4.29344207459212562E-02 2.52679616173037648E-03 2.40401292336133499E-01 3.36410997355905477E-04 2.25248962119241987E-03
1.30620312E+01 4.28065463873767704E-02 2.51957190370397013E-03 2.40176743622398048E-01 3.35968515117533663E-04 2.24384968111850189E-03
1.30872229E+01 4.26795009959488325E-02 2.51245500305974367E-03 2.39958258091148929E-01 3.35527791522555142E-04 2.23546610639036112E-03
1.31123454E+01 4.25532101542868829E-02 2.50543424667342904E-03 2.39746614689845650E-01 3.35102343674430431E-04 2.22738521436601899E-03
1.31374100E+01 4.24276088869762549E-02 2.49849814292288060E-03 2.39541889151620779E-01 3.34718077452342570E-04 2.21965931857998110E-03
1.31624275E+01 4.23026330048437496E-02 2.49163376674990797E-03 2.39344391866114226E-01 3.34345627673810278E-04 2.21208299643381456E-03
1.31874086E+01 4.21782198122459054E-02 2.48482866338400931E-03 2.39154396329804675E-01 3.33974934780461273E-04 2.20450825463972162E-03
1.32123357E+01 4.20544532306755536E-02 2.47808030046878583E-03 2.38972363737004284E-01 3.33600148930634892E-04 2.19678579692610468E-03
1.32371767E+01 4.19314928090706307E-02 2.47139260323672814E-03 2.38798800177435155E-01 3.33244412263303366E-04 2.18916244968466031E-03
1.32619423E+01 4.18092802647174883E-02 2.46475449516557216E-03 2.38633840531425084E-01 3.32911378094201264E-04 2.18176002511726334E-03
1.32866430E+01 4.16877513742236888E-02 2.45815103677310409E-03 2.38477651065673424E-01 3.32576791312738651E-04 2.17433918405302582E-03
1.33112902E+01 4.15668456440868514E-02 2.45156920036507112E-03 2.38330300368414572E-01 3.32247204106408131E-04 2.16684134469248557E-03
1.33358968E+01 4.14465013510417341E-02 2.44499737494335281E-03 2.38191843052496938E-01 3.31929546248602300E-04 2.15926560882568697E-03
1.33604776E+01 4.13266484271016671E-02 2.43842441390809943E-03 2.38062313657106311E-01 3.31626450648895004E-04 2.15165785777278202E-03
1.33850506E+01 4.12072040992192343E-02 2.43183871756715193E-03 2.37941709480340186E-01 3.31336504194320030E-04 2.14404096809181531E-03
1.34095910E+01 4.10882901924416385E-02 2.42523970755613048E-03 2.37830242713011508E-01 3.31038566187289351E-04 2.13630373367319857E-03
1.34340494E+01 4.09701488226798735E-02 2.41863377718149484E-03 2.37728179436893727E-01 3.30740699651536517E-04 2.12850778907035937E-03
1.34584415E+01 4.08527043611637344E-02 2.41200922549453462E-03 2.37635365816654398E-01 3.30454066691580688E-04 2.12066265338374830E-03
1.34827850E+01 4.07358721863878212E-02 2.40535322617888405E-03 2.37551669690117040E-01 3.30162809490348885E-04 2.11262023517737362E-03
1.35070998E+01 4.06195615913783475E-02 2.39865390233192938E-03 2.37476985267185081E-01 3.29855774574469498E-04 2.10425231321082970E-03
1.35314080E+01 4.05036769812573208E-02 2.39190162887321532E-03 2.37411193716861535E-01 3.29545887081902065E-04 2.09564961349453056E-03
1.35557344E+01 4.03881128841706780E-02 2.38508636818103754E-03 2.37354201841994100E-01 3.29228761563532166E-04 2.08675396819271892E-03
1.35800069E+01 4.02732215081957889E-02 2.37822624481193569E-03 2.37306144227851928E-01 3.28918295857514415E-04 2.07776198186959173E-03
1.36042220E+01 4.01590226269946532E-02 2.37131881546160089E-03 2.37266902413295760E-01 3.28609323104905892E-04 2.06867181817438784E-03
1.36284013E+01 4.00454171680935112E-02 2.36435500395637890E-03 2.37246951374298576E-01 3.28292415772730799E-04 2.05940194327355192E-03
1.36525691E+01 3.99323002839826677E-02 2.35732674984653152E-03 2.37199522597328460E-01 3.27964655430361331E-04 2.05004261937860631E-03
1.36767518E+01 3.98195567340746820E-02 2.35022386471120132E-03 2.37196421483909903E-01 3.27634667201183287E-04 2.04037246180780677E-03
1.37009779E+01 3.97070659143774068E-02 2.34303889122184023E-03 2.37194323888909292E-01 3.27308554456844211E-04 2.03042655983826049E-03
1.37251847E+01 3.95951320963255984E-02 2.33579335910468573E-03 2.37194590561164431E-01 3.26976957533053642E-04 2.02017391930986532E-03
1.37493533E+01 3.94838492620187623E-02 2.32849548350693271E-03 2.37216291677537106E-01 3.26645478975072197E-04 2.00978179813330726E-03
1.37735092E+01 3.93730959274817272E-02 2.32113480572121141E-03 2.37216178552009299E-01 3.26304889335883174E-04 1.99918824291302590E-03
1.37976804E+01 3.92627446628670898E-02 2.31370222919647988E-03 2.37262776952351651E-01 3.25967076306304514E-04 1.98847957448516736E-03
1.38218964E+01 3.91526633712827171E-02 2.30618991291388267E-03 2.37283827298427036E-01 3.25627400639610020E-04 1.97757327359168516E-03
1.38461887E+01 3.90427185457923043E-02 2.29859175927386817E-03 2.37330116187597417E-01 3.25284603834697045E-04 1.96643365885493639E-03
1.38704450E+01 3.89334243057892354E-02 2.29094825875111267E-03 2.37379002330783850E-01 3.24940510913809268E-04 1.95512050348937375E-03
1.38946920E+01 3.88246656457664971E-02 2.28325813731416983E-03 2.37436875159123401E-01 3.24588473488874956E-04 1.94359496166375176E-03
1.39189583E+01 3.87163215270066585E-02 2.27552012372018650E-03 2.37502037941107164E-01 3.24229212875142741E-04 1.93189732864263082E-03
1.39432739E+01 3.86082655309343617E-02 2.26773213895911782E-03 2.37574956896965866E-01 3.23884972062015168E-04 1.92020655916828875E-03
1.39676705E+01 3.85003639867065872E-02 2.25988987568908868E-03 2.37655665060538562E-01 3.23562083631210575E-04 1.90855070682401161E-03
1.39920955E+01 3.83928522797732791E-02 2.25201600273504344E-03 2.37744073018727048E-01 3.23255410163485418E-04 1.89708928239726922E-03
1.40165186E+01 3.82858609577561085E-02 2.24412469416437931E-03 2.37840075998041772E-01 3.22957978505590375E-04 1.88576820331667460E-03
1.40409685E+01 3.81792627084494435E-02 2.23621191907740890E-03 2.37943798856334598E-01 3.22660377376889345E-04 1.87445424919723208E-03
1.40654752E+01 3.80729292576678299E-02 2.22827536428189853E-03 2.38055457693585909E-01 3.22364772670022967E-04 1.86308060057196524E-03
1.40900697E+01 3.79667312835361356E-02 2.22031344835342277E-03 2.38175313837900110E-01 3.22062007001559455E-04 1.85153994549466750E-03
1.41147322E+01 3.78607594901691769E-02 2.21234098611683373E-03 2.38303402276512089E-01 3.21742206836267051E-04 1.83977269664765551E-03
1.41394042E+01 3.77552677231377046E-02 2.20438625480175090E-03 2.38439558247355965E-01 3.21404177410601361E-04 1.82782180020902196E-03
1.41641137E+01 3.76501396043354836E-02 2.19645073412536159E-03 2.38584031120656237E-01 3.21060601811453880E-04 1.81590214766617062E-03
1.41888901E+01 3.75452527403714945E-02 2.18853333984054621E-03 2.38737150759764621E-01 3.20725654122058605E-04 1.80420191448009892E-03
1.42137631E+01 3.74404785536438453E-02 2.18062945317269805E-03 2.38899315855016531E-01 3.20406251277145326E-04 1.79274007612688076E-03
1.42387247E+01 3.73358466344317977E-02 2.17274537178085330E-03 2.39070750668988946E-01 3.20090964839649995E-04 1.78140596912300885E-03
1.42637103E+01 3.72316254885121795E-02 2.16490653799046844E-03 2.39251303756409545E-01 3.19779576031101848E-04 1.77021313196996217E-03
1.42887466E+01 3.71277013258059577E-02 2.15711003406718598E-03 2.39441349671126041E-01 3.19471208590502501E-04 1.75911888772254136E-03
1.43138614E+01 3.70239586571715976E-02 2.14935233502821848E-03 2.39641338352691191E-01 3.19159405044818444E-04 1.74803401685615046E-03
1.43390826E+01 3.69202830002386406E-02 2.14162996682311455E-03 2.39851820392450482E-01 3.18836511404557233E-04 1.73692394241193562E-03
1.43644057E+01 3.68166951775533227E-02 2.13394962086828170E-03 2.40073121014427293E-01 3.18505090072473962E-04 1.72582288632022046E-03
1.43897696E+01 3.67134454475504662E-02 2.12633397722847067E-03 2.40305063091838050E-01 3.18173110874751808E-04 1.71489370706506719E-03
1.44151993E+01 3.66104288265468730E-02 2.11877709005634310E-03 2.40548152046978880E-01 3.17834995025856977E-04 1.70407032165532848E-03
1.44407203E+01 3.65075414442529167E-02 2.11127233148668356E-03 2.40802953741623166E-01 3.17498857161525449E-04 1.69341657161906772E-03
1.44663580E+01 3.64046807049304144E-02 2.10381192425888788E-03 2.41070135076796893E-01 3.17174099030105821E-04 1.68300449579280318E-03
1.44921037E+01 3.63018808426694359E-02 2.09639700999154042E-03 2.41350046235000282E-01 3.16859706549704224E-04 1.67279080329598004E-03
1.45179080E+01 3.61993356223205762E-02 2.08903933737724203E-03 2.41642490495574791E-01 3.16557822282349983E-04 1.66277771545373016E-03
1.45437937E+01 3.60969510198350385E-02 2.08172891954485706E-03 2.41948090173347258E-01 3.16249468953321759E-04 1.65272700708735034E-03
1.45697834E+01 3.59946388843933665E-02 2.07445856182019318E-03 2.42267526107284636E-01 3.15937983099361217E-04 1.64260077209147010E-03
1.45958997E+01 3.58923155955681861E-02 2.06722235048780118E-03 2.42601514853604872E-01 3.15626642073842773E-04 1.63238124718995364E-03
1.46221571E+01 3.57899323360747687E-02 2.06001816500435159E-03 2.42950777284706987E-01 3.15310645733067238E-04 1.62205759488785912E-03
1.46484907E+01 3.56877485891958363E-02 2.05286549438629630E-03 2.43314945661392446E-01 3.14987466452380869E-04 1.61166869657076387E-03
1.46749205E+01 3.55856911775225271E-02 2.04575948768630222E-03 2.43694689241049062E-01 3.14665620034511090E-04 1.60137722724704688E-03
1.47014662E+01 3.54836843644514982E-02 2.03869244213638993E-03 2.44090794998095301E-01 3.14343819160195265E-04 1.59111238903310217E-03
1.47281470E+01 3.53816567396474657E-02 2.03165751933008379E-03 2.44504118274798871E-01 3.14031583189965330E-04 1.58093874622275161E-03
1.47549816E+01 3.52795397688708684E-02 2.02464781696743562E-03 2.44935432593770874E-01 3.13716641425778448E-04 1.57077653993961870E-03
1.47819703E+01 3.51773349084477868E-02 2.01766137791807099E-03 2.45385103885217976E-01 3.13402918214638606E-04 1.56060999969027383E-03
1.48090698E+01 3.50752094050107849E-02 2.01070808671853637E-03 2.45852639797584677E-01 3.13089156987516855E-04 1.55043110369883284E-03
1.48362966E+01 3.49731066321711248E-02 2.00378380375794678E-03 2.46338384824977608E-01 3.12788084608112008E-04 1.54037475898492066E-03
1.48636668E+01 3.48709699285416896E-02 1.99688330601497646E-03 2.46842677896127988E-01 3.12500440568853216E-04 1.53055118804300608E-03
1.48911959E+01 3.47687456016456328E-02 1.99000049357545266E-03 2.47365760659181727E-01 3.12203689928323557E-04 1.52062570643252495E-03
1.49188985E+01 3.46663898686394786E-02 1.98313292225713554E-03 2.47907819735182194E-01 3.11893502397525752E-04 1.51054675507898955E-03
1.49467881E+01 3.45638653970756562E-02 1.97627997977358133E-03 2.48468992184973259E-01 3.11568239119729465E-04 1.50033979484099451E-03
1.49733940E+01 3.44665459062623789E-02 1.96980004360140402E-03 2.49018845295979785E-01 3.11253778863425194E-04 1.49061358064250631E-03
1.50000000E+01 3.43697030046234420E-02 1.96337855082245145E-03 2.49581599259285636E-01 3.10936179022847212E-04 1.48092624145272959E-03
