# time, MeanKE, MeanKEDR, MeanP, MeanFKEDR
0 1.24981176165412808E-01 4.68679415817068389E-04 -5.50482138072360219E-18 4.67551373953957721E-04
7.36310778E-03 1.24977302862476894E-01 4.68667536662312331E-04 6.16315635492312402E-05 4.67539506461406502E-04
1.47275078E-02 1.24973710358185566E-01 4.68662003358367573E-04 7.22166419354707505E-05 4.67533935676776738E-04
2.20921212E-02 1.24970211307484175E-01 4.68662113234194001E-04 7.12029080335585687E-05 4.67533960614856443E-04
2.94570006E-02 1.24966743048430015E-01 4.68667631543685217E-04 6.62244707510811640E-05 4.67539347082769315E-04
3.68222056E-02 1.24963284643969261E-01 4.68678480442344966E-04 5.69778932613746516E-05 4.67550017404527480E-04
4.41877983E-02 1.24959829068922432E-01 4.68694634698022731E-04 4.33714118651743732E-05 4.67565946383063685E-04
5.15538416E-02 1.24956373935727297E-01 4.68716086911955758E-04 2.54274624115395288E-05 4.67587126604462422E-04
5.89202904E-02 1.24952918453559492E-01 4.68742835491151760E-04 3.14489927354530707E-06 4.67613556443887844E-04
6.62869844E-02 1.24949462400935032E-01 4.68774880362070280E-04 -2.34762578768809482E-05 4.67645235791912240E-04
7.36539870E-02 1.24946005623288253E-01 4.68812223106259253E-04 -5.44329014394699746E-05 4.67682166177233025E-04
8.10213613E-02 1.24942548023372249E-01 4.68854865959675434E-04 -8.97212877954821109E-05 4.67724349774227088E-04
8.83891708E-02 1.24939089522994068E-01 4.68902811668829144E-04 -1.29337223590435187E-04 4.67771789259594439E-04
9.57574783E-02 1.24935630050370533E-01 4.68956063442609917E-04 -1.73276190179393080E-04 4.67824487764243640E-04
1.03126347E-01 1.24932169535807297E-01 4.69014624935685197E-04 -2.21533387100172441E-04 4.67882448856867775E-04
1.10495839E-01 1.24928707910399728E-01 4.69078500242674429E-04 -2.74103743854295476E-04 4.67945676537884680E-04
1.17866018E-01 1.24925245105413751E-01 4.69147693895612572E-04 -3.30981919823445975E-04 4.68014175237059721E-04
1.25236946E-01 1.24921781052270031E-01 4.69222210862856731E-04 -3.92162304040004806E-04 4.68087949812286824E-04
1.32608686E-01 1.24918315682396835E-01 4.69302056547923137E-04 -4.57639012295773964E-04 4.68167005548516580E-04
1.39981299E-01 1.24914848927299801E-01 4.69387236788720939E-04 -5.27405885040242912E-04 4.68251348156830879E-04
1.47354847E-01 1.24911380718447332E-01 4.69477757856800310E-04 -6.01456483770408819E-04 4.68340983773857060E-04
1.54729392E-01 1.24907910987398132E-01 4.69573626456483895E-04 -6.79784088972286253E-04 4.68435918960573338E-04
1.62104709E-01 1.24904439800703232E-01 4.69674845681789302E-04 -7.62378449350691501E-04 4.68536156698796653E-04
1.69480821E-01 1.24900967107701849E-01 4.69781421921701577E-04 -8.49231299266618093E-04 4.68641703228593414E-04
1.76857790E-01 1.24897492839678451E-01 4.69893362481325102E-04 -9.40312848752684460E-04 4.68752565693337511E-04
1.84235679E-01 1.24894016927983798E-01 4.70010675096841366E-04 -1.03568394191393652E-03 4.68868751658967217E-04
1.91614547E-01 1.24890539303946085E-01 4.70133367934255295E-04 -1.13525631327755761E-03 4.68990269113156639E-04
1.98994457E-01 1.24887059898935907E-01 4.70261449588721642E-04 -1.23905870730408674E-03 4.69117126463936343E-04
2.06375469E-01 1.24883578644358020E-01 4.70394929083193256E-04 -1.34707611611717621E-03 4.69249332539010305E-04
2.13757644E-01 1.24880095471615327E-01 4.70533815867390116E-04 -1.45929882006036547E-03 4.69386896584296465E-04
2.21141042E-01 1.24876610312175784E-01 4.70678119816763318E-04 -1.57571689906389626E-03 4.69529828262899127E-04
2.28525722E-01 1.24873123097507283E-01 4.70827851231263588E-04 -1.69632012505321113E-03 4.69678137653973626E-04
2.35911746E-01 1.24869633759114071E-01 4.70983020834139820E-04 -1.82109795350007321E-03 4.69831835251281152E-04
2.43299171E-01 1.24866142228546709E-01 4.71143639770874067E-04 -1.95003952061579525E-03 4.69990931962262454E-04
2.50688057E-01 1.24862648437359322E-01 4.71309719607512084E-04 -2.08313363781114681E-03 4.70155439106218008E-04
2.58078419E-01 1.24859152337511173E-01 4.71481271315955807E-04 -2.22036798207651516E-03 4.70325367409194113E-04
2.65470046E-01 1.24855653988008936E-01 4.71658300662430462E-04 -2.36172544716921730E-03 4.70500722435946079E-04
2.72862998E-01 1.24852153319995912E-01 4.71840819813534613E-04 -2.50719332314239610E-03 4.70681516086109641E-04
2.80257334E-01 1.24848650264713062E-01 4.72028841354320999E-04 -2.65675858357624067E-03 4.70867760668971689E-04
2.87653111E-01 1.24845144753377324E-01 4.72222378286874542E-04 -2.81040787300477829E-03 4.71059468901915035E-04
2.95050388E-01 1.24841636717281684E-01 4.72421444029128728E-04 -2.96812748977285518E-03 4.71256653909205730E-04
3.02449223E-01 1.24838126087740281E-01 4.72626052413064690E-04 -3.12990338058683534E-03 4.71459329220165534E-04
3.09849672E-01 1.24834612796098129E-01 4.72836217683460529E-04 -3.29572113437671043E-03 4.71667508767722933E-04
3.17251793E-01 1.24831096773699537E-01 4.73051954496301111E-04 -3.46556597787692645E-03 4.71881206886956247E-04
3.24655642E-01 1.24827577952017113E-01 4.73273277917037386E-04 -3.63942276856238367E-03 4.72100438313267934E-04
3.32061275E-01 1.24824056262482511E-01 4.73500203419243760E-04 -3.81727599048481501E-03 4.72325218180790656E-04
3.39468747E-01 1.24820531636596732E-01 4.73732746882787371E-04 -3.99910974528305471E-03 4.72555562020739075E-04
3.46878113E-01 1.24817004005901178E-01 4.73970924592243307E-04 -4.18490775062453114E-03 4.72791485759463002E-04
3.54289428E-01 1.24813473301982655E-01 4.74214753235243747E-04 -4.37465332927637097E-03 4.73033005717020589E-04
3.61702745E-01 1.24809939456462973E-01 4.74464249900600501E-04 -4.56832940496580773E-03 4.73280138605049173E-04
3.69117874E-01 1.24806402517655901E-01 4.74719423569649318E-04 -4.76591194494372164E-03 4.73532893098818728E-04
3.76534821E-01 1.24802862439502490E-01 4.74980289930498130E-04 -4.96738139712949237E-03 4.73791284510961222E-04
3.83953640E-01 1.24799319153055532E-01 4.75246866674141168E-04 -5.17271904654302995E-03 4.74055330132076380E-04
3.91374386E-01 1.24795772589434473E-01 4.75519171889795839E-04 -5.38190577604988167E-03 4.74325047641142817E-04
3.98797111E-01 1.24792222679772580E-01 4.75797224063194890E-04 -5.59492204669766961E-03 4.74600455103731816E-04
4.06221869E-01 1.24788669355243645E-01 4.76081042074598740E-04 -5.81174789167670808E-03 4.74881570969875244E-04
4.13648712E-01 1.24785112547093638E-01 4.76370645196936453E-04 -6.03236290701973047E-03 4.75168414072094905E-04
4.21077691E-01 1.24781552186592523E-01 4.76666053093645033E-04 -6.25674624630020732E-03 4.75461003623471688E-04
4.28508857E-01 1.24777988205050996E-01 4.76967285817036938E-04 -6.48487661343629535E-03 4.75759359215359684E-04
4.35942261E-01 1.24774420533849517E-01 4.77274363805947144E-04 -6.71673225287243002E-03 4.76063500815506618E-04
4.43377954E-01 1.24770849104406320E-01 4.77587307883821539E-04 -6.95229094679038380E-03 4.76373448765580348E-04
4.50815983E-01 1.24767273848178595E-01 4.77906139256693743E-04 -7.19153000233823270E-03 4.76689223779301597E-04
4.58256399E-01 1.24763694696681138E-01 4.78230879510959945E-04 -7.43442624860000088E-03 4.77010846940129399E-04
4.65699248E-01 1.24760111581494137E-01 4.78561550611122900E-04 -7.68095602564150288E-03 4.77338339698914183E-04
4.73144579E-01 1.24756524434219654E-01 4.78898174898100297E-04 -7.93109517925902167E-03 4.77671723871572697E-04
4.80592279E-01 1.24752933263307414E-01 4.79240767699824364E-04 -8.18481359919084883E-03 4.78011014321855362E-04
4.88042290E-01 1.24749338050757094E-01 4.79589346829868582E-04 -8.44208228626854018E-03 4.78356228367654633E-04
4.95494660E-01 1.24745738727381761E-01 4.79943935238281549E-04 -8.70287527512519747E-03 4.78707388406381367E-04
5.02949438E-01 1.24742135224161430E-01 4.80304556247825607E-04 -8.96716608694544601E-03 4.79064517196808892E-04
5.10406668E-01 1.24738527472055674E-01 4.80671233551517704E-04 -9.23492772600935548E-03 4.79427637856456770E-04
5.17866398E-01 1.24734915402101285E-01 4.81043991210346991E-04 -9.50613266370411297E-03 4.79796773859235642E-04
5.25328673E-01 1.24731298945356950E-01 4.81422853651002547E-04 -9.78075283429793822E-03 4.80171949033023602E-04
5.32793537E-01 1.24727678032990119E-01 4.81807845663475339E-04 -1.00587596241547370E-02 4.80553187557035324E-04
5.40261034E-01 1.24724052596167215E-01 4.82198992398470130E-04 -1.03401238653289089E-02 4.80940513959298690E-04
5.47731208E-01 1.24720422566141270E-01 4.82596319365220751E-04 -1.06248158267492898E-02 4.81333953114195391E-04
5.55204102E-01 1.24716787874196947E-01 4.82999852428762629E-04 -1.09128052063277112E-02 4.81733530239690998E-04
5.62679756E-01 1.24713148451695857E-01 4.83409617807738906E-04 -1.12040611223276007E-02 4.82139270894636556E-04
5.70158213E-01 1.24709504230043178E-01 4.83825642071499657E-04 -1.14985521058897072E-02 4.82551200976376880E-04
5.77639513E-01 1.24705855140710850E-01 4.84247952137805760E-04 -1.17962460907555314E-02 4.82969346717752304E-04
5.85123694E-01 1.24702201115212838E-01 4.84676575270112707E-04 -1.20971104108274757E-02 4.83393734684478115E-04
5.92610797E-01 1.24698542085137462E-01 4.85111539074972254E-04 -1.24011117822097148E-02 4.83824391772224682E-04
6.00100860E-01 1.24694877982125252E-01 4.85552871499453917E-04 -1.27082163041285136E-02 4.84261345203976180E-04
6.07593743E-01 1.24691208823720742E-01 4.86000590283196449E-04 -1.30183821508285218E-02 4.84704612086977430E-04
6.15089436E-01 1.24687534565949304E-01 4.86454720617447538E-04 -1.33315718971960401E-02 4.85154216896424768E-04
6.22587977E-01 1.24683855139529995E-01 4.86915291070374166E-04 -1.36477496032853911E-02 4.85610187440586091E-04
6.30089404E-01 1.24680170475268012E-01 4.87382330546522571E-04 -1.39668786889009123E-02 4.86072551850186198E-04
6.37593755E-01 1.24676480504013032E-01 4.87855868284089631E-04 -1.42889219209255541E-02 4.86541338575617848E-04
6.45101065E-01 1.24672785156658375E-01 4.88335933852231878E-04 -1.46138414131847874E-02 4.87016576383837794E-04
6.52611370E-01 1.24669084364149571E-01 4.88822557148185961E-04 -1.49415986143558010E-02 4.87498294355598165E-04
6.60124706E-01 1.24665378057537052E-01 4.89315768394486643E-04 -1.52721542992914263E-02 4.87986521882116393E-04
6.67641106E-01 1.24661666167887028E-01 4.89815598135997544E-04 -1.56054685641792753E-02 4.88481288662286051E-04
6.75160604E-01 1.24657948626347312E-01 4.90322077237149794E-04 -1.59415008147855766E-02 4.88982624699309861E-04
6.82683233E-01 1.24654225364115523E-01 4.90835236878872107E-04 -1.62802097628083446E-02 4.89490560297823631E-04
6.90209023E-01 1.24650496312455089E-01 4.91355108555600667E-04 -1.66215534165389742E-02 4.90005126060489909E-04
6.97738006E-01 1.24646761402693054E-01 4.91881724072639631E-04 -1.69654890728776382E-02 4.90526352885013337E-04
7.05270213E-01 1.24643020566242629E-01 4.92415115542639429E-04 -1.73119733116866258E-02 4.91054271960648437E-04
7.12805671E-01 1.24639273734529932E-01 4.92955315382987845E-04 -1.76609619843681072E-02 4.91588914765255782E-04
7.20344411E-01 1.24635520839067621E-01 4.93502356312460269E-04 -1.80124102124343786E-02 4.92130313061742565E-04
7.27886458E-01 1.24631761811451025E-01 4.94056271348299178E-04 -1.83662723796781426E-02 4.92678498894786460E-04
7.35431840E-01 1.24627996583309711E-01 4.94617093802913283E-04 -1.87225021195393387E-02 4.93233504587654360E-04
7.42980584E-01 1.24624225086360896E-01 4.95184857280991605E-04 -1.90810523130555930E-02 4.93795362738468709E-04
7.50532713E-01 1.24620447252388120E-01 4.95759595676060582E-04 -1.94418750862534184E-02 4.94364106216996202E-04
7.58088100E-01 1.24616663089566065E-01 4.96341331364219453E-04 -1.98049144204647358E-02 4.94939756481893199E-04
7.65646749E-01 1.24612872539457020E-01 4.96930096934682314E-04 -2.01701199001228376E-02 4.95522345083822062E-04
7.73208687E-01 1.24609075532735286E-01 4.97525926916817895E-04 -2.05374413618584217E-02 4.96111905478539296E-04
7.80773937E-01 1.24605272000177902E-01 4.98128856124524380E-04 -2.09068278702522932E-02 4.96708471387703613E-04
7.88342524E-01 1.24601461872612312E-01 4.98738919652442396E-04 -2.12782277114384917E-02 4.97312076795248517E-04
7.95914471E-01 1.24597645080923053E-01 4.99356152872931173E-04 -2.16515883853266762E-02 4.97922755943659158E-04
8.03489801E-01 1.24593821556065604E-01 4.99980591432562017E-04 -2.20268566027588264E-02 4.98540543330549071E-04
8.11068534E-01 1.24589991229081140E-01 5.00612271248948972E-04 -2.24039782848327838E-02 4.99165473704875655E-04
8.18650691E-01 1.24586154031039537E-01 5.01251228507202501E-04 -2.27828985479138907E-02 4.99797582063275900E-04
8.26236291E-01 1.24582309893105925E-01 5.01897499656524444E-04 -2.31635617149635806E-02 5.00436903646472473E-04
8.33825355E-01 1.24578458746509996E-01 5.02551121406824542E-04 -2.35459112919083335E-02 5.01083473935228993E-04
8.41417898E-01 1.24574600522508738E-01 5.03212130725295449E-04 -2.39298899836006169E-02 5.01737328646861933E-04
8.49013939E-01 1.24570735152490397E-01 5.03880564832812094E-04 -2.43154396749698937E-02 5.02398503731216607E-04
8.56613494E-01 1.24566862567879869E-01 5.04556461200485651E-04 -2.47025014374997777E-02 5.03067035367026636E-04
8.64216577E-01 1.24562982700139949E-01 5.05239857546055209E-04 -2.50910155220093016E-02 5.03742959957674931E-04
8.71823203E-01 1.24559095480856891E-01 5.05930791830381892E-04 -2.54809213557074983E-02 5.04426314127733684E-04
8.79433386E-01 1.24555200841640859E-01 5.06629302253846603E-04 -2.58721575457662757E-02 5.05117134718575185E-04
8.87047138E-01 1.24551298714209571E-01 5.07335427252649310E-04 -2.62646618684652389E-02 5.05815458784740946E-04
8.94664471E-01 1.24547389030309263E-01 5.08049205495329412E-04 -2.66583712771647531E-02 5.06521323589696824E-04
9.02285395E-01 1.24543471721779375E-01 5.08770675878934494E-04 -2.70532218936687940E-02 5.07234766601955922E-04
9.09909920E-01 1.24539546720531094E-01 5.09499877525405810E-04 -2.74491490165437342E-02 5.07955825490758470E-04
9.17538057E-01 1.24535613958543831E-01 5.10236849777792470E-04 -2.78460871083115111E-02 5.08684538122271051E-04
9.25169811E-01 1.24531673367847484E-01 5.10981632196682136E-04 -2.82439698105607997E-02 5.09420942555286436E-04
9.32805192E-01 1.24527724880560881E-01 5.11734264556164861E-04 -2.86427299313385328E-02 5.10165077036932963E-04
9.40444205E-01 1.24523768428864923E-01 5.12494786840343914E-04 -2.90422994574946469E-02 5.10916979998839605E-04
9.48086856E-01 1.24519803945020158E-01 5.13263239239308291E-04 -2.94426095496263460E-02 5.11676690052456228E-04
9.55733149E-01 1.24515831361356438E-01 5.14039662145435584E-04 -2.98435905440630582E-02 5.12444245985079990E-04
9.63383087E-01 1.24511850610258809E-01 5.14824096149430204E-04 -3.02451719623495797E-02 5.13219686755663059E-04
9.71036653E-01 1.24507861635821657E-01 5.15616579716094022E-04 -3.06472813217496046E-02 5.14003049196342168E-04
9.78693780E-01 1.24503864405447903E-01 5.16417146750994629E-04 -3.10498429887452604E-02 5.14794365607804507E-04
9.86354473E-01 1.24499858850316059E-01 5.17225838480300988E-04 -3.14527842257949358E-02 5.15593675501525872E-04
9.94018736E-01 1.24495844901690786E-01 5.18042696321895134E-04 -3.18560314890488638E-02 5.16401018551755934E-04
1.00168657E+00 1.24491822490874288E-01 5.18867761881595686E-04 -3.22595104278834768E-02 5.17216434591398488E-04
1.00935798E+00 1.24487791549275376E-01 5.19701076948879577E-04 -3.26631459087398379E-02 5.18039963607257441E-04
1.01703296E+00 1.24483752008369628E-01 5.20542683493130398E-04 -3.30668620124941956E-02 5.18871645735732097E-04
1.02471151E+00 1.24479703799678612E-01 5.21392623659512567E-04 -3.34705820514743790E-02 5.19711521258168856E-04
1.03239364E+00 1.24475646854831090E-01 5.22250939764684076E-04 -3.38742285652626970E-02 5.20559630596015917E-04
1.04007934E+00 1.24471581105500453E-01 5.23117674293030726E-04 -3.42777233390833339E-02 5.21416014306804029E-04
1.04776861E+00 1.24467506483448148E-01 5.23992869892515368E-04 -3.46809874074377744E-02 5.22280713078827831E-04
1.05546144E+00 1.24463422920489022E-01 5.24876569370237556E-04 -3.50839410621276715E-02 5.23153767726961265E-04
1.06315782E+00 1.24459330348531891E-01 5.25768815688667352E-04 -3.54865038700072077E-02 5.24035219187624925E-04
1.07085777E+00 1.24455228699525910E-01 5.26669651961183399E-04 -3.58885946738812522E-02 5.24925108514242493E-04
1.07856126E+00 1.24451117905552050E-01 5.27579121448139982E-04 -3.62901316108869554E-02 5.25823476872491063E-04
1.08626829E+00 1.24446997898675027E-01 5.28497267552504517E-04 -3.66910321206156825E-02 5.26730365535304601E-04
1.09397885E+00 1.24442868611083154E-01 5.29424133815651504E-04 -3.70912129623119091E-02 5.27645815878253935E-04
1.10169293E+00 1.24438729975051635E-01 5.30359763913179887E-04 -3.74905902232167479E-02 5.28569869374553359E-04
1.10941053E+00 1.24434581922874543E-01 5.31304201650677622E-04 -3.78890793384541250E-02 5.29502567590295998E-04
1.11713163E+00 1.24430424386962682E-01 5.32257490959429642E-04 -3.82865950982312769E-02 5.30443952179583786E-04
1.12485623E+00 1.24426257299772663E-01 5.33219675891985641E-04 -3.86830516726109006E-02 5.31394064879445161E-04
1.13258430E+00 1.24422080593832390E-01 5.34190800618247513E-04 -3.90783626219047345E-02 5.32352947504916366E-04
1.14031583E+00 1.24417894201726512E-01 5.35170909420750580E-04 -3.94724409129721607E-02 5.33320641944289714E-04
1.14805082E+00 1.24413698056146479E-01 5.36160046690622332E-04 -3.98651989455411568E-02 5.34297190153864643E-04
1.15578925E+00 1.24409492089816401E-01 5.37158256923224485E-04 -4.02565485573860085E-02 5.35282634152997572E-04
1.16353109E+00 1.24405276235541040E-01 5.38165584713660040E-04 -4.06464010562504960E-02 5.36277016019122161E-04
1.17127634E+00 1.24401050426178383E-01 5.39182074752583818E-04 -4.10346672347746549E-02 5.37280377882644019E-04
1.17902498E+00 1.24396814594661786E-01 5.40207771821834865E-04 -4.14212573863370001E-02 5.38292761921875746E-04
1.18677699E+00 1.24392568674002155E-01 5.41242720790004878E-04 -4.18060813397837724E-02 5.39314210357937063E-04
1.19453235E+00 1.24388312597256773E-01 5.42286966608132516E-04 -4.21890484653599726E-02 5.40344765449669363E-04
1.20229104E+00 1.24384046297572576E-01 5.43340554305412780E-04 -4.25700677143804607E-02 5.41384469488376133E-04
1.21005304E+00 1.24379769708089852E-01 5.44403528984548708E-04 -4.29490476282061093E-02 5.42433364792884202E-04
1.21781833E+00 1.24375482762110245E-01 5.45475935817737556E-04 -4.33258963749499001E-02 5.43491493704188863E-04
1.22558689E+00 1.24371185392921732E-01 5.46557820042149018E-04 -4.37005217659775513E-02 5.44558898580349126E-04
1.23335869E+00 1.24366877533893194E-01 5.47649226955324205E-04 -4.40728312892036192E-02 5.45635621791391748E-04
1.24113372E+00 1.24362559118480001E-01 5.48750201911303191E-04 -4.44427321297485300E-02 5.46721705713919173E-04
1.24891194E+00 1.24358230080140408E-01 5.49860790315655906E-04 -4.48101312018057904E-02 5.47817192726083929E-04
1.25669333E+00 1.24353890352421004E-01 5.50981037621679401E-04 -4.51749351755039649E-02 5.48922125202351606E-04
1.26447787E+00 1.24349539868921111E-01 5.52110989325647417E-04 -4.55370505071147139E-02 5.50036545507983244E-04
1.27226554E+00 1.24345178563306541E-01 5.53250690962599234E-04 -4.58963834662600295E-02 5.51160495994239036E-04
1.28005629E+00 1.24340806369267975E-01 5.54400188102090576E-04 -4.62528401689453958E-02 5.52294018992904737E-04
1.28785011E+00 1.24336423220553161E-01 5.55559526343561683E-04 -4.66063266072529944E-02 5.53437156811129017E-04
1.29564697E+00 1.24332029050972834E-01 5.56728751312429303E-04 -4.69567486836940384E-02 5.54589951726008304E-04
1.30344684E+00 1.24327623794368736E-01 5.57907908655449125E-04 -4.73040122402471550E-02 5.55752445979571484E-04
1.31124968E+00 1.24323207384618162E-01 5.59097044036546698E-04 -4.76480230930641166E-02 5.56924681773600882E-04
1.31905548E+00 1.24318779755681535E-01 5.60296203132557057E-04 -4.79886870674219174E-02 5.58106701264024225E-04
1.32686419E+00 1.24314340841522777E-01 5.61505431628902879E-04 -4.83259100326884627E-02 5.59298546555985865E-04
1.33467578E+00 1.24309890576156559E-01 5.62724775215339419E-04 -4.86595979306975526E-02 5.60500259698648671E-04
1.34249023E+00 1.24305428893622893E-01 5.63954279581965843E-04 -4.89896568245705641E-02 5.61711882679831248E-04
1.35030750E+00 1.24300955728027185E-01 5.65193990414656288E-04 -4.93159929202604888E-02 5.62933457420887570E-04
1.35812755E+00 1.24296471013467150E-01 5.66443953391270252E-04 -4.96385126131374185E-02 5.64165025771639315E-04
1.36595036E+00 1.24291974684096973E-01 5.67704214177203355E-04 -4.99571225218718440E-02 5.65406629504816398E-04
1.37377589E+00 1.24287466674088604E-01 5.68974818421482580E-04 -5.02717295262611052E-02 5.66658310311549292E-04
1.38160409E+00 1.24282946917644604E-01 5.70255811752710712E-04 -5.05822408074875010E-02 5.67920109795475633E-04
1.38943495E+00 1.24278415348962598E-01 5.71547239774798372E-04 -5.08885638809737986E-02 5.69192069468348332E-04
1.39726841E+00 1.24273871902289321E-01 5.72849148063152400E-04 -5.11906066444178173E-02 5.70474230744552873E-04
1.40510445E+00 1.24269316511885386E-01 5.74161582160819667E-04 -5.14882774099083354E-02 5.71766634935938056E-04
1.41294302E+00 1.24264749111994102E-01 5.75484587574266715E-04 -5.17814849465245905E-02 5.73069323247394941E-04
1.42078409E+00 1.24260169636896331E-01 5.76818209769740958E-04 -5.20701385204612316E-02 5.74382336771194065E-04
1.42862762E+00 1.24255578020866342E-01 5.78162494169309218E-04 -5.23541479361171735E-02 5.75705716482343105E-04
1.43647357E+00 1.24250974198177627E-01 5.79517486147203427E-04 -5.26334235763240496E-02 5.77039503233717612E-04
1.44432190E+00 1.24246358103108329E-01 5.80883231026058339E-04 -5.29078764415423647E-02 5.78383737751191648E-04
1.45217258E+00 1.24241729669932646E-01 5.82259774073073336E-04 -5.31774181941573193E-02 5.79738460628655443E-04
1.46002555E+00 1.24237088832895692E-01 5.83647160496616828E-04 -5.34419611988515356E-02 5.81103712323361127E-04
1.46788078E+00 1.24232435526261759E-01 5.85045435442633848E-04 -5.37014185620249968E-02 5.82479533151045452E-04
1.47573823E+00 1.24227769684238848E-01 5.86454643991029916E-04 -5.39557041762372888E-02 5.83865963281713762E-04
1.48359786E+00 1.24223091241042388E-01 5.87874831152471124E-04 -5.42047535253709703E-02 5.85263042734535457E-04
1.49145963E+00 1.24218400130834489E-01 5.89306041864784587E-04 -5.44484157421982751E-02 5.86670811373320817E-04
1.49932348E+00 1.24213696287782560E-01 5.90748320989825746E-04 -5.46866834216108294E-02 5.88089308902346058E-04
1.50718939E+00 1.24208979645968082E-01 5.92201713310215030E-04 -5.49194381653257194E-02 5.89518574861865280E-04
1.51505730E+00 1.24204250142576231E-01 5.93666262565909842E-04 -5.51466035271383770E-02 5.90958647679234073E-04
1.52292712E+00 1.24199507745125032E-01 5.95142002895103863E-04 -5.53680975528619418E-02 5.92409556253894521E-04
1.53079879E+00 1.24194752388211260E-01 5.96628978470380221E-04 -5.55838409577013373E-02 5.93871339263997260E-04
1.53867228E+00 1.24189984006295009E-01 5.98127233379249792E-04 -5.57937555518019587E-02 5.95344035212938398E-04
1.54654754E+00 1.24185202533772868E-01 5.99636811621784825E-04 -5.59977642922398905E-02 5.96827682425807998E-04
1.55442452E+00 1.24180407904928070E-01 6.01157757108743379E-04 -5.61957913402130194E-02 5.98322319046343904E-04
1.56230318E+00 1.24175600053930135E-01 6.02690113659043241E-04 -5.63877620986243042E-02 5.99827983032957812E-04
1.57018348E+00 1.24170778914848068E-01 6.04233924998200133E-04 -5.65736032540634232E-02 6.01344712156197587E-04
1.57806537E+00 1.24165944421657584E-01 6.05789234756082761E-04 -5.67532428124247409E-02 6.02872543995036474E-04
1.58594881E+00 1.24161096508142929E-01 6.07356086465382899E-04 -5.69266101403665403E-02 6.04411515934287383E-04
1.59383374E+00 1.24156235107999113E-01 6.08934523559820709E-04 -5.70936360009207042E-02 6.05961665161419889E-04
1.60172013E+00 1.24151360154773210E-01 6.10524589372867335E-04 -5.72542525909846903E-02 6.07523028663909466E-04
1.60960792E+00 1.24146471581844997E-01 6.12126327136101140E-04 -5.74083935805285231E-02 6.09095643226777107E-04
1.61749708E+00 1.24141569322461315E-01 6.13739779978039702E-04 -5.75559941431516842E-02 6.10679545429816152E-04
1.62538755E+00 1.24136653309689399E-01 6.15364990923055496E-04 -5.76969909967774627E-02 6.12274771645321750E-04
1.63327929E+00 1.24131723476414532E-01 6.17002002890393287E-04 -5.78313224347556526E-02 6.13881358036026214E-04
1.64117226E+00 1.24126779755341546E-01 6.18650858693333121E-04 -5.79589283608817132E-02 6.15499340552873374E-04
1.64906640E+00 1.24121822078990723E-01 6.20311601038380975E-04 -5.80797503200045293E-02 6.17128754933117312E-04
1.65696168E+00 1.24116850379673099E-01 6.21984272524925925E-04 -5.81937315332838739E-02 6.18769636698831486E-04
1.66485804E+00 1.24111864589485893E-01 6.23668915644888652E-04 -5.83008169254366562E-02 6.20422021154830414E-04
1.67275545E+00 1.24106864640316991E-01 6.25365572782140091E-04 -5.84009531561593409E-02 6.22085943387924180E-04
1.68065385E+00 1.24101850463808352E-01 6.27074286212911045E-04 -5.84940886473762425E-02 6.23761438265167775E-04
1.68855320E+00 1.24096821991382639E-01 6.28795098105517226E-04 -5.85801736117254612E-02 6.25448540432977360E-04
1.69645346E+00 1.24091779154195919E-01 6.30528050521095762E-04 -5.86591600768497229E-02 6.27147284316229513E-04
1.70435457E+00 1.24086721883133633E-01 6.32273185413530052E-04 -5.87310019101077579E-02 6.28857704117847822E-04
1.71225650E+00 1.24081650108833916E-01 6.34030544630520207E-04 -5.87956548429903955E-02 6.30579833818057495E-04
1.72015920E+00 1.24076563761633299E-01 6.35800169914245818E-04 -5.88530764914960564E-02 6.32313707174170041E-04
1.72806263E+00 1.24071462771572188E-01 6.37582102902479434E-04 -5.89032263758049110E-02 6.34059357720488507E-04
1.73596673E+00 1.24066347068429436E-01 6.39376385129419226E-04 -5.89460659390981523E-02 6.35816818768757857E-04
1.74387148E+00 1.24061216581593692E-01 6.41183058027963216E-04 -5.89815585521670724E-02 6.37586123408222650E-04
1.75177681E+00 1.24056071240175467E-01 6.43002162930431131E-04 -5.90096694930484986E-02 6.39367304506437378E-04
1.75968269E+00 1.24050910972915762E-01 6.44833741070717742E-04 -5.90303658055585170E-02 6.41160394709952325E-04
1.76758908E+00 1.24045735708234267E-01 6.46677833586673228E-04 -5.90436154926104739E-02 6.42965426445492750E-04
1.77549593E+00 1.24040545374152891E-01 6.48534481521809278E-04 -5.90493789063367761E-02 6.44782431921500946E-04
1.78340320E+00 1.24035339898329683E-01 6.50403725828055564E-04 -5.90478455106630482E-02 6.46611443129245056E-04
1.79131085E+00 1.24030119208032544E-01 6.52285607368633530E-04 -5.90382993298218042E-02 6.48452491845071389E-04
1.79921883E+00 1.24024883230113028E-01 6.54180166920604591E-04 -5.90216642708619385E-02 6.50305609632262859E-04
1.80712711E+00 1.24019631890979712E-01 6.56087445178358554E-04 -5.89972889311369889E-02 6.52170827843679443E-04
1.81503564E+00 1.24014365116673839E-01 6.58007482756751624E-04 -5.89653466181422128E-02 6.54048177624036420E-04
1.82294438E+00 1.24009082832720705E-01 6.59940320195167174E-04 -5.89258034076474632E-02 6.55937689913145485E-04
1.83085329E+00 1.24003784964205124E-01 6.61885997960925238E-04 -5.88786450617687848E-02 6.57839395448965797E-04
1.83876234E+00 1.23998471435742080E-01 6.63844556453741181E-04 -5.88238595234168438E-02 6.59753324771104660E-04
1.84667148E+00 1.23993142171462623E-01 6.65816036010060015E-04 -5.87614369343375798E-02 6.61679508224789705E-04
1.85458067E+00 1.23987797094943494E-01 6.67800476907726929E-04 -5.86913695308399902E-02 6.63617975964756195E-04
1.86248988E+00 1.23982436129272913E-01 6.69797919370877033E-04 -5.86136516450872780E-02 6.65568757959881336E-04
1.87039907E+00 1.23977059197015987E-01 6.71808403575320707E-04 -5.85282797035138677E-02 6.67531883997543639E-04
1.87830820E+00 1.23971666220125037E-01 6.73831969653703746E-04 -5.84352522262086907E-02 6.69507383689120690E-04
1.88621724E+00 1.23966257120036019E-01 6.75868657701414422E-04 -5.83345698213460565E-02 6.71495286475166974E-04
1.89412614E+00 1.23960831817543776E-01 6.77918507782821877E-04 -5.82262351828588681E-02 6.73495621630977028E-04
1.90203488E+00 1.23955390232867835E-01 6.79981559937192608E-04 -5.81102530807689616E-02 6.75508418273090220E-04
1.90994343E+00 1.23949932285608702E-01 6.82057854185636847E-04 -5.79866303542113729E-02 6.77533705364801743E-04
1.91785174E+00 1.23944457894702736E-01 6.84147430537877343E-04 -5.78553759010111135E-02 6.79571511724064614E-04
1.92575978E+00 1.23938966978410267E-01 6.86250328999305458E-04 -5.77165006683616408E-02 6.81621866029431529E-04
1.93366752E+00 1.23933459454362557E-01 6.88366589578920558E-04 -5.75700176377297382E-02 6.83684796828382406E-04
1.94157494E+00 1.23927935239460801E-01 6.90496252296551784E-04 -5.74159418132580215E-02 6.85760332544622909E-04
1.94948199E+00 1.23922394249878845E-01 6.92639357191399715E-04 -5.72542902056808536E-02 6.87848501486284700E-04
1.95738866E+00 1.23916836401073302E-01 6.94795944330238251E-04 -5.70850818170046542E-02 6.89949331854859704E-04
1.96529490E+00 1.23911261607742518E-01 6.96966053816413925E-04 -5.69083376220940046E-02 6.92062851753314379E-04
1.97320070E+00 1.23905669783810832E-01 6.99149725798451868E-04 -5.67240805514779775E-02 6.94189089196426291E-04
1.98110602E+00 1.23900060842397491E-01 7.01347000479900251E-04 -5.65323354699645633E-02 6.96328072119629894E-04
1.98901084E+00 1.23894434695813682E-01 7.03557918128788870E-04 -5.63331291573183485E-02 6.98479828389274174E-04
1.99691514E+00 1.23888791255547165E-01 7.05782519087739331E-04 -5.61264902843083557E-02 7.00644385813152851E-04
2.00481888E+00 1.23883130432184158E-01 7.08020843784297384E-04 -5.59124493928294039E-02 7.02821772151464037E-04
2.01272205E+00 1.23877452135499874E-01 7.10272932741495768E-04 -5.56910388693433317E-02 7.05012015127738883E-04
2.02062461E+00 1.23871756274293990E-01 7.12538826589153001E-04 -5.54622929198199249E-02 7.07215142440763256E-04
2.02852656E+00 1.23866042756521133E-01 7.14818566075182699E-04 -5.52262475449416673E-02 7.09431181776340024E-04
2.03642787E+00 1.23860311489131625E-01 7.17112192077173937E-04 -5.49829405136234295E-02 7.11660160820007403E-04
2.04432851E+00 1.23854562378137412E-01 7.19419745614451153E-04 -5.47324113329273193E-02 7.13902107269507929E-04
2.05222848E+00 1.23848795328556721E-01 7.21741267860741536E-04 -5.44747012214270437E-02 7.16157048848460901E-04
2.06012774E+00 1.23843010244399712E-01 7.24076800156531674E-04 -5.42098959102738434E-02 7.18425013319780141E-04
2.06802630E+00 1.23837207028631852E-01 7.26426384022533893E-04 -5.39379000796477853E-02 7.20706028499656513E-04
2.07592412E+00 1.23831385583174330E-01 7.28790061173111708E-04 -5.36589236319339538E-02 7.23000122272248868E-04
2.08382120E+00 1.23825545808875809E-01 7.31167873529594051E-04 -5.33729353769826498E-02 7.25307322604570133E-04
2.09171751E+00 1.23819687605443665E-01 7.33559863235440216E-04 -5.30799966343845006E-02 7.27627657561522707E-04
2.09961306E+00 1.23813810871507349E-01 7.35966072669622822E-04 -5.27801584975720953E-02 7.29961155322028134E-04
2.10750783E+00 1.23807915504468333E-01 7.38386544462559078E-04 -5.24734733026036571E-02 7.32307844194705210E-04
2.11540180E+00 1.23802001400642653E-01 7.40821321510605263E-04 -5.21599948379047398E-02 7.34667752634973054E-04
2.12329497E+00 1.23796068455072794E-01 7.43270446992088068E-04 -5.18397783127374709E-02 7.37040909261486529E-04
2.13118733E+00 1.23790116561603422E-01 7.45733964383223720E-04 -5.15128803228418128E-02 7.39427342873895908E-04
2.13907888E+00 1.23784145612824331E-01 7.48211917474403128E-04 -5.11793588173465736E-02 7.41827082470440332E-04
2.14696961E+00 1.23778155500048587E-01 7.50704350387062179E-04 -5.08392730607890586E-02 7.44240157266211084E-04
2.15485951E+00 1.23772146113272336E-01 7.53211307590426378E-04 -5.04926835965165410E-02 7.46666596711952632E-04
2.16274858E+00 1.23766117341176249E-01 7.55732833919581996E-04 -5.01396522146376547E-02 7.49106430512615933E-04
2.17063683E+00 1.23760069071077686E-01 7.58268974592688546E-04 -4.97802419129372564E-02 7.51559688647512663E-04
2.17852424E+00 1.23754001188909724E-01 7.60819775229659365E-04 -4.94145168572623569E-02 7.54026401389484022E-04
2.18641083E+00 1.23747913579214941E-01 7.63385281870490378E-04 -4.90425423535004734E-02 7.56506599325604658E-04
2.19429659E+00 1.23741806125086187E-01 7.65965540994154167E-04 -4.86643847987033307E-02 7.59000313377677341E-04
2.20218152E+00 1.23735678708148583E-01 7.68560599538353588E-04 -4.82801116584464299E-02 7.61507574823187339E-04
2.21006564E+00 1.23729531208552998E-01 7.71170504918968673E-04 -4.78897914150893667E-02 7.64028415317103879E-04
2.21794894E+00 1.23723363504929032E-01 7.73795305049826735E-04 -4.74934935433388231E-02 7.66562866913293684E-04
2.22583144E+00 1.23717175474378105E-01 7.76435048363969529E-04 -4.70912884663537562E-02 7.69110962086985098E-04
2.23371315E+00 1.23710966992402333E-01 7.79089783833512048E-04 -4.66832475221309329E-02 7.71672733757581652E-04
2.24159407E+00 1.23704737932938819E-01 7.81759560992058289E-04 -4.62694429236944829E-02 7.74248215311378919E-04
2.24947410E+00 1.23698488253499370E-01 7.84444393303971883E-04 -4.58499533560946942E-02 7.76837405285143393E-04
2.25735323E+00 1.23692217855484399E-01 7.87144317991517162E-04 -4.54248549929287190E-02 7.79440325092356631E-04
2.26523147E+00 1.23685926612429636E-01 7.89859384101545452E-04 -4.49942230570195625E-02 7.82057007492285611E-04
2.27310882E+00 1.23679614396198553E-01 7.92589641290801397E-04 -4.45581334502973339E-02 7.84687485772234562E-04
2.28098529E+00 1.23673281076956867E-01 7.95335139849475954E-04 -4.41166627781570397E-02 7.87331793772611606E-04
2.28886091E+00 1.23666926523237061E-01 7.98095930725192197E-04 -4.36698882959495813E-02 7.89989965912916221E-04
2.29673569E+00 1.23660550601774666E-01 8.00872065547386961E-04 -4.32178879016546433E-02 7.92662037217876101E-04
2.30460964E+00 1.23654153177584408E-01 8.03663596652236007E-04 -4.27607400772179458E-02 7.95348043343817443E-04
2.31248279E+00 1.23647734113875030E-01 8.06470577107379241E-04 -4.22985238709681910E-02 7.98048020605192344E-04
2.32035515E+00 1.23641293272031896E-01 8.09293060737740783E-04 -4.18313188525741286E-02 8.00762006002091404E-04
2.32822675E+00 1.23634830511618068E-01 8.12131102151460258E-04 -4.13592050895090629E-02 8.03490037247207617E-04
2.33609760E+00 1.23628345690298333E-01 8.14984756766227851E-04 -4.08822630959877961E-02 8.06232152794113125E-04
2.34396773E+00 1.23621838663849293E-01 8.17854080836192903E-04 -4.04005738260970748E-02 8.08988391865117246E-04
2.35183717E+00 1.23615309286082622E-01 8.20739131478925962E-04 -3.99142186200900709E-02 8.11758794479832389E-04
2.35970594E+00 1.23608757408908698E-01 8.23639966703513171E-04 -3.94232791794445481E-02 8.14543401483785708E-04
2.36757408E+00 1.23602182882177794E-01 8.26556645438318019E-04 -3.89278375413407499E-02 8.17342254578170700E-04
2.37544161E+00 1.23595585553747389E-01 8.29489227559705657E-04 -3.84279760423673553E-02 8.20155396348595258E-04
2.38330856E+00 1.23588965269449652E-01 8.32437773920978084E-04 -3.79237772877821927E-02 8.22982870295263578E-04
2.39117497E+00 1.23582321872998682E-01 8.35402346381633617E-04 -3.74153241256244967E-02 8.25824720862719627E-04
2.39904086E+00 1.23575655206016460E-01 8.38383007837690728E-04 -3.69026996191969339E-02 8.28680993470993338E-04
2.40690629E+00 1.23568965108003512E-01 8.41379822251398001E-04 -3.63859870167342406E-02 8.31551734545030088E-04
2.41477106E+00 1.23562251599107026E-01 8.44392772563281810E-04 -3.58652837412656994E-02 8.34436912923941444E-04
2.42263521E+00 1.23555514529592514E-01 8.47421917725867850E-04 -3.53406748069486423E-02 8.37336570296182722E-04
2.43049876E+00 1.23548753737936237E-01 8.50467322074680769E-04 -3.48122445093430669E-02 8.40250753499553618E-04
2.43836176E+00 1.23541969060495693E-01 8.53529051106301380E-04 -3.42800771698024143E-02 8.43179510477911460E-04
2.44622425E+00 1.23535160331306029E-01 8.56607171512254384E-04 -3.37442571428299837E-02 8.46122890313961702E-04
2.45408626E+00 1.23528327382188247E-01 8.59701751213481327E-04 -3.32048688111108090E-02 8.49080943262946479E-04
2.46194783E+00 1.23521470042633238E-01 8.62812859393955649E-04 -3.26619965558295824E-02 8.52053720785479881E-04
2.46980901E+00 1.23514588139821607E-01 8.65940566536610857E-04 -3.21157247287244679E-02 8.55041275581525334E-04
2.47766985E+00 1.23507681498591954E-01 8.69084944457975046E-04 -3.15661376386523890E-02 8.58043661623898745E-04
2.48553039E+00 1.23500749941361496E-01 8.72246066344621769E-04 -3.10133195252888690E-02 8.61060934192327092E-04
2.49339068E+00 1.23493793288151341E-01 8.75424006789528438E-04 -3.04573545364423479E-02 8.64093149908288388E-04
2.50125076E+00 1.23486811356545587E-01 8.78618841829327773E-04 -2.98983267171135693E-02 8.67140366768742515E-04
2.50911068E+00 1.23479803961632703E-01 8.81830648981910751E-04 -2.93363199739091335E-02 8.70202644181263386E-04
2.51697051E+00 1.23472770916021643E-01 8.85059507284753372E-04 -2.87714180819684182E-02 8.73280042999234748E-04
2.52483028E+00 1.23465712029748514E-01 8.88305497333933733E-04 -2.82037046363015007E-02 8.76372625556808764E-04
2.53268990E+00 1.23458627263820855E-01 8.91568630603248790E-04 -2.76332753030282645E-02 8.79480388364421760E-04
2.54054928E+00 1.23451516530426422E-01 8.94848941083099640E-04 -2.70602219974420584E-02 8.82603349457348183E-04
2.54840849E+00 1.23444379638043389E-01 8.98146510882256587E-04 -2.64846283556078380E-02 8.85741572717277468E-04
2.55626759E+00 1.23437216392501381E-01 9.01461423806707495E-04 -2.59065776940520139E-02 8.88895123632648504E-04
2.56412663E+00 1.23430026596969472E-01 9.04793765403176910E-04 -2.53261530517778222E-02 8.92064069336700257E-04
2.57198566E+00 1.23422810051942014E-01 9.08143623003426228E-04 -2.47434371908621248E-02 8.95248478645364410E-04
2.57984474E+00 1.23415566555227077E-01 9.11511085768655898E-04 -2.41585125863648283E-02 8.98448422094327306E-04
2.58770395E+00 1.23408295901852982E-01 9.14896244734272673E-04 -2.35714614192155045E-02 9.01663971976771127E-04
2.59556333E+00 1.23400997884092561E-01 9.18299192856115759E-04 -2.29823655523451152E-02 9.04895202381489892E-04
2.60342295E+00 1.23393672291450096E-01 9.21720025056514160E-04 -2.23913065319574570E-02 9.08142189230028911E-04
2.61128288E+00 1.23386318910560164E-01 9.25158838272238443E-04 -2.17983655722617971E-02 9.11405010315704460E-04
2.61914318E+00 1.23378937525228272E-01 9.28615731502097433E-04 -2.12036235420442060E-02 9.14683745341091483E-04
2.62700391E+00 1.23371527916366727E-01 9.32090805856786576E-04 -2.06071609690662433E-02 9.17978475957072324E-04
2.63486495E+00 1.23364090056015813E-01 9.35584073450936677E-04 -2.00090734904182430E-02 9.21289199424042324E-04
2.64272623E+00 1.23356623842542784E-01 9.39095581385655256E-04 -1.94094507603094976E-02 9.24615946202992419E-04
2.65058782E+00 1.23349129054514464E-01 9.42625433763410385E-04 -1.88083726850964000E-02 9.27958800731394379E-04
2.65844979E+00 1.23341605467476231E-01 9.46173736987229296E-04 -1.82059186982888831E-02 9.31317849540057091E-04
2.66631222E+00 1.23334052853967077E-01 9.49740599816203349E-04 -1.76021678184351514E-02 9.34693181294587094E-04
2.67417516E+00 1.23326470983419464E-01 9.53326133421472980E-04 -1.69971986370172530E-02 9.38084886835854697E-04
2.68203870E+00 1.23318859622260232E-01 9.56930451443241447E-04 -1.63910893349183268E-02 9.41493059220764855E-04
2.68990290E+00 1.23311218533765837E-01 9.60553670048156665E-04 -1.57839176680889537E-02 9.44917793762050425E-04
2.69776785E+00 1.23303547478086251E-01 9.64195907987665029E-04 -1.51757609718083664E-02 9.48359188069214896E-04
2.70563362E+00 1.23295846212178539E-01 9.67857286658619287E-04 -1.45666961385970614E-02 9.51817342089111146E-04
2.71350028E+00 1.23288114489860642E-01 9.71537930163830798E-04 -1.39567996467586039E-02 9.55292358146420562E-04
2.72136792E+00 1.23280352062678358E-01 9.75237964892783295E-04 -1.33461476108115342E-02 9.58784340531011118E-04
2.72923625E+00 1.23272559041036123E-01 9.78957347204891925E-04 -1.27348439157622794E-02 9.62293232945351075E-04
2.73710534E+00 1.23264735175580384E-01 9.82696205914480913E-04 -1.21229641066683633E-02 9.65819141715021584E-04
2.74497527E+00 1.23256880213578349E-01 9.86454672784022393E-04 -1.15105831686229988E-02 9.69362175699887561E-04
2.75284614E+00 1.23248993898951206E-01 9.90232882595852267E-04 -1.08977755976273939E-02 9.72922446339747043E-04
2.76071801E+00 1.23241075972214370E-01 9.94030973223246697E-04 -1.02846154160602544E-02 9.76500067697360459E-04
2.76859097E+00 1.23233126170488400E-01 9.97849085701809670E-04 -9.67117619478700431E-03 9.80095156501386124E-04
2.77646511E+00 1.23225144227433428E-01 1.00168736430223206E-03 -9.05753104033866357E-03 9.83707832188877819E-04
2.78434050E+00 1.23217129873254200E-01 1.00554595660471064E-03 -8.44375259864784018E-03 9.87338216947538207E-04
2.79221724E+00 1.23209082834625144E-01 1.00942501357512756E-03 -7.82991306384904842E-03 9.90986435758777276E-04
2.80009541E+00 1.23201002834713982E-01 1.01332468964290476E-03 -7.21608417878327572E-03 9.94652616440678183E-04
2.80797499E+00 1.23192889701088715E-01 1.01724509057559754E-03 -6.60234535258182997E-03 9.98336840641140307E-04
2.81585579E+00 1.23184743454265860E-01 1.02118623044751317E-03 -5.98879014213565906E-03 1.00203910348445986E-03
2.82373788E+00 1.23176563813218065E-01 1.02514827067723305E-03 -5.37548909160137124E-03 1.00575953813013307E-03
2.83162136E+00 1.23168350493179535E-01 1.02913137646248203E-03 -4.76251221919422874E-03 1.00949828074073855E-03
2.83950632E+00 1.23160103205687654E-01 1.03313571687150456E-03 -4.14992905770088932E-03 1.01325547052961030E-03
2.84739284E+00 1.23151821658492547E-01 1.03716146493446786E-03 -3.53780868432844930E-03 1.01703124980625126E-03
2.85528103E+00 1.23143505555577917E-01 1.04120879773540449E-03 -2.92621972272725205E-03 1.02082576402083851E-03
2.86317096E+00 1.23135154597110372E-01 1.04527789650668665E-03 -2.31523034718178694E-03 1.02463916180856019E-03
2.87106274E+00 1.23126768479386917E-01 1.04936894672526802E-03 -1.70490829244310032E-03 1.02847159503469511E-03
2.87895646E+00 1.23118346894809924E-01 1.05348213821279159E-03 -1.09532085541975965E-03 1.03232321883937124E-03
2.88685216E+00 1.23109889592238952E-01 1.05761763571959899E-03 -4.86539223149287810E-04 1.03619416405911009E-03
2.89474956E+00 1.23101396650899947E-01 1.06177544470632650E-03 1.21342118231173039E-04 1.04008441167577478E-03
2.90264876E+00 1.23092867757873051E-01 1.06595576469102377E-03 7.28257201060221481E-04 1.04399412348108573E-03
2.91054987E+00 1.23084302596161349E-01 1.07015879993907514E-03 1.33414052668796596E-03 1.04792346471334189E-03
2.91845297E+00 1.23075700844620953E-01 1.07438475958154746E-03 1.93892705511698911E-03 1.05187260410832708E-03
2.92635816E+00 1.23067062177947301E-01 1.07863385773199812E-03 2.54255216182844518E-03 1.05584171394686155E-03
2.93426554E+00 1.23058386266688677E-01 1.08290631360557946E-03 3.14495164435635429E-03 1.05983097010219074E-03
2.94217522E+00 1.23049672777139490E-01 1.08720235164112269E-03 3.74606170456447986E-03 1.06384055208509003E-03
2.95008728E+00 1.23040921371341955E-01 1.09152220162609314E-03 4.34581895248618670E-03 1.06787064309216118E-03
2.95800184E+00 1.23032131707002002E-01 1.09586609882590430E-03 4.94416038225004451E-03 1.07192143005207293E-03
2.96591879E+00 1.23023303654566776E-01 1.10023417670501548E-03 5.54100877085166726E-03 1.07599300357581534E-03
2.97383799E+00 1.23014437143708022E-01 1.10462654244453833E-03 6.13628341743365033E-03 1.08008542844030921E-03
2.98175955E+00 1.23005531825417819E-01 1.10904344450973467E-03 6.72992271695650908E-03 1.08419889959916358E-03
2.98968356E+00 1.22996587346044725E-01 1.11348513736858677E-03 7.32186548223600232E-03 1.08833361591593536E-03
2.99761013E+00 1.22987603347413696E-01 1.11795188164290522E-03 7.91205089928337900E-03 1.09248978021682201E-03
3.00553935E+00 1.22978579466708537E-01 1.12244394426113401E-03 8.50041852810306219E-03 1.09666759934002635E-03
3.01347135E+00 1.22969515336447580E-01 1.12696159861437432E-03 9.08690828907223608E-03 1.10086728418470913E-03
3.02140621E+00 1.22960410584418062E-01 1.13150512471649049E-03 9.67146045091191002E-03 1.10508904975982914E-03
3.02934404E+00 1.22951264833599402E-01 1.13607480936806665E-03 1.02540156283265019E-02 1.10933311523298494E-03
3.03728492E+00 1.22942077737558331E-01 1.14067092862410934E-03 1.08345125438743754E-02 1.11359968754987798E-03
3.04522853E+00 1.22932849408089809E-01 1.14529353357974758E-03 1.14128614057130828E-02 1.11788876265421716E-03
3.05317497E+00 1.22923579459831372E-01 1.14994292830017993E-03 1.19890042504403778E-02 1.12220056902213416E-03
3.06112435E+00 1.22914267502330782E-01 1.15461942430129610E-03 1.25628834511328363E-02 1.12653533946405074E-03
3.06907678E+00 1.22904913140039637E-01 1.15932334074524915E-03 1.31344416976435004E-02 1.13089331118124766E-03
3.07703236E+00 1.22895515972215555E-01 1.16405500463731266E-03 1.37036219945403815E-02 1.13527472581727035E-03
3.08499120E+00 1.22886075592895494E-01 1.16881475102505097E-03 1.42703676481916539E-02 1.13967982950889061E-03
3.09295342E+00 1.22876591590810227E-01 1.17360292320463203E-03 1.48346222567770740E-02 1.14410887293579745E-03
3.10091911E+00 1.22867063549343861E-01 1.17841987293162303E-03 1.53963297064845551E-02 1.14856211137065955E-03
3.10888839E+00 1.22857491046419756E-01 1.18326596063835420E-03 1.59554341519790518E-02 1.15303980472950050E-03
3.11686092E+00 1.22847874185463501E-01 1.18814128641293979E-03 1.65118494021941793E-02 1.15754196905481577E-03
3.12483679E+00 1.22838212578194814E-01 1.19304620486451350E-03 1.70655184826140720E-02 1.16206885212215478E-03
3.13281611E+00 1.22828505791826692E-01 1.19798109947322055E-03 1.76163869604068074E-02 1.16662072455327214E-03
3.14079898E+00 1.22818753387845023E-01 1.20294636326917373E-03 1.81644006413648265E-02 1.17119786178566032E-03
3.14878552E+00 1.22808954921806060E-01 1.20794239908419629E-03 1.87095055810198134E-02 1.17580054412534684E-03
3.15677583E+00 1.22799109943368762E-01 1.21296961980642184E-03 1.92516480738050208E-02 1.18042905679464753E-03
3.16477003E+00 1.22789217996122982E-01 1.21802844864214981E-03 1.97907746453484454E-02 1.18508368998121146E-03
3.17276824E+00 1.22779278617556512E-01 1.22311931938383659E-03 2.03268320378092102E-02 1.18976473888454583E-03
3.18077055E+00 1.22769291338910791E-01 1.22824267668741991E-03 2.08597672071851280E-02 1.19447250376350424E-03
3.18877662E+00 1.22759256274397502E-01 1.23339867350806846E-03 2.13894962896343903E-02 1.19920701198903659E-03
3.19678654E+00 1.22749172964451939E-01 1.23858776441399692E-03 2.19159665729658955E-02 1.20396856304459091E-03
3.20480042E+00 1.22739040927031653E-01 1.24381042375315228E-03 2.24391263706202534E-02 1.20875746904413033E-03
3.21281839E+00 1.22728859673357060E-01 1.24906713782507446E-03 2.29589241610328142E-02 1.21357404730034618E-03
3.22084055E+00 1.22718628707939079E-01 1.25435840519423636E-03 2.34753086033672419E-02 1.21841862036953913E-03
3.22886702E+00 1.22708347528387510E-01 1.25968473700779579E-03 2.39882285275514542E-02 1.22329151609081683E-03
3.23689790E+00 1.22698015625306814E-01 1.26504665731955396E-03 2.44976329254989605E-02 1.22819306762402686E-03
3.24493332E+00 1.22687632482178788E-01 1.27044470342168128E-03 2.50034709403507416E-02 1.23312361348528409E-03
3.25297331E+00 1.22677197668457555E-01 1.27587937761451773E-03 2.55056873792163484E-02 1.23808345327302356E-03
3.26101757E+00 1.22666711200054665E-01 1.28135095889249286E-03 2.60042058890739627E-02 1.24307267594036749E-03
3.26906622E+00 1.22656172544220524E-01 1.28686002141663119E-03 2.64989769518682687E-02 1.24809163261429060E-03
3.27711936E+00 1.22645581160503309E-01 1.29240715385442397E-03 2.69899511289372271E-02 1.25314067983895382E-03
3.28517712E+00 1.22634936500598618E-01 1.29799295975376993E-03 2.74770790686514471E-02 1.25822017960847805E-03
3.29323961E+00 1.22624238008245928E-01 1.30361805791496589E-03 2.79603115276860284E-02 1.26333049938903989E-03
3.30130693E+00 1.22613485119079713E-01 1.30928308276510494E-03 2.84395993596585073E-02 1.26847201213562463E-03
3.30937922E+00 1.22602677260477744E-01 1.31498868473871582E-03 2.89148935040755561E-02 1.27364509630420821E-03
3.31745658E+00 1.22591813851345960E-01 1.32073553066348404E-03 2.93861449774223751E-02 1.27885013586015103E-03
3.32553892E+00 1.22580894579753089E-01 1.32652415683146506E-03 2.98532930000177561E-02 1.28408738707017707E-03
3.33362606E+00 1.22569919244728209E-01 1.33235505183800624E-03 3.03162725162374851E-02 1.28935705371422044E-03
3.34171813E+00 1.22558887244729992E-01 1.33822892857506483E-03 3.07750357696859982E-02 1.29465953249399885E-03
3.34981523E+00 1.22547797969010969E-01 1.34414651774107099E-03 3.12295349899127973E-02 1.29999522554314468E-03
3.35791748E+00 1.22536650797523280E-01 1.35010856824949090E-03 3.16797224192583715E-02 1.30536454042408617E-03
3.36602501E+00 1.22525445100668373E-01 1.35611584763219747E-03 3.21255503206765158E-02 1.31076789011162027E-03
3.37413791E+00 1.22514180239143622E-01 1.36216914244009519E-03 3.25669709755342651E-02 1.31620569297013069E-03
3.38225632E+00 1.22502855563707380E-01 1.36826925864561326E-03 3.30039366650678387E-02 1.32167837272560034E-03
3.39038033E+00 1.22491470414966483E-01 1.37441702204206127E-03 3.34363996619274698E-02 1.32718635843211467E-03
3.39850970E+00 1.22480024650490918E-01 1.38061299298389934E-03 3.38642925215850155E-02 1.33272982903978859E-03
3.40664442E+00 1.22468517772952618E-01 1.38685793658487196E-03 3.42875617982848213E-02 1.33830913462202922E-03
3.41478459E+00 1.22456949097085460E-01 1.39315273421470242E-03 3.47061608098895580E-02 1.34392471595899893E-03
3.42293034E+00 1.22445317926589387E-01 1.39949828841722705E-03 3.51200427687344691E-02 1.34957701890153379E-03
3.43108178E+00 1.22433623553837620E-01 1.40589552329248952E-03 3.55291608143783813E-02 1.35526649432115404E-03
3.43923903E+00 1.22421865259724899E-01 1.41234538486453430E-03 3.59334680197081688E-02 1.36099359805262566E-03
3.44740221E+00 1.22410042313336270E-01 1.41884884143776940E-03 3.63329173691981783E-02 1.36675879082860533E-03
3.45557141E+00 1.22398153971738768E-01 1.42540688394417951E-03 3.67274617556936009E-02 1.37256253821258227E-03
3.46374671E+00 1.22386199573100457E-01 1.43202047453114788E-03 3.71170509196988782E-02 1.37840526485453877E-03
3.47192777E+00 1.22374178996195876E-01 1.43869029083723262E-03 3.75016170248024042E-02 1.38428712924303543E-03
3.48011472E+00 1.22362091466422115E-01 1.44541738657923591E-03 3.78811138901030478E-02 1.39020860683557374E-03
3.48830765E+00 1.22349936196048711E-01 1.45220283906882732E-03 3.82554950938840885E-02 1.39617017752887589E-03
3.49650670E+00 1.22337712383946279E-01 1.45904774949494722E-03 3.86247140108111273E-02 1.40217232559895549E-03
3.50471198E+00 1.22325419215300740E-01 1.46595324317207523E-03 3.89887238471149783E-02 1.40821553963116331E-03
3.51292360E+00 1.22313055861345943E-01 1.47292046976434956E-03 3.93474776293771256E-02 1.41430031244652683E-03
3.52114168E+00 1.22300621479058791E-01 1.47995060348397032E-03 3.97009281910417552E-02 1.42042714103009422E-03
3.52936633E+00 1.22288115210827997E-01 1.48704484326454573E-03 4.00490281573865833E-02 1.42659652646199208E-03
3.53759740E+00 1.22275536597134832E-01 1.49420417761605127E-03 4.03917186686577542E-02 1.43280876991778994E-03
3.54583476E+00 1.22262885114315045E-01 1.50142964483450858E-03 4.07289430106010514E-02 1.43906419985974452E-03
3.55407853E+00 1.22250159865661262E-01 1.50872251043309021E-03 4.10606544249770972E-02 1.44536332483078474E-03
3.56232883E+00 1.22237359938687784E-01 1.51608406471570915E-03 4.13868058033776687E-02 1.45170665714168317E-03
3.57058577E+00 1.22224484404852896E-01 1.52351562280327144E-03 4.17073497324506604E-02 1.45809471284483096E-03
3.57884947E+00 1.22211532319254440E-01 1.53101852461287559E-03 4.20222385093156417E-02 1.46452801170801204E-03
3.58712003E+00 1.22198502720368585E-01 1.53859413479560860E-03 4.23314241265894189E-02 1.47100707719640777E-03
3.59539758E+00 1.22185394629652472E-01 1.54624384263169368E-03 4.26348582613335914E-02 1.47753243646473950E-03
3.60368223E+00 1.22172207051295070E-01 1.55396906188444775E-03 4.29324922572901918E-02 1.48410462036071850E-03
3.61197361E+00 1.22158939746590922E-01 1.56177077448631674E-03 4.32242600310386096E-02 1.49072377700245175E-03
3.62027180E+00 1.22145591725626071E-01 1.56965041288301436E-03 4.35101128659693900E-02 1.49739042290037848E-03
3.62857692E+00 1.22132161945904191E-01 1.57760945301758005E-03 4.37900023536539548E-02 1.50410509538292632E-03
3.63688910E+00 1.22118649346538002E-01 1.58564939388107528E-03 4.40638796183330725E-02 1.51086833553633836E-03
3.64520618E+00 1.22105056542727755E-01 1.59376954714882287E-03 4.43316223633194936E-02 1.51767883757653326E-03
3.65351746E+00 1.22091400344365664E-01 1.60196067503989240E-03 4.45928444218631689E-02 1.52452816580373211E-03
3.66182008E+00 1.22077684900003758E-01 1.61022101168363735E-03 4.48474393375797795E-02 1.53141420141647859E-03
3.67011441E+00 1.22063909087418931E-01 1.61855193391178599E-03 4.50954045662980557E-02 1.53833745738218559E-03
3.67840088E+00 1.22050071659950132E-01 1.62695489591130468E-03 4.53367359070649678E-02 1.54529850352305188E-03
3.68667990E+00 1.22036171365833931E-01 1.63543135824266374E-03 4.55714272648814755E-02 1.55229790783983392E-03
3.69495188E+00 1.22022206947934059E-01 1.64398278764098932E-03 4.57994712072169949E-02 1.55933623715357925E-03
3.70321722E+00 1.22008177143073090E-01 1.65261065667078686E-03 4.60208590041516277E-02 1.56641405766935792E-03
3.71147631E+00 1.21994080681405215E-01 1.66131644330258076E-03 4.62355806543610914E-02 1.57353193552327558E-03
3.71972951E+00 1.21979916285743464E-01 1.67010163043767429E-03 4.64436249108102425E-02 1.58069043733295982E-03
3.72797721E+00 1.21965682670833520E-01 1.67896770538562335E-03 4.66449792975329319E-02 1.58789013075538222E-03
3.73621975E+00 1.21951378542700245E-01 1.68791615929986803E-03 4.68396301337094950E-02 1.59513158505686587E-03
3.74445556E+00 1.21937005986715891E-01 1.69694635462762020E-03 4.70275179328989296E-02 1.60241365555515228E-03
3.75268398E+00 1.21922565516739939E-01 1.70605860700278190E-03 4.72086098870392393E-02 1.60973598716853089E-03
3.76090540E+00 1.21908055810517627E-01 1.71525437196324800E-03 4.73828978109711862E-02 1.61709915145620163E-03
3.76912021E+00 1.21893475539577814E-01 1.72453510196902884E-03 4.75503715489816875E-02 1.62450372128472554E-03
3.77732876E+00 1.21878823369071881E-01 1.73390224576966986E-03 4.77110194740348742E-02 1.63195027154803716E-03
3.78553142E+00 1.21864097957322282E-01 1.74335724764477259E-03 4.78648286817505500E-02 1.63943937981531952E-03
3.79372856E+00 1.21849297955334307E-01 1.75290154658101663E-03 4.80117850077063021E-02 1.64697162695829811E-03
3.80192051E+00 1.21834422006241866E-01 1.76253657540558092E-03 4.81518730421269386E-02 1.65454759776963905E-03
3.81010761E+00 1.21819468744840842E-01 1.77226375988841461E-03 4.82850761416218979E-02 1.66216788158238520E-03
3.81829021E+00 1.21804436797064208E-01 1.78208451781238777E-03 4.84113764387524848E-02 1.66983307288501260E-03
3.82646649E+00 1.21789328753863071E-01 1.79199764714049791E-03 4.85307230134829834E-02 1.67754174551122573E-03
3.83463628E+00 1.21774133691117586E-01 1.80200368045452903E-03 4.86431152569937464E-02 1.68529424953362504E-03
3.84279993E+00 1.21758856949295960E-01 1.81210405091222705E-03 4.87485764019070927E-02 1.69309102473416684E-03
3.85095781E+00 1.21743499433819902E-01 1.82230015629073578E-03 4.88470416815064562E-02 1.70093264968086580E-03
3.85911028E+00 1.21728060485999212E-01 1.83259334670347429E-03 4.89384847324034963E-02 1.70881973959004880E-03
3.86725767E+00 1.21712538922047114E-01 1.84298493925693046E-03 4.90228896983275486E-02 1.71675292386387623E-03
3.87540034E+00 1.21696933378612884E-01 1.85347622566694992E-03 4.91002373955686591E-02 1.72473284039597794E-03
3.88353861E+00 1.21681242427692932E-01 1.86406847517393576E-03 4.91705071246011857E-02 1.73276013444133205E-03
3.89167282E+00 1.21665464614726673E-01 1.87476293508989818E-03 4.92336767456976118E-02 1.74083545863722568E-03
3.89980328E+00 1.21649598471240752E-01 1.88556083029110507E-03 4.92897227046709407E-02 1.74895947327489455E-03
3.90793033E+00 1.21633642518927124E-01 1.89646336227451175E-03 4.93386199935933745E-02 1.75713284659861067E-03
3.91605199E+00 1.21617599786716366E-01 1.90746861226799092E-03 4.93803297038441433E-02 1.76535394641821799E-03
3.92416844E+00 1.21601469173016161E-01 1.91857742879732846E-03 4.94148297828663693E-02 1.77362325672565831E-03
3.93228001E+00 1.21585249178533653E-01 1.92979089691374295E-03 4.94420958972155503E-02 1.78194146768171128E-03
3.94038706E+00 1.21568938298262597E-01 1.94111007140639123E-03 4.94620966900113021E-02 1.79030927620423626E-03
3.94848992E+00 1.21552535022496619E-01 1.95253597557069826E-03 4.94695416892016321E-02 1.79872738596635975E-03
3.95658892E+00 1.21536037837389907E-01 1.96406959987938503E-03 4.94871949276352516E-02 1.80719650728000582E-03
3.96468440E+00 1.21519445225015996E-01 1.97571190063492840E-03 4.94828564413879041E-02 1.81571735691499333E-03
3.97277669E+00 1.21502755663836767E-01 1.98746379863351010E-03 4.94620809394071756E-02 1.82429065786318548E-03
3.98086609E+00 1.21485967628705616E-01 1.99932617786837633E-03 4.94609886798554541E-02 1.83291713906666280E-03
3.98895242E+00 1.21469080646574398E-01 2.01129913679318293E-03 4.94198027764493897E-02 1.84159699400382351E-03
3.99703414E+00 1.21452097135021364E-01 2.02338067050160993E-03 4.93993089839791094E-02 1.85032893820251117E-03
4.00511162E+00 1.21435015525698978E-01 2.03557153950322629E-03 4.93579249719634169E-02 1.85911373462551138E-03
4.01318522E+00 1.21417834240002756E-01 2.04787246659581803E-03 4.93116769774196162E-02 1.86795215228650478E-03
4.02125531E+00 1.21400551691558084E-01 2.06028413598634058E-03 4.92576250154172710E-02 1.87684496573030705E-03
4.02932225E+00 1.21383166287565319E-01 2.07280719211125819E-03 4.91960720184442951E-02 1.88579295424946836E-03
4.03738640E+00 1.21365676429690775E-01 2.08544223834116306E-03 4.91269159431815192E-02 1.89479690094600034E-03
4.04544813E+00 1.21348080514737028E-01 2.09818983564523257E-03 4.90501281318238974E-02 1.90385759168520139E-03
4.05350778E+00 1.21330376935392753E-01 2.11105050125972443E-03 4.89656715285789676E-02 1.91297581396616522E-03
4.06156571E+00 1.21312564080923307E-01 2.12402470738691160E-03 4.88735086915614153E-02 1.92215235572323656E-03
4.06962228E+00 1.21294640337742204E-01 2.13711287994666592E-03 4.87736008678394187E-02 1.93138800407368499E-03
4.07767782E+00 1.21276604090021847E-01 2.15031539740693578E-03 4.86659081992281625E-02 1.94068354402426781E-03
4.08573053E+00 1.21258458602825622E-01 2.16362901707103320E-03 4.85504197710888638E-02 1.95003724953743320E-03
4.09378048E+00 1.21240202973584940E-01 2.17705347798516705E-03 4.84271057259567442E-02 1.95944953300922729E-03
4.10182797E+00 1.21221835812701850E-01 2.19058882062886200E-03 4.82959319025112119E-02 1.96892104811996049E-03
4.10987337E+00 1.21203355508960456E-01 2.20423519640965994E-03 4.81568617659821827E-02 1.97845255336655387E-03
4.11791708E+00 1.21184760419996707E-01 2.21799272921475261E-03 4.80098578236589982E-02 1.98804481350756731E-03
4.12595950E+00 1.21166048889129352E-01 2.23186150331518849E-03 4.78548819596846253E-02 1.99769858991324673E-03
4.13398040E+00 1.21147267845625975E-01 2.24580560789736311E-03 4.76923033532642773E-02 2.00738966720760042E-03
4.14195703E+00 1.21128471556180506E-01 2.25978350849744859E-03 4.75226434999400718E-02 2.01709009003722033E-03
4.14989023E+00 1.21109659405291337E-01 2.27379417561628973E-03 4.73460074973486578E-02 2.02680011292938073E-03
4.15778093E+00 1.21090830455749768E-01 2.28783674527703639E-03 4.71624764231064753E-02 2.03652009609754962E-03
4.16563016E+00 1.21071983464007979E-01 2.30191055685083357E-03 4.69721260182180828E-02 2.04625052825758340E-03
4.17343907E+00 1.21053116860884588E-01 2.31601518565398247E-03 4.67750270903317389E-02 2.05599204656609687E-03
4.18120895E+00 1.21034228718585726E-01 2.33015047466023258E-03 4.65712451149761439E-02 2.06574545635234688E-03
4.18894120E+00 1.21015316711244297E-01 2.34431656694744205E-03 4.63608395412010571E-02 2.07551175162152060E-03
4.19663739E+00 1.20996378071592720E-01 2.35851393947074254E-03 4.61438629977177911E-02 2.08529213667457041E-03
4.20429927E+00 1.20977409544263614E-01 2.37274343835357573E-03 4.59203604240224147E-02 2.09508804896357467E-03
4.21192874E+00 1.20958407336192619E-01 2.38700631574996968E-03 4.56903681291256844E-02 2.10490118321987694E-03
4.21952791E+00 1.20939367064122380E-01 2.40130426826662413E-03 4.54539127793683814E-02 2.11473351684853678E-03
4.22709146E+00 1.20920303116401964E-01 2.41562496151078929E-03 4.52112504350563882E-02 2.12457736016390120E-03
4.23461454E+00 1.20901228990864210E-01 2.42995675351092687E-03 4.49626551684571343E-02 2.13442548647538831E-03
4.24209888E+00 1.20882141671771040E-01 2.44430036562049823E-03 4.47082047611903968E-02 2.14427914174753235E-03
4.24954638E+00 1.20863037551402791E-01 2.45865694971512299E-03 4.44479608194519801E-02 2.15413983646612706E-03
4.25695912E+00 1.20843912401878861E-01 2.47302812307734860E-03 4.41819768909417140E-02 2.16400936894627170E-03
4.26433942E+00 1.20824761336061792E-01 2.48741600011963227E-03 4.39102962928365897E-02 2.17388984685721329E-03
4.27168978E+00 1.20805578764982574E-01 2.50182322205957279E-03 4.36329514083209288E-02 2.18378370764851521E-03
4.27901296E+00 1.20786358354821904E-01 2.51625298470531519E-03 4.33499628284218716E-02 2.19369373792746005E-03
4.28630858E+00 1.20767101900085674E-01 2.53070241208189391E-03 4.30614682021873418E-02 2.20361852196483037E-03
4.29356761E+00 1.20747834402522125E-01 2.54515134713001077E-03 4.27679610513121630E-02 2.21354473558635313E-03
4.30079249E+00 1.20728550566107207E-01 2.55960231916458562E-03 4.24695225825350645E-02 2.22347459676129058E-03
4.30798598E+00 1.20709244114390851E-01 2.57405854744974759E-03 4.21661982263912341E-02 2.23341076161364185E-03
4.31515114E+00 1.20689907742633981E-01 2.58852399321490758E-03 4.18580228770378884E-02 2.24335636101894104E-03
4.32227374E+00 1.20670581215741674E-01 2.60296763084809542E-03 4.15457689451644227E-02 2.25329042261228352E-03
4.32935338E+00 1.20651267239054880E-01 2.61738616277422745E-03 4.12296902037032342E-02 2.26321098282467829E-03
4.33639267E+00 1.20631960160917970E-01 2.63178247127385159E-03 4.09098801557301328E-02 2.27312028785911805E-03
4.34339456E+00 1.20612653284957225E-01 2.64616017567330039E-03 4.05864196193940485E-02 2.28302105469477094E-03
4.35036229E+00 1.20593338834877925E-01 2.66052366439730294E-03 4.02593730474377978E-02 2.29291649594303261E-03
4.35729945E+00 1.20574007911623843E-01 2.67487811885707945E-03 3.99287864872532525E-02 2.30281033971167131E-03
4.36420995E+00 1.20554650451931325E-01 2.68922953022689062E-03 3.95946869971304447E-02 2.31270684514302835E-03
4.37109808E+00 1.20535255191817264E-01 2.70358470906784153E-03 3.92570821409518045E-02 2.32261081352882212E-03
4.37796843E+00 1.20515809636875207E-01 2.71795128728379541E-03 3.89159597427065074E-02 2.33252759459784973E-03
4.38482279E+00 1.20496309173517543E-01 2.73233102176710175E-03 3.85714447714803066E-02 2.34245846579082080E-03
4.39163888E+00 1.20476818363046703E-01 2.74667505051172768E-03 3.82248705275764766E-02 2.35236969912708694E-03
4.39842081E+00 1.20457326840307619E-01 2.76098966925234033E-03 3.78763455389025602E-02 2.36226562187614618E-03
4.40517304E+00 1.20437822958004412E-01 2.77528191942984616E-03 3.75258878740319865E-02 2.37215107707672073E-03
4.41190032E+00 1.20418293867164239E-01 2.78955956944780233E-03 3.71735177363993058E-02 2.38203141622567909E-03
4.41860772E+00 1.20398725569869011E-01 2.80383107515274742E-03 3.68192351312199226E-02 2.39191247771738556E-03
4.42530057E+00 1.20379102973495633E-01 2.81810552457022450E-03 3.64630232866612336E-02 2.40180055433389774E-03
4.43198447E+00 1.20359409957926683E-01 2.83239256792505506E-03 3.61048513414479466E-02 2.41170235026992412E-03
4.43866299E+00 1.20339636064271990E-01 2.84669758927880937E-03 3.57447946691354101E-02 2.42162163696843773E-03
4.44532115E+00 1.20319826315914036E-01 2.86098608686467500E-03 3.53839258173819782E-02 2.43153452746897600E-03
4.45195995E+00 1.20299978571110175E-01 2.87525767452042605E-03 3.50225160392181531E-02 2.44144078918119871E-03
4.45858035E+00 1.20280090732121245E-01 2.88951182007776090E-03 3.46607989505104339E-02 2.45134010849953595E-03
4.46518328E+00 1.20260160771949370E-01 2.90374786673833251E-03 3.42990276424226595E-02 2.46123210523917267E-03
4.47176962E+00 1.20240186740757038E-01 2.91796504869058174E-03 3.39374589013118830E-02 2.47111634241496984E-03
4.47834022E+00 1.20220166767564432E-01 2.93216250437604211E-03 3.35763534843608463E-02 2.48099233368703287E-03
4.48489589E+00 1.20200099061395602E-01 2.94633928890936959E-03 3.32159758012496240E-02 2.49085954948989954E-03
4.49143741E+00 1.20179981913162634E-01 2.96049438639474317E-03 3.28565933442364483E-02 2.50071742240992297E-03
4.49796549E+00 1.20159813698156981E-01 2.97462672256489655E-03 3.24984760480644952E-02 2.51056535219077066E-03
4.50448085E+00 1.20139592878603971E-01 2.98873517798917002E-03 3.21418955830371500E-02 2.52040271067695840E-03
4.51098414E+00 1.20119318005797338E-01 3.00281860200640391E-03 3.17871246167497901E-02 2.53022884692301461E-03
4.51747597E+00 1.20098987721245942E-01 3.01687582745328517E-03 3.14344360519029364E-02 2.54004309265290973E-03
4.52395692E+00 1.20078600756464746E-01 3.03090568617478363E-03 3.10841022211585834E-02 2.54984476818885097E-03
4.53042753E+00 1.20058155931010865E-01 3.04490702522227036E-03 3.07363940519665112E-02 2.55963318888521169E-03
4.53688829E+00 1.20037652148762788E-01 3.05887872353261935E-03 3.03915801749444943E-02 2.56940767204018924E-03
4.54333967E+00 1.20017088392264548E-01 3.07281970879817127E-03 3.00499259831514542E-02 2.57916754417242874E-03
4.54978210E+00 1.19996463715549326E-01 3.08672897413594374E-03 2.97116926454605405E-02 2.58891214846707204E-03
4.55621597E+00 1.19975777235565947E-01 3.10060559411047066E-03 2.93771360817542612E-02 2.59864085214611597E-03
4.56264165E+00 1.19955028122741600E-01 3.11444873963146992E-03 2.90465059260572207E-02 2.60835305346051195E-03
4.56905949E+00 1.19934215591285157E-01 3.12825769125206878E-03 2.87200445097834170E-02 2.61804818797293322E-03
4.57546981E+00 1.19913338889696075E-01 3.14203185044588558E-03 2.83979859110710733E-02 2.62772573380974477E-03
4.58187293E+00 1.19892397292147776E-01 3.15577074847241210E-03 2.80805550761293564E-02 2.63738521557155704E-03
4.58826912E+00 1.19871390091324706E-01 3.16947405249426396E-03 2.77679670751003055E-02 2.64702620664884151E-03
4.59465866E+00 1.19850316593129710E-01 3.18314156864508068E-03 2.74604264644969058E-02 2.65664832976049599E-03
4.60104182E+00 1.19829176113629518E-01 3.19677324177774971E-03 2.71581267979338487E-02 2.66625125561224287E-03
4.60741885E+00 1.19807967978541027E-01 3.21036915171320518E-03 2.68612502409065826E-02 2.67583469967775647E-03
4.61378999E+00 1.19786691525103892E-01 3.22392950594767866E-03 2.65699673264643624E-02 2.68539841720387895E-03
4.62015547E+00 1.19765346106384299E-01 3.23745462898483109E-03 2.62844367978437923E-02 2.69494219663851675E-03
4.62651551E+00 1.19743931097515230E-01 3.25094494871013429E-03 2.60048055828320662E-02 2.70446585177154097E-03
4.63287032E+00 1.19722445903479566E-01 3.26440098040515960E-03 2.57312088537429672E-02 2.71396921295384173E-03
4.63922007E+00 1.19700889967696927E-01 3.27782330909703705E-03 2.54637701913659371E-02 2.72345211780590339E-03
4.64556495E+00 1.19679262780789122E-01 3.29121257088121205E-03 2.52026017930851477E-02 2.73291440186941570E-03
4.65190511E+00 1.19657563888668425E-01 3.30456943372351526E-03 2.49478046791735929E-02 2.74235588964458470E-03
4.65824067E+00 1.19635792899230015E-01 3.31789457812125405E-03 2.46994688323052304E-02 2.75177638645424365E-03
4.66457177E+00 1.19613949486969517E-01 3.33118867797275271E-03 2.44576732236605199E-02 2.76117567151703061E-03
4.67089849E+00 1.19592033394871247E-01 3.34445238208181100E-03 2.42224857709879074E-02 2.77055349256348071E-03
4.67722092E+00 1.19570044433204195E-01 3.35768629685487480E-03 2.39939633306791369E-02 2.77990956223075599E-03
4.68353914E+00 1.19547982474822109E-01 3.37089097081292623E-03 2.37721518769471001E-02 2.78924355638946256E-03
4.68985319E+00 1.19525847447024922E-01 3.38406688144076307E-03 2.35570869732908555E-02 2.79855511443581314E-03
4.69616314E+00 1.19503639319949964E-01 3.39721442464975413E-03 2.33487945113132409E-02 2.80784384147476701E-03
4.70246809E+00 1.19481361404737876E-01 3.41033196602627932E-03 2.31473198555978421E-02 2.81710794165614944E-03
4.70876775E+00 1.19459015065752794E-01 3.42341896043533598E-03 2.29526834001983690E-02 2.82634643242159807E-03
4.71506234E+00 1.19436599769018673E-01 3.43647587551673293E-03 2.27648769234150179E-02 2.83555909837827046E-03
4.72135213E+00 1.19414114894475981E-01 3.44950310354150830E-03 2.25838860746933219E-02 2.84474573055793411E-03
4.72763740E+00 1.19391559735021691E-01 3.46250095085589042E-03 2.24096920884759958E-02 2.85390612606507658E-03
4.73391848E+00 1.19368933495906743E-01 3.47546962902766515E-03 2.22422710414762644E-02 2.86304008764250422E-03
4.74019573E+00 1.19346235294500780E-01 3.48840924843028420E-03 2.20815948047210914E-02 2.87214742334124425E-03
4.74646953E+00 1.19323464160055778E-01 3.50131981476617870E-03 2.19276317250502555E-02 2.88122794648773507E-03
4.75274028E+00 1.19300619032892907E-01 3.51420122874266825E-03 2.17803473761023353E-02 2.89028147612769562E-03
4.75900843E+00 1.19277698762524281E-01 3.52705328888572962E-03 2.16397051307199960E-02 2.89930783812219692E-03
4.76527444E+00 1.19254702104173063E-01 3.53987569740616542E-03 2.15056663868063921E-02 2.90830686704836305E-03
4.77153882E+00 1.19231627713231605E-01 3.55266806907041403E-03 2.13781902526111178E-02 2.91727840903150629E-03
4.77780209E+00 1.19208474137352069E-01 3.56542994312572395E-03 2.12572327930345001E-02 2.92622232559619500E-03
4.78406481E+00 1.19185239805855603E-01 3.57816079836554765E-03 2.11427464492945465E-02 2.93513849858325444E-03
4.79032757E+00 1.19161923016367091E-01 3.59086007133510923E-03 2.10346804843826070E-02 2.94402683613622989E-03
4.79659101E+00 1.19138521918664447E-01 3.60352717749176567E-03 2.09329827032297723E-02 2.95288727971146706E-03
4.80285580E+00 1.19115034495788585E-01 3.61616153488152287E-03 2.08376016147590847E-02 2.96171981202601395E-03
4.80912265E+00 1.19091458542747358E-01 3.62876258970162586E-03 2.07484878183983867E-02 2.97052446582043517E-03
4.81539233E+00 1.19067791642931423E-01 3.64132984302113988E-03 2.06655941879741734E-02 2.97930133327853298E-03
4.82166519E+00 1.19044032914022491E-01 3.65386194723182510E-03 2.05888794257017109E-02 2.98804992628977405E-03
4.82794150E+00 1.19020181819861876E-01 3.66635737102673828E-03 2.05183062876793283E-02 2.99676963280696550E-03
4.83422211E+00 1.18996235484256876E-01 3.67881581542162670E-03 2.04538304487014190E-02 3.00546069633284485E-03
4.84050796E+00 1.18972190731347918E-01 3.69123713777088020E-03 2.03954033154865044E-02 3.01412345657995229E-03
4.84680005E+00 1.18948044055714547E-01 3.70362137743786941E-03 2.03429805023029285E-02 3.02275836006244336E-03
4.85309946E+00 1.18923791590079167E-01 3.71596878115124877E-03 2.02965158558737931E-02 3.03136597096326146E-03
4.85940736E+00 1.18899429071603363E-01 3.72827982735323771E-03 2.02559637122976810E-02 3.03994698191148438E-03
4.86572500E+00 1.18874951807589571E-01 3.74055524874365676E-03 2.02212760998387864E-02 3.04850222429102610E-03
4.87205374E+00 1.18850354641603331E-01 3.75279605221003239E-03 2.02119889384586165E-02 3.05703267771358436E-03
4.87839504E+00 1.18825631920706609E-01 3.76500353538103362E-03 2.01410022052014512E-02 3.06553947832652286E-03
4.88475046E+00 1.18800777465129223E-01 3.77717929920285507E-03 2.01423349070249148E-02 3.07402392568993221E-03
4.89112169E+00 1.18775784539582527E-01 3.78932525609357871E-03 2.01441030028108488E-02 3.08248748794867286E-03
4.89751053E+00 1.18750645828626711E-01 3.80144363358709625E-03 2.01439174657425599E-02 3.09093180522040413E-03
4.90391892E+00 1.18725353414865106E-01 3.81353697349106529E-03 2.01416204798867612E-02 3.09935869105924149E-03
4.91034890E+00 1.18699898760664835E-01 3.82560812682262823E-03 2.01391384689990800E-02 3.10777013197629723E-03
4.91680266E+00 1.18674272693146510E-01 3.83766024495130155E-03 2.01396501639880682E-02 3.11616828504896436E-03
4.92328230E+00 1.18648466276445111E-01 3.84969635633539923E-03 2.01472555509001616E-02 3.12455518723503672E-03
4.92976195E+00 1.18622582166963420E-01 3.86166800633095742E-03 2.02116249718891638E-02 3.13289697452792714E-03
4.93624272E+00 1.18596616163743285E-01 3.87357727901436978E-03 2.02158615655242922E-02 3.14119497235672285E-03
4.94272579E+00 1.18570563605968612E-01 3.88542650573990393E-03 2.02526728621572512E-02 3.14945066128263784E-03
4.94921245E+00 1.18544419335462101E-01 3.89721824987072528E-03 2.02934621928392254E-02 3.15766567186225944E-03
4.95570412E+00 1.18518177670849711E-01 3.90895529525694865E-03 2.03373384882378459E-02 3.16584177981264238E-03
4.96220233E+00 1.18491832389807192E-01 3.92064063392228834E-03 2.03871612444071655E-02 3.17398089998630539E-03
4.96870872E+00 1.18465376717931115E-01 3.93227745174417730E-03 2.04418328342634535E-02 3.18208507855161950E-03
4.97522505E+00 1.18438803324532965E-01 3.94386911179815496E-03 2.05018151999036662E-02 3.19015648322645579E-03
4.98175320E+00 1.18412104325873235E-01 3.95541913522813680E-03 2.05667855904545192E-02 3.19819739157389815E-03
4.98829518E+00 1.18385271296571365E-01 3.96693117952721681E-03 2.06368601090897684E-02 3.20621017743982642E-03
4.99485307E+00 1.18358295289652249E-01 3.97840901415302556E-03 2.07119271650272989E-02 3.21419729564996612E-03
5.00142908E+00 1.18331166865800544E-01 3.98985649345762281E-03 2.07920130026511205E-02 3.22216126511211398E-03
5.00802551E+00 1.18303876131988270E-01 4.00127752696668570E-03 2.08770769439501451E-02 3.23010465049165807E-03
5.01464471E+00 1.18276412789806509E-01 4.01267604709334719E-03 2.09671260999054580E-02 3.23803004263513656E-03
5.02128913E+00 1.18248766193622901E-01 4.02405597441573074E-03 2.10621515669637167E-02 3.24594003792453949E-03
5.02796124E+00 1.18220925418575859E-01 4.03542118068428868E-03 2.11621638914451966E-02 3.25383721673821102E-03
5.03466353E+00 1.18192879338503448E-01 4.04677544975562669E-03 2.12671735772369010E-02 3.26172412119450465E-03
5.04139853E+00 1.18164616713643145E-01 4.05812243668652890E-03 2.13772013317773089E-02 3.26960323233891400E-03
5.04814891E+00 1.18136209602915015E-01 4.06943249425422478E-03 2.14920215250941210E-02 3.27745395421424326E-03
5.05490940E+00 1.18107680009973820E-01 4.08069660400458677E-03 2.16113282441141412E-02 3.28527007144625936E-03
5.06167918E+00 1.18079031438906995E-01 4.09191324435709269E-03 2.17351315915324944E-02 3.29305062479228871E-03
5.06845832E+00 1.18050263625305199E-01 4.10308237072539491E-03 2.18633465001370382E-02 3.30079573514018530E-03
5.07524821E+00 1.18021370828160374E-01 4.11420600584959384E-03 2.19959525781094449E-02 3.30850701522188845E-03
5.08205030E+00 1.17992346897405023E-01 4.12528622101530559E-03 2.21329215140903153E-02 3.31618617201619214E-03
5.08886548E+00 1.17963188068481661E-01 4.13632407547423822E-03 2.22742248241686452E-02 3.32383427441714820E-03
5.09569210E+00 1.17933901419430220E-01 4.14731648759064132E-03 2.24197852714322389E-02 3.33144958775127191E-03
5.10253171E+00 1.17904480382767199E-01 4.15826551538836693E-03 2.25695657016047706E-02 3.33903400311556667E-03
5.10938589E+00 1.17874904402559016E-01 4.16916796728823268E-03 2.27242452617167495E-02 3.34658710512864260E-03
5.11625623E+00 1.17845175596031332E-01 4.18002923076020178E-03 2.28824106053645733E-02 3.35411240687212954E-03
5.12313964E+00 1.17815310347238605E-01 4.19084508180461203E-03 2.30449313811545535E-02 3.36160734806246553E-03
5.13003213E+00 1.17785327093011968E-01 4.20160924903259687E-03 2.32112813626178215E-02 3.36906817635438619E-03
5.13693515E+00 1.17755220063375202E-01 4.21232378518724380E-03 2.33816230854436528E-02 3.37649701593252700E-03
5.14384822E+00 1.17724991511987578E-01 4.22298770936904797E-03 2.35558579297937935E-02 3.38389394848373536E-03
5.15077100E+00 1.17694643206051844E-01 4.23360022152904653E-03 2.37339493419396232E-02 3.39125921760240765E-03
5.15770495E+00 1.17664168820263773E-01 4.24416337059628068E-03 2.39158833457881921E-02 3.39859507055850383E-03
5.16465155E+00 1.17633561918927709E-01 4.25467921942558874E-03 2.41016713770347557E-02 3.40590378569091169E-03
5.17161228E+00 1.17602816072997676E-01 4.26514981627129555E-03 2.42913182097615789E-02 3.41318764667141285E-03
5.17858701E+00 1.17571931796539228E-01 4.27557487105157362E-03 2.44847966097464856E-02 3.42044731770995217E-03
5.18557478E+00 1.17540913360787772E-01 4.28595292859125770E-03 2.46820490070145879E-02 3.42768264782462211E-03
5.19257686E+00 1.17509755103136729E-01 4.29628595345395853E-03 2.48830779909102115E-02 3.43489586484039362E-03
5.19959442E+00 1.17478451746692775E-01 4.30657580667517890E-03 2.50879012286797203E-02 3.44208912307206703E-03
5.20662852E+00 1.17446998485386853E-01 4.31682422730984838E-03 2.52965285392983616E-02 3.44926448758464763E-03
5.21368008E+00 1.17415391055175206E-01 4.32703281964993622E-03 2.55089715291414512E-02 3.45642392270555316E-03
5.22074988E+00 1.17383625788424623E-01 4.33720304616206243E-03 2.57252402079861976E-02 3.46356928476737472E-03
5.22783238E+00 1.17351727462130295E-01 4.34732742872218601E-03 2.59451660332849256E-02 3.47069611594667902E-03
5.23492116E+00 1.17319724987285837E-01 4.35739756153576650E-03 2.61685152363815322E-02 3.47779923447080405E-03
5.24201696E+00 1.17287615245752291E-01 4.36741539863281115E-03 2.63952708913540168E-02 3.48488071297990308E-03
5.24912043E+00 1.17255395339547916E-01 4.37738287184150001E-03 2.66254505461629570E-02 3.49194259147449573E-03
5.25623122E+00 1.17223066993175973E-01 4.38730054478951841E-03 2.68590220466238469E-02 3.49898591714963708E-03
5.26334845E+00 1.17190634303436070E-01 4.39716835269325732E-03 2.70959382681891445E-02 3.50601125683996538E-03
5.27047272E+00 1.17158094722655884E-01 4.40698834054241949E-03 2.73361976242292651E-02 3.51302064622323025E-03
5.27760458E+00 1.17125445830612379E-01 4.41676255681990731E-03 2.75798084833618548E-02 3.52001609741958276E-03
5.28474455E+00 1.17092685300883376E-01 4.42649306332353228E-03 2.78267762120923308E-02 3.52699960333580477E-03
5.29189314E+00 1.17059810864000524E-01 4.43618194584199065E-03 2.80771090536728780E-02 3.53397314249553332E-03
5.29905084E+00 1.17026820267471826E-01 4.44583132525557152E-03 2.83308170506920559E-02 3.54093868416231229E-03
5.30621720E+00 1.16993715670077991E-01 4.45544208458406848E-03 2.85878803657608621E-02 3.54789726180370236E-03
5.31339140E+00 1.16960500843592205E-01 4.46501471834173658E-03 2.88482634888094919E-02 3.55484957356452932E-03
5.32057401E+00 1.16927173175001828E-01 4.47455162659376494E-03 2.91119795815848632E-02 3.56179764942035236E-03
5.32776565E+00 1.16893729907366489E-01 4.48405527694055017E-03 2.93790517711160284E-02 3.56874352517121693E-03
5.33496694E+00 1.16860168104723328E-01 4.49352821072449265E-03 2.96495027601391750E-02 3.57568924573323926E-03
5.34217855E+00 1.16826484622391938E-01 4.50297304732978024E-03 2.99233597698505792E-02 3.58263686773740335E-03
5.34940120E+00 1.16792676083292718E-01 4.51239248619203850E-03 3.02006537789607371E-02 3.58958846117790912E-03
5.35663370E+00 1.16758747951318673E-01 4.52178679598299205E-03 3.04813490904409200E-02 3.59654424691568681E-03
5.36387662E+00 1.16724697611407732E-01 4.53115853035882671E-03 3.07654641032645733E-02 3.60350607712920127E-03
5.37113085E+00 1.16690520758358382E-01 4.54051070995678801E-03 3.10530454155981718E-02 3.61047610748393326E-03
5.37839734E+00 1.16656212856681415E-01 4.54984640930458737E-03 3.13441395004984691E-02 3.61745649426226763E-03
5.38567286E+00 1.16621789127314787E-01 4.55916335613642219E-03 3.16386357708390922E-02 3.62444533554272990E-03
5.39295620E+00 1.16587255231140621E-01 4.56846194546336494E-03 3.19364786957696545E-02 3.63144264892480313E-03
5.40024837E+00 1.16552606485744600E-01 4.57774537000369287E-03 3.22377173425493768E-02 3.63845050604454275E-03
5.40755039E+00 1.16517837965061766E-01 4.58701685861421463E-03 3.25424071041710214E-02 3.64547097249280335E-03
5.41486333E+00 1.16482944520552717E-01 4.59627967001082112E-03 3.28506031288385847E-02 3.65250610280191002E-03
5.42218790E+00 1.16447922753171729E-01 4.60553657301163242E-03 3.31623486332069048E-02 3.65955754309244463E-03
5.42952318E+00 1.16412776885638336E-01 4.61478831522631281E-03 3.34776215806213001E-02 3.66662535231118952E-03
5.43687035E+00 1.16377501207287834E-01 4.62403825846277941E-03 3.37964781382418117E-02 3.67371153692793318E-03
5.44422237E+00 1.16342129531862945E-01 4.63327942652937315E-03 3.41186476469171052E-02 3.68081011275880063E-03
5.45157473E+00 1.16306683616095891E-01 4.64250809755265351E-03 3.44439130135540950E-02 3.68791748360826604E-03
5.45892755E+00 1.16271163085186272E-01 4.65172633766033992E-03 3.47722783395650326E-02 3.69503444279405298E-03
5.46628096E+00 1.16235567570689674E-01 4.66093617568946305E-03 3.51037574905718949E-02 3.70216171983495058E-03
5.47363506E+00 1.16199896706881398E-01 4.67013960335076281E-03 3.54383547709185912E-02 3.70929998120040271E-03
5.48098997E+00 1.16164150130013022E-01 4.67933857462154990E-03 3.57760759563792094E-02 3.71644983088329894E-03
5.48834580E+00 1.16128327478429855E-01 4.68853500387111325E-03 3.61169263946589311E-02 3.72361181086085019E-03
5.49570265E+00 1.16092428392757158E-01 4.69773076309107709E-03 3.64609110994475530E-02 3.73078640152136242E-03
5.50306062E+00 1.16056452516117570E-01 4.70692767864320811E-03 3.68080344949060501E-02 3.73797402212563230E-03
5.51041982E+00 1.16020399494264459E-01 4.71612752785738071E-03 3.71583003259440131E-02 3.74517503135351473E-03
5.51778033E+00 1.15984268975635435E-01 4.72533203574864325E-03 3.75117115206952817E-02 3.75238972796523504E-03
5.52514226E+00 1.15948060611271525E-01 4.73454287208150120E-03 3.78682700747622197E-02 3.75961835161719819E-03
5.53250569E+00 1.15911774054603386E-01 4.74376164900485071E-03 3.82279769098316791E-02 3.76686108385343877E-03
5.53987071E+00 1.15875408961056706E-01 4.75298991944189762E-03 3.85908317478517726E-02 3.77411804930630158E-03
5.54723742E+00 1.15838964987467360E-01 4.76222917641664321E-03 3.89568329693549958E-02 3.78138931712513303E-03
5.55460588E+00 1.15802441791278368E-01 4.77148085346129451E-03 3.93259774820934882E-02 3.78867490265874301E-03
5.56197619E+00 1.15765839029562612E-01 4.78074632619787318E-03 3.96982605911822342E-02 3.79597476940245768E-03
5.56934842E+00 1.15729156357794918E-01 4.79002691512466806E-03 4.00736758836745879E-02 3.80328883122349774E-03
5.57672266E+00 1.15692393428478049E-01 4.79932388957793939E-03 4.04522151169270996E-02 3.81061695486465020E-03
5.58409897E+00 1.15655549889519149E-01 4.80863847272309814E-03 4.08338681294900599E-02 3.81795896272432321E-03
5.59147743E+00 1.15618625382548010E-01 4.81797184742544567E-03 4.12186227597849467E-02 3.82531463590257172E-03
5.59885730E+00 1.15581623607892855E-01 4.82732413566613026E-03 4.16064238368732270E-02 3.83268290827054429E-03
5.60623864E+00 1.15544544252107279E-01 4.83669644496815317E-03 4.19972505696854584E-02 3.84006347762357730E-03
5.61362153E+00 1.15507386906621101E-01 4.84608988304754094E-03 4.23910853551344932E-02 3.84745602745285116E-03
5.62100604E+00 1.15470151150391512E-01 4.85550554378210222E-03 4.27879066092605037E-02 3.85486021406277694E-03
5.62839225E+00 1.15432836547493145E-01 4.86494451455300909E-03 4.31876906113163248E-02 3.86227567067541936E-03
5.63578022E+00 1.15395442644731908E-01 4.87440788303479360E-03 4.35904111524336169E-02 3.86970201153225652E-03
5.64317002E+00 1.15357968969368355E-01 4.88389674327096169E-03 4.39960394632322380E-02 3.87713883595314657E-03
5.65056172E+00 1.15320415026918782E-01 4.89341220095701902E-03 4.44045440871093586E-02 3.88458573230122863E-03
5.65795539E+00 1.15282780299173979E-01 4.90295537789027513E-03 4.48158907934665465E-02 3.89204228180172526E-03
5.66535108E+00 1.15245064242418885E-01 4.91252741554101986E-03 4.52300424936422016E-02 3.89950806215213141E-03
5.67274885E+00 1.15207266285849735E-01 4.92212947764158939E-03 4.56469591941333422E-02 3.90698265087373667E-03
5.68014876E+00 1.15169385830378626E-01 4.93176275163017749E-03 4.60665979397311340E-02 3.91446562835350616E-03
5.68755087E+00 1.15131422247667398E-01 4.94142844875737966E-03 4.64889127977096833E-02 3.92195658053907849E-03
5.69495523E+00 1.15093374879553692E-01 4.95112780273376796E-03 4.69138548255927657E-02 3.92945510125145350E-03
5.70236190E+00 1.15055243037804789E-01 4.96086206688554129E-03 4.73413720597299914E-02 3.93696079410423439E-03
5.70977091E+00 1.15017026004237452E-01 4.97063250989173561E-03 4.77714095075166406E-02 3.94447327401549908E-03
5.71718232E+00 1.14978723031145411E-01 4.98044041024552336E-03 4.82039091494418925E-02 3.95199216832160458E-03
5.72459618E+00 1.14940333342051684E-01 4.99028704960411372E-03 4.86388099484494560E-02 3.95951711750652888E-03
5.73201251E+00 1.14901856132779867E-01 5.00017370521696220E-03 4.90760478751081711E-02 3.96704777557191964E-03
5.73943137E+00 1.14863290572737378E-01 5.01010164166432181E-03 4.95155559428315864E-02 3.97458381008216743E-03
5.74685280E+00 1.14824635806453482E-01 5.02007210218689132E-03 4.99572642544010986E-02 3.98212490192406503E-03
5.75427681E+00 1.14785890955321490E-01 5.03008629993010638E-03 5.04011000654096680E-02 3.98967074482541040E-03
5.76170346E+00 1.14747055119483674E-01 5.04014540944046959E-03 5.08469878575426165E-02 3.99722104467545390E-03
5.76913276E+00 1.14708127379835059E-01 5.05025055874867238E-03 5.12948494197944457E-02 4.00477551869262045E-03
5.77656450E+00 1.14669108065273501E-01 5.06040249329514722E-03 5.17445901011557088E-02 4.01233364998429629E-03
5.78399829E+00 1.14629998470836048E-01 5.07060164101196323E-03 5.21961006013473353E-02 4.01989474398648135E-03
5.79143415E+00 1.14590797608604730E-01 5.08084895510202850E-03 5.26492937052520024E-02 4.02745855530762305E-03
5.79887211E+00 1.14551504481319760E-01 5.09114532273114741E-03 5.31040828436808374E-02 4.03502484528017302E-03
5.80631220E+00 1.14512118085102935E-01 5.10149156596710531E-03 5.35603779427156965E-02 4.04259338097234799E-03
5.81375443E+00 1.14472637411851083E-01 5.11188844546615808E-03 5.40180872115904667E-02 4.05016393416585824E-03
5.82119884E+00 1.14433061451430493E-01 5.12233666672770507E-03 5.44771169709499098E-02 4.05773628038034670E-03
5.82864543E+00 1.14393389193664805E-01 5.13283688854504309E-03 5.49373718571873476E-02 4.06531019799058740E-03
5.83609422E+00 1.14353619630161191E-01 5.14338973307169964E-03 5.53987549115453753E-02 4.07288546747695043E-03
5.84354522E+00 1.14313751756038098E-01 5.15399579679535428E-03 5.58611677225470601E-02 4.08046187083910446E-03
5.85099843E+00 1.14273784571635631E-01 5.16465566170898425E-03 5.63245105486879991E-02 4.08803919119587501E-03
5.85845388E+00 1.14233717084189917E-01 5.17536990604418237E-03 5.67886824509725510E-02 4.09561721259443182E-03
5.86591154E+00 1.14193548309552903E-01 5.18613911405251069E-03 5.72535814274942045E-02 4.10319572003626197E-03
5.87337144E+00 1.14153277273996073E-01 5.19696388449999384E-03 5.77191045589618562E-02 4.11077449971827737E-03
5.88083356E+00 1.14112903016068162E-01 5.20784483766069655E-03 5.81851481564038195E-02 4.11835333947859795E-03
5.88829790E+00 1.14072424588582397E-01 5.21878262076400611E-03 5.86516079102563995E-02 4.12593202942761889E-03
5.89576445E+00 1.14031841060715025E-01 5.22977791188700830E-03 5.91183790463531353E-02 4.13351036273566612E-03
5.90323320E+00 1.13991151520268549E-01 5.24083142233031183E-03 5.95853564777830483E-02 4.14108813655398623E-03
5.91070413E+00 1.13950355076101989E-01 5.25194389744567617E-03 6.00524349446692890E-02 4.14866515303087373E-03
5.91817724E+00 1.13909450860735922E-01 5.26311611583306620E-03 6.05195091622129297E-02 4.15624122039148780E-03
5.92565249E+00 1.13868438033168651E-01 5.27434888668940147E-03 6.09864739397371278E-02 4.16381615404378368E-03
5.93312988E+00 1.13827315781901819E-01 5.28564304498871373E-03 6.14532243153327398E-02 4.17138977765040345E-03
5.94060936E+00 1.13786083328174373E-01 5.29699944409733892E-03 6.19196556521592542E-02 4.17896192411423145E-03
5.94809092E+00 1.13744739929412711E-01 5.30841894562628872E-03 6.23856637419679672E-02 4.18653243640647234E-03
5.95557452E+00 1.13703284882880742E-01 5.31990240680596440E-03 6.28511448984764576E-02 4.19410116816392071E-03
5.96306012E+00 1.13661717529365311E-01 5.33145066634988559E-03 6.33159960314754883E-02 4.20166798400566262E-03
5.97054769E+00 1.13620037256841167E-01 5.34306453025130447E-03 6.37801147303308780E-02 4.20923275952676725E-03
5.97803718E+00 1.13578243503974191E-01 5.35474475879909196E-03 6.42433993277520266E-02 4.21679538094965611E-03
5.98552854E+00 1.13536335763399845E-01 5.36649205525767652E-03 6.47057489722765722E-02 4.22435574442242470E-03
5.99302173E+00 1.13494313584683010E-01 5.37830705549378636E-03 6.51670637148634296E-02 4.23191375493955392E-03
6.00051669E+00 1.13452176577133329E-01 5.39019031712271914E-03 6.56272446126402592E-02 4.23946932485477421E-03
6.00801335E+00 1.13409924412482266E-01 5.40214230699876275E-03 6.60861938516566910E-02 4.24702237196910876E-03
6.01551148E+00 1.13367557829726073E-01 5.41416310240193984E-03 6.65438047970045993E-02 4.25457263907360814E-03
6.02301078E+00 1.13325077944567337E-01 5.42625256958827705E-03 6.69999679176783297E-02 4.26211981703618001E-03
6.03051119E+00 1.13282484576281289E-01 5.43841082700021513E-03 6.74545894914942851E-02 4.26966383868952141E-03
6.03801265E+00 1.13239777614187187E-01 5.45063784764032201E-03 6.79075793892654350E-02 4.27720463151260149E-03
6.04551508E+00 1.13196957020113356E-01 5.46293344942187960E-03 6.83588478671769972E-02 4.28474211460566981E-03
6.05301842E+00 1.13154022830621315E-01 5.47529728683573014E-03 6.88083071397646850E-02 4.29227619554149124E-03
6.06052260E+00 1.13110975159087093E-01 5.48772884278847690E-03 6.92558711596509419E-02 4.29980676707355722E-03
6.06802752E+00 1.13067814197757355E-01 5.50022742040160838E-03 6.97014557911682375E-02 4.30733370372278056E-03
6.07553310E+00 1.13024540219638786E-01 5.51279213593547368E-03 7.01449788430311416E-02 4.31485685831420676E-03
6.08303925E+00 1.12981153579956833E-01 5.52542191498560376E-03 7.05863601439873645E-02 4.32237605858711363E-03
6.09054588E+00 1.12937654717000666E-01 5.53811549409363724E-03 7.10255215712978921E-02 4.32989110396586000E-03
6.09805289E+00 1.12894044152036965E-01 5.55087142874438264E-03 7.14623871172530289E-02 4.33740176254510373E-03
6.10556017E+00 1.12850322488414367E-01 5.56368810691462885E-03 7.18968829409219884E-02 4.34490776826312007E-03
6.11306760E+00 1.12806490409924090E-01 5.57656376576393283E-03 7.23289374523176931E-02 4.35240881825614458E-03
6.12057509E+00 1.12762548678595920E-01 5.58949650841244604E-03 7.27584813828772159E-02 4.35990457038803146E-03
6.12808250E+00 1.12718498132131778E-01 5.60248431828996862E-03 7.31854478646875584E-02 4.36739464099717388E-03
6.13558971E+00 1.12674339681023084E-01 5.61552506991851077E-03 7.36097724980276785E-02 4.37487860289526281E-03
6.14309660E+00 1.12630074305520481E-01 5.62861653652186288E-03 7.40313934177934813E-02 4.38235598365482090E-03
6.15060303E+00 1.12585703052326333E-01 5.64175639586398433E-03 7.44502513585015846E-02 4.38982626416623955E-03
6.15810887E+00 1.12541227031192834E-01 5.65494223578414702E-03 7.48662897233023927E-02 4.39728887746044031E-03
6.16561396E+00 1.12496647411396491E-01 5.66817156016668437E-03 7.52794546514338886E-02 4.40474320775776501E-03
6.17311816E+00 1.12451965418181560E-01 5.68144179509694029E-03 7.56896950837103594E-02 4.41218858974151088E-03
6.18062132E+00 1.12407182329320315E-01 5.69475029440930265E-03 7.60969628280103033E-02 4.41962430806094788E-03
6.18812327E+00 1.12362299471818153E-01 5.70809434412680727E-03 7.65012126072974474E-02 4.42704959707071466E-03
6.19562387E+00 1.12317318218832396E-01 5.72147116628611389E-03 7.69024021117591244E-02 4.43446364084598612E-03
6.20312292E+00 1.12272239986749359E-01 5.73487792369385945E-03 7.73004920335677026E-02 4.44186557348034191E-03
6.21062026E+00 1.12227066232333597E-01 5.74831172766525691E-03 7.76954461121222573E-02 4.44925447968572228E-03
6.21811572E+00 1.12181798449858663E-01 5.76176965043510413E-03 7.80872311614687620E-02 4.45662939568464492E-03
6.22560909E+00 1.12136438168094710E-01 5.77524874292777331E-03 7.84758171194478577E-02 4.46398931038376797E-03
6.23310018E+00 1.12090986947242816E-01 5.78874605734985056E-03 7.88611770682493829E-02 4.47133316681659274E-03
6.24058881E+00 1.12045446375720573E-01 5.80225867305197637E-03 7.92432872801539928E-02 4.47865986384951217E-03
6.24807475E+00 1.11999818067009344E-01 5.81578372361990070E-03 7.96221272333971497E-02 4.48596825816750290E-03
6.25555780E+00 1.11954103656532841E-01 5.82931842334171151E-03 7.99976796486263769E-02 4.49325716656123839E-03
6.26303773E+00 1.11908304798709640E-01 5.84286009212987064E-03 8.03699305030420585E-02 4.50052536857229769E-03
6.27051433E+00 1.11862423164045918E-01 5.85640617948488505E-03 8.07388690412573912E-02 4.50777160952759923E-03
6.27798734E+00 1.11816460436216750E-01 5.86995428961361448E-03 8.11044877756806615E-02 4.51499460401417422E-03
6.28545655E+00 1.11770418308938968E-01 5.88350221057861323E-03 8.14667824717411893E-02 4.52219303980259685E-03
6.29292168E+00 1.11724298482511780E-01 5.89704794973652194E-03 8.18257521354097545E-02 4.52936558220167363E-03
6.30038250E+00 1.11678102659947168E-01 5.91058977564223962E-03 8.21813989749892032E-02 4.53651087877375136E-03
6.30783875E+00 1.11631832543009735E-01 5.92412626376153609E-03 8.25337283735228106E-02 4.54362756431240210E-03
6.31529014E+00 1.11585489828290654E-01 5.93765634087295695E-03 8.28827488282187774E-02 4.55071426595628908E-03
6.32273641E+00 1.11539076203904006E-01 5.95117932212519806E-03 8.32284718912492810E-02 4.55776960832166012E-03
6.33017728E+00 1.11492593347016028E-01 5.96469493580045317E-03 8.35709121085886492E-02 4.56479221857077847E-03
6.33761246E+00 1.11446042922472857E-01 5.97820333360417865E-03 8.39100869389897003E-02 4.57178073137600588E-03
6.34504165E+00 1.11399426582562910E-01 5.99170508753917377E-03 8.42460167057753340E-02 4.57873379378508603E-03
6.35246456E+00 1.11352745967707653E-01 6.00520117680855472E-03 8.45787245297453943E-02 4.58565007001511971E-03
6.35988087E+00 1.11306002707979898E-01 6.01869296867459276E-03 8.49082362807030838E-02 4.59252824620661089E-03
6.36729028E+00 1.11259198425376404E-01 6.03218219575895210E-03 8.52345805217660790E-02 4.59936703513700706E-03
6.37469246E+00 1.11212334736764631E-01 6.04567092979894742E-03 8.55577884412637851E-02 4.60616518085702961E-03
6.38208708E+00 1.11165413257700338E-01 6.05916154964603482E-03 8.58778937804396542E-02 4.61292146319199677E-03
6.38947382E+00 1.11118435607273663E-01 6.07265670054192661E-03 8.61949327490212358E-02 4.61963470204257952E-03
6.39685233E+00 1.11071403413978989E-01 6.08615924271463469E-03 8.65089439414479383E-02 4.62630376144086957E-03
6.40422227E+00 1.11024318322557450E-01 6.09967218963048882E-03 8.68199682745160878E-02 4.63292755338173996E-03
6.41158328E+00 1.10977182001576913E-01 6.11319863860359993E-03 8.71280489295727517E-02 4.63950504147112898E-03
6.41893502E+00 1.10929996151399674E-01 6.12674169776291754E-03 8.74332313232280972E-02 4.64603524449180849E-03
6.42627710E+00 1.10882762512255179E-01 6.14030441309086281E-03 8.77355630415562748E-02 4.65251723998173772E-03
6.43360917E+00 1.10835482872173471E-01 6.15388969778645108E-03 8.80350937319551163E-02 4.65895016791752388E-03
6.44093084E+00 1.10788159074705683E-01 6.16750026439342840E-03 8.83318749321268110E-02 4.66533323457340911E-03
6.44824173E+00 1.10740793026328319E-01 6.18113855904608815E-03 8.86259598474197358E-02 4.67166571659940674E-03
6.45554145E+00 1.10693386703567709E-01 6.19480669710267742E-03 8.89174031345846549E-02 4.67794696535383386E-03
6.46282961E+00 1.10645942159693506E-01 6.20850640026967496E-03 8.92062607114748884E-02 4.68417641149497261E-03
6.47010579E+00 1.10598461530915945E-01 6.22223893641804960E-03 8.94925896169329327E-02 4.69035356984601279E-03
6.47736943E+00 1.10550948228848658E-01 6.23600472065686737E-03 8.97764414574514225E-02 4.69647789254774937E-03
6.48461984E+00 1.10503406295074033E-01 6.24980345277071497E-03 9.00578649554732852E-02 4.70254886422127958E-03
6.49185660E+00 1.10455838170786275E-01 6.26363472397390916E-03 9.03369192183501313E-02 4.70856629118554179E-03
6.49907931E+00 1.10408246380393676E-01 6.27749749982018691E-03 9.06136660690071982E-02 4.71453008704758765E-03
6.50628753E+00 1.10360633533169966E-01 6.29139009940607973E-03 9.08881668772398982E-02 4.72044027812360684E-03
6.51348085E+00 1.10313002323676773E-01 6.30531018474892336E-03 9.11604838531190065E-02 4.72629700863527735E-03
6.52065885E+00 1.10265355531021181E-01 6.31925476058965707E-03 9.14306795642561010E-02 4.73210054557563885E-03
6.52782110E+00 1.10217696016953193E-01 6.33322018487076071E-03 9.16988169194493524E-02 4.73785128313908635E-03
6.53496718E+00 1.10170026722914094E-01 6.34720218977805842E-03 9.19649590165667608E-02 4.74354974659083484E-03
6.54209668E+00 1.10122350665954605E-01 6.36119591264113892E-03 9.22291690432996830E-02 4.74919659545698127E-03
6.54920918E+00 1.10074670933630242E-01 6.37519593542116344E-03 9.24915101851327415E-02 4.75479262590401339E-03
6.55630427E+00 1.10026990678000647E-01 6.38919633102936601E-03 9.27520455251669707E-02 4.76033877218685550E-03
6.56338153E+00 1.09979313108768892E-01 6.40319071454140045E-03 9.30108379588189121E-02 4.76583610703956197E-03
6.57044056E+00 1.09931641485752185E-01 6.41717229743070210E-03 9.32679500927129645E-02 4.77128584091002662E-03
6.57748095E+00 1.09883979110811089E-01 6.43113394326257776E-03 9.35234441433591968E-02 4.77668931992445388E-03
6.58450233E+00 1.09836329319327047E-01 6.44506822370410036E-03 9.37773818319521391E-02 4.78204802250416748E-03
6.59150429E+00 1.09788695471318865E-01 6.45896747409823845E-03 9.40298242794661704E-02 4.78736355454404371E-03
6.59848646E+00 1.09741080942370173E-01 6.47282384815608004E-03 9.42808319023189928E-02 4.79263764309343764E-03
6.60544848E+00 1.09693489114334491E-01 6.48662937151624208E-03 9.45304643149156021E-02 4.79787212849981312E-03
6.61238998E+00 1.09645923365983639E-01 6.50037599402770311E-03 9.47787802415500369E-02 4.80306895501573638E-03
6.61931063E+00 1.09598387063597161E-01 6.51405564057539344E-03 9.50258374405333062E-02 4.80823015990824131E-03
6.62621008E+00 1.09550883551552777E-01 6.52766026016589600E-03 9.52716926455535462E-02 4.81335786117431750E-03
6.63308803E+00 1.09503416142954585E-01 6.54118187282204909E-03 9.55164015084861290E-02 4.81845424401357563E-03
6.63994417E+00 1.09455988110305630E-01 6.55461261380269316E-03 9.57600185527755221E-02 4.82352154627672773E-03
6.64677823E+00 1.09408602676198272E-01 6.56794477478688053E-03 9.60025971244627269E-02 4.82856204314809773E-03
6.65358993E+00 1.09361263003916423E-01 6.58117084192214388E-03 9.62441893521474023E-02 4.83357803136439442E-03
6.66037905E+00 1.09313972187875932E-01 6.59428353096312876E-03 9.64848461113587547E-02 4.83857181329798523E-03
6.66714536E+00 1.09266733243686881E-01 6.60727581991285735E-03 9.67246170052631499E-02 4.84354568123867690E-03
6.67388867E+00 1.09219549097761215E-01 6.62014097960746291E-03 9.69635503522614101E-02 4.84850190221170884E-03
6.68060881E+00 1.09172422576178263E-01 6.63287260246658416E-03 9.72016931934457928E-02 4.85344270364852434E-03
6.68730565E+00 1.09125356392827055E-01 6.64546462922657385E-03 9.74390912958078143E-02 4.85837026021195949E-03
6.69397906E+00 1.09078353136657508E-01 6.65791137301027791E-03 9.76757891678907697E-02 4.86328668203941158E-03
6.70062899E+00 1.09031415257984376E-01 6.67020753968260161E-03 9.79118300670553665E-02 4.86819400463689347E-03
6.70725475E+00 1.08984549418160132E-01 6.68234712327829810E-03 9.81472382654845626E-02 4.87309372601861697E-03
6.71385558E+00 1.08937763212368796E-01 6.69432431219531710E-03 9.83820238438382205E-02 4.87798714025559996E-03
6.72043134E+00 1.08891059750487823E-01 6.70613486349420571E-03 9.86162169624514584E-02 4.88287589417830611E-03
6.72698195E+00 1.08844441998250288E-01 6.71777494868486258E-03 9.88498545333710427E-02 4.88776152933482425E-03
6.73350732E+00 1.08797912761064583E-01 6.72924114020337014E-03 9.90829662171853337E-02 4.89264548212427295E-03
6.74000742E+00 1.08751474665807951E-01 6.74053038920066454E-03 9.93155825654926383E-02 4.89752908584871038E-03
6.74648226E+00 1.08705130141513409E-01 6.75163999605658729E-03 9.95477320961150325E-02 4.90241357464977785E-03
6.75293186E+00 1.08658881399434235E-01 6.76256757667568521E-03 9.97794428696349711E-02 4.90730008916698615E-03
6.75935632E+00 1.08612730412625341E-01 6.77331102933056376E-03 1.00010741945622261E-01 4.91218968370788888E-03
6.76575573E+00 1.08566678895136104E-01 6.78386850823790161E-03 1.00241655838765792E-01 4.91708333462910225E-03
6.77213026E+00 1.08520728280703957E-01 6.79423841075555302E-03 1.00472210538447418E-01 4.92198194961044992E-03
6.77848010E+00 1.08474879700934362E-01 6.80441938458400432E-03 1.00702431762055997E-01 4.92688637744308645E-03
6.78480550E+00 1.08429133962907570E-01 6.81441035957315155E-03 1.00932345144693042E-01 4.93179741797577717E-03
6.79110674E+00 1.08383491526290468E-01 6.82421060575077055E-03 1.01161976510102947E-01 4.93671583186680758E-03
6.79738416E+00 1.08337952480140165E-01 6.83381981559960487E-03 1.01391352140768665E-01 4.94164234986031476E-03
6.80363813E+00 1.08292516519784332E-01 6.84323820502898486E-03 1.01620499052511221E-01 4.94657768137987414E-03
6.80986909E+00 1.08247182924226956E-01 6.85246662466764897E-03 1.01849445221977697E-01 4.95152252235842982E-03
6.81607752E+00 1.08201950534599259E-01 6.86150667145441276E-03 1.02078219765718556E-01 4.95647756231588216E-03
6.82226394E+00 1.08156817734253133E-01 6.87036079025796741E-03 1.02306853064382003E-01 4.96144349080569324E-03
6.82842894E+00 1.08111782430985640E-01 6.87903235630208266E-03 1.02535376896874544E-01 4.96642100340974509E-03
6.83457314E+00 1.08066842041773845E-01 6.88752573117463757E-03 1.02763824637092993E-01 4.97141080748995674E-03
6.84069383E+00 1.08022018440931275E-01 6.89584170851796456E-03 1.02992126059763892E-01 4.97641084879033545E-03
6.84679064E+00 1.07977316223156525E-01 6.90398544520338161E-03 1.03220237740419898E-01 4.98142092665412872E-03
6.85286412E+00 1.07932733246036985E-01 6.91196424134910697E-03 1.03448207770657330E-01 4.98644154757591201E-03
6.85891485E+00 1.07888266863266094E-01 6.91978627259464373E-03 1.03676064813124150E-01 4.99147324250766907E-03
6.86494347E+00 1.07843913927274826E-01 6.92746048943405999E-03 1.03903843841299859E-01 4.99651657405483438E-03
6.87095067E+00 1.07799670790699978E-01 6.93499649868377973E-03 1.04131579257905116E-01 5.00157214302224436E-03
6.87693718E+00 1.07755533308423787E-01 6.94240443375580916E-03 1.04359308523033725E-01 5.00664059449163618E-03
6.88290380E+00 1.07711496840621909E-01 6.94969482110369043E-03 1.04587070509634783E-01 5.01172262348435500E-03
6.88885137E+00 1.07667556256861918E-01 6.95687844995414913E-03 1.04814906358056237E-01 5.01681898021645069E-03
6.89478077E+00 1.07623705941041370E-01 6.96396625170828468E-03 1.05042859469307207E-01 5.02193047495879362E-03
6.90069295E+00 1.07579939796934018E-01 6.97096919439401958E-03 1.05270975907588493E-01 5.02705798254026674E-03
6.90658889E+00 1.07536251254348680E-01 6.97789819632708801E-03 1.05499304577348949E-01 5.03220244654905419E-03
6.91246963E+00 1.07492633275575081E-01 6.98476406178945818E-03 1.05727897397788179E-01 5.03736488329736658E-03
6.91833618E+00 1.07449078935851122E-01 6.99157735079090122E-03 1.05956806811478149E-01 5.04254631748158374E-03
6.92418350E+00 1.07405626215980571E-01 6.99834142570150176E-03 1.06185882160607842E-01 5.04774243728218878E-03
6.93001253E+00 1.07362268651787732E-01 7.00506638217226422E-03 1.06415104613173286E-01 5.05295419423826882E-03
6.93582427E+00 1.07318999304820570E-01 7.01176211067856738E-03 1.06644571762073287E-01 5.05818261670977140E-03
6.94161974E+00 1.07275810785118650E-01 7.01843832932568662E-03 1.06874324358611980E-01 5.06342881583338872E-03
6.94740003E+00 1.07232695264856515E-01 7.02510462658270836E-03 1.07104425571588502E-01 5.06869398979425609E-03
6.95316624E+00 1.07189644489323568E-01 7.03177050590380378E-03 1.07334933954079823E-01 5.07397942722414164E-03
6.95891956E+00 1.07146649787655091E-01 7.03844542736081595E-03 1.07565914165512463E-01 5.07928651006533255E-03
6.96466117E+00 1.07103702084432401E-01 7.04513884268793966E-03 1.07797432576324403E-01 5.08461671605788500E-03
6.97039232E+00 1.07060791912538589E-01 7.05186022108777229E-03 1.08029558957419641E-01 5.08997162090941372E-03
6.97611428E+00 1.07017909427495214E-01 7.05861906416526113E-03 1.08262365870075400E-01 5.09535290017682028E-03
6.98182837E+00 1.06975044423321161E-01 7.06542490933129153E-03 1.08495928949443904E-01 5.10076233087520745E-03
6.98753594E+00 1.06932186349847844E-01 7.07228732189409647E-03 1.08730326820266662E-01 5.10620179282824434E-03
6.99323294E+00 1.06889365082392426E-01 7.07920928043991125E-03 1.08965443643662896E-01 5.11166807407554234E-03
6.99891870E+00 1.06846585208298511E-01 7.08619756747316809E-03 1.09201233111737017E-01 5.11716116122500671E-03
7.00459451E+00 1.06803836633526827E-01 7.09326113295641238E-03 1.09437785378063729E-01 5.12268294872916460E-03
7.01026167E+00 1.06761108936241023E-01 7.10040877374825893E-03 1.09675181467387764E-01 5.12823542941826492E-03
7.01592150E+00 1.06718391398190518E-01 7.10764910289918977E-03 1.09913502303620320E-01 5.13382069607752796E-03
7.02157536E+00 1.06675673029679993E-01 7.11499052402325954E-03 1.10152831378300523E-01 5.13944094154682261E-03
7.02722464E+00 1.06632942591981542E-01 7.12244121289737006E-03 1.10393254793926254E-01 5.14509845791004655E-03
7.03287074E+00 1.06590188618463838E-01 7.13000910820238074E-03 1.10634860970179633E-01 5.15079563503539808E-03
7.03851507E+00 1.06547399435052925E-01 7.13770191138004585E-03 1.10877740550091974E-01 5.15653495859990426E-03
7.04415907E+00 1.06504563180285325E-01 7.14552709368217621E-03 1.11121986293285374E-01 5.16231900767343509E-03
7.04980419E+00 1.06461667825009279E-01 7.15349190751545308E-03 1.11367692990062717E-01 5.16815045193370036E-03
7.05545189E+00 1.06418701191988707E-01 7.16160339944721391E-03 1.11614957382767763E-01 5.17403204854401111E-03
7.06109872E+00 1.06375688390829781E-01 7.16986121025327619E-03 1.11863686911990154E-01 5.17996148393517781E-03
7.06674351E+00 1.06332637511814487E-01 7.17826765093231099E-03 1.12113824971680154E-01 5.18593873483778195E-03
7.07238768E+00 1.06289536548665117E-01 7.18682857224479683E-03 1.12365469972647541E-01 5.19196656119778454E-03
7.07803270E+00 1.06246373334635491E-01 7.19554966118224597E-03 1.12618725779463871E-01 5.19804778944844229E-03
7.08368001E+00 1.06203135573270699E-01 7.20443647545699912E-03 1.12873688141988435E-01 5.20418530996097015E-03
7.08933107E+00 1.06159810860992215E-01 7.21349448065575476E-03 1.13130456736359589E-01 5.21038207274213561E-03
7.09498735E+00 1.06116386706156307E-01 7.22272908623111231E-03 1.13389132137148768E-01 5.21664108209039020E-03
7.10065030E+00 1.06072850546433881E-01 7.23214567823588384E-03 1.13649816555466021E-01 5.22296539049904585E-03
7.10631742E+00 1.06029220417458173E-01 7.24174288008215886E-03 1.13912450636344267E-01 5.22935360475419286E-03
7.11198613E+00 1.05985514971097872E-01 7.25151877124957742E-03 1.14176926289950145E-01 5.23580413555368735E-03
7.11765304E+00 1.05941759201103949E-01 7.26146957683092894E-03 1.14443124033662108E-01 5.24231432369528291E-03
7.12331145E+00 1.05898004013876848E-01 7.27158502752050292E-03 1.14710764057464332E-01 5.24887745372503399E-03
7.12896294E+00 1.05854236332010951E-01 7.28186910318937963E-03 1.14979876837078970E-01 5.25549618278583781E-03
7.13460912E+00 1.05810442872690952E-01 7.29232591421016558E-03 1.15250605103773163E-01 5.26217317042431115E-03
7.14025157E+00 1.05766610199187844E-01 7.30295973573860755E-03 1.15523029380806538E-01 5.26891107832566999E-03
7.14589191E+00 1.05722724752033800E-01 7.31377503217630221E-03 1.15797249456710022E-01 5.27571256670227983E-03
7.15153173E+00 1.05678772871766774E-01 7.32477646853331443E-03 1.16073359676134538E-01 5.28258028938547765E-03
7.15716408E+00 1.05634807970614211E-01 7.33595179126228774E-03 1.16351082554077334E-01 5.28950630954202854E-03
7.16278937E+00 1.05590825832492158E-01 7.34730285774651271E-03 1.16630358341787074E-01 5.29649149632347577E-03
7.16840852E+00 1.05546818447951982E-01 7.35883250774654017E-03 1.16911290675359048E-01 5.30353723447665130E-03
7.17402190E+00 1.05502781977863322E-01 7.37054249968000993E-03 1.17193894083563094E-01 5.31064416672500945E-03
7.17963120E+00 1.05458702152464862E-01 7.38243736802817428E-03 1.17478252218212620E-01 5.31781454570185927E-03
7.18523810E+00 1.05414564657656584E-01 7.39452174130856340E-03 1.17764461526548750E-01 5.32505059297811757E-03
7.19084429E+00 1.05370355157757098E-01 7.40680031221450236E-03 1.18052610351087384E-01 5.33235449650492667E-03
7.19645143E+00 1.05326059312459197E-01 7.41927780496281358E-03 1.18342788908595467E-01 5.33972840720753870E-03
7.20206116E+00 1.05281662790530570E-01 7.43195894244857817E-03 1.18635086199006062E-01 5.34717443518478719E-03
7.20767514E+00 1.05237151281111010E-01 7.44484841598833883E-03 1.18929590696846499E-01 5.35469464570163204E-03
7.21328821E+00 1.05192564447819936E-01 7.45793499402543688E-03 1.19226072146546555E-01 5.36228187858299107E-03
7.21890036E+00 1.05147901303892913E-01 7.47121871354643977E-03 1.19524453824626883E-01 5.36993565514184631E-03
7.22451335E+00 1.05103146698513145E-01 7.48470360477247482E-03 1.19824849901002950E-01 5.37765782681195060E-03
7.23012893E+00 1.05058285478616190E-01 7.49839363206002227E-03 1.20127342399057313E-01 5.38545019658808865E-03
7.23574882E+00 1.05013302507166562E-01 7.51229271362210266E-03 1.20432013957924397E-01 5.39331451796912480E-03
7.24137474E+00 1.04968182671522456E-01 7.52640474408364235E-03 1.20738944278728583E-01 5.40125249221669931E-03
7.24700838E+00 1.04922910887085552E-01 7.54073361590418701E-03 1.21048212246852957E-01 5.40926576494006779E-03
7.25265142E+00 1.04877472098556190E-01 7.55528323616178228E-03 1.21359894642577168E-01 5.41735592251766599E-03
7.25830070E+00 1.04831890162868022E-01 7.57004493017379362E-03 1.21673829773061210E-01 5.42551753365011404E-03
7.26395480E+00 1.04786175147789026E-01 7.58501407091003582E-03 1.21989873308226721E-01 5.43374745371832946E-03
7.26961558E+00 1.04740310595438049E-01 7.60019452193508565E-03 1.22308098818431313E-01 5.44204718690388667E-03
7.27528487E+00 1.04694279990571432E-01 7.61559021430360025E-03 1.22628595137743060E-01 5.45041819188560317E-03
7.28096450E+00 1.04648066777633234E-01 7.63120516130125562E-03 1.22951430337527590E-01 5.45886188329928503E-03
7.28665627E+00 1.04601654368717836E-01 7.64704347778612931E-03 1.23276675446971754E-01 5.46737963128099760E-03
7.29236197E+00 1.04555026148216670E-01 7.66310940201919526E-03 1.23604398191344458E-01 5.47597276008154020E-03
7.29808123E+00 1.04508183034934699E-01 7.67940120828917560E-03 1.23934555168085506E-01 5.48463930352604840E-03
7.30380973E+00 1.04461158526214404E-01 7.69590568835727771E-03 1.24266868000220645E-01 5.49337116563684402E-03
7.30954956E+00 1.04413933472961656E-01 7.71262787631896325E-03 1.24601351986222464E-01 5.50216988512624433E-03
7.31530281E+00 1.04366488580025590E-01 7.72957302986655107E-03 1.24938129074802298E-01 5.51103698220421680E-03
7.32107153E+00 1.04318804431477535E-01 7.74674662710582440E-03 1.25277263272556394E-01 5.51997396132572482E-03
7.32685780E+00 1.04270861505519910E-01 7.76415435515756622E-03 1.25618834458321504E-01 5.52898231077042068E-03
7.33266365E+00 1.04222640186976079E-01 7.78180209244921407E-03 1.25962917238153282E-01 5.53806350049333880E-03
7.33849111E+00 1.04174120780768292E-01 7.79969588979497440E-03 1.26309587699568071E-01 5.54721897877655766E-03
7.34434217E+00 1.04125283528305024E-01 7.81784195360775772E-03 1.26658920324623031E-01 5.55645016789120885E-03
7.35021383E+00 1.04076150637144038E-01 7.83623091635607220E-03 1.27010721343221028E-01 5.56575052978704968E-03
7.35610678E+00 1.04026713136371712E-01 7.85486488549655588E-03 1.27364929728479820E-01 5.57511936154144860E-03
7.36202356E+00 1.03976946535596429E-01 7.87375184055752464E-03 1.27721667136549560E-01 5.58455885363473657E-03
7.36796670E+00 1.03926826122612267E-01 7.89289993438543891E-03 1.28081038740592540E-01 5.59407120432549743E-03
7.37393873E+00 1.03876327012440525E-01 7.91231741229354683E-03 1.28443146578248929E-01 5.60365861240782071E-03
7.37994213E+00 1.03825424200173960E-01 7.93201248598932908E-03 1.28808092755353182E-01 5.61332326660373988E-03
7.38597939E+00 1.03774092622322317E-01 7.95199316567078186E-03 1.29175979219621179E-01 5.62306733230458211E-03
7.39205294E+00 1.03722307229121763E-01 7.97226706330502084E-03 1.29546907183801047E-01 5.63289293590745442E-03
7.39816521E+00 1.03670043069217038E-01 7.99284118442379447E-03 1.29920976661614951E-01 5.64280214674929646E-03
7.40431854E+00 1.03617275387897251E-01 8.01372172495432890E-03 1.30298285867834235E-01 5.65279695653253447E-03
7.41051525E+00 1.03563979740011844E-01 8.03491388443982810E-03 1.30678930537586752E-01 5.66287925619169807E-03
7.41675754E+00 1.03510132118560777E-01 8.05642169899483014E-03 1.31063003183143456E-01 5.67305081027775441E-03
7.42304468E+00 1.03455734159777421E-01 8.07823785711294685E-03 1.31450436215199862E-01 5.68330852365096784E-03
7.42934564E+00 1.03401051186472401E-01 8.10024786603542706E-03 1.31839481751345217E-01 5.69359989533873775E-03
7.43566558E+00 1.03346036285259374E-01 8.12246084408161165E-03 1.32229924039918401E-01 5.70393137362915862E-03
7.44200982E+00 1.03290640536401898E-01 8.14488561462624328E-03 1.32622369637018206E-01 5.71430968719504034E-03
7.44837712E+00 1.03234872204626862E-01 8.16750671905777312E-03 1.33016658906712437E-01 5.72473086524978320E-03
7.45474831E+00 1.03178897765784178E-01 8.19024337007192085E-03 1.33411688946856732E-01 5.73516168282192998E-03
7.46112963E+00 1.03122661741262417E-01 8.21310354830497025E-03 1.33807486085684213E-01 5.74561048203305145E-03
7.46752755E+00 1.03066105660988769E-01 8.23609524736445588E-03 1.34204643720282180E-01 5.75608607186822285E-03
7.47394889E+00 1.03009167831885046E-01 8.25922654453346318E-03 1.34603489412594202E-01 5.76659777637346903E-03
7.48040077E+00 1.02951783071044953E-01 8.28250568902048033E-03 1.35004459526799542E-01 5.77715546805821108E-03
7.48686884E+00 1.02894077675573167E-01 8.30586250994854065E-03 1.35406806100195037E-01 5.78773396848536459E-03
7.49334167E+00 1.02836153742151173E-01 8.32923656053245580E-03 1.35809611807029024E-01 5.79831297257784543E-03
7.49982754E+00 1.02777937566416427E-01 8.35263794065018057E-03 1.36213270046490281E-01 5.80890438344431291E-03
7.50633522E+00 1.02719350160697123E-01 8.37607786490931691E-03 1.36618429263681979E-01 5.81952085302983070E-03
7.51287404E+00 1.02660306612849084E-01 8.39956884032004060E-03 1.37025605198693556E-01 5.83017588493877845E-03
7.51945400E+00 1.02600715372642995E-01 8.42312482815929173E-03 1.37435403713459692E-01 5.84088392689955088E-03
7.52606306E+00 1.02540684544314392E-01 8.44668068779873098E-03 1.37847248072526157E-01 5.85162359104379141E-03
7.53268133E+00 1.02480395600341695E-01 8.47014451981612480E-03 1.38259762472170922E-01 5.86236089023747103E-03
7.53932008E+00 1.02419747224062552E-01 8.49353585978348570E-03 1.38673325696875877E-01 5.87311235898105473E-03
7.54596050E+00 1.02358912952696390E-01 8.51676915243590980E-03 1.39087301736061597E-01 5.88384582754380644E-03
7.55259916E+00 1.02297927111885165E-01 8.53981502719019028E-03 1.39500946227373274E-01 5.89455405276561976E-03
7.55921978E+00 1.02236943002504327E-01 8.56260201568086535E-03 1.39913600846150371E-01 5.90520915013246009E-03
7.56582711E+00 1.02175920902111111E-01 8.58513383290650592E-03 1.40325122436524397E-01 5.91581713766915328E-03
7.57242578E+00 1.02114821807923264E-01 8.60741500586252421E-03 1.40736047920704377E-01 5.92638365857133496E-03
7.57901319E+00 1.02053673345239168E-01 8.62942748835802444E-03 1.41146166753629426E-01 5.93690271697032076E-03
7.58558487E+00 1.01992521004137152E-01 8.65114957003151538E-03 1.41555158603215492E-01 5.94736531343755589E-03
7.59214517E+00 1.01931327924374662E-01 8.67259114069989477E-03 1.41963169296490249E-01 5.95777649592649141E-03
7.59869817E+00 1.01870059395456333E-01 8.69376264926609819E-03 1.42370522043397590E-01 5.96814070494465238E-03
7.60524771E+00 1.01808682691561556E-01 8.71467520103151767E-03 1.42777394761661347E-01 5.97846181059158779E-03
7.61179269E+00 1.01747210670419072E-01 8.73532609651361987E-03 1.43183750979908347E-01 5.98873586636919104E-03
7.61831778E+00 1.01685790632728590E-01 8.75567077910993467E-03 1.43588703195636797E-01 5.99893667340889968E-03
7.62480670E+00 1.01624579953321276E-01 8.77566619149539907E-03 1.43991093214102001E-01 6.00903696086045082E-03
7.63126475E+00 1.01563532767384848E-01 8.79533876143627665E-03 1.44391026666935679E-01 6.01904324146741894E-03
7.63769700E+00 1.01502604411095682E-01 8.81471506972873048E-03 1.44789013101748354E-01 6.02896153538130634E-03
7.64410833E+00 1.01441751668176927E-01 8.83382177257328004E-03 1.45185248776618425E-01 6.03879735958727949E-03
7.65050334E+00 1.01380932966107201E-01 8.85268553453309390E-03 1.45580014084000731E-01 6.04855571520380563E-03
7.65688640E+00 1.01320108506818371E-01 8.87133294022143977E-03 1.45973532487882529E-01 6.05824107944271696E-03
7.66326165E+00 1.01259240322262897E-01 8.88979039370167527E-03 1.46366027748795396E-01 6.06785740634880298E-03
7.66963294E+00 1.01198292252243208E-01 8.90808402286309003E-03 1.46757698275404330E-01 6.07740813881208885E-03
7.67600392E+00 1.01137229847119592E-01 8.92623960434272244E-03 1.47148729015400853E-01 6.08689623260792994E-03
7.68237803E+00 1.01076020203548986E-01 8.94428251610089771E-03 1.47539288962928450E-01 6.09632419180307274E-03
7.68875851E+00 1.01014631747202183E-01 8.96223771037250698E-03 1.47929535884787966E-01 6.10569411369206536E-03
7.69514847E+00 1.00953033980920079E-01 8.98012968471196583E-03 1.48319618547005094E-01 6.11500774050182262E-03
7.70155086E+00 1.00891197219467696E-01 8.99798242200116304E-03 1.48709679729189831E-01 6.12426651443347125E-03
7.70795928E+00 1.00829182358478417E-01 9.01579354484690655E-03 1.49099390970855006E-01 6.13345838055206431E-03
7.71435598E+00 1.00767160697714547E-01 9.03352905027941626E-03 1.49487666847937101E-01 6.14255564208551763E-03
7.72074781E+00 1.00705065392559870E-01 9.05122236651033016E-03 1.49874549324174655E-01 6.15156610636397299E-03
7.72714146E+00 1.00642830891514698E-01 9.06890482026656911E-03 1.50260707305253122E-01 6.16049704886815434E-03
7.73353682E+00 1.00580456844864802E-01 9.08658761139912244E-03 1.50646063912950101E-01 6.16934624318287404E-03
7.73991405E+00 1.00518136510689901E-01 9.10422588280281747E-03 1.51029574317724707E-01 6.17808466695430724E-03
7.74626554E+00 1.00455944494407035E-01 9.12180717249877308E-03 1.51410387858019080E-01 6.18670111098169016E-03
7.75259942E+00 1.00393801366822605E-01 9.13936085528504506E-03 1.51788996961112005E-01 6.19520596447644539E-03
7.75892376E+00 1.00331627597918735E-01 9.15691450927995018E-03 1.52165953510780133E-01 6.20360924665218014E-03
7.76524658E+00 1.00269343325732674E-01 9.17449411781468167E-03 1.52541660196786083E-01 6.21192065108786690E-03
7.77157593E+00 1.00206867929988674E-01 9.19212431098095049E-03 1.52916560047677258E-01 6.22014960390599326E-03
7.77791992E+00 1.00144119431879342E-01 9.20982866154269365E-03 1.53291077130215947E-01 6.22830533186459739E-03
7.78428682E+00 1.00081013742663594E-01 9.22763005045572349E-03 1.53665647615345541E-01 6.23639693685811708E-03
7.79068510E+00 1.00017463776540999E-01 9.24555108626721675E-03 1.54040710804675907E-01 6.24443347492857105E-03
7.79710343E+00 9.99535795400397636E-02 9.26355807286904399E-03 1.54415806017294405E-01 6.25239919892916444E-03
7.80353540E+00 9.98894226666809659E-02 9.28163047740724473E-03 1.54790166102508869E-01 6.26028523140658572E-03
7.80997664E+00 9.98250351843163880E-02 9.29975289219906950E-03 1.55163641594231294E-01 6.26808563654002778E-03
7.81640268E+00 9.97606611207547539E-02 9.31785315492920062E-03 1.55535006075057630E-01 6.27577102072921118E-03
7.82281874E+00 9.96962481652789306E-02 9.33594259547275256E-03 1.55903849506793507E-01 6.28334836084481867E-03
7.82923040E+00 9.96317398504940471E-02 9.35403380389735958E-03 1.56271007970341907E-01 6.29082475857950865E-03
7.83564361E+00 9.95670755374832156E-02 9.37214094513279423E-03 1.56636566101421210E-01 6.29820741144070193E-03
7.84205800E+00 9.95022579452809058E-02 9.39026117694504413E-03 1.57000666356177376E-01 6.30549606160955151E-03
7.84846571E+00 9.94373657472396033E-02 9.40837143530790475E-03 1.57362787091004902E-01 6.31268217092414291E-03
7.85484990E+00 9.93725701466790234E-02 9.42642398957581860E-03 1.57722032094867820E-01 6.31974777596873080E-03
7.86121719E+00 9.93078046309225221E-02 9.44443786373481628E-03 1.58078272103100770E-01 6.32670131472480319E-03
7.86757459E+00 9.92429981972624414E-02 9.46243324121515648E-03 1.58432313118366863E-01 6.33355114416799588E-03
7.87392941E+00 9.91780760444241488E-02 9.48043124044196939E-03 1.58784343757753715E-01 6.34030543507071651E-03
7.88028923E+00 9.91129602575333002E-02 9.49845378296253380E-03 1.59134824610935505E-01 6.34697205789223722E-03
7.88666177E+00 9.90475704933938550E-02 9.51652351189827966E-03 1.59484082455065929E-01 6.35355846159279744E-03
7.89303375E+00 9.89820425031046752E-02 9.53460401611117524E-03 1.59831676402723583E-01 6.36005022607490610E-03
7.89938750E+00 9.89165585946249204E-02 9.55264720887138812E-03 1.60176294047610274E-01 6.36642918501177223E-03
7.90573093E+00 9.88510379486272350E-02 9.57067818653244314E-03 1.60518037008540587E-01 6.37270303933153929E-03
7.91207220E+00 9.87853964986011579E-02 9.58872346477062862E-03 1.60857729529395810E-01 6.37887890574781544E-03
7.91841757E+00 9.87195691982652446E-02 9.60680530563901881E-03 1.61195565895919102E-01 6.38496125872188482E-03
7.92477109E+00 9.86535132537846304E-02 9.62494126849637935E-03 1.61531818340117789E-01 6.39095180853331644E-03
7.93113240E+00 9.85872316157291734E-02 9.64313805917860895E-03 1.61866452302296876E-01 6.39684765256178563E-03
7.93747431E+00 9.85210082365517437E-02 9.66132722813040773E-03 1.62198413558893223E-01 6.40262151465112971E-03
7.94380527E+00 9.84547558180158822E-02 9.67954310979376314E-03 1.62527072558155100E-01 6.40827930619569750E-03
7.95013350E+00 9.83883885686570731E-02 9.69781960282164318E-03 1.62853719574207523E-01 6.41382608358392978E-03
7.95646698E+00 9.83218227966704827E-02 9.71618930916135284E-03 1.63178345545045844E-01 6.41926613263498879E-03
7.96281337E+00 9.82549772703399521E-02 9.73468264803743939E-03 1.63501505372778771E-01 6.42460305866148114E-03
7.96918004E+00 9.81877733821429899E-02 9.75332705590839164E-03 1.63823409469752768E-01 6.42983988016756439E-03
7.97556026E+00 9.81202814141766966E-02 9.77210583432685555E-03 1.64143984609990301E-01 6.43496820039175365E-03
7.98192916E+00 9.80527654835962048E-02 9.79094491947803472E-03 1.64461950086999237E-01 6.43996649978770958E-03
7.98829558E+00 9.79851331679966187E-02 9.80986571830308116E-03 1.64776812061149802E-01 6.44484109490330026E-03
7.99466814E+00 9.79172937944114696E-02 9.82888568309176272E-03 1.65089858050443461E-01 6.44959792499983590E-03
8.00105522E+00 9.78491584571733047E-02 9.84801852558554215E-03 1.65401069279896673E-01 6.45424265245439065E-03
8.00746497E+00 9.77806399258742548E-02 9.86727443287553803E-03 1.65711014947593271E-01 6.45878075310998140E-03
8.01390532E+00 9.77116525227400140E-02 9.88666023183513987E-03 1.66019905967244530E-01 6.46321759059361855E-03
8.02038402E+00 9.76421120385850688E-02 9.90617951987218283E-03 1.66328128022218330E-01 6.46755846619763691E-03
8.02688561E+00 9.75721830538122253E-02 9.92576396034823040E-03 1.66635338423809842E-01 6.47179395302251593E-03
8.03339466E+00 9.75020317191576530E-02 9.94534384460509305E-03 1.66940212917265046E-01 6.47591641570422535E-03
8.03992032E+00 9.74315593147814796E-02 9.96492256308781181E-03 1.67242889050839838E-01 6.47993474590433365E-03
8.04646752E+00 9.73607119453636788E-02 9.98448981549832255E-03 1.67544185647138744E-01 6.48385511833188440E-03
8.05299233E+00 9.72899659997824434E-02 1.00038900135875283E-02 1.67842842813933801E-01 6.48765579365841345E-03
8.05950078E+00 9.72192583502643620E-02 1.00231177728426022E-02 1.68136874411735110E-01 6.49134597833232393E-03
8.06599902E+00 9.71485239375149967E-02 1.00421673490997069E-02 1.68428465439793590E-01 6.49493455178625466E-03
8.07249335E+00 9.70776958374666710E-02 1.00610331033264746E-02 1.68717023964170043E-01 6.49843000173825226E-03
8.07898388E+00 9.70067745926304209E-02 1.00796927275886451E-02 1.69003217240472625E-01 6.50183705226066704E-03
8.08543699E+00 9.69361300977608781E-02 1.00980326017911359E-02 1.69285948690442306E-01 6.50514310944746293E-03
8.09185893E+00 9.68656977157481419E-02 1.01160598876846013E-02 1.69563811495753058E-01 6.50835636179163124E-03
8.09825599E+00 9.67954115846547530E-02 1.01337855664348012E-02 1.69838639287111598E-01 6.51148397506411732E-03
8.10463450E+00 9.67252047682271021E-02 1.01512231904358121E-02 1.70110033262041604E-01 6.51453210194775749E-03
8.11100085E+00 9.66550094048775482E-02 1.01683874292987624E-02 1.70378659688580042E-01 6.51750591186700794E-03
8.11736143E+00 9.65847568255154554E-02 1.01852930103821914E-02 1.70644578119859031E-01 6.52040964506693348E-03
8.12372270E+00 9.65143776250432794E-02 1.02019542806733015E-02 1.70908183175911776E-01 6.52324668413373828E-03
8.13001168E+00 9.64446833103728557E-02 1.02181820653823602E-02 1.71168458290585662E-01 6.52598566076088241E-03
8.13622412E+00 9.63757274593177587E-02 1.02339728239677664E-02 1.71420975516907825E-01 6.52862675682805080E-03
8.14240992E+00 9.63069609578042218E-02 1.02494574292557195E-02 1.71669776961142578E-01 6.53119196892774229E-03
8.14861322E+00 9.62378950283977463E-02 1.02647431629894308E-02 1.71917087309412492E-01 6.53369850555138125E-03
8.15487324E+00 9.61680928620047420E-02 1.02799166134051947E-02 1.72164433805520323E-01 6.53615953305970894E-03
8.16119255E+00 9.60975217589983416E-02 1.02949700452337443E-02 1.72412811596290211E-01 6.53857274519795660E-03
8.16749489E+00 9.60270365465833581E-02 1.03097112027169847E-02 1.72659753577218550E-01 6.54090688230606065E-03
8.17378805E+00 9.59565545994831293E-02 1.03241536754523581E-02 1.72901654679185446E-01 6.54316405688922659E-03
8.18007997E+00 9.58859901531443071E-02 1.03383103937359118E-02 1.73142252467229613E-01 6.54534593309294335E-03
8.18637193E+00 9.58153313282357200E-02 1.03521789122720063E-02 1.73380396221743616E-01 6.54745152256590648E-03
8.19264001E+00 9.57448495542559674E-02 1.03657037632787045E-02 1.73616401755030153E-01 6.54947179096267498E-03
8.19885556E+00 9.56748711553347397E-02 1.03788254119125626E-02 1.73848210071452985E-01 6.55139742964911797E-03
8.20502671E+00 9.56053117452932699E-02 1.03915656842050487E-02 1.74075297276411661E-01 6.55323097938352930E-03
8.21116160E+00 9.55360810315534492E-02 1.04039465433437527E-02 1.74299451927602433E-01 6.55497448361892776E-03
8.21726835E+00 9.54670894942300369E-02 1.04159885048371089E-02 1.74520339662231322E-01 6.55662911498346764E-03
8.22335502E+00 9.53982482083158140E-02 1.04277115044259204E-02 1.74738596114488970E-01 6.55819528212683162E-03
8.22942955E+00 9.53294689920986676E-02 1.04391348134296267E-02 1.74954364893861514E-01 6.55967258880599691E-03
8.23549979E+00 9.52606648089111829E-02 1.04502767794326257E-02 1.75168021274776375E-01 6.56105982002706464E-03
8.24157338E+00 9.51917501811477135E-02 1.04611545853208268E-02 1.75379816188422938E-01 6.56235496247934563E-03
8.24765780E+00 9.51226414889726479E-02 1.04717841528995485E-02 1.75590028206760257E-01 6.56355525628414538E-03
8.25376032E+00 9.50532538994342951E-02 1.04821806110830095E-02 1.75799019709189042E-01 6.56465729966360708E-03
8.25985402E+00 9.49838967569223980E-02 1.04923015912580953E-02 1.76006652724265328E-01 6.56565184572424718E-03
8.26589318E+00 9.49150976343795805E-02 1.05020808866648375E-02 1.76210723460833635E-01 6.56652935199535451E-03
8.27188447E+00 9.48467826420180959E-02 1.05115427798658668E-02 1.76409795292907956E-01 6.56729006210996120E-03
8.27783731E+00 9.47788469750386470E-02 1.05207124681011410E-02 1.76606104080137299E-01 6.56793410561106426E-03
8.28376114E+00 9.47111856220618081E-02 1.05296117313840136E-02 1.76799525860941942E-01 6.56846121805413231E-03
8.28966542E+00 9.46436932365626593E-02 1.05382585092576361E-02 1.76990562053962353E-01 6.56887075995661509E-03
8.29555960E+00 9.45762644050830159E-02 1.05466665269516400E-02 1.77179471227633306E-01 6.56916173339618797E-03
8.30145311E+00 9.45087940464101883E-02 1.05548452460159335E-02 1.77366612530164836E-01 6.56933280554939519E-03
8.30735531E+00 9.44411777793570939E-02 1.05628002844932560E-02 1.77552297193261654E-01 6.56938234151181050E-03
8.31327546E+00 9.43733121389623147E-02 1.05705342993626748E-02 1.77625323169960270E-01 6.56930844337875151E-03
8.31922275E+00 9.43050913814365288E-02 1.05780486024710345E-02 1.78086258762427729E-01 6.56910897465301079E-03
8.32519533E+00 9.42365413598512253E-02 1.05853299090555228E-02 1.78095112965529934E-01 6.56878234436183376E-03
8.33115849E+00 9.41680642926516487E-02 1.05923312498978177E-02 1.78141683790316474E-01 6.56833079242595021E-03
8.33706407E+00 9.41002178124364791E-02 1.05990008030555187E-02 1.78609488087175861E-01 6.56776165194770424E-03
8.34292324E+00 9.40328807454788446E-02 1.06053601938755279E-02 1.78622297880725145E-01 6.56707906440633180E-03
8.34874706E+00 9.39659269828285598E-02 1.06114306529460026E-02 1.78673378873168698E-01 6.56628653385025584E-03
8.35454652E+00 9.38992316820942696E-02 1.06172308144555638E-02 1.79143062258881963E-01 6.56538696997722299E-03
8.36033257E+00 9.38326707461445697E-02 1.06227776377135433E-02 1.79150962186171353E-01 6.56438286326470853E-03
8.36611607E+00 9.37661206080537546E-02 1.06280866624592508E-02 1.79191530442503244E-01 6.56327633354221018E-03
8.37190780E+00 9.36994581694162582E-02 1.06331722790087308E-02 1.79593247924636074E-01 6.56206918368387564E-03
8.37771531E+00 9.36325975450371661E-02 1.06380454341130307E-02 1.79614911253522941E-01 6.56076370753664283E-03
8.38354053E+00 9.35655173193068596E-02 1.06427127457720191E-02 1.79816680936317641E-01 6.55936359030095603E-03
8.38939229E+00 9.34981129943295991E-02 1.06471874730282908E-02 1.79872266847603796E-01 6.55787100202601374E-03
8.39527959E+00 9.34302829301746629E-02 1.06514816725291721E-02 1.80301515503925924E-01 6.55628795585813835E-03
8.40121171E+00 9.33619207798533357E-02 1.06556085324003118E-02 1.80311241246363968E-01 6.55461639615842039E-03
8.40716418E+00 9.32933088975971825E-02 1.06595600498962696E-02 1.80352208942311326E-01 6.55286845382678507E-03
8.41306605E+00 9.32252657634745352E-02 1.06633051329926686E-02 1.80735450229608963E-01 6.55107234842436728E-03
8.41892854E+00 9.31576631965545104E-02 1.06668699318045214E-02 1.80760056872214137E-01 6.54923287549909368E-03
8.42476264E+00 9.30903741843829569E-02 1.06702777004346692E-02 1.80965190599687381E-01 6.54735405142664942E-03
8.43057918E+00 9.30232734338063000E-02 1.06735492091269250E-02 1.81017590817213303E-01 6.54543933055306594E-03
8.43638875E+00 9.29562377297561554E-02 1.06767033279837296E-02 1.81403741232064014E-01 6.54349174411186871E-03
8.44220174E+00 9.28891460101817085E-02 1.06797575183202442E-02 1.81417952883466099E-01 6.54151398869545937E-03
8.44802835E+00 9.28218790792408599E-02 1.06827283003166837E-02 1.81463557191689662E-01 6.53950847306729397E-03
8.45387865E+00 9.27543188867120810E-02 1.06856317845456326E-02 1.81848444675855453E-01 6.53747733019110436E-03
8.45976269E+00 9.26863473079406613E-02 1.06884842967094849E-02 1.81868758636191008E-01 6.53542239949764583E-03
8.46569066E+00 9.26178443600786105E-02 1.06913030528171579E-02 1.81925147493292555E-01 6.53334518279501120E-03
8.47165345E+00 9.25489129108386793E-02 1.06940979488476667E-02 1.82362840415514760E-01 6.53125371727710999E-03
8.47762512E+00 9.24798509424950149E-02 1.06968737379903311E-02 1.82372230963532889E-01 6.52916169515232493E-03
8.48361034E+00 9.24106024452099745E-02 1.06996508666950662E-02 1.82405339250516579E-01 6.52707154746934217E-03
8.48958555E+00 9.23414382593076011E-02 1.07024366947911665E-02 1.82752443444970269E-01 6.52499496162821900E-03
8.49554734E+00 9.22723963260828062E-02 1.07052469996706864E-02 1.82783567533256835E-01 6.52293586843929758E-03
8.50150056E+00 9.22034188283855638E-02 1.07080994969539888E-02 1.83027930771001240E-01 6.52089462158525219E-03
8.50745012E+00 9.21344472846931661E-02 1.07110100154254803E-02 1.83073300864223243E-01 6.51887094757925851E-03
8.51340089E+00 9.20654232574023151E-02 1.07139929078238546E-02 1.83386536458701677E-01 6.51686407003265050E-03
8.51935770E+00 9.19962890458157628E-02 1.07170613419892025E-02 1.83415471840956718E-01 6.51487284898850071E-03
8.52532524E+00 9.19269883888422651E-02 1.07202271881077504E-02 1.83502377871851419E-01 6.51289593717393426E-03
8.53130803E+00 9.18574671865273890E-02 1.07235004526548428E-02 1.83953196050804652E-01 6.51093194377003540E-03
8.53730478E+00 9.17877390339403992E-02 1.07268853166147572E-02 1.83957608059592326E-01 6.50898140272753410E-03
8.54327952E+00 9.17182217099222069E-02 1.07303623268673216E-02 1.83981567350220171E-01 6.50705612041391820E-03
8.54924754E+00 9.16487377567281603E-02 1.07339374878154727E-02 1.84264472661019585E-01 6.50515133672774273E-03
8.55517538E+00 9.15796805351715981E-02 1.07375839657804610E-02 1.84317054713075024E-01 6.50327794321882771E-03
8.56108398E+00 9.15108054830050394E-02 1.07413068103870430E-02 1.84678637102842991E-01 6.50142961804307199E-03
8.56699731E+00 9.14418329195334639E-02 1.07451122621935596E-02 1.84699334802294113E-01 6.49959925265539227E-03
8.57286713E+00 9.13733264233343723E-02 1.07489603699543971E-02 1.84754277122787858E-01 6.49780212166622007E-03
8.57869672E+00 9.13052495737384645E-02 1.07528459770213185E-02 1.85173358919585862E-01 6.49603737786877324E-03
8.58450160E+00 9.12374231726637147E-02 1.07567739754023620E-02 1.85187378685702342E-01 6.49430047177755945E-03
8.59029970E+00 9.11696387580569478E-02 1.07607528754161148E-02 1.85230735375165184E-01 6.49258623735000061E-03
8.59611101E+00 9.11016635257757279E-02 1.07647949696964458E-02 1.85590805312931595E-01 6.49088907902856550E-03
8.60192515E+00 9.10336194299991713E-02 1.07688941425432248E-02 1.85619244160427604E-01 6.48921230460644625E-03
8.60772487E+00 9.09657093167653419E-02 1.07730424279198246E-02 1.85705123298151364E-01 6.48756093741181556E-03
8.61352480E+00 9.08977626264764749E-02 1.07772581725526905E-02 1.86157539371191894E-01 6.48593068494954152E-03
8.61934034E+00 9.08295991213420167E-02 1.07815640518323756E-02 1.86162762731159087E-01 6.48431699533189281E-03
8.62516755E+00 9.07612649132461397E-02 1.07859720219323305E-02 1.86188850731174332E-01 6.48272053233269006E-03
8.63098433E+00 9.06930186118936887E-02 1.07904830276879006E-02 1.86492534375325980E-01 6.48114653849286154E-03
8.63680831E+00 9.06246532912795416E-02 1.07951311176217434E-02 1.86543106062482894E-01 6.47958923325119354E-03
8.64263840E+00 9.05561804885639809E-02 1.07999370506170634E-02 1.86895874397087020E-01 6.47804772485839359E-03
8.64845424E+00 9.04878386428872861E-02 1.08049043453969373E-02 1.86921796349360653E-01 6.47652597280713466E-03
8.65427286E+00 9.04194265400807412E-02 1.08100667813231122E-02 1.86987746863529564E-01 6.47501800368213004E-03
8.66011144E+00 9.03507408504613113E-02 1.08154585124788025E-02 1.87476166836948122E-01 6.47351786391060693E-03
8.66596887E+00 9.02817927434456657E-02 1.08210965042898188E-02 1.87481080555129687E-01 6.47202429107483681E-03
8.67179830E+00 9.02131282199194473E-02 1.08269494192018301E-02 1.87508320513527643E-01 6.47054750195498896E-03
8.67762062E+00 9.01445022091225123E-02 1.08330478958925756E-02 1.87833227713971707E-01 6.46908058130571829E-03
8.68345633E+00 9.00756722026850448E-02 1.08394223029244247E-02 1.87883439472545238E-01 6.46761698089735361E-03
8.68932554E+00 9.00063987168158164E-02 1.08461017102058459E-02 1.88242937407219257E-01 6.46615043179599863E-03
8.69524801E+00 8.99364457365575964E-02 1.08531145998897530E-02 1.88271556975815491E-01 6.46467496218306598E-03
8.70119304E+00 8.98661724639565201E-02 1.08604266746223019E-02 1.88363549793572144E-01 6.46319725719915906E-03
8.70713175E+00 8.97959181869183720E-02 1.08679987147995479E-02 1.88870965027996801E-01 6.46172370665006653E-03
8.71308785E+00 8.97254007011177579E-02 1.08758551620379753E-02 1.88875202697164901E-01 6.46024788279678241E-03
8.71908433E+00 8.96543457285684658E-02 1.08840198074199018E-02 1.88904246943572607E-01 6.45876365071372527E-03
8.72514337E+00 8.95824873010702821E-02 1.08925151798169740E-02 1.89265286018624718E-01 6.45726515604877309E-03
8.73123848E+00 8.95101359466793645E-02 1.09012923544727566E-02 1.89316668084248463E-01 6.45575860886278986E-03
8.73738553E+00 8.94371009508765358E-02 1.09103596764339172E-02 1.89702857497134003E-01 6.45424000884142757E-03
8.74358060E+00 8.93634257687132283E-02 1.09196945953739018E-02 1.89734280853436632E-01 6.45271037760595037E-03
8.74981275E+00 8.92892381787285944E-02 1.09292611959219948E-02 1.90008488942161741E-01 6.45117267580502720E-03
8.75608296E+00 8.92145242091662294E-02 1.09390405773280922E-02 1.90068409317530301E-01 6.44962715058269073E-03
8.76233670E+00 8.91399320391826899E-02 1.09489251349724967E-02 1.90532359007513197E-01 6.44808784685288201E-03
8.76857977E+00 8.90653923790491603E-02 1.09589020853962434E-02 1.90553047144991605E-01 6.44655424392716250E-03
8.77481764E+00 8.89908394751933868E-02 1.09689584098844432E-02 1.90618946497792985E-01 6.44502604658729085E-03
8.78105551E+00 8.89162107828806586E-02 1.09790799950599226E-02 1.91179583004692594E-01 6.44350319193483061E-03
8.78729826E+00 8.88414466883077070E-02 1.09892517931100640E-02 1.91188218401035948E-01 6.44198586956217043E-03
8.79351143E+00 8.87669594999549311E-02 1.09993942792240926E-02 1.91229664977753594E-01 6.44048393995336286E-03
8.79969408E+00 8.86927613059368541E-02 1.10094841156893435E-02 1.91713770879628570E-01 6.43899926632840805E-03
8.80585307E+00 8.86187703335429011E-02 1.10195113664709032E-02 1.91741303445947392E-01 6.43753192480198220E-03
8.81199482E+00 8.85449100099336417E-02 1.10294652550428068E-02 1.92010418278161898E-01 6.43608218621638181E-03
8.81812533E+00 8.84711083167060153E-02 1.10393345132899640E-02 1.92072752904171057E-01 6.43465050358695521E-03
8.82425026E+00 8.83972970532259233E-02 1.10491078764019725E-02 1.92582819937373168E-01 6.43323750371125550E-03
8.83037500E+00 8.83234110111231485E-02 1.10587742772312470E-02 1.92595757027133219E-01 6.43184397538544388E-03
8.83650477E+00 8.82493870980980560E-02 1.10683228924926651E-02 1.92651969790361116E-01 6.43047085231688437E-03
8.84264466E+00 8.81751634208673835E-02 1.10777433962167462E-02 1.93194285716882214E-01 6.42911919185986964E-03
8.84879970E+00 8.81006783664829290E-02 1.10870263106232249E-02 1.93209724338111066E-01 6.42779015577499713E-03
8.85497500E+00 8.80258697518299243E-02 1.10961629269618663E-02 1.93272069618837278E-01 6.42648499968157590E-03
8.86117572E+00 8.79506740895889261E-02 1.11051446385445150E-02 1.93856156832966142E-01 6.42520507225259694E-03
8.86740719E+00 8.78750259808109002E-02 1.11139621993151822E-02 1.93864399171783969E-01 6.42395181971489645E-03
8.87367493E+00 8.77988576332477261E-02 1.11226053788994680E-02 1.93910501947358371E-01 6.42272679131219298E-03
8.87998467E+00 8.77220985361571448E-02 1.11310628098939129E-02 1.94467159170896381E-01 6.42153164520949723E-03
8.88632518E+00 8.76448848843809358E-02 1.11392995120711477E-02 1.94486094152539035E-01 6.42037125608605624E-03
8.89269302E+00 8.75672590675238977E-02 1.11472911942655673E-02 1.94558280034252573E-01 6.41924887547064022E-03
8.89907870E+00 8.74893374589103129E-02 1.11550058939774953E-02 1.95217036842616876E-01 6.41816861520206478E-03
8.90546391E+00 8.74113456454881782E-02 1.11624027036267594E-02 1.95214573675229569E-01 6.41713565283216943E-03
8.91185097E+00 8.73332577346319638E-02 1.11694674312547045E-02 1.95246088889968694E-01 6.41615140300701679E-03
8.91823008E+00 8.72551965085189979E-02 1.11761740526393569E-02 1.95736084549307493E-01 6.41521893463208037E-03
8.92453853E+00 8.71779335856843335E-02 1.11824498851704965E-02 1.95773287270919388E-01 6.41434802472868985E-03
8.93079212E+00 8.71012810449951491E-02 1.11883131413141844E-02 1.96180830889542607E-01 6.41353640476087072E-03
8.93700936E+00 8.70250161441019771E-02 1.11937833297329759E-02 1.96216884657838042E-01 6.41278170101124145E-03
8.94321090E+00 8.69488894282721692E-02 1.11988789654137375E-02 1.96615025198613430E-01 6.41208165055329442E-03
8.94940207E+00 8.68728383654989722E-02 1.12036040073800278E-02 1.96652484305387842E-01 6.41143596039871286E-03
8.95554412E+00 8.67973427887209353E-02 1.12079329299030160E-02 1.97067606428405984E-01 6.41084834607785065E-03
8.96165073E+00 8.67222389769947005E-02 1.12118844320404035E-02 1.97101240558039764E-01 6.41031653911373032E-03
8.96773650E+00 8.66473514499505604E-02 1.12154754197803953E-02 1.97483130157202397E-01 6.40983820635748075E-03
8.97381679E+00 8.65724944767425342E-02 1.12187201980118393E-02 1.97522068736714906E-01 6.40941096055496189E-03
8.97986400E+00 8.64980118483211075E-02 1.12216105172875998E-02 1.97954263602719754E-01 6.40903499167030152E-03
8.98587433E+00 8.64239543174405850E-02 1.12241554151455546E-02 1.97983881555911984E-01 6.40870801370020410E-03
8.99186306E+00 8.63501376351646505E-02 1.12263727290986756E-02 1.98331337887519110E-01 6.40842638389834719E-03
8.99784488E+00 8.62763840163017215E-02 1.12282780021001390E-02 1.98375590676359237E-01 6.40818654151054101E-03
9.00383393E+00 8.62025222787364820E-02 1.12298851287383969E-02 1.98854418970441704E-01 6.40798501598359958E-03
9.00979712E+00 8.61289636221475308E-02 1.12311975998351313E-02 1.98875947446731316E-01 6.40781966993163744E-03
9.01571930E+00 8.60558988077588100E-02 1.12322302889731433E-02 1.99148186331035842E-01 6.40768716565816906E-03
9.02161922E+00 8.59830997337954761E-02 1.12330055687812382E-02 1.99212821994870420E-01 6.40758320144411628E-03
9.02751438E+00 8.59103534993914258E-02 1.12335417953483771E-02 1.99789516895806263E-01 6.40750364838011972E-03
9.03342105E+00 8.58374621804550014E-02 1.12338531891804060E-02 1.99793376379562987E-01 6.40744444706369161E-03
9.03935427E+00 8.57642427564896254E-02 1.12339499229918930E-02 1.99834810510035099E-01 6.40740149612175226E-03
9.04527814E+00 8.56911412864746896E-02 1.12338398867827555E-02 2.00380316257003505E-01 6.40737086339854614E-03
9.05116118E+00 8.56185492496843725E-02 1.12335344921803519E-02 2.00401661267657599E-01 6.40734828090584480E-03
9.05702424E+00 8.55462125940414791E-02 1.12330429053149206E-02 2.00663439096711776E-01 6.40732916005582864E-03
9.06288660E+00 8.54738960270051973E-02 1.12323699671373935E-02 2.00731814324660751E-01 6.40730892594949027E-03
9.06876615E+00 8.54013812221429969E-02 1.12315174493901136E-02 2.01328753789294684E-01 6.40728300487265843E-03
9.07467950E+00 8.53284654649432012E-02 1.12304854770743263E-02 2.01331359279921629E-01 6.40724680679093887E-03
9.08064213E+00 8.52549605077828065E-02 1.12292734918432151E-02 2.01371243809540690E-01 6.40719570224201201E-03
9.08659378E+00 8.51816112769256256E-02 1.12278986346256091E-02 2.01911504640193834E-01 6.40712610203644610E-03
9.09251578E+00 8.51086501535632950E-02 1.12263752812222697E-02 2.01937712492174737E-01 6.40703485173850160E-03
9.09842896E+00 8.50358227177780562E-02 1.12247080488836644E-02 2.02244367841602657E-01 6.40691853851525252E-03
9.10435271E+00 8.49628920618101802E-02 1.12228979825467826E-02 2.02307350713532369E-01 6.40677366249037695E-03
9.11030530E+00 8.48896352278463995E-02 1.12209425316430519E-02 2.02867630208717425E-01 6.40659658267372489E-03
9.11630417E+00 8.48158399413846409E-02 1.12188360606651823E-02 2.02880258263437807E-01 6.40638346280568947E-03
9.12234568E+00 8.47415529884700952E-02 1.12165782297350882E-02 2.02944395516775622E-01 6.40613114835143597E-03
9.12840315E+00 8.46671045831611374E-02 1.12141781478215866E-02 2.03586386946265963E-01 6.40583794752710121E-03
9.13447517E+00 8.45925140389773428E-02 1.12116374556230618E-02 2.03594603652784506E-01 6.40550161731596839E-03
9.14053568E+00 8.45181029404625112E-02 1.12089693913755319E-02 2.03651755831054493E-01 6.40512177831672330E-03
9.14660490E+00 8.44436244085211979E-02 1.12061687390786445E-02 2.04265958428866856E-01 6.40469561651879540E-03
9.15268781E+00 8.43690189108354804E-02 1.12032359509886669E-02 2.04282101125585203E-01 6.40422109060236923E-03
9.15878541E+00 8.42942752298422721E-02 1.12001729783750385E-02 2.04373659663467183E-01 6.40369649186651232E-03
9.16491778E+00 8.42191489968659029E-02 1.11969717425546809E-02 2.05024974580672287E-01 6.40311833795745647E-03
9.17110632E+00 8.41433796503331111E-02 1.11936213448933317E-02 2.05032453297922523E-01 6.40248241767260931E-03
9.17727561E+00 8.40678915155114725E-02 1.11901621546876828E-02 2.05091213018634783E-01 6.40179497449795253E-03
9.18343848E+00 8.39925281724639289E-02 1.11865895446536748E-02 2.05735886069825069E-01 6.40105411605432825E-03
9.18961507E+00 8.39170445151178612E-02 1.11828928396629935E-02 2.05750941790764696E-01 6.40025665627569958E-03
9.19582661E+00 8.38411824750159018E-02 1.11790580856289245E-02 2.05990527258592793E-01 6.39939863409439130E-03
9.20209567E+00 8.37646679901523639E-02 1.11750685827174765E-02 2.06306327690200214E-01 6.39847521598679424E-03
9.20838085E+00 8.36880074336813079E-02 1.11709478550820716E-02 2.06397257542216744E-01 6.39749105409482925E-03
9.21465821E+00 8.36114930408716067E-02 1.11667125493101309E-02 2.07017513917956142E-01 6.39644952045880129E-03
9.22092954E+00 8.35351034104416246E-02 1.11623651137273110E-02 2.07029839341135780E-01 6.39535045026650394E-03
9.22720163E+00 8.34587595197974902E-02 1.11579047531647543E-02 2.07260212252929343E-01 6.39419286326765000E-03
9.23349287E+00 8.33822360902616577E-02 1.11533225293793323E-02 2.07603415521840723E-01 6.39297323428052525E-03
9.23982105E+00 8.33053170112258851E-02 1.11486077878281947E-02 2.07692306444272418E-01 6.39168750664854523E-03
9.24620370E+00 8.32277867014770689E-02 1.11437487115051744E-02 2.08319933092051685E-01 6.39033102987981213E-03
9.25264015E+00 8.31496568861424257E-02 1.11387450090062613E-02 2.08334890716790344E-01 6.38890274437044995E-03
9.25911402E+00 8.30711282584327970E-02 1.11336087670263328E-02 2.08613160810302428E-01 6.38740540490349493E-03
9.26564994E+00 8.29919040802863384E-02 1.11283203745242160E-02 2.08941329032965750E-01 6.38583250900140800E-03
9.27224983E+00 8.29119629942185743E-02 1.11228771402845979E-02 2.09199981158690845E-01 6.38418248613481336E-03
9.27884395E+00 8.28321499159683228E-02 1.11173359815156976E-02 2.09493495694425796E-01 6.38247250392654213E-03
9.28545610E+00 8.27521772177942511E-02 1.11116816037013441E-02 2.09768584889608978E-01 6.38069711195729874E-03
9.29211086E+00 8.26717486220392983E-02 1.11058978868743361E-02 2.10057028353378722E-01 6.37884991345391561E-03
9.29876805E+00 8.25913496197251823E-02 1.11000227916289527E-02 2.10342849010758559E-01 6.37694233490914385E-03
9.30543137E+00 8.25109356073380207E-02 1.10940574982710434E-02 2.10630964415996796E-01 6.37497422635409112E-03
9.31212384E+00 8.24302291945174792E-02 1.10879856091453226E-02 2.10919797622304450E-01 6.37293945964742797E-03
9.31886815E+00 8.23489578016147472E-02 1.10817895168302729E-02 2.11212262478736618E-01 6.37083124261183641E-03
9.32568667E+00 8.22668531746136023E-02 1.10754508636334917E-02 2.11508291025106682E-01 6.36864210904231412E-03
9.33260145E+00 8.21836515676170470E-02 1.10689511918580716E-02 2.11809298821321906E-01 6.36636394351191605E-03
9.33958137E+00 8.20997285967025175E-02 1.10623213964976888E-02 2.12114996532482308E-01 6.36400590812220921E-03
9.34657836E+00 8.20156620063079156E-02 1.10556111717454494E-02 2.12421979487298601E-01 6.36158405562900053E-03
9.35361036E+00 8.19312361179035387E-02 1.10488123286398739E-02 2.12729297704580544E-01 6.35909257917043926E-03
9.36070408E+00 8.18461310792843039E-02 1.10419095826933406E-02 2.13039935978486916E-01 6.35652195556684133E-03
9.36779512E+00 8.17611186622683034E-02 1.10349734183446731E-02 2.13352736019515571E-01 6.35389562531728149E-03
9.37483120E+00 8.16768231650727011E-02 1.10280632211564554E-02 2.13662264601213597E-01 6.35123445282282425E-03
9.38183871E+00 8.15929268795301393E-02 1.10211633559054983E-02 2.13969007000080813E-01 6.34853055031171093E-03
9.38884270E+00 8.15091291139148078E-02 1.10142576026993760E-02 2.14275804912301693E-01 6.34577578658029103E-03
9.39586699E+00 8.14251441997615594E-02 1.10073285763287454E-02 2.14582870982440554E-01 6.34296174752136451E-03
9.40293424E+00 8.13407010970326610E-02 1.10003583420248529E-02 2.14891434561229194E-01 6.34007981316834276E-03
9.41006587E+00 8.12555440956251041E-02 1.09933289765059110E-02 2.15202047027682725E-01 6.33712127859968697E-03
9.41728195E+00 8.11694342533667013E-02 1.09862231799342201E-02 2.15515529244933113E-01 6.33407749390247840E-03
9.42456560E+00 8.10825735477437165E-02 1.09790587751802827E-02 2.15831781407344103E-01 6.33095523382156550E-03
9.43186300E+00 8.09956030893949352E-02 1.09718894348862506E-02 2.16148123590281099E-01 6.32777794425657368E-03
9.43916447E+00 8.09086373818706656E-02 1.09647290715035647E-02 2.16462190009541033E-01 6.32455106141624653E-03
9.44648713E+00 8.08214722865023827E-02 1.09575690431906528E-02 2.16775470165799428E-01 6.32126831115820739E-03
9.45381344E+00 8.07343155678196811E-02 1.09504352715518363E-02 2.17087986938294758E-01 6.31793876218746456E-03
9.46114322E+00 8.06471683152942542E-02 1.09433382381746644E-02 2.17398055604147045E-01 6.31456390982771797E-03
9.46847225E+00 8.05600796842997208E-02 1.09362926731098962E-02 2.17706392847910768E-01 6.31114717850347982E-03
9.47578819E+00 8.04731946896526107E-02 1.09293197265936341E-02 2.18011876064391541E-01 6.30769594837497175E-03
9.48310947E+00 8.03862938716641134E-02 1.09224104277138336E-02 2.18314375638111263E-01 6.30420322983614185E-03
9.49045426E+00 8.02991611132311683E-02 1.09155543421095048E-02 2.18615314654605208E-01 6.30066177690918015E-03
9.49784074E+00 8.02115806712437179E-02 1.09087389825987483E-02 2.18914805245691985E-01 6.29706396107584596E-03
9.50528746E+00 8.01233333441739443E-02 1.09019498099717591E-02 2.19213527990874624E-01 6.29340160951575960E-03
9.51281037E+00 8.00342311802251932E-02 1.08951730604931046E-02 2.19511778082503328E-01 6.28966745003967185E-03
9.52030459E+00 7.99455161493182881E-02 1.08884966911180232E-02 2.19808041011305966E-01 6.28591443568026625E-03
9.52775956E+00 7.98573128899828094E-02 1.08819234561602519E-02 2.20095806261829091E-01 6.28214960228621298E-03
9.53520627E+00 7.97692556636972472E-02 1.08754208529589624E-02 2.20379547831183631E-01 6.27835887232648659E-03
9.54267495E+00 7.96809881639926609E-02 1.08689565845455412E-02 2.20659407692025383E-01 6.27452782101027302E-03
9.55019520E+00 7.95921623112306881E-02 1.08624980753526269E-02 2.20936782306073803E-01 6.27064165200068736E-03
9.55777369E+00 7.95027016373193729E-02 1.08560310575495263E-02 2.21211786349284512E-01 6.26669687028283059E-03
9.56536037E+00 7.94131981771841466E-02 1.08495868834639110E-02 2.21483155876516347E-01 6.26271944113156523E-03
9.57291759E+00 7.93240971630105596E-02 1.08431860333066416E-02 2.21747574811559989E-01 6.25872942725601896E-03
9.58044216E+00 7.92354371330943746E-02 1.08368210923052693E-02 2.22004955888809558E-01 6.25472901362016283E-03
9.58794205E+00 7.91471250910313062E-02 1.08304754354294121E-02 2.22255752496312825E-01 6.25071433459732477E-03
9.59542588E+00 7.90590605923905121E-02 1.08241310977656782E-02 2.22500248109627374E-01 6.24668095910080930E-03
9.60290297E+00 7.89711352848096043E-02 1.08177685009574996E-02 2.22738531589986466E-01 6.24262389258989012E-03
9.61036330E+00 7.88834680065005345E-02 1.08113831759236063E-02 2.22970621374320971E-01 6.23854853988106261E-03
9.61778574E+00 7.87963073629095456E-02 1.08049798015009101E-02 2.23195432023091084E-01 6.23446655675968277E-03
9.62517779E+00 7.87095660392189006E-02 1.07985397319513877E-02 2.23412340236648965E-01 6.23037408694458814E-03
9.63254740E+00 7.86231548373386435E-02 1.07920441816201744E-02 2.23622222379972146E-01 6.22626706529082891E-03
9.63990302E+00 7.85369733568183348E-02 1.07854752122728669E-02 2.23825211893193210E-01 6.22214078431163140E-03
9.64725361E+00 7.84509166945512731E-02 1.07788144218965622E-02 2.24021385837813253E-01 6.21799009760554220E-03
9.65460868E+00 7.83648744602493952E-02 1.07720436926964976E-02 2.24210901839853649E-01 6.21380945725735507E-03
9.66195671E+00 7.82789820314542667E-02 1.07651649275510262E-02 2.24393848639084098E-01 6.20960520491016348E-03
9.66928170E+00 7.81934269994520037E-02 1.07581861644153575E-02 2.24463982604124479E-01 6.20538646056638648E-03
9.67659307E+00 7.81080997754513701E-02 1.07510933405107461E-02 2.24892438183919879E-01 6.20114784528326152E-03
9.68390081E+00 7.80228846103023371E-02 1.07438719679529854E-02 2.24899496678807764E-01 6.19688350892089266E-03
9.69121546E+00 7.79376597428985962E-02 1.07365065738622943E-02 2.24935634334227280E-01 6.19258711319898170E-03
9.69853343E+00 7.78524680938697117E-02 1.07289953588292197E-02 2.25287821435032870E-01 6.18826049486304389E-03
9.70583244E+00 7.77675694951786289E-02 1.07213563123399313E-02 2.25308432320888513E-01 6.18391665000299611E-03
9.71312267E+00 7.76828461641900780E-02 1.07135753469074554E-02 2.25374848916455650E-01 6.17954947522124376E-03
9.72041484E+00 7.75981750012556953E-02 1.07056374826951656E-02 2.25735469866780614E-01 6.17515239843947818E-03
9.72772008E+00 7.75134279526651232E-02 1.06975266536572140E-02 2.25738834936091037E-01 6.17071837085900275E-03
9.73500446E+00 7.74289993721702652E-02 1.06892770167283449E-02 2.25754433672614746E-01 6.16626767765805685E-03
9.74227498E+00 7.73448089099686154E-02 1.06808798705859687E-02 2.25923008373089401E-01 6.16179597237276593E-03
9.74954231E+00 7.72607340333733433E-02 1.06723230310733306E-02 2.25964478524912138E-01 6.15729651701520889E-03
9.75681746E+00 7.71766486567157517E-02 1.06635942360124684E-02 2.26204864352113594E-01 6.15276216201402892E-03
9.76411175E+00 7.70924236199399815E-02 1.06546812915037301E-02 2.26214966161759012E-01 6.14818535847174320E-03
9.77140763E+00 7.70082627857057028E-02 1.06456081766632925E-02 2.26232289312545520E-01 6.14357656795157508E-03
9.77869091E+00 7.69243304215663642E-02 1.06363976486901022E-02 2.26273900783411169E-01 6.13894439240414425E-03
9.78597234E+00 7.68405033582137964E-02 1.06270432239858933E-02 2.26505401670933554E-01 6.13428172763713728E-03
9.79326280E+00 7.67566576146564150E-02 1.06175384239032711E-02 2.26508922740937951E-01 6.12958123483684728E-03
9.80057323E+00 7.66726687360334141E-02 1.06078764667514956E-02 2.26509710171954398E-01 6.12483535538783062E-03
9.80791465E+00 7.65884120549302494E-02 1.05980502318825456E-02 2.26520015423058968E-01 6.12003633811150204E-03
9.81529812E+00 7.65037628245379270E-02 1.05880522853613029E-02 2.26549660889880045E-01 6.11517626364474574E-03
9.82273477E+00 7.64185962241520078E-02 1.05778749338310985E-02 2.26595808015554068E-01 6.11024706267602503E-03
9.83023577E+00 7.63327872574849353E-02 1.05675102940039848E-02 2.26769148751309796E-01 6.10524052982881066E-03
9.83775442E+00 7.62468719103809034E-02 1.05570303086576778E-02 2.26764796374348876E-01 6.10018723795792504E-03
9.84529579E+00 7.61607938233273829E-02 1.05464374886634522E-02 2.26744739185787858E-01 6.09508378049311659E-03
9.85286914E+00 7.60744489685827585E-02 1.05357285653946576E-02 2.26720595317328855E-01 6.08992401817469355E-03
9.86048345E+00 7.59877370829827870E-02 1.05249001017371155E-02 2.26702316946818333E-01 6.08470206499985965E-03
9.86814746E+00 7.59005613230000209E-02 1.05139483775376942E-02 2.26695339212567570E-01 6.07941230424274056E-03
9.87586964E+00 7.58128278497773589E-02 1.05028693798712314E-02 2.26699787365683081E-01 6.07404941364954667E-03
9.88365830E+00 7.57244453217367774E-02 1.04916588144388714E-02 2.26711396275127597E-01 6.06860838803969377E-03
9.89152160E+00 7.56353206863088628E-02 1.04803124002829564E-02 2.26723547376316392E-01 6.06308439705151737E-03
9.89946761E+00 7.55453679901247205E-02 1.04688248489554561E-02 2.26729524811526278E-01 6.05747317772277905E-03
9.90744786E+00 7.54551387729196638E-02 1.04572721073127577E-02 2.26724541267938534E-01 6.05181083796536411E-03
9.91542125E+00 7.53650975292280562E-02 1.04457197866137230E-02 2.26706687185916023E-01 6.04612918869850552E-03
9.92340048E+00 7.52751010809929177E-02 1.04341568141694818E-02 2.26673555046565611E-01 6.04042256480999580E-03
9.93139820E+00 7.51850072864783253E-02 1.04225716063963032E-02 2.26632626426307826E-01 6.03468556810317098E-03
9.93938935E+00 7.50950977793079649E-02 1.04110053849570117E-02 2.26589403917404175E-01 6.02893999358253274E-03
9.94734536E+00 7.50056922156109029E-02 1.03995034209728894E-02 2.26548343417148107E-01 6.02321053436492664E-03
9.95528263E+00 7.49166049378256205E-02 1.03880461418797681E-02 2.26511950097355669E-01 6.01748989516460910E-03
9.96321687E+00 7.48276587212989702E-02 1.03766141421845880E-02 2.26480318577982231E-01 6.01177137042415224E-03
9.97116309E+00 7.47386851617233838E-02 1.03651880022166513E-02 2.26451611908661532E-01 6.00604887234774867E-03
9.97913553E+00 7.46495249554418733E-02 1.03537484756395463E-02 2.26423071651203234E-01 6.00031698629054783E-03
9.98714468E+00 7.45600616116465220E-02 1.03422808868751902E-02 2.26392105582879088E-01 5.99457316447876351E-03
9.99518189E+00 7.44703922826643466E-02 1.03307967909357645E-02 2.26357105748981352E-01 5.98882861560327742E-03
1.00031860E+01 7.43811976941069625E-02 1.03193807736338093E-02 2.26317807400450072E-01 5.98313157417762996E-03
1.00111727E+01 7.42923018799992452E-02 1.03080085607162465E-02 2.26275492314583410E-01 5.97747534124733800E-03
1.00191581E+01 7.42035257035522783E-02 1.02966549398458614E-02 2.26232228774332911E-01 5.97185303168865783E-03
1.00271575E+01 7.41146983859048841E-02 1.02852946882084871E-02 2.26190063944111119E-01 5.96625829492725655E-03
1.00351857E+01 7.40256576908857322E-02 1.02739027566336790E-02 2.26150420715032913E-01 5.96068535652836962E-03
1.00432565E+01 7.39362499574944682E-02 1.02624545207638095E-02 2.26113814218278947E-01 5.95512905111825457E-03
1.00513834E+01 7.38463299611537421E-02 1.02509259916082132E-02 2.26079914414742345E-01 5.94958483274691911E-03
1.00595661E+01 7.37559030893803758E-02 1.02393120974741490E-02 2.26047845390786178E-01 5.94405739950723631E-03
1.00677396E+01 7.36656862057777917E-02 1.02276986700419459E-02 2.26016589314057825E-01 5.93859394076883419E-03
1.00759202E+01 7.35755022331274905E-02 1.02160588852614320E-02 2.25985708569851867E-01 5.93318649357464558E-03
1.00841233E+01 7.34851820620573415E-02 1.02043671913353024E-02 2.25955225614548005E-01 5.92782764496052605E-03
1.00923636E+01 7.33945645291383258E-02 1.01925986454281178E-02 2.25925505601899862E-01 5.92251047786331204E-03
1.01006553E+01 7.33034964679276924E-02 1.01807289575426702E-02 2.25900092449186879E-01 5.91722856537481561E-03
1.01090120E+01 7.32118326505107608E-02 1.01687346363900488E-02 2.25875051419391432E-01 5.91197595966598110E-03
1.01174082E+01 7.31198544099230796E-02 1.01566478328856211E-02 2.25850609268827440E-01 5.90677063603493781E-03
1.01258313E+01 7.30277006814886304E-02 1.01444835860871121E-02 2.25827350817724648E-01 5.90162148140725012E-03
1.01342994E+01 7.29351785176081818E-02 1.01322148519599597E-02 2.25806060829553124E-01 5.89651845945515264E-03
1.01428007E+01 7.28424159492219170E-02 1.01198578309170950E-02 2.25787397120267047E-01 5.89146897494273805E-03
1.01512466E+01 7.27503809153495079E-02 1.01075423766460865E-02 2.25771748736127320E-01 5.88652432486472602E-03
1.01596595E+01 7.26588274628859471E-02 1.00952410174169963E-02 2.25759434729554509E-01 5.88166899572746971E-03
1.01680612E+01 7.25675178083135114E-02 1.00829285994150173E-02 2.25750440531814617E-01 5.87688826020856848E-03
1.01764729E+01 7.24762219338675323E-02 1.00705817931996764E-02 2.25744424211795774E-01 5.87216803683995956E-03
1.01849150E+01 7.23847174372057450E-02 1.00581795091214624E-02 2.25740853675003877E-01 5.86749481282834544E-03
1.01934076E+01 7.22927895853709285E-02 1.00457033169192109E-02 2.25739177189074103E-01 5.86285557025688613E-03
1.02019551E+01 7.22003909368634095E-02 1.00331592298180776E-02 2.25738977027142046E-01 5.85824559080963710E-03
1.02105177E+01 7.21079512921910248E-02 1.00206195419574803E-02 2.25740082808085246E-01 5.85368311959175245E-03
1.02190639E+01 7.20158094320842157E-02 1.00081459160095906E-02 2.25742575416741198E-01 5.84918067613999972E-03
1.02275565E+01 7.19243638835559834E-02 9.99580857274227907E-03 2.25746688646117188E-01 5.84475271484229206E-03
1.02360137E+01 7.18334139396645394E-02 9.98359715151397875E-03 2.25752637594372113E-01 5.84038425142282928E-03
1.02444509E+01 7.17427929740431514E-02 9.97150535723129346E-03 2.25760502589080647E-01 5.83606205134320349E-03
1.02528595E+01 7.16525900988275039E-02 9.95955972393738551E-03 2.25770209082192530E-01 5.83178497677782574E-03
1.02612214E+01 7.15629953897360810E-02 9.94779835522171738E-03 2.25781540807597492E-01 5.82755645387238261E-03
1.02695568E+01 7.14737899839392732E-02 9.93620456938448977E-03 2.25794125747844326E-01 5.82336063824883884E-03
1.02778767E+01 7.13848526203573752E-02 9.92477336153675151E-03 2.25807534625283551E-01 5.81918643166702120E-03
1.02860585E+01 7.12974933601951549E-02 9.91367704410668453E-03 2.25821495673883876E-01 5.81508983331447803E-03
1.02941429E+01 7.12112690173651308E-02 9.90286271676595053E-03 2.25835648436021302E-01 5.81104516609579763E-03
1.03021767E+01 7.11256766196712992E-02 9.89226956632629009E-03 2.25849632437965908E-01 5.80702434671732850E-03
1.03102025E+01 7.10402591190616023E-02 9.88184252008477218E-03 2.25863186878426742E-01 5.80300166365882095E-03
1.03182594E+01 7.09545994777599359E-02 9.87153190618287983E-03 2.25876174914298428E-01 5.79895334596068710E-03
1.03263830E+01 7.08683180284143815E-02 9.86129334688277265E-03 2.25888569151699692E-01 5.79485734032716623E-03
1.03344396E+01 7.07828348665241747E-02 9.85129108417033723E-03 2.25900606680850907E-01 5.79077745172798444E-03
1.03424481E+01 7.06979445745868351E-02 9.84149501389926240E-03 2.25912309531902028E-01 5.78670139522584944E-03
1.03504537E+01 7.06131663404245269E-02 9.83184488271120725E-03 2.25923502155919387E-01 5.78260389729296637E-03
1.03584986E+01 7.05280549431440279E-02 9.82228586024166440E-03 2.25933897155598945E-01 5.77846127153791144E-03
1.03665973E+01 7.04424547564506953E-02 9.81279609843740616E-03 2.25943185997739548E-01 5.77426388402976169E-03
1.03746420E+01 7.03575046642245100E-02 9.80349373267174438E-03 2.25951197275342797E-01 5.77006644654056398E-03
1.03826617E+01 7.02728949874464048E-02 9.79433679847485639E-03 2.25957658894434810E-01 5.76585371660051117E-03
1.03907083E+01 7.01880789465765265E-02 9.78525989783488037E-03 2.25962281830217493E-01 5.76159862762299236E-03
1.03987940E+01 7.01029212768077281E-02 9.77624325817334598E-03 2.25964892589214150E-01 5.75729467717055188E-03
1.04067800E+01 7.00188895151085816E-02 9.76743106992570068E-03 2.25965408244722693E-01 5.75301725904197887E-03
1.04147225E+01 6.99353864530204705E-02 9.75875386386720195E-03 2.25963763411020729E-01 5.74873850871143559E-03
1.04226745E+01 6.98518530735109805E-02 9.75014804372361168E-03 2.25959904863253125E-01 5.74443201058840933E-03
1.04306866E+01 6.97677547888478217E-02 9.74155476477485231E-03 2.25953795027385912E-01 5.74007232855518277E-03
1.04388069E+01 6.96825875386751503E-02 9.73291819692261376E-03 2.25945306533813201E-01 5.73563530182320380E-03
1.04468919E+01 6.95978566519810382E-02 9.72438532822363956E-03 2.25934234364049968E-01 5.73120198975658052E-03
1.04549728E+01 6.95132350805263283E-02 9.71591987910676823E-03 2.25920503959512464E-01 5.72675878656601824E-03
1.04631033E+01 6.94281592483165511E-02 9.70746427902984335E-03 2.25904091434484006E-01 5.72227956360598766E-03
1.04713353E+01 6.93420868177939687E-02 9.69896429128995138E-03 2.25884916912100941E-01 5.71773916986225306E-03
1.04795330E+01 6.92564365604239340E-02 9.69055747295191963E-03 2.25862691614371530E-01 5.71321594380883296E-03
1.04877046E+01 6.91711225236995297E-02 9.68223441181015158E-03 2.25837422370229968E-01 5.70870911659692760E-03
1.04959121E+01 6.90854965261257087E-02 9.67393258366221372E-03 2.25805938717243609E-01 5.70418809264517605E-03
1.05042018E+01 6.89990753602249263E-02 9.66560588908667133E-03 2.25773021414205105E-01 5.69963084132567906E-03
1.05124194E+01 6.89134681189911974E-02 9.65740702701507747E-03 2.25738654945891931E-01 5.69512517725107980E-03
1.05206268E+01 6.88280284260614633E-02 9.64927372944645277E-03 2.25702946021482803E-01 5.69063972848310277E-03
1.05288852E+01 6.87421205730096019E-02 9.64114580413883739E-03 2.25665635350305677E-01 5.68614352176669523E-03
1.05372552E+01 6.86551148753586082E-02 9.63296364104641693E-03 2.25626043961270589E-01 5.68160580367975399E-03
1.05456292E+01 6.85681297900197634E-02 9.62482982700803985E-03 2.25571267906949313E-01 5.67708637902133127E-03
1.05540181E+01 6.84810553522037374E-02 9.61673232256439296E-03 2.25530208327278825E-01 5.67258028732468486E-03
1.05624812E+01 6.83932767031281558E-02 9.60861301897967569E-03 2.25473839175550028E-01 5.66805608526164267E-03
1.05710098E+01 6.83048854437928177E-02 9.60047805615046705E-03 2.25431143920826499E-01 5.66351830635883607E-03
1.05795399E+01 6.82165484506109948E-02 9.59238501414191001E-03 2.25267363829803696E-01 5.65900010243662425E-03
1.05880889E+01 6.81280849435411118E-02 9.58431412192376798E-03 2.25269569483612819E-01 5.65449042985995045E-03
1.05967068E+01 6.80389817538411823E-02 9.57621523480169969E-03 2.25271335096437680E-01 5.64996082666806201E-03
1.06052612E+01 6.79506080101900528E-02 9.56820659924570958E-03 2.25256925070222519E-01 5.64547776001662026E-03
1.06137889E+01 6.78625852322849721E-02 9.56024913632822979E-03 2.25199195111043332E-01 5.64101836515854861E-03
1.06223379E+01 6.77744194821106177E-02 9.55229305697695950E-03 2.24938425045640988E-01 5.63655353554118679E-03
1.06309686E+01 6.76854900896112499E-02 9.54427584491193866E-03 2.24946475505321930E-01 5.63204717191425567E-03
1.06395664E+01 6.75969813086845783E-02 9.53629546564445374E-03 2.24955956767424470E-01 5.62755411879411766E-03
1.06481316E+01 6.75088879860323565E-02 9.52834476685364071E-03 2.24947998760714307E-01 5.62306887357775283E-03
1.06567207E+01 6.74206339854714065E-02 9.52036606381489320E-03 2.24906118190516507E-01 5.61855645657495951E-03
1.06653885E+01 6.73316574087529790E-02 9.51230213939111523E-03 2.24605076011875210E-01 5.61398169867526834E-03
1.06741412E+01 6.72418988747037066E-02 9.50414046794277600E-03 2.24615038976365811E-01 5.60933434373912885E-03
1.06828741E+01 6.71524320841447864E-02 9.49597228418761971E-03 2.24627549401594767E-01 5.60466304541294268E-03
1.06915577E+01 6.70635626785463373E-02 9.48782278793351870E-03 2.24622982936737048E-01 5.59997778096337200E-03
1.07002060E+01 6.69751456248834226E-02 9.47967764911592653E-03 2.24584778879010266E-01 5.59526520468155760E-03
1.07088366E+01 6.68870015418086272E-02 9.47151914647333289E-03 2.24300188337125977E-01 5.59050992573883500E-03
1.07174698E+01 6.67989236639219691E-02 9.46332680064770025E-03 2.24307609350664211E-01 5.58569473182429169E-03
1.07261279E+01 6.67106849246983935E-02 9.45507844129093653E-03 2.24318002381637849E-01 5.58080082692917305E-03
1.07348345E+01 6.66220446212811845E-02 9.44675108750729978E-03 2.24313860340970644E-01 5.57580805283737057E-03
1.07436072E+01 6.65328258617877144E-02 9.43832822599283139E-03 2.24280591969182763E-01 5.57069921541143535E-03
1.07523298E+01 6.64442099994440455E-02 9.42992198430130622E-03 2.24044842216481549E-01 5.56553641290472110E-03
1.07610234E+01 6.63559806625736298E-02 9.42151569873785934E-03 2.24046675195967965E-01 5.56030351264283872E-03
1.07697114E+01 6.62678982660297317E-02 9.41308993674353466E-03 2.24051293780244881E-01 5.55498259929884490E-03
1.07784187E+01 6.61797105006432657E-02 9.40462257932862290E-03 2.24045638401506514E-01 5.54955442231386611E-03
1.07871705E+01 6.60911612069566695E-02 9.39608987194743943E-03 2.24021595647320770E-01 5.54399883324080672E-03
1.07959083E+01 6.60028410527692400E-02 9.38754825246420482E-03 2.23853457116439891E-01 5.53834960755636343E-03
1.08045548E+01 6.59155268949440099E-02 9.37907280603011637E-03 2.23849201966142414E-01 5.53265630481294263E-03
1.08131964E+01 6.58283440042801982E-02 9.37058000609066778E-03 2.23847935289641115E-01 5.52686237327400329E-03
1.08219120E+01 6.57404969029370262E-02 9.36199087072091263E-03 2.23841656418351936E-01 5.52091284929444402E-03
1.08307399E+01 6.56515991702106005E-02 9.35326254666648572E-03 2.23825271356803218E-01 5.51477767826111416E-03
1.08395575E+01 6.55628838323924906E-02 9.34450793055307052E-03 2.23794579289176593E-01 5.50854004554705932E-03
1.08482806E+01 6.54751960332457111E-02 9.33580443735529744E-03 2.23756463003442513E-01 5.50226208123940925E-03
1.08569853E+01 6.53877672971168444E-02 9.32707257732253922E-03 2.23718045052592074E-01 5.49589233447544696E-03
1.08657435E+01 6.52998772873648464E-02 9.31823471001676229E-03 2.23686109568358132E-01 5.48937950780553630E-03
1.08745450E+01 6.52116262604671010E-02 9.30929180303687216E-03 2.23666936706767433E-01 5.48273134315322135E-03
1.08832376E+01 6.51245381967169856E-02 9.30038861016037333E-03 2.23656577485054825E-01 5.47606603832607574E-03
1.08919010E+01 6.50378129942010552E-02 9.29143954960872168E-03 2.23653937084906607E-01 5.46932768980888401E-03
1.09006085E+01 6.49507174671705712E-02 9.28236385748585323E-03 2.23656524682622537E-01 5.46246225849171280E-03
1.09094280E+01 6.48625755310201918E-02 9.27308355492287469E-03 2.23661317025532158E-01 5.45541729629069484E-03
1.09183549E+01 6.47734342438614913E-02 9.26359430391075940E-03 2.23665747798788922E-01 5.44819660026424520E-03
1.09272538E+01 6.46846467420960358E-02 9.25403238897304532E-03 2.23668411162089548E-01 5.44091207990662299E-03
1.09361987E+01 6.45954745157350935E-02 9.24431816480202409E-03 2.23669055087233531E-01 5.43350704531057535E-03
1.09451301E+01 6.45065129294525030E-02 9.23451596997036488E-03 2.23668426429461359E-01 5.42603453028961402E-03
1.09540698E+01 6.44175447567379433E-02 9.22460466940490560E-03 2.23667798097183346E-01 5.41848063841874564E-03
1.09630944E+01 6.43278114112082744E-02 9.21450362541990399E-03 2.23668442528058037E-01 5.41078422287036721E-03
1.09719771E+01 6.42395658405672254E-02 9.20446787548825397E-03 2.23671206766895697E-01 5.40314301003345411E-03
1.09807859E+01 6.41521301059370663E-02 9.19443158527032123E-03 2.23676340333220203E-01 5.39550508325113351E-03
1.09895941E+01 6.40647789793984401E-02 9.18432271333789740E-03 2.23683334931950556E-01 5.38781211568105291E-03
1.09984704E+01 6.39768327920724467E-02 9.17407167691535255E-03 2.23691110901966389E-01 5.38000762815348151E-03
1.10074125E+01 6.38883174978980561E-02 9.16368841488822937E-03 2.23698394314005761E-01 5.37209642968431138E-03
1.10162800E+01 6.38006229527627033E-02 9.15334168570847498E-03 2.23704109889165420E-01 5.36420613890322816E-03
1.10251392E+01 6.37130925010715166E-02 9.14296513516130518E-03 2.23707379957769931E-01 5.35628191770627041E-03
1.10340512E+01 6.36251267953942407E-02 9.13249831765433270E-03 2.23707695482035285E-01 5.34827252734245903E-03
1.10430711E+01 6.35361835879822978E-02 9.12188568159075924E-03 2.23704916763420580E-01 5.34013053495709881E-03
1.10521913E+01 6.34463438828476445E-02 9.11114377137422701E-03 2.23699140115230621E-01 5.33186465881846806E-03
1.10613275E+01 6.33564376204010793E-02 9.10037688425137208E-03 2.23690513032401256E-01 5.32355280783361473E-03
1.10703678E+01 6.32675669258588314E-02 9.08972152386771683E-03 2.23679123792944606E-01 5.31529932182201945E-03
1.10793691E+01 6.31791698819483549E-02 9.07911791490058698E-03 2.23665049464654320E-01 5.30705479037482143E-03
1.10883888E+01 6.30906861718308343E-02 9.06850520818625223E-03 2.23648175014003164E-01 5.29876874550974219E-03
1.10974811E+01 6.30015848216408519E-02 9.05782388915322458E-03 2.23628119221493837E-01 5.29039229292411952E-03
1.11066313E+01 6.29120147784695966E-02 9.04709298580534324E-03 2.23601299975067336E-01 5.28193959613672877E-03
1.11157281E+01 6.28230644294866802E-02 9.03644095632244460E-03 2.23570647950607659E-01 5.27351366600161027E-03
1.11248245E+01 6.27342154019349396E-02 9.02580690877397701E-03 2.23536157477561920E-01 5.26506598656648582E-03
1.11339695E+01 6.26449914326524665E-02 9.01513514152258062E-03 2.23497608374533974E-01 5.25655105841739499E-03
1.11432060E+01 6.25549776577135203E-02 9.00437601795774784E-03 2.23355126130233617E-01 5.24792823236952619E-03
1.11524415E+01 6.24650760133494895E-02 8.99363331804100066E-03 2.23354757890310257E-01 5.23928249778711237E-03
1.11616775E+01 6.23752723121978186E-02 8.98290227256693351E-03 2.23353209002397080E-01 5.23061139201765491E-03
1.11709160E+01 6.22855487910182401E-02 8.97217762674568445E-03 2.23335650913301570E-01 5.22191183060909635E-03
1.11801593E+01 6.21958838549566753E-02 8.96145272294396507E-03 2.23163838349827615E-01 5.21318005086230871E-03
1.11894001E+01 6.21063469376923472E-02 8.95073058842293240E-03 2.23147547010956487E-01 5.20442090101988844E-03
1.11986356E+01 6.20169678008806527E-02 8.94000861932699176E-03 2.23111278299339522E-01 5.19563522940975908E-03
1.12078665E+01 6.19277389951388424E-02 8.92927887442322189E-03 2.22863924849240752E-01 5.18682008487028785E-03
1.12170939E+01 6.18386506894177332E-02 8.91853207789721630E-03 2.22861732272991275E-01 5.17797212374700166E-03
1.12263191E+01 6.17496907866273981E-02 8.90775762152704910E-03 2.22846660330752705E-01 5.16908764915097879E-03
1.12355436E+01 6.16608449525627850E-02 8.89694368938907972E-03 2.22650884663852910E-01 5.16016264179459776E-03
1.12447693E+01 6.15720965661583561E-02 8.88607744338617417E-03 2.22623741032247802E-01 5.15119278205170353E-03
1.12539983E+01 6.14834266248280858E-02 8.87514520195870939E-03 2.22394543565473807E-01 5.14217346817388930E-03
1.12632328E+01 6.13948136546755702E-02 8.86413255020024327E-03 2.22378144388296950E-01 5.13309983633356177E-03
1.12724742E+01 6.13062470326389830E-02 8.85302601964555597E-03 2.22194474922415897E-01 5.12396816911351877E-03
1.12817146E+01 6.12178032380230261E-02 8.84182269430336398E-03 2.22162084040029850E-01 5.11478391246385569E-03
1.12909532E+01 6.11294905580946971E-02 8.83051111242409356E-03 2.21859220103515276E-01 5.10554578303390547E-03
1.13001931E+01 6.10412809885267083E-02 8.81907495860219728E-03 2.21847443200264394E-01 5.09624893598954569E-03
1.13094378E+01 6.09531432349681782E-02 8.80749703026800605E-03 2.21673309621093689E-01 5.08688837221454252E-03
1.13186911E+01 6.08650428513426295E-02 8.79575922245532694E-03 2.21525386100304894E-01 5.07745897141018230E-03
1.13279571E+01 6.07769425092475959E-02 8.78384256620439591E-03 2.21369725291410802E-01 5.06795553971329475E-03
1.13372403E+01 6.06888023945127211E-02 8.77172727553992074E-03 2.21212801182751356E-01 5.05837287089963908E-03
1.13465454E+01 6.06005807273645308E-02 8.75939280971716090E-03 2.21049548896131404E-01 5.04870582222391277E-03
1.13558654E+01 6.05123458774945236E-02 8.74683378081603929E-03 2.20882579646643012E-01 5.03896174147045774E-03
1.13651953E+01 6.04241492113342382E-02 8.73404314807947960E-03 2.20711150177214599E-01 5.02914677731434220E-03
1.13745340E+01 6.03360039573968207E-02 8.72100914875191015E-03 2.20536041211881945E-01 5.01926345233100722E-03
1.13838833E+01 6.02478956671996108E-02 8.70771643850227171E-03 2.20357062578549756E-01 5.00931169460334426E-03
1.13932476E+01 6.01597865749716534E-02 8.69414636071118123E-03 2.20174454634802480E-01 4.99928922445996848E-03
1.14026341E+01 6.00716161527051068E-02 8.68027579406890210E-03 2.19988042772243902E-01 4.98919138543231933E-03
1.14120501E+01 5.99833169408231920E-02 8.66608174157667763E-03 2.19798079630795506E-01 4.97901330692440951E-03
1.14214915E+01 5.98949318522548069E-02 8.65155805332768445E-03 2.19604506020730589E-01 4.96876314337882808E-03
1.14309566E+01 5.98064807377137672E-02 8.63669568652535892E-03 2.19407776097138463E-01 4.95844696490997921E-03
1.14404552E+01 5.97178732454651182E-02 8.62146841140709955E-03 2.19207893085409528E-01 4.94805861273511696E-03
1.14499668E+01 5.96293101780632148E-02 8.60589783925981219E-03 2.19004711987636574E-01 4.93762607210053092E-03
1.14594979E+01 5.95407348733388506E-02 8.58996554644908018E-03 2.18799391129940374E-01 4.92714812854147186E-03
1.14690561E+01 5.94520811697288321E-02 8.57365068327356657E-03 2.18591086344228053E-01 4.91662266550628793E-03
1.14786402E+01 5.93633643929771943E-02 8.55694740201948245E-03 2.18380251183905000E-01 4.90605758797802317E-03
1.14882611E+01 5.92744856114574281E-02 8.53982995321960620E-03 2.18166922760646947E-01 4.89544779224514778E-03
1.14979116E+01 5.91855211246822832E-02 8.52230475602900293E-03 2.17950886580302983E-01 4.88480916088121064E-03
1.15075997E+01 5.90964022345261963E-02 8.50435220713975475E-03 2.17732693562968316E-01 4.87414086214268526E-03
1.15173239E+01 5.90071492160158736E-02 8.48597128484275716E-03 2.17512024369419910E-01 4.86345316213891016E-03
1.15270751E+01 5.89178514507198506E-02 8.46717725734472820E-03 2.17289486102506590E-01 4.85276504229956249E-03
1.15368167E+01 5.88288486255421975E-02 8.44804248552215482E-03 2.17065780751078879E-01 4.84212569457032754E-03
1.15465426E+01 5.87402025949885845E-02 8.42858483813116455E-03 2.16841690842627971E-01 4.83155106666542915E-03
1.15562557E+01 5.86518878431471283E-02 8.40880751935954400E-03 2.16617042575982771E-01 4.82104713842757080E-03
1.15659592E+01 5.85638766217976489E-02 8.38871359692166391E-03 2.16391836778061647E-01 4.81061960150197965E-03
1.15756567E+01 5.84761389517502589E-02 8.36830669189612790E-03 2.16166070450315356E-01 4.80027391770107992E-03
1.15853520E+01 5.83886431573006418E-02 8.34759125486928856E-03 2.15939783917245581E-01 4.79001533302145666E-03
1.15950425E+01 5.83014155734765671E-02 8.32658700083019863E-03 2.15713097653392583E-01 4.77985571854268147E-03
1.16047182E+01 5.82145478696981383E-02 8.30533179664735138E-03 2.15486395773966305E-01 4.76981403970204356E-03
1.16143826E+01 5.81280097072623403E-02 8.28383609655391172E-03 2.15259859706795398E-01 4.75989451979501235E-03
1.16240395E+01 5.80417684802713232E-02 8.26211073023794956E-03 2.15033357328831110E-01 4.75010060150159782E-03
1.16336930E+01 5.79557902065143751E-02 8.24016693156488095E-03 2.14806990436331419E-01 4.74043493276767296E-03
1.16433470E+01 5.78700404090722598E-02 8.21801650210263190E-03 2.14580753348526582E-01 4.73089936041265740E-03
1.16530057E+01 5.77844849100017724E-02 8.19567200648822942E-03 2.14354699454940650E-01 4.72149492200378031E-03
1.16626566E+01 5.76992351427593267E-02 8.17318509031333788E-03 2.14129129108778543E-01 4.71223741410892270E-03
1.16722983E+01 5.76143028151219691E-02 8.15058286289950702E-03 2.13904457700653444E-01 4.70313023710606549E-03
1.16819350E+01 5.75296528243966140E-02 8.12788071668472424E-03 2.13680548640914930E-01 4.69417060480872231E-03
1.16915707E+01 5.74452500044715722E-02 8.10509424758517477E-03 2.13457462185201452E-01 4.68535472216136898E-03
1.17012094E+01 5.73610598655950946E-02 8.08223931204648215E-03 2.13235203666241602E-01 4.67667790500309044E-03
1.17108549E+01 5.72770492130246153E-02 8.05933208643246947E-03 2.13013825138236162E-01 4.66813471016529636E-03
1.17205051E+01 5.71932385138299026E-02 8.03640324725348257E-03 2.12793460929811079E-01 4.65972423089280798E-03
1.17301483E+01 5.71097277373696782E-02 8.01350507539607716E-03 2.12574510701836583E-01 4.65145239873408691E-03
1.17397886E+01 5.70264823737097609E-02 7.99065288696532670E-03 2.12357174115892222E-01 4.64331088557724207E-03
1.17494297E+01 5.69434689111296757E-02 7.96786173436494875E-03 2.12141291411256067E-01 4.63529108436029885E-03
1.17590754E+01 5.68606553260607717E-02 7.94514645765430003E-03 2.11926976957123203E-01 4.62738426595472613E-03
1.17687292E+01 5.67780114332837593E-02 7.92252177052606317E-03 2.11714227457215548E-01 4.61958171678288933E-03
1.17783943E+01 5.66955090574195464E-02 7.90000226830069562E-03 2.11503110376664027E-01 4.61187484695887041E-03
1.17880573E+01 5.66132636768841013E-02 7.87764054437353929E-03 2.11293910504342125E-01 4.60426828021509322E-03
1.17977185E+01 5.65312697186783411E-02 7.85545494413558698E-03 2.11086995887098033E-01 4.59675523065954540E-03
1.18073815E+01 5.64494969597031312E-02 7.83345584296561183E-03 2.10882169065049502E-01 4.58932683376749723E-03
1.18170495E+01 5.63679169216129913E-02 7.81165257395047621E-03 2.10679518021886919E-01 4.58197464882738065E-03
1.18267255E+01 5.62865029484409113E-02 7.79005328594353872E-03 2.10479014986270724E-01 4.57469068675790853E-03
1.18364123E+01 5.62052301261683693E-02 7.76866483220606686E-03 2.10280700935014137E-01 4.56746741758355928E-03
1.18461046E+01 5.61241425021042559E-02 7.74751008591323485E-03 2.10084683483945295E-01 4.56030368764710845E-03
1.18557955E+01 5.60432963553162758E-02 7.72661260366732609E-03 2.09891243617478740E-01 4.55319960532014466E-03
1.18654878E+01 5.59626651952381121E-02 7.70597246995391016E-03 2.09700403478518094E-01 4.54614828193137741E-03
1.18751843E+01 5.58822240767011813E-02 7.68558860107118082E-03 2.09512040143188527E-01 4.53914332080685920E-03
1.18848876E+01 5.58019494229242824E-02 7.66545881530844922E-03 2.09326163833493978E-01 4.53217877511835707E-03
1.18946003E+01 5.57218187410904661E-02 7.64557995272872187E-03 2.09142721959116401E-01 4.52524909776605335E-03
1.19043227E+01 5.56418269614985805E-02 7.62595204991311105E-03 2.08961712504528108E-01 4.51835051839868246E-03
1.19140428E+01 5.55620703861804330E-02 7.60659846662996818E-03 2.08783284467095848E-01 4.51148819794467120E-03
1.19237632E+01 5.54825256727776786E-02 7.58751236516187148E-03 2.08607603224432725E-01 4.50465720227771326E-03
1.19334862E+01 5.54031704067050601E-02 7.56868691584810464E-03 2.08434367543756133E-01 4.49785289731686154E-03
1.19431821E+01 5.53242443460629646E-02 7.55017595922670339E-03 2.08263938798408182E-01 4.49109322141900275E-03
1.19528153E+01 5.52460310374114291E-02 7.53204065434598998E-03 2.08097129103298528E-01 4.48439992342269857E-03
1.19623883E+01 5.51685032722811844E-02 7.51426896803815414E-03 2.07933986324915276E-01 4.47776834954293802E-03
1.19719037E+01 5.50916347664156328E-02 7.49684965681382716E-03 2.07773953385778892E-01 4.47119410122185593E-03
1.19813637E+01 5.50154000071794436E-02 7.47977202989534747E-03 2.07617036677278238E-01 4.46467296279399409E-03
1.19907709E+01 5.49397741312183732E-02 7.46302587342449059E-03 2.07463003353412251E-01 4.45820085112316831E-03
1.20001275E+01 5.48647327684583241E-02 7.44660135575173250E-03 2.07311761619644597E-01 4.45177376848780726E-03
1.20094359E+01 5.47902518468894595E-02 7.43048890475686737E-03 2.07163144283653594E-01 4.44538775534062021E-03
1.20186965E+01 5.47163231360190405E-02 7.41468240756024046E-03 2.07017047297907458E-01 4.43904019651314603E-03
1.20279001E+01 5.46430142158449220E-02 7.39919145735403686E-03 2.06873462476212994E-01 4.43273496443034008E-03
1.20370488E+01 5.45703027061272550E-02 7.38400616759910932E-03 2.06732441707862119E-01 4.42646820007792062E-03
1.20461449E+01 5.44981667213701518E-02 7.36911673010836373E-03 2.06593681630808435E-01 4.42023604735552935E-03
1.20551903E+01 5.44265846365793726E-02 7.35451327502164697E-03 2.06457136342380831E-01 4.41403462548574464E-03
1.20641873E+01 5.43555348662864007E-02 7.34018578691747817E-03 2.06322644711516623E-01 4.40786001186163016E-03
1.20731327E+01 5.42850379534297808E-02 7.32613236712234030E-03 2.06190158633582754E-01 4.40171192125421787E-03
1.20820286E+01 5.42150735420727919E-02 7.31234256145484908E-03 2.06059653965447342E-01 4.39558651927478110E-03
1.20908771E+01 5.41456199754294654E-02 7.29880546152462516E-03 2.05930947166964667E-01 4.38947985937190258E-03
1.20996807E+01 5.40766549882846920E-02 7.28550982709036399E-03 2.05803967992984782E-01 4.38338795749059016E-03
1.21084417E+01 5.40081555333031677E-02 7.27244406639104488E-03 2.05678598894322967E-01 4.37730679343422985E-03
1.21171629E+01 5.39400976368373600E-02 7.25959623835122341E-03 2.05554753868104456E-01 4.37123231457553236E-03
1.21258471E+01 5.38724562861541897E-02 7.24695407028839306E-03 2.05432333962981412E-01 4.36516044099482733E-03
1.21344973E+01 5.38052053492987167E-02 7.23450498744241700E-03 2.05311251485263802E-01 4.35908707156340471E-03
1.21431079E+01 5.37383849119079243E-02 7.22224838655337233E-03 2.05191478548368389E-01 4.35301422593527797E-03
1.21516726E+01 5.36720419257657455E-02 7.21018447040101644E-03 2.05073152164024081E-01 4.34694481733971516E-03
1.21601939E+01 5.36061532573938737E-02 7.19830058063864690E-03 2.04956227771517008E-01 4.34087560006376529E-03
1.21686691E+01 5.35407377247714700E-02 7.18659165113223058E-03 2.04840588343708080E-01 4.33480737856717889E-03
1.21771007E+01 5.34757731161008207E-02 7.17504533545195496E-03 2.04726292915340669E-01 4.32873737570323765E-03
1.21854916E+01 5.34112346208709537E-02 7.16364905580003149E-03 2.04613176939552499E-01 4.32266272402035724E-03
1.21938449E+01 5.33470965077854423E-02 7.15239032157047577E-03 2.04501217910584732E-01 4.31658060924968671E-03
1.22021637E+01 5.32833321619531411E-02 7.14125675771665365E-03 2.04390327528881033E-01 4.31048826177510107E-03
1.22104515E+01 5.32199141472110074E-02 7.13023613162152171E-03 2.04280456704421215E-01 4.30438294852026650E-03
1.22187116E+01 5.31568142871647054E-02 7.11931637382296097E-03 2.04171537597920449E-01 4.29826196487371678E-03
1.22269478E+01 5.30940037593820996E-02 7.10848559049969027E-03 2.04063515697956749E-01 4.29212262657136228E-03
1.22351636E+01 5.30314531971323513E-02 7.09773206616333592E-03 2.03956332834807269E-01 4.28596226143064443E-03
1.22433594E+01 5.29691592159234614E-02 7.08704876011112799E-03 2.03849959540262249E-01 4.27978082909312961E-03
1.22515370E+01 5.29071071347131591E-02 7.07642688601111715E-03 2.03744416823356006E-01 4.27357726256012878E-03
1.22597004E+01 5.28452649869324692E-02 7.06585489428640003E-03 2.03639638743214169E-01 4.26734880475682522E-03
1.22678506E+01 5.27836257471421752E-02 7.05532561997055177E-03 2.03535590086282941E-01 4.26109522033005922E-03
1.22759758E+01 5.27222773338336045E-02 7.04484812116475817E-03 2.03432386167978430E-01 4.25482603588937195E-03
1.22840797E+01 5.26611907285574818E-02 7.03441165410040661E-03 2.03330203798002401E-01 4.24853900648041512E-03
1.22921661E+01 5.26003367946761696E-02 7.02400555604188945E-03 2.03228804265159518E-01 4.24223181477543197E-03
1.23002388E+01 5.25396863549963608E-02 7.01361917701356658E-03 2.03128247646190252E-01 4.23590205772683779E-03
1.23082980E+01 5.24792380268429837E-02 7.00324659864496896E-03 2.03028484216063981E-01 4.22955016157380067E-03
1.23163464E+01 5.24189702071065911E-02 6.99287843252795541E-03 2.02929587294185809E-01 4.22317437598055453E-03
1.23243882E+01 5.23588523939320719E-02 6.98250372131024085E-03 2.02831488416632649E-01 4.21677190170040381E-03
1.23324273E+01 5.22988542537825979E-02 6.97211145661495463E-03 2.02734189298252238E-01 4.21033982428328183E-03
1.23404680E+01 5.22389456674044531E-02 6.96169056764394441E-03 2.02637672364389093E-01 4.20387511261430084E-03
1.23485143E+01 5.21790967611280923E-02 6.95122991647763051E-03 2.02541941414283916E-01 4.19737461857199769E-03
1.23565702E+01 5.21192779227281008E-02 6.94071829608987508E-03 2.02446997910966570E-01 4.19083507719079148E-03
1.23646399E+01 5.20594598028953706E-02 6.93014443054727931E-03 2.02352854145571581E-01 4.18425310718861018E-03
1.23727273E+01 5.19996133041924213E-02 6.91949697788657881E-03 2.02259526519422389E-01 4.17762521188726806E-03
1.23808367E+01 5.19397095596941527E-02 6.90876453649203262E-03 2.02167039450733999E-01 4.17094778059729464E-03
1.23889721E+01 5.18797199037843992E-02 6.89793565585450179E-03 2.02075423496510781E-01 4.16421709056086654E-03
1.23971377E+01 5.18196158379898922E-02 6.88699885248840807E-03 2.01984716552211979E-01 4.15742930958212190E-03
1.24053374E+01 5.17593689947159832E-02 6.87594263152548762E-03 2.01894963399083582E-01 4.15058049946145490E-03
1.24135546E+01 5.16991043528882907E-02 6.86478389892443246E-03 2.01806317008033864E-01 4.14368418973523178E-03
1.24217910E+01 5.16388100095886218E-02 6.85351506621396933E-03 2.01719160250704688E-01 4.13673846875612424E-03
1.24300507E+01 5.15784583203291735E-02 6.84212589144686349E-03 2.01633302793165353E-01 4.12973956885667823E-03
1.24383376E+01 5.15180219207458170E-02 6.83060639616048064E-03 2.01548892007137048E-01 4.12268368508535068E-03
1.24466558E+01 5.14574736782887551E-02 6.81894689021614927E-03 2.01465947646784133E-01 4.11556697777126258E-03
1.24550092E+01 5.13967866551442096E-02 6.80713800972821120E-03 2.01384568572286038E-01 4.10838557777980749E-03
1.24634018E+01 5.13359340786319271E-02 6.79517075486624298E-03 2.01304822297302594E-01 4.10113559245030290E-03
1.24718377E+01 5.12748893205787135E-02 6.78303652568830982E-03 2.01226801209168998E-01 4.09381311204346909E-03
1.24803208E+01 5.12136258882438244E-02 6.77072715689517723E-03 2.01150595119349740E-01 4.08641421702149715E-03
1.24888553E+01 5.11521174293015635E-02 6.75823495294755779E-03 2.01076305034221664E-01 4.07893498658156665E-03
1.24974452E+01 5.10903377530667335E-02 6.74555272466602438E-03 2.01004036762415017E-01 4.07137150885558512E-03
1.25060835E+01 5.10283393443287242E-02 6.73269012692319802E-03 2.00933929566087438E-01 4.06372958439126918E-03
1.25147612E+01 5.09661895800016737E-02 6.71966113364070791E-03 2.00906328368736509E-01 4.05601712534972136E-03
1.25234824E+01 5.09038626921757900E-02 6.70646131085329139E-03 2.00742651475850548E-01 4.04823070483652410E-03
1.25322507E+01 5.08413333011458121E-02 6.69308684936721979E-03 2.00738727015487228E-01 4.04036696550611960E-03
1.25410696E+01 5.07785808703560271E-02 6.67953548626034829E-03 2.00723524348741134E-01 4.03242318427973496E-03
1.25499430E+01 5.07155798928393409E-02 6.66580439067492470E-03 2.00586552069186380E-01 4.02439604071128804E-03
1.25588751E+01 5.06523039166341116E-02 6.65189097723393758E-03 2.00578184908537960E-01 4.01628211592505811E-03
1.25678597E+01 5.05887984237601562E-02 6.63780902869012292E-03 2.00557849746133554E-01 4.00808731014229858E-03
1.25768842E+01 5.05251558752309454E-02 6.62358369158390185E-03 2.00416460469498042E-01 3.99982387801050502E-03
1.25859527E+01 5.04613492894121843E-02 6.60921429559645831E-03 2.00414714283832535E-01 3.99148882985477047E-03
1.25950693E+01 5.03973522643634333E-02 6.59470049884477126E-03 2.00409428666207423E-01 3.98307926093672757E-03
1.26042379E+01 5.03331389711068611E-02 6.58004218543383878E-03 2.00391406540429362E-01 3.97459233964302366E-03
1.26134626E+01 5.02686842005468648E-02 6.56523941768211161E-03 2.00272729635333990E-01 3.96602530654588045E-03
1.26227472E+01 5.02039634452542613E-02 6.55029240433567875E-03 2.00271259975766808E-01 3.95737547821718629E-03
1.26320875E+01 5.01390085129714627E-02 6.53521434549336321E-03 2.00270454139958864E-01 3.94864772190980495E-03
1.26414693E+01 5.00739212092734254E-02 6.52003485319483517E-03 2.00265024066591107E-01 3.93985648705048007E-03
1.26508966E+01 5.00086747872388743E-02 6.50475376928308889E-03 2.00252627738481043E-01 3.93099903810147436E-03
1.26603734E+01 4.99432432671311835E-02 6.48937083461076977E-03 2.00232290464757323E-01 3.92207267649866392E-03
1.26699037E+01 4.98776014652428101E-02 6.47388561718304986E-03 2.00210307874052362E-01 3.91307473576691257E-03
1.26794915E+01 4.98117250954092997E-02 6.45829750520319178E-03 2.00192323948243878E-01 3.90400259589772456E-03
1.26891404E+01 4.97455909169847998E-02 6.44260571992228467E-03 2.00183732510345297E-01 3.89485371038988861E-03
1.26988539E+01 4.96791769159695973E-02 6.42680933755016698E-03 2.00184615338851929E-01 3.88562564378753172E-03
1.27086273E+01 4.96125195082324499E-02 6.41092086740564782E-03 2.00196886142781638E-01 3.87632407861217276E-03
1.27184473E+01 4.95457096496244934E-02 6.39496542602701473E-03 2.00272992123717658E-01 3.86696245390111531E-03
1.27283183E+01 4.94787193898839905E-02 6.37893944099650681E-03 2.00274176380076524E-01 3.85753771632802497E-03
1.27382447E+01 4.94115212363032616E-02 6.36283893257147751E-03 2.00276391619931299E-01 3.84804689246780185E-03
1.27482308E+01 4.93440883507856032E-02 6.34665953179067502E-03 2.00285966495787421E-01 3.83848714646196432E-03
1.27582807E+01 4.92763948350865497E-02 6.33039656911073625E-03 2.00375887673946734E-01 3.82885585845327064E-03
1.27683984E+01 4.92084160677602536E-02 6.31404518642204784E-03 2.00382067167644173E-01 3.81915071364842366E-03
1.27785877E+01 4.91401290720963890E-02 6.29760045871384164E-03 2.00398808741920842E-01 3.80936979615930683E-03
1.27888522E+01 4.90715128912598553E-02 6.28105752267272156E-03 2.00530217589744902E-01 3.79951168276536745E-03
1.27991014E+01 4.90031725120044087E-02 6.26456175343372695E-03 2.00532915243950921E-01 3.78966537556874603E-03
1.28093246E+01 4.89351761413804182E-02 6.24812956706144364E-03 2.00547246403725732E-01 3.77984344921157827E-03
1.28195068E+01 4.88676221735066460E-02 6.23178470015765904E-03 2.00694620156164405E-01 3.77006312491848109E-03
1.28296520E+01 4.88004798966577141E-02 6.21551965627564415E-03 2.00700571826629232E-01 3.76032313806722029E-03
1.28397645E+01 4.87337192230028055E-02 6.19932695829431869E-03 2.00782713913587152E-01 3.75062237461209775E-03
1.28498484E+01 4.86673107665634638E-02 6.18319919769990105E-03 2.00808688691389264E-01 3.74095986135667725E-03
1.28599077E+01 4.86012259292827667E-02 6.16712910403127267E-03 2.00987600416999063E-01 3.73133476165477505E-03
1.28699464E+01 4.85354369592295096E-02 6.15110958528235652E-03 2.00990734679087374E-01 3.72174636712723546E-03
1.28799683E+01 4.84699169808587155E-02 6.13513373529785567E-03 2.01064270381243276E-01 3.71219408403395800E-03
1.28899772E+01 4.84046399917470449E-02 6.11919481780016667E-03 2.01166037787234742E-01 3.70267741501871831E-03
1.28999770E+01 4.83395808355954679E-02 6.10328623311898969E-03 2.01241117579186141E-01 3.69319593754712395E-03
1.29099711E+01 4.82747151539127742E-02 6.08740147335275813E-03 2.01330795346878588E-01 3.68374928014675350E-03
1.29199633E+01 4.82100193214763661E-02 6.07153407170287623E-03 2.01416619115413642E-01 3.67433709774150387E-03
1.29299570E+01 4.81454703722815000E-02 6.05567755026435034E-03 2.01507600048434682E-01 3.66495904721711365E-03
1.29399557E+01 4.80810459212758154E-02 6.03982537066532436E-03 2.01599024236202268E-01 3.65561476426648317E-03
1.29499629E+01 4.80167240877819868E-02 6.02397089158061838E-03 2.01693111556777355E-01 3.64630384240241957E-03
1.29599730E+01 4.79525417278108962E-02 6.00812169705714633E-03 2.01788558246109556E-01 3.63703421562774822E-03
1.29699804E+01 4.78885352163097647E-02 5.99228511206404985E-03 2.01885732947684582E-01 3.62781352571797232E-03
1.29799885E+01 4.78246825785784702E-02 5.97645392854599406E-03 2.01984201962419396E-01 3.61864080994224631E-03
1.29900009E+01 4.77609623922819818E-02 5.96062088345578577E-03 2.02084125263489262E-01 3.60951503025200120E-03
1.30000209E+01 4.76973537212056486E-02 5.94477864538032769E-03 2.02185327284238880E-01 3.60043505992483151E-03
1.30100520E+01 4.76338360464019298E-02 5.92891982478095485E-03 2.02287814111421910E-01 3.59139967281715908E-03
1.30200976E+01 4.75703891924595043E-02 5.91303698675702764E-03 2.02391508417487848E-01 3.58240753273752479E-03
1.30301612E+01 4.75069932536942990E-02 5.89712266355075631E-03 2.02496391537664244E-01 3.57345718296062142E-03
1.30402461E+01 4.74436285266516822E-02 5.88116936815758547E-03 2.02602426759286414E-01 3.56454703665193100E-03
1.30503558E+01 4.73802754546824162E-02 5.86516961047238699E-03 2.02709600430776321E-01 3.55567536902560294E-03
1.30604937E+01 4.73169145888860110E-02 5.84911591683320593E-03 2.02817899354695075E-01 3.54684031189438607E-03
1.30706635E+01 4.72535265678761252E-02 5.83300085347660934E-03 2.02927322623170064E-01 3.53803985101979390E-03
1.30808685E+01 4.71900921165681053E-02 5.81681705433718423E-03 2.03037874621313424E-01 3.52927182637807106E-03
1.30911123E+01 4.71265920619985679E-02 5.80055725363008180E-03 2.03149568287460447E-01 3.52053393515833115E-03
1.31013986E+01 4.70630073618247685E-02 5.78421432363017060E-03 2.03262422806368359E-01 3.51182373702851186E-03
1.31117310E+01 4.69993191392101828E-02 5.76778131792870814E-03 2.03376464446120869E-01 3.50313866096231465E-03
1.31220961E+01 4.69356124710678113E-02 5.75127834154272755E-03 2.03491645377867597E-01 3.49449005190191966E-03
1.31324954E+01 4.68718816753180834E-02 5.73470257469766136E-03 2.03607752112429152E-01 3.48587662796737878E-03
1.31429329E+01 4.68081046255272581E-02 5.71804728908080571E-03 2.03724986116667062E-01 3.47729474314760305E-03
1.31534129E+01 4.67442586586890793E-02 5.70130594958594399E-03 2.03843341840579811E-01 3.46874056773774798E-03
1.31639398E+01 4.66803205547011643E-02 5.68447225674435785E-03 2.03962918012115607E-01 3.46021009595934553E-03
1.31745182E+01 4.66162665370563056E-02 5.66754021019884487E-03 2.04083765282713381E-01 3.45169915858905760E-03
1.31851526E+01 4.65520722821726532E-02 5.65050417622914043E-03 2.04205974429041287E-01 3.44320343752863500E-03
1.31958479E+01 4.64877129270682282E-02 5.63335895173694683E-03 2.04329627225239452E-01 3.43471848052239077E-03
1.32066090E+01 4.64231630641778886E-02 5.61609981817896581E-03 2.04454823575988237E-01 3.42623971444654379E-03
1.32174410E+01 4.63583967109505862E-02 5.59872257849628168E-03 2.04581666585167715E-01 3.41776245558628178E-03
1.32283490E+01 4.62933872410968769E-02 5.58122356990866774E-03 2.04710271208187300E-01 3.40928191532774124E-03
1.32393385E+01 4.62281072644305374E-02 5.56359964578777028E-03 2.04840760072036193E-01 3.40079319979540119E-03
1.32504150E+01 4.61625284431177868E-02 5.54584812047560684E-03 2.04973266716421493E-01 3.39229130215247142E-03
1.32615843E+01 4.60966212338935061E-02 5.52796667176265293E-03 2.05107935106097899E-01 3.38377108653658025E-03
1.32728476E+01 4.60303846739435127E-02 5.50996135331033397E-03 2.05244885034512575E-01 3.37523113723106269E-03
1.32841947E+01 4.59638822760372948E-02 5.49185628748589342E-03 2.05384106960803614E-01 3.36667833461417546E-03
1.32956192E+01 4.58971554430224332E-02 5.47367010044317714E-03 2.05525543306484731E-01 3.35811670070071963E-03
1.33071235E+01 4.58301947587293826E-02 5.45540791876190836E-03 2.05669318296927500E-01 3.34954380593495199E-03
1.33187093E+01 4.57629928608260447E-02 5.43707549587875427E-03 2.05815588290587853E-01 3.34095760851496485E-03
1.33303490E+01 4.56957141371573811E-02 5.41872503649151044E-03 2.05964230642549984E-01 3.33237806042440635E-03
1.33420334E+01 4.56284116974484330E-02 5.40037803353494387E-03 2.06114992199401520E-01 3.32381097822014287E-03
1.33537651E+01 4.55610729581667692E-02 5.38203757133179101E-03 2.06268118431098380E-01 3.31525399759036990E-03
1.33655470E+01 4.54936826135031516E-02 5.36370526471731737E-03 2.06423737610219926E-01 3.30670462951964620E-03
1.33773827E+01 4.54262222425371731E-02 5.34538102409143692E-03 2.06582022079263045E-01 3.29816021706334957E-03
1.33892762E+01 4.53586699905993429E-02 5.32706292219352513E-03 2.06743134878470791E-01 3.28961790353824845E-03
1.34012327E+01 4.52910003110739354E-02 5.30874712507135253E-03 2.06907267449004478E-01 3.28107460721214789E-03
1.34132576E+01 4.52231837611563187E-02 5.29042787744580818E-03 2.07074621768760653E-01 3.27252700111274651E-03
1.34253575E+01 4.51551868439562451E-02 5.27209753614384189E-03 2.07245420898334337E-01 3.26397149728048378E-03
1.34375398E+01 4.50869718864960606E-02 5.25374664340165932E-03 2.07419905508796798E-01 3.25540423462541799E-03
1.34498126E+01 4.50184969391875522E-02 5.23536402978166168E-03 2.07598337863895560E-01 3.24682106911000591E-03
1.34621834E+01 4.49497253073266947E-02 5.21693949888179295E-03 2.07780983196607538E-01 3.23821876548227930E-03
1.34746133E+01 4.48808761969585676E-02 5.19853055161335377E-03 2.07967578924127511E-01 3.22962617373078993E-03
1.34870134E+01 4.48124406896759572E-02 5.18026605468010094E-03 2.08156900072636847E-01 3.22110578119012879E-03
1.34993891E+01 4.47443870656120610E-02 5.16213547128721931E-03 2.08348637285066501E-01 3.21265481909648477E-03
1.35117454E+01 4.46766844811651714E-02 5.14412901040458594E-03 2.08543316977030546E-01 3.20427076214635422E-03
1.35240838E+01 4.46093233090302868E-02 5.12624284125402351E-03 2.08740900073336344E-01 3.19595377709261819E-03
1.35363842E+01 4.45424105179743693E-02 5.10850425186508503E-03 2.08941233000442511E-01 3.18771835460132658E-03
1.35486403E+01 4.44759758215140938E-02 5.09092045992566664E-03 2.09144115565598754E-01 3.17956934143824761E-03
1.35608505E+01 4.44100250925731771E-02 5.07349293989574259E-03 2.09349613720248101E-01 3.17150859183258161E-03
1.35730194E+01 4.43445300776567769E-02 5.05621476350193080E-03 2.09557794880729620E-01 3.16353375353263045E-03
1.35851515E+01 4.42794622163894050E-02 5.03907952117365124E-03 2.09768789103865649E-01 3.15564242675290966E-03
1.35972499E+01 4.42148022654062431E-02 5.02208380965125326E-03 2.09982666399133294E-01 3.14783331973475305E-03
1.36092937E+01 4.41506584096591770E-02 5.00525798612620493E-03 2.10199137434444128E-01 3.14012037107571935E-03
1.36212888E+01 4.40869945416200795E-02 4.98859501898729629E-03 2.10418162922421853E-01 3.13249999778358271E-03
1.36332416E+01 4.40237741202672769E-02 4.97208828461337318E-03 2.10639948991059617E-01 3.12496857720841702E-03
1.36451582E+01 4.39609600095413680E-02 4.95573142212584784E-03 2.10864584686970585E-01 3.11752243195109529E-03
1.36570438E+01 4.38985228707546582E-02 4.93952045200383646E-03 2.11092181459823891E-01 3.11015882773770175E-03
1.36688990E+01 4.38364560908392001E-02 4.92345754036100595E-03 2.11322758546621886E-01 3.10287770462138682E-03
1.36807300E+01 4.37747247200078807E-02 4.90753775631105459E-03 2.11556415340252296E-01 3.09567568293181742E-03
1.36925432E+01 4.37132926871425728E-02 4.89175611666257514E-03 2.11793298777537692E-01 3.08854931193115571E-03
1.37043409E+01 4.36521454627377889E-02 4.87611330046717854E-03 2.12033469920583278E-01 3.08149768594848323E-03
1.37161104E+01 4.35913464317394458E-02 4.86062973933699873E-03 2.12276700634204618E-01 3.07452880910738481E-03
1.37278588E+01 4.35308557230582593E-02 4.84529944711544446E-03 2.12523051267475727E-01 3.06763877860944051E-03
1.37395937E+01 4.34706325959765480E-02 4.83011629407120030E-03 2.12772727697701614E-01 3.06082370196227981E-03
1.37513130E+01 4.34106854676305914E-02 4.81508640737725833E-03 2.13025693622029055E-01 3.05408529916261591E-03
1.37630220E+01 4.33509842386403457E-02 4.80020606784270325E-03 2.13282029218079733E-01 3.04742097650688654E-03
1.37747283E+01 4.32914884979516412E-02 4.78546892898666035E-03 2.13541914456503723E-01 3.04082709373317168E-03
1.37864399E+01 4.32321565222099080E-02 4.77086827871660724E-03 2.13805528517316823E-01 3.03429999376066606E-03
1.37981293E+01 4.31731250988166421E-02 4.75644068239532234E-03 2.14072336529209123E-01 3.02785553573559811E-03
1.38097982E+01 4.31143829696163106E-02 4.74218572437973707E-03 2.14342218199165546E-01 3.02149313998095878E-03
1.38214552E+01 4.30558844173705851E-02 4.72809450531302532E-03 2.14615413583059300E-01 3.01520856333162670E-03
1.38331090E+01 4.29975835111171545E-02 4.71415805119796295E-03 2.14892110458318103E-01 3.00899767225684027E-03
1.38447686E+01 4.29394337861592826E-02 4.70036725251145922E-03 2.15172518841503291E-01 3.00285640777753562E-03
1.38564189E+01 4.28815085863219828E-02 4.68674099857615666E-03 2.15456324058739240E-01 2.99679330789512843E-03
1.38680550E+01 4.28238297529921208E-02 4.67328536036880262E-03 2.15743321452750131E-01 2.99081126456171142E-03
1.38796854E+01 4.27663538112989863E-02 4.65999097155209933E-03 2.16033696978287421E-01 2.98490635351872499E-03
1.38913183E+01 4.27090370931912794E-02 4.64684851213852806E-03 2.16327665907840694E-01 2.97907473321310564E-03
1.39029626E+01 4.26518352826097610E-02 4.63384862133420575E-03 2.16625437890006683E-01 2.97331259527653172E-03
1.39146272E+01 4.25947032477064433E-02 4.62098190167298598E-03 2.16927243465446756E-01 2.96761614983454079E-03
1.39263034E+01 4.25376825060528527E-02 4.60825832676286899E-03 2.17232897209474002E-01 2.96199020019389516E-03
1.39379958E+01 4.24807488915804263E-02 4.59567295241229863E-03 2.17542460972146079E-01 2.95643291250919033E-03
1.39496545E+01 4.24241436344966263E-02 4.58327856736167639E-03 2.17854736650049730E-01 2.95096790351082050E-03
1.39612832E+01 4.23678451344524920E-02 4.57106925271605867E-03 2.18169573457031918E-01 2.94559272530211082E-03
1.39728720E+01 4.23118976026000057E-02 4.55905324175377540E-03 2.18486796818647272E-01 2.94031109142362836E-03
1.39844238E+01 4.22562845745675722E-02 4.54722548655638395E-03 2.18806363097791140E-01 2.93512079243755334E-03
1.39959432E+01 4.22009797932657235E-02 4.53557895032415028E-03 2.19128386407675096E-01 2.93001868871481559E-03
1.40074331E+01 4.21459666110223785E-02 4.52410872453706640E-03 2.19452907638854666E-01 2.92500252195045151E-03
1.40188786E+01 4.20913131777265470E-02 4.51282733471864220E-03 2.19779496880008307E-01 2.92007759352326925E-03
1.40302843E+01 4.20369940978932086E-02 4.50172772100349092E-03 2.20108171231765487E-01 2.91524055375148167E-03
1.40416546E+01 4.19829843675923187E-02 4.49080308543451691E-03 2.20439051330339447E-01 2.91048811732648720E-03
1.40529943E+01 4.19292593543079753E-02 4.48004686488063467E-03 2.20772220281785142E-01 2.90581706128280153E-03
1.40643077E+01 4.18757947809970596E-02 4.46945272574120721E-03 2.21107773949415248E-01 2.90122422600707979E-03
1.40755967E+01 4.18225789153874525E-02 4.45901693399409181E-03 2.21445738350599469E-01 2.89670754464538488E-03
1.40868474E+01 4.17696747858308723E-02 4.44875020199002498E-03 2.21785683863855776E-01 2.89227116143639992E-03
1.40980645E+01 4.17170571379190530E-02 4.43864587979020050E-03 2.22127649014127210E-01 2.88791165274876254E-03
1.41092527E+01 4.16647011361404238E-02 4.42869758522018968E-03 2.22471769335195108E-01 2.88362568875014363E-03
1.41204165E+01 4.16125823202277492E-02 4.41889917116493076E-03 2.22818145396786349E-01 2.87941002632124314E-03
1.41315606E+01 4.15606765684046892E-02 4.40924471657606898E-03 2.23166889350302877E-01 2.87526150488135032E-03
1.41426896E+01 4.15089600618766125E-02 4.39972852179520979E-03 2.23518115427461750E-01 2.87117704253725230E-03
1.41537965E+01 4.14574634013048574E-02 4.39035487635692449E-03 2.23871591122597663E-01 2.86715782750606146E-03
1.41648742E+01 4.14062159345290337E-02 4.38112758698161377E-03 2.24227041826903090E-01 2.86320480676053278E-03
1.41759279E+01 4.13551920662403871E-02 4.37204053105357416E-03 2.24584567469531621E-01 2.85931463816979604E-03
1.41869624E+01 4.13043665976061056E-02 4.36308786256018374E-03 2.24944305130379968E-01 2.85548407910791785E-03
1.41979826E+01 4.12537146788928000E-02 4.35426398869214002E-03 2.25306376308972683E-01 2.85170997656858773E-03
1.42089934E+01 4.12032117731031544E-02 4.34556356185168257E-03 2.25670910416337495E-01 2.84798925974628567E-03
1.42199998E+01 4.11528336270809425E-02 4.33698147322876624E-03 2.26038041840904091E-01 2.84431893324435655E-03
1.42309905E+01 4.11026296802634306E-02 4.32852510061840223E-03 2.26407396144578721E-01 2.84070132524503419E-03
1.42419610E+01 4.10526184637569277E-02 4.32019633797378448E-03 2.26778757653839036E-01 2.83713639390616081E-03
1.42529166E+01 4.10027732286058696E-02 4.31198955820708864E-03 2.27152268802037510E-01 2.83362085062084179E-03
1.42638629E+01 4.09530676599058480E-02 4.30389939603817526E-03 2.27528086445156624E-01 2.83015149857226934E-03
1.42748051E+01 4.09034758504098969E-02 4.29592071273374784E-03 2.27906355088509815E-01 2.82672522348074084E-03
1.42857444E+01 4.08539906022919036E-02 4.28805145803206039E-03 2.28287086027389174E-01 2.82334023241357203E-03
1.42966842E+01 4.08045956474503355E-02 4.28028815447295107E-03 2.28670344848689561E-01 2.81999411965664585E-03
1.43076270E+01 4.07552782070786240E-02 4.27262790192403479E-03 2.29056183629263249E-01 2.81668473566260014E-03
1.43185589E+01 4.07060996111366508E-02 4.26507906224980488E-03 2.29444090554340063E-01 2.81341484351738894E-03
1.43294858E+01 4.06570315074683206E-02 4.25763597261152437E-03 2.29834176224485598E-01 2.81018117502666040E-03
1.43404089E+01 4.06080678027451805E-02 4.25029638656232184E-03 2.30226459874775052E-01 2.80698197501007924E-03
1.43513318E+01 4.05591906722501117E-02 4.24305626261131229E-03 2.30621008887849616E-01 2.80381474772272354E-03
1.43622601E+01 4.05103744743682409E-02 4.23591043586104936E-03 2.31017970701180381E-01 2.80067654164197887E-03
1.43731991E+01 4.04615940983989938E-02 4.22885387509404007E-03 2.31417491182276502E-01 2.79756449973270205E-03
1.43841543E+01 4.04128249633625217E-02 4.22188166936111452E-03 2.31819712540295153E-01 2.79447585836119488E-03
1.43951201E+01 4.03640903662805320E-02 4.21499563842090905E-03 2.32224395904332387E-01 2.79141090969016329E-03
1.44060848E+01 4.03154424046393081E-02 4.20820129451146899E-03 2.32631036105996919E-01 2.78837171847623076E-03
1.44170534E+01 4.02668580964435571E-02 4.20149343222451545E-03 2.33039719894422376E-01 2.78535566257265754E-03
1.44280318E+01 4.02183099716331011E-02 4.19486628145691789E-03 2.33450616989227089E-01 2.78235992566209372E-03
1.44390259E+01 4.01697713258927988E-02 4.18831422431423326E-03 2.33863877646906249E-01 2.77938182431460316E-03
1.44500417E+01 4.01212162326264402E-02 4.18183178979819343E-03 2.34279648969881515E-01 2.77641880692690865E-03
1.44610847E+01 4.00726195603364407E-02 4.17541365552494183E-03 2.34698071958381077E-01 2.77346845368927220E-03
1.44721566E+01 4.00239738514624951E-02 4.16905683271713047E-03 2.35119138922174425E-01 2.77052949088949082E-03
1.44832356E+01 3.99753743981666743E-02 4.16277144978253241E-03 2.35541965011593579E-01 2.76760686087729538E-03
1.44943284E+01 3.99267915966781753E-02 4.15655124218176821E-03 2.35966654502876905E-01 2.76469801567309683E-03
1.45054414E+01 3.98781969039505649E-02 4.15039022896655351E-03 2.36393383967228921E-01 2.76180057185466650E-03
1.45165809E+01 3.98295628484503436E-02 4.14428268061841232E-03 2.36822291471841195E-01 2.75891230235328442E-03
1.45277529E+01 3.97808630506823746E-02 4.13822311598891195E-03 2.37253509200400198E-01 2.75603113251629865E-03
1.45389632E+01 3.97320722435564808E-02 4.13220630314714132E-03 2.37687158540549587E-01 2.75315513686872054E-03
1.45502175E+01 3.96831662887465880E-02 4.12622725943253329E-03 2.38123349269844825E-01 2.75028253541949536E-03
1.45614923E+01 3.96342468349573235E-02 4.12029622510721224E-03 2.38561097899688518E-01 2.74741895717346089E-03
1.45727908E+01 3.95853000887050541E-02 4.11440930861591784E-03 2.39000351007037953E-01 2.74456329053578271E-03
1.45841197E+01 3.95362969012284793E-02 4.10856094007616777E-03 2.39441264738984860E-01 2.74171359966517538E-03
1.45954854E+01 3.94872095280220936E-02 4.10274588319430467E-03 2.39883960987825551E-01 2.73886809630669243E-03
1.46068942E+01 3.94380116373914125E-02 4.09695922088064608E-03 2.40328546034309559E-01 2.73602513015301510E-03
1.46183518E+01 3.93886783155940473E-02 4.09119634643336730E-03 2.40775109994928710E-01 2.73318318023328200E-03
1.46298637E+01 3.93391860639082103E-02 4.08545295110755713E-03 2.41223725477372336E-01 2.73034084572387281E-03
1.46414190E+01 3.92895829769809787E-02 4.07973303238011106E-03 2.41673829179423899E-01 2.72750083861585590E-03
1.46530073E+01 3.92399137305709661E-02 4.07404010707948690E-03 2.42124847846341779E-01 2.72466564550260387E-03
1.46646353E+01 3.91901491450628650E-02 4.06836928961515614E-03 2.42576867817982211E-01 2.72183353392083452E-03
1.46763097E+01 3.91402617376352610E-02 4.06271602259115905E-03 2.43029985965095952E-01 2.71900288037801776E-03
1.46880364E+01 3.90902256998322539E-02 4.05707603851094591E-03 2.43484262883741198E-01 2.71617215570638202E-03
1.46998215E+01 3.90400168737904119E-02 4.05144534378058113E-03 2.43939739610190942E-01 2.71333991399392649E-03
1.47116702E+01 3.89896127199884854E-02 4.04582020403356901E-03 2.44396435165480097E-01 2.71050478230631725E-03
1.47235878E+01 3.89389922750474696E-02 4.04019712560609989E-03 2.44854346275481471E-01 2.70766545061770260E-03
1.47355524E+01 3.88882484341387183E-02 4.03458515513129348E-03 2.45312463870443365E-01 2.70482692027933670E-03
1.47475649E+01 3.88373786161747142E-02 4.02898273017249838E-03 2.45770564377496142E-01 2.70198878007026902E-03
1.47596318E+01 3.87863559193901697E-02 4.02338567190549130E-03 2.46228695909611994E-01 2.69914922958603299E-03
1.47717591E+01 3.87351552594300333E-02 4.01779003698670388E-03 2.46686870867008273E-01 2.69630653686151866E-03
1.47839526E+01 3.86837533124262459E-02 4.01219209246969459E-03 2.47145074462931852E-01 2.69345903077707191E-03
1.47962176E+01 3.86321284556100791E-02 4.00658830527061884E-03 2.47603268196344262E-01 2.69060509649444177E-03
1.48085592E+01 3.85802607011355853E-02 4.00097533181726587E-03 2.48061389085343198E-01 2.68774317197856749E-03
1.48209821E+01 3.85281316228926751E-02 3.99535000442389175E-03 2.48519349650740823E-01 2.68487174527026534E-03
1.48334682E+01 3.84758181965943885E-02 3.98971934490331692E-03 2.48976243818885667E-01 2.68199449871964332E-03
1.48460148E+01 3.84233320988193391E-02 3.98408331768706440E-03 2.49431683522952197E-01 2.67911148184820681E-03
1.48586282E+01 3.83706487119838888E-02 3.97843804061815028E-03 2.49885628994328146E-01 2.67622073906669195E-03
1.48713140E+01 3.83177451612034536E-02 3.97277985972757913E-03 2.50338014541844844E-01 2.67332040258246159E-03
1.48840776E+01 3.82646002337579533E-02 3.96710534658547154E-03 2.50788743064323194E-01 2.67040868917193305E-03
1.48969242E+01 3.82111943019485603E-02 3.96141131521345058E-03 2.51237694076394347E-01 2.66748389973503258E-03
1.49097890E+01 3.81577960308690581E-02 3.95572514418873061E-03 2.51682416371452944E-01 2.66456006910729742E-03
1.49226482E+01 3.81045050699469340E-02 3.95005636415971233E-03 2.52121763282597389E-01 2.66164200515712742E-03
1.49355015E+01 3.80513212357604658E-02 3.94440419555577501E-03 2.52555552344406409E-01 2.65872911119459637E-03
1.49483490E+01 3.79982442731339673E-02 3.93876809801204774E-03 2.52983605177748982E-01 2.65582083112688187E-03
1.49611907E+01 3.79452738301654796E-02 3.93314776641993501E-03 2.53405732083837876E-01 2.65291664164233904E-03
1.49740263E+01 3.78924094538144879E-02 3.92754316292822682E-03 2.53821753427541985E-01 2.65001605162300258E-03
1.49868561E+01 3.78396505885864182E-02 3.92195454178517842E-03 2.54231497248691429E-01 2.64711860183362759E-03
1.49934280E+01 3.78126550688694246E-02 3.91908990677702473E-03 2.54446617613488024E-01 2.64563375769851037E-03
1.50000000E+01 3.77856805408103777E-02 3.91622822836738653E-03 2.54643426333249934E-01 2.64414882412618377E-03
