#  time, MeanKE MeanKEDR MeanP MeanNuT MeanLesProduction
0 1.24924716012900311E-01 4.68467768164149449E-04 -5.45960823770080033E-18 1.87864927511465563E-05 2.01623355337680447E-05
1.47262156E-02 1.24915915838654981E-01 4.68445334471735253E-04 2.36197118610289154E-04 1.87866998867901749E-05 2.01607652360313274E-05
2.94623722E-02 1.24908224166034337E-01 4.68448216889328164E-04 2.49686098604275564E-04 1.87884375053991681E-05 2.01607558743645918E-05
4.41998386E-02 1.24900898886843997E-01 4.68473635989790304E-04 2.26426128563539511E-04 1.87914256480373517E-05 2.01621056685980691E-05
5.89390333E-02 1.24893690722613054E-01 4.68520666641102665E-04 1.87644517998011802E-04 1.87955066744523081E-05 2.01647503715539741E-05
7.36804321E-02 1.24886516135293460E-01 4.68589012149656656E-04 1.31909686934363383E-04 1.88005739055103100E-05 2.01686729678963756E-05
8.84245292E-02 1.24879346885227713E-01 4.68678590180166552E-04 5.92903048710349554E-05 1.88065474296559028E-05 2.01738731466136066E-05
1.03171823E-01 1.24872173169587417E-01 4.68789394491476920E-04 -3.05216459917179779E-05 1.88133626542872708E-05 2.01803570665419188E-05
1.17922000E-01 1.24864991727961588E-01 4.68921440967882562E-04 -1.37359615992369266E-04 1.88209629874622085E-05 2.01881334415357860E-05
1.32673739E-01 1.24857801841832622E-01 4.69074744222392956E-04 -2.61186575213850187E-04 1.88292962766986183E-05 2.01972118674254624E-05
1.47427544E-01 1.24850602588724241E-01 4.69249340763720334E-04 -4.01949339074561150E-04 1.88383162558185658E-05 2.02076040620601630E-05
1.62183915E-01 1.24843393274793713E-01 4.69445274849399779E-04 -5.59589632712947016E-04 1.88479820857532367E-05 2.02193229687621882E-05
1.76943353E-01 1.24836173282847185E-01 4.69662597889412760E-04 -7.34044565087289564E-04 1.88582579152236712E-05 2.02323826718844472E-05
1.91706351E-01 1.24828942021661365E-01 4.69901368227050684E-04 -9.25246527262585492E-04 1.88691120881079011E-05 2.02467983441456733E-05
2.06473401E-01 1.24821698909088924E-01 4.70161651043869992E-04 -1.13312315311618226E-03 1.88805164249538618E-05 2.02625862062566966E-05
2.21244991E-01 1.24814443366432326E-01 4.70443518304440133E-04 -1.35759723060473333E-03 1.88924456826499395E-05 2.02797634919617848E-05
2.36021602E-01 1.24807174816571706E-01 4.70747048712764058E-04 -1.59858658891188360E-03 1.89048771737934303E-05 2.02983484159492030E-05
2.50803711E-01 1.24799892683357228E-01 4.71072327671083631E-04 -1.85600397226286457E-03 1.89177905123346981E-05 2.03183601436045487E-05
2.65591790E-01 1.24792596391421068E-01 4.71419447237943342E-04 -2.12975690137573882E-03 1.89311674464193355E-05 2.03398187621408257E-05
2.80386304E-01 1.24785285366133120E-01 4.71788506084520811E-04 -2.41974752597612754E-03 1.89449916750105179E-05 2.03627452528813244E-05
2.95187712E-01 1.24777959033603919E-01 4.72179609448892753E-04 -2.72587246742021783E-03 1.89592483777767836E-05 2.03871614645626164E-05
3.09996467E-01 1.24770616820710376E-01 4.72592869088148864E-04 -3.04802265237551304E-03 1.89739231939700411E-05 2.04130900873915355E-05
3.24811737E-01 1.24763258788476550E-01 4.73028364784234190E-04 -3.38605373691990919E-03 1.89889998975373388E-05 2.04405521967915856E-05
3.39632829E-01 1.24755884930846619E-01 4.73486179679485984E-04 -3.73981316412458050E-03 1.90044618685411203E-05 2.04695694131009904E-05
3.54460202E-01 1.24748494668707646E-01 4.73966434875395441E-04 -4.10916662478714653E-03 1.90202941874080641E-05 2.05001660811354947E-05
3.69294308E-01 1.24741087423739072E-01 4.74469257899996809E-04 -4.49397396126460097E-03 1.90364831647872715E-05 2.05323672733514063E-05
3.84135591E-01 1.24733662618313770E-01 4.74994782650885032E-04 -4.89408879176117181E-03 1.90530164734864429E-05 2.05661987636215921E-05
3.98984485E-01 1.24726219675487748E-01 4.75543149336227992E-04 -5.30935821401550163E-03 1.90698830512773912E-05 2.06016870015751026E-05
4.13841420E-01 1.24718758019027737E-01 4.76114504413720511E-04 -5.73962259870507575E-03 1.90870729748808806E-05 2.06388590873534925E-05
4.28706813E-01 1.24711277073449367E-01 4.76709000527447463E-04 -6.18471537401276208E-03 1.91045773660429135E-05 2.06777427466642781E-05
4.43581075E-01 1.24703776264060415E-01 4.77326796442614526E-04 -6.64446280657156243E-03 1.91223883377655641E-05 2.07183663060571663E-05
4.58464607E-01 1.24696255017004626E-01 4.77968056978168442E-04 -7.11868377403151401E-03 1.91404989729700857E-05 2.07607586683792903E-05
4.73357798E-01 1.24688712759307957E-01 4.78632952937252051E-04 -7.60718953408928613E-03 1.91589033060707158E-05 2.08049492883986337E-05
4.88261031E-01 1.24681148918918613E-01 4.79321661035525743E-04 -8.10978348758773643E-03 1.91775962208133001E-05 2.08509681486052084E-05
5.03174677E-01 1.24673562924759590E-01 4.80034363827289536E-04 -8.62626093820385159E-03 1.91965731144700904E-05 2.08988457351734072E-05
5.18099094E-01 1.24665954206767751E-01 4.80771249629420117E-04 -9.15640884642974009E-03 1.92158293132288088E-05 2.09486130139206004E-05
5.33034633E-01 1.24658322195944013E-01 4.81532512443087106E-04 -9.70000558305234711E-03 1.92353596507003155E-05 2.10003014058997220E-05
5.47981190E-01 1.24650666550189235E-01 4.82318328336657910E-04 -1.02568041033031295E-02 1.92551580579264691E-05 2.10539411515164750E-05
5.62937573E-01 1.24642987484821804E-01 4.83128816658675729E-04 -1.08265052491595092E-02 1.92752172006537208E-05 2.11095585794384311E-05
5.77904140E-01 1.24635284418736864E-01 4.83964180838445648E-04 -1.14088569197479932E-02 1.92955324034422089E-05 2.11671857125631755E-05
5.92881240E-01 1.24627556772146889E-01 4.84824629855001995E-04 -1.20035979490459681E-02 1.93160997595909445E-05 2.12268549312226309E-05
6.07869208E-01 1.24619803966415990E-01 4.85710378150639637E-04 -1.26104577452949475E-02 1.93369161312614855E-05 2.12885989488291900E-05
6.22868369E-01 1.24612025424029021E-01 4.86621645542258498E-04 -1.32291560172923019E-02 1.93579791091203095E-05 2.13524507877007584E-05
6.37879038E-01 1.24604220568617238E-01 4.87558657130558000E-04 -1.38594025239500065E-02 1.93792869695282442E-05 2.14184437550479736E-05
6.52901513E-01 1.24596388825002694E-01 4.88521643207046334E-04 -1.45008968300151565E-02 1.94008386314719150E-05 2.14866114191211912E-05
6.67936085E-01 1.24588529619245048E-01 4.89510839158893273E-04 -1.51533280632147414E-02 1.94226335988559051E-05 2.15569875855280740E-05
6.82983030E-01 1.24580642378692430E-01 4.90526485371655871E-04 -1.58163746748431235E-02 1.94446718673416948E-05 2.16296062737297119E-05
6.98042609E-01 1.24572726532030192E-01 4.91568827129872685E-04 -1.64897042085926440E-02 1.94669537837741854E-05 2.17045016937049012E-05
7.13115075E-01 1.24564781509328731E-01 4.92638114515571175E-04 -1.71729730722547831E-02 1.94894798794062445E-05 2.17817082227312102E-05
7.28200665E-01 1.24556806742091325E-01 4.93734602304697016E-04 -1.78658263184835742E-02 1.95122507402786569E-05 2.18612603822043635E-05
7.43299603E-01 1.24548801663300138E-01 4.94858549861477135E-04 -1.85678974349115754E-02 1.95352669804033021E-05 2.19431928144424991E-05
7.58412099E-01 1.24540765707460963E-01 4.96010221030739789E-04 -1.92788081416951189E-02 1.95585293238355851E-05 2.20275402595015825E-05
7.73538353E-01 1.24532698310644757E-01 4.97189884028194059E-04 -1.99981682029045371E-02 1.95820387366855950E-05 2.21143375321165131E-05
7.88678547E-01 1.24524598910531775E-01 4.98397811328706725E-04 -2.07255752472461814E-02 1.96057965420023530E-05 2.22036194989131436E-05
8.03832852E-01 1.24516466946451340E-01 4.99634279552571732E-04 -2.14606146068493028E-02 1.96298044863100116E-05 2.22954210560166037E-05
8.19001425E-01 1.24508301859415790E-01 5.00899569349806521E-04 -2.22028591646483316E-02 1.96540647593628352E-05 2.23897771071395482E-05
8.34184409E-01 1.24500103092162334E-01 5.02193965282454616E-04 -2.29518692249817725E-02 1.96785799802903567E-05 2.24867225422096551E-05
8.49381934E-01 1.24491870089184720E-01 5.03517755704913669E-04 -2.37071923981161427E-02 1.97033531621641798E-05 2.25862922165757188E-05
8.64593103E-01 1.24483602845790908E-01 5.04871141823297516E-04 -2.44683123310304104E-02 1.97283859935191009E-05 2.26885140570938862E-05
8.79817963E-01 1.24475300845745818E-01 5.06254408340545007E-04 -2.52347475119551606E-02 1.97536819836923502E-05 2.27934218801960067E-05
8.95056653E-01 1.24466963516706219E-01 5.07667852923996570E-04 -2.60060090387018057E-02 1.97792450597162480E-05 2.29010501266900537E-05
9.10309297E-01 1.24458590288219553E-01 5.09111776812844652E-04 -2.67815951800937230E-02 1.98050793517186309E-05 2.30114331488276105E-05
9.25576006E-01 1.24450180591676937E-01 5.10586484689307942E-04 -2.75609914920726708E-02 1.98311891688332336E-05 2.31246051935291450E-05
9.40856876E-01 1.24441733860325560E-01 5.12092284547512630E-04 -2.83436708417177836E-02 1.98575789920455071E-05 2.32406003863481316E-05
9.56151990E-01 1.24433249529287152E-01 5.13629487560152338E-04 -2.91290934474258932E-02 1.98842534799962919E-05 2.33594527162614864E-05
9.71461415E-01 1.24424727035585797E-01 5.15198407942987356E-04 -2.99167069471648200E-02 1.99112174808450356E-05 2.34811960213794272E-05
9.86785208E-01 1.24416165818171706E-01 5.16799362817185227E-04 -3.07059464976144718E-02 1.99384760432543439E-05 2.36058639756748522E-05
1.00212341E+00 1.24407565317947236E-01 5.18432672069531631E-04 -3.14962349073620723E-02 1.99660344216834448E-05 2.37334900768312331E-05
1.01747604E+00 1.24398924977783806E-01 5.20098658210549087E-04 -3.22869828030519501E-02 1.99938980740331322E-05 2.38641076353026895E-05
1.03284311E+00 1.24390244242541637E-01 5.21797646230563045E-04 -3.30775888310004887E-02 2.00220726520976278E-05 2.39977497646752355E-05
1.04822463E+00 1.24381522559082164E-01 5.23529963453784751E-04 -3.38674398954785724E-02 2.00505639867723801E-05 2.41344493734122263E-05
1.06362057E+00 1.24372759376278050E-01 5.25295939390472478E-04 -3.46559114369975607E-02 2.00793780705377285E-05 2.42742391580669922E-05
1.07903091E+00 1.24363954145017497E-01 5.27095905587260014E-04 -3.54423677476765828E-02 2.01085210395928676E-05 2.44171515980434517E-05
1.09445560E+00 1.24355106318205080E-01 5.28930195475751409E-04 -3.62261623280556583E-02 2.01379991573972072E-05 2.45632189519909188E-05
1.10989459E+00 1.24346215350756462E-01 5.30799144219478900E-04 -3.70066382873895511E-02 2.01678188005384917E-05 2.47124732559209224E-05
1.12534780E+00 1.24337280699587063E-01 5.32703088559342733E-04 -3.77831287835724283E-02 2.01979864470189380E-05 2.48649463231408456E-05
1.14081516E+00 1.24328301823594473E-01 5.34642366657634045E-04 -3.85549575089611102E-02 2.02285086664301676E-05 2.50206697460994249E-05
1.15629656E+00 1.24319278183636125E-01 5.36617317940783919E-04 -3.93214392208188768E-02 2.02593921111712440E-05 2.51796749002437749E-05
1.17179190E+00 1.24310209242498526E-01 5.38628282940931406E-04 -4.00818803143220756E-02 2.02906435078562382E-05 2.53419929499843949E-05
1.18730106E+00 1.24301094464857875E-01 5.40675603136457129E-04 -4.08355794438968259E-02 2.03222696482737952E-05 2.55076548568655807E-05
1.20282389E+00 1.24291933317237299E-01 5.42759620791600822E-04 -4.15818281881453963E-02 2.03542773795745792E-05 2.56766913900306453E-05
1.21836025E+00 1.24282725267952393E-01 5.44880678795289590E-04 -4.23199117613571527E-02 2.03866735936644391E-05 2.58491331390719305E-05
1.23390998E+00 1.24273469787050769E-01 5.47039120499314335E-04 -4.30491097711992801E-02 2.04194652159914136E-05 2.60250105293468365E-05
1.24947292E+00 1.24264166346243432E-01 5.49235289556004847E-04 -4.37686970197578573E-02 2.04526591940113916E-05 2.62043538398388973E-05
1.26504887E+00 1.24254814418826715E-01 5.51469529755557850E-04 -4.44779443510694705E-02 2.04862624856059572E-05 2.63871932236370146E-05
1.28063765E+00 1.24245413479596944E-01 5.53742184863179531E-04 -4.51761195414991032E-02 2.05202820476513239E-05 2.65735587311026421E-05
1.29623904E+00 1.24235963004754618E-01 5.56053598456247595E-04 -4.58624882325137859E-02 2.05547248248302729E-05 2.67634803357895804E-05
1.31185284E+00 1.24226462471801372E-01 5.58404113761695243E-04 -4.65363149046949115E-02 2.05895977386922447E-05 2.69569879631757645E-05
1.32747882E+00 1.24216911359424143E-01 5.60794073493857794E-04 -4.71968638918695768E-02 2.06249076769031938E-05 2.71541115222619871E-05
1.34311673E+00 1.24207309147373657E-01 5.63223819693037253E-04 -4.78434004324458581E-02 2.06606614826091413E-05 2.73548809400845783E-05
1.35876633E+00 1.24197655316329494E-01 5.65693693565084846E-04 -4.84751917555198489E-02 2.06968659438481144E-05 2.75593261991841344E-05
1.37442737E+00 1.24187949347754262E-01 5.68204035322322646E-04 -4.90915082022343810E-02 2.07335277829747706E-05 2.77674773780630849E-05
1.39009959E+00 1.24178190723740423E-01 5.70755184026126958E-04 -4.96916243742434524E-02 2.07706536460929058E-05 2.79793646946569954E-05
1.40578270E+00 1.24168378926840586E-01 5.73347477431580474E-04 -5.02748203124020604E-02 2.08082500925186562E-05 2.81950185528355783E-05
1.42147643E+00 1.24158513439887666E-01 5.75981251834564853E-04 -5.08403826979077419E-02 2.08463235843072678E-05 2.84144695919405546E-05
1.43718049E+00 1.24148593745805155E-01 5.78656841921723619E-04 -5.13876060746996863E-02 2.08848804758789620E-05 2.86377487393560013E-05
1.45289458E+00 1.24138619327400834E-01 5.81374580623729605E-04 -5.19157940879513558E-02 2.09239270037723987E-05 2.88648872660975856E-05
1.46861839E+00 1.24128589667148112E-01 5.84134798972330287E-04 -5.24242607362626831E-02 2.09634692765435369E-05 2.90959168453959587E-05
1.48435162E+00 1.24118504246955849E-01 5.86937825961614474E-04 -5.29123316327908405E-02 2.10035132648217325E-05 2.93308696142375419E-05
1.50009394E+00 1.24108362547922790E-01 5.89783988414011528E-04 -5.33793452698371335E-02 2.10440647915296655E-05 2.95697782378159713E-05
1.51584504E+00 1.24098164050077064E-01 5.92673610851508748E-04 -5.38246542842011344E-02 2.10851295222734155E-05 2.98126759768352254E-05
1.53160459E+00 1.24087908232103403E-01 5.95607015372596918E-04 -5.42476267180895949E-02 2.11267129559140131E-05 3.00595967575932629E-05
1.54737226E+00 1.24077594571054758E-01 5.98584521535476251E-04 -5.46476472722247295E-02 2.11688204153340246E-05 3.03105752447669302E-05
1.56314771E+00 1.24067222542049355E-01 6.01606446248056708E-04 -5.50241185429526172E-02 2.12114570384174410E-05 3.05656469168054398E-05
1.57893059E+00 1.24056791617953674E-01 6.04673103665287850E-04 -5.53764622441268728E-02 2.12546277692635340E-05 3.08248481438325384E-05
1.59472057E+00 1.24046301269050516E-01 6.07784805094444013E-04 -5.57041204033610002E-02 2.12983373496576471E-05 3.10882162679477551E-05
1.61051731E+00 1.24035750962691163E-01 6.10941858908892730E-04 -5.60065565304602789E-02 2.13425903108188829E-05 3.13557896858107142E-05
1.62632045E+00 1.24025140162934602E-01 6.14144570471018576E-04 -5.62832567483612101E-02 2.13873909654495294E-05 3.16276079333847318E-05
1.64212964E+00 1.24014468330169381E-01 6.17393242064913947E-04 -5.65337308820441087E-02 2.14327434001065903E-05 3.19037117727130509E-05
1.65794454E+00 1.24003734920721573E-01 6.20688172839532390E-04 -5.67575134945857152E-02 2.14786514679210010E-05 3.21841432805959268E-05
1.67376480E+00 1.23992939386446191E-01 6.24029658762987856E-04 -5.69541648687177660E-02 2.15251187816883238E-05 3.24689459390357007E-05
1.68959006E+00 1.23982081174304676E-01 6.27417992588718480E-04 -5.71232719268877503E-02 2.15721487073588348E-05 3.27581647273156440E-05
1.70541999E+00 1.23971159725924068E-01 6.30853463834300191E-04 -5.72644490893074593E-02 2.16197443579562144E-05 3.30518462155797243E-05
1.72125422E+00 1.23960174477140236E-01 6.34336358773632323E-04 -5.73773390509576958E-02 2.16679085879547794E-05 3.33500386597822008E-05
1.73709243E+00 1.23949124857525989E-01 6.37866960443334951E-04 -5.74616134019179242E-02 2.17166439881486014E-05 3.36527920978800396E-05
1.75293426E+00 1.23938010289900896E-01 6.41445548664113419E-04 -5.75169726480584259E-02 2.17659528810440611E-05 3.39601584471454595E-05
1.76877939E+00 1.23926830189824241E-01 6.45072400077942678E-04 -5.75431406191698191E-02 2.18158373168104816E-05 3.42721916024900383E-05
1.78462747E+00 1.23915583965068424E-01 6.48747788201749936E-04 -5.75402005375147199E-02 2.18662990698397757E-05 3.45889475353340506E-05
1.80047818E+00 1.23904271015098225E-01 6.52471983499090281E-04 -5.75067683546357511E-02 2.19173396358522558E-05 3.49104843950744762E-05
1.81633120E+00 1.23892890730428168E-01 6.56245253468493877E-04 -5.74444538952587833E-02 2.19689602298428915E-05 3.52368626071455839E-05
1.83218607E+00 1.23881442594117194E-01 6.60067828587532863E-04 -5.73518047150113203E-02 2.20211613183689970E-05 3.55681420129876416E-05
1.84804241E+00 1.23869926026689989E-01 6.63939953360292512E-04 -5.72291605658686517E-02 2.20739433165749961E-05 3.59043863669056802E-05
1.86389995E+00 1.23858340366552813E-01 6.67861893546169410E-04 -5.70763952688128490E-02 2.21273066824523285E-05 3.62456640683082596E-05
1.87975844E+00 1.23846684938817661E-01 6.71833913390846942E-04 -5.68934640511260040E-02 2.21812516034881896E-05 3.65920462833719287E-05
1.89561764E+00 1.23834959054603261E-01 6.75856275849073796E-04 -5.66803550141475529E-02 2.22357779986646369E-05 3.69436070523356474E-05
1.91147729E+00 1.23823162010324367E-01 6.79929242827945809E-04 -5.64370883282868246E-02 2.22908855212898248E-05 3.73004233972878637E-05
1.92733719E+00 1.23811293086962981E-01 6.84053075451677246E-04 -5.61637159016919116E-02 2.23465735626979967E-05 3.76625754305150588E-05
1.94319711E+00 1.23799351549326739E-01 6.88228034348505849E-04 -5.58603210734915159E-02 2.24028412568473427E-05 3.80301464634743986E-05
1.95905686E+00 1.23787336645286683E-01 6.92454379960212715E-04 -5.55270182337887289E-02 2.24596874858430744E-05 3.84032231164622544E-05
1.97491627E+00 1.23775247605002151E-01 6.96732372874754331E-04 -5.51639202379752766E-02 2.25171108863534929E-05 3.87818954293580754E-05
1.99077515E+00 1.23763083640129626E-01 7.01062274182401952E-04 -5.47713065020614467E-02 2.25751098572817661E-05 3.91662569718575137E-05
2.00663335E+00 1.23750843942994779E-01 7.05444345855592162E-04 -5.43492597837032659E-02 2.26336825678623132E-05 3.95564049575410775E-05
2.02249073E+00 1.23738527699895198E-01 7.09878846059144343E-04 -5.38980728232038575E-02 2.26928268994596637E-05 3.99524399007143317E-05
2.03834684E+00 1.23726134297875295E-01 7.14365954072574316E-04 -5.34180065403203619E-02 2.27525394530481616E-05 4.03544589482847176E-05
2.05420155E+00 1.23713662914000544E-01 7.18905918175045044E-04 -5.29093535797879599E-02 2.28128175283316536E-05 4.07625691483545446E-05
2.07005469E+00 1.23701112704881849E-01 7.23498988129190712E-04 -5.23724332731446141E-02 2.28736582267452407E-05 4.11768815195922463E-05
2.08590615E+00 1.23688482805792602E-01 7.28145415676744140E-04 -5.18075907873004823E-02 2.29350584652106660E-05 4.15975111662316249E-05
2.10175582E+00 1.23675772329763164E-01 7.32845455060031630E-04 -5.12151963557025275E-02 2.29970149909320596E-05 4.20245773950541214E-05
2.11760359E+00 1.23662980366657502E-01 7.37599363570488301E-04 -5.05956443094824002E-02 2.30595243972291490E-05 4.24582038347308857E-05
2.13344940E+00 1.23650105982226630E-01 7.42407402124624230E-04 -4.99493520639503474E-02 2.31225831403887091E-05 4.28985185578617184E-05
2.14929320E+00 1.23637148217145124E-01 7.47269835867547002E-04 -4.92767590812389494E-02 2.31861875575070666E-05 4.33456542060415046E-05
2.16513494E+00 1.23624106086026780E-01 7.52186934804076660E-04 -4.85783258000440504E-02 2.32503338852871204E-05 4.37997481183032670E-05
2.18097461E+00 1.23610978576426431E-01 7.57158974457355265E-04 -4.78545325498483318E-02 2.33150182797450844E-05 4.42609424632942487E-05
2.19681220E+00 1.23597764647815023E-01 7.62186236554834406E-04 -4.71058784443769418E-02 2.33802368367770574E-05 4.47293843755673906E-05
2.21264776E+00 1.23584463230544506E-01 7.67269009741444849E-04 -4.63328802657190786E-02 2.34459856135236136E-05 4.52052260963799928E-05
2.22848131E+00 1.23571073224791161E-01 7.72407590319715439E-04 -4.55360713438604792E-02 2.35122606504662556E-05 4.56886251194133056E-05
2.24431292E+00 1.23557593499485557E-01 7.77602283016572810E-04 -4.47160004287751392E-02 2.35790579941789874E-05 4.61797443418449755E-05
2.26014268E+00 1.23544022891221517E-01 7.82853401776541203E-04 -4.38732305739815698E-02 2.36463737206515732E-05 4.66787522212226845E-05
2.27597070E+00 1.23530360203153208E-01 7.88161270581025798E-04 -4.30083380182779348E-02 2.37142039590927623E-05 4.71858229386078865E-05
2.29179711E+00 1.23516604203876029E-01 7.93526224293363848E-04 -4.21219110869024832E-02 2.37825449161129752E-05 4.77011365684785544E-05
2.30762206E+00 1.23502753626293982E-01 7.98948609529365845E-04 -4.12145491038709705E-02 2.38513929001800785E-05 4.82248792559049526E-05
2.32344572E+00 1.23488807166469289E-01 8.04428785553029028E-04 -4.02868613236813389E-02 2.39207443462321473E-05 4.87572434015305127E-05
2.33926829E+00 1.23474763482464528E-01 8.09967125197216396E-04 -3.93394658904306152E-02 2.39905958403254526E-05 4.92984278549225604E-05
2.35508999E+00 1.23460621193165310E-01 8.15564015809057256E-04 -3.83729888156115750E-02 2.40609441441890251E-05 4.98486381168812629E-05
2.37091106E+00 1.23446378877097113E-01 8.21219860219959486E-04 -3.73880629949842544E-02 2.41317862195492086E-05 5.04080865513288371E-05
2.38673177E+00 1.23432029131210097E-01 8.26934864673028146E-04 -3.63778105221870887E-02 2.42031159506682616E-05 5.09769840796295940E-05
2.40255240E+00 1.23417573953876564E-01 8.32709595354319825E-04 -3.53583673662333994E-02 2.42749328974055404E-05 5.15555616818513156E-05
2.41837327E+00 1.23403013200515652E-01 8.38544560674590726E-04 -3.43224395044809463E-02 2.43472356045003182E-05 5.21440559600880183E-05
2.43419472E+00 1.23388345737686769E-01 8.44440254841555315E-04 -3.32706272819482188E-02 2.44200223709426194E-05 5.27427098709043316E-05
2.45001708E+00 1.23373570073355851E-01 8.50397180555222706E-04 -3.22035878031371597E-02 2.44932916181124915E-05 5.33517738592563027E-05
2.46583925E+00 1.23358685977923113E-01 8.56415286317497399E-04 -3.11220783992834441E-02 2.45670350408741199E-05 5.39714474289486296E-05
2.48166110E+00 1.23343692252892281E-01 8.62494894962378836E-04 -3.00267953793481972E-02 2.46412490673456393E-05 5.46019736692267551E-05
2.49748298E+00 1.23328587210174992E-01 8.68636524390116287E-04 -2.89184041207639318E-02 2.47159326074490606E-05 5.52436218481589368E-05
2.51330528E+00 1.23313369106977905E-01 8.74840716869086871E-04 -2.77975685271734350E-02 2.47910849507536056E-05 5.58966702009038900E-05
2.52912840E+00 1.23298036147294912E-01 8.81108040448243626E-04 -2.66649509386397733E-02 2.48667057824037851E-05 5.65614062800634616E-05
2.54495276E+00 1.23282586481472708E-01 8.87439090296398680E-04 -2.55212117205158157E-02 2.49427951955906724E-05 5.72381273184318151E-05
2.56077882E+00 1.23267018205128379E-01 8.93834490034127135E-04 -2.43670087355139231E-02 2.50193537013285634E-05 5.79271406096713837E-05
2.57660703E+00 1.23251329357835490E-01 9.00294893082246553E-04 -2.32029968457113482E-02 2.50963822356981322E-05 5.86287639098584471E-05
2.59243790E+00 1.23235517921724214E-01 9.06820984036081916E-04 -2.20298274655571086E-02 2.51738821645105260E-05 5.93433258619412217E-05
2.60827192E+00 1.23219581820041016E-01 9.13413480069749867E-04 -2.08481481525284139E-02 2.52518552852740879E-05 6.00711664449021603E-05
2.62410964E+00 1.23203518915684387E-01 9.20073132372949392E-04 -1.96586022427877351E-02 2.53303038263211573E-05 6.08126374493935087E-05
2.63995159E+00 1.23187327009714950E-01 9.26800727622373787E-04 -1.84618285287547514E-02 2.54092304429333446E-05 6.15681029816960102E-05
2.65579835E+00 1.23171003839849469E-01 9.33597089489875023E-04 -1.72584609768152118E-02 2.54886382102916086E-05 6.23379399979704627E-05
2.67164999E+00 1.23154547618053570E-01 9.40462855573945765E-04 -1.60491676432845017E-02 2.55685280047305714E-05 6.31225130894309377E-05
2.68750490E+00 1.23137958292138444E-01 9.47397949834950705E-04 -1.48347412894175076E-02 2.56488924240233576E-05 6.39221126357608687E-05
2.70336367E+00 1.23121233516317666E-01 9.54403262578797291E-04 -1.36158062972713267E-02 2.57297352787977616E-05 6.47371475566570654E-05
2.71922688E+00 1.23104370874231678E-01 9.61479727056207883E-04 -1.23929800100187650E-02 2.58110607403353865E-05 6.55680416419077155E-05
2.73509517E+00 1.23087367878408654E-01 9.68628321277363352E-04 -1.11668728387111262E-02 2.58928733159241500E-05 6.64152342620281044E-05
2.75096916E+00 1.23070221968956062E-01 9.75850069814076615E-04 -9.93808859507551261E-03 2.59751778195328320E-05 6.72791811157922356E-05
2.76684952E+00 1.23052930511982156E-01 9.83146045631987401E-04 -8.70722444416834399E-03 2.60579793383226141E-05 6.81603550216727431E-05
2.78273690E+00 1.23035490797902450E-01 9.90517371969935976E-04 -7.47487088901152303E-03 2.61412831953324723E-05 6.90592467575148295E-05
2.79863200E+00 1.23017900039680744E-01 9.97965224275369290E-04 -6.24161178112961432E-03 2.62250949086414119E-05 6.99763659519632674E-05
2.81453551E+00 1.23000155371022588E-01 1.00549083220191605E-03 -5.00802435668372490E-03 2.63094201472818591E-05 7.09122420310131254E-05
2.83044816E+00 1.22982253844524755E-01 1.01309548167464146E-03 -3.77467930011362749E-03 2.63942646841081662E-05 7.18674252231699703E-05
2.84637023E+00 1.22964192911019204E-01 1.02078031268511391E-03 -2.54217330429478772E-03 2.64796320806104762E-05 7.28424615692847106E-05
2.86229971E+00 1.22945972671279144E-01 1.02854536180812324E-03 -1.31127817613848545E-03 2.65655130923262700E-05 7.38377690748670551E-05
2.87823730E+00 1.22927590044476689E-01 1.03639204014902724E-03 -8.25458878857051204E-05 2.66519130991201007E-05 7.48539533170762501E-05
2.89418377E+00 1.22909041858476120E-01 1.04432182351019099E-03 1.14347913169916501E-03 2.67388373763165216E-05 7.58916446968911233E-05
2.91013987E+00 1.22890324849562249E-01 1.05233625495956980E-03 2.36625954493576958E-03 2.68262910369964472E-05 7.69514997758760817E-05
2.92610637E+00 1.22871435660915268E-01 1.06043694739739241E-03 3.58526471142266677E-03 2.69142789730013534E-05 7.80342026781445772E-05
2.94208406E+00 1.22852370840625488E-01 1.06862558619252672E-03 4.79997049427515875E-03 2.70028057971120631E-05 7.91404665688088746E-05
2.95807372E+00 1.22833126839493378E-01 1.07690393191850866E-03 6.00985905434729250E-03 2.70918757887769372E-05 8.02710352149215459E-05
2.97407616E+00 1.22813700008703647E-01 1.08527382320537050E-03 7.21441864047528674E-03 2.71814928455339619E-05 8.14266846333872436E-05
2.99009219E+00 1.22794086597389177E-01 1.09373717971882035E-03 8.41314336616367890E-03 2.72716604415820862E-05 8.26082248302508447E-05
3.00612195E+00 1.22774283600805972E-01 1.10229563852658262E-03 9.60548229042791808E-03 2.73623777161630852E-05 8.38164495733658110E-05
3.02216342E+00 1.22754290640501224E-01 1.11094974222233477E-03 1.07907326547448407E-02 2.74536309750851855E-05 8.50520183365575174E-05
3.03821744E+00 1.22734103767349376E-01 1.11970161335570441E-03 1.19684105346353244E-02 2.75454219471954027E-05 8.63158363648599126E-05
3.05428485E+00 1.22713718916462849E-01 1.12855346768858948E-03 1.31380379994382145E-02 2.76377518472418434E-05 8.76088498776085475E-05
3.07036650E+00 1.22693131906627395E-01 1.13750761800574494E-03 1.42991425979979471E-02 2.77306213559837218E-05 8.89320482989506493E-05
3.08646324E+00 1.22672338438054723E-01 1.14656647796606030E-03 1.54512571385079858E-02 2.78240305978621074E-05 9.02864665797179048E-05
3.10257594E+00 1.22651334089466824E-01 1.15573256609115705E-03 1.65939194192272245E-02 2.79179791193985387E-05 9.16731876252530634E-05
3.11870547E+00 1.22630114314829758E-01 1.16500850993051398E-03 1.77266719653619391E-02 2.80124658740071053E-05 9.30933448351932213E-05
3.13485268E+00 1.22608674439837154E-01 1.17439705042221435E-03 1.88490617620312509E-02 2.81074892206215842E-05 9.45481247590349748E-05
3.15101845E+00 1.22587009658164423E-01 1.18390104646095358E-03 1.99606399974278231E-02 2.82030469426513898E-05 9.60387698714650583E-05
3.16720051E+00 1.22565119332202141E-01 1.19352159288056985E-03 2.10607474465650396E-02 2.82991175129033367E-05 9.75662800788586860E-05
3.18339917E+00 1.22542999267122546E-01 1.20326140217229933E-03 2.21489141291194222E-02 2.83956941918933289E-05 9.91319430757327377E-05
3.19961533E+00 1.22520644359285960E-01 1.21312365070381676E-03 2.32247137557411339E-02 2.84927732298225752E-05 1.00737162036234211E-04
3.21584990E+00 1.22498049355023300E-01 1.22311165101588468E-03 2.42877235545771210E-02 2.85903505906470277E-05 1.02383406901720501E-04
3.23210378E+00 1.22475208847301648E-01 1.23322885739427499E-03 2.53375242501005966E-02 2.86884220349435902E-05 1.04072217707815103E-04
3.24837787E+00 1.22452117271119820E-01 1.24347887156538422E-03 2.63736998437500252E-02 2.87869831981592660E-05 1.05805208009550957E-04
3.26467307E+00 1.22428768898229831E-01 1.25386544857266974E-03 2.73958373403153724E-02 2.88860296656800324E-05 1.07584068406443560E-04
3.28099029E+00 1.22405157831381242E-01 1.26439250284978615E-03 2.84035264777320259E-02 2.89855570470345959E-05 1.09410570161371916E-04
3.29733042E+00 1.22381277998135307E-01 1.27506411449030787E-03 2.93963594584660294E-02 2.90855610507668839E-05 1.11286568903858435E-04
3.31369119E+00 1.22357127873165286E-01 1.28588242301940414E-03 3.03737407672916918E-02 2.91860180313719699E-05 1.13213629623061643E-04
3.33007286E+00 1.22332702127607898E-01 1.29685134883776847E-03 3.13352402040680753E-02 2.92869200030764614E-05 1.15193680047634531E-04
3.34647636E+00 1.22307994251562302E-01 1.30797543190795803E-03 3.22804711773177627E-02 2.93882634463827683E-05 1.17228818002926852E-04
3.36290261E+00 1.22282997531217172E-01 1.31925940080995460E-03 3.32090483056920668E-02 2.94900452700728167E-05 1.19321238714989214E-04
3.37935253E+00 1.22257705042587622E-01 1.33070817965407861E-03 3.41205876299552416E-02 2.95922629071298271E-05 1.21473238513586723E-04
3.39582706E+00 1.22232109643563305E-01 1.34232689496256502E-03 3.50147064294108398E-02 2.96949144306242465E-05 1.23687218417709439E-04
3.41232710E+00 1.22206203965034108E-01 1.35412088257617262E-03 3.58910229192008767E-02 2.97979986945134126E-05 1.25965687565438386E-04
3.42885357E+00 1.22179980401366503E-01 1.36609569458649737E-03 3.67491559513721464E-02 2.99015154971002105E-05 1.28311266433499895E-04
3.44540737E+00 1.22153431100313445E-01 1.37825710627273012E-03 3.75887247099599212E-02 3.00054657568862192E-05 1.30726689781898112E-04
3.46198560E+00 1.22126554196013690E-01 1.39060826129811877E-03 3.84091588384646646E-02 3.01098276429910533E-05 1.33214228938829065E-04
3.47858910E+00 1.22099341599296515E-01 1.40315524684044186E-03 3.92100914670723555E-02 3.02146043747814755E-05 1.35776798156216950E-04
3.49521882E+00 1.22071784795337049E-01 1.41590445345177781E-03 3.99911590891597890E-02 3.03198013049271109E-05 1.38417442166877629E-04
3.51187569E+00 1.22043874980656539E-01 1.42886251599565737E-03 4.07519966288451135E-02 3.04254254463394682E-05 1.41139324173145120E-04
3.52856063E+00 1.22015603053074781E-01 1.44203631975049415E-03 4.14922379634678970E-02 3.05314855394744265E-05 1.43945725979241707E-04
3.54527456E+00 1.21986959600317524E-01 1.45543300606569060E-03 4.22115155967226832E-02 3.06379921125375277E-05 1.46840047221860072E-04
3.56201839E+00 1.21957934888085054E-01 1.46905997755505360E-03 4.29094603182961012E-02 3.07449575532148364E-05 1.49825803584733230E-04
3.57879304E+00 1.21928518847936568E-01 1.48292490274149098E-03 4.35857008614242494E-02 3.08523962058671687E-05 1.52906623867113747E-04
3.59559855E+00 1.21898702573044762E-01 1.49703500840854715E-03 4.42398305463975877E-02 3.09603190907692646E-05 1.56086084313942055E-04
3.61243274E+00 1.21868480916525884E-01 1.51139583299031823E-03 4.48713608876517289E-02 3.10687250365455122E-05 1.59367404180429110E-04
3.62929656E+00 1.21837842905401325E-01 1.52601574695790799E-03 4.54799335946023883E-02 3.11776352475657214E-05 1.62754460942258355E-04
3.64619093E+00 1.21806777187241838E-01 1.54090338860719692E-03 4.60651855808227803E-02 3.12870734523364649E-05 1.66251215405559835E-04
3.66311677E+00 1.21775272025599235E-01 1.55606766375396819E-03 4.66267492455158181E-02 3.13970660386465270E-05 1.69861701034233992E-04
3.68007500E+00 1.21743315293194057E-01 1.57151774336720062E-03 4.71642529854211304E-02 3.15076421594066858E-05 1.73590011187065512E-04
3.69704388E+00 1.21710938120428644E-01 1.58724192303274407E-03 4.76766282774548494E-02 3.16186855182411862E-05 1.77435082051883474E-04
3.71397925E+00 1.21678217347197970E-01 1.60320600030985309E-03 4.81623043157486733E-02 3.17299330106057736E-05 1.81389934719293266E-04
3.73088450E+00 1.21645140067222296E-01 1.61941894160527343E-03 4.86213197122128404E-02 3.18414334445136547E-05 1.85457883456357098E-04
3.74776287E+00 1.21611693040277066E-01 1.63588979657638468E-03 4.90536644575736563E-02 3.19532372027277938E-05 1.89642192469691238E-04
3.76461751E+00 1.21577862782663318E-01 1.65262770096399176E-03 4.94592969510926558E-02 3.20653963586265488E-05 1.93946060373138010E-04
3.78145142E+00 1.21543635600324010E-01 1.66964186735490071E-03 4.98381586327323184E-02 3.21779647353510813E-05 1.98372600585146927E-04
3.79825813E+00 1.21509017141846615E-01 1.68693184775932608E-03 5.01899734752372442E-02 3.22909347928047654E-05 2.02922246842658096E-04
3.81502420E+00 1.21474028434236048E-01 1.70448930716140070E-03 5.05143806559300995E-02 3.24042529362214774E-05 2.07593070094941735E-04
3.83175320E+00 1.21438655629776501E-01 1.72232307004808712E-03 5.08114295121677509E-02 3.25179811721135211E-05 2.12387426296006793E-04
3.84844863E+00 1.21402884616056514E-01 1.74044196681140016E-03 5.10811370195321177E-02 3.26321829574706342E-05 2.17307502601834092E-04
3.86511388E+00 1.21366701053451834E-01 1.75885482440912822E-03 5.13234956689609043E-02 3.27469231645895125E-05 2.22355298640284981E-04
3.88175230E+00 1.21330090393952456E-01 1.77757044819630539E-03 5.15384789920759270E-02 3.28622679762592026E-05 2.27532605989339345E-04
3.89836716E+00 1.21293037898576442E-01 1.79659759750112565E-03 5.17260416425668057E-02 3.29782847315878303E-05 2.32840987072683328E-04
3.91496163E+00 1.21255528658729170E-01 1.81594495621831991E-03 5.18861194180400206E-02 3.30950417346454644E-05 2.38281754493170216E-04
3.93153885E+00 1.21217547622581731E-01 1.83562109927885592E-03 5.20186291557564739E-02 3.32126080328386437E-05 2.43855951862489073E-04
3.94810187E+00 1.21179079626023575E-01 1.85563445574453011E-03 5.21234681470493649E-02 3.33310531672933861E-05 2.49564337243048508E-04
3.96462960E+00 1.21140166771786767E-01 1.87596348659766063E-03 5.22003847760702869E-02 3.34502729679906453E-05 2.55398797600619120E-04
3.98111834E+00 1.21100812301128957E-01 1.89660633115596778E-03 5.22493371239122553E-02 3.35702842756109709E-05 2.61356491890995244E-04
3.99757119E+00 1.21061003420489657E-01 1.91756909802031934E-03 5.22642099305772323E-02 3.36911521223763071E-05 2.67436641598942993E-04
4.01399127E+00 1.21020727062590122E-01 1.93885772088277621E-03 5.22708176999843732E-02 3.38129410761392850E-05 2.73638234763942754E-04
4.03038176E+00 1.20979969919358304E-01 1.96047795556870226E-03 5.22291728550200937E-02 3.39357149250032306E-05 2.79960049033240138E-04
4.04674585E+00 1.20938718454582178E-01 1.98243537072299554E-03 5.21655887280711300E-02 3.40595362634373160E-05 2.86400675648012550E-04
4.06308679E+00 1.20896958906116889E-01 2.00473533473164486E-03 5.20754386510641210E-02 3.41844659960725909E-05 2.92958544210581990E-04
4.07940787E+00 1.20854677290423013E-01 2.02738299984757267E-03 5.19565526131810090E-02 3.43105627996065824E-05 2.99631947055382702E-04
4.09571242E+00 1.20811859407753797E-01 2.05038328360791344E-03 5.18094447795954816E-02 3.44378825833759465E-05 3.06419062523610036E-04
4.11200381E+00 1.20768490848880375E-01 2.07374084737497154E-03 5.16340190479217323E-02 3.45664779978884366E-05 3.13317976881736821E-04
4.12828547E+00 1.20724557003189861E-01 2.09746007159409111E-03 5.14301648987823684E-02 3.46963980370013637E-05 3.20326705345820063E-04
4.14456085E+00 1.20680043067687287E-01 2.12154502732372040E-03 5.11977575431232304E-02 3.48276877750375554E-05 3.27443213489071164E-04
4.16083346E+00 1.20634934056346885E-01 2.14599944370112879E-03 5.09366652295271394E-02 3.49603882656115129E-05 3.34665441122076633E-04
4.17710389E+00 1.20589199867272942E-01 2.17082016709633455E-03 5.06465721065801067E-02 3.50945008255278522E-05 3.41989357757648764E-04
4.19335105E+00 1.20542911676774431E-01 2.19597265134790012E-03 5.03281855484006349E-02 3.52298585199746524E-05 3.49401929260895010E-04
4.20957870E+00 1.20496061666716281E-01 2.22145809223449906E-03 4.99814317143486217E-02 3.53664867820833716E-05 3.56900923346829444E-04
4.22579073E+00 1.20448638297693852E-01 2.24727713334415451E-03 4.96063253829897230E-02 3.55044063910615608E-05 3.64484254399631178E-04
4.24180713E+00 1.20401184437661110E-01 2.27313186877181128E-03 4.92073338617497469E-02 3.56420483717005001E-05 3.72062812187505716E-04
4.25763730E+00 1.20353694905780531E-01 2.29901986233128951E-03 4.87855664899722596E-02 3.57794258288584799E-05 3.79635030764886047E-04
4.27330269E+00 1.20306124015920821E-01 2.32495882502061282E-03 4.83415766475998668E-02 3.59166524673604879E-05 3.87205718380658620E-04
4.28882264E+00 1.20258428757092556E-01 2.35096422961914931E-03 4.78758120588102451E-02 3.60538220158722968E-05 3.94779442385890719E-04
4.30421457E+00 1.20210569412723095E-01 2.37704936848355357E-03 4.73887011941002689E-02 3.61910085941316451E-05 4.02360484410782310E-04
4.31947387E+00 1.20162574431038657E-01 2.40319074642843635E-03 4.68813342028560343E-02 3.63280866166307127E-05 4.09942728256428631E-04
4.33461388E+00 1.20114415431591112E-01 2.42939538618317658E-03 4.63543105845460393E-02 3.64650871929704314E-05 4.17529118471992396E-04
4.34965064E+00 1.20066053120656421E-01 2.45567567820036354E-03 4.58081020221026217E-02 3.66020673537289644E-05 4.25124212864164857E-04
4.36451713E+00 1.20017721439457090E-01 2.48189814338474479E-03 4.52462342029903292E-02 3.67383266359629735E-05 4.32690508096436242E-04
4.37920065E+00 1.19969483495964341E-01 2.50802209674115713E-03 4.46706964158996925E-02 3.68736555545359391E-05 4.40217399693381924E-04
4.39372397E+00 1.19921283361623041E-01 2.53406979684465223E-03 4.40821399480768247E-02 3.70081758090575743E-05 4.47712345712416389E-04
4.40810753E+00 1.19873068688409995E-01 2.56006057663088265E-03 4.34812043360738656E-02 3.71419969939200954E-05 4.55181826905337150E-04
4.42236968E+00 1.19824791134116690E-01 2.58601100986020384E-03 4.28685865573889269E-02 3.72752171999741569E-05 4.62631415008393180E-04
4.43652680E+00 1.19776406323419363E-01 2.61193502806751372E-03 4.22450643410661741E-02 3.74079225677227402E-05 4.70065829179228296E-04
4.45059353E+00 1.19727873622620468E-01 2.63784403909594293E-03 4.16115127869895324E-02 3.75401864263548999E-05 4.77488994079048657E-04
4.46458292E+00 1.19679155816717009E-01 2.66374706757100971E-03 4.09689181985601822E-02 3.76720688566671818E-05 4.84904101737593750E-04
4.47850665E+00 1.19630218719307110E-01 2.68965092270041957E-03 4.03183890195192365E-02 3.78036173961320321E-05 4.92313674233740427E-04
4.49237518E+00 1.19581030732520383E-01 2.71556038995665258E-03 3.96611638814526185E-02 3.79348690799580164E-05 4.99719625964068913E-04
4.50619794E+00 1.19531562375795680E-01 2.74147843726174709E-03 3.89986168441709691E-02 3.80658533885781694E-05 5.07123329464972180E-04
4.51997457E+00 1.19481818869321826E-01 2.76738961118641082E-03 3.83326899925634929E-02 3.81965104597733394E-05 5.14520895634876349E-04
4.53366413E+00 1.19431956311222290E-01 2.79320203062881746E-03 3.76674021061318628E-02 3.83264009893564709E-05 5.21886678466907165E-04
4.54728825E+00 1.19381902442300777E-01 2.81894092985099723E-03 3.70038844164075481E-02 3.84556813906462893E-05 5.29228502024391861E-04
4.56086920E+00 1.19331578281853742E-01 2.84463272190564435E-03 3.63432501814418066E-02 3.85845159127764842E-05 5.36554556394449027E-04
4.57442973E+00 1.19280899562974343E-01 2.87030458083319508E-03 3.56866887084031914E-02 3.87130733028359829E-05 5.43873288169544381E-04
4.58799291E+00 1.19229777722095018E-01 2.89598390514717811E-03 3.50354851969217271E-02 3.88415236519449290E-05 5.51193263540963527E-04
4.60151652E+00 1.19178374273074900E-01 2.92157473399701955E-03 3.43941472215246596E-02 3.89694204790173941E-05 5.58488014284671424E-04
4.61500945E+00 1.19126658120911125E-01 2.94707747711839491E-03 3.37647530542055582E-02 3.90968015503795297E-05 5.65758680641141403E-04
4.62848076E+00 1.19074595709828909E-01 2.97249251864480958E-03 3.31493793462105044E-02 3.92237073551234092E-05 5.73006527075286881E-04
4.64192866E+00 1.19022195327947056E-01 2.99779973121048733E-03 3.25506539322016758E-02 3.93500809675623880E-05 5.80226939085054278E-04
4.65534066E+00 1.18969508751656142E-01 3.02295923849046477E-03 3.19716415089911776E-02 3.94757741812477386E-05 5.87409225928342874E-04
4.66871787E+00 1.18916534908550198E-01 3.04795724805691486E-03 3.14146973796752341E-02 3.96007785089279033E-05 5.94549075810316130E-04
4.68206189E+00 1.18863270777977398E-01 3.07278138432276601E-03 3.08820657153164660E-02 3.97251037057956904E-05 6.01640884143831898E-04
4.69537475E+00 1.18809711361363729E-01 3.09742101067608019E-03 3.03758707775611640E-02 3.98487817025803602E-05 6.08677460549458663E-04
4.70865899E+00 1.18755849643009545E-01 3.12186748144150598E-03 2.98980875646838486E-02 3.99718703332687389E-05 6.15650231201524427E-04
4.72191757E+00 1.18701676607973650E-01 3.14611430141571160E-03 2.94505241166959954E-02 4.00944532690281928E-05 6.22549979212562942E-04
4.73515389E+00 1.18647181335600913E-01 3.17015716189815487E-03 2.90348062109249544E-02 4.02166332321798902E-05 6.29367831769669451E-04
4.74837168E+00 1.18592351180019387E-01 3.19399383231467639E-03 2.86523642599498356E-02 4.03385207420232656E-05 6.36095980267858897E-04
4.76157493E+00 1.18537172041760772E-01 3.21762390835742202E-03 2.83044221280090574E-02 4.04602242645096005E-05 6.42727713769427841E-04
4.77476785E+00 1.18481628718549004E-01 3.24104844256252423E-03 2.79919877046238309E-02 4.05818464887428937E-05 6.49256725122693626E-04
4.78795474E+00 1.18425705303450174E-01 3.26426950320368682E-03 2.77158452813267529E-02 4.07034882757896125E-05 6.55676050225157585E-04
4.80113992E+00 1.18369385584989231E-01 3.28728971500728438E-03 2.74765500816517259E-02 4.08252586634494475E-05 6.61977194534536600E-04
4.81432766E+00 1.18312653404402057E-01 3.31011182780915686E-03 2.72744257691226212E-02 4.09472848433377183E-05 6.68149957352741071E-04
4.82752210E+00 1.18255492942267032E-01 3.33273834239078675E-03 2.71095665280067268E-02 4.10697012488010749E-05 6.74183230476193217E-04
4.84072720E+00 1.18197888951891761E-01 3.35517120977138830E-03 2.69818467129833844E-02 4.11925906477390462E-05 6.80066638373024585E-04
4.85394670E+00 1.18139827016043100E-01 3.37741161954216093E-03 2.68909417043705912E-02 4.13159264156902481E-05 6.85792399305418222E-04
4.86718411E+00 1.18081293840215026E-01 3.39945988297403467E-03 2.68363264279540027E-02 4.14396041395152166E-05 6.91356566033104027E-04
4.88044268E+00 1.18022277435384987E-01 3.42131539171497108E-03 2.68285546567891692E-02 4.15635209386309114E-05 6.96759168867029112E-04
4.89372545E+00 1.17962767072629288E-01 3.44297663760930166E-03 2.68224982344380664E-02 4.16876203730327867E-05 7.02003401307215087E-04
4.90703530E+00 1.17902753043868505E-01 3.46444130448987295E-03 2.68399578745011358E-02 4.18118960523066911E-05 7.07094361920480581E-04
4.92037496E+00 1.17842226305417921E-01 3.48570644562050001E-03 2.69835515721470916E-02 4.19363662141147375E-05 7.12037885654986957E-04
4.93374712E+00 1.17781178072050643E-01 3.50676874818229949E-03 2.70571921798416389E-02 4.20610383940192152E-05 7.16839734374544071E-04
4.94715451E+00 1.17719599416516413E-01 3.52762486885148559E-03 2.72058823469276505E-02 4.21858923328546987E-05 7.21505178409101834E-04
4.96059994E+00 1.17657480855431373E-01 3.54827180496639343E-03 2.73671345500500242E-02 4.23108830500002077E-05 7.26039001724589268E-04
4.97408645E+00 1.17594811940755037E-01 3.56870725276737383E-03 2.75586785990548887E-02 4.24359482722988353E-05 7.30445970890503766E-04
4.98761734E+00 1.17531580853901779E-01 3.58892990506605794E-03 2.77729989898234837E-02 4.25610141785535216E-05 7.34731627225762834E-04
5.00119627E+00 1.17467774028787469E-01 3.60893965432941425E-03 2.80100696377791857E-02 4.26859990578819980E-05 7.38903011647921624E-04
5.01482727E+00 1.17403375822908579E-01 3.62873768842020272E-03 2.82681748486325948E-02 4.28108178867873273E-05 7.42968827208048254E-04
5.02851486E+00 1.17338368249395877E-01 3.64832648973821257E-03 2.85460994550789000E-02 4.29353920304123931E-05 7.46938726133402156E-04
5.04226401E+00 1.17272730769254402E-01 3.66770976610517269E-03 2.88426987778609215E-02 4.30596632650634458E-05 7.50821845314000261E-04
5.05608018E+00 1.17206440134092038E-01 3.68689234885419357E-03 2.91570079892182546E-02 4.31836106057181853E-05 7.54625165422492957E-04
5.06996933E+00 1.17139470268562654E-01 3.70588008999393325E-03 2.94882395683500123E-02 4.33072680620426870E-05 7.58352464002059220E-04
5.08392616E+00 1.17071849053872634E-01 3.72466413393163524E-03 2.98355152747737280E-02 4.34306268422705706E-05 7.62001416510816069E-04
5.09792230E+00 1.17003717138339541E-01 3.74320656962032769E-03 3.01975049847081727E-02 4.35535083495787687E-05 7.65562323870089072E-04
5.11194236E+00 1.16935153533475084E-01 3.76148955952281330E-03 3.05732380448256111E-02 4.36758354931711390E-05 7.69029495554422108E-04
5.12593856E+00 1.16866397027841434E-01 3.77945615892009415E-03 3.09609910314229998E-02 4.37972254732450086E-05 7.72391284532585520E-04
5.13992240E+00 1.16797396932313197E-01 3.79712853761045343E-03 3.13606300217829578E-02 4.39177929616725476E-05 7.75652641723119027E-04
5.15390471E+00 1.16728104135062252E-01 3.81452800121167808E-03 3.17722289507904668E-02 4.40376190547408784E-05 7.78818849903623630E-04
5.16789540E+00 1.16658472115341777E-01 3.83167504634486598E-03 3.21960037901358118E-02 4.41567604817917180E-05 7.81894192337294195E-04
5.18190333E+00 1.16588457950091096E-01 3.84858948697463284E-03 3.26322647470078178E-02 4.42752386435499681E-05 7.84881257313009085E-04
5.19592202E+00 1.16518093926902627E-01 3.86527395100515680E-03 3.30809476537609476E-02 4.43929483267580411E-05 7.87778553680181393E-04
5.20995869E+00 1.16447342920602964E-01 3.88174919443448358E-03 3.35424414149209510E-02 4.45099726897102408E-05 7.90588102935019287E-04
5.22402092E+00 1.16376164559799433E-01 3.89803764361105814E-03 3.40172124079807930E-02 4.46264296007643142E-05 7.93314269521202924E-04
5.23811469E+00 1.16304524895627773E-01 3.91416119023894719E-03 3.45057221528352887E-02 4.47424521639888678E-05 7.95965319585138884E-04
5.25224442E+00 1.16232396645724143E-01 3.93014120514978676E-03 3.50083982941915492E-02 4.48580927083226571E-05 7.98554872688509712E-04
5.26641297E+00 1.16159759027443799E-01 3.94599855016559975E-03 3.55256150404568288E-02 4.49733620682339264E-05 8.01102033809442376E-04
5.28062184E+00 1.16086597124474888E-01 3.96175358268523008E-03 3.60576798523719738E-02 4.50881822242031469E-05 8.03629991225946307E-04
5.29487140E+00 1.16012900851185652E-01 3.97742617353431978E-03 3.66048262019449816E-02 4.52023494297940041E-05 8.06163855471461179E-04
5.30916125E+00 1.15938663593509822E-01 3.99303577038161508E-03 3.71672127729488072E-02 4.53157224128639203E-05 8.08728536774180212E-04
5.32346973E+00 1.15863989011888158E-01 4.00857892966421415E-03 3.77441115961721432E-02 4.54280557925394721E-05 8.11343129572917026E-04
5.33780098E+00 1.15788847714759877E-01 4.02408022050621764E-03 3.83356725739533652E-02 4.55393903309718551E-05 8.14027740823311812E-04
5.35216029E+00 1.15713204213647280E-01 4.03956465793870421E-03 3.89420707741666011E-02 4.56498561079424816E-05 8.16798061905020046E-04
5.36655215E+00 1.15637026904221160E-01 4.05505545239772790E-03 3.95634260846573077E-02 4.57596182282372601E-05 8.19664796579284960E-04
5.38098053E+00 1.15560287205449919E-01 4.07057409679213202E-03 4.01997996246688249E-02 4.58688473586333828E-05 8.22634430626339205E-04
5.39544906E+00 1.15482956291372812E-01 4.08614165977613623E-03 4.08514867008389904E-02 4.59776689442114697E-05 8.25710835036255536E-04
5.40996131E+00 1.15405009479474338E-01 4.10177578151109390E-03 4.15179564799129791E-02 4.60861492107191982E-05 8.28895496337044772E-04
5.42452099E+00 1.15326421222303258E-01 4.11749352725400506E-03 4.21993871919817687E-02 4.61943588889631427E-05 8.32189033298324924E-04
5.43913208E+00 1.15247164349304487E-01 4.13331115584018166E-03 4.28957258963320390E-02 4.63023764882740534E-05 8.35591653770418447E-04
5.45379899E+00 1.15167209656861225E-01 4.14924429511173785E-03 4.36069166760392618E-02 4.64103267631107486E-05 8.39103732043548181E-04
5.46852651E+00 1.15086525741346410E-01 4.16530823508000966E-03 4.43329055641266540E-02 4.65183732585163642E-05 8.42726462130780280E-04
5.48331974E+00 1.15005079238912039E-01 4.18151825091690656E-03 4.50736407225171415E-02 4.66266463148813041E-05 8.46462164000165310E-04
5.49812527E+00 1.14923160155765980E-01 4.19782521772019135E-03 4.58261522022712017E-02 4.67347760683307030E-05 8.50298338801161913E-04
5.51293773E+00 1.14840797310692716E-01 4.21423259490899711E-03 4.65896489808695427E-02 4.68426880468275779E-05 8.54233432328505601E-04
5.52775817E+00 1.14757984207435854E-01 4.23075132316455896E-03 4.73636748852427486E-02 4.69503508481782444E-05 8.58266156729484099E-04
5.54258442E+00 1.14674732004136679E-01 4.24738930542514423E-03 4.81476188164408764E-02 4.70577941740671804E-05 8.62392541623351115E-04
5.55741213E+00 1.14591064240581506E-01 4.26415241799813979E-03 4.89407352996472991E-02 4.71651885089033993E-05 8.66606081283769554E-04
5.57224233E+00 1.14506973848016197E-01 4.28105293028546111E-03 4.97425401309331966E-02 4.72728160818543125E-05 8.70900770350144324E-04
5.58707606E+00 1.14422453306784910E-01 4.29810315711043594E-03 5.05525450147956551E-02 4.73808409488139863E-05 8.75270902303320209E-04
5.60191435E+00 1.14337494719667337E-01 4.31531508729628144E-03 5.13702527173720142E-02 4.74893187266820426E-05 8.79711702243425879E-04
5.61675818E+00 1.14252089892653591E-01 4.33269999908248316E-03 5.21951555786894367E-02 4.75983089724927534E-05 8.84219063490745646E-04
5.63160855E+00 1.14166230377806793E-01 4.35026811957627945E-03 5.30267362329937333E-02 4.77079352344924996E-05 8.88789134736635441E-04
5.64646640E+00 1.14079907471445474E-01 4.36802837175638906E-03 5.38644689070577887E-02 4.78183486379414146E-05 8.93418745970630092E-04
5.66133263E+00 1.13993112175107478E-01 4.38598823108970939E-03 5.47078212504109318E-02 4.79296697035573480E-05 8.98106693572281716E-04
5.67620810E+00 1.13905835138797290E-01 4.40415369713283416E-03 5.55562568010885341E-02 4.80419545119809463E-05 9.02855100031808183E-04
5.69109359E+00 1.13818066611411736E-01 4.42252938134017094E-03 5.64092378806981751E-02 4.81552069389506917E-05 9.07670309041133465E-04
5.70598981E+00 1.13729796425865795E-01 4.44111871569506569E-03 5.72662288116191423E-02 4.82693294539675603E-05 9.12563300152994389E-04
5.72089739E+00 1.13641014039809821E-01 4.45992428477206670E-03 5.81266995628953384E-02 4.83840684419653550E-05 9.17549213431272581E-04
5.73581688E+00 1.13551708615782176E-01 4.47894826967721801E-03 5.89901297624581822E-02 4.84991318034358728E-05 9.22645593334621710E-04
5.75074871E+00 1.13461869096718071E-01 4.49819297921383657E-03 5.98560128496466032E-02 4.86143550000036492E-05 9.27869847083347154E-04
5.76569324E+00 1.13371484234272998E-01 4.51766142700063371E-03 6.07238601537849546E-02 4.87296414354003465E-05 9.33237126541407950E-04
5.78065074E+00 1.13280542568467535E-01 4.53735789092260793E-03 6.15932046070314376E-02 4.88449660364447829E-05 9.38759584968254230E-04
5.79562139E+00 1.13189032380323532E-01 4.55728836935813484E-03 6.24636036642643999E-02 4.89604275307412498E-05 9.44447002781069705E-04
5.81060532E+00 1.13096941649216284E-01 4.57746084485575154E-03 6.33346416410081048E-02 4.90759398705373209E-05 9.50308155596473608E-04
5.82560258E+00 1.13004258081903383E-01 4.59788528152642317E-03 6.42059318921919392E-02 4.91912497083236432E-05 9.56352194020129980E-04
5.84059997E+00 1.12911051920983413E-01 4.61855500893021582E-03 6.50763679589637239E-02 4.93059823183449828E-05 9.62584295816379582E-04
5.85556469E+00 1.12817518688509560E-01 4.63943602308792939E-03 6.59437572093139746E-02 4.94197579972296356E-05 9.69003407043898335E-04
5.87053762E+00 1.12723393613241518E-01 4.66059589101012941E-03 6.68101018010644754E-02 4.95329633568406831E-05 9.75644547439085286E-04
5.88556333E+00 1.12628381713475445E-01 4.68210746549491564E-03 6.76777126627638864E-02 4.96460026840486268E-05 9.82552730184904329E-04
5.90049269E+00 1.12533421344862911E-01 4.70376095238476347E-03 6.85380084275838825E-02 4.97577518210372478E-05 9.89686005090206289E-04
5.91531353E+00 1.12438596709665675E-01 4.72553264569950358E-03 6.93899883353863850E-02 4.98681383518072556E-05 9.97060398966881584E-04
5.93007389E+00 1.12343604199540259E-01 4.74748004031685239E-03 7.02362126181564489E-02 4.99774281728136035E-05 1.00471865539213112E-03
5.94482360E+00 1.12248121076230306E-01 4.76965797222014560E-03 7.10794032077813609E-02 5.00857637409420363E-05 1.01269900339606331E-03
5.95938371E+00 1.12153317047416642E-01 4.79176864839451697E-03 7.19095231877457941E-02 5.01917799923095386E-05 1.02089547286193078E-03
5.97377191E+00 1.12059099512143906E-01 4.81380177700275851E-03 7.27273054702450711E-02 5.02957223810442160E-05 1.02928479828981304E-03
5.98801900E+00 1.11965285631998188E-01 4.83576409871059806E-03 7.35344310155454789E-02 5.03978431063322927E-05 1.03784144746537125E-03
6.00214125E+00 1.11871784908264160E-01 4.85763842749612016E-03 7.43317659757117971E-02 5.04982250310176135E-05 1.04653049562815131E-03
6.01615280E+00 1.11778519779753283E-01 4.87940373333377655E-03 7.51200220715748795E-02 5.05969874147096566E-05 1.05532062107437574E-03
6.03008105E+00 1.11685321793761352E-01 4.90106015408207831E-03 7.59006192818644371E-02 5.06942977636832436E-05 1.06419536637932985E-03
6.04395042E+00 1.11592039063103790E-01 4.92260432231045406E-03 7.66747972837255876E-02 5.07902442120065131E-05 1.07313843567945514E-03
6.05778295E+00 1.11498532017263813E-01 4.94403102769408291E-03 7.74436341907417530E-02 5.08849877989990600E-05 1.08212714334526752E-03
6.07159910E+00 1.11404668863821443E-01 4.96533489486720991E-03 7.82080873151384387E-02 5.09787927287722929E-05 1.09113032198105472E-03
6.08541840E+00 1.11310320779177963E-01 4.98651193472740735E-03 7.89690333006478756E-02 5.10719309436722136E-05 1.10011222167072354E-03
6.09923108E+00 1.11215558120812755E-01 5.00751666504306581E-03 7.97257491893212794E-02 5.11644840888416782E-05 1.10901933586338370E-03
6.11292384E+00 1.11121168944697160E-01 5.02815310180390086E-03 8.04719848782040614E-02 5.12560419176098100E-05 1.11773662483694264E-03
6.12652324E+00 1.11026984561546957E-01 5.04844480869946245E-03 8.12088868589990742E-02 5.13471670559277474E-05 1.12624366441338680E-03
6.14005360E+00 1.10932846257770501E-01 5.06841501819428348E-03 8.19376551226458638E-02 5.14376573157054217E-05 1.13451857287206743E-03
6.15353772E+00 1.10838602575174403E-01 5.08808765804242419E-03 8.26593771620416085E-02 5.15275803351234523E-05 1.14253780190066902E-03
6.16699759E+00 1.10744104702378429E-01 5.10748802930514195E-03 8.33750879960972330E-02 5.16172151230902845E-05 1.15028187665885528E-03
6.18045510E+00 1.10649201669360542E-01 5.12664328688268792E-03 8.40858059042966788E-02 5.17067818533636909E-05 1.15774346318586784E-03
6.19393260E+00 1.10553735992651586E-01 5.14558270622639778E-03 8.47925620888392989E-02 5.17963017768382429E-05 1.16493137087284732E-03
6.20745347E+00 1.10457540066085616E-01 5.16433781619204599E-03 8.54964248418012968E-02 5.18857326939530376E-05 1.17186832039838334E-03
6.22099116E+00 1.10360800922639182E-01 5.18287248463885665E-03 8.61959425020148856E-02 5.19747829956831094E-05 1.17856020916541865E-03
6.23453792E+00 1.10263574012682913E-01 5.20118010913545644E-03 8.68905909223955386E-02 5.20633793424237512E-05 1.18502585058415555E-03
6.24811821E+00 1.10165682920657523E-01 5.21930005888215053E-03 8.75814960259121839E-02 5.21517558377705077E-05 1.19129352765244946E-03
6.26175659E+00 1.10066946200181426E-01 5.23727321321290542E-03 8.82698058217856740E-02 5.22401763836590632E-05 1.19737898012016062E-03
6.27547808E+00 1.09967174674631962E-01 5.25514295370203312E-03 8.89566593827419427E-02 5.23289584197717867E-05 1.20328371364667916E-03
6.28930854E+00 1.09866168491182220E-01 5.27295602582533458E-03 8.96432082810677683E-02 5.24185664920943687E-05 1.20899687082349052E-03
6.30327504E+00 1.09763713727550838E-01 5.29076310413225878E-03 9.03306301901614234E-02 5.25094783036906282E-05 1.21450231535390153E-03
6.31740637E+00 1.09659578509574890E-01 5.30861914454858804E-03 9.10201464093242790E-02 5.26018949439372355E-05 1.21979054954079189E-03
6.33173371E+00 1.09553508429129420E-01 5.32658362157399212E-03 9.17130471923943980E-02 5.26956870499727641E-05 1.22487295466347209E-03
6.34629145E+00 1.09445220283338696E-01 5.34472054535158666E-03 9.24107254150410284E-02 5.27909533069713212E-05 1.22979509558224188E-03
6.36095949E+00 1.09335583874684131E-01 5.36290059544752666E-03 9.31074642802502128E-02 5.28870428054258539E-05 1.23458884663447109E-03
6.37572215E+00 1.09224703124335562E-01 5.38112475858831471E-03 9.38022256087194806E-02 5.29838136410883123E-05 1.23934549333027028E-03
6.39059892E+00 1.09112419245396330E-01 5.39943419121070075E-03 9.44957548583924140E-02 5.30808770790904130E-05 1.24415884126596226E-03
6.40561171E+00 1.08998553431243955E-01 5.41786843361394526E-03 9.51888950516851379E-02 5.31779229900331810E-05 1.24908816440468537E-03
6.42076368E+00 1.08883068062090485E-01 5.43644010901372064E-03 9.58816205085456785E-02 5.32750792275973566E-05 1.25414117534706116E-03
6.43593823E+00 1.08766846652402771E-01 5.45501242815495373E-03 9.65686750956429446E-02 5.33720051002469696E-05 1.25924727083402449E-03
6.45109455E+00 1.08650208705035473E-01 5.47354209015751218E-03 9.72480498794776188E-02 5.34687594675377787E-05 1.26434277333490924E-03
6.46623176E+00 1.08533171122889460E-01 5.49203481792328880E-03 9.79196309847331636E-02 5.35654992171578529E-05 1.26937544824731719E-03
6.48134915E+00 1.08415749043907633E-01 5.51049607016700603E-03 9.85833674814911298E-02 5.36624691055437460E-05 1.27429921718264188E-03
6.49644619E+00 1.08297956357481462E-01 5.52893069317070187E-03 9.92392127894942550E-02 5.37602357358441619E-05 1.27908163212785142E-03
6.51152239E+00 1.08179806320825064E-01 5.54734225303081963E-03 9.98871257791664330E-02 5.38594479857877555E-05 1.28371421230523137E-03
6.52657728E+00 1.08061312178730662E-01 5.56573224688172458E-03 1.00527066625107894E-01 5.39601068747192237E-05 1.28822274455112486E-03
6.54161031E+00 1.07942487966611336E-01 5.58409976672887866E-03 1.01158993987913656E-01 5.40615255268750718E-05 1.29267103001846971E-03
6.55662082E+00 1.07823349500775767E-01 5.60244170071291965E-03 1.01782862133640503E-01 5.41629117643839306E-05 1.29715154787209933E-03
6.57160793E+00 1.07703915362024782E-01 5.62075316825768646E-03 1.02398618973337088E-01 5.42636477244931128E-05 1.30175761319498129E-03
6.58657056E+00 1.07584207700846382E-01 5.63902801982940627E-03 1.03006205122830874E-01 5.43633601471968698E-05 1.30654819050759542E-03
6.60150737E+00 1.07464252607522431E-01 5.65725902010524601E-03 1.03605553533211450E-01 5.44619852937126389E-05 1.31152733615880071E-03
6.61641678E+00 1.07344079921177615E-01 5.67543754616574823E-03 1.04196589726576846E-01 5.45598953934391185E-05 1.31664678397000337E-03
6.63129697E+00 1.07223722553202172E-01 5.69355299352259075E-03 1.04779235410552882E-01 5.46578010584287797E-05 1.32183092611487334E-03
6.64614593E+00 1.07103215621313724E-01 5.71159216110964183E-03 1.05353415702245268E-01 5.47561063834776926E-05 1.32700916789847711E-03
6.66096147E+00 1.06982595608074660E-01 5.72953855890364922E-03 1.05919068670913413E-01 5.48545680154022988E-05 1.33213157877141520E-03
6.67574133E+00 1.06861899623750839E-01 5.74737156808061839E-03 1.06476155500521821E-01 5.49526796290351769E-05 1.33715738853885610E-03
6.69048323E+00 1.06741164674113931E-01 5.76506575229540630E-03 1.07024668672259252E-01 5.50501512645421820E-05 1.34203863816867767E-03
6.70518492E+00 1.06620426739179097E-01 5.78259052659903759E-03 1.07564638010084423E-01 5.51476103134639843E-05 1.34673003951457215E-03
6.71984428E+00 1.06499719138777732E-01 5.79990939784822031E-03 1.08096134995046875E-01 5.52458381469765161E-05 1.35123433198743145E-03
6.73445939E+00 1.06379071662215649E-01 5.81698075542125010E-03 1.08619276789581387E-01 5.53439385561213732E-05 1.35562355083188295E-03
6.74902856E+00 1.06258511811703954E-01 5.83376283987955147E-03 1.09134238983241996E-01 5.54409041987696344E-05 1.35997667208718836E-03
6.76355040E+00 1.06138064688169637E-01 5.85021798476599401E-03 1.09641261507162718E-01 5.55360864926149686E-05 1.36430699438964856E-03
6.77802388E+00 1.06017752268074944E-01 5.86631623606217491E-03 1.10140647790587048E-01 5.56290356324880682E-05 1.36854561076160046E-03
6.79244830E+00 1.05897592759970807E-01 5.88203813955715665E-03 1.10632762747727126E-01 5.57195805304382349E-05 1.37258753536420369E-03
6.80682334E+00 1.05777599704812722E-01 5.89737559415902217E-03 1.11118025777223475E-01 5.58076141522408390E-05 1.37635664831385575E-03
6.82114904E+00 1.05657780991080100E-01 5.91233068863545718E-03 1.11596905902688309E-01 5.58931836426915840E-05 1.37983922462032180E-03
6.83542583E+00 1.05538138190712213E-01 5.92691309490423791E-03 1.12069922329295940E-01 5.59767463114341617E-05 1.38307378178042064E-03
6.84965445E+00 1.05418666651942827E-01 5.94113746319315742E-03 1.12537648670964621E-01 5.60589577109222155E-05 1.38611956572487786E-03
6.86383599E+00 1.05299356529405710E-01 5.95502292039221288E-03 1.13000719404297997E-01 5.61401442410928801E-05 1.38902397637185194E-03
6.87797182E+00 1.05180193838369448E-01 5.96859423279783724E-03 1.13459832434307864E-01 5.62203682831386117E-05 1.39181064083428630E-03
6.89206361E+00 1.05061160600285586E-01 5.98188196134040191E-03 1.13915740540891763E-01 5.62993945111535672E-05 1.39449733013878021E-03
6.90611328E+00 1.04942234915382099E-01 5.99492157563329565E-03 1.14369236006359953E-01 5.63763686698181068E-05 1.39710882091862343E-03
6.92012302E+00 1.04823391468486404E-01 6.00775197857201723E-03 1.14821135837187671E-01 5.64506920544329490E-05 1.39966866210548997E-03
6.93409449E+00 1.04704608399003252E-01 6.02041258523874044E-03 1.15272249868403648E-01 5.65229396367460140E-05 1.40219754050235988E-03
6.94801891E+00 1.04585952509026678E-01 6.03293192972609998E-03 1.15723075910081796E-01 5.65939136822407859E-05 1.40473149931406925E-03
6.96189794E+00 1.04467401755868244E-01 6.04534510832662516E-03 1.16174404360941147E-01 5.66639228819582823E-05 1.40733135059536042E-03
6.97573356E+00 1.04348931604278605E-01 6.05768433364921744E-03 1.16627054896542570E-01 5.67329996887198918E-05 1.41005017081166292E-03
6.98952805E+00 1.04230515296952320E-01 6.06997957467413606E-03 1.17081851616051558E-01 5.68012523528694431E-05 1.41290055724516638E-03
7.00328398E+00 1.04112123922132663E-01 6.08225930426214718E-03 1.17539616472801894E-01 5.68684530869402927E-05 1.41585256542135773E-03
7.01700426E+00 1.03993727014729795E-01 6.09455126902291085E-03 1.18001157723638658E-01 5.69346665162957083E-05 1.41885326856995455E-03
7.03069209E+00 1.03875292839397365E-01 6.10688244432586440E-03 1.18467264775436940E-01 5.70004423561428349E-05 1.42186188035790741E-03
7.04435102E+00 1.03756787685371749E-01 6.11927773751086163E-03 1.18938709743547116E-01 5.70659215902747462E-05 1.42488906717099136E-03
7.05798495E+00 1.03638175205087155E-01 6.13175953962558345E-03 1.19416248270687961E-01 5.71311109917706372E-05 1.42798813640790433E-03
7.07159813E+00 1.03519416252002547E-01 6.14434994705436062E-03 1.19900623780235624E-01 5.71963724617827017E-05 1.43119670149183600E-03
7.08519520E+00 1.03400467938110183E-01 6.15707320933666074E-03 1.20392569997563398E-01 5.72623131947799064E-05 1.43451425189377972E-03
7.09878124E+00 1.03281282144985248E-01 6.16995725384593928E-03 1.20892812479571524E-01 5.73288144107424552E-05 1.43792754384166471E-03
7.11236174E+00 1.03161804670365911E-01 6.18303437850910558E-03 1.21402071322333313E-01 5.73959610466928647E-05 1.44143800330625562E-03
7.12594268E+00 1.03041974684168619E-01 6.19633966378118663E-03 1.21921060719006977E-01 5.74646686630750480E-05 1.44508573422270198E-03
7.13953054E+00 1.02921724603526013E-01 6.20990725015191456E-03 1.22450483650625844E-01 5.75339995019118384E-05 1.44896552353319919E-03
7.15313231E+00 1.02800982887107734E-01 6.22376896226121013E-03 1.22991034964109180E-01 5.76027529167932244E-05 1.45317121340826617E-03
7.16675552E+00 1.02679675402693044E-01 6.23795182376010292E-03 1.23543407389431079E-01 5.76709825288601737E-05 1.45771937269576456E-03
7.18040827E+00 1.02557724842031947E-01 6.25247710614506430E-03 1.24108302630027645E-01 5.77394349004772546E-05 1.46252705951027684E-03
7.19409922E+00 1.02435049495299108E-01 6.26736253265632298E-03 1.24686441094415928E-01 5.78091165000812105E-05 1.46746831495796377E-03
7.20783762E+00 1.02311561906312673E-01 6.28262607343166302E-03 1.25278565389022101E-01 5.78804507885572001E-05 1.47246383930389572E-03
7.22163327E+00 1.02187167902504802E-01 6.29828925836278808E-03 1.25885441183422209E-01 5.79534395862716113E-05 1.47753509678869650E-03
7.23549654E+00 1.02061766196168996E-01 6.31437858801340776E-03 1.26507855938108871E-01 5.80270592056016490E-05 1.48278413390025895E-03
7.24943831E+00 1.01935249317423898E-01 6.33092580392568844E-03 1.27146618510026149E-01 5.81008295486298777E-05 1.48830476160321428E-03
7.26345983E+00 1.01807596674089854E-01 6.34795461778574904E-03 1.27802110713657879E-01 5.81754242424663027E-05 1.49409346624090195E-03
7.27755819E+00 1.01678825112438989E-01 6.36548585653642311E-03 1.28474459708003114E-01 5.82517378310025416E-05 1.50003583464789966E-03
7.29174471E+00 1.01548818443459851E-01 6.38356171233182574E-03 1.29164373848558223E-01 5.83315556039125423E-05 1.50598084616282869E-03
7.30603113E+00 1.01417451615642459E-01 6.40223013672803262E-03 1.29872616935616747E-01 5.84163491279691879E-05 1.51184959581688498E-03
7.32042947E+00 1.01284591152543846E-01 6.42154415623028777E-03 1.30599988345117601E-01 5.85051485798416569E-05 1.51770186661806029E-03
7.33494067E+00 1.01150201585044050E-01 6.44154465083208397E-03 1.31346770176275524E-01 5.85965153981252328E-05 1.52369914751966326E-03
7.34950787E+00 1.01014786360695927E-01 6.46218971016481250E-03 1.32110334874417645E-01 5.86890990408273379E-05 1.52999510453590568E-03
7.36409460E+00 1.00878666348747509E-01 6.48345939622286139E-03 1.32888675276748136E-01 5.87824309665556084E-05 1.53665615709730886E-03
7.37853863E+00 1.00743354882368755E-01 6.50513906862252439E-03 1.33673203779452743E-01 5.88761611662341568E-05 1.54357229945827935E-03
7.39292299E+00 1.00608068528659972E-01 6.52737311655452509E-03 1.34467147511143498E-01 5.89712463058082026E-05 1.55072468035679441E-03
7.40733411E+00 1.00471970443208630E-01 6.55032668300646777E-03 1.35274783701022999E-01 5.90681149659514495E-05 1.55816117312847246E-03
7.42174049E+00 1.00335332711550554E-01 6.57398520324971487E-03 1.36094562941759339E-01 5.91662427906981591E-05 1.56592628166738411E-03
7.43605206E+00 1.00198998289563052E-01 6.59822583397598906E-03 1.36921300919268213E-01 5.92647574700861735E-05 1.57402429258381138E-03
7.45037130E+00 1.00061973345056329E-01 6.62324250207835859E-03 1.37759873158937701E-01 5.93642548402738727E-05 1.58250706735579795E-03
7.46480534E+00 9.99231969039629103E-02 6.64925152080023726E-03 1.38616221547643220E-01 5.94663407525725373E-05 1.59136817268712839E-03
7.47935442E+00 9.97826254774982352E-02 6.67628687801994844E-03 1.39490728022632238E-01 5.95722274394484578E-05 1.60053339565002220E-03
7.49380846E+00 9.96422753427086000E-02 6.70397504201952071E-03 1.40371391005669033E-01 5.96804512119043109E-05 1.60986297067070060E-03
7.50821553E+00 9.95016720470297961E-02 6.73241331196579133E-03 1.41259903376192320E-01 5.97905593824973286E-05 1.61944481717633229E-03
7.52255499E+00 9.93610039270780149E-02 6.76156848109502571E-03 1.42154602476853464E-01 5.99018374016455858E-05 1.62932722150596035E-03
7.53676645E+00 9.92208577524570923E-02 6.79131823526292130E-03 1.43051456561072293E-01 6.00133309719583187E-05 1.63949898907277407E-03
7.55087642E+00 9.90809655121445143E-02 6.82171445389453956E-03 1.43951348075425034E-01 6.01249685844759121E-05 1.64998104499614485E-03
7.56490890E+00 9.89410763762348378E-02 6.85280634320683309E-03 1.44855304294558396E-01 6.02373292381796943E-05 1.66078673304643413E-03
7.57881867E+00 9.88016315759922825E-02 6.88448547509582995E-03 1.45760232262188538E-01 6.03503348899490948E-05 1.67189528833987938E-03
7.59261106E+00 9.86625709176955357E-02 6.91674792604298795E-03 1.46665863312872458E-01 6.04640526352233715E-05 1.68335239240763822E-03
7.60630988E+00 9.85236433037251225E-02 6.94963136211994466E-03 1.47573185269391560E-01 6.05785636781965077E-05 1.69523894741218945E-03
7.61993778E+00 9.83846033269754477E-02 6.98317164291678127E-03 1.48483268675267371E-01 6.06940038939137071E-05 1.70763782488962115E-03
7.63351587E+00 9.82452152570525844E-02 7.01740142291619896E-03 1.49397154498608603E-01 6.08103039694404680E-05 1.72061874747853104E-03
7.64706350E+00 9.81052557521300272E-02 7.05234887894672091E-03 1.50315812733237741E-01 6.09268116173252193E-05 1.73422365695066619E-03
7.66059819E+00 9.79645160447152052E-02 7.08803718129158954E-03 1.51240120136633321E-01 6.10430189762317644E-05 1.74845458016312976E-03
7.67413551E+00 9.78228032793374003E-02 7.12448437562531161E-03 1.52170849913423833E-01 6.11593991713808740E-05 1.76328231762807133E-03
7.68768916E+00 9.76799404530749316E-02 7.16170326876494710E-03 1.53108669678163500E-01 6.12769994138665528E-05 1.77868456314587715E-03
7.70127112E+00 9.75357654416253023E-02 7.19970165082472763E-03 1.54054142399328325E-01 6.13959933478238549E-05 1.79468433451828997E-03
7.71489180E+00 9.73901295642170123E-02 7.23848316782513615E-03 1.55007731659733305E-01 6.15157623757296268E-05 1.81134766017161338E-03
7.72856029E+00 9.72428955992852562E-02 7.27804868297521682E-03 1.55969812744628150E-01 6.16357870094763486E-05 1.82874365340486827E-03
7.74228469E+00 9.70939352779166126E-02 7.31839768794033309E-03 1.56940689848144743E-01 6.17561030340823880E-05 1.84690570213181409E-03
7.75607239E+00 9.69431262384947423E-02 7.35952904663850563E-03 1.57920617534755670E-01 6.18774178934011754E-05 1.86582568123917704E-03
7.76993041E+00 9.67903487186692751E-02 7.40144044643698592E-03 1.58909823454362331E-01 6.19999807849297261E-05 1.88548248298392018E-03
7.78383017E+00 9.66358808671218400E-02 7.44401826977687808E-03 1.59906116220880301E-01 6.21228383376137784E-05 1.90580593879286788E-03
7.79778542E+00 9.64795373665812278E-02 7.48727118666839882E-03 1.60910048572634412E-01 6.22459055199594283E-05 1.92677384708661104E-03
7.81171460E+00 9.63222163350055949E-02 7.53090215260035153E-03 1.61915748581995339E-01 6.23692775607333612E-05 1.94821337431658626E-03
7.82562701E+00 9.61638103404493100E-02 7.57488143465953698E-03 1.62923256752258050E-01 6.24932629308702452E-05 1.97012192839042186E-03
7.83954043E+00 9.60041139643974667E-02 7.61919336878921251E-03 1.63933381415995949E-01 6.26164002250293041E-05 1.99254708225031800E-03
7.85347226E+00 9.58429248800309469E-02 7.66380864640766723E-03 1.64947027474537572E-01 6.27381142256164004E-05 2.01550998856878842E-03
7.86734039E+00 9.56812085848053190E-02 7.70836818988666645E-03 1.65958249377371692E-01 6.28580525019050589E-05 2.03881083121086821E-03
7.88116164E+00 9.55187983909987492E-02 7.75282158615735184E-03 1.66967600605543581E-01 6.29774346854749422E-05 2.06237861965105499E-03
7.89496154E+00 9.53554199505887434E-02 7.79714122578353992E-03 1.67976457281437813E-01 6.30954779323873152E-05 2.08618202869573569E-03
7.90876619E+00 9.51907871217766988E-02 7.84129707073304844E-03 1.68986360671835367E-01 6.32114336016743428E-05 2.11021161192932911E-03
7.92260226E+00 9.50246013774780351E-02 7.88525667532522304E-03 1.69998901627208848E-01 6.33254133142012720E-05 2.13444282299052020E-03
7.93647075E+00 9.48568714185958894E-02 7.92890267582384810E-03 1.71013883012629070E-01 6.34382211948751178E-05 2.15875303495041129E-03
7.95032522E+00 9.46881907399619582E-02 7.97197123184238167E-03 1.72027730880211505E-01 6.35501255499612013E-05 2.18290824539955301E-03
7.96407528E+00 9.45197132552049318E-02 8.01407536265164554E-03 1.73033656403402125E-01 6.36597768907481255E-05 2.20666159727091670E-03
7.97776717E+00 9.43509303777033820E-02 8.05525496055728256E-03 1.74034143284197168E-01 6.37664849707131234E-05 2.23012612921366432E-03
7.99145296E+00 9.41812465718574188E-02 8.09555502509905038E-03 1.75032434631865186E-01 6.38694331213623918E-05 2.25349615888209565E-03
8.00514453E+00 9.40105574950496070E-02 8.13489347067622437E-03 1.76029106583284162E-01 6.39682650588838803E-05 2.27680699107472070E-03
8.01886119E+00 9.38386664797448006E-02 8.17321227218864750E-03 1.77025098334650854E-01 6.40633133041616668E-05 2.29990378979670704E-03
8.03264248E+00 9.36651187971363486E-02 8.21051422614338389E-03 1.78022684106319218E-01 6.41559612406396415E-05 2.32252289117531284E-03
8.04652825E+00 9.34894482066837840E-02 8.24680308907262127E-03 1.79024158980268633E-01 6.42469686211605555E-05 2.34445982663690315E-03
8.06032420E+00 9.33141682488656948E-02 8.28150460070773559E-03 1.80015880617969193E-01 6.43347992783497479E-05 2.36539694343320880E-03
8.07402034E+00 9.31394801445977888E-02 8.31456808254820920E-03 1.80996128710329995E-01 6.44188160353175582E-05 2.38552476609446345E-03
8.08767043E+00 9.29647656024904095E-02 8.34609562041528467E-03 1.81967836251321985E-01 6.44985190032019518E-05 2.40511410521532546E-03
8.10132824E+00 9.27893952873774519E-02 8.37617019912618652E-03 1.82934192124716538E-01 6.45733402514266363E-05 2.42428887119873092E-03
8.11504842E+00 9.26127180336320244E-02 8.40485958557120501E-03 1.83898381448727027E-01 6.46427845352103378E-05 2.44301429973905982E-03
8.12887458E+00 9.24342156679457405E-02 8.43219726794894667E-03 1.84862721578940792E-01 6.47089350277642040E-05 2.46112434604904822E-03
8.14263937E+00 9.22560959060746422E-02 8.45783377935708722E-03 1.85815631785383323E-01 6.47723088176970505E-05 2.47823779613291556E-03
8.15640329E+00 9.20776196164870553E-02 8.48190151906568456E-03 1.86759888004487673E-01 6.48324325750019740E-05 2.49443933083741453E-03
8.17022500E+00 9.18980540379613769E-02 8.50451773143705465E-03 1.87698579716850639E-01 6.48885868020879789E-05 2.50991178580518533E-03
8.18388915E+00 9.17202294053148237E-02 8.52538295002346069E-03 1.88617473338155983E-01 6.49397373329969820E-05 2.52453860461680476E-03
8.19738360E+00 9.15443421896429549E-02 8.54457481707412286E-03 1.89514720167939771E-01 6.49869404009930025E-05 2.53833696353799720E-03
8.21079192E+00 9.13693332693834154E-02 8.56229270224505290E-03 1.90394956614825500E-01 6.50321682170909696E-05 2.55128459559998948E-03
8.22418961E+00 9.11942360041564093E-02 8.57868689591007212E-03 1.91262502989586330E-01 6.50758968345714872E-05 2.56327304539032391E-03
8.23764643E+00 9.10181498605176914E-02 8.59387384258556916E-03 1.92121099962297426E-01 6.51179559424723363E-05 2.57415750343617999E-03
8.25122834E+00 9.08402149465023512E-02 8.60795177118230982E-03 1.92973980245321503E-01 6.51585167057786837E-05 2.58382863094381091E-03
8.26499958E+00 9.06595831744160668E-02 8.62101094736930987E-03 1.93823969149840458E-01 6.51977368517895245E-05 2.59235818130998386E-03
8.27878453E+00 9.04785469790684999E-02 8.63294522515376493E-03 1.94660099226719119E-01 6.52351475293684634E-05 2.59996008999066131E-03
8.29250389E+00 9.02981393433000407E-02 8.64380071398215821E-03 1.95476639340282893E-01 6.52697666556797512E-05 2.60708634382243905E-03
8.30625671E+00 9.01170427294563231E-02 8.65377824148817233E-03 1.96278170988154782E-01 6.53015501605886393E-05 2.61416552324918693E-03
8.32013488E+00 8.99340219366501215E-02 8.66303899280355429E-03 1.97069139523130821E-01 6.53304991866162233E-05 2.62133504488647542E-03
8.33407443E+00 8.97498986970832191E-02 8.67160881922904997E-03 1.97845560097811901E-01 6.53577034325035890E-05 2.62838001766346275E-03
8.34795397E+00 8.95662726337798365E-02 8.67946267232992848E-03 1.98600344761509146E-01 6.53840172336986358E-05 2.63500514889583506E-03
8.36196550E+00 8.93806067027448498E-02 8.68671473132018312E-03 1.99341999882615750E-01 6.54092336682476439E-05 2.64123198498039929E-03
8.37631261E+00 8.91901946767796605E-02 8.69341516499540570E-03 2.00079814685756974E-01 6.54338178690488617E-05 2.64723308039434540E-03
8.39123048E+00 8.89918922351894681E-02 8.69957339679595584E-03 2.00823130292388546E-01 6.54594272523833728E-05 2.65323108192202627E-03
8.40566614E+00 8.87997013934674478E-02 8.70474770266204539E-03 2.01523992274505265E-01 6.54830268901171366E-05 2.65891497159486323E-03
8.41978597E+00 8.86114638541402044E-02 8.70911219710993403E-03 2.02187125896677589E-01 6.55030209246947970E-05 2.66434705296208054E-03
8.43373019E+00 8.84253387077096470E-02 8.71280096321568574E-03 2.02820803379405612E-01 6.55201861334461766E-05 2.66936623734882012E-03
8.44758421E+00 8.82402018546636219E-02 8.71589583795127215E-03 2.03429310086289589E-01 6.55365040783465727E-05 2.67373765432031649E-03
8.46141462E+00 8.80551798616026615E-02 8.71843292049772137E-03 2.04015828360666229E-01 6.55533707340238167E-05 2.67733073380020453E-03
8.47509560E+00 8.78719846532080434E-02 8.72037747061863051E-03 2.04576323019806328E-01 6.55710885111607076E-05 2.68000891918247644E-03
8.48877427E+00 8.76886910793849839E-02 8.72170319792710778E-03 2.05115903071925176E-01 6.55907652309418863E-05 2.68154395473303763E-03
8.50258739E+00 8.75035126547427516E-02 8.72232910129710180E-03 2.05640195297931677E-01 6.56115072269754067E-05 2.68150812610370342E-03
8.51667112E+00 8.73146695719788229E-02 8.72213627192266680E-03 2.06153598632917268E-01 6.56326397066734273E-05 2.67945479368189620E-03
8.53095817E+00 8.71231046900115269E-02 8.72100485493008601E-03 2.06653851177894227E-01 6.56546791182388497E-05 2.67525028943184535E-03
8.54501487E+00 8.69346661486004035E-02 8.71892687948706314E-03 2.07127637900146766E-01 6.56764929799624747E-05 2.66945296184381000E-03
8.55886694E+00 8.67490411610681994E-02 8.71593160953733521E-03 2.07574588643142599E-01 6.56957565675806657E-05 2.66279269064775750E-03
8.57248066E+00 8.65667046829631109E-02 8.71206999645206086E-03 2.07995960161568766E-01 6.57109495896170413E-05 2.65584008048134600E-03
8.58600338E+00 8.63857096769850702E-02 8.70733528793550017E-03 2.08396201365040223E-01 6.57226396404616149E-05 2.64871059383168812E-03
8.59922946E+00 8.62088343457226014E-02 8.70183960410348539E-03 2.08772307292611287E-01 6.57330637194059069E-05 2.64142156896281016E-03
8.61225945E+00 8.60347677789316395E-02 8.69559988344872220E-03 2.09126510185686593E-01 6.57433746136029256E-05 2.63375868780703001E-03
8.62523965E+00 8.58615949290682245E-02 8.68858766339138978E-03 2.09464102136436015E-01 6.57541068284644444E-05 2.62550902866318494E-03
8.63829610E+00 8.56876802893479506E-02 8.68075604734519501E-03 2.09788709699200965E-01 6.57663203334396312E-05 2.61650340005765503E-03
8.65153994E+00 8.55115948775884011E-02 8.67203839555378934E-03 2.10103154391294594E-01 6.57788518236122091E-05 2.60659604047822980E-03
8.66506953E+00 8.53320898938217942E-02 8.66234857885321043E-03 2.10409494416929854E-01 6.57899775237551275E-05 2.59562669741361272E-03
8.67896975E+00 8.51481081298596787E-02 8.65158562742966188E-03 2.10709126245680778E-01 6.57996495302971265E-05 2.58341194177773119E-03
8.69292693E+00 8.49638560537828436E-02 8.63996580529393515E-03 2.10996875316588950E-01 6.58066246569492401E-05 2.57016878301844767E-03
8.70687185E+00 8.47802875520542593E-02 8.62756711312353056E-03 2.11166192221859034E-01 6.58096957917732301E-05 2.55601993754014153E-03
8.72086028E+00 8.45967045818764585E-02 8.61437805530902538E-03 2.11671332349182978E-01 6.58097600571003123E-05 2.54102387093193454E-03
8.73462234E+00 8.44166553500691336E-02 8.60071036886467938E-03 2.11698092401723909E-01 6.58084913402013310E-05 2.52562305020121586E-03
8.74817917E+00 8.42398518440903438E-02 8.58662795682157975E-03 2.12058886449270928E-01 6.58070471443601815E-05 2.50995741082763683E-03
8.76167986E+00 8.40643452309286082E-02 8.57204908935011410E-03 2.12112940259503058E-01 6.58058124920930392E-05 2.49397084879432983E-03
8.77525153E+00 8.38884920722156868E-02 8.55688207821903545E-03 2.12550931461427339E-01 6.58044243409020116E-05 2.47760760418811333E-03
8.78900530E+00 8.37108739008994851E-02 8.54102110100682897E-03 2.12568729676392482E-01 6.58018636395442272E-05 2.46085142774147289E-03
8.80303896E+00 8.35302601875277106E-02 8.52434954637707604E-03 2.12847775157253061E-01 6.57971630733577081E-05 2.44372974694698946E-03
8.81729961E+00 8.33473600101118789E-02 8.50691941156357136E-03 2.12902527519315293E-01 6.57901220468442346E-05 2.42642559350006361E-03
8.83147036E+00 8.31662300299399887E-02 8.48913510818016456E-03 2.13303403827470817E-01 6.57817912762519451E-05 2.40931604989110546E-03
8.84552186E+00 8.29872162086994353E-02 8.47110123763815913E-03 2.13310375291216769E-01 6.57737476677727951E-05 2.39234538889362665E-03
8.85938575E+00 8.28111442841193840E-02 8.45299447809362732E-03 2.13419720835560434E-01 6.57664824949047140E-05 2.37561284134043529E-03
8.87314315E+00 8.26369376854478588E-02 8.43480283474695378E-03 2.13764400873490884E-01 6.57584035577165845E-05 2.35923406213794538E-03
8.88688896E+00 8.24633595566695160E-02 8.41648386120040330E-03 2.13767419684513016E-01 6.57478499050854158E-05 2.34337222346578129E-03
8.90072776E+00 8.22890685758381063E-02 8.39796560372424970E-03 2.13830749921315594E-01 6.57344090624068498E-05 2.32810757583670931E-03
8.91477205E+00 8.21126427536375408E-02 8.37914827841089969E-03 2.14181354365369753E-01 6.57184982063242822E-05 2.31341335149455206E-03
8.92907771E+00 8.19333852323983480E-02 8.35999239045370941E-03 2.14177533829004035E-01 6.57006333706564705E-05 2.29920636927038015E-03
8.94318963E+00 8.17569801347852038E-02 8.34112511635226421E-03 2.14220590821639356E-01 6.56815662640362685E-05 2.28574080519243841E-03
8.95724984E+00 8.15816356909626755E-02 8.32238440536194404E-03 2.14534337094611172E-01 6.56611106826838776E-05 2.27258836857058234E-03
8.97138946E+00 8.14057119632361492E-02 8.30362509127950503E-03 2.14535869500623977E-01 6.56386784524118019E-05 2.25937583880201492E-03
8.98544958E+00 8.12311753216595211E-02 8.28508106526075136E-03 2.14585658387175138E-01 6.56148622671243864E-05 2.24615165519958344E-03
8.99919132E+00 8.10609684429241112E-02 8.26707998109447659E-03 2.14870242421778157E-01 6.55905902762852621E-05 2.23323026808611548E-03
9.01272013E+00 8.08937704954199865E-02 8.24948470687428791E-03 2.14869402803715137E-01 6.55657133794337318E-05 2.22068785249368746E-03
9.02614547E+00 8.07282271866059387E-02 8.23213312909296460E-03 2.14906780972634853E-01 6.55404864219222852E-05 2.20855692381037019E-03
9.03957804E+00 8.05629818077291809E-02 8.21484089290478066E-03 2.15166937496450106E-01 6.55152133636049809E-05 2.19679195287061707E-03
9.05312904E+00 8.03966842048232655E-02 8.19740839857097288E-03 2.15169738432535645E-01 6.54890983857051235E-05 2.18530706350539023E-03
9.06691027E+00 8.02279902861467581E-02 8.17962926916476242E-03 2.15210644340024987E-01 6.54605184954639980E-05 2.17401939704331935E-03
9.08103433E+00 8.00555618535230690E-02 8.16129627164757961E-03 2.15473619954546725E-01 6.54276716479552386E-05 2.16285756312350292E-03
9.09546736E+00 7.98798557775826229E-02 8.14239522726644717E-03 2.15475897325452692E-01 6.53897552215121656E-05 2.15183773695244154E-03
9.10994834E+00 7.97040767856027760E-02 8.12322265451918650E-03 2.15517435156171472E-01 6.53483423676581615E-05 2.14106424788756532E-03
9.12446546E+00 7.95283882073719861E-02 8.10376905178007700E-03 2.15789163719525667E-01 6.53049079370445683E-05 2.13039487662984800E-03
9.13880992E+00 7.93553214786238831E-02 8.08429974185289127E-03 2.15790313940991768E-01 6.52614503939097601E-05 2.11985358458692237E-03
9.15312149E+00 7.91831948765274324E-02 8.06462302082230215E-03 2.15830032031389563E-01 6.52191201986983390E-05 2.10928684693794614E-03
9.16752747E+00 7.90104922662995257E-02 8.04455938777411464E-03 2.16097789462047052E-01 6.51776581773757223E-05 2.09862138658673545E-03
9.18214829E+00 7.88357938926947388E-02 8.02393639783648832E-03 2.16100273163813583E-01 6.51356979941907448E-05 2.08780836007148611E-03
9.19668905E+00 7.86626267634573245E-02 8.00317633631570692E-03 2.16143188167068817E-01 6.50926886658881971E-05 2.07706022115618314E-03
9.21121899E+00 7.84901646541812659E-02 7.98221218364505644E-03 2.16425389670117013E-01 6.50476668724153916E-05 2.06627562525995602E-03
9.22569376E+00 7.83189307799011109E-02 7.96114615095743633E-03 2.16424064107926029E-01 6.50004341790110570E-05 2.05546125944300676E-03
9.23985425E+00 7.81519639579811715E-02 7.94039816919967292E-03 2.16462608537894841E-01 6.49521836955112194E-05 2.04488079123871496E-03
9.25336855E+00 7.79931174630704993E-02 7.92050315256010579E-03 2.16738262624129763E-01 6.49047401596844112E-05 2.03492523484280442E-03
9.26649979E+00 7.78392468198845222E-02 7.90112568717162705E-03 2.16736393488348084E-01 6.48581481569496888E-05 2.02549561608685643E-03
9.27945614E+00 7.76878848727145244E-02 7.88200115357606639E-03 2.16771908707140332E-01 6.48123439130436483E-05 2.01640023618598072E-03
9.29241757E+00 7.75369191865465796E-02 7.86290527311379363E-03 2.17030094741881424E-01 6.47668385387745323E-05 2.00730644393692231E-03
9.30555310E+00 7.73843892140103351E-02 7.84363806144328969E-03 2.17032468112406063E-01 6.47214888359626679E-05 1.99776269977168562E-03
9.31903360E+00 7.72283352749601609E-02 7.82401105771951544E-03 2.17080408100590871E-01 6.46771616146514213E-05 1.98731853458920240E-03
9.33304303E+00 7.70666687968497716E-02 7.80383440552668770E-03 2.17354155052429415E-01 6.46333923047490052E-05 1.97572135859098476E-03
9.34702473E+00 7.69058185319952542E-02 7.78397110648580172E-03 2.17357510195594961E-01 6.45915712469944964E-05 1.96370502643629548E-03
9.36061602E+00 7.67499186813078299E-02 7.76496685528803385E-03 2.17410220563868689E-01 6.45518170436075472E-05 1.95208916316642824E-03
9.37403582E+00 7.65964299530993292E-02 7.74653768955276597E-03 2.17704450982163705E-01 6.45126607551817113E-05 1.94108021377908837E-03
9.38746576E+00 7.64432679855843039E-02 7.72845482067754247E-03 2.17701736172439819E-01 6.44730881970069665E-05 1.93069451773266593E-03
9.40106802E+00 7.62885933902678615E-02 7.71051998167515164E-03 2.17747103460613156E-01 6.44324874850186427E-05 1.92080283109044569E-03
9.41499679E+00 7.61306789261645411E-02 7.69255186801840254E-03 2.18037084209494414E-01 6.43897839644845126E-05 1.91121000725895667E-03
9.42940650E+00 7.59678171605897568E-02 7.67437569512718909E-03 2.18045375057851792E-01 6.43445793870989186E-05 1.90169672997488135E-03
9.44445804E+00 7.57982523743660902E-02 7.65581218122893259E-03 2.18139323802360202E-01 6.42972699432047364E-05 1.89204025684707030E-03
9.45955839E+00 7.56286922491733044E-02 7.63756761919240357E-03 2.18432209900038893E-01 6.42507727501394745E-05 1.88249886145759214E-03
9.47426237E+00 7.54641132347719790E-02 7.62010974841234503E-03 2.18442609945838112E-01 6.42065717759668527E-05 1.87323755367471939E-03
9.48878877E+00 7.53020478686923372E-02 7.60311834121518010E-03 2.18548372354645359E-01 6.41650649255066414E-05 1.86402015727786313E-03
9.50332650E+00 7.51403872528957073E-02 7.58632845404205378E-03 2.18840135497348820E-01 6.41259316490786033E-05 1.85465716883773980E-03
9.51805081E+00 7.49771945585140931E-02 7.56950772445434596E-03 2.18850100611286347E-01 6.40875273486785172E-05 1.84503573432445527E-03
9.53313419E+00 7.48105839373898601E-02 7.55244291372573952E-03 2.18961574531562841E-01 6.40488000407600207E-05 1.83517358666095793E-03
9.54875391E+00 7.46386379347330209E-02 7.53492472672006273E-03 2.19267009016656078E-01 6.40082459214254095E-05 1.82527902131160370E-03
9.56500339E+00 7.44603805274738767E-02 7.51683498873596551E-03 2.19283005790752966E-01 6.39637595298123460E-05 1.81578674430155160E-03
9.58078282E+00 7.42878500440746770E-02 7.49934123569695466E-03 2.19504796521031137E-01 6.39173650711107435E-05 1.80764792234963450E-03
9.59633232E+00 7.41183936571922219E-02 7.48214410749328557E-03 2.19555564200078907E-01 6.38689916965084331E-05 1.80059430089516076E-03
9.61186710E+00 7.39496696697162920E-02 7.46498056067711364E-03 2.19875637208022889E-01 6.38193924532933128E-05 1.79401762723713589E-03
9.62759426E+00 7.37794518798461502E-02 7.44760061301765180E-03 2.19890410709069062E-01 6.37692225330880317E-05 1.78709900849472912E-03
9.64372735E+00 7.36054717133449721E-02 7.42976248024318671E-03 2.20103937337141509E-01 6.37195263545026447E-05 1.77902323116796283E-03
9.66036427E+00 7.34267053218825710E-02 7.41136690650698402E-03 2.20158330819185954E-01 6.36710773541317474E-05 1.76932807074366583E-03
9.67688091E+00 7.32498706595693105E-02 7.39313147961285014E-03 2.20491192380139839E-01 6.36254729945432871E-05 1.75862651931042442E-03
9.69326496E+00 7.30750482342756025E-02 7.37511722736606049E-03 2.20503136435782426E-01 6.35804962760330022E-05 1.74770324574220455E-03
9.70920074E+00 7.29055418198660821E-02 7.35773466244452577E-03 2.20696311499699288E-01 6.35360350256799843E-05 1.73753866217959117E-03
9.72495611E+00 7.27384559363123823E-02 7.34076920911361491E-03 2.20746761625494475E-01 6.34914627897586016E-05 1.72841886411750282E-03
9.74075626E+00 7.25713798883521194E-02 7.32405336129280174E-03 2.21044027595121512E-01 6.34460315311008931E-05 1.72029860090049786E-03
9.75680730E+00 7.24021293871570520E-02 7.30744013575482937E-03 2.21051325032229379E-01 6.34002019300861194E-05 1.71281161196593784E-03
9.77313436E+00 7.22304402557631814E-02 7.29096757307855486E-03 2.21141014779459993E-01 6.33550997710397430E-05 1.70544195704103608E-03
9.78939485E+00 7.20598957470902496E-02 7.27501949859498103E-03 2.21408890468265174E-01 6.33122858788507769E-05 1.69781146940196025E-03
9.80555117E+00 7.18908641224624140E-02 7.25965779960618604E-03 2.21413556430660852E-01 6.32734163541761138E-05 1.68966007670148951E-03
9.82162513E+00 7.17230905091766624E-02 7.24488073275235053E-03 2.21464632384828997E-01 6.32391865847899452E-05 1.68109013902696062E-03
9.83763803E+00 7.15563228214730618E-02 7.23067545787802780E-03 2.21731534056018614E-01 6.32074209648300314E-05 1.67250059431569642E-03
9.85361000E+00 7.13903218049757871E-02 7.21701857393843710E-03 2.21724290894772691E-01 6.31762353003384648E-05 1.66432797289648533E-03
9.86955949E+00 7.12248708539326425E-02 7.20388173181180872E-03 2.21745245128790597E-01 6.31450019465241654E-05 1.65684006558810474E-03
9.88550283E+00 7.10597820900266686E-02 7.19123652576839079E-03 2.21924808494609854E-01 6.31140814702035413E-05 1.65009108153270031E-03
9.90145401E+00 7.08948983308025915E-02 7.17905675769072403E-03 2.21932216218599654E-01 6.30847039276340860E-05 1.64399384984231615E-03
9.91742459E+00 7.07300922616485306E-02 7.16731963135930870E-03 2.21961267695599818E-01 6.30574792260412315E-05 1.63840728667041520E-03
9.93342365E+00 7.05652644871780782E-02 7.15600784651280498E-03 2.22046307646963037E-01 6.30328830643002880E-05 1.63315824909084691E-03
9.94945804E+00 7.04003404642654929E-02 7.14511100761928194E-03 2.22092057814310795E-01 6.30115188813792394E-05 1.62806788657636915E-03
9.96553258E+00 7.02352670991201883E-02 7.13462478915051490E-03 2.22127714672904042E-01 6.29929567830125685E-05 1.62302219106025681E-03
9.98164402E+00 7.00700752690231882E-02 7.12455192558727676E-03 2.22155963291897574E-01 6.29757406835597730E-05 1.61799982359447838E-03
9.99779187E+00 6.99047678469108258E-02 7.11489104744928141E-03 2.22173731954165898E-01 6.29595272029208369E-05 1.61302309842126300E-03
1.00139899E+01 6.97392009950997538E-02 7.10562775828046771E-03 2.22179876374202667E-01 6.29440938523241454E-05 1.60809478680154147E-03
1.00302482E+01 6.95732698289813628E-02 7.09674779632793896E-03 2.22175076189777304E-01 6.29302939755534363E-05 1.60319320207938810E-03
1.00465563E+01 6.94070776973769038E-02 7.08824812537150410E-03 2.22160953494385860E-01 6.29181123532154048E-05 1.59834075748720161E-03
1.00629167E+01 6.92405966248221677E-02 7.08011984503944137E-03 2.22139006022116808E-01 6.29069869878839971E-05 1.59361274016822652E-03
1.00793331E+01 6.90737866125314126E-02 7.07235344546802008E-03 2.22109939763460135E-01 6.28968729966967311E-05 1.58908349935160740E-03
1.00958108E+01 6.89065926120320110E-02 7.06493702773461785E-03 2.22069353376783435E-01 6.28882990204886660E-05 1.58474680892417910E-03
1.01123568E+01 6.87389426430577710E-02 7.05785665254300785E-03 2.22023539558473620E-01 6.28828150579465622E-05 1.58049543643957362E-03
1.01289796E+01 6.85707462120391936E-02 7.05109810497915514E-03 2.21948681791479585E-01 6.28814339290303996E-05 1.57622020802880916E-03
1.01456899E+01 6.84018941432103789E-02 7.04464892618304750E-03 2.21913752639099238E-01 6.28826455612851998E-05 1.57194125706703203E-03
1.01624996E+01 6.82322603424249940E-02 7.03849896045369815E-03 2.21826918414064572E-01 6.28842468255799431E-05 1.56782001899454133E-03
1.01794222E+01 6.80617040045554816E-02 7.03263793704805677E-03 2.21775093998171552E-01 6.28845110315537738E-05 1.56405047167477670E-03
1.01964720E+01 6.78900728022487493E-02 7.02705323314060416E-03 2.21585849633708115E-01 6.28838238801556951E-05 1.56072744557477004E-03
1.02136642E+01 6.77172075432796311E-02 7.02173029342100744E-03 2.21588986136642879E-01 6.28829232364448124E-05 1.55781057742395064E-03
1.02309442E+01 6.75436453656266811E-02 7.01667394658718468E-03 2.21548951031339703E-01 6.28816987911820469E-05 1.55519660724823998E-03
1.02481553E+01 6.73709468414461082E-02 7.01191292544763815E-03 2.21288831232413996E-01 6.28799325189518198E-05 1.55280217171368108E-03
1.02652170E+01 6.71999045787216448E-02 7.00744880572738444E-03 2.21284939892640697E-01 6.28778003784812798E-05 1.55058752474917421E-03
1.02821522E+01 6.70302740380200324E-02 7.00325293946010754E-03 2.21206433090849447E-01 6.28757173715023266E-05 1.54856085719905722E-03
1.02991542E+01 6.68601051110462308E-02 6.99925716470293190E-03 2.20953257762423250E-01 6.28738227050536924E-05 1.54675914541226337E-03
1.03162500E+01 6.66891116112170168E-02 6.99543455941424412E-03 2.20943993528355476E-01 6.28708452118967277E-05 1.54521907584397348E-03
1.03331301E+01 6.65203652463221690E-02 6.99183098499185293E-03 2.20770784644939627E-01 6.28666301840548461E-05 1.54388929569398829E-03
1.03500361E+01 6.63514351891508480E-02 6.98839226261776039E-03 2.20728552966528602E-01 6.28627701812619830E-05 1.54259922188945426E-03
1.03671906E+01 6.61800792225109152E-02 6.98508711090372377E-03 2.20448594192128117E-01 6.28609443696940488E-05 1.54123105205025810E-03
1.03841967E+01 6.60102392954724088E-02 6.98199313450442380E-03 2.20438782711625647E-01 6.28612031849677590E-05 1.53986348904239061E-03
1.04008612E+01 6.58438293331534835E-02 6.97913081713704905E-03 2.20255051328464430E-01 6.28617443015860422E-05 1.53868980987513547E-03
1.04174055E+01 6.56786315036901880E-02 6.97643990491023623E-03 2.20214537644062819E-01 6.28614774016164011E-05 1.53786863128161375E-03
1.04340282E+01 6.55126604988690853E-02 6.97385431600320346E-03 2.19939354008956756E-01 6.28599176838764555E-05 1.53748684549601979E-03
1.04509125E+01 6.53440857779714057E-02 6.97130227198309964E-03 2.19929248149343393E-01 6.28562535925249590E-05 1.53755029439365501E-03
1.04682060E+01 6.51714330341842951E-02 6.96871606439245471E-03 2.19738168896254971E-01 6.28495643559545138E-05 1.53798287598184372E-03
1.04851857E+01 6.50019178409353554E-02 6.96615173524981878E-03 2.19698143631851972E-01 6.28399503596441836E-05 1.53858485990444015E-03
1.05020431E+01 6.48336430015394316E-02 6.96355747662657544E-03 2.19428199096985660E-01 6.28298624447524729E-05 1.53915079189550575E-03
1.05189483E+01 6.46649215418795831E-02 6.96088404324519266E-03 2.19421100516899115E-01 6.28209827657553159E-05 1.53956732968322249E-03
1.05360556E+01 6.44942263367877799E-02 6.95806440395825912E-03 2.19254245667116848E-01 6.28137360138318141E-05 1.53987267586168353E-03
1.05533469E+01 6.43217508814093591E-02 6.95503795110882610E-03 2.19213894804727527E-01 6.28075969142808044E-05 1.54018520484168757E-03
1.05707006E+01 6.41487311577161601E-02 6.95175022852622705E-03 2.18953752767684001E-01 6.28009511726332191E-05 1.54057649637658208E-03
1.05882694E+01 6.39736755352690034E-02 6.94809797362084137E-03 2.18950189968558639E-01 6.27924659614493614E-05 1.54098201858554910E-03
1.06057271E+01 6.37998657501086808E-02 6.94408056775075531E-03 2.18872344712227052E-01 6.27813718919367547E-05 1.54120211250410324E-03
1.06230266E+01 6.36277989767424224E-02 6.93967105352223494E-03 2.18639771821740075E-01 6.27687776116010390E-05 1.54108793944008281E-03
1.06403110E+01 6.34560828951506867E-02 6.93480358092326415E-03 2.18641755839322688E-01 6.27555856803443154E-05 1.54068867065940986E-03
1.06577163E+01 6.32834012073432289E-02 6.92939885996481618E-03 2.18602922094455782E-01 6.27418162062845541E-05 1.54019591437113334E-03
1.06753708E+01 6.31085178151562370E-02 6.92336269297881123E-03 2.18370673334413817E-01 6.27269665241143870E-05 1.53974490295407350E-03
1.06928744E+01 6.29354259468046795E-02 6.91678154762583128E-03 2.18378819162342835E-01 6.27110241251818630E-05 1.53927074585748767E-03
1.07102715E+01 6.27637105577361076E-02 6.90962291406242279E-03 2.18360226691150100E-01 6.26930319188687569E-05 1.53851698919458299E-03
1.07276928E+01 6.25921114630712261E-02 6.90182788745936394E-03 2.18190772991671694E-01 6.26726896839693035E-05 1.53721571297595104E-03
1.07452604E+01 6.24194573919229015E-02 6.89333420069143405E-03 2.18192283206135068E-01 6.26496978440961377E-05 1.53527277194800342E-03
1.07630883E+01 6.22446618937409768E-02 6.88407125139524172E-03 2.18172933900889571E-01 6.26231902389922160E-05 1.53280706474737669E-03
1.07807741E+01 6.20716839488456504E-02 6.87424307049275870E-03 2.18098680319438049E-01 6.25938166004551180E-05 1.53007044049974813E-03
1.07983613E+01 6.19001070842217782E-02 6.86385460696713624E-03 2.18056682639779204E-01 6.25627045922195726E-05 1.52713039755657080E-03
1.08159809E+01 6.17286628205067078E-02 6.85285929450957926E-03 2.18019028072791748E-01 6.25306055855465658E-05 1.52389826707994462E-03
1.08337540E+01 6.15561881733732441E-02 6.84120528885046736E-03 2.17995582637696556E-01 6.24970403389257031E-05 1.52028196164675534E-03
1.08517926E+01 6.13816150019227402E-02 6.82883388688175410E-03 2.17981461149215877E-01 6.24605190427823549E-05 1.51629116453135026E-03
1.08696349E+01 6.12094100772823876E-02 6.81608056518517771E-03 2.17976630746308131E-01 6.24213960886374112E-05 1.51211599206297394E-03
1.08873656E+01 6.10387487618971256E-02 6.80293183836587489E-03 2.17980899559822167E-01 6.23800471595818993E-05 1.50777418291071145E-03
1.09051220E+01 6.08683100100255239E-02 6.78932880822175587E-03 2.17993301048741733E-01 6.23371709565573512E-05 1.50318590282561113E-03
1.09230307E+01 6.06968840300632778E-02 6.77520688556020219E-03 2.18012642639977022E-01 6.22931265606292808E-05 1.49826462813739585E-03
1.09412101E+01 6.05233515673990405E-02 6.76049677881127454E-03 2.18038261427547508E-01 6.22476080891290202E-05 1.49298128267088930E-03
1.09593871E+01 6.03503165267642999E-02 6.74543850246533527E-03 2.18070613111631256E-01 6.22004878421016295E-05 1.48745968706438976E-03
1.09774301E+01 6.01790220289531996E-02 6.73017164546096079E-03 2.18114310064527889E-01 6.21514458451280640E-05 1.48177120919286052E-03
1.09954919E+01 6.00080130103522319E-02 6.71459963501284084E-03 2.18163370167210824E-01 6.21000702387056175E-05 1.47586865140978503E-03
1.10137139E+01 5.98359557857516336E-02 6.69861847397293115E-03 2.18217408806045510E-01 6.20465514975804814E-05 1.46971627722398230E-03
1.10322304E+01 5.96615970126731440E-02 6.68211090615748998E-03 2.18297083438533851E-01 6.19912643481661019E-05 1.46332174604468009E-03
1.10509481E+01 5.94858318852443668E-02 6.66514654523794013E-03 2.18346187036858846E-01 6.19348165345861413E-05 1.45677422347216794E-03
1.10695337E+01 5.93117873220636235E-02 6.64801589607581962E-03 2.18431205982673071E-01 6.18786741519041070E-05 1.45016639899799970E-03
1.10881491E+01 5.91379510314180012E-02 6.63057645951320093E-03 2.18510932054255480E-01 6.18223790558365428E-05 1.44333184579554423E-03
1.11069442E+01 5.89629384915695207E-02 6.61269409375223223E-03 2.18593094116535908E-01 6.17654762695334710E-05 1.43608854980196272E-03
1.11260624E+01 5.87854375212296318E-02 6.59423523424062380E-03 2.18683309065262288E-01 6.17081488514932102E-05 1.42831361442093629E-03
1.11452110E+01 5.86081787577776292E-02 6.57548444346286488E-03 2.18845459750953680E-01 6.16512891244290115E-05 1.42015761043283993E-03
1.11643610E+01 5.84314360754451118E-02 6.55648980119239062E-03 2.18860504694369240E-01 6.15949804391779173E-05 1.41173221692371376E-03
1.11835394E+01 5.82549629800779706E-02 6.53725368429666949E-03 2.18940622778654614E-01 6.15388881928623769E-05 1.40313402706358477E-03
1.12027739E+01 5.80785110222899817E-02 6.51778193843249257E-03 2.19168873209590220E-01 6.14824944892690222E-05 1.39444192006164011E-03
1.12220913E+01 5.79018396948921960E-02 6.49808157535203355E-03 2.19181915217118412E-01 6.14256633011874562E-05 1.38571032848393326E-03
1.12415167E+01 5.77247266946612700E-02 6.47815846350578445E-03 2.19261839346508003E-01 6.13676324995751188E-05 1.37697911983124277E-03
1.12610723E+01 5.75469788442983729E-02 6.45801748450177283E-03 2.19499593508268115E-01 6.13082236854450884E-05 1.36828433552656096E-03
1.12807767E+01 5.73684398420293284E-02 6.43766272074519641E-03 2.19513806753501906E-01 6.12473884044773952E-05 1.35966075715752369E-03
1.13004874E+01 5.71904075591265978E-02 6.41726039786137160E-03 2.19597784552800490E-01 6.11863462425746844E-05 1.35120032694201089E-03
1.13202166E+01 5.70127725531414040E-02 6.39682042164831967E-03 2.19834058825767592E-01 6.11256518677906848E-05 1.34291895919474015E-03
1.13399695E+01 5.68354895058195975E-02 6.37636609457662307E-03 2.19846338068639513E-01 6.10650747734564549E-05 1.33480996786695147E-03
1.13597132E+01 5.66588518913049011E-02 6.35596760614988952E-03 2.19902487952277209E-01 6.10035972325964247E-05 1.32683414079257556E-03
1.13794882E+01 5.64824971234574522E-02 6.33562577994593000E-03 2.20161622068173163E-01 6.09406285631357270E-05 1.31889855294421861E-03
1.13992458E+01 5.63068564718364542E-02 6.31542847469175432E-03 2.20162971874579450E-01 6.08773309232768929E-05 1.31100187897449216E-03
1.14188821E+01 5.61328474711647735E-02 6.29550453665062276E-03 2.20193424933811166E-01 6.08149882924858843E-05 1.30328059339113785E-03
1.14384512E+01 5.59599892471647833E-02 6.27580852866989076E-03 2.20386131464467533E-01 6.07540011223938527E-05 1.29585780360086519E-03
1.14580064E+01 5.57878135506252662E-02 6.25628663275682503E-03 2.20398808404585339E-01 6.06936994921095560E-05 1.28879954065447798E-03
1.14775996E+01 5.56158747022382632E-02 6.23688466195628649E-03 2.20433276564389963E-01 6.06335044490337197E-05 1.28207479490653319E-03
1.14972793E+01 5.54437564196787816E-02 6.21755471148533606E-03 2.20581309235315548E-01 6.05725042049866564E-05 1.27560382348537856E-03
1.15170904E+01 5.52710790589278078E-02 6.19825789449648598E-03 2.20584089655401772E-01 6.05097525052269603E-05 1.26931704581924472E-03
1.15368751E+01 5.50992213555181534E-02 6.17915079178662369E-03 2.20592651475378682E-01 6.04452342116619477E-05 1.26320404967067814E-03
1.15565895E+01 5.49285661809188336E-02 6.16027486615621563E-03 2.20613066223155879E-01 6.03800655079622355E-05 1.25718172041942096E-03
1.15762842E+01 5.47586803523378643E-02 6.14157170707324822E-03 2.20638587059118291E-01 6.03161147488473292E-05 1.25112529908153521E-03
1.15960094E+01 5.45891474945204014E-02 6.12296975008660722E-03 2.20655687475935391E-01 6.02546835501495978E-05 1.24494625224616127E-03
1.16158133E+01 5.44195775355327746E-02 6.10438537429343429E-03 2.20652186315204918E-01 6.01957523989488379E-05 1.23861722618477687E-03
1.16357413E+01 5.42496145274488639E-02 6.08572806956272656E-03 2.20618182073610836E-01 6.01381621082938694E-05 1.23216037562424519E-03
1.16557716E+01 5.40794767606325305E-02 6.06696639695059308E-03 2.20461796988660086E-01 6.00811699198323308E-05 1.22562189868071283E-03
1.16758896E+01 5.39093157082077903E-02 6.04806773806196556E-03 2.20472806435438873E-01 6.00243021000236874E-05 1.21900710483619466E-03
1.16961239E+01 5.37389161349068403E-02 6.02897164076996849E-03 2.20447371376777085E-01 5.99677694153818273E-05 1.21227253538022379E-03
1.17164917E+01 5.35681564993672962E-02 6.00964038919081772E-03 2.20216178656063299E-01 5.99122875117377436E-05 1.20538201399926883E-03
1.17369232E+01 5.33976370478967607E-02 5.99012765723351635E-03 2.20205367100623273E-01 5.98569504801718948E-05 1.19835371893906224E-03
1.17574606E+01 5.32270165513739138E-02 5.97038998869174001E-03 2.19984775011893924E-01 5.98003998066929843E-05 1.19117111839234192E-03
1.17781419E+01 5.30559917859625280E-02 5.95039422290419718E-03 2.19927426277812949E-01 5.97427358907179622E-05 1.18379664203159605E-03
1.17989365E+01 5.28848266783349744E-02 5.93018075538368807E-03 2.19615845145233274E-01 5.96849832718658518E-05 1.17620825951048123E-03
1.18198653E+01 5.27133535587037474E-02 5.90975142557220116E-03 2.19576997671905472E-01 5.96270060015932553E-05 1.16840012006499310E-03
1.18409563E+01 5.25413465015702325E-02 5.88911291076311700E-03 2.19184708268865075E-01 5.95678758522045045E-05 1.16042589484139096E-03
1.18622343E+01 5.23686038220491923E-02 5.86828324846197253E-03 2.19119160871397073E-01 5.95068338504337993E-05 1.15239291667531890E-03
1.18837202E+01 5.21949548423404630E-02 5.84728708040556724E-03 2.18708344787514608E-01 5.94439209962586005E-05 1.14442402429721030E-03
1.19052971E+01 5.20213302060725385E-02 5.82627761214329042E-03 2.18531936098658869E-01 5.93797397539868219E-05 1.13666405446001973E-03
1.19269363E+01 5.18479425983495792E-02 5.80531456929804339E-03 2.18218269211712862E-01 5.93140858400546773E-05 1.12916635190885841E-03
1.19486622E+01 5.16745782770866371E-02 5.78439688992425736E-03 2.17917014791710967E-01 5.92468783297002733E-05 1.12190476619939946E-03
1.19704938E+01 5.15010738174917354E-02 5.76351902256473560E-03 2.17595218019451725E-01 5.91783623258143929E-05 1.11482034283965368E-03
1.19924433E+01 5.13273240001391601E-02 5.74267224297224984E-03 2.17260377623494622E-01 5.91092668968849091E-05 1.10785022193350289E-03
1.20145156E+01 5.11532849160253600E-02 5.72184651220014086E-03 2.16911981739882576E-01 5.90402315635021215E-05 1.10093724850766255E-03
1.20366845E+01 5.09791620955969763E-02 5.70105589393172640E-03 2.16551986256095230E-01 5.89718505917268630E-05 1.09404022041134467E-03
1.20588817E+01 5.08054894740248911E-02 5.68035227769587807E-03 2.16182880788020809E-01 5.89044274085729543E-05 1.08716459685912446E-03
1.20810990E+01 5.06323268317339439E-02 5.65973460543138952E-03 2.15806220643132290E-01 5.88365865127715541E-05 1.08035814975398310E-03
1.21033330E+01 5.04597013273859543E-02 5.63920219514629523E-03 2.15423468088192654E-01 5.87663797250894115E-05 1.07369132732618600E-03
1.21255852E+01 5.02875986871556338E-02 5.61875234431010416E-03 2.15036066011659699E-01 5.86936701685941847E-05 1.06718876155585977E-03
1.21478636E+01 5.01159587890580641E-02 5.59837643850170409E-03 2.14645349348727116E-01 5.86201713050830790E-05 1.06082167715529190E-03
1.21701822E+01 4.99446756143299489E-02 5.57805537778591470E-03 2.14252542240908617E-01 5.85465040162794551E-05 1.05455658092069599E-03
1.21925609E+01 4.97736015982098851E-02 5.55775573769917101E-03 2.13858771788135199E-01 5.84720285287551895E-05 1.04838655689072982E-03
1.22150255E+01 4.96025531865497832E-02 5.53742578733107914E-03 2.13465092112192667E-01 5.83957885709092812E-05 1.04231921947458618E-03
1.22376061E+01 4.94313180344121833E-02 5.51699508754571744E-03 2.13072514314775863E-01 5.83174395441217122E-05 1.03635872572230758E-03
1.22603370E+01 4.92596627260603256E-02 5.49637700392252224E-03 2.12682046703201538E-01 5.82364847442944035E-05 1.03049545541335848E-03
1.22832555E+01 4.90873399553594311E-02 5.47547248831769997E-03 2.12294748762587138E-01 5.81525808901114046E-05 1.02467246080492798E-03
1.23063598E+01 4.89144043449193586E-02 5.45421205519229946E-03 2.11912526938689033E-01 5.80657187344777570E-05 1.01877898278505551E-03
1.23294131E+01 4.87426543649996796E-02 5.43274241559496118E-03 2.11541479727080678E-01 5.79776166376620922E-05 1.01275828355789363E-03
1.23524612E+01 4.85717721919338291E-02 5.41096254169119023E-03 2.11182239788533566E-01 5.78887324396962880E-05 1.00655495498823194E-03
1.23755504E+01 4.84014432965123517E-02 5.38877679983578665E-03 2.10835447617059552E-01 5.77983010635331373E-05 1.00016108099815356E-03
1.23987271E+01 4.82313587419841566E-02 5.36609486627127701E-03 2.10502168706778736E-01 5.77058988353105335E-05 9.93529913442373330E-04
1.24220373E+01 4.80612169439952122E-02 5.34283293836949977E-03 2.10183576718381254E-01 5.76122778458136004E-05 9.86560023987110516E-04
1.24455269E+01 4.78907240790880581E-02 5.31891474095306203E-03 2.09880972724563131E-01 5.75171801243645799E-05 9.79163632018086863E-04
1.24692417E+01 4.77195938106219908E-02 5.29427303189662374E-03 2.09595801490816747E-01 5.74199688395306561E-05 9.71302177468006062E-04
1.24932275E+01 4.75475451538537805E-02 5.26884921017913965E-03 2.09329666097990141E-01 5.73192874829215807E-05 9.62962591293962836E-04
1.25175309E+01 4.73742988164213355E-02 5.24259211344559658E-03 2.09084324916732733E-01 5.72154032881470995E-05 9.54137096645583222E-04
1.25418543E+01 4.72020076778767589E-02 5.21583462589141154E-03 2.08865366364052174E-01 5.71122052909424466E-05 9.45009371261631807E-04
1.25661749E+01 4.70308427548062624E-02 5.18863633373056569E-03 2.08674049696195074E-01 5.70095423912086432E-05 9.35767147093048896E-04
1.25905050E+01 4.68607264996144732E-02 5.16103059634406315E-03 2.08510917845467325E-01 5.69058580958120151E-05 9.26561629728735203E-04
1.26148622E+01 4.66915425088347685E-02 5.13305447586806518E-03 2.08425471274387070E-01 5.67989444559534746E-05 9.17403053050294855E-04
1.26392679E+01 4.65231464701692729E-02 5.10475075413280993E-03 2.08206696690117848E-01 5.66887798301359284E-05 9.08182270235487307E-04
1.26637187E+01 4.63555644235578573E-02 5.07619931473002762E-03 2.08201312900477692E-01 5.65778453493312838E-05 8.98809995671664887E-04
1.26881527E+01 4.61892111974659264E-02 5.04755144648479093E-03 2.08182432868863065E-01 5.64664711953524075E-05 8.89321168192401296E-04
1.27125852E+01 4.60239694068288047E-02 5.01887012000771637E-03 2.08153439614008895E-01 5.63543856877591853E-05 8.79770771398359890E-04
1.27370352E+01 4.58596976121807068E-02 4.99021187082429856E-03 2.08135134588348675E-01 5.62441228933998485E-05 8.70184049678711532E-04
1.27615230E+01 4.56962469212052330E-02 4.96162669136638625E-03 2.08154363528088748E-01 5.61358536997105502E-05 8.60575815563907132E-04
1.27860677E+01 4.55334785993947028E-02 4.93315955105904768E-03 2.08353771917974467E-01 5.60284591643708924E-05 8.50988943250200066E-04
1.28106845E+01 4.53712799737753594E-02 4.90485189650470468E-03 2.08360335545957037E-01 5.59210038275633430E-05 8.41497804305410329E-04
1.28353824E+01 4.52095764346235607E-02 4.87674337411060903E-03 2.08580719185417873E-01 5.58118491226564158E-05 8.32181644338389156E-04
1.28600978E+01 4.50487639356117950E-02 4.84894766613260322E-03 2.08702761226872813E-01 5.57013398182788975E-05 8.23107476592565331E-04
1.28847486E+01 4.48893454492684252E-02 4.82159154053324063E-03 2.08912815386166906E-01 5.55921325785170182E-05 8.14303458674979995E-04
1.29093263E+01 4.47313402976497743E-02 4.79471625519972775E-03 2.09133444438931504E-01 5.54846235978126694E-05 8.05752489118213020E-04
1.29338052E+01 4.45748802705492678E-02 4.76837779136027578E-03 2.09381137273438822E-01 5.53793332748275888E-05 7.97446884645009531E-04
1.29581167E+01 4.44203678083699774E-02 4.74266621082355001E-03 2.09649742701979613E-01 5.52773698137329944E-05 7.89424156724329853E-04
1.29822580E+01 4.42677850804393744E-02 4.71758613819131620E-03 2.09938128303347737E-01 5.51769550101595307E-05 7.81740867364264132E-04
1.30062289E+01 4.41171038073584765E-02 4.69312391792541320E-03 2.10244276773730893E-01 5.50752634523024037E-05 7.74454568600191177E-04
1.30300312E+01 4.39682873133825022E-02 4.66924988097914932E-03 2.10566415336463530E-01 5.49716008191818270E-05 7.67573479533328754E-04
1.30536686E+01 4.38212920587917887E-02 4.64592373806839258E-03 2.10902815552355627E-01 5.48674253677042506E-05 7.61048264843459943E-04
1.30771466E+01 4.36760671611586965E-02 4.62309911142862705E-03 2.11251832339014317E-01 5.47640415587966731E-05 7.54802718649226555E-04
1.31004722E+01 4.35325536688853099E-02 4.60072771514867876E-03 2.11611909546257831E-01 5.46627991094523355E-05 7.48761755573607610E-04
1.31236542E+01 4.33906835780746014E-02 4.57876199229387618E-03 2.11981593001802499E-01 5.45628781194763067E-05 7.42870024441083673E-04
1.31467031E+01 4.32503789312555856E-02 4.55715628696263305E-03 2.12359538286814142E-01 5.44634071120175630E-05 7.37095974273912959E-04
1.31696315E+01 4.31115509524136881E-02 4.53586667870803806E-03 2.12744517742247979E-01 5.43645316569844249E-05 7.31429821936789375E-04
1.31924538E+01 4.29740997026493918E-02 4.51485019358939879E-03 2.13135426973828118E-01 5.42662200831070581E-05 7.25877479456260599E-04
1.32151866E+01 4.28379147938024105E-02 4.49406435596003823E-03 2.13531283978341563E-01 5.41683775192484406E-05 7.20447963993131558E-04
1.32377814E+01 4.27032716640802640E-02 4.47352657290398751E-03 2.13930144579071668E-01 5.40714271892902670E-05 7.15160241610765415E-04
1.32602431E+01 4.25701258040012270E-02 4.45320740142342124E-03 2.14330895317476622E-01 5.39743419861958608E-05 7.10010777502483254E-04
1.32825936E+01 4.24383329116302041E-02 4.43306432332779988E-03 2.14732839782785789E-01 5.38759253941953901E-05 7.04977036455280929E-04
1.33048560E+01 4.23077461186630588E-02 4.41305614332686801E-03 2.15135430045187676E-01 5.37770008175973024E-05 7.00025271146504941E-04
1.33270540E+01 4.21782174147468381E-02 4.39314259332664221E-03 2.15538226684060835E-01 5.36786278168852746E-05 6.95129257948095126E-04
1.33492117E+01 4.20495995620010291E-02 4.37328435950695097E-03 2.15940885417137685E-01 5.35799829571616124E-05 6.90273330102679603E-04
1.33713534E+01 4.19217484029485166E-02 4.35344371702443573E-03 2.16343146982960810E-01 5.34808675019887987E-05 6.85436383134353441E-04
1.33934749E+01 4.17946850692036964E-02 4.33360965713376536E-03 2.16744348748700494E-01 5.33817879753788985E-05 6.80598377618653718E-04
1.34155364E+01 4.16686337973515772E-02 4.31380457342455097E-03 2.17143273534073755E-01 5.32832430160361185E-05 6.75754902432612018E-04
1.34375561E+01 4.15434865755285113E-02 4.29400152879322403E-03 2.17539728526538773E-01 5.31851630763331039E-05 6.70901501735930586E-04
1.34595527E+01 4.14191334578038750E-02 4.27417528021807862E-03 2.17933657544911924E-01 5.30869808012358888E-05 6.66039346662371983E-04
1.34815458E+01 4.12954634135898474E-02 4.25430257153687746E-03 2.18325105208741571E-01 5.29886151022681735E-05 6.61168352037125751E-04
1.35035550E+01 4.11723655819724518E-02 4.23436265749602397E-03 2.18714197097449492E-01 5.28894341494920878E-05 6.56288694688628225E-04
1.35256002E+01 4.10497310919881869E-02 4.21433831684139316E-03 2.19101133161950484E-01 5.27888650849925968E-05 6.51396676282168011E-04
1.35477007E+01 4.09274549095950610E-02 4.19421669902988146E-03 2.19486179552937088E-01 5.26877589510037740E-05 6.46482384157175995E-04
1.35698352E+01 4.08056566607635784E-02 4.17402544427785023E-03 2.19869015138659973E-01 5.25869649807614363E-05 6.41548017560850158E-04
1.35919105E+01 4.06848455199061015E-02 4.15386049601077813E-03 2.20248220852242244E-01 5.24865986764366300E-05 6.36617853904646123E-04
1.36138798E+01 4.05652667031686925E-02 4.13377771797017804E-03 2.20623181778767358E-01 5.23863896599034473E-05 6.31707368228794585E-04
1.36356969E+01 4.04471566832681206E-02 4.11383329124969527E-03 2.20993400030495557E-01 5.22863185961541384E-05 6.26831770023554037E-04
1.36573761E+01 4.03304234763118274E-02 4.09402871742065889E-03 2.21359412455614635E-01 5.21871405665893541E-05 6.21991962929021799E-04
1.36789335E+01 4.02149660494029865E-02 4.07436352053390256E-03 2.21721871531282533E-01 5.20894228773236077E-05 6.17190339613928442E-04
1.37003874E+01 4.01006737018162820E-02 4.05483523232948086E-03 2.22081508717919263E-01 5.19932299506192845E-05 6.12432520027808786E-04
1.37217583E+01 3.99874255653772381E-02 4.03543948157470637E-03 2.22439121938324574E-01 5.18983174146899539E-05 6.07726685719522778E-04
1.37430692E+01 3.98750897751888461E-02 4.01616966911803354E-03 2.22795575831218673E-01 5.18036862261611191E-05 6.03080928728337269E-04
1.37643462E+01 3.97635223322288928E-02 3.99701644520045543E-03 2.23151807046075179E-01 5.17085944112953316E-05 5.98496958947849524E-04
1.37856185E+01 3.96525653640491596E-02 3.97796690998376053E-03 2.23508831314765261E-01 5.16129052426380041E-05 5.93967797728689570E-04
1.38068367E+01 3.95424697077095544E-02 3.95907615139081803E-03 2.23866442726307069E-01 5.15174297231052458E-05 5.89496429918824399E-04
1.38279245E+01 3.94336203459168810E-02 3.94041986983768248E-03 2.24223943181538210E-01 5.14234197058153415E-05 5.85088779040035599E-04
1.38489049E+01 3.93258856432101706E-02 3.92198374180933486E-03 2.24582176978345760E-01 5.13308692006371367E-05 5.80733556526672888E-04
1.38698029E+01 3.92191271473245895E-02 3.90375106953546030E-03 2.24942084204716120E-01 5.12391967236047407E-05 5.76423569317200107E-04
1.38906457E+01 3.91131980895733089E-02 3.88570284680491091E-03 2.25304666930601083E-01 5.11474263793896777E-05 5.72152582426910337E-04
1.39114629E+01 3.90079449229788836E-02 3.86781797769069919E-03 2.25670761621598187E-01 5.10551794740681533E-05 5.67912492321577121E-04
1.39322871E+01 3.89031975577944014E-02 3.85007358837804710E-03 2.26041916913986896E-01 5.09626574568782637E-05 5.63694643466067539E-04
1.39531542E+01 3.87987738278361832E-02 3.83244450286230123E-03 2.26419144810624362E-01 5.08700700107016148E-05 5.59492124527989024E-04
1.39741039E+01 3.86944768829584410E-02 3.81490325079557368E-03 2.26803758693877311E-01 5.07778597430937189E-05 5.55299964014942834E-04
1.39951329E+01 3.85903247850463982E-02 3.79745833273925420E-03 2.27196357305875007E-01 5.06861570764335884E-05 5.51124840878819541E-04
1.40160849E+01 3.84870884161474733E-02 3.78024233586684612E-03 2.27594711405765510E-01 5.05951345519444010E-05 5.47005363467414842E-04
1.40369949E+01 3.83845856246392628E-02 3.76322823639592494E-03 2.27999802206953484E-01 5.05042229565402976E-05 5.42941073943228945E-04
1.40578997E+01 3.82826309789700489E-02 3.74638932156967685E-03 2.28412752823646814E-01 5.04133290003603820E-05 5.38927914582969930E-04
1.40788375E+01 3.81810351974295262E-02 3.72969894302676609E-03 2.28834796432604626E-01 5.03226222719762063E-05 5.34957194031250886E-04
1.40998482E+01 3.80796050366036115E-02 3.71313072488498735E-03 2.29267238330651296E-01 5.02317993888558715E-05 5.31016401623727913E-04
1.41209730E+01 3.79781432671372279E-02 3.69665877501226727E-03 2.29711465836120482E-01 5.01407896264156565E-05 5.27090934433566572E-04
1.41422549E+01 3.78764484466429588E-02 3.68025766479389716E-03 2.30168959485055780E-01 5.00494261986974564E-05 5.23167874391913638E-04
1.41636105E+01 3.77749207996735739E-02 3.66399834280237450E-03 2.30638589276917078E-01 4.99584111870216791E-05 5.19262556197674224E-04
1.41850004E+01 3.76737450527189974E-02 3.64791528788521160E-03 2.31119907733464969E-01 4.98682678480842317E-05 5.15389310905445155E-04
1.42064774E+01 3.75726697454704106E-02 3.63197292490160997E-03 2.31614401218604216E-01 4.97788136097695259E-05 5.11552435497346272E-04
1.42280990E+01 3.74714227540610331E-02 3.61613286123680863E-03 2.32124122581675085E-01 4.96896809974355308E-05 5.07758738837393257E-04
1.42498340E+01 3.73701542672567263E-02 3.60042027298489815E-03 2.32648314467800960E-01 4.96009450953559787E-05 5.04028921231835288E-04
1.42715306E+01 3.72695663716377593E-02 3.58494246031619513E-03 2.33183993302230302E-01 4.95130089828861971E-05 5.00398035612522035E-04
1.42932456E+01 3.71693873548668355E-02 3.56965532757098870E-03 2.33732552863552240E-01 4.94251980083103116E-05 4.96858733827594047E-04
1.43150390E+01 3.70693359119979374E-02 3.55451513997312972E-03 2.34295650684210877E-01 4.93369064144032885E-05 4.93397805521791325E-04
1.43369731E+01 3.69691253799551076E-02 3.53947930711429482E-03 2.34875165614169074E-01 4.92477713305340624E-05 4.89997897777959008E-04
1.43591113E+01 3.68684680967446762E-02 3.52450726669866670E-03 2.35473120816938164E-01 4.91577348166840329E-05 4.86639681429983160E-04
1.43815174E+01 3.67670792915984201E-02 3.50956104516382409E-03 2.36091665660499106E-01 4.90671061488624283E-05 4.83303790651843507E-04
1.44041508E+01 3.66651481184057312E-02 3.49467299280642766E-03 2.36730185753202815E-01 4.89765034002691692E-05 4.79989057345551323E-04
1.44268564E+01 3.65633704155740036E-02 3.47994657665651966E-03 2.37384643463206313E-01 4.88867033716307070E-05 4.76715655242369212E-04
1.44497075E+01 3.64614126726292564E-02 3.46533460588593781E-03 2.38057048401811217E-01 4.87976687639483472E-05 4.73475569562651331E-04
1.44727759E+01 3.63589550846126763E-02 3.45079249097884119E-03 2.38749593612571198E-01 4.87094221181026696E-05 4.70263685693198029E-04
1.44961303E+01 3.62556978187109219E-02 3.43627823171992284E-03 2.39464568574367515E-01 4.86218489544384738E-05 4.67073611475784752E-04
1.45198347E+01 3.61513665483596466E-02 3.42175301859700158E-03 2.40204226339482990E-01 4.85346864983587291E-05 4.63895004973897572E-04
1.45436791E+01 3.60468881318935716E-02 3.40734170156197121E-03 2.40962376525458016E-01 4.84486670252791009E-05 4.60749399587524137E-04
1.45676558E+01 3.59422947870862153E-02 3.39304256863468337E-03 2.41738525025625928E-01 4.83635221702169142E-05 4.57629442422265468E-04
1.45918512E+01 3.58372107530443018E-02 3.37879969757751792E-03 2.42535168164154047E-01 4.82784559757539275E-05 4.54515297206662880E-04
1.46163524E+01 3.57312648160164059E-02 3.36456035139855907E-03 2.43355070609027752E-01 4.81929346846241073E-05 4.51386928080199027E-04
1.46410835E+01 3.56247911304259854E-02 3.35036723438351253E-03 2.44195712167593476E-01 4.81075606495112512E-05 4.48246922456806433E-04
1.46656950E+01 3.55192884183050880E-02 3.33641463701836753E-03 2.45044980337536827E-01 4.80241192028302641E-05 4.45138291639960045E-04
1.46902040E+01 3.54146700721438557E-02 3.32268601977530253E-03 2.45902411379575109E-01 4.79424667284669736E-05 4.42064476393680785E-04
1.47146298E+01 3.53108418237294761E-02 3.30916640643253964E-03 2.46767743908004905E-01 4.78626791211629818E-05 4.39029163845271295E-04
1.47389944E+01 3.52077018584608728E-02 3.29584196424848822E-03 2.47640932118548734E-01 4.77847694431214769E-05 4.36032175391834020E-04
1.47633212E+01 3.51051419822806521E-02 3.28270029500096630E-03 2.48522015262134632E-01 4.77083505204845432E-05 4.33069200146668563E-04
1.47876358E+01 3.50030492847386854E-02 3.26973070177692844E-03 2.49411104304591319E-01 4.76332013225969764E-05 4.30133433264232186E-04
1.48118631E+01 3.49017310250983592E-02 3.25697675347448893E-03 2.50304684825903900E-01 4.75596087140081573E-05 4.27230982842602782E-04
1.48359647E+01 3.48013384197339848E-02 3.24446204391957375E-03 2.51200428920851371E-01 4.74877569496302425E-05 4.24367034186014084E-04
1.48599621E+01 3.47017726335233853E-02 3.23217901922159519E-03 2.52098168007222900E-01 4.74176838320270456E-05 4.21543610952986199E-04
1.48838788E+01 3.46029284414418811E-02 3.22011926923457259E-03 2.52997875013843021E-01 4.73491058844759479E-05 4.18765918396180915E-04
1.49077397E+01 3.45046966570284191E-02 3.20827333753251299E-03 2.53899622216430698E-01 4.72817388790738004E-05 4.16040465387892294E-04
1.49315708E+01 3.44069665672982125E-02 3.19663080658451771E-03 2.54803538901943405E-01 4.72153583918882841E-05 4.13372544560509112E-04
1.49553982E+01 3.43096280802251546E-02 3.18518050492087694E-03 2.55709786054903909E-01 4.71499161702172248E-05 4.10764962064382843E-04
1.49776991E+01 3.42188622713146540E-02 3.17463251051578171E-03 2.56560328149339878E-01 4.70894878233078811E-05 4.08380200779200411E-04
1.50000000E+01 3.41284246876912903E-02 3.16425108495638121E-03 2.57411150283835877E-01 4.70300348193928273E-05 4.06049050886009559E-04
