#  time, MeanKE MeanKEDR MeanP MeanNuT MeanLesProduction MeanStrainRate
0 1.24924716013033330E-01 5.21717878919218973E-04 -5.53602782891480650E-18 5.73241610719326763E-05 5.32501107546020432E-05 0.00000000000000000E+00
1.47262156E-02 1.24915480605281043E-01 5.21698067974589951E-04 2.36966121795798782E-04 5.73389767429204232E-05 5.32543657211908620E-05 5.51303708651876723E-01
2.94624006E-02 1.24907352606004496E-01 5.21720628992047505E-04 2.49956287445941253E-04 5.73787079681554798E-05 5.32756810650872960E-05 5.51309042486100687E-01
4.41999243E-02 1.24899590414364867E-01 5.21780513935800501E-04 2.26523695628054792E-04 5.74388428965604456E-05 5.33117866707742290E-05 5.51359287461693048E-01
5.89392057E-02 1.24891944695612642E-01 5.21875564208900398E-04 1.87489919698788907E-04 5.75169555231277603E-05 5.33614496946479603E-05 5.51446226664262795E-01
7.36807217E-02 1.24884331762152287E-01 5.22004142328250922E-04 1.31690666659315541E-04 5.76092585460872327E-05 5.34233303187567086E-05 5.51565232377329240E-01
8.84249676E-02 1.24876723210591220E-01 5.22164698016390006E-04 5.87991257720901818E-05 5.77127286485073680E-05 5.34959616229206984E-05 5.51713172684694220E-01
1.03172443E-01 1.24869109086656188E-01 5.22356228163366534E-04 -3.11499969798180137E-05 5.78256782063959668E-05 5.35783477098879219E-05 5.51887701668342001E-01
1.17922821E-01 1.24861486026167687E-01 5.22578120851832336E-04 -1.38122765754835833E-04 5.79470761664039666E-05 5.36698617398692043E-05 5.52086923189628043E-01
1.32674791E-01 1.24853853237277518E-01 5.22829977540553324E-04 -2.62061804614311604E-04 5.80761699948348432E-05 5.37700911759126266E-05 5.52309175426974552E-01
1.47428858E-01 1.24846209684044251E-01 5.23111551336868127E-04 -4.02911859584397577E-04 5.82123498548371758E-05 5.38787534634436701E-05 5.52552926881090145E-01
1.62185524E-01 1.24838554565856547E-01 5.23422677553998968E-04 -5.60612921521163135E-04 5.83550892390437460E-05 5.39956404746142152E-05 5.52816818626650663E-01
1.76945291E-01 1.24830887163632540E-01 5.23763209334199937E-04 -7.35100495303440005E-04 5.85038920635017268E-05 5.41205547349449137E-05 5.53099651260000602E-01
1.91708655E-01 1.24823206788403127E-01 5.24133052347819199E-04 -9.26305456131190207E-04 5.86583394213289065E-05 5.42533443457807616E-05 5.53400371980015682E-01
2.06476109E-01 1.24815512763644013E-01 5.24532128345100036E-04 -1.13415401045422978E-03 5.88180526020402891E-05 5.43938666359869988E-05 5.53718051277312107E-01
2.21248142E-01 1.24807804419274596E-01 5.24960383746323226E-04 -1.35856759506481923E-03 5.89826969958276432E-05 5.45419968114632179E-05 5.54051861827309700E-01
2.36025239E-01 1.24800081089502496E-01 5.25417805102577407E-04 -1.59946275933722879E-03 5.91519926060661585E-05 5.46976434636678755E-05 5.54401062628717578E-01
2.50807876E-01 1.24792342111759921E-01 5.25904405483534226E-04 -1.85675102471364781E-03 5.93256969883034020E-05 5.48607350035994873E-05 5.54764987834634127E-01
2.65596528E-01 1.24784586826176241E-01 5.26420214710017226E-04 -2.13033874118615310E-03 5.95035948368046391E-05 5.50312099408494835E-05 5.55143039288062190E-01
2.80391660E-01 1.24776814575313408E-01 5.26965282477096951E-04 -2.42012693189727103E-03 5.96855013783498909E-05 5.52090200541775089E-05 5.55534681592511292E-01
2.95193733E-01 1.24769024703953318E-01 5.27539680238687907E-04 -2.72601112962606333E-03 5.98712583969495451E-05 5.53941323249720503E-05 5.55939436596106562E-01
3.10003197E-01 1.24761216558893176E-01 5.28143500977351524E-04 -3.04788120411716599E-03 6.00607147789879148E-05 5.55865287574122980E-05 5.56356869208376570E-01
3.24819160E-01 1.24753390195657454E-01 5.28776797411461197E-04 -3.38559040557573137E-03 6.02536846925605634E-05 5.57861848254561390E-05 5.56786556997225679E-01
3.39640990E-01 1.24745545533692465E-01 5.29439640487765727E-04 -3.73898646357956289E-03 6.04499708765053132E-05 5.59930873394131446E-05 5.57228020465946439E-01
3.54469147E-01 1.24737681915895252E-01 5.30132162078571158E-04 -4.10793407917877437E-03 6.06493996183880309E-05 5.62072478695932037E-05 5.57680772667332403E-01
3.69304083E-01 1.24729798686619833E-01 5.30854508566608839E-04 -4.49229217165212323E-03 6.08518171592911311E-05 5.64286860860435235E-05 5.58144375449262320E-01
3.84146242E-01 1.24721895191392484E-01 5.31606839366129884E-04 -4.89191344805844051E-03 6.10570892545250846E-05 5.66574283399768402E-05 5.58618427135544882E-01
3.98996061E-01 1.24713970776787295E-01 5.32389328444035940E-04 -5.30664410826789477E-03 6.12650999658416657E-05 5.68935092465596608E-05 5.59102566118658939E-01
4.13853968E-01 1.24706024790320405E-01 5.33202164824424273E-04 -5.73632363355639548E-03 6.14757496303101815E-05 5.71369722526140735E-05 5.59596467899142525E-01
4.28720381E-01 1.24698056580355307E-01 5.34045551085337114E-04 -6.18078457025102602E-03 6.16889518859977141E-05 5.73878681980846372E-05 5.60099841358878248E-01
4.43595711E-01 1.24690065496014232E-01 5.34919701880733891E-04 -6.63985230615132208E-03 6.19046318218361514E-05 5.76462539041136459E-05 5.60612426000660857E-01
4.58480358E-01 1.24682050887117021E-01 5.35824843772154968E-04 -7.11334484446490660E-03 6.21227263532971833E-05 5.79121920723957526E-05 5.61133990373809732E-01
4.73374713E-01 1.24674012104107459E-01 5.36761215688652993E-04 -7.60107257069941779E-03 6.23431856212637033E-05 5.81857518145097015E-05 5.61664331452932597E-01
4.88279157E-01 1.24665948498004872E-01 5.37729069030195217E-04 -8.10283801573729624E-03 6.25659726754483045E-05 5.84670088264757182E-05 5.62203274087446414E-01
5.03194061E-01 1.24657859420338843E-01 5.38728667275727440E-04 -8.61843561495681011E-03 6.27910576720396994E-05 5.87560450700704085E-05 5.62750667942048199E-01
5.18119785E-01 1.24649744223091066E-01 5.39760285326464518E-04 -9.14765146280129525E-03 6.30184056769488872E-05 5.90529481914353038E-05 5.63306377515456425E-01
5.33056678E-01 1.24641602258653256E-01 5.40824208800116707E-04 -9.69026306344261158E-03 6.32479674211411066E-05 5.93578108932078338E-05 5.63870264936577881E-01
5.48004579E-01 1.24633433153596748E-01 5.41920696184536657E-04 -1.02460202957865877E-02 6.34796755118036864E-05 5.96707198471184262E-05 5.64442177820058122E-01
5.62962352E-01 1.24625237063539548E-01 5.43049938042910259E-04 -1.08146254058509306E-02 6.37134482250140214E-05 5.99917442158996153E-05 5.65021935210545001E-01
5.77930359E-01 1.24617013326268067E-01 5.44212240617661294E-04 -1.13958253835447602E-02 6.39492353934000105E-05 6.03209879908076676E-05 5.65609323978946033E-01
5.92908945E-01 1.24608761280102953E-01 5.45407920300179845E-04 -1.19893582057204549E-02 6.41869972060277937E-05 6.06585597905694634E-05 5.66204206747337402E-01
6.07898450E-01 1.24600480263631672E-01 5.46637303575276128E-04 -1.25949524250917010E-02 6.44267034563964690E-05 6.10045728947056611E-05 5.66806468700899235E-01
6.22899199E-01 1.24592169615606749E-01 5.47900726858172862E-04 -1.32123268902353506E-02 6.46683323686263260E-05 6.13591451720051610E-05 5.67416017554321583E-01
6.37911504E-01 1.24583828674926317E-01 5.49198536256508148E-04 -1.38411904976045788E-02 6.49118696684379066E-05 6.17223989366301798E-05 5.68032782370721856E-01
6.52935668E-01 1.24575456780632796E-01 5.50531087301802226E-04 -1.44812419423988887E-02 6.51573078732871125E-05 6.20944607762475664E-05 5.68656712321337743E-01
6.67971980E-01 1.24567053271917194E-01 5.51898744683932785E-04 -1.51321694747505314E-02 6.54046454894582972E-05 6.24754613855344745E-05 5.69287775436453036E-01
6.83020716E-01 1.24558617488140275E-01 5.53301882006196235E-04 -1.57936506606775572E-02 6.56538856646139707E-05 6.28655354225150965E-05 5.69925956914907217E-01
6.98082141E-01 1.24550148768834051E-01 5.54740881565597070E-04 -1.64653521478292861E-02 6.59050339647123090E-05 6.32648213920903403E-05 5.70571256370753455E-01
7.13156505E-01 1.24541646453709284E-01 5.56216134155009261E-04 -1.71469294365364650E-02 6.61580955710315837E-05 6.36734615533974965E-05 5.71223683662468340E-01
7.28244047E-01 1.24533109882664389E-01 5.57728038881631161E-04 -1.78380266624460146E-02 6.64130730738730999E-05 6.40916018451883712E-05 5.71883253945735581E-01
7.43344990E-01 1.24524538395785922E-01 5.59277002996851525E-04 -1.85382763835136161E-02 6.66699661396940262E-05 6.45193918245322485E-05 5.72549983849027555E-01
7.58459546E-01 1.24515931333354896E-01 5.60863441734726692E-04 -1.92472993820849390E-02 6.69287731366366548E-05 6.49569846159542052E-05 5.73223890723284835E-01
7.73587912E-01 1.24507288035840560E-01 5.62487778156890565E-04 -1.99647044752103570E-02 6.71894935275803041E-05 6.54045368687161357E-05 5.73904995120067762E-01
7.88730273E-01 1.24498607843900627E-01 5.64150443000851305E-04 -2.06900883396148594E-02 6.74521297810019214E-05 6.58622087191964813E-05 5.74593324721002552E-01
8.03886799E-01 1.24489890098378034E-01 5.65851874528243903E-04 -2.14230353504699100E-02 6.77166883348883150E-05 6.63301637546077167E-05 5.75288917728255411E-01
8.19057647E-01 1.24481134140272551E-01 5.67592518369452407E-04 -2.21631174348143646E-02 6.79831797670506812E-05 6.68085689746763758E-05 5.75991824808505304E-01
8.34242959E-01 1.24472339310741309E-01 5.69372827362692744E-04 -2.29098939423103935E-02 6.82516184763555593E-05 6.72975947492394846E-05 5.76702109652605599E-01
8.49442865E-01 1.24463504951054585E-01 5.71193261386703953E-04 -2.36629115345924103E-02 6.85220220982818960E-05 6.77974147711629601E-05 5.77419848547083170E-01
8.64656413E-01 1.24454631024484549E-01 5.73054155395095262E-04 -2.44216503039022294E-02 6.87943916373628993E-05 6.83081698379136003E-05 5.78145129314132644E-01
8.79883708E-01 1.24445716877456924E-01 5.74955974832546432E-04 -2.51856307216184842E-02 6.90687486872050023E-05 6.88300379581336421E-05 5.78877998269673011E-01
8.95124888E-01 1.24436761828262771E-01 5.76899197804542460E-04 -2.59543629673573070E-02 6.93451168033775654E-05 6.93632019665646948E-05 5.79618560489721824E-01
9.10380077E-01 1.24427765195309625E-01 5.78884309068539420E-04 -2.67273444136215087E-02 6.96235201191846268E-05 6.99078478668330237E-05 5.80366930458220631E-01
9.25649388E-01 1.24418726297001972E-01 5.80911799843843862E-04 -2.75040597465479840E-02 6.99039830771213744E-05 7.04641647711874524E-05 5.81123228558402927E-01
9.40932916E-01 1.24409644451722257E-01 5.82982167616929352E-04 -2.82839809871586433E-02 7.01865304073737113E-05 7.10323448380787938E-05 5.81887580375835434E-01
9.56230745E-01 1.24400518977789434E-01 5.85095915941803409E-04 -2.90665675346036094E-02 7.04711872848311406E-05 7.16125832075117214E-05 5.82660116500641201E-01
9.71542942E-01 1.24391349193460871E-01 5.87253554235290620E-04 -2.98512662401060093E-02 7.07579795575238266E-05 7.22050779341256826E-05 5.83440972707556016E-01
9.86869562E-01 1.24382134416921725E-01 5.89455597567059976E-04 -3.06375115090862273E-02 7.10469339460536290E-05 7.28100299179500237E-05 5.84230290308692002E-01
1.00221065E+00 1.24372873966277372E-01 5.91702566444255048E-04 -3.14247254393984210E-02 7.13380781510905256E-05 7.34276428328288380E-05 5.85028216475182439E-01
1.01756622E+00 1.24363567159566910E-01 5.93994986590827621E-04 -3.22123179891661560E-02 7.16314408499902537E-05 7.40581230525393916E-05 5.85834904388176980E-01
1.03293630E+00 1.24354213314746609E-01 5.96333388721727222E-04 -3.29996871837082151E-02 7.19270515968022339E-05 7.47016795747000633E-05 5.86650513163947784E-01
1.04832088E+00 1.24344811749701384E-01 5.98718308312315927E-04 -3.37862193566237992E-02 7.22249406577164517E-05 7.53585239426608018E-05 5.87475207568190050E-01
1.06371994E+00 1.24335361782243178E-01 6.01150285363456554E-04 -3.45712894307334123E-02 7.25251388183363707E-05 7.60288701656370398E-05 5.88309157577552644E-01
1.07913347E+00 1.24325862730100975E-01 6.03629864163049445E-04 -3.53542612375209314E-02 7.28276771944706241E-05 7.67129346375569035E-05 5.89152537862363768E-01
1.09456141E+00 1.24316313910911816E-01 6.06157593044869903E-04 -3.61344878785014867E-02 7.31325870683341894E-05 7.74109360551380701E-05 5.90005527259916840E-01
1.11000371E+00 1.24306714642215044E-01 6.08734024145643157E-04 -3.69113121281542875E-02 7.34398997603343532E-05 7.81230953358898146E-05 5.90868308289359989E-01
1.12546030E+00 1.24297064241412500E-01 6.11359713161560092E-04 -3.76840668807559495E-02 7.37496465359483290E-05 7.88496355368497129E-05 5.91741066734992938E-01
1.14093109E+00 1.24287362025752246E-01 6.14035219105349612E-04 -3.84520756394411689E-02 7.40618585396809928E-05 7.95907817749200841E-05 5.92623991300513131E-01
1.15641600E+00 1.24277607312276869E-01 6.16761104065138626E-04 -3.92146530523394821E-02 7.43765667447635943E-05 8.03467611497512250E-05 5.93517273318975969E-01
1.17191491E+00 1.24267799417775410E-01 6.19537932966148538E-04 -3.99711054928960016E-02 7.46938019078381449E-05 8.11178026701355744E-05 5.94421106493708606E-01
1.18742770E+00 1.24257937658720591E-01 6.22366273336375951E-04 -4.07207316859069732E-02 7.50135945210761088E-05 8.19041371848555101E-05 5.95335686645366735E-01
1.20295424E+00 1.24248021351199195E-01 6.25246695077269162E-04 -4.14628233796871665E-02 7.53359747583389827E-05 8.27059973189169602E-05 5.96261211446328709E-01
1.21849438E+00 1.24238049810824147E-01 6.28179770240063330E-04 -4.21966660636612020E-02 7.56609724156820113E-05 8.35236174160620628E-05 5.97197880132695147E-01
1.23404795E+00 1.24228022352651263E-01 6.31166072808870865E-04 -4.29215397317509323E-02 7.59886168489729068E-05 8.43572334884232629E-05 5.98145893193171685E-01
1.24961480E+00 1.24217938291078384E-01 6.34206178491035543E-04 -4.36367196908108435E-02 7.63189369122650930E-05 8.52070831741504411E-05 5.99105452040001096E-01
1.26519474E+00 1.24207796939740475E-01 6.37300664515622257E-04 -4.43414774124200745E-02 7.66519609002718356E-05 8.60734057039140680E-05 6.00076758670278543E-01
1.28078758E+00 1.24197597611393304E-01 6.40450109440966905E-04 -4.50350814288069320E-02 7.69877164972304970E-05 8.69564418772070783E-05 6.01060015325542318E-01
1.29639311E+00 1.24187339617802123E-01 6.43655092972213400E-04 -4.57167982701351533E-02 7.73262307331599118E-05 8.78564340495617893E-05 6.02055424155485630E-01
1.31201111E+00 1.24177022269611845E-01 6.46916195790298780E-04 -4.63858934434243989E-02 7.76675299475302494E-05 8.87736261319434244E-05 6.03063186888564196E-01
1.32764137E+00 1.24166644876216328E-01 6.50233999394000560E-04 -4.70416324484144235E-02 7.80116397598013645E-05 8.97082636038588498E-05 6.04083504509568270E-01
1.34328365E+00 1.24156206745618905E-01 6.53609085956940224E-04 -4.76832818324765886E-02 7.83585850461582858E-05 9.06605935419717865E-05 6.05116576942444140E-01
1.35893770E+00 1.24145707184286871E-01 6.57042038202268106E-04 -4.83101102795899170E-02 7.87083899221360756E-05 9.16308646663627088E-05 6.06162602736141642E-01
1.37460328E+00 1.24135145496992630E-01 6.60533439297796639E-04 -4.89213897317136159E-02 7.90610777313291934E-05 9.26193274070217029E-05 6.07221778751502073E-01
1.39028011E+00 1.24124520986641187E-01 6.64083872775578037E-04 -4.95163965398947303E-02 7.94166710410942325E-05 9.36262339938495798E-05 6.08294299848180398E-01
1.40596792E+00 1.24113832954098641E-01 6.67693922480938986E-04 -5.00944126432940270E-02 7.97751916470644437E-05 9.46518385746479118E-05 6.09380358571554814E-01
1.42166644E+00 1.24103080697982329E-01 6.71364172557570044E-04 -5.06547267703312681E-02 8.01366605893259905E-05 9.56963973670491637E-05 6.10480144840364503E-01
1.43737539E+00 1.24092263514449588E-01 6.75095207477162851E-04 -5.11966356625013844E-02 8.05010981840789707E-05 9.67601688521181483E-05 6.11593845636118294E-01
1.45309445E+00 1.24081380696969543E-01 6.78887612122723366E-04 -5.17194453112511734E-02 8.08685240750192744E-05 9.78434140181401972E-05 6.12721644695687018E-01
1.46882334E+00 1.24070431536061468E-01 6.82741971933033894E-04 -5.22224722107606856E-02 8.12389573072163919E-05 9.89463966613166512E-05 6.13863722207722451E-01
1.48456175E+00 1.24059415319018762E-01 6.86658873108592516E-04 -5.27050446175683432E-02 8.16124164216287237E-05 1.00069383743116216E-04 6.15020254513798492E-01
1.50030935E+00 1.24048331329607242E-01 6.90638902864770831E-04 -5.31665038133537562E-02 8.19889195589551333E-05 1.01212645789506553E-04 6.16191413814510924E-01
1.51606584E+00 1.24037178847748758E-01 6.94682649695297087E-04 -5.36062053686662543E-02 8.23684845473419421E-05 1.02376457294585605E-04 6.17377367880905026E-01
1.53183088E+00 1.24025957149152627E-01 6.98790703582481253E-04 -5.40235203993610566E-02 8.27511289326716894E-05 1.03561097064605682E-04 6.18578279771219708E-01
1.54760415E+00 1.24014665504962415E-01 7.02963656071591285E-04 -5.44178368147866173E-02 8.31368699006580428E-05 1.04766848419626335E-04 6.19794307553402146E-01
1.56338531E+00 1.24003303181347460E-01 7.07202100134673973E-04 -5.47885605489062816E-02 8.35257240482258323E-05 1.05993999177401990E-04 6.21025604033652145E-01
1.57917402E+00 1.23991869439103550E-01 7.11506629797529111E-04 -5.51351167724197858E-02 8.39177069965269993E-05 1.07242841393126586E-04 6.22272316491507493E-01
1.59496996E+00 1.23980363533231164E-01 7.15877839591896512E-04 -5.54569510796160126E-02 8.43128328952567126E-05 1.08513670916669371E-04 6.23534586421922721E-01
1.61077277E+00 1.23968784712517557E-01 7.20316323990977960E-04 -5.57535306442327044E-02 8.47111139266749609E-05 1.09806786924917236E-04 6.24812549285011398E-01
1.62658212E+00 1.23957132219110325E-01 7.24822677047795832E-04 -5.60243453408866207E-02 8.51125599516904782E-05 1.11122491648439839E-04 6.26106334263905828E-01
1.64239765E+00 1.23945405288088867E-01 7.29397492465733458E-04 -5.62689088238552404E-02 8.55171784417859798E-05 1.12461090521245196E-04 6.27416064031424359E-01
1.65821902E+00 1.23933603147041257E-01 7.34041364311340157E-04 -5.64867595604789871E-02 8.59249748255019766E-05 1.13822892963253615E-04 6.28741854526019828E-01
1.67404589E+00 1.23921725015604153E-01 7.38754888566208238E-04 -5.66774618106045264E-02 8.63359533643302899E-05 1.15208213991844520E-04 6.30083814737777526E-01
1.68987792E+00 1.23909770104983413E-01 7.43538665717123322E-04 -5.68406065471567662E-02 8.67501186600708315E-05 1.16617376861029943E-04 6.31442046504877008E-01
1.70571475E+00 1.23897737617405843E-01 7.48393304552467963E-04 -5.69758123083904944E-02 8.71674778498006636E-05 1.18050716895721873E-04 6.32816644321627098E-01
1.72155606E+00 1.23885626745500341E-01 7.53319427035731445E-04 -5.70827259641113055E-02 8.75880433160145688E-05 1.19508586391534635E-04 6.34207695158476525E-01
1.73740150E+00 1.23873436671555703E-01 7.58317673057308343E-04 -5.71610233217707334E-02 8.80118350114764348E-05 1.20991359380645517E-04 6.35615278295065478E-01
1.75325073E+00 1.23861166566678990E-01 7.63388702209478109E-04 -5.72104091140918855E-02 8.84388804390722979E-05 1.22499433407884784E-04 6.37039465167151375E-01
1.76910343E+00 1.23848815589861175E-01 7.68533190740675162E-04 -5.72306096782497220E-02 8.88692110870601093E-05 1.24033226471414928E-04 6.38480319228403315E-01
1.78495926E+00 1.23836382887070925E-01 7.73751826470979367E-04 -5.72215431702047111E-02 8.93028574123187904E-05 1.25593171907602481E-04 6.39937895828446734E-01
1.80081791E+00 1.23823867590448444E-01 7.79045295037295721E-04 -5.71825530874914348E-02 8.97398399558039828E-05 1.27179704585861033E-04 6.41412242109262731E-01
1.81667906E+00 1.23811268817661982E-01 7.84414244528681796E-04 -5.71140666678000009E-02 9.01801509081795553E-05 1.28793225470986457E-04 6.42903396920049830E-01
1.83254240E+00 1.23798585671935260E-01 7.89859279684164569E-04 -5.70155638525987329E-02 9.06237534626917773E-05 1.30434095716010521E-04 6.44411390755832980E-01
1.84840744E+00 1.23785817385602778E-01 7.95380941327286238E-04 -5.68870500513548039E-02 9.10706008797225594E-05 1.32102659391798260E-04 6.45936245718627622E-01
1.86427391E+00 1.23772963026230295E-01 8.00979861956211867E-04 -5.67284445771396514E-02 9.15206633253239673E-05 1.33799310766703452E-04 6.47477958142961496E-01
1.88014156E+00 1.23760021626167782E-01 8.06656727978821101E-04 -5.65397069024932419E-02 9.19739339107887046E-05 1.35524494985401041E-04 6.49036533940277605E-01
1.89601014E+00 1.23746992198542224E-01 8.12412304392799473E-04 -5.63208286163397187E-02 9.24304474214055697E-05 1.37278737777813325E-04 6.50611973089729401E-01
1.91187943E+00 1.23733873735068708E-01 8.18247523576850523E-04 -5.60718331230810677E-02 9.28903313409119288E-05 1.39062734045572852E-04 6.52204267596806608E-01
1.92774921E+00 1.23720665202103106E-01 8.24163458450107348E-04 -5.57927753463008380E-02 9.33537793837613717E-05 1.40877320832683960E-04 6.53813401568606123E-01
1.94361929E+00 1.23707365536585193E-01 8.30160830816141721E-04 -5.54837414368894929E-02 9.38207475444835152E-05 1.42722985469849543E-04 6.55439351301772111E-01
1.95948946E+00 1.23693973650185876E-01 8.36240238672067383E-04 -5.51448485747769654E-02 9.42911036240575454E-05 1.44600092505161183E-04 6.57082085394875448E-01
1.97535956E+00 1.23680488432514363E-01 8.42402369423119824E-04 -5.47762442477927256E-02 9.47647639619845778E-05 1.46509096526599366E-04 6.58741564945930946E-01
1.99122943E+00 1.23666908750326376E-01 8.48647964083172027E-04 -5.43781058432505071E-02 9.52416751941450657E-05 1.48450506020795175E-04 6.60417743771465449E-01
2.00709892E+00 1.23653233451578720E-01 8.54977847983189889E-04 -5.39506402275519090E-02 9.57218304925177606E-05 1.50424915559823399E-04 6.62110568625403295E-01
2.02296763E+00 1.23639461585577620E-01 8.61392860470212005E-04 -5.34940900189550261E-02 9.62052768089218988E-05 1.52433006634563445E-04 6.63819978723421245E-01
2.03883540E+00 1.23625591988618985E-01 8.67893994259070372E-04 -5.30087219174269347E-02 9.66920939403704177E-05 1.54475555845468666E-04 6.65545878047361983E-01
2.05470207E+00 1.23611623466430232E-01 8.74482435947937791E-04 -5.24948299138166888E-02 9.71824631256300417E-05 1.56553533620321518E-04 6.67288187008451494E-01
2.07056751E+00 1.23597554789215219E-01 8.81159774956101417E-04 -5.19527345616121808E-02 9.76767833788352754E-05 1.58668312796551972E-04 6.69046819709676943E-01
2.08643161E+00 1.23583384681881583E-01 8.87926344328751962E-04 -5.13827819028638555E-02 9.81746745954391737E-05 1.60820009158272063E-04 6.70821684284747644E-01
2.10229427E+00 1.23569111843907509E-01 8.94782712522165075E-04 -5.07853419889142052E-02 9.86758932122407974E-05 1.63008972294927617E-04 6.72612683228495656E-01
2.11815541E+00 1.23554734951409631E-01 9.01729766370839496E-04 -5.01608106928770683E-02 9.91803792115291847E-05 1.65235867965279795E-04 6.74419713988791969E-01
2.13401497E+00 1.23540252651495236E-01 9.08768553523176090E-04 -4.95096055350592937E-02 9.96881592326901014E-05 1.67501520069184299E-04 6.76242669452336465E-01
2.14987289E+00 1.23525663556861814E-01 9.15900186406969053E-04 -4.88321659847483908E-02 1.00199277114480364E-04 1.69806814125371170E-04 6.78081438399401382E-01
2.16572916E+00 1.23510966242468892E-01 9.23125903366965443E-04 -4.81289523886645892E-02 1.00713822822605972E-04 1.72152757855364795E-04 6.79935905987902323E-01
2.18158378E+00 1.23496159241853698E-01 9.30447267677681823E-04 -4.74004446725575720E-02 1.01232052014237463E-04 1.74540679629145407E-04 6.81805954283095095E-01
2.19743674E+00 1.23481241038984918E-01 9.37865475307793090E-04 -4.66471411236644845E-02 1.01753958549935728E-04 1.76971535742938155E-04 6.83691462810256168E-01
2.21328810E+00 1.23466210073121516E-01 9.45381433066038888E-04 -4.58695570643292902E-02 1.02279335385385887E-04 1.79445987769022121E-04 6.85592309092359242E-01
2.22913791E+00 1.23451064746573094E-01 9.52996299449008566E-04 -4.50682247952925857E-02 1.02808105419136618E-04 1.81964942499731209E-04 6.87508369319399515E-01
2.24498624E+00 1.23435803422021040E-01 9.60711414700419672E-04 -4.42436542863634125E-02 1.03340272875610776E-04 1.84529481304497052E-04 6.89439519062942319E-01
2.26083320E+00 1.23420424417831145E-01 9.68528400749066711E-04 -4.33965296474145348E-02 1.03875989404913187E-04 1.87140959390517226E-04 6.91385633919650799E-01
2.27667890E+00 1.23404926000031959E-01 9.76449323074231215E-04 -4.25272814099248511E-02 1.04415654891066055E-04 1.89801167048530520E-04 6.93346590166606047E-01
2.29252348E+00 1.23389306368905147E-01 9.84475472164201898E-04 -4.16365655934278281E-02 1.04959125858119522E-04 1.92511110609135648E-04 6.95322265377070425E-01
2.30836712E+00 1.23373563673136413E-01 9.92607804128525437E-04 -4.07249683493214332E-02 1.05505999404072439E-04 1.95271451908474191E-04 6.97312539015630173E-01
2.32421000E+00 1.23357696023566957E-01 1.00084757680308470E-03 -3.97930963058195850E-02 1.06056038140939628E-04 1.98083143210782148E-04 6.99317293280757424E-01
2.34005232E+00 1.23341701491359104E-01 1.00919680488556485E-03 -3.88415650694493159E-02 1.06609493730616702E-04 2.00947881490761473E-04 7.01336413949899429E-01
2.35589433E+00 1.23325578087810070E-01 1.01765966899849806E-03 -3.78709981698096346E-02 1.07168147006316667E-04 2.03869517056299112E-04 7.03369791077971374E-01
2.37173626E+00 1.23309323695205322E-01 1.02623611477444801E-03 -3.68820262686107986E-02 1.07730692381763021E-04 2.06847653359857123E-04 7.05417319510415752E-01
2.38757841E+00 1.23292936162748321E-01 1.03492729038057825E-03 -3.58752847118685297E-02 1.08296800947203575E-04 2.09883081360575486E-04 7.07478898878243889E-01
2.40342106E+00 1.23276405187538976E-01 1.04373441474105958E-03 -3.48466225581559735E-02 1.08866105896689676E-04 2.12976983211329575E-04 7.09554435292352625E-01
2.41926455E+00 1.23259733442641198E-01 1.05266147235047089E-03 -3.38066930593057466E-02 1.09440004106423991E-04 2.16132748208692279E-04 7.11643719189077983E-01
2.43510921E+00 1.23242920402849024E-01 1.06171066629697831E-03 -3.27509541109159211E-02 1.10018630218262074E-04 2.19352095651521476E-04 7.13746749727492191E-01
2.45095543E+00 1.23225964229431370E-01 1.07088308272498931E-03 -3.16800153076167781E-02 1.10601333273992408E-04 2.22635660688754708E-04 7.15863485214983220E-01
2.46680169E+00 1.23208864672613008E-01 1.08017939879523112E-03 -3.05946581565306464E-02 1.11187715924223189E-04 2.25984377630410459E-04 7.17993873174373354E-01
2.48264828E+00 1.23191619444942072E-01 1.08960191376000662E-03 -2.94955502055684431E-02 1.11777968953035778E-04 2.29400147221341257E-04 7.20137608364699977E-01
2.49849557E+00 1.23174226070740231E-01 1.09915293317944967E-03 -2.83833534464155435E-02 1.12372203349174089E-04 2.32884833839209582E-04 7.22294626786303184E-01
2.51434396E+00 1.23156681980182453E-01 1.10883455178944481E-03 -2.72587279287420797E-02 1.12970373948084043E-04 2.36440070252155282E-04 7.24464882630962648E-01
2.53019385E+00 1.23138984524330725E-01 1.11864884049738792E-03 -2.61223318475554550E-02 1.13572337550895468E-04 2.40067442777947747E-04 7.26648340389860703E-01
2.54604568E+00 1.23121130982959043E-01 1.12859809154862911E-03 -2.49748212973119575E-02 1.14178021379982545E-04 2.43768734960862055E-04 7.28844975501442005E-01
2.56189992E+00 1.23103118561739611E-01 1.13868476791040220E-03 -2.38168499477509309E-02 1.14787383947865645E-04 2.47545875821824301E-04 7.31054774808275631E-01
2.57775704E+00 1.23084944387999537E-01 1.14891154593297555E-03 -2.26490684510134502E-02 1.15400629457590678E-04 2.51400981408953818E-04 7.33277736799559654E-01
2.59361753E+00 1.23066605500885551E-01 1.15928113570951770E-03 -2.14721239441400119E-02 1.16017825224708972E-04 2.55336174131617921E-04 7.35513871798623931E-01
2.60948193E+00 1.23048098849666721E-01 1.16979636338117201E-03 -2.02866595655593444E-02 1.16638944387025589E-04 2.59353663823062202E-04 7.37763201984794503E-01
2.62535076E+00 1.23029421291453181E-01 1.18046062581862211E-03 -1.90933141932055246E-02 1.17264418436677473E-04 2.63456201193617992E-04 7.40025761438969698E-01
2.64122458E+00 1.23010569569062492E-01 1.19127773182149004E-03 -1.78927224597839121E-02 1.17895238450315098E-04 2.67646918293732740E-04 7.42301596079581016E-01
2.65710397E+00 1.22991540282316777E-01 1.20225177135276583E-03 -1.66855143986852777E-02 1.18532053033926137E-04 2.71929197184755250E-04 7.44590763328297545E-01
2.67298879E+00 1.22972330765468374E-01 1.21338499734169889E-03 -1.54723717174134572E-02 1.19174873366405056E-04 2.76304866035508067E-04 7.46893331552521245E-01
2.68887768E+00 1.22952939770405736E-01 1.22467748110949510E-03 -1.42540633533540795E-02 1.19822424625898969E-04 2.80774077600194464E-04 7.49209271767090179E-01
2.70477124E+00 1.22933363715823682E-01 1.23613206109419354E-03 -1.30312063574556814E-02 1.20474359845994757E-04 2.85338908685900557E-04 7.51538382943836902E-01
2.72067007E+00 1.22913598952488018E-01 1.24775181106655860E-03 -1.18044122354101135E-02 1.21130284655748653E-04 2.90001633022914920E-04 7.53880752761846074E-01
2.73657480E+00 1.22893641752383126E-01 1.25953994277943748E-03 -1.05742856273202870E-02 1.21790371142329012E-04 2.94764622703297982E-04 7.56236479099370418E-01
2.75248606E+00 1.22873488299213116E-01 1.27149972524354267E-03 -9.34142406998382004E-03 1.22454161286710228E-04 2.99630265952149249E-04 7.58605669184053699E-01
2.76840452E+00 1.22853134692437763E-01 1.28363468836245674E-03 -8.10641824889684649E-03 1.23121185818735306E-04 3.04601169099986610E-04 7.60988438585125770E-01
2.78433085E+00 1.22832576945582195E-01 1.29594863558600212E-03 -6.86985219608629658E-03 1.23791149906701359E-04 3.09680167808183584E-04 7.63384910392217009E-01
2.80026574E+00 1.22811810980917147E-01 1.30844580715018728E-03 -5.63230324800869687E-03 1.24464475334674582E-04 3.14870488968596270E-04 7.65795214211969166E-01
2.81620989E+00 1.22790832613208292E-01 1.32113076135552290E-03 -4.39434222767689717E-03 1.25141008070803981E-04 3.20175630828382603E-04 7.68219484927676444E-01
2.83216403E+00 1.22769637538195642E-01 1.33400877491531684E-03 -3.15653328573499642E-03 1.25821150306936575E-04 3.25599762222109090E-04 7.70657861170812475E-01
2.84812856E+00 1.22748221729127652E-01 1.34708731731965413E-03 -1.91945894518194310E-03 1.26506642292168912E-04 3.31149345808588941E-04 7.73110483838913232E-01
2.86410139E+00 1.22726584364457200E-01 1.36037441759936256E-03 -6.83892577108421778E-04 1.27200478271852327E-04 3.36832571798839414E-04 7.75577445379154296E-01
2.88008324E+00 1.22704720486202887E-01 1.37387123137792293E-03 5.49615420085420268E-04 1.27900453344161736E-04 3.42649402856339154E-04 7.78058441260122247E-01
2.89607488E+00 1.22682625069241352E-01 1.38758201560814113E-03 1.78053494488694154E-03 1.28605685493831165E-04 3.48602846896450477E-04 7.80553593831907255E-01
2.91207705E+00 1.22660293020258687E-01 1.40151158809296260E-03 3.00833963410359001E-03 1.29315283910464709E-04 3.54696414763968227E-04 7.83063022205494508E-01
2.92809054E+00 1.22637719165411690E-01 1.41566550654376937E-03 4.23250987051426025E-03 1.30028962013095293E-04 3.60934298073420151E-04 7.85586840791719032E-01
2.94411612E+00 1.22614898229523969E-01 1.43005025499638705E-03 5.45253088066688721E-03 1.30747345137747145E-04 3.67321554562555534E-04 7.88125157558078104E-01
2.96015459E+00 1.22591824809662006E-01 1.44467268029294625E-03 6.66789050972313880E-03 1.31470699349241752E-04 3.73863543520568662E-04 7.90678072102023455E-01
2.97620675E+00 1.22568493360146372E-01 1.45953970633100078E-03 7.87808426148390965E-03 1.32198178699134466E-04 3.80565638941155111E-04 7.93245673622704706E-01
2.99227340E+00 1.22544898185154225E-01 1.47465969021978011E-03 9.08262157117350512E-03 1.32929615433159323E-04 3.87434584983196951E-04 7.95828039281134769E-01
3.00835526E+00 1.22521033587588229E-01 1.49004273515466199E-03 1.02810054235781094E-02 1.33665568392795058E-04 3.94478873725660967E-04 7.98425232849432898E-01
3.02444979E+00 1.22496898479435942E-01 1.50569700270854049E-03 1.14725042568703719E-02 1.34407152110925055E-04 4.01706688630517565E-04 8.01037283020148427E-01
3.04055784E+00 1.22472486569027775E-01 1.52163230912433244E-03 1.26566422930456147E-02 1.35155328203133808E-04 4.09126104232031100E-04 8.03663675647498077E-01
3.05668024E+00 1.22447791240370654E-01 1.53785609980287190E-03 1.38329511649639657E-02 1.35910380530644936E-04 4.16742763080568625E-04 8.06304416641012156E-01
3.07281784E+00 1.22422805646639737E-01 1.55438146067327955E-03 1.50009697643878077E-02 1.36673646285506852E-04 4.24567879103678460E-04 8.08959493229162052E-01
3.08897149E+00 1.22397522550549295E-01 1.57121235980510346E-03 1.61602395867052225E-02 1.37443062518555523E-04 4.32603485043307268E-04 8.11628875025530827E-01
3.10514205E+00 1.22371934606534213E-01 1.58835131671363405E-03 1.73103201253123964E-02 1.38216523538707916E-04 4.40850086278754929E-04 8.14312512566861324E-01
3.12133038E+00 1.22346034524742145E-01 1.60580788540132203E-03 1.84507751155607060E-02 1.38994609835142160E-04 4.49315133462501078E-04 8.17010339671995989E-01
3.13753735E+00 1.22319814898799409E-01 1.62359215930484740E-03 1.95811633252539613E-02 1.39776855597570452E-04 4.58006533781943131E-04 8.19722274528878470E-01
3.15376383E+00 1.22293268123793708E-01 1.64171607785464947E-03 2.07010537822710020E-02 1.40563496366931053E-04 4.66933960600322644E-04 8.22448217610420529E-01
3.17000869E+00 1.22266389637206388E-01 1.66019059747971281E-03 2.18098810774082601E-02 1.41355108354536218E-04 4.76107173406953050E-04 8.25188050848463250E-01
3.18627115E+00 1.22239174114748925E-01 1.67902738038721135E-03 2.29071125773423825E-02 1.42152377181419958E-04 4.85536410805107767E-04 8.27941299402783382E-01
3.20255211E+00 1.22211613146829878E-01 1.69824037640609830E-03 2.39923368318849806E-02 1.42956070043959014E-04 4.95233185232768231E-04 8.30707524196567570E-01
3.21885247E+00 1.22183697936478763E-01 1.71784327185479100E-03 2.50651460503464422E-02 1.43766697858418139E-04 5.05208671585761007E-04 8.33486551903489414E-01
3.23517312E+00 1.22155419314615932E-01 1.73784690100432706E-03 2.61251371754171111E-02 1.44583848285894376E-04 5.15471115342091440E-04 8.36278196518723260E-01
3.25151496E+00 1.22126767832964750E-01 1.75825894189476548E-03 2.71719156328660769E-02 1.45406441265072167E-04 5.26025519957258408E-04 8.39082262803465984E-01
3.26787888E+00 1.22097733883501480E-01 1.77908769663124352E-03 2.82050941132557971E-02 1.46233612721109751E-04 5.36877416894997964E-04 8.41898550206499396E-01
3.28426579E+00 1.22068307718515581E-01 1.80034496573094980E-03 2.92242876191062886E-02 1.47065063462060980E-04 5.48035736743270117E-04 8.44726856233859791E-01
3.30067657E+00 1.22038479359973598E-01 1.82204834597411497E-03 3.02291112599886377E-02 1.47901317151717112E-04 5.59515112403357576E-04 8.47566978111776059E-01
3.31711078E+00 1.22008240897932496E-01 1.84421804922670985E-03 3.12190980018627467E-02 1.48743412107576263E-04 5.71333560909792178E-04 8.50418713107221169E-01
3.33356690E+00 1.21977585952990797E-01 1.86686023474593853E-03 3.21937239397829950E-02 1.49590997959608271E-04 5.83495702701612891E-04 8.53281624433923747E-01
3.35004586E+00 1.21946503443181614E-01 1.88998602789104404E-03 3.31526309575980796E-02 1.50443747319959221E-04 5.96009526397829397E-04 8.56155086888835459E-01
3.36654857E+00 1.21914982063020219E-01 1.91361573630108544E-03 3.40954647576851080E-02 1.51301480361794972E-04 6.08892114376336944E-04 8.59038904268039083E-01
3.38307596E+00 1.21883010091221614E-01 1.93776877044340317E-03 3.50218716460335353E-02 1.52163999568016980E-04 6.22159588416470771E-04 8.61932889233876010E-01
3.39962894E+00 1.21850575334442476E-01 1.96245529629288096E-03 3.59314990358336056E-02 1.53030833578575350E-04 6.35818769423561448E-04 8.64836864779269798E-01
3.41620841E+00 1.21817665270304146E-01 1.98768411502637599E-03 3.68239952993332093E-02 1.53901657314891444E-04 6.49875028087411365E-04 8.67750667269366338E-01
3.43281530E+00 1.21784267118773923E-01 2.01346907133586597E-03 3.76990096016580067E-02 1.54777902996693626E-04 6.64338676140916254E-04 8.70674152124080836E-01
3.44945049E+00 1.21750367763743567E-01 2.03982243300343709E-03 3.85561867426024024E-02 1.55658691089480408E-04 6.79218351845527635E-04 8.73607198209201852E-01
3.46611366E+00 1.21715956324910363E-01 2.06675543133629782E-03 3.93951246149552362E-02 1.56543528033800992E-04 6.94522433780851668E-04 8.76549710077355715E-01
3.48280313E+00 1.21681024486962566E-01 2.09427819537510041E-03 4.02153605963295260E-02 1.57432254357556766E-04 7.10259092540040278E-04 8.79501401814940742E-01
3.49951985E+00 1.21645558253383593E-01 2.12241764538056857E-03 4.10165704330480024E-02 1.58325702694769247E-04 7.26451425211954542E-04 8.82461783788279108E-01
3.51626472E+00 1.21609542846553106E-01 2.15117972500826352E-03 4.17984234400922486E-02 1.59223032663794145E-04 7.43101519825183359E-04 8.85430862709135735E-01
3.53303868E+00 1.21572963172402640E-01 2.18056253646926575E-03 4.25606001322319516E-02 1.60123127216410391E-04 7.60203547322066127E-04 8.88408682256213611E-01
3.54984265E+00 1.21535804218568425E-01 2.21058427020828525E-03 4.33027849488946126E-02 1.61026140899068305E-04 7.77771647158062834E-04 8.91395329218402588E-01
3.56667753E+00 1.21498050672389210E-01 2.24127081645677292E-03 4.40246573886143994E-02 1.61932203006977379E-04 7.95827586092169950E-04 8.94390938065052432E-01
3.58354422E+00 1.21459686634226127E-01 2.27265424362493688E-03 4.47259007487330398E-02 1.62841796533203187E-04 8.14399284183260413E-04 8.97395689023149146E-01
3.60044362E+00 1.21420695388284081E-01 2.30476292613004171E-03 4.54061982049963828E-02 1.63755420222871847E-04 8.33510988546875414E-04 9.00409805963517607E-01
3.61737525E+00 1.21381062617475277E-01 2.33760984554094069E-03 4.60651772055840070E-02 1.64673107998833835E-04 8.53172659611190344E-04 9.03433554735873501E-01
3.63433756E+00 1.21340776143453719E-01 2.37120009681702744E-03 4.67024309424458259E-02 1.65594651638045011E-04 8.73387263307450054E-04 9.06466999475565638E-01
3.65133148E+00 1.21299817705526419E-01 2.40555481641714078E-03 4.73176576803671298E-02 1.66520258876760548E-04 8.94171876076609398E-04 9.09510062761859417E-01
3.66835792E+00 1.21258168519541354E-01 2.44072883914617927E-03 4.79105553423279443E-02 1.67450832771009057E-04 9.15577290225583033E-04 9.12563167551977861E-01
3.68541779E+00 1.21215808583955018E-01 2.47677736538565001E-03 4.84808269861511862E-02 1.68387104446459035E-04 9.37654889847702256E-04 9.15626792766751851E-01
3.70251201E+00 1.21172716390039056E-01 2.51367811723371285E-03 4.90281791962813573E-02 1.69328181473169448E-04 9.60378924499551687E-04 9.18701460786520152E-01
3.71964145E+00 1.21128870264280486E-01 2.55140675310159062E-03 4.95523114744667731E-02 1.70273523213092807E-04 9.83721557450505579E-04 9.21787730835062269E-01
3.73680702E+00 1.21084248795672131E-01 2.58995776977910888E-03 5.00529198212046125E-02 1.71223055740355796E-04 1.00767361888773029E-03 9.24886226971495695E-01
3.75395287E+00 1.21038981694521014E-01 2.62919928120668731E-03 5.05280870608287927E-02 1.72173401318486628E-04 1.03214857992931040E-03 9.27997648606999515E-01
3.77107035E+00 1.20993080517298998E-01 2.66910068999877447E-03 5.09775608068987404E-02 1.73123819432447206E-04 1.05712219238811929E-03 9.31112456322649051E-01
3.78816234E+00 1.20946526772468768E-01 2.70965757539202946E-03 5.14014070720384755E-02 1.74074246368937947E-04 1.08258655270611348E-03 9.34229676466813874E-01
3.80523164E+00 1.20899301852817748E-01 2.75086958352966727E-03 5.17996550811136713E-02 1.75024755754303075E-04 1.10853779759613599E-03 9.37350474928008492E-01
3.82228103E+00 1.20851386947280717E-01 2.79274496676326905E-03 5.21723223185731610E-02 1.75975663831674914E-04 1.13498064398173020E-03 9.40476057840701873E-01
3.83930285E+00 1.20802792789578811E-01 2.83527332303853009E-03 5.25191991742160816E-02 1.76926981680460113E-04 1.16191073735330466E-03 9.43607672621814886E-01
3.85628616E+00 1.20753540963256759E-01 2.87842986839255193E-03 5.28400782853255604E-02 1.77878607539219637E-04 1.18931288387192063E-03 9.46744687459307843E-01
3.87323405E+00 1.20703613258617781E-01 2.92220940036194308E-03 5.31350875899106664E-02 1.78830961677690193E-04 1.21717884346765463E-03 9.49885873483431675E-01
3.89014955E+00 1.20652991324833606E-01 2.96660388310874927E-03 5.34043251263302265E-02 1.79784254188577818E-04 1.24549754424119826E-03 9.53032604231076275E-01
3.90703561E+00 1.20601656838221591E-01 3.01166081806215034E-03 5.36478731597058514E-02 1.80739416867214839E-04 1.27431341369976131E-03 9.56186269925322407E-01
3.92389519E+00 1.20549590529027209E-01 3.05753582711270266E-03 5.38658120589406014E-02 1.81698990692089421E-04 1.30377928924392127E-03 9.59348278987646186E-01
3.94073121E+00 1.20496769754075264E-01 3.10421026517301380E-03 5.40582313278947235E-02 1.82662816032496452E-04 1.33387487433654661E-03 9.62520032653004787E-01
3.95754661E+00 1.20443171016773348E-01 3.15160195896555233E-03 5.42251930910686020E-02 1.83629992086935999E-04 1.36451669518427134E-03 9.65702862869259104E-01
3.97434429E+00 1.20388771807416931E-01 3.19973085292238552E-03 5.43667451659946635E-02 1.84601374177453782E-04 1.39572303195330824E-03 9.68898083981534652E-01
3.99112719E+00 1.20333549135741652E-01 3.24859976046561454E-03 5.44829422434286309E-02 1.85577673732890470E-04 1.42749501691536774E-03 9.72107037911420391E-01
4.00789823E+00 1.20277479374485449E-01 3.29813540002097706E-03 5.45738267847740918E-02 1.86558451139882638E-04 1.45975775035273817E-03 9.75331064337479958E-01
4.02466033E+00 1.20220539627539091E-01 3.34824304243485802E-03 5.46394136268060007E-02 1.87542694677123755E-04 1.49241464054041114E-03 9.78571488676519774E-01
4.04139516E+00 1.20162782571949595E-01 3.39877413482621640E-03 5.46795947966486895E-02 1.88528083741576805E-04 1.52533731675091638E-03 9.81829635404248835E-01
4.05810125E+00 1.20104207418988765E-01 3.44964513496421373E-03 5.46888511827749932E-02 1.89513466580363551E-04 1.55844490158128096E-03 9.85102668300988582E-01
4.07478154E+00 1.20044799805722247E-01 3.50080895085336501E-03 5.46941142608672465E-02 1.90498582081251354E-04 1.59168811655875349E-03 9.88390972277630397E-01
4.09143900E+00 1.19984546035444312E-01 3.55226364048590081E-03 5.46472927768196434E-02 1.91484852593546475E-04 1.62506267199743343E-03 9.91695756698818376E-01
4.10807664E+00 1.19923432285263060E-01 3.60408880079830752E-03 5.45904527656274410E-02 1.92475255924978749E-04 1.65864597228140538E-03 9.95018193428779063E-01
4.12469752E+00 1.19861443126014280E-01 3.65649128298675121E-03 5.45059989188544300E-02 1.93473327878609241E-04 1.69264339019371260E-03 9.98359390212287034E-01
4.14130473E+00 1.19798558414711723E-01 3.70954619651296929E-03 5.43973288050507847E-02 1.94478551479607223E-04 1.72713031406371157E-03 1.00172034889340722E+00
4.15790141E+00 1.19734754644729949E-01 3.76307051128241775E-03 5.42643344124797214E-02 1.95491352407844120E-04 1.76192545244838357E-03 1.00510189011820894E+00
4.17449073E+00 1.19670009706725491E-01 3.81688226005168565E-03 5.41072365189009391E-02 1.96509646322702266E-04 1.79684829687717386E-03 1.00850466788778492E+00
4.19107589E+00 1.19604304530416747E-01 3.87099597546208211E-03 5.39262172042380694E-02 1.97539330680899079E-04 1.83191372942289221E-03 1.01192927803563326E+00
4.20766013E+00 1.19537620968062114E-01 3.92540418617821300E-03 5.37215056808514682E-02 1.98574910639202039E-04 1.86711388067235134E-03 1.01537631174344067E+00
4.22424671E+00 1.19469939871234304E-01 3.98033519876367023E-03 5.34933025598038209E-02 1.99620535520809327E-04 1.90267688371442050E-03 1.01884632586547941E+00
4.24082189E+00 1.19401309135429998E-01 4.03587081848129359E-03 5.32421135011207775E-02 2.00678997127103412E-04 1.93870589820053845E-03 1.02233977515327412E+00
4.25728654E+00 1.19332140814352880E-01 4.09162446245817189E-03 5.29699124744364008E-02 2.01741933369505374E-04 1.97493879232265961E-03 1.02585331116355016E+00
4.27364763E+00 1.19262415320307694E-01 4.14750052243703302E-03 5.26775854576521166E-02 2.02806571488299510E-04 2.01128037755045948E-03 1.02936509035886870E+00
4.28991301E+00 1.19192109218355907E-01 4.20344049261065118E-03 5.23658675728990650E-02 2.03874030460041058E-04 2.04767080972916363E-03 1.03287550445357423E+00
4.30609030E+00 1.19121200014395329E-01 4.25954034467262987E-03 5.20354750897281532E-02 2.04944051239844190E-04 2.08420439447178822E-03 1.03638509454568517E+00
4.32212180E+00 1.19049956960368325E-01 4.31583689622684532E-03 5.16885246303396134E-02 2.06016140271268505E-04 2.12099637864586986E-03 1.03989431821358425E+00
4.33801389E+00 1.18978358690228353E-01 4.37216991949439335E-03 5.13256479590039547E-02 2.07091370189836752E-04 2.15789136351232430E-03 1.04338926420387912E+00
4.35377388E+00 1.18906394866217707E-01 4.42811183706918587E-03 5.09487606333380028E-02 2.08161142667791726E-04 2.19446270843488660E-03 1.04686933670670634E+00
4.36940996E+00 1.18834050759396612E-01 4.48344185820873705E-03 5.05584214686757433E-02 2.09224105733873711E-04 2.23048815975949652E-03 1.05033460786293165E+00
4.38493126E+00 1.18761308705723323E-01 4.53805090635281579E-03 5.01555659419578997E-02 2.10281715767917960E-04 2.26585472241268250E-03 1.05378530598327380E+00
4.40034788E+00 1.18688146547184972E-01 4.59188237207402289E-03 4.97411240606876193E-02 2.11332836247255662E-04 2.30049987962868858E-03 1.05722190573384744E+00
4.41567087E+00 1.18614536415792282E-01 4.64504248551945303E-03 4.93160284184644068E-02 2.12382562100829397E-04 2.33452234216730741E-03 1.06064514268399335E+00
4.43091224E+00 1.18540442321178510E-01 4.69776169063151113E-03 4.88812147946415115E-02 2.13438526188911303E-04 2.36814414374864318E-03 1.06405601519309334E+00
4.44608494E+00 1.18465817751199062E-01 4.75014227823464426E-03 4.84376205990062828E-02 2.14500086513985086E-04 2.40145900984909278E-03 1.06745575076264565E+00
4.46120280E+00 1.18390606478753838E-01 4.80208353406203457E-03 4.79861596117669917E-02 2.15562308182604199E-04 2.43435747498778549E-03 1.07084576628888573E+00
4.47628053E+00 1.18314746085006681E-01 4.85353495813494254E-03 4.75277072559643007E-02 2.16622360306546453E-04 2.46677887237099292E-03 1.07422767919102813E+00
4.49127431E+00 1.18238473991615772E-01 4.90441602353012141E-03 4.70649427279477561E-02 2.17679201320641961E-04 2.49870570432397408E-03 1.07760339368837643E+00
4.50618670E+00 1.18161796852224124E-01 4.95487797642391817E-03 4.65993109550418075E-02 2.18737287901818071E-04 2.53029373182676832E-03 1.08096185122725763E+00
4.52102453E+00 1.18084696390499025E-01 5.00504916897505543E-03 4.61321310962113859E-02 2.19797859282551861E-04 2.56167058672578845E-03 1.08430244845086343E+00
4.53579398E+00 1.18007155280176135E-01 5.05489025738899925E-03 4.56648055264244138E-02 2.20859174592931618E-04 2.59279714356112131E-03 1.08762559830747474E+00
4.55049384E+00 1.17929194897555906E-01 5.10439058038223738E-03 4.51989451356842667E-02 2.21922536279914730E-04 2.62367221726346076E-03 1.09093163334570731E+00
4.56509199E+00 1.17851004730252354E-01 5.15343451989573771E-03 4.47371773665040801E-02 2.22984656397593226E-04 2.65422856516696944E-03 1.09421931351216983E+00
4.57959808E+00 1.17772553135481517E-01 5.20208384019460891E-03 4.42808382488506028E-02 2.24045457460826598E-04 2.68452349856128630E-03 1.09748059562047784E+00
4.59402082E+00 1.17693810481845546E-01 5.25032036793092894E-03 4.38312762359015784E-02 2.25105357283132489E-04 2.71453586083520576E-03 1.10071684395739355E+00
4.60836809E+00 1.17614749965066254E-01 5.29808946567575118E-03 4.33898526151619904E-02 2.26164561963168652E-04 2.74420902725603343E-03 1.10392926419348436E+00
4.62264706E+00 1.17535347827094683E-01 5.34537918797472512E-03 4.29579382979239158E-02 2.27223859564216221E-04 2.77352979441961283E-03 1.10711896274731947E+00
4.63686433E+00 1.17455582524187946E-01 5.39216670397524994E-03 4.25369221856585072E-02 2.28283059494921301E-04 2.80247480101529327E-03 1.11028699054859059E+00
4.65102595E+00 1.17375434243356308E-01 5.43856831374762290E-03 4.21281839269974298E-02 2.29347405910363967E-04 2.83116035555087617E-03 1.11343436184320788E+00
4.66513756E+00 1.17294883233724528E-01 5.48452257508481433E-03 4.17331084652400250E-02 2.30412662886986665E-04 2.85952550292632637E-03 1.11656207612078617E+00
4.67920443E+00 1.17213910661084803E-01 5.52987585626076462E-03 4.13531478160902022E-02 2.31475490062820025E-04 2.88741734861902057E-03 1.11967112201974794E+00
4.69323154E+00 1.17132499284033131E-01 5.57467204889278232E-03 4.09897063203911657E-02 2.32537360061001468E-04 2.91488053619257071E-03 1.12276250184965631E+00
4.70722364E+00 1.17050631776099451E-01 5.61893838566880632E-03 4.06441310038837406E-02 2.33601954608124863E-04 2.94194315846857532E-03 1.12583725132413393E+00
4.72118526E+00 1.16968290063609051E-01 5.66265764956206969E-03 4.03177183489233301E-02 2.34666543595382675E-04 2.96858895661169468E-03 1.12889643471499124E+00
4.73512080E+00 1.16885456150595493E-01 5.70584809166054408E-03 4.00117204502701551E-02 2.35729397053295928E-04 2.99483712449471117E-03 1.13194114430536508E+00
4.74903450E+00 1.16802112534087177E-01 5.74853967286586675E-03 3.97273369762438933E-02 2.36790544334733878E-04 3.02071850356280943E-03 1.13497251640356889E+00
4.76293051E+00 1.16718242258556135E-01 5.79074309541992814E-03 3.94657022528678569E-02 2.37850994609848591E-04 3.04624457258954743E-03 1.13799173695047995E+00
4.77681286E+00 1.16633828842197959E-01 5.83244499791129613E-03 3.92278762928312194E-02 2.38911761807026116E-04 3.07140253950690528E-03 1.14100003507636583E+00
4.79068551E+00 1.16548856193194161E-01 5.87362622594635956E-03 3.90148411625384633E-02 2.39973919202374794E-04 3.09617353634102565E-03 1.14399866818979801E+00
4.80455233E+00 1.16463308452391237E-01 5.91426434659758637E-03 3.88274992591944521E-02 2.41037455776126980E-04 3.12053518089647685E-03 1.14698890146408594E+00
4.81841710E+00 1.16377169866287933E-01 5.95434192786696050E-03 3.86666718593837097E-02 2.42101175644293860E-04 3.14446998091425867E-03 1.14997198144211565E+00
4.83228355E+00 1.16290424644559992E-01 5.99385385708428847E-03 3.85330958657421410E-02 2.43164452856160318E-04 3.16797277025459385E-03 1.15294910624747060E+00
4.84615531E+00 1.16203056737239227E-01 6.03280814400605422E-03 3.84274233331468595E-02 2.44228381773389032E-04 3.19105160925620525E-03 1.15592139693932183E+00
4.86003597E+00 1.16115049542956900E-01 6.07120952603611413E-03 3.83502323550106855E-02 2.45294112798742474E-04 3.21371146463011580E-03 1.15888986946147887E+00
4.87392907E+00 1.16026385808485427E-01 6.10904654180942537E-03 3.83020726294490271E-02 2.46361488480199224E-04 3.23594131556068651E-03 1.16185541074200027E+00
4.88783808E+00 1.15937047755676925E-01 6.14631256018033714E-03 3.82955845922948526E-02 2.47431487021034554E-04 3.25773517926695360E-03 1.16481876821803931E+00
4.90176646E+00 1.15847016987494875E-01 6.18300049905768159E-03 3.82888606166836010E-02 2.48506021486226002E-04 3.27908683677827825E-03 1.16778055522807089E+00
4.91571767E+00 1.15756274374594334E-01 6.21909737353668491E-03 3.83014214128549538E-02 2.49585934358421610E-04 3.29998439290174689E-03 1.17074126139616630E+00
4.92969517E+00 1.15664800049435912E-01 6.25458765179786637E-03 3.84234797695431549E-02 2.50669979739226293E-04 3.32041363069783633E-03 1.17370125459580366E+00
4.94370244E+00 1.15572573469638160E-01 6.28946483653039859E-03 3.84957171531144227E-02 2.51756694334857032E-04 3.34036957279234843E-03 1.17666075828586503E+00
4.95774305E+00 1.15479573406666966E-01 6.32373671126717184E-03 3.86298803395529466E-02 2.52845440821388584E-04 3.35986170058533802E-03 1.17961979082267465E+00
4.97182063E+00 1.15385777969357478E-01 6.35742054801652010E-03 3.87866281818628825E-02 2.53935714883189701E-04 3.37890910447453041E-03 1.18257807180477159E+00
4.98593892E+00 1.15291164852044756E-01 6.39053941999747060E-03 3.89739635782809096E-02 2.55027010081213109E-04 3.39753668928804075E-03 1.18553498850248951E+00
5.00010180E+00 1.15195711555918817E-01 6.42312895911593355E-03 3.91899291800362898E-02 2.56120847869464939E-04 3.41578182162947551E-03 1.18848974564261245E+00
5.01431330E+00 1.15099395165231821E-01 6.45521299708189545E-03 3.94344524656450590E-02 2.57217800236896131E-04 3.43366992300622297E-03 1.19144160631807439E+00
5.02857763E+00 1.15002192140521500E-01 6.48680165436170148E-03 3.97070777429325700E-02 2.58317898930299325E-04 3.45121249737291580E-03 1.19439001382635990E+00
5.04289920E+00 1.14904078097949669E-01 6.51788484137108895E-03 4.00073543691957037E-02 2.59418592719590181E-04 3.46840056123279240E-03 1.19733456901714952E+00
5.05728264E+00 1.14805027786280295E-01 6.54845227973827829E-03 4.03348042206178176E-02 2.60517739481490730E-04 3.48522457069938736E-03 1.20027497458332943E+00
5.07173280E+00 1.14705014872480693E-01 6.57850039316924904E-03 4.06889297313374476E-02 2.61614414299577520E-04 3.50168125667467151E-03 1.20321104630217013E+00
5.08625477E+00 1.14604011601491071E-01 6.60802150759804297E-03 4.10692171628260425E-02 2.62707520009132966E-04 3.51776279093365778E-03 1.20614276264846487E+00
5.10085388E+00 1.14501988597459609E-01 6.63700099302587474E-03 4.14751444154998206E-02 2.63797327376180440E-04 3.53345383989012900E-03 1.20907027508875786E+00
5.11553573E+00 1.14398914714073582E-01 6.66541332800516060E-03 4.19061910432010562E-02 2.64884266284353949E-04 3.54872747960066496E-03 1.21199386197007408E+00
5.13028108E+00 1.14294933779347643E-01 6.69321031505989376E-03 4.23611025492141580E-02 2.65969146354807248E-04 3.56355514941757243E-03 1.21491389532882277E+00
5.14504186E+00 1.14190396292135427E-01 6.72030459831237000E-03 4.28375618966382876E-02 2.67049555222526535E-04 3.57789175584794167E-03 1.21782597988331553E+00
5.15982551E+00 1.14085262491940231E-01 6.74669571595078957E-03 4.33347576515768357E-02 2.68123897623502702E-04 3.59172843583202778E-03 1.22072045246743799E+00
5.17463927E+00 1.13979493035152424E-01 6.77238786570562041E-03 4.38519840489058413E-02 2.69189644942291115E-04 3.60506061588449379E-03 1.22359894747445397E+00
5.18948914E+00 1.13873056507675985E-01 6.79743934064961589E-03 4.43885891416707853E-02 2.70247488908366851E-04 3.61793834380855304E-03 1.22646306479079814E+00
5.20437836E+00 1.13765939703746460E-01 6.82189452264429005E-03 4.49438820608090220E-02 2.71296349404286509E-04 3.63039958224668172E-03 1.22931399250785489E+00
5.21931312E+00 1.13658106591018576E-01 6.84580761544464986E-03 4.55173226429816738E-02 2.72340102751557356E-04 3.64248934762093383E-03 1.23215226141560641E+00
5.23425417E+00 1.13549848450164484E-01 6.86913857474205202E-03 4.61066741714901696E-02 2.73373939288984631E-04 3.65419340724550731E-03 1.23497895809187153E+00
5.24917812E+00 1.13441343640603973E-01 6.89187963208458699E-03 4.67101719005726876E-02 2.74398887292196772E-04 3.66551512975872009E-03 1.23778660271955432E+00
5.26409099E+00 1.13332557028683681E-01 6.91407207813709863E-03 4.73272044028712410E-02 2.75415565982127476E-04 3.67648326796466036E-03 1.24057080559699395E+00
5.27899847E+00 1.13223454013526695E-01 6.93579702492077167E-03 4.79572664036529497E-02 2.76425879121562233E-04 3.68716648729336101E-03 1.24333269198090313E+00
5.29390595E+00 1.13114000205268975E-01 6.95714626390771945E-03 4.85999263311814034E-02 2.77432107518588308E-04 3.69764438079032108E-03 1.24607336699001747E+00
5.30881853E+00 1.13004161264196587E-01 6.97815813130928282E-03 4.92548128787838393E-02 2.78432563531917318E-04 3.70794347022617137E-03 1.24879392163309899E+00
5.32374102E+00 1.12893903797004605E-01 6.99888277217626531E-03 4.99216192916205892E-02 2.79427652655188255E-04 3.71810235107182053E-03 1.25149539452985725E+00
5.33867797E+00 1.12783195559137489E-01 7.01939322504743519E-03 5.06000861699647114E-02 2.80421074891167043E-04 3.72818283061726857E-03 1.25417877165891434E+00
5.35363368E+00 1.12672005016119778E-01 7.03972657757834415E-03 5.12899913843114022E-02 2.81411007995694513E-04 3.73821129270007768E-03 1.25684491041631508E+00
5.36861220E+00 1.12560301837187099E-01 7.05988895496917606E-03 5.19911518976019782E-02 2.82397215092461840E-04 3.74818369326726996E-03 1.25949443506194947E+00
5.38361736E+00 1.12448057368005797E-01 7.07984663428220650E-03 5.27034237997487387E-02 2.83376808881332038E-04 3.75805653681496668E-03 1.26212776543813066E+00
5.39865275E+00 1.12335245525960192E-01 7.09962946530275692E-03 5.34266964403203939E-02 2.84351175931004752E-04 3.76785008852222915E-03 1.26474529344452291E+00
5.41372176E+00 1.12221842272161046E-01 7.11930176784509542E-03 5.41608702848164481E-02 2.85324647146144555E-04 3.77761948584647098E-03 1.26734753752481555E+00
5.42882757E+00 1.12107825021413282E-01 7.13888829660713244E-03 5.49058665182484071E-02 2.86295445776372191E-04 3.78738094212551554E-03 1.26993509618780820E+00
5.44397314E+00 1.11993173079426758E-01 7.15837636670145234E-03 5.56616295056397634E-02 2.87262605590339528E-04 3.79711385687334785E-03 1.27250857584179267E+00
5.45916125E+00 1.11877868152977122E-01 7.17775558305615378E-03 5.64281144742490026E-02 2.88224455871797895E-04 3.80680034796648543E-03 1.27506859441820830E+00
5.47439447E+00 1.11761894472712314E-01 7.19701237092601736E-03 5.72052854837089009E-02 2.89179520635373386E-04 3.81641972937514767E-03 1.27761575354230872E+00
5.48967520E+00 1.11645238719197598E-01 7.21607646891357472E-03 5.79930955835673070E-02 2.90126068195236601E-04 3.82589497829238616E-03 1.28015053851216187E+00
5.50500565E+00 1.11527890061712931E-01 7.23490850940207691E-03 5.87914815919212894E-02 2.91063808958811005E-04 3.83517998338293257E-03 1.28267328376975054E+00
5.52038786E+00 1.11409839230436972E-01 7.25355048212093356E-03 5.96003391940726074E-02 2.91999000694086641E-04 3.84431001084708590E-03 1.28518429495982911E+00
5.53581575E+00 1.11291138430484313E-01 7.27199678928803356E-03 6.04191257940431339E-02 2.92931308226741945E-04 3.85327788951036207E-03 1.28768389851403531E+00
5.55124684E+00 1.11172119886772031E-01 7.29017079760439606E-03 6.12455732404068032E-02 2.93851815386811214E-04 3.86202757448281340E-03 1.29017109625652471E+00
5.56668243E+00 1.11052781539808423E-01 7.30811146945070742E-03 6.20796790028230808E-02 2.94762001951377707E-04 3.87059140070976793E-03 1.29263916639107990E+00
5.58212380E+00 1.10933121317621411E-01 7.32587161210866179E-03 6.29211937245697656E-02 2.95663631923315370E-04 3.87901566895500335E-03 1.29508872084289162E+00
5.59757223E+00 1.10813136158746758E-01 7.34349112672751624E-03 6.37700695752686092E-02 2.96554782232865376E-04 3.88733412063282371E-03 1.29752064462001049E+00
5.61302895E+00 1.10692821502496833E-01 7.36104553474492117E-03 6.46262025905663534E-02 2.97435706752153411E-04 3.89561651834509880E-03 1.29993601781487245E+00
5.62849518E+00 1.10572172572215729E-01 7.37871959345240587E-03 6.54893541871826856E-02 2.98314271852839112E-04 3.90404205278748525E-03 1.30233590304294089E+00
5.64396377E+00 1.10451247482148282E-01 7.39657589270020267E-03 6.63587849992347961E-02 2.99195155022782681E-04 3.91267329786554752E-03 1.30472110275805897E+00
5.65943413E+00 1.10330051602496079E-01 7.41460298297149344E-03 6.72341854622219154E-02 3.00072703494119590E-04 3.92149542946251296E-03 1.30709071708455826E+00
5.67490754E+00 1.10208574218349314E-01 7.43285177929722644E-03 6.81153214296798815E-02 3.00945316789450682E-04 3.93055520305776469E-03 1.30944452606734174E+00
5.69038523E+00 1.10086803311523929E-01 7.45127981386571516E-03 6.90019049219957464E-02 3.01811495908369410E-04 3.93980646433192156E-03 1.31178255768599206E+00
5.70586841E+00 1.09964726468113616E-01 7.46990394996554716E-03 6.98936368885453713E-02 3.02672161952683393E-04 3.94926238815971643E-03 1.31410501786536638E+00
5.72135820E+00 1.09842326914705080E-01 7.48874633259637244E-03 7.07902610300917001E-02 3.03524891385305903E-04 3.95894259101351158E-03 1.31641234844531718E+00
5.73685565E+00 1.09719588143916358E-01 7.50787241805410139E-03 7.16914830549738175E-02 3.04370264390105608E-04 3.96890997651220840E-03 1.31870485732394926E+00
5.75236170E+00 1.09596494831408320E-01 7.52735143014054194E-03 7.25969698698021582E-02 3.05213145659486947E-04 3.97923115888015010E-03 1.32098261905307246E+00
5.76787719E+00 1.09473031702442908E-01 7.54724138282123185E-03 7.35063676242490999E-02 3.06057812229313850E-04 3.98996201847063529E-03 1.32324528809645114E+00
5.78340287E+00 1.09349183997722615E-01 7.56745818991870402E-03 7.44193139854168462E-02 3.06899118917627770E-04 4.00101651183471484E-03 1.32549209892710751E+00
5.79893934E+00 1.09224938712162462E-01 7.58795608866438299E-03 7.53354584745304784E-02 3.07733704122810218E-04 4.01234690469115703E-03 1.32772224608405809E+00
5.81448713E+00 1.09100284487874344E-01 7.60873194067115260E-03 7.62544507846574099E-02 3.08558947320817394E-04 4.02394829988221136E-03 1.32993528200670985E+00
5.83004662E+00 1.08975211403869968E-01 7.62987832401838817E-03 7.71759239756595189E-02 3.09379179529849951E-04 4.03591191992272533E-03 1.33213119495890941E+00
5.84561812E+00 1.08849709406391437E-01 7.65142138942287876E-03 7.80994885167006214E-02 3.10198176092976871E-04 4.04826350230618349E-03 1.33431017109209971E+00
5.86120183E+00 1.08723767849217348E-01 7.67329822709656925E-03 7.90247632135421124E-02 3.11012064514997507E-04 4.06094099597867266E-03 1.33647214183828611E+00
5.87679789E+00 1.08597376060611164E-01 7.69586411757572884E-03 7.99513812750293068E-02 3.11828480867591673E-04 4.07430163633556823E-03 1.33861649547065742E+00
5.89240636E+00 1.08470520780574037E-01 7.71877669799220581E-03 8.08788971817964025E-02 3.12636265779350168E-04 4.08800631549002032E-03 1.34074221781528569E+00
5.90802727E+00 1.08343192519959594E-01 7.74193515448092558E-03 8.18070075366238159E-02 3.13435485183175249E-04 4.10195748104542554E-03 1.34284831205530586E+00
5.92366026E+00 1.08215387744919692E-01 7.76535205044333321E-03 8.27353166941911522E-02 3.14226671311738806E-04 4.11617104432292300E-03 1.34493422374364457E+00
5.93930497E+00 1.08087105112969470E-01 7.78899977711399859E-03 8.36634167501749543E-02 3.15008845720180766E-04 4.13062288610886817E-03 1.34699987583075487E+00
5.95496133E+00 1.07958342095836823E-01 7.81295553667455539E-03 8.45909419233053100E-02 3.15790134712414872E-04 4.14539386201738785E-03 1.34904550275514157E+00
5.97062526E+00 1.07829127756107090E-01 7.83713718757859772E-03 8.55173010544844903E-02 3.16564639288613827E-04 4.16040864051295516E-03 1.35107135796287858E+00
5.98629638E+00 1.07699461731350796E-01 7.86149952715547128E-03 8.64421422601485273E-02 3.17327265101596172E-04 4.17562702571079841E-03 1.35307686711515873E+00
6.00197456E+00 1.07569342478263497E-01 7.88611150948107659E-03 8.73651160069635890E-02 3.18083628715846729E-04 4.19112309520273951E-03 1.35506163825709702E+00
6.01765966E+00 1.07438768108442328E-01 7.91085031765723957E-03 8.82858723954633023E-02 3.18829518409566434E-04 4.20677967559834193E-03 1.35702519599728677E+00
6.03335149E+00 1.07307738736711872E-01 7.93554774287951771E-03 8.92040896335117156E-02 3.19554182795147614E-04 4.22243426314284059E-03 1.35896719478932604E+00
6.04904988E+00 1.07176257236707664E-01 7.96026339818692828E-03 9.01194447456112741E-02 3.20262880521238961E-04 4.23815176650558893E-03 1.36088764561176867E+00
6.06475467E+00 1.07044326177642868E-01 7.98510330121059327E-03 9.10316152811583429E-02 3.20967092704205605E-04 4.25404382267453862E-03 1.36278691880975344E+00
6.08046571E+00 1.06911946439864985E-01 8.01020306874210622E-03 9.19402856958668607E-02 3.21676713129112363E-04 4.27025214716322387E-03 1.36466544525484346E+00
6.09618287E+00 1.06779116897190621E-01 8.03545842743880016E-03 9.28451618082979241E-02 3.22387820313899804E-04 4.28667917788070393E-03 1.36652350942330436E+00
6.11190609E+00 1.06645836396431201E-01 8.06070473947348952E-03 9.37459726913185271E-02 3.23087818289132152E-04 4.30316680949538975E-03 1.36836122264769955E+00
6.12763530E+00 1.06512105730183521E-01 8.08592915487920359E-03 9.46424459101999904E-02 3.23777827340332284E-04 4.31970775665527738E-03 1.37017867917869385E+00
6.14337051E+00 1.06377925461806855E-01 8.11114666786474578E-03 9.55343267796322781E-02 3.24462195943015365E-04 4.33632224565042371E-03 1.37197611854003965E+00
6.15911171E+00 1.06243294757435783E-01 8.13638749488693191E-03 9.64213428437601383E-02 3.25145339312251736E-04 4.35304541656799521E-03 1.37375382968178039E+00
6.17485896E+00 1.06108211470816241E-01 8.16157055034317895E-03 9.73032338643713274E-02 3.25823711292862542E-04 4.36980108338495647E-03 1.37551213878162448E+00
6.19061230E+00 1.05972673695610045E-01 8.18665024626127023E-03 9.81797572438671412E-02 3.26502145114925283E-04 4.38654819894396773E-03 1.37725153042397142E+00
6.20637178E+00 1.05836678467222514E-01 8.21160429067342018E-03 9.90506870235409592E-02 3.27186394003954931E-04 4.40326877206252947E-03 1.37897276060530682E+00
6.22213744E+00 1.05700221528106722E-01 8.23649513203435039E-03 9.99158092251261620E-02 3.27882527367986834E-04 4.42002924305126728E-03 1.38067668690414558E+00
6.23790930E+00 1.05563297373741302E-01 8.26130236369335136E-03 1.00774909326380682E-01 3.28586751164915386E-04 4.43681294258814040E-03 1.38236409336674559E+00
6.25368734E+00 1.05425901722117160E-01 8.28596573604357782E-03 1.01627773064569993E-01 3.29299994182285507E-04 4.45356265937591530E-03 1.38403574602079504E+00
6.26947148E+00 1.05288032529526412E-01 8.31026708034341734E-03 1.02474177652300866E-01 3.30008515443838506E-04 4.47006234077442031E-03 1.38569237979447979E+00
6.28526161E+00 1.05149693085491214E-01 8.33413887319780534E-03 1.03313898520772829E-01 3.30705724418829488E-04 4.48624459477031494E-03 1.38733426271967764E+00
6.30105753E+00 1.05010889891131151E-01 8.35775125980064461E-03 1.04146744328412436E-01 3.31398050468548503E-04 4.50227843962954823E-03 1.38896160952077041E+00
6.31685896E+00 1.04871626852601027E-01 8.38131916026577800E-03 1.04972573918885079E-01 3.32102561120803657E-04 4.51837843597133540E-03 1.39057476329599838E+00
6.33266557E+00 1.04731900976809969E-01 8.40480144101517050E-03 1.05791255310777474E-01 3.32817532422964016E-04 4.53450495609298773E-03 1.39217414200850276E+00
6.34847693E+00 1.04591709100701494E-01 8.42810031209786752E-03 1.06602627957181048E-01 3.33536715576134533E-04 4.55056164699601737E-03 1.39376020411809298E+00
6.36429252E+00 1.04451053774537894E-01 8.45110553626879889E-03 1.07406534354513902E-01 3.34254167026943520E-04 4.56643796025437820E-03 1.39533344611107069E+00
6.38011177E+00 1.04309943707942734E-01 8.47369220358121233E-03 1.08202852153173157E-01 3.34961426936377304E-04 4.58200665632303716E-03 1.39689427979640901E+00
6.39593402E+00 1.04168392446559482E-01 8.49571456740739160E-03 1.08991473418992860E-01 3.35651583615818611E-04 4.59711803069502104E-03 1.39844283919247436E+00
6.41175855E+00 1.04026416921269946E-01 8.51727037779102109E-03 1.09772308092203355E-01 3.36336154952007131E-04 4.61186476186613466E-03 1.39997911902834726E+00
6.42758457E+00 1.03884034493927496E-01 8.53838759053107688E-03 1.10545302458046044E-01 3.37011627561180176E-04 4.62626996132872725E-03 1.40150343435234337E+00
6.44341127E+00 1.03741263084685328E-01 8.55907944200359413E-03 1.11310416522017577E-01 3.37676722372468833E-04 4.64034231133848927E-03 1.40301649673409812E+00
6.45923779E+00 1.03598120438513686E-01 8.57968024360032493E-03 1.12067634312980349E-01 3.38355492552367093E-04 4.65441188350544394E-03 1.40451913134975981E+00
6.47506322E+00 1.03454608890827429E-01 8.60003892685522360E-03 1.12817103092284099E-01 3.39036607482403707E-04 4.66832830085791607E-03 1.40601193441641770E+00
6.49088668E+00 1.03310739278495684E-01 8.62016813922028557E-03 1.13558702179420212E-01 3.39714316945292948E-04 4.68210197568507021E-03 1.40749459446725589E+00
6.50670725E+00 1.03166526900644706E-01 8.64015070495278981E-03 1.14292443501818011E-01 3.40393214217009940E-04 4.69581242410458625E-03 1.40896727318818971E+00
6.52252402E+00 1.03021987618829303E-01 8.65981802499457727E-03 1.15018374435383500E-01 3.41068725674043406E-04 4.70928815567398570E-03 1.41043038117921449E+00
6.53833611E+00 1.02877138670876223E-01 8.67900325223447573E-03 1.15736553946336737E-01 3.41737055082237163E-04 4.72235905189383361E-03 1.41188425498772796E+00
6.55414265E+00 1.02731999896950504E-01 8.69758313568750989E-03 1.16447058360912750E-01 3.42382540877465120E-04 4.73489730156868068E-03 1.41332919248601097E+00
6.56994279E+00 1.02586594195195849E-01 8.71557142600303501E-03 1.17149978621557738E-01 3.43002017624326660E-04 4.74691092320377300E-03 1.41476568780826084E+00
6.58573573E+00 1.02440943636710913E-01 8.73305983678869004E-03 1.17845423035721722E-01 3.43607908140684403E-04 4.75848600550054027E-03 1.41619445222125551E+00
6.60152070E+00 1.02295067581514368E-01 8.75008231613473575E-03 1.18533517558016832E-01 3.44202698649539150E-04 4.76965142358272507E-03 1.41761626928516904E+00
6.61729698E+00 1.02148984336831505E-01 8.76679957611741119E-03 1.19214409481741543E-01 3.44788238078671476E-04 4.78056315167268899E-03 1.41903201532835466E+00
6.63306389E+00 1.02002708460458960E-01 8.78334204844519358E-03 1.19888266912362304E-01 3.45364998488346931E-04 4.79134858933526371E-03 1.42044241929748427E+00
6.64882080E+00 1.01856250191682388E-01 8.79988436616421094E-03 1.20555253027499143E-01 3.45941655065052332E-04 4.80218147195520147E-03 1.42184743053845475E+00
6.66456714E+00 1.01709614095449458E-01 8.81656301843132366E-03 1.21215536091746651E-01 3.46524856086745023E-04 4.81319967744071875E-03 1.42324633737953898E+00
6.68030241E+00 1.01562798189489462E-01 8.83333494571987912E-03 1.21869347507834805E-01 3.47105701856399880E-04 4.82436347498981996E-03 1.42463820792140505E+00
6.69602617E+00 1.01415797294889642E-01 8.85009388557748272E-03 1.22516931014668984E-01 3.47684970256288738E-04 4.83557048651090098E-03 1.42602168981083333E+00
6.71173803E+00 1.01268612869626864E-01 8.86678112084771097E-03 1.23158379570874416E-01 3.48259464943232258E-04 4.84676343107481519E-03 1.42739509772593531E+00
6.72743770E+00 1.01121250197723334E-01 8.88357906603045103E-03 1.23793909109596964E-01 3.48840456880005129E-04 4.85812479388432038E-03 1.42875726698640326E+00
6.74312380E+00 1.00973719666845693E-01 8.90060872613191063E-03 1.24423783937697929E-01 3.49425233439937569E-04 4.86977800838305115E-03 1.43010689236574895E+00
6.75879489E+00 1.00826023762817824E-01 8.91759455833560609E-03 1.25048338497990186E-01 3.50006392797790912E-04 4.88145317586072530E-03 1.43144133954808361E+00
6.77445065E+00 1.00678161027181412E-01 8.93415038797089681E-03 1.25667737481879205E-01 3.50562755172506351E-04 4.89276674808140910E-03 1.43275734998884285E+00
6.79009083E+00 1.00530141827164785E-01 8.95035146422923540E-03 1.26282170070633915E-01 3.51101757166973202E-04 4.90379196254163430E-03 1.43405283972268771E+00
6.80571530E+00 1.00381975923815245E-01 8.96633858724948420E-03 1.26891926471834088E-01 3.51633385350160702E-04 4.91466724354673243E-03 1.43532691308883709E+00
6.82132402E+00 1.00233668297164777E-01 8.98203705657626625E-03 1.27497316744065531E-01 3.52153584535736344E-04 4.92531696839710806E-03 1.43657928904055221E+00
6.83691706E+00 1.00085223297728398E-01 8.99748878328731662E-03 1.28098663547291547E-01 3.52662109043650688E-04 4.93578208646082948E-03 1.43781044578369532E+00
6.85249459E+00 9.99366431072159916E-02 9.01277381966007589E-03 1.28696295423611384E-01 3.53161727328759559E-04 4.94614205889962449E-03 1.43902097583992683E+00
6.86805694E+00 9.97879265249038971E-02 9.02776046078685931E-03 1.29290576413355091E-01 3.53641797223583126E-04 4.95626524632182801E-03 1.44021082692386271E+00
6.88360452E+00 9.96390739913747825E-02 9.04250270496779161E-03 1.29881865604029034E-01 3.54111634674990675E-04 4.96620450369758982E-03 1.44138022025231693E+00
6.89913791E+00 9.94900849973247153E-02 9.05711692180419421E-03 1.30470524874448213E-01 3.54573767976054937E-04 4.97607428927835955E-03 1.44253016360627551E+00
6.91465781E+00 9.93409547133583676E-02 9.07160686677385697E-03 1.31056922925785996E-01 3.55029715294573822E-04 4.98587725071422249E-03 1.44366155496998050E+00
6.93016508E+00 9.91916747226559009E-02 9.08589668202034427E-03 1.31641433923088469E-01 3.55476004797065004E-04 4.99553700315086367E-03 1.44477507725105481E+00
6.94566073E+00 9.90422348742947267E-02 9.09999323234965407E-03 1.32224475192688928E-01 3.55908757679010564E-04 5.00505962846983007E-03 1.44587110596589641E+00
6.96114593E+00 9.88926226527740704E-02 9.11389625227023922E-03 1.32806453740014707E-01 3.56326764959131537E-04 5.01444381458740571E-03 1.44694878443265940E+00
6.97662202E+00 9.87428248445384460E-02 9.12775857092441162E-03 1.33387771517572334E-01 3.56733998422160189E-04 5.02384009950031674E-03 1.44800680494726408E+00
6.99209052E+00 9.85928233412909222E-02 9.14190745855916059E-03 1.33968907514918883E-01 3.57149133606874606E-04 5.03357363062886462E-03 1.44904463854524335E+00
7.00755312E+00 9.84425942247015295E-02 9.15619283562935440E-03 1.34550255007822639E-01 3.57564524751344801E-04 5.04349294901715664E-03 1.45006166202241960E+00
7.02301173E+00 9.82921107169702490E-02 9.17051340087205076E-03 1.35132219900925749E-01 3.57987777331644568E-04 5.05349561969701752E-03 1.45105732021953271E+00
7.03846842E+00 9.81413444166201465E-02 9.18477457964333478E-03 1.35715265927659451E-01 3.58406350672964215E-04 5.06348521196142883E-03 1.45203219779348891E+00
7.05392549E+00 9.79902684085610931E-02 9.19896616124855210E-03 1.36299821786038472E-01 3.58811275396522485E-04 5.07344823145349563E-03 1.45298753541184289E+00
7.06938545E+00 9.78388569596888025E-02 9.21322788571572390E-03 1.36886361466591500E-01 3.59206660897423312E-04 5.08351965370467795E-03 1.45392496265168147E+00
7.08485103E+00 9.76870811324682814E-02 9.22760299234822237E-03 1.37475387308597929E-01 3.59594403661427282E-04 5.09373793476764446E-03 1.45484649148094070E+00
7.10032516E+00 9.75349054254151665E-02 9.24191520740140493E-03 1.38067394928954340E-01 3.59978234851912387E-04 5.10392349916391399E-03 1.45575340268694386E+00
7.11581104E+00 9.73822946258743466E-02 9.25634033377826897E-03 1.38662877598823203E-01 3.60372211317515486E-04 5.11424658196017994E-03 1.45664644649116704E+00
7.13131207E+00 9.72292094649163802E-02 9.27095398433340490E-03 1.39262331588212718E-01 3.60780313229147425E-04 5.12477670570931580E-03 1.45752727581654584E+00
7.14683192E+00 9.70756061288876454E-02 9.28586150730615657E-03 1.39866266415575674E-01 3.61192769996418223E-04 5.13561326666080609E-03 1.45839822955632292E+00
7.16237446E+00 9.69214374717898980E-02 9.30105031948922842E-03 1.40475212034653990E-01 3.61605681060100221E-04 5.14673791781266200E-03 1.45926192454365200E+00
7.17794382E+00 9.67666536184542958E-02 9.31636042389645189E-03 1.41089716660178222E-01 3.62005603812948521E-04 5.15798423891442644E-03 1.46012025830974634E+00
7.19354437E+00 9.66112068913267813E-02 9.33175330311085405E-03 1.41710323160970625E-01 3.62394288296152888E-04 5.16930439569939382E-03 1.46097391936085064E+00
7.20918069E+00 9.64550472763204964E-02 9.34736650226515239E-03 1.42337566327433857E-01 3.62779906180882533E-04 5.18082518047688172E-03 1.46182375634820971E+00
7.22485762E+00 9.62981196108096543E-02 9.36350617907108322E-03 1.42971982840193190E-01 3.63172484925914783E-04 5.19284180236621786E-03 1.46267100136042139E+00
7.24058023E+00 9.61403625556492836E-02 9.38009319071796827E-03 1.43614118557469278E-01 3.63583143261012271E-04 5.20526444283194237E-03 1.46351764885050195E+00
7.25635381E+00 9.59817117388120228E-02 9.39677650184176684E-03 1.44264523677651052E-01 3.63994648523657382E-04 5.21773055001466257E-03 1.46436715945071816E+00
7.27218394E+00 9.58221040812952812E-02 9.41333039028163267E-03 1.44923737305054035E-01 3.64401365875982597E-04 5.23000046310454370E-03 1.46522193034676840E+00
7.28807645E+00 9.56614758498470080E-02 9.42973995816605293E-03 1.45592323499442788E-01 3.64798763259568829E-04 5.24204314082403477E-03 1.46608285279010553E+00
7.30403745E+00 9.54997614691706631E-02 9.44641825384407406E-03 1.46270834055017479E-01 3.65204332755049855E-04 5.25425396161299102E-03 1.46695150492319315E+00
7.32007340E+00 9.53368863160241886E-02 9.46336328855456980E-03 1.46959844681741586E-01 3.65611225488418038E-04 5.26661400253687541E-03 1.46783034484840269E+00
7.33611686E+00 9.51735312361346175E-02 9.48036655585725481E-03 1.47656823806826792E-01 3.66013332495392649E-04 5.27891811737022515E-03 1.46872265745614339E+00
7.35217594E+00 9.50096152851073045E-02 9.49768581045883943E-03 1.48362227958625414E-01 3.66428440649089560E-04 5.29140408506200907E-03 1.46962859451639960E+00
7.36817361E+00 9.48459253970250077E-02 9.51539887697629497E-03 1.49072927141872730E-01 3.66852817793933243E-04 5.30415696185432620E-03 1.47055049623491452E+00
7.38416051E+00 9.46819403565572065E-02 9.53356027133334290E-03 1.49791077682039003E-01 3.67274026096285405E-04 5.31720120215857257E-03 1.47148360447143634E+00
7.40019081E+00 9.45170946600019379E-02 9.55229620378008834E-03 1.50519143406499856E-01 3.67697245072143677E-04 5.33063027669569006E-03 1.47243043288151410E+00
7.41619549E+00 9.43520877903676336E-02 9.57174865312234238E-03 1.51254305376544523E-01 3.68118388251005145E-04 5.34459430829379526E-03 1.47339422332686176E+00
7.43214821E+00 9.41871830920180536E-02 9.59218339990329516E-03 1.51995391514405415E-01 3.68555041573107706E-04 5.35935597115786214E-03 1.47437164474371563E+00
7.44810645E+00 9.40217705109109569E-02 9.61374403150934247E-03 1.52744962911453619E-01 3.69018366485146900E-04 5.37502771628377198E-03 1.47536272504427357E+00
7.46413205E+00 9.38551852119147711E-02 9.63660784279008441E-03 1.53506007474673495E-01 3.69510208789824545E-04 5.39175188443772029E-03 1.47637227394424975E+00
7.48010947E+00 9.36886074982982570E-02 9.66076251310683289E-03 1.54273442630065899E-01 3.70036101831191339E-04 5.40954993112490335E-03 1.47740513232369852E+00
7.49604242E+00 9.35219780708245324E-02 9.68578509072289678E-03 1.55047286069076667E-01 3.70566507791695969E-04 5.42799188492153195E-03 1.47845343440151056E+00
7.51198889E+00 9.33546740741134640E-02 9.71159717707504450E-03 1.55830155555395811E-01 3.71097217054595029E-04 5.44696592956113359E-03 1.47951567684243290E+00
7.52799141E+00 9.31862327312611705E-02 9.73829677193286704E-03 1.56624173001912947E-01 3.71629851823123271E-04 5.46653830180462725E-03 1.48059577579659107E+00
7.54395681E+00 9.30176251285411426E-02 9.76575370230309790E-03 1.57424944827490115E-01 3.72164758435953550E-04 5.48660730913683083E-03 1.48169732458212988E+00
7.55985941E+00 9.28491210105846787E-02 9.79389860987133279E-03 1.58230972397454678E-01 3.72703140888917394E-04 5.50710540003877900E-03 1.48281396827786338E+00
7.57576215E+00 9.26800492213188665E-02 9.82281786067794316E-03 1.59045104085569489E-01 3.73247533530795931E-04 5.52807822574348344E-03 1.48394364172108895E+00
7.59173190E+00 9.25096852150660010E-02 9.85262937010039988E-03 1.59870666387604832E-01 3.73793698947024096E-04 5.54959718004247992E-03 1.48509042538680047E+00
7.60777194E+00 9.23379786379788098E-02 9.88354961851735207E-03 1.60707952900187273E-01 3.74351546822405262E-04 5.57186238733574368E-03 1.48625928075937663E+00
7.62378329E+00 9.21659772427726037E-02 9.91541883080505372E-03 1.61551955614662207E-01 3.74903748488041564E-04 5.59475746885361881E-03 1.48745097797228398E+00
7.63983968E+00 9.19928787577749540E-02 9.94838724790367800E-03 1.62406110639779638E-01 3.75451201454057545E-04 5.61838317580062949E-03 1.48865800040891982E+00
7.65587796E+00 9.18193532784336297E-02 9.98246729953902040E-03 1.63267079210357463E-01 3.75997367525795698E-04 5.64278129586008939E-03 1.48988578705803354E+00
7.67196131E+00 9.16447037646347523E-02 1.00182920650913609E-02 1.64137890712175133E-01 3.76564306543781863E-04 5.66854181765719806E-03 1.49112850142230702E+00
7.68803557E+00 9.14694988598390296E-02 1.00556437099465316E-02 1.65015582640140213E-01 3.77144151152051317E-04 5.69547935220653372E-03 1.49238849854553890E+00
7.70410794E+00 9.12936436066491275E-02 1.00948389621993428E-02 1.65900266698714716E-01 3.77747624675287409E-04 5.72390760877964939E-03 1.49365952277382852E+00
7.72018669E+00 9.11170263653118123E-02 1.01360246308347546E-02 1.66792126100030691E-01 3.78383243884997794E-04 5.75397217738173733E-03 1.49494185425835080E+00
7.73628115E+00 9.09395184523044825E-02 1.01790637163114723E-02 1.67691471266369435E-01 3.79036009085913629E-04 5.78553625716299921E-03 1.49623598821359804E+00
7.75240162E+00 9.07609677783516450E-02 1.02245995763649913E-02 1.68598920977158451E-01 3.79726028690451913E-04 5.81924469122589369E-03 1.49754136241784241E+00
7.76855947E+00 9.05812150166969005E-02 1.02724136029418572E-02 1.69514393139308189E-01 3.80448975914065299E-04 5.85488387459002450E-03 1.49885749338223562E+00
7.78475516E+00 9.04002106365159042E-02 1.03218032932551208E-02 1.70437907925296034E-01 3.81185692895165483E-04 5.89176830390546885E-03 1.50018424134723127E+00
7.80097477E+00 9.02180747332438637E-02 1.03728506785597200E-02 1.71368367435997843E-01 3.81939307891730913E-04 5.93000769768254905E-03 1.50152010706128847E+00
7.81721607E+00 9.00348015232667331E-02 1.04253982463067395E-02 1.72305269360875646E-01 3.82707460658765779E-04 5.96946541618939303E-03 1.50286184877527051E+00
7.83348837E+00 8.98502588184148798E-02 1.04792993999686650E-02 1.73248719984500588E-01 3.83492638166642015E-04 6.01000772955343453E-03 1.50420728916291613E+00
7.84980308E+00 8.96642925779303629E-02 1.05337405844317319E-02 1.74198965736866385E-01 3.84271119512613667E-04 6.05083287987363307E-03 1.50555544787932027E+00
7.86610984E+00 8.94774717614345017E-02 1.05892466883049895E-02 1.75152756598583620E-01 3.85049513714253366E-04 6.09252717857768165E-03 1.50690449474870847E+00
7.88233136E+00 8.92906772492823575E-02 1.06452753390245004E-02 1.76105151587670761E-01 3.85823505778382699E-04 6.13463995370276162E-03 1.50824662255056019E+00
7.89847371E+00 8.91038442451825702E-02 1.07016948840536127E-02 1.77055790540870700E-01 3.86586212010802917E-04 6.17706533001588336E-03 1.50957229588442643E+00
7.91454504E+00 8.89168829656175885E-02 1.07586570085308943E-02 1.78004576049964863E-01 3.87347000502544475E-04 6.21998082205749495E-03 1.51087931492213845E+00
7.93055554E+00 8.87296784239817310E-02 1.08165192588293661E-02 1.78951565564095555E-01 3.88110513691023308E-04 6.26376980416904969E-03 1.51216569148968150E+00
7.94651733E+00 8.85420868367253061E-02 1.08761075136779573E-02 1.79896955573161099E-01 3.88899252836118745E-04 6.30928649332361795E-03 1.51342927043945386E+00
7.96244439E+00 8.83539250960110045E-02 1.09367329764891528E-02 1.80841168503622668E-01 3.89686231056963529E-04 6.35587715707964900E-03 1.51466829539114811E+00
7.97835254E+00 8.81649951910826873E-02 1.09976057308389524E-02 1.81784617966166684E-01 3.90456531484181552E-04 6.40278527903751470E-03 1.51588136392934869E+00
7.99425942E+00 8.79750895267591426E-02 1.10579739855462753E-02 1.82727858715694969E-01 3.91201055920065491E-04 6.44928888383688743E-03 1.51706649593270027E+00
8.01018453E+00 8.77839869340928530E-02 1.11172110712736104E-02 1.83671562432974944E-01 3.91916052031189165E-04 6.49478889624572828E-03 1.51822105588036749E+00
8.02614929E+00 8.75914517090956857E-02 1.11752868409876992E-02 1.84616491667004473E-01 3.92611348550971789E-04 6.53928061107097655E-03 1.51934329705761995E+00
8.04214492E+00 8.73976152775952919E-02 1.12319540263660454E-02 1.85561675858882336E-01 3.93286226310234890E-04 6.58257042511088252E-03 1.52043371572707442E+00
8.05818005E+00 8.72023991815948640E-02 1.12880622318343483E-02 1.86507142606587351E-01 3.93945723863694337E-04 6.62555106717744365E-03 1.52149125631464699E+00
8.07423831E+00 8.70060176283197068E-02 1.13445437405131563E-02 1.87451480277613214E-01 3.94620386412076964E-04 6.66922945517975721E-03 1.52251415440463966E+00
8.09032422E+00 8.68084084164339881E-02 1.14003117675927166E-02 1.88394472881320690E-01 3.95278429445736451E-04 6.71259300767317914E-03 1.52349566027629568E+00
8.10646158E+00 8.66092844893297659E-02 1.14541236185450972E-02 1.89337034285288697E-01 3.95913068931789112E-04 6.75445897712967109E-03 1.52443213091645213E+00
8.12267648E+00 8.64083549457739658E-02 1.15046119082023394E-02 1.90280235351936361E-01 3.96516514067153832E-04 6.79350961689248554E-03 1.52532477476692185E+00
8.13899759E+00 8.62053237128906358E-02 1.15511003900256610E-02 1.91225202171555614E-01 3.97089817598387477E-04 6.82910678208563555E-03 1.52617213372864269E+00
8.15545646E+00 8.59998691683160343E-02 1.15935830839344368E-02 1.92173167809153250E-01 3.97635112061920368E-04 6.86127635904011223E-03 1.52696957494141161E+00
8.17208024E+00 8.57917163227427532E-02 1.16331843547176385E-02 1.93125148660437090E-01 3.98165075709094342E-04 6.89118017591730699E-03 1.52771377454776469E+00
8.18864998E+00 8.55836618544005556E-02 1.16708742706596470E-02 1.94068630577462903E-01 3.98688103135167522E-04 6.91996134807457228E-03 1.52840311438249299E+00
8.20510398E+00 8.53765081812146026E-02 1.17057395894608497E-02 1.94999712259005753E-01 3.99181423124925531E-04 6.94677585359139253E-03 1.52902509001462339E+00
8.22146938E+00 8.51699558662118994E-02 1.17370138278080714E-02 1.95919493379124038E-01 3.99650328256654264E-04 6.97086484344789769E-03 1.52957026722373213E+00
8.23777264E+00 8.49637332827842956E-02 1.17639724437761835E-02 1.96829191748534110E-01 4.00090200893042788E-04 6.99149914181786212E-03 1.53003267008355470E+00
8.25403979E+00 8.47575821048133365E-02 1.17862011624342740E-02 1.97730039654032963E-01 4.00495675563385242E-04 7.00825337890696211E-03 1.53041309291079641E+00
8.27029649E+00 8.45512533000659511E-02 1.18046125068557266E-02 1.98623156500084525E-01 4.00883160772256663E-04 7.02202698810512529E-03 1.53071903648924956E+00
8.28648360E+00 8.43455717727553123E-02 1.18191988490670575E-02 1.99505194028750971E-01 4.01232884221663130E-04 7.03282498269861001E-03 1.53095486804844638E+00
8.30256944E+00 8.41410230581676882E-02 1.18298327820235225E-02 2.00374280535562638E-01 4.01537698391756849E-04 7.04051149256069465E-03 1.53111531375909227E+00
8.31858219E+00 8.39373365967334695E-02 1.18375495613611079E-02 2.01231627796191609E-01 4.01804251260789156E-04 7.04608941798117675E-03 1.53119854760664276E+00
8.33454885E+00 8.37342375571860920E-02 1.18447035140853210E-02 2.02078087111242671E-01 4.02061073687082801E-04 7.05188688473440840E-03 1.53121289057280796E+00
8.35049543E+00 8.35313727230038716E-02 1.18496863545704875E-02 2.02915649091395228E-01 4.02303295460965007E-04 7.05630061629165372E-03 1.53116521315170817E+00
8.36644710E+00 8.33284243866318219E-02 1.18509241980021118E-02 2.03745080513127702E-01 4.02513102099729834E-04 7.05775167751163026E-03 1.53105159465215657E+00
8.38242839E+00 8.31251313726975583E-02 1.18487035044884670E-02 2.04567400463788795E-01 4.02719170129314612E-04 7.05650354882537880E-03 1.53086898224756540E+00
8.39846340E+00 8.29212430431673364E-02 1.18419790724436872E-02 2.05383541240614476E-01 4.02892674164072133E-04 7.05148870395976447E-03 1.53062037094682890E+00
8.41457602E+00 8.27165213297466201E-02 1.18310051416366645E-02 2.06194807671917779E-01 4.03053279787185938E-04 7.04293579743222199E-03 1.53031219257547302E+00
8.43079005E+00 8.25107382562860203E-02 1.18159520227058418E-02 2.07001295979104244E-01 4.03185955611206942E-04 7.03099314405673022E-03 1.52994831472399695E+00
8.44712935E+00 8.23036612051328553E-02 1.17968771708384552E-02 2.07804081877599411E-01 4.03293330917737483E-04 7.01569977379680552E-03 1.52952797538701124E+00
8.46351262E+00 8.20964002922969366E-02 1.17762810572083453E-02 2.08598911649558821E-01 4.03393893755399759E-04 6.99950569668722315E-03 1.52905224144970386E+00
8.47994773E+00 8.18888798279342606E-02 1.17544393669635171E-02 2.09385725495122049E-01 4.03490710470145227E-04 6.98267737350797679E-03 1.52852932617817583E+00
8.49646203E+00 8.16807664975235381E-02 1.17300003220493949E-02 2.10165413341953738E-01 4.03583679351992577E-04 6.96386593369891210E-03 1.52796576515339866E+00
8.51308264E+00 8.14717670523419785E-02 1.17027131839555522E-02 2.10938845766209609E-01 4.03653291094087819E-04 6.94280741681164819E-03 1.52736375834278593E+00
8.52981254E+00 8.12618947858424062E-02 1.16736172510402206E-02 2.11705777036534232E-01 4.03719700732592965E-04 6.92051634077157744E-03 1.52672505167212158E+00
8.54666863E+00 8.10509646039999088E-02 1.16417535797349800E-02 2.12466541537041836E-01 4.03776275121691438E-04 6.89602553472378442E-03 1.52605652353990640E+00
8.56350306E+00 8.08408805825018839E-02 1.16070146603166665E-02 2.13214404300691163E-01 4.03831761082899723E-04 6.86912387250026169E-03 1.52536566712229171E+00
8.58021391E+00 8.06329747683636189E-02 1.15698476966277029E-02 2.13944680032699369E-01 4.03867269155186936E-04 6.84015073594277170E-03 1.52466490729591730E+00
8.59680649E+00 8.04272301754663382E-02 1.15307448285218751E-02 2.14657475908724027E-01 4.03880600313385335E-04 6.80953906934606782E-03 1.52396073726688797E+00
8.61328684E+00 8.02236015671570907E-02 1.14911560739608832E-02 2.15353104118783278E-01 4.03896141905374546E-04 6.77868944931467494E-03 1.52325311105977046E+00
8.62966177E+00 8.00220024416871817E-02 1.14524731705532585E-02 2.16031951560653385E-01 4.03918105524478008E-04 6.74896141400835922E-03 1.52254036991530084E+00
8.64593884E+00 7.98223221680479378E-02 1.14148278422995068E-02 2.16694413846527795E-01 4.03939460601437873E-04 6.72046696330896517E-03 1.52181991339209821E+00
8.66212642E+00 7.96244341437347125E-02 1.13764631872986053E-02 2.17340986200407343E-01 4.03947578671271098E-04 6.69143791893546305E-03 1.52109036724303026E+00
8.67820763E+00 7.94285483449532898E-02 1.13368859413706426E-02 2.17971137966439216E-01 4.03948558331610873E-04 6.66134363566698532E-03 1.52035310773694343E+00
8.69416857E+00 7.92348541319195243E-02 1.12967538710919517E-02 2.18584063618669167E-01 4.03954570693006079E-04 6.63079956850864700E-03 1.51961580371042104E+00
8.71001419E+00 7.90432973215092066E-02 1.12571736166944131E-02 2.19180728286284127E-01 4.03974025170756841E-04 6.60088409813889936E-03 1.51888797085262639E+00
8.72575002E+00 7.88538031010651425E-02 1.12173279198719365E-02 2.19761170873206985E-01 4.03986595905884917E-04 6.57076224030424347E-03 1.51817191801745133E+00
8.74138221E+00 7.86663012357821934E-02 1.11771200648398423E-02 2.20325783854131096E-01 4.03993275703627848E-04 6.54031750116776910E-03 1.51746068341511253E+00
8.75691753E+00 7.84807196536753821E-02 1.11364719481751168E-02 2.20874956311579357E-01 4.03990949354876192E-04 6.50945235593552562E-03 1.51674532314501742E+00
8.77235369E+00 7.82970895530337441E-02 1.10958800558883033E-02 2.21408827495745641E-01 4.03980055699769847E-04 6.47864220054614106E-03 1.51601981244048267E+00
8.78768471E+00 7.81154723401454032E-02 1.10558201012106779E-02 2.21927374236397273E-01 4.03969999702694278E-04 6.44834650939500251E-03 1.51528290507748897E+00
8.80291940E+00 7.79357448568159250E-02 1.10162069591598112E-02 2.22431105491171260E-01 4.03954424873579612E-04 6.41847906095202331E-03 1.51453756271820028E+00
8.81806728E+00 7.77577760775850779E-02 1.09773040421484776E-02 2.22920534522856095E-01 4.03942326195738243E-04 6.38930630754001600E-03 1.51378786526054609E+00
8.83313861E+00 7.75814287371064532E-02 1.09390642026775710E-02 2.23396184048593738E-01 4.03944608972404669E-04 6.36078576741053777E-03 1.51303778368330555E+00
8.84814436E+00 7.74065578559932771E-02 1.09009763360958661E-02 2.23858620205583003E-01 4.03949781301790156E-04 6.33241342575578247E-03 1.51228975520097020E+00
8.86309635E+00 7.72330026630050348E-02 1.08625362578513573E-02 2.24308415551738416E-01 4.03942065492505912E-04 6.30369563080734018E-03 1.51154720873708315E+00
8.87800727E+00 7.70606043731025675E-02 1.08234912851765414E-02 2.24746094963558407E-01 4.03915815596574894E-04 6.27438598033912363E-03 1.51081223924527253E+00
8.89289076E+00 7.68892034414137282E-02 1.07841376412302105E-02 2.25172193802477688E-01 4.03890759585468807E-04 6.24478392354897108E-03 1.51008090064869949E+00
8.90776145E+00 7.67186299453810339E-02 1.07445028253682576E-02 2.25587271221999647E-01 4.03852807347848685E-04 6.21492141741437389E-03 1.50934713554068400E+00
8.92261756E+00 7.65489041994266706E-02 1.07044215286823449E-02 2.25991453061300696E-01 4.03793785902309052E-04 6.18462623628338124E-03 1.50860526841507481E+00
8.93745884E+00 7.63800210199589574E-02 1.06647277203824817E-02 2.26384864876373021E-01 4.03738939759722842E-04 6.15472828119102179E-03 1.50785261060010289E+00
8.95230293E+00 7.62117600677830187E-02 1.06251284441725644E-02 2.26768138522626700E-01 4.03683745763185910E-04 6.12495046119339130E-03 1.50708957756927475E+00
8.96716858E+00 7.60438959672763704E-02 1.05847823101784116E-02 2.27141923200612217E-01 4.03605801965074070E-04 6.09446722269174190E-03 1.50631891662971373E+00
8.98200215E+00 7.58770325592101613E-02 1.05440825034128424E-02 2.27505169225066667E-01 4.03524960241314083E-04 6.06363040190730646E-03 1.50554491258102985E+00
8.99677915E+00 7.57114388385884407E-02 1.05035245342537109E-02 2.27857505522201464E-01 4.03462812238460891E-04 6.03291201927026385E-03 1.50477583320376240E+00
9.01151415E+00 7.55469401068502161E-02 1.04632958107849072E-02 2.28199519367040277E-01 4.03424063429610026E-04 6.00250330420522282E-03 1.50401928995237633E+00
9.02622209E+00 7.53833549705371780E-02 1.04239777790507346E-02 2.28531836984252751E-01 4.03410004714478470E-04 5.97299137062591318E-03 1.50328019745159147E+00
9.04091813E+00 7.52204859040956908E-02 1.03852194358939488E-02 2.28855076837290283E-01 4.03406383564859487E-04 5.94403933464674600E-03 1.50255519394441395E+00
9.05561761E+00 7.50581351933087282E-02 1.03464166223442393E-02 2.29169848856861980E-01 4.03399329049697244E-04 5.91505710249944430E-03 1.50183763522543412E+00
9.07033596E+00 7.48961177973746367E-02 1.03078755892441597E-02 2.29476743064216643E-01 4.03392314173294235E-04 5.88635750106693105E-03 1.50112386375451567E+00
9.08508866E+00 7.47342529978730907E-02 1.02694220253501528E-02 2.29776301531604166E-01 4.03370516107140107E-04 5.85777225826061062E-03 1.50041230797002312E+00
9.09989123E+00 7.45723680032964048E-02 1.02311133513922799E-02 2.30069071741459491E-01 4.03334561041302051E-04 5.82936105982571895E-03 1.49970133113297188E+00
9.11475591E+00 7.44103302127069460E-02 1.01926075016489596E-02 2.30355527276252220E-01 4.03285871889515364E-04 5.80077897274489194E-03 1.49899022285447803E+00
9.12967902E+00 7.42481839461216764E-02 1.01536122175290063E-02 2.30635825577877235E-01 4.03229765388520370E-04 5.77171829192769676E-03 1.49828100794641994E+00
9.14467810E+00 7.40857455973731038E-02 1.01140064308713994E-02 2.30910476531289849E-01 4.03166323922891272E-04 5.74205480383971085E-03 1.49757857957603147E+00
9.15977036E+00 7.39228387388139868E-02 1.00735974346279050E-02 2.31180003694552050E-01 4.03089318764225711E-04 5.71159073407821044E-03 1.49688435475797044E+00
9.17497260E+00 7.37592949617371790E-02 1.00323990938952223E-02 2.31444899450675867E-01 4.02999189028754531E-04 5.68033268896729615E-03 1.49619383624595614E+00
9.19029989E+00 7.35949678809469515E-02 9.99067914681283503E-03 2.31705615959697520E-01 4.02901983734676832E-04 5.64853825798676112E-03 1.49550139293273476E+00
9.20566170E+00 7.34308344371508576E-02 9.94898795389656011E-03 2.31960998518918493E-01 4.02788145000415815E-04 5.61668169234873661E-03 1.49480392270785156E+00
9.22106597E+00 7.32668098996828443E-02 9.90779152171464977E-03 2.32211343660922581E-01 4.02670085831572202E-04 5.58521924346141053E-03 1.49410313276077344E+00
9.23652341E+00 7.31027757914628484E-02 9.86737241023371084E-03 2.32457141659773964E-01 4.02550657241240002E-04 5.55442798746822158E-03 1.49339568373084286E+00
9.25204753E+00 7.29385848296214834E-02 9.82777373982313303E-03 2.32698904693566661E-01 4.02426263902911296E-04 5.52434926057102701E-03 1.49268007347642051E+00
9.26765133E+00 7.27741003488136806E-02 9.78889446792142841E-03 2.32937112793727502E-01 4.02288153748217711E-04 5.49487976892542272E-03 1.49195608926977763E+00
9.28334726E+00 7.26091950101375727E-02 9.75083730445383719E-03 2.33172225020052554E-01 4.02144240681633481E-04 5.46611934656423062E-03 1.49122363354284526E+00
9.29914726E+00 7.24437452101058948E-02 9.71331791921085583E-03 2.33404667082182965E-01 4.01988482656008735E-04 5.43778165872164151E-03 1.49048261485585587E+00
9.31506274E+00 7.22776352156452723E-02 9.67612161711211421E-03 2.33634819335097166E-01 4.01820661811056693E-04 5.40964829830019051E-03 1.48973330440000673E+00
9.33110457E+00 7.21107567561634910E-02 9.63972280015091242E-03 2.33863020335957073E-01 4.01645887098003895E-04 5.38218698797691963E-03 1.48897626485887691E+00
9.34728307E+00 7.19430054305570527E-02 9.60402625657439182E-03 2.34089624410953184E-01 4.01461724568616569E-04 5.35529602106457961E-03 1.48821075329195995E+00
9.36360800E+00 7.17742859225028035E-02 9.56912062374971895E-03 2.34314946004642755E-01 4.01258854364025367E-04 5.32905515662117444E-03 1.48743305039414797E+00
9.38008850E+00 7.16045108484819337E-02 9.53538111664843299E-03 2.34539275717929180E-01 4.01041277425231426E-04 5.30382962664345450E-03 1.48663862022801130E+00
9.39673307E+00 7.14335967710287845E-02 9.50287256541370792E-03 2.34762893673443135E-01 4.00808863924553697E-04 5.27967555280346810E-03 1.48582604355052217E+00
9.41354956E+00 7.12614660606652600E-02 9.47136787732397872E-03 2.34986057036068008E-01 4.00570932426082195E-04 5.25635784648735907E-03 1.48499728899783290E+00
9.43053022E+00 7.10881961448703026E-02 9.44072737750340646E-03 2.35209122005512222E-01 4.00325857825814329E-04 5.23372155130935081E-03 1.48415496319012652E+00
9.44766784E+00 7.09138652507924488E-02 9.41107866699143411E-03 2.35431561135307582E-01 4.00073690474519171E-04 5.21187968018633780E-03 1.48330098387977882E+00
9.46495637E+00 7.07385328201839969E-02 9.38187171632297832E-03 2.35653690453220460E-01 3.99794607802649493E-04 5.19027027147031007E-03 1.48243726257258501E+00
9.48235373E+00 7.05626263747671650E-02 9.35330640718049465E-03 2.35875045019142970E-01 3.99491300339286618E-04 5.16906396922559453E-03 1.48156540895020861E+00
9.49986706E+00 7.03860752214283680E-02 9.32649802846949316E-03 2.36095722383115547E-01 3.99196997807909910E-04 5.14936892763466665E-03 1.48068331285510957E+00
9.51750311E+00 7.02087960291650492E-02 9.30140734532152597E-03 2.36315861974289304E-01 3.98922890704643518E-04 5.13114851726040756E-03 1.47979059038082505E+00
9.53526824E+00 7.00307042646982625E-02 9.27746010779700696E-03 2.36535579973376126E-01 3.98654474682987384E-04 5.11383360204082770E-03 1.47889088551569658E+00
9.55314141E+00 6.98519952283171847E-02 9.25451328311678763E-03 2.36754657907022797E-01 3.98382124295160829E-04 5.09727246053672152E-03 1.47798786245844016E+00
9.57111502E+00 6.96727324663005271E-02 9.23283253400569714E-03 2.36973048302904499E-01 3.98114330949405119E-04 5.08172630071318174E-03 1.47708594045473496E+00
9.58919273E+00 6.94928634205977808E-02 9.21261916315374921E-03 2.37190761457524629E-01 3.97853824374188312E-04 5.06739887716641142E-03 1.47619053891643781E+00
9.60737813E+00 6.93123311546345183E-02 9.19372545715088987E-03 2.37407750462945794E-01 3.97608232553902058E-04 5.05414908389345292E-03 1.47530112079153142E+00
9.62567482E+00 6.91310777604152021E-02 9.17601081202368274E-03 2.37624017801819132E-01 3.97373815970751814E-04 5.04184374561885990E-03 1.47441256034509727E+00
9.64408645E+00 6.89490440387763442E-02 9.15967708394205965E-03 2.37839498340498529E-01 3.97133893270482465E-04 5.03069236445681089E-03 1.47352217813078368E+00
9.66261681E+00 6.87661734325095558E-02 9.14548276618915371E-03 2.38054129790131297E-01 3.96920207293203369E-04 5.02146105386610912E-03 1.47262994280553028E+00
9.68126983E+00 6.85824005633497158E-02 9.13248479330517303E-03 2.38267852750719156E-01 3.96722205093645152E-04 5.01321916183279821E-03 1.47173831854211290E+00
9.70004967E+00 6.83976684750217806E-02 9.12064298177443951E-03 2.38480545060112264E-01 3.96535767806734964E-04 5.00593238931895407E-03 1.47085078716673023E+00
9.71896072E+00 6.82119175328666089E-02 9.10956105049226528E-03 2.38692092843988318E-01 3.96350068182247078E-04 4.99920901063583001E-03 1.46997055129836918E+00
9.73800762E+00 6.80250912248352435E-02 9.09972572386705779E-03 2.38902335195468829E-01 3.96195716758261803E-04 4.99353826857564138E-03 1.46909794787320447E+00
9.75719527E+00 6.78371206377279684E-02 9.09125557776253521E-03 2.39111119603460293E-01 3.96065644759174677E-04 4.98904567880509384E-03 1.46823254499349343E+00
9.77652885E+00 6.76479301265919958E-02 9.08354690605540048E-03 2.39318290055997362E-01 3.95940067692688539E-04 4.98513785409315270E-03 1.46737343629504058E+00
9.79601376E+00 6.74574512539913573E-02 9.07657059573718783E-03 2.39523641035123108E-01 3.95807875327954949E-04 4.98179095309884794E-03 1.46652298554183314E+00
9.81565566E+00 6.72656181771736222E-02 9.07065572348610995E-03 2.39726992118680149E-01 3.95675908734973130E-04 4.97933713984986554E-03 1.46568603734077896E+00
9.83543078E+00 6.70726480898538591E-02 9.06565122155834555E-03 2.39927918023883774E-01 3.95557991385815395E-04 4.97762642672764082E-03 1.46486461335833407E+00
9.85531844E+00 6.68787290671645357E-02 9.06127986407542774E-03 2.40125992739872174E-01 3.95466825794613867E-04 4.97638350192678314E-03 1.46405910610064383E+00
9.87532335E+00 6.66838028350795059E-02 9.05781075052474252E-03 2.40321032112723793E-01 3.95414037089710337E-04 4.97588280522461967E-03 1.46327266601886596E+00
9.89545045E+00 6.64878006913190850E-02 9.05595921588975457E-03 2.40512888430301525E-01 3.95423594691238852E-04 4.97684948264462152E-03 1.46250953896483704E+00
9.91562113E+00 6.62914479941247858E-02 9.05539224521368508E-03 2.40700785429025371E-01 3.95464473476614300E-04 4.97895887860264584E-03 1.46176939152565799E+00
9.93582955E+00 6.60947761801670697E-02 9.05551211891589616E-03 2.40884482714697257E-01 3.95513238331849433E-04 4.98163064808720274E-03 1.46105150425288510E+00
9.95602896E+00 6.58982291563161293E-02 9.05615038475292289E-03 2.41063570845850145E-01 3.95566264137217334E-04 4.98470551247896191E-03 1.46035568279691597E+00
9.97615957E+00 6.57023797492302664E-02 9.05682839285690440E-03 2.41237536224042870E-01 3.95614041716732469E-04 4.98771308846316080E-03 1.45968369465649395E+00
9.99624778E+00 6.55069737477323999E-02 9.05757640482793627E-03 2.41406517528026443E-01 3.95660263709336475E-04 4.99069944077224978E-03 1.45903657614648763E+00
1.00163233E+01 6.53117238625849916E-02 9.05822886556534833E-03 2.41570780996916951E-01 3.95709693323366060E-04 4.99351655078411529E-03 1.45841085046215224E+00
1.00364184E+01 6.51163202006245917E-02 9.05871079028522375E-03 2.41730638786301633E-01 3.95772522204027922E-04 4.99610772988711739E-03 1.45780019243860948E+00
1.00565669E+01 6.49204382985269363E-02 9.05889115518638058E-03 2.41886438212677163E-01 3.95840638216834529E-04 4.99836182041152408E-03 1.45720300353732357E+00
1.00768034E+01 6.47237494131781138E-02 9.05909327536820463E-03 2.42038518743214248E-01 3.95915368466493529E-04 5.00062339281472003E-03 1.45662283176324392E+00
1.00970534E+01 6.45269817359527265E-02 9.05962491237996895E-03 2.42186547393960228E-01 3.95994872578230201E-04 5.00321294048970949E-03 1.45605892687293248E+00
1.01172619E+01 6.43306687727514814E-02 9.05961801002250211E-03 2.42330272759825882E-01 3.96065337734671904E-04 5.00528110780111470E-03 1.45550960517882877E+00
1.01374595E+01 6.41345250698406449E-02 9.05890010386611877E-03 2.42469976453243752E-01 3.96139151145097736E-04 5.00667827476515299E-03 1.45496981486337451E+00
1.01576787E+01 6.39382560550180862E-02 9.05808925317336082E-03 2.42606077251464075E-01 3.96232614762735019E-04 5.00804389364009270E-03 1.45443261369289134E+00
1.01779525E+01 6.37415479546249858E-02 9.05727045623485119E-03 2.42739045222436473E-01 3.96344247736355327E-04 5.00949034069524211E-03 1.45389093354041976E+00
1.01982497E+01 6.35447025633403828E-02 9.05622994767679018E-03 2.42869013682876750E-01 3.96465508335140670E-04 5.01082650212759332E-03 1.45333872590520974E+00
1.02185712E+01 6.33477176506067191E-02 9.05464756518800824E-03 2.42996218343740827E-01 3.96577468609770353E-04 5.01175820362084398E-03 1.45277194059241421E+00
1.02389465E+01 6.31503179417382127E-02 9.05214580698526783E-03 2.43121036381659078E-01 3.96669847854952146E-04 5.01193570053632201E-03 1.45218806188825100E+00
1.02594020E+01 6.29522684911601044E-02 9.04849278356197571E-03 2.43243912461228645E-01 3.96761044941125940E-04 5.01115042675481445E-03 1.45158960783651159E+00
1.02798118E+01 6.27548088125905318E-02 9.04390555810898229E-03 2.43364451909286877E-01 3.96858575542657357E-04 5.00962013777767144E-03 1.45098072182192261E+00
1.03001688E+01 6.25580189655225438E-02 9.03813841180065546E-03 2.43482741927785989E-01 3.96941610213105028E-04 5.00711567904413637E-03 1.45036408495316005E+00
1.03205093E+01 6.23615713924907389E-02 9.03174111389675599E-03 2.43599227822709069E-01 3.97020555907990312E-04 5.00420716652012244E-03 1.44973247414531303E+00
1.03408683E+01 6.21651474042932625E-02 9.02539165946101597E-03 2.43714364297044600E-01 3.97100773945936150E-04 5.00159761037887330E-03 1.44907518961988035E+00
1.03612786E+01 6.19684293873651593E-02 9.01788276623843345E-03 2.43828599672023721E-01 3.97150016924957940E-04 4.99811997490782166E-03 1.44838612970621483E+00
1.03817706E+01 6.17711470453767425E-02 9.00918807765829950E-03 2.43942310765442649E-01 3.97177149501562303E-04 4.99377983927243221E-03 1.44766035730965448E+00
1.04023715E+01 6.15730670589145351E-02 8.99958199407394945E-03 2.44055823060923133E-01 3.97203138114418338E-04 4.98887977072051680E-03 1.44689434019211949E+00
1.04229574E+01 6.13754006876706601E-02 8.98876709151661193E-03 2.44168816003622641E-01 3.97206532754531508E-04 4.98311623427528418E-03 1.44608616811558033E+00
1.04434989E+01 6.11784586234351418E-02 8.97650911277390710E-03 2.44281162190648410E-01 3.97183636341932932E-04 4.97626023235352068E-03 1.44524230822170030E+00
1.04640327E+01 6.09819221726129040E-02 8.96286753065560909E-03 2.44393142475492181E-01 3.97153497177665001E-04 4.96839209651447813E-03 1.44436936953032014E+00
1.04845940E+01 6.07854794718768812E-02 8.94756005457035368E-03 2.44505069183091839E-01 3.97119757271427616E-04 4.95925551311186298E-03 1.44347231046958702E+00
1.05052160E+01 6.05888435756390120E-02 8.93034689227755786E-03 2.44617226980487656E-01 3.97069887340620905E-04 4.94863329270008988E-03 1.44255430232110604E+00
1.05259297E+01 6.03917611603085880E-02 8.91266040419727915E-03 2.44729907548520781E-01 3.97036348016490163E-04 4.93797644853060172E-03 1.44160699190871777E+00
1.05467634E+01 6.01939483948390058E-02 8.89330351645808981E-03 2.44843374165250177E-01 3.96989857239383635E-04 4.92614074905279708E-03 1.44061865646675380E+00
1.05677291E+01 5.99953199570577231E-02 8.87247704921057326E-03 2.44957788504188478E-01 3.96939861128640199E-04 4.91335349021208585E-03 1.43958357948806404E+00
1.05886477E+01 5.97976049177147626E-02 8.84985550285034492E-03 2.45072426309865948E-01 3.96869223103600425E-04 4.89923392800734048E-03 1.43850332084755839E+00
1.06095534E+01 5.96005188588882712E-02 8.82508413731262521E-03 2.45187215039030598E-01 3.96771412615687521E-04 4.88343874470931021E-03 1.43738965466089086E+00
1.06304791E+01 5.94038006300592475E-02 8.79835681622593950E-03 2.45302309551694631E-01 3.96656898691937604E-04 4.86617079302108929E-03 1.43624674455748114E+00
1.06514557E+01 5.92071813944043956E-02 8.77047240217001568E-03 2.45417850566314266E-01 3.96542713102936237E-04 4.84825461652483875E-03 1.43506917085502317E+00
1.06725122E+01 5.90104053470586198E-02 8.74097802389894006E-03 2.45533992876295487E-01 3.96418677738550555E-04 4.82926946907238745E-03 1.43384613271584826E+00
1.06936750E+01 5.88132582929736039E-02 8.70906310581569601E-03 2.45650777828363753E-01 3.96259319139188209E-04 4.80842899904453981E-03 1.43257081666539654E+00
1.07149676E+01 5.86155717283081204E-02 8.67445350492901217E-03 2.45768228616817908E-01 3.96061139372500968E-04 4.78547225812439147E-03 1.43124311770978085E+00
1.07363868E+01 5.84174392563875100E-02 8.63716697620831551E-03 2.45886241138408179E-01 3.95824754980977716E-04 4.76040866024912083E-03 1.42986811161197247E+00
1.07578277E+01 5.82198885148061882E-02 8.59752540348255809E-03 2.46004244881360801E-01 3.95544456195050763E-04 4.73348668865957063E-03 1.42844680569034965E+00
1.07793295E+01 5.80226080108654438E-02 8.55577683652993665E-03 2.46122185464639570E-01 3.95244460385332612E-04 4.70496231472739088E-03 1.42698009578947183E+00
1.08008590E+01 5.78259436023513401E-02 8.51281740508986855E-03 2.46239817245079040E-01 3.94938034584731948E-04 4.67569828020051974E-03 1.42546003245004504E+00
1.08224396E+01 5.76297046221127124E-02 8.46878123292518423E-03 2.46357068046700489E-01 3.94612846766059311E-04 4.64583883193925989E-03 1.42388561997319818E+00
1.08440744E+01 5.74338868630169044E-02 8.42356957647868651E-03 2.46473809860309395E-01 3.94269814126040009E-04 4.61528335410190706E-03 1.42225421292317389E+00
1.08656409E+01 5.72396181092260023E-02 8.37730819598874778E-03 2.46589331206538559E-01 3.93900029083236449E-04 4.58406141397880735E-03 1.42056490021664317E+00
1.08872130E+01 5.70462628630228688E-02 8.32936732015058558E-03 2.46703657396203868E-01 3.93493610241688041E-04 4.55157308420370797E-03 1.41882448773100323E+00
1.09088652E+01 5.68532039356120095E-02 8.27927452419396047E-03 2.46816977495635193E-01 3.93046238242014527E-04 4.51736960102909046E-03 1.41702511801292319E+00
1.09305515E+01 5.66609100788141445E-02 8.22729886928657596E-03 2.46928963943341101E-01 3.92543618499811777E-04 4.48165026490146990E-03 1.41516265115176210E+00
1.09521647E+01 5.64703852415304117E-02 8.17543238233428213E-03 2.47038683905577622E-01 3.92049588674613558E-04 4.44628552435191900E-03 1.41324520419731692E+00
1.09736915E+01 5.62817458720108119E-02 8.12286874731243252E-03 2.47146656326365205E-01 3.91547279452080248E-04 4.41043323948421464E-03 1.41128511914268118E+00
1.09950388E+01 5.60958040331354518E-02 8.06957963094335345E-03 2.47252066322075581E-01 3.91017646424650421E-04 4.37396261527441509E-03 1.40928344500690161E+00
1.10162286E+01 5.59123711433472184E-02 8.01711712317961823E-03 2.47354913655306263E-01 3.90500780863157831E-04 4.33840858027532885E-03 1.40724870764096277E+00
1.10372817E+01 5.57312488425373911E-02 7.96472117435479722E-03 2.47455309664164042E-01 3.89975149415608283E-04 4.30301105199670450E-03 1.40518142453948935E+00
1.10582170E+01 5.55522620291810584E-02 7.91229431994679676E-03 2.47553343618811150E-01 3.89448221118294006E-04 4.26766822488337805E-03 1.40308507674787575E+00
1.10790519E+01 5.53752581658083845E-02 7.85923559770752324E-03 2.47649111451560405E-01 3.88882208935631987E-04 4.23177111846506984E-03 1.40096062061073034E+00
1.10998017E+01 5.52001185451462609E-02 7.80554562401885102E-03 2.47742608426619215E-01 3.88275199101667870E-04 4.19530495264455652E-03 1.39880283451945386E+00
1.11204802E+01 5.50267434235388944E-02 7.75159123382796085E-03 2.47833859793003708E-01 3.87654943270669824E-04 4.15861961804496125E-03 1.39661157045208095E+00
1.11410994E+01 5.48550371825037159E-02 7.69735257802264643E-03 2.47922890014498631E-01 3.87020668166441573E-04 4.12168257749874738E-03 1.39438986030398171E+00
1.11616705E+01 5.46849139282038488E-02 7.64304129585544230E-03 2.48009723504027224E-01 3.86375066289242487E-04 4.08469255514714701E-03 1.39214219988917476E+00
1.11822036E+01 5.45162930071225876E-02 7.58867124432578959E-03 2.48094321093577652E-01 3.85707648079562128E-04 4.04765039152622449E-03 1.38986958096781854E+00
1.12027089E+01 5.43490976854496058E-02 7.53400941462539601E-03 2.48176639076789191E-01 3.85006202657014454E-04 4.01031038937807970E-03 1.38757419375643543E+00
1.12231967E+01 5.41832570974659783E-02 7.47972026903699887E-03 2.48256621421029111E-01 3.84301680215464662E-04 3.97332189722575998E-03 1.38525648914296817E+00
1.12436662E+01 5.40187815894137557E-02 7.42624372441310927E-03 2.48334172675414633E-01 3.83606915101327003E-04 3.93710444582699888E-03 1.38292115470804555E+00
1.12640310E+01 5.38563461460542861E-02 7.37382844784819236E-03 2.48408960210624863E-01 3.82926654235832623E-04 3.90182130618779060E-03 1.38057619069422999E+00
1.12843027E+01 5.36958283183483764E-02 7.32187817159659238E-03 2.48480918917068611E-01 3.82242037167617105E-04 3.86687772485801943E-03 1.37823333589062380E+00
1.13044924E+01 5.35371206442408418E-02 7.27044209618472707E-03 2.48550040757203189E-01 3.81546242274495139E-04 3.83231856268942753E-03 1.37588688625781463E+00
1.13246118E+01 5.33801167665900952E-02 7.21974413487298447E-03 2.48616311397535122E-01 3.80849020692995276E-04 3.79836322020232937E-03 1.37353386850999915E+00
1.13446730E+01 5.32246971561092935E-02 7.16966541265071176E-03 2.48679712349625770E-01 3.80138632298424148E-04 3.76489399515070192E-03 1.37117507107574466E+00
1.13646888E+01 5.30707392733237582E-02 7.11998243911716230E-03 2.48740228980130540E-01 3.79417371587294357E-04 3.73168834107147438E-03 1.36881401899125033E+00
1.13846733E+01 5.29181239197989012E-02 7.07069358297547374E-03 2.48797942958575657E-01 3.78695367567479077E-04 3.69874105350847908E-03 1.36645593526568776E+00
1.14046415E+01 5.27667287793492229E-02 7.02174139106112680E-03 2.48852795380734848E-01 3.77973002155640935E-04 3.66598973489402121E-03 1.36410508160477506E+00
1.14246097E+01 5.26164270026062628E-02 6.97362129443464089E-03 2.48904681999375710E-01 3.77261318019424914E-04 3.63392420319311096E-03 1.36176012877429908E+00
1.14445953E+01 5.24670769127148010E-02 6.92644458270535047E-03 2.48953529408196844E-01 3.76560725024586334E-04 3.60265596147872191E-03 1.35941843269149931E+00
1.14646141E+01 5.23185422960808430E-02 6.87983025281594177E-03 2.48999271865136373E-01 3.75868056843977998E-04 3.57180893119018062E-03 1.35708021172496873E+00
1.14845486E+01 5.21716710194949571E-02 6.83391904915247716E-03 2.49041615392423199E-01 3.75188850352535226E-04 3.54142612429829287E-03 1.35474698567132035E+00
1.15044163E+01 5.20263094946896709E-02 6.78853318771254367E-03 2.49065305952267613E-01 3.74515115804399722E-04 3.51133676367312245E-03 1.35243609193431436E+00
1.15242355E+01 5.18823064613456661E-02 6.74366491373967151E-03 2.49136133176990737E-01 3.73841729293384066E-04 3.48153796244955694E-03 1.35014812590169364E+00
1.15440258E+01 5.17395089292511934E-02 6.69958172919611020E-03 2.49140955310776485E-01 3.73176605240256370E-04 3.45230229952533550E-03 1.34788092674534643E+00
1.15638073E+01 5.15977562016003907E-02 6.65600257094113752E-03 2.49161619303296333E-01 3.72505131649784741E-04 3.42335794026979012E-03 1.34563006930085227E+00
1.15836009E+01 5.14568869099883003E-02 6.61309299880973207E-03 2.49216290912421118E-01 3.71831308759920935E-04 3.39488092415919217E-03 1.34339135615772687E+00
1.16034278E+01 5.13167345039972078E-02 6.57102156057588066E-03 2.49218223838571812E-01 3.71170500527056798E-04 3.36705427970808175E-03 1.34116474054435986E+00
1.16233100E+01 5.11771296276045534E-02 6.52954563428668946E-03 2.49224300445723884E-01 3.70521522765098258E-04 3.33965468070459692E-03 1.33895468006772256E+00
1.16432341E+01 5.10381550465803524E-02 6.48876717639696420E-03 2.49237133163911717E-01 3.69879775444321480E-04 3.31277657264543619E-03 1.33676254928629756E+00
1.16631044E+01 5.09004613875585002E-02 6.44857278669705956E-03 2.49251884336786661E-01 3.69225418044465299E-04 3.28624263225167808E-03 1.33458667035075607E+00
1.16829446E+01 5.07638701105094028E-02 6.40877032636993568E-03 2.49261527851112191E-01 3.68559579022506285E-04 3.25987881083280575E-03 1.33243347351532448E+00
1.17027785E+01 5.06282093336068231E-02 6.36946522270008877E-03 2.49264072674175247E-01 3.67889766651762623E-04 3.23380630729596698E-03 1.33029888274009722E+00
1.17226304E+01 5.04933076070906497E-02 6.33070692193089032E-03 2.49257081078566922E-01 3.67229692672582544E-04 3.20809173353698478E-03 1.32818176612594741E+00
1.17425242E+01 5.03589925504282845E-02 6.29257009582366057E-03 2.49215398755475409E-01 3.66581736666713950E-04 3.18282958293052056E-03 1.32608361519503393E+00
1.17624843E+01 5.02250924881800509E-02 6.25472007035537438E-03 2.49219536587593909E-01 3.65927720006374666E-04 3.15770846206293735E-03 1.32400573523551524E+00
1.17825348E+01 5.00914452811741934E-02 6.21755866556156830E-03 2.49214990493282718E-01 3.65282606609669915E-04 3.13314900033393904E-03 1.32194401963014108E+00
1.18026196E+01 4.99584190510461087E-02 6.18175765610344020E-03 2.49152905875416969E-01 3.64672191180700198E-04 3.10979307679919289E-03 1.31989410980360189E+00
1.18226863E+01 4.98263348325074726E-02 6.14629164375269602E-03 2.49151511966790751E-01 3.64064134009798039E-04 3.08659593313139347E-03 1.31786136229656270E+00
1.18427627E+01 4.96950017109126507E-02 6.11229765081750236E-03 2.49094806235248073E-01 3.63484553760645538E-04 3.06471531925623904E-03 1.31584975583698238E+00
1.18628760E+01 4.95642049814501925E-02 6.07844111880863954E-03 2.49079366650904882E-01 3.62917786681588993E-04 3.04286316192756926E-03 1.31385568782411877E+00
1.18830535E+01 4.94337618711587906E-02 6.04486893086552627E-03 2.48998463613733567E-01 3.62353757829515333E-04 3.02120967361725785E-03 1.31187313284536922E+00
1.19033222E+01 4.93034982765439972E-02 6.01139840439952802E-03 2.48983957494388508E-01 3.61782939507321712E-04 2.99959177475983508E-03 1.30989758569759496E+00
1.19237090E+01 4.91732474056379779E-02 5.97811086855552440E-03 2.48890438534463576E-01 3.61205411809356874E-04 2.97810792358207824E-03 1.30792545062011789E+00
1.19441654E+01 4.90433229799848852E-02 5.94496134844057448E-03 2.48851883293265630E-01 3.60626963469078945E-04 2.95668760800182808E-03 1.30595565976075134E+00
1.19646307E+01 4.89141094856078151E-02 5.91217613749140183E-03 2.48778618039153354E-01 3.60067305895283760E-04 2.93552275571186665E-03 1.30399474587834363E+00
1.19851364E+01 4.87854034393473066E-02 5.88012491498243490E-03 2.48707733159249517E-01 3.59525121029682503E-04 2.91500114615570989E-03 1.30204997099969355E+00
1.20057135E+01 4.86569983502776263E-02 5.84830532011473836E-03 2.48630016049422975E-01 3.58984649600877935E-04 2.89464221769977510E-03 1.30011725382926202E+00
1.20263930E+01 4.85286986776998497E-02 5.81644788879975665E-03 2.48547444956889574E-01 3.58438248347137979E-04 2.87419626346863220E-03 1.29819172191005183E+00
1.20472054E+01 4.84003175911453809E-02 5.78444900457407863E-03 2.48459344910270247E-01 3.57876447247848376E-04 2.85357663549407059E-03 1.29626979945761689E+00
1.20681815E+01 4.82716748700239701E-02 5.75260445780816001E-03 2.48365646417707225E-01 3.57314970631556047E-04 2.83309312965043456E-03 1.29434725705022524E+00
1.20891850E+01 4.81436045273789387E-02 5.72156525020002093E-03 2.48266963861614509E-01 3.56767077070732305E-04 2.81332279441999554E-03 1.29242043273064033E+00
1.21102404E+01 4.80159434456111020E-02 5.69133177386143326E-03 2.48163306816114732E-01 3.56234605877294385E-04 2.79428366590383972E-03 1.29050033713596446E+00
1.21313836E+01 4.78884591457744493E-02 5.66123873651592276E-03 2.48054517447716505E-01 3.55692761751793813E-04 2.77533361008044715E-03 1.28858297697124868E+00
1.21526503E+01 4.77609360000744859E-02 5.63122943404647039E-03 2.47940413845385510E-01 3.55141659561908297E-04 2.75643231065929783E-03 1.28666452511921414E+00
1.21740759E+01 4.76331619559042310E-02 5.60155159246464480E-03 2.47821006313823172E-01 3.54592011035357072E-04 2.73784110497003004E-03 1.28474256823056687E+00
1.21956958E+01 4.75049295540739824E-02 5.57248763469292505E-03 2.47695676340740717E-01 3.54063259166551177E-04 2.71985591519892335E-03 1.28281650420722748E+00
1.22173714E+01 4.73770532162915356E-02 5.54365388292188052E-03 2.47565484480803288E-01 3.53534508880843517E-04 2.70202013684724390E-03 1.28088557278873139E+00
1.22391184E+01 4.72494314076306807E-02 5.51492021252769637E-03 2.47430366926181228E-01 3.53003593895453386E-04 2.68420618637466414E-03 1.27896187760919067E+00
1.22609786E+01 4.71218189903842011E-02 5.48662215476595529E-03 2.47290048535746987E-01 3.52481020194633267E-04 2.66676109652122864E-03 1.27704304135609981E+00
1.22829930E+01 4.69939712410256047E-02 5.45869389642843813E-03 2.47144278371971254E-01 3.51964490639848323E-04 2.64963060213697704E-03 1.27512363538116547E+00
1.23052027E+01 4.68656495730538081E-02 5.43085689003746774E-03 2.46992782013936429E-01 3.51444485539778812E-04 2.63254744837865479E-03 1.27319898793828412E+00
1.23276085E+01 4.67368512522213092E-02 5.40303012427310360E-03 2.46835500674680575E-01 3.50914189911486244E-04 2.61542302369323354E-03 1.27126773346240185E+00
1.23500667E+01 4.66084022487227717E-02 5.37562736528067464E-03 2.46673489283743386E-01 3.50389324603591506E-04 2.59859233230603538E-03 1.26933245799285110E+00
1.23726250E+01 4.64800236475612777E-02 5.34885779895533358E-03 2.46506422304169220E-01 3.49884664855268238E-04 2.58227753094861104E-03 1.26740515447071189E+00
1.23953307E+01 4.63514409844560035E-02 5.32253339182998855E-03 2.46333902824892564E-01 3.49383235556180720E-04 2.56630445610427950E-03 1.26548262605844930E+00
1.24182310E+01 4.62223900727461098E-02 5.29659884069483451E-03 2.46155551461480437E-01 3.48883351650492335E-04 2.55063102311286214E-03 1.26355708909777409E+00
1.24413724E+01 4.60926138122316059E-02 5.27107989989242243E-03 2.45970967998922874E-01 3.48375696514892255E-04 2.53529633700702063E-03 1.26162868664578576E+00
1.24646127E+01 4.59629113012083590E-02 5.24627244966654419E-03 2.45781362979748064E-01 3.47874817083348596E-04 2.52052955845677527E-03 1.25969766448735343E+00
1.24879384E+01 4.58333487567407077E-02 5.22190346428253425E-03 2.45586904061600303E-01 3.47370392006368124E-04 2.50605182382981082E-03 1.25777427772430861E+00
1.25114027E+01 4.57036296773676229E-02 5.19795427190884122E-03 2.45387167668214085E-01 3.46857976619956512E-04 2.49186575015070090E-03 1.25586060084015938E+00
1.25350583E+01 4.55734655578815401E-02 5.17433274816189552E-03 2.45181739867995796E-01 3.46338450672283959E-04 2.47789969771044106E-03 1.25395444403721212E+00
1.25589576E+01 4.54425750097895292E-02 5.15095218834694772E-03 2.44970210899751600E-01 3.45811006401983340E-04 2.46408669952763145E-03 1.25205443374837633E+00
1.25830135E+01 4.53114369324168417E-02 5.12811050941224412E-03 2.44753503755393370E-01 3.45285143812488202E-04 2.45069049917169416E-03 1.25015635609792697E+00
1.26071420E+01 4.51805001302202705E-02 5.10579485126479247E-03 2.44532576808469404E-01 3.44764199660167964E-04 2.43767049989915708E-03 1.24826661259962290E+00
1.26314006E+01 4.50494428003051228E-02 5.08384240658523931E-03 2.44307040919987423E-01 3.44237079228672076E-04 2.42489074596345970E-03 1.24639110170469136E+00
1.26558468E+01 4.49179523501379296E-02 5.06220368710076120E-03 2.44076561786907176E-01 3.43704132606451496E-04 2.41232512804294029E-03 1.24452485016115522E+00
1.26805373E+01 4.47857244700135826E-02 5.04076856405433725E-03 2.43840862222102633E-01 3.43165371619956797E-04 2.39988488971475513E-03 1.24266232287047518E+00
1.27054104E+01 4.46530920508055457E-02 5.01945731881398450E-03 2.43600924509451422E-01 3.42622820753772130E-04 2.38746809685369760E-03 1.24079869752436256E+00
1.27303491E+01 4.45206765723254530E-02 4.99829651445167153E-03 2.43358375830093482E-01 3.42074614942281603E-04 2.37506045827791997E-03 1.23893980442550733E+00
1.27554137E+01 4.43881583610642033E-02 4.97765558596739970E-03 2.43112972794791438E-01 3.41548864375366967E-04 2.36305255108501099E-03 1.23709480252907800E+00
1.27806644E+01 4.42552111903851686E-02 4.95752924837798876E-03 2.42864494204455689E-01 3.41044342457430885E-04 2.35146404607235052E-03 1.23525749995389034E+00
1.28061606E+01 4.41215141439556813E-02 4.93785866717197895E-03 2.42612813367930613E-01 3.40559077199967274E-04 2.34026159295994563E-03 1.23342153509171393E+00
1.28318336E+01 4.39874223261633515E-02 4.91884579834692484E-03 2.42359229650888353E-01 3.40094813779233819E-04 2.32962899266213764E-03 1.23158462552076364E+00
1.28575739E+01 4.38534922986123024E-02 4.90025288723059012E-03 2.42105468910139843E-01 3.39629348098738186E-04 2.31929960501368361E-03 1.22975337864645273E+00
1.28834425E+01 4.37193989345311812E-02 4.88203260599004429E-03 2.41851444520217229E-01 3.39161644715942512E-04 2.30925008790299575E-03 1.22793345203262994E+00
1.29091972E+01 4.35863843768032888E-02 4.86418442839435614E-03 2.41600294536532284E-01 3.38695126231100627E-04 2.29941004849190103E-03 1.22611908897670507E+00
1.29348420E+01 4.34544088658596478E-02 4.84664527069661108E-03 2.41352487904755858E-01 3.38234098932944384E-04 2.28972561671153931E-03 1.22432805273397771E+00
1.29604099E+01 4.33232886851992530E-02 4.82935500718842132E-03 2.41108191304696073E-01 3.37781324386586328E-04 2.28015289493987408E-03 1.22256151532923085E+00
1.29859201E+01 4.31929137006887912E-02 4.81225333281828493E-03 2.40867810723437964E-01 3.37319287897423607E-04 2.27064194266419486E-03 1.22081773613618427E+00
1.30113867E+01 4.30632062469290047E-02 4.79550797678170507E-03 2.40631814264764959E-01 3.36857297204568387E-04 2.26136821609195350E-03 1.21909594967019430E+00
1.30367575E+01 4.29344207459213256E-02 4.77928578292280935E-03 2.40401292336130862E-01 3.36410997355909109E-04 2.25248962119243418E-03 1.21739592884172487E+00
1.30620312E+01 4.28065463873767704E-02 4.76342158482242171E-03 2.40176743622389305E-01 3.35968515117537132E-04 2.24384968111851577E-03 1.21571929245398325E+00
1.30872229E+01 4.26795009959488741E-02 4.74792110945014036E-03 2.39958258091166859E-01 3.35527791522558557E-04 2.23546610639037543E-03 1.21406343018434026E+00
1.31123454E+01 4.25532101542868899E-02 4.73281946103947578E-03 2.39746614689807208E-01 3.35102343674433683E-04 2.22738521436603330E-03 1.21242598337580798E+00
1.31374100E+01 4.24276088869762411E-02 4.71815746150285650E-03 2.39541889151644150E-01 3.34718077452345985E-04 2.21965931857999541E-03 1.21080749694619327E+00
1.31624275E+01 4.23026330048437704E-02 4.70371676318371602E-03 2.39344391866104900E-01 3.34345627673813639E-04 2.21208299643383234E-03 1.20920792006545730E+00
1.31874086E+01 4.21782198122459123E-02 4.68933691802371315E-03 2.39154396329824798E-01 3.33974934780464905E-04 2.20450825463974114E-03 1.20762563286649627E+00
1.32123357E+01 4.20544532306755467E-02 4.67486609739489137E-03 2.38972363736984245E-01 3.33600148930638415E-04 2.19678579692611986E-03 1.20605987076794752E+00
1.32371767E+01 4.19314928090706723E-02 4.66055505292142878E-03 2.38798800177432630E-01 3.33244412263306836E-04 2.18916244968467679E-03 1.20451257206459705E+00
1.32619423E+01 4.18092802647175368E-02 4.64651452028284114E-03 2.38633840531442570E-01 3.32911378094205004E-04 2.18176002511727895E-03 1.20298724813070645E+00
1.32866430E+01 4.16877513742237443E-02 4.63249022082615636E-03 2.38477651065650192E-01 3.32576791312742229E-04 2.17433918405304620E-03 1.20148185217504522E+00
1.33112902E+01 4.15668456440869555E-02 4.61841054505759876E-03 2.38330300368426173E-01 3.32247204106411980E-04 2.16684134469250509E-03 1.19999454486158297E+00
1.33358968E+01 4.14465013510418173E-02 4.60426298376907361E-03 2.38191843052494800E-01 3.31929546248606094E-04 2.15926560882571126E-03 1.19852439397009558E+00
1.33604776E+01 4.13266484271017503E-02 4.59008227168088753E-03 2.38062313657116553E-01 3.31626450648899015E-04 2.15165785777280284E-03 1.19706960012545705E+00
1.33850506E+01 4.12072040992192551E-02 4.57587968565895207E-03 2.37941709480323366E-01 3.31336504194323716E-04 2.14404096809183483E-03 1.19562627841400970E+00
1.34095910E+01 4.10882901924416455E-02 4.56154344122933555E-03 2.37830242713022277E-01 3.31038566187292550E-04 2.13630373367321462E-03 1.19418713760765249E+00
1.34340494E+01 4.09701488226799290E-02 4.54714156625186505E-03 2.37728179436899667E-01 3.30740699651540040E-04 2.12850778907037411E-03 1.19274977093977852E+00
1.34584415E+01 4.08527043611637275E-02 4.53267187887828639E-03 2.37635365816652400E-01 3.30454066691584375E-04 2.12066265338376045E-03 1.19131627347226288E+00
1.34827850E+01 4.07358721863878212E-02 4.51797346135627328E-03 2.37551669690108436E-01 3.30162809490352463E-04 2.11262023517738750E-03 1.18988879050138863E+00
1.35070998E+01 4.06195615913783545E-02 4.50290621554273220E-03 2.37476985267183388E-01 3.29855774574473184E-04 2.10425231321084228E-03 1.18847002910463972E+00
1.35314080E+01 4.05036769812573277E-02 4.48755124236774935E-03 2.37411193716878605E-01 3.29545887081905589E-04 2.09564961349454487E-03 1.18705753791096646E+00
1.35557344E+01 4.03881128841707196E-02 4.47184033637376775E-03 2.37354201841982138E-01 3.29228761563535907E-04 2.08675396819273324E-03 1.18564572937892332E+00
1.35800069E+01 4.02732215081958930E-02 4.45598822668152959E-03 2.37306144227852456E-01 3.28918295857518156E-04 2.07776198186960907E-03 1.18422931220349392E+00
1.36042220E+01 4.01590226269947712E-02 4.43999063363599220E-03 2.37266902413294567E-01 3.28609323104909362E-04 2.06867181817440692E-03 1.18281104932989800E+00
1.36284013E+01 4.00454171680935597E-02 4.42375694722990740E-03 2.37246951374298520E-01 3.28292415772734052E-04 2.05940194327356883E-03 1.18138904898463903E+00
1.36525691E+01 3.99323002839827162E-02 4.40736936922517166E-03 2.37199522597331319E-01 3.27964655430364855E-04 2.05004261937861976E-03 1.17996042315478356E+00
1.36767518E+01 3.98195567340747167E-02 4.39059632651900549E-03 2.37196421483909098E-01 3.27634667201187081E-04 2.04037246180782152E-03 1.17852503852776480E+00
1.37009779E+01 3.97070659143774138E-02 4.37346545106009725E-03 2.37194323888909514E-01 3.27308554456847681E-04 2.03042655983827307E-03 1.17708379678751740E+00
1.37251847E+01 3.95951320963255568E-02 4.35596727841456970E-03 2.37194590561165486E-01 3.26976957533056786E-04 2.02017391930987790E-03 1.17563787905497086E+00
1.37493533E+01 3.94838492620187345E-02 4.33827728164024647E-03 2.37216291677534163E-01 3.26645478975075775E-04 2.00978179813331550E-03 1.17418932901908835E+00
1.37735092E+01 3.93730959274816925E-02 4.32032304863425639E-03 2.37216178552007523E-01 3.26304889335886535E-04 1.99918824291303717E-03 1.17273884177002641E+00
1.37976804E+01 3.92627446628671314E-02 4.30218180368162947E-03 2.37262776952361920E-01 3.25967076306308092E-04 1.98847957448517907E-03 1.17128502511753951E+00
1.38218964E+01 3.91526633712827726E-02 4.28376318650558387E-03 2.37283827298418043E-01 3.25627400639613761E-04 1.97757327359170294E-03 1.16982814401676882E+00
1.38461887E+01 3.90427185457924153E-02 4.26502541812884359E-03 2.37330116187603690E-01 3.25284603834701219E-04 1.96643365885495721E-03 1.16836820493164750E+00
1.38704450E+01 3.89334243057893256E-02 4.24606876224051331E-03 2.37379002330782463E-01 3.24940510913813117E-04 1.95512050348939327E-03 1.16690104985419030E+00
1.38946920E+01 3.88246656457666151E-02 4.22685309897793352E-03 2.37436875159118183E-01 3.24588473488878751E-04 1.94359496166377085E-03 1.16543132490732160E+00
1.39189583E+01 3.87163215270067626E-02 4.20741745236283358E-03 2.37502037941121069E-01 3.24229212875146481E-04 1.93189732864264643E-03 1.16395777435649150E+00
1.39432739E+01 3.86082655309344241E-02 4.18793869812743910E-03 2.37574956896950129E-01 3.23884972062018800E-04 1.92020655916830306E-03 1.16248049646050045E+00
1.39676705E+01 3.85003639867066150E-02 4.16844058251313130E-03 2.37655665060559879E-01 3.23562083631214045E-04 1.90855070682402505E-03 1.16099774306829584E+00
1.39920955E+01 3.83928522797733207E-02 4.14910528513229640E-03 2.37744073018703317E-01 3.23255410163489050E-04 1.89708928239728180E-03 1.15950875223396999E+00
1.40165186E+01 3.82858609577561709E-02 4.12989289748106128E-03 2.37840075998065087E-01 3.22957978505594170E-04 1.88576820331668935E-03 1.15801854160703654E+00
1.40409685E+01 3.81792627084494990E-02 4.11066616827465876E-03 2.37943798856324829E-01 3.22660377376893031E-04 1.87445424919724401E-03 1.15653013064797183E+00
1.40654752E+01 3.80729292576678785E-02 4.09135596485386919E-03 2.38055457693567507E-01 3.22364772670026925E-04 1.86308060057198063E-03 1.15504285244395888E+00
1.40900697E+01 3.79667312835362467E-02 4.07185339384810198E-03 2.38175313837918734E-01 3.22062007001563413E-04 1.85153994549468160E-03 1.15355600982704343E+00
1.41147322E+01 3.78607594901692671E-02 4.05211368276451288E-03 2.38303402276518334E-01 3.21742206836270954E-04 1.83977269664767134E-03 1.15206903229837110E+00
1.41394042E+01 3.77552677231377601E-02 4.03220805501075703E-03 2.38439558247343697E-01 3.21404177410605102E-04 1.82782180020903584E-03 1.15058334191225020E+00
1.41641137E+01 3.76501396043355252E-02 4.01235288179155932E-03 2.38584031120667672E-01 3.21060601811457838E-04 1.81590214766618602E-03 1.14910004790287168E+00
1.41888901E+01 3.75452527403715777E-02 3.99273525432066335E-03 2.38737150759755767E-01 3.20725654122062996E-04 1.80420191448011540E-03 1.14761576143800204E+00
1.42137631E+01 3.74404785536439702E-02 3.97336952929960852E-03 2.38899315855030714E-01 3.20406251277149500E-04 1.79274007612689897E-03 1.14613021438220364E+00
1.42387247E+01 3.73358466344319365E-02 3.95415134090387581E-03 2.39070750668967963E-01 3.20090964839654332E-04 1.78140596912302815E-03 1.14464476724247000E+00
1.42637103E+01 3.72316254885123044E-02 3.93511966996044991E-03 2.39251303756417177E-01 3.19779576031105860E-04 1.77021313196998342E-03 1.14316215657715725E+00
1.42887466E+01 3.71277013258060964E-02 3.91622892178974946E-03 2.39441349671137699E-01 3.19471208590506675E-04 1.75911888772256326E-03 1.14168742647642096E+00
1.43138614E+01 3.70239586571717363E-02 3.89738635188439063E-03 2.39641338352694105E-01 3.19159405044822564E-04 1.74803401685617301E-03 1.14022028787870822E+00
1.43390826E+01 3.69202830002387586E-02 3.87855390923508118E-03 2.39851820392445014E-01 3.18836511404561244E-04 1.73692394241195579E-03 1.13876109320807717E+00
1.43644057E+01 3.68166951775534060E-02 3.85977250718852428E-03 2.40073121014413499E-01 3.18505090072478082E-04 1.72582288632023716E-03 1.13731054866049397E+00
1.43897696E+01 3.67134454475505009E-02 3.84122768429356149E-03 2.40305063091843352E-01 3.18173110874755928E-04 1.71489370706508605E-03 1.13587020838211705E+00
1.44151993E+01 3.66104288265469771E-02 3.82284741171167765E-03 2.40548152046975716E-01 3.17834995025860663E-04 1.70407032165534583E-03 1.13444261609604613E+00
1.44407203E+01 3.65075414442529930E-02 3.80468890310576560E-03 2.40802953741630493E-01 3.17498857161529298E-04 1.69341657161908290E-03 1.13302363921111238E+00
1.44663580E+01 3.64046807049304769E-02 3.78681642005171924E-03 2.41070135076828007E-01 3.17174099030109724E-04 1.68300449579282052E-03 1.13161029873323193E+00
1.44921037E+01 3.63018808426694845E-02 3.76918781328756123E-03 2.41350046234987209E-01 3.16859706549708073E-04 1.67279080329599543E-03 1.13020126200371918E+00
1.45179080E+01 3.61993356223206664E-02 3.75181705283097458E-03 2.41642490495553475E-01 3.16557822282353941E-04 1.66277771545374599E-03 1.12879782996106282E+00
1.45437937E+01 3.60969510198350246E-02 3.73445592663222128E-03 2.41948090173347785E-01 3.16249468953325500E-04 1.65272700708736313E-03 1.12740694135952624E+00
1.45697834E+01 3.59946388843933665E-02 3.71705933391166914E-03 2.42267526107324077E-01 3.15937983099364795E-04 1.64260077209148051E-03 1.12603250969983248E+00
1.45958997E+01 3.58923155955681861E-02 3.69960359767777542E-03 2.42601514853551886E-01 3.15626642073846297E-04 1.63238124718996600E-03 1.12467712127730146E+00
1.46221571E+01 3.57899323360747271E-02 3.68207575989222156E-03 2.42950777284767744E-01 3.15310645733070871E-04 1.62205759488786953E-03 1.12333970510371817E+00
1.46484907E+01 3.56877485891957669E-02 3.66453419095704456E-03 2.43314945661343596E-01 3.14987466452384284E-04 1.61166869657077255E-03 1.12201590029161213E+00
1.46749205E+01 3.55856911775224508E-02 3.64713671493335258E-03 2.43694689241047951E-01 3.14665620034514559E-04 1.60137722724705534E-03 1.12070333661368648E+00
1.47014662E+01 3.54836843644514774E-02 3.62980483116950164E-03 2.44090794998084254E-01 3.14343819160198842E-04 1.59111238903311041E-03 1.11939595733592889E+00
1.47281470E+01 3.53816567396474033E-02 3.61259626555282326E-03 2.44504118274824767E-01 3.14031583189968962E-04 1.58093874622276050E-03 1.11809032840621536E+00
1.47549816E+01 3.52795397688708476E-02 3.59542435690705714E-03 2.44935432593793689E-01 3.13716641425781917E-04 1.57077653993962954E-03 1.11678704940698359E+00
1.47819703E+01 3.51773349084478007E-02 3.57827137760834829E-03 2.45385103885183115E-01 3.13402918214642076E-04 1.56060999969028554E-03 1.11548998349174466E+00
1.48090698E+01 3.50752094050107779E-02 3.56113919041736292E-03 2.45852639797569078E-01 3.13089156987520216E-04 1.55043110369884607E-03 1.11420464874987091E+00
1.48362966E+01 3.49731066321711387E-02 3.54415856274286657E-03 2.46338384825049717E-01 3.12788084608115532E-04 1.54037475898493237E-03 1.11293572407732722E+00
1.48636668E+01 3.48709699285417105E-02 3.52743449405801138E-03 2.46842677896050938E-01 3.12500440568856577E-04 1.53055118804301736E-03 1.11168095331442829E+00
1.48911959E+01 3.47687456016456467E-02 3.51062620000799994E-03 2.47365760659216755E-01 3.12203689928327352E-04 1.52062570643253731E-03 1.11043502738624733E+00
1.49188985E+01 3.46663898686394301E-02 3.49367967733611425E-03 2.47907819735190715E-01 3.11893502397529168E-04 1.51054675507900191E-03 1.10919247652418340E+00
1.49467881E+01 3.45638653970756354E-02 3.47661977461458929E-03 2.48468992185009674E-01 3.11568239119733260E-04 1.50033979484100362E-03 1.10795082741624551E+00
1.49733940E+01 3.44665459062623442E-02 3.46041362424390122E-03 2.49018845295893521E-01 3.11253778863428826E-04 1.49061358064251541E-03 1.10671078316452309E+00
1.50000000E+01 3.43697030046233934E-02 3.44430479227519513E-03 2.49581599259399545E-01 3.10936179022850573E-04 1.48092624145274021E-03 1.10553858088856449E+00
