#  time, MeanKE MeanKEDR MeanP MeanNuT MeanLesProduction MeanStrainRate
0 1.24981176165412808E-01 5.21948133718342657E-04 -5.50482138072360219E-18 5.73175060267412954E-05 5.32687179012574421E-05 0.00000000000000000E+00
7.36310778E-03 1.24976973579574227E-01 5.21936334033714614E-04 6.23617049992026607E-05 5.73233579743958059E-05 5.32700321853067098E-05 5.51452087631646770E-01
1.47275167E-02 1.24973051440770810E-01 5.21935967805486640E-04 7.33454873882289341E-05 5.73374336641735649E-05 5.32764354532016168E-05 5.51449817760947703E-01
2.20921482E-02 1.24969222598287355E-01 5.21945660385586497E-04 7.26451621568308434E-05 5.73583150493131574E-05 5.32872550884751908E-05 5.51460106111422710E-01
2.94570547E-02 1.24965424412173162E-01 5.21964852310310415E-04 6.79287859487798983E-05 5.73853488951332164E-05 5.33021663842987259E-05 5.51481149796178016E-01
3.68222961E-02 1.24961635927292883E-01 5.21993089649153662E-04 5.90047783620570583E-05 5.74173060792711773E-05 5.33207934166252307E-05 5.51511906031939336E-01
4.41879350E-02 1.24957850089817746E-01 5.22029895897409670E-04 4.57219701239445608E-05 5.74531986670458951E-05 5.33426851142125122E-05 5.51551648871871913E-01
5.15540343E-02 1.24954064482930116E-01 5.22074953103976794E-04 2.81044867761485411E-05 5.74924827451597420E-05 5.33675311275374307E-05 5.51599818908479200E-01
5.89205461E-02 1.24950278294897174E-01 5.22128065164011732E-04 6.15017554043687567E-06 5.75348466899684098E-05 5.33951371331603430E-05 5.51655955133715348E-01
6.62873124E-02 1.24946491287836317E-01 5.22189109253235308E-04 -2.01379587163845639E-05 5.75800936497255418E-05 5.34253805265968025E-05 5.51719655602381565E-01
7.36543968E-02 1.24942703283410880E-01 5.22258006273858765E-04 -5.07557903087232809E-05 5.76280734530677566E-05 5.34581808100019623E-05 5.51790557633953349E-01
8.10218629E-02 1.24938914161678474E-01 5.22334693701584731E-04 -8.56985748644214243E-05 5.76786382519747150E-05 5.34934733986819808E-05 5.51868335963777712E-01
8.83897742E-02 1.24935123822734584E-01 5.22419113564918632E-04 -1.24961593134654034E-04 5.77316423766100484E-05 5.35311977455082611E-05 5.51952699255185086E-01
9.57581943E-02 1.24931332173827458E-01 5.22511211503001228E-04 -1.68540147199194358E-04 5.77869541016739810E-05 5.35712964475638226E-05 5.52043386107383460E-01
1.03127186E-01 1.24927539125001388E-01 5.22610937181491116E-04 -2.16429279383422834E-04 5.78444579024444948E-05 5.36137156791281733E-05 5.52140160327135865E-01
1.10496814E-01 1.24923744587711910E-01 5.22718247300384196E-04 -2.68623706383407991E-04 5.79040545464362154E-05 5.36584082057674672E-05 5.52242806881662496E-01
1.17867139E-01 1.24919948474194631E-01 5.22833102860526303E-04 -3.25117846374427559E-04 5.79656548992078192E-05 5.37053306539784898E-05 5.52351128801066849E-01
1.25238226E-01 1.24916150697329115E-01 5.22955470783789634E-04 -3.85905842738061544E-04 5.80291796381436238E-05 5.37544451330027715E-05 5.52464944889924370E-01
1.32610136E-01 1.24912351170484104E-01 5.23085319754444666E-04 -4.50981571925663008E-04 5.80945545346107318E-05 5.38057150776836344E-05 5.52584088077656355E-01
1.39982933E-01 1.24908549807518074E-01 5.23222624399127399E-04 -5.20338637532952717E-04 5.81617149887816079E-05 5.38591094296216825E-05 5.52708404211541438E-01
1.47356677E-01 1.24904746522661966E-01 5.23367360516692730E-04 -5.93970366081918990E-04 5.82306001418466694E-05 5.39145978680838494E-05 5.52837750786354998E-01
1.54731431E-01 1.24900941230547402E-01 5.23519506305430049E-04 -6.71869812591009740E-04 5.83011500733871582E-05 5.39721520384791687E-05 5.52971994346422302E-01
1.62106956E-01 1.24897134001435234E-01 5.23679037429399625E-04 -7.54026399507463983E-04 5.83733007983497682E-05 5.40317448056802568E-05 5.53111005631773067E-01
1.69483289E-01 1.24893324763244579E-01 5.23845937355619878E-04 -8.40431748555836664E-04 5.84469900434068986E-05 5.40933532268185547E-05 5.53254649621185535E-01
1.76860491E-01 1.24889513431190910E-01 5.24020191283077093E-04 -9.31056269935298816E-04 5.85221578513415286E-05 5.41569553444961672E-05 5.53402797619749642E-01
1.84238625E-01 1.24885699920828486E-01 5.24201786621700683E-04 -1.02595929879905441E-03 5.85987492768823710E-05 5.42225309808007136E-05 5.53555326643604073E-01
1.91617753E-01 1.24881884147915762E-01 5.24390713332119297E-04 -1.12505389301809479E-03 5.86767145642269473E-05 5.42900620785981522E-05 5.53712120931412310E-01
1.98997935E-01 1.24878066028523568E-01 5.24586963696725131E-04 -1.22836780258055406E-03 5.87560083167420412E-05 5.43595324733484327E-05 5.53873071966269670E-01
2.06379233E-01 1.24874245478918386E-01 5.24790531906864821E-04 -1.33588598545201077E-03 5.88365885947256159E-05 5.44309274819007011E-05 5.54038077843713617E-01
2.13761706E-01 1.24870422415614440E-01 5.25001413773936863E-04 -1.44759852892882850E-03 5.89184164130740807E-05 5.45042336148444885E-05 5.54207042645507020E-01
2.21145417E-01 1.24866596755286552E-01 5.25219606231720586E-04 -1.56349532479582482E-03 5.90014551770676410E-05 5.45794380798439465E-05 5.54379875985377080E-01
2.28530424E-01 1.24862768414847655E-01 5.25445108268643869E-04 -1.68356596005978377E-03 5.90856718633145229E-05 5.46565297150091543E-05 5.54556492746606566E-01
2.35916788E-01 1.24858937311345619E-01 5.25677920166985795E-04 -1.80779970831513367E-03 5.91710365163422230E-05 5.47354982295064087E-05 5.54736812987922989E-01
2.43304567E-01 1.24855103362016134E-01 5.25918043861882552E-04 -1.93618552584572611E-03 5.92575224806114341E-05 5.48163345635803700E-05 5.54920761865129286E-01
2.50693820E-01 1.24851266484243703E-01 5.26165483198139257E-04 -2.06871204832386390E-03 5.93451047537451020E-05 5.48990311464824581E-05 5.55108268971908125E-01
2.58084547E-01 1.24847426626498684E-01 5.26420241005282454E-04 -2.20536648083445802E-03 5.94337548908519344E-05 5.49835803680411809E-05 5.55299266051012985E-01
2.65476553E-01 1.24843583837943417E-01 5.26682314157569421E-04 -2.34613187316376611E-03 5.95234384400779369E-05 5.50699730853956246E-05 5.55493681949967177E-01
2.72869898E-01 1.24839738035825307E-01 5.26951709620131973E-04 -2.49099531745954842E-03 5.96141236157623903E-05 5.51582042495858414E-05 5.55691437781877018E-01
2.80264639E-01 1.24835889137572723E-01 5.27228435628235878E-04 -2.63994361764899712E-03 5.97057805747392838E-05 5.52482696632684373E-05 5.55892461240840463E-01
2.87660836E-01 1.24832037060660220E-01 5.27512501205958085E-04 -2.79296325546817513E-03 5.97983816875018824E-05 5.53401655009999103E-05 5.56096682756595961E-01
2.95058548E-01 1.24828181722726306E-01 5.27803916469185780E-04 -2.95004036771075737E-03 5.98919016237285581E-05 5.54338886136232660E-05 5.56304036507024424E-01
3.02457831E-01 1.24824323041458060E-01 5.28102692966733495E-04 -3.11116074191547260E-03 5.99863173451627735E-05 5.55294368713729362E-05 5.56514460402509958E-01
3.09858744E-01 1.24820460934691860E-01 5.28408843561367853E-04 -3.27630981046816028E-03 6.00816077619099409E-05 5.56268090461345358E-05 5.56727895811174656E-01
3.17261343E-01 1.24816595320323326E-01 5.28722382104423430E-04 -3.44547264384914001E-03 6.01777533483555775E-05 5.57260044882541369E-05 5.56944287325111920E-01
3.24665685E-01 1.24812726116335773E-01 5.29043323294961965E-04 -3.61863394577501213E-03 6.02747360995885631E-05 5.58270229871420150E-05 5.57163582637756671E-01
3.32071826E-01 1.24808853240825857E-01 5.29371682845850336E-04 -3.79577804734388628E-03 6.03725399288644057E-05 5.59298649394512852E-05 5.57385732536975653E-01
3.39479821E-01 1.24804976611999574E-01 5.29707477663094004E-04 -3.97688890002124203E-03 6.04711510301918497E-05 5.60345315300953345E-05 5.57610690969149392E-01
3.46889726E-01 1.24801096148074428E-01 5.30050725841462573E-04 -4.16195006822074175E-03 6.05705573563495813E-05 5.61410247293707898E-05 5.57838414951849160E-01
3.54301594E-01 1.24797211767425559E-01 5.30401446498077124E-04 -4.35094472643331349E-03 6.06707464638935864E-05 5.62493471288840849E-05 5.58068863735971754E-01
3.61715481E-01 1.24793323388463967E-01 5.30759659582756473E-04 -4.54385564902753340E-03 6.07717030334797170E-05 5.63595017531387732E-05 5.58301996674340217E-01
3.69131173E-01 1.24789431069439918E-01 5.31125372558861929E-04 -4.74065813702781187E-03 6.08734053600959855E-05 5.64714879578685373E-05 5.58537770993613569E-01
3.76548698E-01 1.24785534742238316E-01 5.31498604979611911E-04 -4.94133300938298312E-03 6.09758346335035234E-05 5.65853090585892077E-05 5.58776133301527422E-01
3.83968111E-01 1.24781634324693302E-01 5.31879378647575718E-04 -5.14586140168943416E-03 6.10789737964030931E-05 5.67009693328623590E-05 5.59017037846976428E-01
3.91389466E-01 1.24777729734725701E-01 5.32267716329746935E-04 -5.35422405141721368E-03 6.11828075726943295E-05 5.68184736264124666E-05 5.59260441604844782E-01
3.98812816E-01 1.24773820890298287E-01 5.32663641727147284E-04 -5.56640127872687698E-03 6.12873222788436379E-05 5.69378273242389905E-05 5.59506304048374981E-01
4.06238215E-01 1.24769907709453329E-01 5.33067179441985058E-04 -5.78237297073133476E-03 6.13925055818253856E-05 5.70590363205258482E-05 5.59754587155386729E-01
4.13665714E-01 1.24765990110264902E-01 5.33478354926753017E-04 -6.00211858275121867E-03 6.14983463308860885E-05 5.71821069692917100E-05 5.60005255264848789E-01
4.21095365E-01 1.24762068010870239E-01 5.33897194410953456E-04 -6.22561712409005347E-03 6.16048344736358229E-05 5.73070460137273797E-05 5.60258274961680347E-01
4.28527221E-01 1.24758141329454647E-01 5.34323724848134707E-04 -6.45284715524282841E-03 6.17119610732679854E-05 5.74338605349926398E-05 5.60513615024400780E-01
4.35961330E-01 1.24754209984241832E-01 5.34757973915956199E-04 -6.68378677756478138E-03 6.18197183862712995E-05 5.75625579542337750E-05 5.60771246418210634E-01
4.43397743E-01 1.24750273893489680E-01 5.35199970054152981E-04 -6.91841363006178052E-03 6.19280997821418800E-05 5.76931460726057507E-05 5.61031142247411685E-01
4.50836510E-01 1.24746332975504470E-01 5.35649742503663609E-04 -7.15670487612604482E-03 6.20370991356239339E-05 5.78256331123577086E-05 5.61293277458616680E-01
4.58277679E-01 1.24742387148616407E-01 5.36107321325187021E-04 -7.39863720103495822E-03 6.21467096368778495E-05 5.79600277370729677E-05 5.61557628013789722E-01
4.65721298E-01 1.24738436331179370E-01 5.36572737393914618E-04 -7.64418680359356135E-03 6.22569228600623303E-05 5.80963390487804053E-05 5.61824169578542754E-01
4.73167415E-01 1.24734480441557646E-01 5.37046022377939245E-04 -7.89332938608367299E-03 6.23677290389581303E-05 5.82345765679534338E-05 5.62092876562822252E-01
4.80615894E-01 1.24730519495376099E-01 5.37527196797474359E-04 -8.14603394201785652E-03 6.24791154286605222E-05 5.83747467394117001E-05 5.62363722379646158E-01
4.88066700E-01 1.24726553454070188E-01 5.38016287918694955E-04 -8.40227210942058600E-03 6.25910714311564789E-05 5.85168581461867199E-05 5.62636673852887070E-01
4.95519882E-01 1.24722582235122920E-01 5.38513328930809252E-04 -8.66201776505368636E-03 6.27035886686564222E-05 5.86609212266695168E-05 5.62911702570793371E-01
5.02975487E-01 1.24718605756052134E-01 5.39018353700626129E-04 -8.92524429057752963E-03 6.28166597544777781E-05 5.88069467264619816E-05 5.63188784795760067E-01
5.10433562E-01 1.24714623934351038E-01 5.39531396762167061E-04 -9.19192454894207818E-03 6.29302782069656933E-05 5.89549456906418898E-05 5.63467898591539784E-01
5.17894153E-01 1.24710636687593912E-01 5.40052493320121148E-04 -9.46203087357192808E-03 6.30444383815711984E-05 5.91049294692856244E-05 5.63749023797845084E-01
5.25357306E-01 1.24706643933292130E-01 5.40581679259817386E-04 -9.73553505786838892E-03 6.31591354311265146E-05 5.92569097301887397E-05 5.64032141966005374E-01
5.32823065E-01 1.24702645589003347E-01 5.41118991155359655E-04 -1.00124083485235663E-02 6.32743652586360719E-05 5.94108984696390289E-05 5.64317236281494772E-01
5.40291474E-01 1.24698641572270244E-01 5.41664466269994481E-04 -1.02926214379678999E-02 6.33901244035782062E-05 5.95669080148474532E-05 5.64604291451383578E-01
5.47762577E-01 1.24694631800665742E-01 5.42218142547054691E-04 -1.05761444555156070E-02 6.35064098030257946E-05 5.97249510177916298E-05 5.64893293503780702E-01
5.55236416E-01 1.24690616191758211E-01 5.42780058595952069E-04 -1.08629469572025447E-02 6.36232184242433569E-05 5.98850404439099806E-05 5.65184229450728326E-01
5.62713034E-01 1.24686594663106110E-01 5.43350253678531151E-04 -1.11529979222897598E-02 6.37405468856858625E-05 6.00471895607127785E-05 5.65477086825104003E-01
5.70192471E-01 1.24682567132275296E-01 5.43928767698253221E-04 -1.14462657407695297E-02 6.38583912689620110E-05 6.02114119297980960E-05 5.65771853228882904E-01
5.77674768E-01 1.24678533516831169E-01 5.44515641193868806E-04 -1.17427182044604096E-02 6.39767472351606819E-05 6.03777214033508557E-05 5.66068516108502395E-01
5.85159965E-01 1.24674493734361444E-01 5.45110915336649701E-04 -1.20423225054210256E-02 6.40956103499745294E-05 6.05461321238186736E-05 5.66367062874744143E-01
5.92648101E-01 1.24670447702421833E-01 5.45714631927850312E-04 -1.23450452174507317E-02 6.42149764199842059E-05 6.07166585245578949E-05 5.66667481271144080E-01
6.00139213E-01 1.24666395338592029E-01 5.46326833395594695E-04 -1.26508522976517095E-02 6.43348417145120252E-05 6.08893153291325691E-05 5.66969759778349625E-01
6.07633139E-01 1.24662336669339679E-01 5.46947546018156897E-04 -1.29597007785211913E-02 6.44551998246300470E-05 6.10641128289149090E-05 5.67273887909539587E-01
6.15129892E-01 1.24658271625214395E-01 5.47576810822489259E-04 -1.32715541188956569E-02 6.45760477326010881E-05 6.12410655949696198E-05 5.67579848129853737E-01
6.22629510E-01 1.24654200122572306E-01 5.48214671569546060E-04 -1.35863762303913335E-02 6.46973833644511536E-05 6.14201890716410795E-05 5.67887631274147098E-01
6.30132032E-01 1.24650122077788389E-01 5.48861172615994946E-04 -1.39041303880683385E-02 6.48192051003582234E-05 6.16014989667771658E-05 5.68197230439232870E-01
6.37637494E-01 1.24646037407228460E-01 5.49516358901964573E-04 -1.42247792226356719E-02 6.49415116812750284E-05 6.17850112424503357E-05 5.68508639838356311E-01
6.45145935E-01 1.24641946027246903E-01 5.50180275941035152E-04 -1.45482847030323319E-02 6.50643020988642747E-05 6.19707421078055908E-05 5.68821854676951233E-01
6.52657389E-01 1.24637847854176045E-01 5.50852969812947509E-04 -1.48746081382534062E-02 6.51875754796693276E-05 6.21587080146280424E-05 5.69136870997830280E-01
6.60171891E-01 1.24633742804325126E-01 5.51534487159435630E-04 -1.52037101594744949E-02 6.53113309834376369E-05 6.23489256557873653E-05 5.69453685515335151E-01
6.67689475E-01 1.24629630793977875E-01 5.52224875181739827E-04 -1.55355507209873293E-02 6.54355677389346132E-05 6.25414119657360435E-05 5.69772295466875467E-01
6.75210176E-01 1.24625511739426403E-01 5.52924181639433197E-04 -1.58700890868989919E-02 6.55602848330601352E-05 6.27361841222063904E-05 5.70092698514819030E-01
6.82734024E-01 1.24621385556905370E-01 5.53632454849721555E-04 -1.62072838279796808E-02 6.56854813510407106E-05 6.29332595483439195E-05 5.70414892718820288E-01
6.90261053E-01 1.24617252162622566E-01 5.54349743686289838E-04 -1.65470928082531894E-02 6.58111564483896408E-05 6.31326559145451490E-05 5.70738876578117171E-01
6.97791293E-01 1.24613111472788154E-01 5.55076097577328971E-04 -1.68894731842021695E-02 6.59373094287118901E-05 6.33343911396086446E-05 5.71064649119954026E-01
7.05324775E-01 1.24608963403542328E-01 5.55811566502959474E-04 -1.72343813939595872E-02 6.60639398063511571E-05 6.35384833909161627E-05 5.71392210000757905E-01
7.12861526E-01 1.24604807871035644E-01 5.56556200991056198E-04 -1.75817731499353820E-02 6.61910473436638238E-05 6.37449510837562167E-05 5.71721559591784834E-01
7.20401577E-01 1.24600644791352161E-01 5.57310052112671155E-04 -1.79316034337694517E-02 6.63186320621613287E-05 6.39538128797833579E-05 5.72052699033277379E-01
7.27944955E-01 1.24596474080571923E-01 5.58073171476820883E-04 -1.82838264862761266E-02 6.64466942319437491E-05 6.41650876849058922E-05 5.72385630253285149E-01
7.35491685E-01 1.24592295654705254E-01 5.58845611224474659E-04 -1.86383958042328664E-02 6.65752343460584739E-05 6.43787946467413796E-05 5.72720355954536076E-01
7.43041796E-01 1.24588109429774913E-01 5.59627424022679748E-04 -1.89952641317682157E-02 6.67042530867392730E-05 6.45949531519850450E-05 5.73056879578540790E-01
7.50595307E-01 1.24583915323862662E-01 5.60418662654148486E-04 -1.93543832694953732E-02 6.68337512241964986E-05 6.48135827119389541E-05 5.73395205255813889E-01
7.58152072E-01 1.24579713347716697E-01 5.61219362641446557E-04 -1.97156962754389195E-02 6.69637267799800048E-05 6.50346981647733637E-05 5.73735337578506033E-01
7.65712119E-01 1.24575503415832858E-01 5.62029577902596242E-04 -2.00791536006466667E-02 6.70941808387049777E-05 6.52583195258734565E-05 5.74077274163631635E-01
7.73275472E-01 1.24571285442720101E-01 5.62849362868089774E-04 -2.04447049446991845E-02 6.72251145730444596E-05 6.54844670408877196E-05 5.74421020941797256E-01
7.80842158E-01 1.24567059342805833E-01 5.63678772474373495E-04 -2.08122992397316714E-02 6.73565292413357708E-05 6.57131611832462739E-05 5.74766584372095157E-01
7.88412199E-01 1.24562825030514537E-01 5.64517862158519872E-04 -2.11818846383466305E-02 6.74884261929940246E-05 6.59444226517677957E-05 5.75113971435011306E-01
7.95985619E-01 1.24558582420206551E-01 5.65366687851886975E-04 -2.15534085078607912E-02 6.76208068780708615E-05 6.61782723682188421E-05 5.75463189636851280E-01
8.03562441E-01 1.24554331426209447E-01 5.66225305974527677E-04 -2.19268174320183008E-02 6.77536728573921855E-05 6.64147314749523370E-05 5.75814247021088299E-01
8.11142686E-01 1.24550071962788569E-01 5.67093773429011984E-04 -2.23020571997371367E-02 6.78870258102910067E-05 6.66538213326175593E-05 5.76167152181617626E-01
8.18726374E-01 1.24545803944187350E-01 5.67972147594973382E-04 -2.26790728007850995E-02 6.80208675384172867E-05 6.68955635179499433E-05 5.76521914272302594E-01
8.26313525E-01 1.24541527284575473E-01 5.68860486323417543E-04 -2.30578084295886415E-02 6.81551999652061779E-05 6.71399798216891931E-05 5.76878543010685085E-01
8.33904157E-01 1.24537241898093384E-01 5.69758847931269648E-04 -2.34382074683049807E-02 6.82900251316191826E-05 6.73870922467674998E-05 5.77237048675347642E-01
8.41498290E-01 1.24532947698863278E-01 5.70667291196108096E-04 -2.38202124955233727E-02 6.84253451894226692E-05 6.76369230065384294E-05 5.77597442096348668E-01
8.49095940E-01 1.24528644600878299E-01 5.71585875351210350E-04 -2.42037652764498720E-02 6.85611623933383562E-05 6.78894945232953875E-05 5.77959734642191858E-01
8.56697123E-01 1.24524332518140005E-01 5.72514660080496651E-04 -2.45888067591486410E-02 6.86974790933665648E-05 6.81448294268125002E-05 5.78323938203621046E-01
8.64301854E-01 1.24520011364582031E-01 5.73453705513611535E-04 -2.49752770763531952E-02 6.88342977282003821E-05 6.84029505530379879E-05 5.78690065177871471E-01
8.71910148E-01 1.24515681054061342E-01 5.74403072221009252E-04 -2.53631155408691848E-02 6.89716208201507136E-05 6.86638809428636904E-05 5.79058128453999621E-01
8.79522018E-01 1.24511341500401648E-01 5.75362821209347646E-04 -2.57522606409178942E-02 6.91094509717895530E-05 6.89276438408470502E-05 5.79428141400441965E-01
8.87137477E-01 1.24506992617373802E-01 5.76333013916291025E-04 -2.61426500458190013E-02 6.92477908638567264E-05 6.91942626941215980E-05 5.79800117854911368E-01
8.94756537E-01 1.24502634318667746E-01 5.77313712205858288E-04 -2.65342205975662958E-02 6.93866432540986712E-05 6.94637611511628183E-05 5.80174072116805051E-01
9.02379208E-01 1.24498266517929432E-01 5.78304978363308633E-04 -2.69269083123449549E-02 6.95260109763716516E-05 6.97361630605923294E-05 5.80550018940827472E-01
9.10005501E-01 1.24493889128719185E-01 5.79306875089976420E-04 -2.73206483838659420E-02 6.96658969397016608E-05 7.00114924698451679E-05 5.80927973530831920E-01
9.17635425E-01 1.24489502064569518E-01 5.80319465497975274E-04 -2.77153751767615503E-02 6.98063041268006361E-05 7.02897736238053747E-05 5.81307951534236533E-01
9.25268988E-01 1.24485105238914998E-01 5.81342813104799411E-04 -2.81110222313610478E-02 6.99472355920139417E-05 7.05710309631879046E-05 5.81689969035030008E-01
9.32906197E-01 1.24480698565144821E-01 5.82376981827466235E-04 -2.85075222680078039E-02 7.00886944587031190E-05 7.08552891229128381E-05 5.82074042546780746E-01
9.40547059E-01 1.24476281956600696E-01 5.83422035976656548E-04 -2.89048071779823626E-02 7.02306839161688658E-05 7.11425729302014680E-05 5.82460189003362161E-01
9.48191580E-01 1.24471855326521538E-01 5.84478040251016425E-04 -2.93028080353410943E-02 7.03732072162454632E-05 7.14329074026589692E-05 5.82848425750693178E-01
9.55839763E-01 1.24467418588125239E-01 5.85545059730422789E-04 -2.97014550944371437E-02 7.05162676697920798E-05 7.17263177462346081E-05 5.83238770536313123E-01
9.63491613E-01 1.24462971654503013E-01 5.86623159870487817E-04 -3.01006777956931426E-02 7.06598686433247388E-05 7.20228293530932501E-05 5.83631241499945386E-01
9.71147086E-01 1.24458514466481526E-01 5.87712399688726452E-04 -3.05004022721488237E-02 7.08040126577260315E-05 7.23224659267321629E-05 5.84025857163323225E-01
9.78806141E-01 1.24454046961343504E-01 5.88812839195666164E-04 -3.09005541708869992E-02 7.09487023886111668E-05 7.26252515241581129E-05 5.84422633947287995E-01
9.86468784E-01 1.24449569050465392E-01 5.89924545018726573E-04 -3.13010606754492576E-02 7.10939413930202239E-05 7.29312121032097348E-05 5.84821588909789525E-01
9.94135017E-01 1.24445080645140399E-01 5.91047584147399540E-04 -3.17018481689130827E-02 7.12397332715685464E-05 7.32403738019988724E-05 5.85222741756814102E-01
1.00180484E+00 1.24440581656612176E-01 5.92182023926798168E-04 -3.21028422460890028E-02 7.13860816655191252E-05 7.35527629366364912E-05 5.85626112540216681E-01
1.00947826E+00 1.24436071996046810E-01 5.93327932050974425E-04 -3.25039677167651836E-02 7.15329902539905884E-05 7.38684059988784425E-05 5.86031721648574533E-01
1.01715528E+00 1.24431551574527177E-01 5.94485376556444945E-04 -3.29051486157157028E-02 7.16804627510619886E-05 7.41873296538023022E-05 5.86439589798138261E-01
1.02483589E+00 1.24427020303072650E-01 5.95654425815463008E-04 -3.33063082086425544E-02 7.18285029028938526E-05 7.45095607373966613E-05 5.86849738023296541E-01
1.03252010E+00 1.24422478092632779E-01 5.96835148529431146E-04 -3.37073689968823351E-02 7.19771144848000230E-05 7.48351262541365917E-05 5.87262187667464408E-01
1.04020790E+00 1.24417924854087786E-01 5.98027613721983063E-04 -3.41082527328339380E-02 7.21263012983137253E-05 7.51640533745135227E-05 5.87676960373643253E-01
1.04789929E+00 1.24413360498224060E-01 5.99231890732504014E-04 -3.45088804206918343E-02 7.22760671681809942E-05 7.54963694324924068E-05 5.88094078074608673E-01
1.05559426E+00 1.24408784935762615E-01 6.00448049208886052E-04 -3.49091723341503346E-02 7.24264159394251151E-05 7.58321019230006265E-05 5.88513562983690286E-01
1.06329282E+00 1.24404198077338365E-01 6.01676159101005689E-04 -3.53090480198583884E-02 7.25773514743831738E-05 7.61712784993026529E-05 5.88935437584581889E-01
1.07099495E+00 1.24399599833519878E-01 6.02916290653521649E-04 -3.57084263114896619E-02 7.27288776497953535E-05 7.65139269703679956E-05 5.89359724622077530E-01
1.07870065E+00 1.24394990114790813E-01 6.04168514399040920E-04 -3.61072253429923704E-02 7.28809983538519340E-05 7.68600752982374728E-05 5.89786447092168431E-01
1.08640992E+00 1.24390368831524697E-01 6.05432901150975279E-04 -3.65053625578608335E-02 7.30337174834188316E-05 7.72097515953240897E-05 5.90215628232133360E-01
1.09412274E+00 1.24385735894063196E-01 6.06709521996316704E-04 -3.69027547231443945E-02 7.31870389411193474E-05 7.75629841217427839E-05 5.90647291510983385E-01
1.10183911E+00 1.24381091212624861E-01 6.07998448288537695E-04 -3.72993179452488222E-02 7.33409666326308038E-05 7.79198012826293971E-05 5.91081460619487187E-01
1.10955901E+00 1.24376434697365063E-01 6.09299751640530411E-04 -3.76949676798254349E-02 7.34955044639140013E-05 7.82802316255074189E-05 5.91518159460393655E-01
1.11728244E+00 1.24371766258339636E-01 6.10613503917335136E-04 -3.80896187518433432E-02 7.36506563385457968E-05 7.86443038376109289E-05 5.91957412138652606E-01
1.12500938E+00 1.24367085805520097E-01 6.11939777228957447E-04 -3.84831853684318506E-02 7.38064261551350836E-05 7.90120467434364548E-05 5.92399242951240690E-01
1.13273983E+00 1.24362393248813333E-01 6.13278643923389848E-04 -3.88755811360329689E-02 7.39628178047522974E-05 7.93834893021382987E-05 5.92843676377421414E-01
1.14047377E+00 1.24357688497990670E-01 6.14630176579267608E-04 -3.92667190772428010E-02 7.41198351684680469E-05 7.97586606052284153E-05 5.93290737068644658E-01
1.14821118E+00 1.24352971462796488E-01 6.15994447999334270E-04 -3.96565116513752647E-02 7.42774821149919519E-05 8.01375898742306871E-05 5.93740449838649376E-01
1.15595205E+00 1.24348242052832472E-01 6.17371531203176954E-04 -4.00448707681945806E-02 7.44357624983274865E-05 8.05203064585276982E-05 5.94192839653253979E-01
1.16369637E+00 1.24343500177651695E-01 6.18761499420793573E-04 -4.04317078144752554E-02 7.45946801556231454E-05 8.09068398332200720E-05 5.94647931620456038E-01
1.17144412E+00 1.24338745746681176E-01 6.20164426085721590E-04 -4.08169336677263253E-02 7.47542389049370756E-05 8.12972195972606275E-05 5.95105750980376769E-01
1.17919528E+00 1.24333978669282294E-01 6.21580384828550043E-04 -4.12004587192580027E-02 7.49144425432569173E-05 8.16914754715186714E-05 5.95566323095130912E-01
1.18694984E+00 1.24329198854712442E-01 6.23009449470573714E-04 -4.15821928987315098E-02 7.50752948444522204E-05 8.20896372970897407E-05 5.96029673438662311E-01
1.19470777E+00 1.24324406212122554E-01 6.24451694017627915E-04 -4.19620456953200202E-02 7.52367995573889077E-05 8.24917350336525486E-05 5.96495827586979943E-01
1.20246906E+00 1.24319600650588294E-01 6.25907192653540781E-04 -4.23399261762754386E-02 7.53989604040747617E-05 8.28977987579808894E-05 5.96964811207770230E-01
1.21023368E+00 1.24314782079088193E-01 6.27376019734504631E-04 -4.27157430192491513E-02 7.55617810778507035E-05 8.33078586625199868E-05 5.97436650050582330E-01
1.21800162E+00 1.24309950406457800E-01 6.28858249782865441E-04 -4.30894045316558075E-02 7.57252652416922685E-05 8.37219450541008603E-05 5.97911369936692472E-01
1.22577286E+00 1.24305105541482538E-01 6.30353957481502775E-04 -4.34608186774188901E-02 7.58894165265518340E-05 8.41400883528354822E-05 5.98388996748977275E-01
1.23354736E+00 1.24300247392823013E-01 6.31863217667787093E-04 -4.38298931018760232E-02 7.60542385297328721E-05 8.45623190910075581E-05 5.98869556421912974E-01
1.24132512E+00 1.24295375869035302E-01 6.33386105328459276E-04 -4.41965351649404870E-02 7.62197348134398690E-05 8.49886679122002585E-05 5.99353074931580077E-01
1.24910609E+00 1.24290490878551346E-01 6.34922695593872111E-04 -4.45606519598541403E-02 7.63859089032103663E-05 8.54191655705658872E-05 5.99839578285477626E-01
1.25689027E+00 1.24285592329733505E-01 6.36473063732491862E-04 -4.49221503480179626E-02 7.65527642866154222E-05 8.58538429301429013E-05 6.00329092512594809E-01
1.26467762E+00 1.24280680130789065E-01 6.38037285146232083E-04 -4.52809369886348137E-02 7.67203044118711688E-05 8.62927309644986802E-05 6.00821643653312476E-01
1.27246812E+00 1.24275754189815041E-01 6.39615435364867158E-04 -4.56369183615550483E-02 7.68885326866131758E-05 8.67358607563732166E-05 6.01317257749222955E-01
1.28026175E+00 1.24270814414834174E-01 6.41207590041387577E-04 -4.59900008069404551E-02 7.70574524767277889E-05 8.71832634976622020E-05 6.01815960833274266E-01
1.28805846E+00 1.24265860713709014E-01 6.42813824947571083E-04 -4.63400905516017647E-02 7.72270671051980778E-05 8.76349704894288049E-05 6.02317778919567837E-01
1.29585824E+00 1.24260892994197625E-01 6.44434215969092805E-04 -4.66870937403900954E-02 7.73973798511103550E-05 8.80910131423158428E-05 6.02822737993411573E-01
1.30366106E+00 1.24255911163924287E-01 6.46068839101273567E-04 -4.70309164700939766E-02 7.75683939486866063E-05 8.85514229770539488E-05 6.03330864001278999E-01
1.31146689E+00 1.24250915130408715E-01 6.47717770445470462E-04 -4.73714648260096724E-02 7.77401125863955671E-05 8.90162316251920111E-05 6.03842182840583219E-01
1.31927569E+00 1.24245904801029206E-01 6.49381086204982153E-04 -4.77086449094334675E-02 7.79125389061464149E-05 8.94854708301737189E-05 6.04356720349955800E-01
1.32708744E+00 1.24240880083043237E-01 6.51058862681575304E-04 -4.80423628760466778E-02 7.80856760026040142E-05 8.99591724486080435E-05 6.04874502299347139E-01
1.33490211E+00 1.24235840883574186E-01 6.52751176272585096E-04 -4.83725249703664470E-02 7.82595269224778156E-05 9.04373684517992374E-05 6.05395554379499767E-01
1.34271966E+00 1.24230787109598007E-01 6.54458103467732877E-04 -4.86990375639899248E-02 7.84340946640150994E-05 9.09200909276400006E-05 6.05919902192715298E-01
1.35054005E+00 1.24225718667956758E-01 6.56179720846617105E-04 -4.90218071835924335E-02 7.86093821764850852E-05 9.14073720826733753E-05 6.06447571242711980E-01
1.35836327E+00 1.24220635465348950E-01 6.57916105076888739E-04 -4.93407405603655952E-02 7.87853923597279989E-05 9.18992442445725198E-05 6.06978586924366570E-01
1.36618927E+00 1.24215537408352186E-01 6.59667332911929752E-04 -4.96557446560124821E-02 7.89621280638634084E-05 9.23957398648566079E-05 6.07512974514716420E-01
1.37401802E+00 1.24210424403367700E-01 6.61433481189458946E-04 -4.99667267061470882E-02 7.91395920889265825E-05 9.28968915219138824E-05 6.08050759162394483E-01
1.38184949E+00 1.24205296356626346E-01 6.63214626830387912E-04 -5.02735942571039263E-02 7.93177871847209443E-05 9.34027319243929178E-05 6.08591965878357732E-01
1.38968363E+00 1.24200153174242170E-01 6.65010846838014701E-04 -5.05762552047646155E-02 7.94967160505633382E-05 9.39132939148192339E-05 6.09136619525923795E-01
1.39752042E+00 1.24194994762147209E-01 6.66822218297339589E-04 -5.08746178342275937E-02 7.96763813352004781E-05 9.44286104735583668E-05 6.09684744811352930E-01
1.40535981E+00 1.24189821026113117E-01 6.68648818374795650E-04 -5.11685908599833622E-02 7.98567856366620249E-05 9.49487147230956618E-05 6.10236366274016229E-01
1.41320177E+00 1.24184631871717494E-01 6.70490724318824577E-04 -5.14580834615967625E-02 8.00379315022395257E-05 9.54736399325834852E-05 6.10791508276780082E-01
1.42104626E+00 1.24179427204394774E-01 6.72348013459640108E-04 -5.17430053287586886E-02 8.02198214283826556E-05 9.60034195226608145E-05 6.11350194996646445E-01
1.42889325E+00 1.24174206929383482E-01 6.74220763210180607E-04 -5.20232666996838580E-02 8.04024578606806915E-05 9.65380870706236227E-05 6.11912450414945908E-01
1.43674269E+00 1.24168970951737123E-01 6.76109051067654053E-04 -5.22987784006796672E-02 8.05858431938732592E-05 9.70776763158510118E-05 6.12478298308294811E-01
1.44459455E+00 1.24163719176322365E-01 6.78012954614164057E-04 -5.25694518897985158E-02 8.07699797718010293E-05 9.76222211655413606E-05 6.13047762238706162E-01
1.45244879E+00 1.24158451507804177E-01 6.79932551518889106E-04 -5.28351992948320956E-02 8.09548698875314033E-05 9.81717557008435015E-05 6.13620865544491245E-01
1.46030536E+00 1.24153167850641219E-01 6.81867919540232541E-04 -5.30959334552046289E-02 8.11405157833981414E-05 9.87263141833512949E-05 6.14197631330899330E-01
1.46816423E+00 1.24147868109113199E-01 6.83819136528668586E-04 -5.33515679672978554E-02 8.13269196513100614E-05 9.92859310620965299E-05 6.14778082460669228E-01
1.47602535E+00 1.24142552187255256E-01 6.85786280430001455E-04 -5.36020314369484510E-02 8.15140836331322316E-05 9.98506409810616998E-05 6.15362241545058031E-01
1.48388869E+00 1.24137219988894029E-01 6.87769429289474704E-04 -5.38471941438553592E-02 8.17020098211799595E-05 1.00420478787553540E-04 6.15950130934639462E-01
1.49175421E+00 1.24131871417654457E-01 6.89768661256826314E-04 -5.40870229331923205E-02 8.18907002593977806E-05 1.00995479541073793E-04 6.16541772709941593E-01
1.49962185E+00 1.24126506376901133E-01 6.91784054592330415E-04 -5.43214113433737947E-02 8.20801569443758847E-05 1.01575678523514300E-04 6.17137188672923331E-01
1.50749159E+00 1.24121124769762406E-01 6.93815687673660065E-04 -5.45502806912039548E-02 8.22703818271820379E-05 1.02161111250107623E-04 6.17736400337826286E-01
1.51536337E+00 1.24115726499154241E-01 6.95863639004991406E-04 -5.47735500960981128E-02 8.24613768153762197E-05 1.02751813481663642E-04 6.18339428922089707E-01
1.52323713E+00 1.24110311482039021E-01 6.97927981743965624E-04 -5.49911389932549663E-02 8.26531432672402712E-05 1.03347819654443302E-04 6.18946295338036800E-01
1.53111280E+00 1.24104879648332139E-01 7.00008784020565386E-04 -5.52029674669945666E-02 8.28456820327715246E-05 1.03949162975433893E-04 6.19557018563728468E-01
1.53899032E+00 1.24099430900809160E-01 7.02106124283195365E-04 -5.54089579059836995E-02 8.30389948760047936E-05 1.04555879867830549E-04 6.20171615738067561E-01
1.54686966E+00 1.24093965141973878E-01 7.04220081156775070E-04 -5.56090338539164467E-02 8.32330835284232672E-05 1.05168007058415803E-04 6.20790106682890475E-01
1.55475076E+00 1.24088482273959994E-01 7.06350733453620875E-04 -5.58031200547980943E-02 8.34279496901848091E-05 1.05785581591325302E-04 6.21412510883859626E-01
1.56263359E+00 1.24082982198611289E-01 7.08498160182452486E-04 -5.59911425013201042E-02 8.36235950299258127E-05 1.06408640839904459E-04 6.22038847482145885E-01
1.57051810E+00 1.24077464817436187E-01 7.10662440554852507E-04 -5.61730284779322422E-02 8.38200211826700323E-05 1.07037222515986673E-04 6.22669135266238238E-01
1.57840425E+00 1.24071930031561098E-01 7.12843653988341785E-04 -5.63487065936204637E-02 8.40172297455825222E-05 1.07671364675858392E-04 6.23303392664658507E-01
1.58629198E+00 1.24066377741767805E-01 7.15041880106791943E-04 -5.65181068244939994E-02 8.42152222717340376E-05 1.08311105722992373E-04 6.23941637737566612E-01
1.59418126E+00 1.24060807848491508E-01 7.17257198738128175E-04 -5.66811605495836091E-02 8.44140002625315687E-05 1.08956484408538691E-04 6.24583888169582879E-01
1.60207204E+00 1.24055220251754861E-01 7.19489689912183937E-04 -5.68378005858719768E-02 8.46135651601657345E-05 1.09607539831365708E-04 6.25230161262004036E-01
1.60996428E+00 1.24049614851190829E-01 7.21739433860895015E-04 -5.69879612284806686E-02 8.48139183420722301E-05 1.10264311440760727E-04 6.25880473925635616E-01
1.61785792E+00 1.24043991546060411E-01 7.24006511025369935E-04 -5.71315782815363313E-02 8.50150611194876025E-05 1.10926839045460390E-04 6.26534842673205250E-01
1.62575294E+00 1.24038350235161521E-01 7.26291002073107205E-04 -5.72685890964243563E-02 8.52169947424926604E-05 1.11595162832886719E-04 6.27193283612777597E-01
1.63364927E+00 1.24032690816907917E-01 7.28592987928339741E-04 -5.73989326040678302E-02 8.54197204128939481E-05 1.12269323401502320E-04 6.27855812440346273E-01
1.64154688E+00 1.24027013189262847E-01 7.30912549817091281E-04 -5.75225493484714245E-02 8.56232393054300489E-05 1.12949361807543092E-04 6.28522444433385896E-01
1.64944572E+00 1.24021317249732241E-01 7.33249769325159295E-04 -5.76393815179788993E-02 8.58275525954701047E-05 1.13635319624470627E-04 6.29193194443824821E-01
1.65734574E+00 1.24015602895347257E-01 7.35604728462616020E-04 -5.77493729776793960E-02 8.60326614892929802E-05 1.14327239009223605E-04 6.29868076892384887E-01
1.66524691E+00 1.24009870022683932E-01 7.37977509725947661E-04 -5.78524692980857819E-02 8.62385672498836584E-05 1.15025162765256084E-04 6.30547105761301574E-01
1.67314917E+00 1.24004118527794638E-01 7.40368196141856050E-04 -5.79486177843028735E-02 8.64452712094569546E-05 1.15729134387862969E-04 6.31230294589067320E-01
1.68105248E+00 1.23998348306255612E-01 7.42776871278507463E-04 -5.80377675028532214E-02 8.66527747595039713E-05 1.16439198076228435E-04 6.31917656463995447E-01
1.68895679E+00 1.23992559253072177E-01 7.45203619211746602E-04 -5.81198693083692444E-02 8.68610793124700105E-05 1.17155398700772225E-04 6.32609204018708238E-01
1.69686207E+00 1.23986751262724931E-01 7.47648524447071011E-04 -5.81948758684840278E-02 8.70701862371182477E-05 1.17877781725394767E-04 6.33304949424574048E-01
1.70476827E+00 1.23980924229144737E-01 7.50111671811612771E-04 -5.82627416856725117E-02 8.72800967801165317E-05 1.18606393100685815E-04 6.34004904386492707E-01
1.71267534E+00 1.23975078045674841E-01 7.52593146349368248E-04 -5.83234231235054273E-02 8.74908119946753464E-05 1.19341279158752221E-04 6.34709080137480952E-01
1.72058324E+00 1.23969212605067713E-01 7.55093033255007881E-04 -5.83768784247888917E-02 8.77023327006309694E-05 1.20082486547773648E-04 6.35417487434174477E-01
1.72849192E+00 1.23963327799472278E-01 7.57611417888907446E-04 -5.84230677343603386E-02 8.79146594987928286E-05 1.20830062246599131E-04 6.36130136551868453E-01
1.73640135E+00 1.23957423520407853E-01 7.60148385909981800E-04 -5.84619531117674465E-02 8.81277928574851423E-05 1.21584053697558925E-04 6.36847037280184991E-01
1.74431147E+00 1.23951499658791667E-01 7.62704023547322845E-04 -5.84934985302299829E-02 8.83417332756217412E-05 1.22344509077741231E-04 6.37568198919008844E-01
1.75222225E+00 1.23945556104832016E-01 7.65278417978470290E-04 -5.85176698139715304E-02 8.85564814956450556E-05 1.23111477676122934E-04 6.38293630274494816E-01
1.76013365E+00 1.23939592748154068E-01 7.67871657695853448E-04 -5.85344342968024678E-02 8.87720386943392873E-05 1.23885010260461464E-04 6.39023339655163114E-01
1.76804562E+00 1.23933609477598419E-01 7.70483832670255421E-04 -5.85437583804888778E-02 8.89884065412058060E-05 1.24665159238779104E-04 6.39757334868720884E-01
1.77595811E+00 1.23927606181313266E-01 7.73115034112618112E-04 -5.85455382505561742E-02 8.92055870232118567E-05 1.25451978421284397E-04 6.40495623218664156E-01
1.78387110E+00 1.23921582746713471E-01 7.75765353856657717E-04 -5.85402096740994665E-02 8.94235820564260887E-05 1.26245522401419955E-04 6.41238211501295563E-01
1.79178453E+00 1.23915539060423838E-01 7.78434883754549191E-04 -5.85268041086260751E-02 8.96423931148238490E-05 1.27045845950150751E-04 6.41985106003288952E-01
1.79969837E+00 1.23909475008267281E-01 7.81123715549488580E-04 -5.85062077645179604E-02 8.98620211264028609E-05 1.27853003886763562E-04 6.42736312498536133E-01
1.80761257E+00 1.23903390475296304E-01 7.83831940881164996E-04 -5.84779805181482454E-02 9.00824664689804628E-05 1.28667051082148365E-04 6.43491836247211402E-01
1.81552710E+00 1.23897285345700589E-01 7.86559650667653155E-04 -5.84421826239253928E-02 9.03037286634415077E-05 1.29488041837898818E-04 6.44251681993485037E-01
1.82344191E+00 1.23891159502879697E-01 7.89306934637907251E-04 -5.83987964845756949E-02 9.05258062044899043E-05 1.30316029416514774E-04 6.45015853964369112E-01
1.83135698E+00 1.23885012829396401E-01 7.92073882731491544E-04 -5.83478086844225127E-02 9.07486974205376680E-05 1.31151067436762180E-04 6.45784355868969318E-01
1.83927225E+00 1.23878845206953705E-01 7.94860587562667021E-04 -5.82892077815524781E-02 9.09724018376845963E-05 1.31993212335191701E-04 6.46557190897608880E-01
1.84718769E+00 1.23872656516381435E-01 7.97667146349865987E-04 -5.82229844342634431E-02 9.11969211122634616E-05 1.32842525292102824E-04 6.47334361721953022E-01
1.85510327E+00 1.23866446637589195E-01 8.00493663486403400E-04 -5.81491313824914410E-02 9.14222600998922872E-05 1.33699074799569108E-04 6.48115870494799684E-01
1.86301894E+00 1.23860215449493979E-01 8.03340256844519221E-04 -5.80676434472487402E-02 9.16484296106774099E-05 1.34562942963947909E-04 6.48901718849939191E-01
1.87093468E+00 1.23853962829832825E-01 8.06207043791451992E-04 -5.79785175260135593E-02 9.18754392397544151E-05 1.35434211522081376E-04 6.49691907902466781E-01
1.87885044E+00 1.23847688655136665E-01 8.09094116102066765E-04 -5.78817525843959430E-02 9.21032849094351240E-05 1.36312936750801120E-04 6.50486438248667143E-01
1.88676619E+00 1.23841392800999650E-01 8.12001559186467116E-04 -5.77773496941963380E-02 9.23319582582067739E-05 1.37199168684201439E-04 6.51285309967161496E-01
1.89468190E+00 1.23835075141953105E-01 8.14929458110150444E-04 -5.76653120280981799E-02 9.25614506327153441E-05 1.38092957124563367E-04 6.52088522622652489E-01
1.90259753E+00 1.23828735551700472E-01 8.17877904711807155E-04 -5.75456447823376391E-02 9.27917571324206152E-05 1.38994358752765780E-04 6.52896075269137288E-01
1.91051306E+00 1.23822373902898672E-01 8.20847006030315011E-04 -5.74183551820336077E-02 9.30228808281220748E-05 1.39903445550460925E-04 6.53707966453498934E-01
1.91842844E+00 1.23815990067094345E-01 8.23836908828324221E-04 -5.72834525000815442E-02 9.32548450907289076E-05 1.40820329321879469E-04 6.54524194218111588E-01
1.92634364E+00 1.23809583914358590E-01 8.26847731334854025E-04 -5.71409480409031806E-02 9.34876573260638542E-05 1.41745093442410580E-04 6.55344756103231729E-01
1.93425865E+00 1.23803155313402316E-01 8.29879545395394700E-04 -5.69908551933363608E-02 9.37212995475541935E-05 1.42677774999926826E-04 6.56169649147072764E-01
1.94217342E+00 1.23796704131840643E-01 8.32932444048950049E-04 -5.68331892362290009E-02 9.39557631554527361E-05 1.43618432350333953E-04 6.56998869891290971E-01
1.95008793E+00 1.23790230236252075E-01 8.36006536108240515E-04 -5.66679675705128102E-02 9.41910473597834329E-05 1.44567139691102774E-04 6.57832414389963649E-01
1.95800214E+00 1.23783733492026746E-01 8.39102009441165179E-04 -5.64952094771147967E-02 9.44271955593661410E-05 1.45524050339416729E-04 6.58670278214898430E-01
1.96591604E+00 1.23777213762615093E-01 8.42218937092264184E-04 -5.63149362866180239E-02 9.46641843854700409E-05 1.46489202870758034E-04 6.59512456460286001E-01
1.97382959E+00 1.23770670910281225E-01 8.45357396240314896E-04 -5.61271710286284919E-02 9.49019934648984999E-05 1.47462640044013698E-04 6.60358943741065962E-01
1.98174278E+00 1.23764104796244487E-01 8.48517507528949227E-04 -5.59319388036874018E-02 9.51406277309590917E-05 1.48444448115044492E-04 6.61209734207540145E-01
1.98965556E+00 1.23757515280356306E-01 8.51699414711689501E-04 -5.57293061000811787E-02 9.53801054063477380E-05 1.49434736482065484E-04 6.62064821554971372E-01
1.99756793E+00 1.23750902220818262E-01 8.54903252898130345E-04 -5.55191738682374245E-02 9.56204371948929415E-05 1.50433605933483267E-04 6.62924199027786876E-01
2.00547986E+00 1.23744265474114573E-01 8.58129124215374324E-04 -5.53017216567451009E-02 9.58616111400429190E-05 1.51441124301477466E-04 6.63787859425395976E-01
2.01339133E+00 1.23737604895342898E-01 8.61377132094238735E-04 -5.50769108444808947E-02 9.61036151397765437E-05 1.52457360729153871E-04 6.64655795108536784E-01
2.02130231E+00 1.23730920338190997E-01 8.64647398399779384E-04 -5.48447864032498150E-02 9.63464479824734527E-05 1.53482402786715770E-04 6.65527998012843347E-01
2.02921278E+00 1.23724211654931651E-01 8.67940067733347022E-04 -5.46053847247068985E-02 9.65901216315517223E-05 1.54516360766743298E-04 6.66404459659912018E-01
2.03712273E+00 1.23717478696035735E-01 8.71255283622010567E-04 -5.43587436936051535E-02 9.68346471376864301E-05 1.55559343871267364E-04 6.67285171165901358E-01
2.04503214E+00 1.23710721310143212E-01 8.74593170150524211E-04 -5.41049029102846774E-02 9.70800255058561337E-05 1.56611441835577533E-04 6.68170123249319792E-01
2.05294100E+00 1.23703939344118996E-01 8.77953916595397999E-04 -5.38439036234116819E-02 9.73262986952081171E-05 1.57672809545106898E-04 6.69059306240677221E-01
2.06084927E+00 1.23697132642506993E-01 8.81337627797744829E-04 -5.35757888398462057E-02 9.75734514514887502E-05 1.58743517416118016E-04 6.69952710095353732E-01
2.06875696E+00 1.23690301048074033E-01 8.84744361278154120E-04 -5.33006030102450776E-02 9.78214366636704567E-05 1.59823588479410863E-04 6.70850324398493347E-01
2.07666405E+00 1.23683444402511819E-01 8.88174221937624783E-04 -5.30183922930501858E-02 9.80702364031896007E-05 1.60913093043735445E-04 6.71752138384630770E-01
2.08457052E+00 1.23676562546204002E-01 8.91627339462524151E-04 -5.27292046132275122E-02 9.83198470303171340E-05 1.62012126092675153E-04 6.72658140959335293E-01
2.09247637E+00 1.23669655317890759E-01 8.95103857289104572E-04 -5.24330891616838629E-02 9.85702715310367094E-05 1.63120796245751323E-04 6.73568320710947188E-01
2.10038158E+00 1.23662722554470542E-01 8.98603941139769513E-04 -5.21300967023404990E-02 9.88215252316632510E-05 1.64239234288217567E-04 6.74482665920824176E-01
2.10828615E+00 1.23655764090683989E-01 9.02127928941204521E-04 -5.18202794640649778E-02 9.90737345225990262E-05 1.65367743085908348E-04 6.75401164575920476E-01
2.11619006E+00 1.23648779757270219E-01 9.05675910575513311E-04 -5.15036910977085191E-02 9.93268632436228012E-05 1.66506377387724852E-04 6.76323804379239446E-01
2.12409332E+00 1.23641769382779890E-01 9.09247925293309818E-04 -5.11803869020357113E-02 9.95808422975927359E-05 1.67655141164274368E-04 6.77250572742070345E-01
2.13199590E+00 1.23634732794756383E-01 9.12844087541018708E-04 -5.08504230371331148E-02 9.98356506903753694E-05 1.68814113376286509E-04 6.78181456821318029E-01
2.13989782E+00 1.23627669819280028E-01 9.16464527319070217E-04 -5.05138574383113409E-02 1.00091276062198316E-04 1.69983388326778220E-04 6.79116443551509019E-01
2.14779907E+00 1.23620580280737330E-01 9.20109378281680729E-04 -5.01707491497277447E-02 1.00347706507035919E-04 1.71163063751539530E-04 6.80055519657805863E-01
2.15569964E+00 1.23613464001710083E-01 9.23778947128336904E-04 -4.98211585219362554E-02 1.00605043358455366E-04 1.72353410198226360E-04 6.80998671669849620E-01
2.16359954E+00 1.23606320800999231E-01 9.27473523525458609E-04 -4.94651471341183147E-02 1.00863374393734588E-04 1.73554680995747341E-04 6.81945885938438079E-01
2.17149876E+00 1.23599150493262477E-01 9.31193083804644512E-04 -4.91027778142746341E-02 1.01122578079695249E-04 1.74766815960471824E-04 6.82897148629119544E-01
2.17939731E+00 1.23591952892098567E-01 9.34937739882780528E-04 -4.87341141073988834E-02 1.01382622201583359E-04 1.75989890186752882E-04 6.83852445731655934E-01
2.18729520E+00 1.23584727809746595E-01 9.38707622216892264E-04 -4.83592214412882429E-02 1.01643485442192008E-04 1.77223996991605437E-04 6.84811763121256578E-01
2.19519242E+00 1.23577475056716818E-01 9.42502875794327261E-04 -4.79781657222359409E-02 1.01905154306486379E-04 1.78469243894118851E-04 6.85775086574546000E-01
2.20308898E+00 1.23570194441539563E-01 9.46323885558603877E-04 -4.75910141372537093E-02 1.02167776850860319E-04 1.79725978029328495E-04 6.86742401785346734E-01
2.21098489E+00 1.23562885768023434E-01 9.50170871084185216E-04 -4.71978352314993341E-02 1.02431387133667973E-04 1.80994380901116009E-04 6.87713694382283691E-01
2.21888017E+00 1.23555548835988294E-01 9.54043846378139246E-04 -4.67986974177704781E-02 1.02695876510565590E-04 1.82274428143400653E-04 6.88688949910261083E-01
2.22677481E+00 1.23548183444136289E-01 9.57942931755485739E-04 -4.63936706548465500E-02 1.02961206758259513E-04 1.83566201281520853E-04 6.89668153860715893E-01
2.23466880E+00 1.23540789410315904E-01 9.61868270429233857E-04 -4.59828277026272242E-02 1.03227360715386386E-04 1.84869811662437695E-04 6.90651291729289074E-01
2.24256206E+00 1.23533366639369424E-01 9.65820066096211233E-04 -4.55662461746887890E-02 1.03494391432582577E-04 1.86185462361985836E-04 6.91638346267232418E-01
2.25045457E+00 1.23525914928446487E-01 9.69798629716546717E-04 -4.51439992403523255E-02 1.03762390706988288E-04 1.87513426434096712E-04 6.92629288380504637E-01
2.25834637E+00 1.23518434070220853E-01 9.73804094005568618E-04 -4.47161610214574026E-02 1.04031325321512642E-04 1.88853798335534998E-04 6.93624102935900377E-01
2.26623745E+00 1.23510923854549079E-01 9.77836574039571676E-04 -4.42828062883346002E-02 1.04301146297925478E-04 1.90206654453213331E-04 6.94622774836996748E-01
2.27412783E+00 1.23503384069408875E-01 9.81896226029175742E-04 -4.38440102261964601E-02 1.04571829809069141E-04 1.91572111823352540E-04 6.95625289070256558E-01
2.28201753E+00 1.23495814500645479E-01 9.85983279863744330E-04 -4.33998489630263162E-02 1.04843402575727256E-04 1.92950360655076090E-04 6.96631630739780405E-01
2.28990657E+00 1.23488214931016943E-01 9.90097979475239743E-04 -4.29503992483145150E-02 1.05115899612194457E-04 1.94341604702351155E-04 6.97641785088926492E-01
2.29779496E+00 1.23480585139622914E-01 9.94240511621853791E-04 -4.24957385859771331E-02 1.05389313315077743E-04 1.95745990044317054E-04 6.98655737509137675E-01
2.30568273E+00 1.23472924902516379E-01 9.98411057616561091E-04 -4.20359449695037884E-02 1.05663631255197373E-04 1.97163656773712681E-04 6.99673473554493941E-01
2.31356989E+00 1.23465233992930287E-01 1.00260984032574303E-03 -4.15710967386809377E-02 1.05938873785003826E-04 1.98594785960486733E-04 7.00694978971538318E-01
2.32145647E+00 1.23457512180787418E-01 1.00683706612374928E-03 -4.11012728806069427E-02 1.06215042660160301E-04 2.00039541596428133E-04 7.01720239726365325E-01
2.32934249E+00 1.23449759232747036E-01 1.01109294406264739E-03 -4.06265530204501374E-02 1.06492135390918416E-04 2.01498089735569576E-04 7.02749242019725107E-01
2.33722797E+00 1.23441974912333455E-01 1.01537768729009640E-03 -4.01470169902760562E-02 1.06770149926164903E-04 2.02970599886286848E-04 7.03781972311294135E-01
2.34511295E+00 1.23434158979878306E-01 1.01969150536349441E-03 -3.96627450820912497E-02 1.07049085605999839E-04 2.04457237300739183E-04 7.04818417343493042E-01
2.35299745E+00 1.23426311192474825E-01 1.02403460036132711E-03 -3.91738180298046301E-02 1.07328926561451926E-04 2.05958159059439782E-04 7.05858564163177937E-01
2.36088151E+00 1.23418431304223877E-01 1.02840722056618192E-03 -3.86803168993663793E-02 1.07609693249228035E-04 2.07473567719249199E-04 7.06902400144157506E-01
2.36876515E+00 1.23410519065572419E-01 1.03280963311962225E-03 -3.81823231641628680E-02 1.07891415742229625E-04 2.09003683961796844E-04 7.07949913012662968E-01
2.37664840E+00 1.23402574222889722E-01 1.03724204500744033E-03 -3.76799185191482311E-02 1.08174080196480870E-04 2.10548667568282897E-04 7.09001090860420402E-01
2.38453131E+00 1.23394596519162222E-01 1.04170462722979053E-03 -3.71731848951124336E-02 1.08457639971990260E-04 2.12108641539702082E-04 7.10055922158653208E-01
2.39241390E+00 1.23386585694759646E-01 1.04619769352547751E-03 -3.66622043940935324E-02 1.08742149119518000E-04 2.13683870761199033E-04 7.11114395789245290E-01
2.40029621E+00 1.23378541485735085E-01 1.05072160191163372E-03 -3.61470593769179852E-02 1.09027686771378005E-04 2.15274663571490127E-04 7.12176501079608171E-01
2.40817807E+00 1.23370463844520495E-01 1.05527631608384655E-03 -3.56278468060831355E-02 1.09314141706745043E-04 2.16881014246619007E-04 7.13242227797620920E-01
2.41605951E+00 1.23362352512092280E-01 1.05986197761306715E-03 -3.51046504387650116E-02 1.09601436354148652E-04 2.18503017792609527E-04 7.14311536779196343E-01
2.42394055E+00 1.23354207222311857E-01 1.06447923615838355E-03 -3.45775534169502213E-02 1.09889876002207152E-04 2.20141274269664060E-04 7.15384417144531048E-01
2.43182125E+00 1.23346027699821545E-01 1.06912821581947289E-03 -3.40466397191309320E-02 1.10179355421261084E-04 2.21795857426343766E-04 7.16460859301837893E-01
2.43970165E+00 1.23337813665594542E-01 1.07380900718263535E-03 -3.35119925820663925E-02 1.10469773215420648E-04 2.23466806540494647E-04 7.17540854098953407E-01
2.44758177E+00 1.23329564839167988E-01 1.07852188822920702E-03 -3.29736955040206836E-02 1.10761130767615830E-04 2.25154347207494045E-04 7.18624392927844413E-01
2.45546168E+00 1.23321280936786473E-01 1.08326718359650687E-03 -3.24318323567096140E-02 1.11053481274824893E-04 2.26858750627177117E-04 7.19711467774532876E-01
2.46334140E+00 1.23312961669947166E-01 1.08804514547299362E-03 -3.18864867453115750E-02 1.11346812149755949E-04 2.28580214517100301E-04 7.20802071215210338E-01
2.47122099E+00 1.23304606746074241E-01 1.09285602326251161E-03 -3.13377423339922176E-02 1.11641107635820948E-04 2.30318932723415864E-04 7.21896196406121016E-01
2.47910050E+00 1.23296215868901576E-01 1.09770009392649924E-03 -3.07856825235666223E-02 1.11936369976828071E-04 2.32075125517119555E-04 7.22993837110773252E-01
2.48697997E+00 1.23287788738201398E-01 1.10257764351551994E-03 -3.02303907681030874E-02 1.12232600781793203E-04 2.33849021100211154E-04 7.24094987720574124E-01
2.49485945E+00 1.23279325049507824E-01 1.10748895710175007E-03 -2.96719504537911669E-02 1.12529796774679024E-04 2.35640845509988074E-04 7.25199643264729521E-01
2.50273900E+00 1.23270824494277481E-01 1.11243432870301233E-03 -2.91104448260314751E-02 1.12827961285177621E-04 2.37450832508990020E-04 7.26307799421115785E-01
2.51061867E+00 1.23262286759668938E-01 1.11741406396107055E-03 -2.85459569920960381E-02 1.13127101576218414E-04 2.39279226231358934E-04 7.27419452529625477E-01
2.51849851E+00 1.23253711528381521E-01 1.12242847117964648E-03 -2.79785699136814343E-02 1.13427215283068672E-04 2.41126272191514508E-04 7.28534599600942467E-01
2.52637846E+00 1.23245098612778617E-01 1.12747780909612321E-03 -2.74083752570826560E-02 1.13728325857090584E-04 2.42992214636184620E-04 7.29653238324420750E-01
2.53425841E+00 1.23236447863128720E-01 1.13256232630808574E-03 -2.68354673869009921E-02 1.14030458377521233E-04 2.44877302343732143E-04 7.30775349607289071E-01
2.54213842E+00 1.23227758955256395E-01 1.13768227633646813E-03 -2.62599293099461499E-02 1.14333561885894235E-04 2.46781725198753433E-04 7.31900909555106560E-01
2.55001855E+00 1.23219031561332376E-01 1.14283839390558629E-03 -2.56818436608042301E-02 1.14637954438896454E-04 2.48706152852263575E-04 7.33029917051703506E-01
2.55789885E+00 1.23210265341792136E-01 1.14803079880709856E-03 -2.51012926799125402E-02 1.14943494210223296E-04 2.50650638829215432E-04 7.34162371704629613E-01
2.56577938E+00 1.23201459953422771E-01 1.15325968260414596E-03 -2.45183599380407249E-02 1.15250071501930891E-04 2.52615306917668289E-04 7.35298273719692030E-01
2.57366020E+00 1.23192615051011548E-01 1.15852542131194202E-03 -2.39331260360371965E-02 1.15557738789863140E-04 2.54600463737258943E-04 7.36437624029747551E-01
2.58154138E+00 1.23183730284575188E-01 1.16382830085001265E-03 -2.33456728052626877E-02 1.15866437601927545E-04 2.56606324244955690E-04 7.37580424332076601E-01
2.58942298E+00 1.23174805300455922E-01 1.16916863231572295E-03 -2.27560817351810073E-02 1.16176142720710040E-04 2.58633126935837630E-04 7.38726677043345159E-01
2.59730505E+00 1.23165839741193245E-01 1.17454676253152474E-03 -2.21644336532766002E-02 1.16486851465618738E-04 2.60681144348255808E-04 7.39876385317434493E-01
2.60518768E+00 1.23156833244994851E-01 1.17996302898720892E-03 -2.15708092011368639E-02 1.16798513738886693E-04 2.62750637984061918E-04 7.41029553044741052E-01
2.61307091E+00 1.23147785446067359E-01 1.18541780570685716E-03 -2.09752887256369654E-02 1.17111136262121199E-04 2.64841904126452397E-04 7.42186184838568797E-01
2.62095483E+00 1.23138695974027865E-01 1.19091149529431577E-03 -2.03779522060937579E-02 1.17424750718833349E-04 2.66955265860861898E-04 7.43346286037946391E-01
2.62883941E+00 1.23129564570131272E-01 1.19644441739653992E-03 -1.97788869797954764E-02 1.17739302138528124E-04 2.69091005068096769E-04 7.44509862692868118E-01
2.63672447E+00 1.23120391118181169E-01 1.20201685698178976E-03 -1.91781895901302311E-02 1.18054801164111471E-04 2.71249422025835818E-04 7.45676906599433864E-01
2.64461011E+00 1.23111175240715492E-01 1.20762932879479976E-03 -1.85759393524790178E-02 1.18371346095448506E-04 2.73430949796963209E-04 7.46847391553697282E-01
2.65249637E+00 1.23101916553020579E-01 1.21328244040952351E-03 -1.79722152641090260E-02 1.18689055575137389E-04 2.75636112443837771E-04 7.48021324805174914E-01
2.66038335E+00 1.23092614661108657E-01 1.21897700888920165E-03 -1.73670959720218683E-02 1.19008156149832942E-04 2.77865641735287059E-04 7.49198714233716756E-01
2.66827110E+00 1.23083269157215500E-01 1.22471367798573471E-03 -1.67606599468417862E-02 1.19328813406754516E-04 2.80120094490961247E-04 7.50379568297732114E-01
2.67615971E+00 1.23073879620862595E-01 1.23049258774030816E-03 -1.61529854096863074E-02 1.19650864393094707E-04 2.82399522094858304E-04 7.51563895938173521E-01
2.68404925E+00 1.23064445628508878E-01 1.23631403134187579E-03 -1.55441493190146239E-02 1.19974203248394677E-04 2.84704126917461936E-04 7.52751706568581258E-01
2.69193979E+00 1.23054966754251718E-01 1.24217831304184812E-03 -1.49342278734039390E-02 1.20298714080805018E-04 2.87034120139469584E-04 7.53943010216221454E-01
2.69983141E+00 1.23045442569976404E-01 1.24808577258009724E-03 -1.43232976325031493E-02 1.20624356753396033E-04 2.89389746106492320E-04 7.55137817516853271E-01
2.70772420E+00 1.23035872644481722E-01 1.25403679055885995E-03 -1.37114345325350852E-02 1.20951153666526133E-04 2.91771287659382719E-04 7.56336139696831999E-01
2.71561822E+00 1.23026256542381210E-01 1.26003174021391642E-03 -1.30987140602151757E-02 1.21278992731815548E-04 2.94179017877501390E-04 7.57537988532475004E-01
2.72351337E+00 1.23016594067410570E-01 1.26607087311734362E-03 -1.24852267286372585E-02 1.21607801912811711E-04 2.96613176360472654E-04 7.58743376299318761E-01
2.73140955E+00 1.23006884982393691E-01 1.27215450450121549E-03 -1.18710600116164813E-02 1.21937589831534046E-04 2.99074050110723110E-04 7.59952285399863814E-01
2.73930686E+00 1.22997128848627638E-01 1.27828311203628223E-03 -1.12562883345451326E-02 1.22268379668536711E-04 3.01562012589363698E-04 7.61164703538577458E-01
2.74720537E+00 1.22987325221680641E-01 1.28445723106520009E-03 -1.06409857277776475E-02 1.22600174321243880E-04 3.04077492393709610E-04 7.62380643537328595E-01
2.75510516E+00 1.22977473650447131E-01 1.29067755020235422E-03 -1.00252258304785319E-02 1.22933082688209941E-04 3.06621068855581207E-04 7.63600118572375641E-01
2.76300632E+00 1.22967573673789632E-01 1.29694520245409047E-03 -9.40908196998808954E-03 1.23267498806922237E-04 3.09193763241903739E-04 7.64823142123188360E-01
2.77090893E+00 1.22957624810899446E-01 1.30326092496960491E-03 -8.79262737702789406E-03 1.23603568000162979E-04 3.11796198869661171E-04 7.66049727880941944E-01
2.77881309E+00 1.22947626565513016E-01 1.30962487411115727E-03 -8.17593472565185733E-03 1.23941063676387728E-04 3.14428415964366418E-04 7.67279889538209359E-01
2.78671887E+00 1.22937578438676254E-01 1.31603741380323315E-03 -7.55907516355962868E-03 1.24279873333268341E-04 3.17090659398814266E-04 7.68513640800684295E-01
2.79462636E+00 1.22927479929321945E-01 1.32249896929999473E-03 -6.94211937050213859E-03 1.24619916813576142E-04 3.19783232360868960E-04 7.69750995556528594E-01
2.80253565E+00 1.22917330533643052E-01 1.32901001058773061E-03 -6.32513810180838215E-03 1.24961133606789218E-04 3.22506479715976109E-04 7.70991967853096316E-01
2.81044657E+00 1.22907130077589841E-01 1.33557083009473243E-03 -5.70822176508234413E-03 1.25303461290481049E-04 3.25260690234411036E-04 7.72236571846030118E-01
2.81835909E+00 1.22896878226378806E-01 1.34218186101147459E-03 -5.09145039821243869E-03 1.25646868942076099E-04 3.28046231915241266E-04 7.73484780945413175E-01
2.82627328E+00 1.22886574472279284E-01 1.34884369053599792E-03 -4.47489335833662575E-03 1.25991340530130373E-04 3.30863560928271910E-04 7.74736587987358338E-01
2.83418925E+00 1.22876218301589499E-01 1.35555697433854903E-03 -3.85861962007116605E-03 1.26336885547160535E-04 3.33713198756854530E-04 7.75992006369709442E-01
2.84210707E+00 1.22865809193269226E-01 1.36232247959700318E-03 -3.24269772889303675E-03 1.26683579954490783E-04 3.36595775240688293E-04 7.77251049367463698E-01
2.85002685E+00 1.22855346616559183E-01 1.36914114203197574E-03 -2.62719588875293727E-03 1.27031559800444549E-04 3.39512085669000470E-04 7.78513730060332199E-01
2.85794868E+00 1.22844830027181731E-01 1.37601406091220914E-03 -2.01218201210196261E-03 1.27381070273371600E-04 3.42463085914600240E-04 7.79780061242302702E-01
2.86587265E+00 1.22834258863073198E-01 1.38294210021226867E-03 -1.39772372279352579E-03 1.27732207357292364E-04 3.45449493736412763E-04 7.81050055304081781E-01
2.87379885E+00 1.22823632547218162E-01 1.38992594263807304E-03 -7.83887758369417324E-04 1.28084951688430606E-04 3.48471842606673065E-04 7.82323724106008256E-01
2.88172739E+00 1.22812950492354508E-01 1.39696592046131482E-03 -1.70740347268059776E-04 1.28439103756464244E-04 3.51530312269962564E-04 7.83601078976292276E-01
2.88965819E+00 1.22802212318954773E-01 1.40406246118789362E-03 4.41641111449198444E-04 1.28794561371339361E-04 3.54625252091928618E-04 7.84882130742699746E-01
2.89759111E+00 1.22791417791198468E-01 1.41121601011973434E-03 1.05317194007715858E-03 1.29151269129088627E-04 3.57757080038604268E-04 7.86166864758936712E-01
2.90552623E+00 1.22780566321502957E-01 1.41842725167340617E-03 1.66378757852280509E-03 1.29509197542890746E-04 3.60926320084293834E-04 7.87455248669605590E-01
2.91346366E+00 1.22769657316227146E-01 1.42569690063962013E-03 2.27342378048812563E-03 1.29868316254360858E-04 3.64133522773670048E-04 7.88747291263347972E-01
2.92140348E+00 1.22758690174490787E-01 1.43302577537541783E-03 2.88201669614914467E-03 1.30228677242577638E-04 3.67379338361635078E-04 7.90043000750660473E-01
2.92934581E+00 1.22747664286096153E-01 1.44041484104016752E-03 3.48950268014714847E-03 1.30590471767810996E-04 3.70664560049801769E-04 7.91342384702926505E-01
2.93729074E+00 1.22736579028614734E-01 1.44786505202041836E-03 4.09581807084934569E-03 1.30953734619952222E-04 3.73989966451501970E-04 7.92645449974600957E-01
2.94523837E+00 1.22725433766095876E-01 1.45537740388957423E-03 4.70090036789529240E-03 1.31318525794745341E-04 3.77356373570781646E-04 7.93952202614019775E-01
2.95318880E+00 1.22714227847984816E-01 1.46295295749781411E-03 5.30468739950623342E-03 1.31684924964103867E-04 3.80764658876911379E-04 7.95262647808432810E-01
2.96114213E+00 1.22702960607815950E-01 1.47059238430269660E-03 5.90711722814838639E-03 1.32052815731543445E-04 3.84215306646772733E-04 7.96576789836674681E-01
2.96909824E+00 1.22691631683465502E-01 1.47829590309293628E-03 6.50811231014998635E-03 1.32422017672550611E-04 3.87708461070040175E-04 7.97894632021678651E-01
2.97705703E+00 1.22680240704756971E-01 1.48606437620426635E-03 7.10759643777309717E-03 1.32792689571140842E-04 3.91244903063602098E-04 7.99216140187370194E-01
2.98501859E+00 1.22668786992167794E-01 1.49389874546122163E-03 7.70550873231342064E-03 1.33164872377167806E-04 3.94825377401053187E-04 8.00541280374621578E-01
2.99298303E+00 1.22657269855599146E-01 1.50179946651671377E-03 8.30178920621408960E-03 1.33538319860056892E-04 3.98450138346338192E-04 8.01870052772242325E-01
3.00095045E+00 1.22645688602331618E-01 1.50976749580588069E-03 8.89637953035249916E-03 1.33913009875573873E-04 4.02119936091176406E-04 8.03202456638509088E-01
3.00892095E+00 1.22634042531802906E-01 1.51780393572308612E-03 9.48922079616598170E-03 1.34288968708488898E-04 4.05835662167957950E-04 8.04538490394460792E-01
3.01689465E+00 1.22622330930755641E-01 1.52590989930408258E-03 1.00802543862745769E-02 1.34666265486386294E-04 4.09598214264437414E-04 8.05878151534654474E-01
3.02487164E+00 1.22610553070956071E-01 1.53408644117662457E-03 1.06694218918542780E-02 1.35044967922759429E-04 4.13408427078557615E-04 8.07221436549376059E-01
3.03285203E+00 1.22598708209536139E-01 1.54233452579096786E-03 1.12566652251423378E-02 1.35425100743599686E-04 4.17267040348246094E-04 8.08568340881705816E-01
3.04083593E+00 1.22586795591079170E-01 1.55065508775854171E-03 1.18419267859223576E-02 1.35806662298963563E-04 4.21174758964631773E-04 8.09918858925647633E-01
3.04882302E+00 1.22574815087762454E-01 1.55904876749867480E-03 1.24251181288530452E-02 1.36189638623031376E-04 4.25132225146990185E-04 8.11272984058768909E-01
3.05681337E+00 1.22562765963536921E-01 1.56751664592845994E-03 1.30061815714986248E-02 1.36573985485129721E-04 4.29140295371782210E-04 8.12630636350172741E-01
3.06480710E+00 1.22550647437376661E-01 1.57605944542951889E-03 1.35850614020477222E-02 1.36959574287293394E-04 4.33199450482215493E-04 8.13991803089831545E-01
3.07280432E+00 1.22538458721979590E-01 1.58467810042160740E-03 1.41617024963394105E-02 1.37346452874557675E-04 4.37310377852601637E-04 8.15356474332949777E-01
3.08080514E+00 1.22526199023516344E-01 1.59337377829870709E-03 1.47360494372298558E-02 1.37734542503610671E-04 4.41473992195373882E-04 8.16724639279818088E-01
3.08880965E+00 1.22513867537411877E-01 1.60214856971351450E-03 1.53080477393167727E-02 1.38124034769473048E-04 4.45692126151540468E-04 8.18096286287596786E-01
3.09681797E+00 1.22501463433154059E-01 1.61100399493316403E-03 1.58776419430534110E-02 1.38514999702469985E-04 4.49966037803716044E-04 8.19471402824565098E-01
3.10483021E+00 1.22488985857867438E-01 1.61994031735128788E-03 1.64447779942821087E-02 1.38907235435865075E-04 4.54295723875236947E-04 8.20849975289859590E-01
3.11284648E+00 1.22476433956312220E-01 1.62895880177583801E-03 1.70094030349656339E-02 1.39300792978856025E-04 4.58682176075866205E-04 8.22231989056346535E-01
3.12086660E+00 1.22463807306822714E-01 1.63806049343217662E-03 1.75714424197690282E-02 1.39695686029838795E-04 4.63126324612594411E-04 8.23617428757690950E-01
3.12889051E+00 1.22451105315626557E-01 1.64724658407076939E-03 1.81308313337093935E-02 1.40091888125173187E-04 4.67629182056546818E-04 8.25006229399719571E-01
3.13691832E+00 1.22438327097339386E-01 1.65651851052233800E-03 1.86875175683467315E-02 1.40489389316824400E-04 4.72191898503661561E-04 8.26398343172345506E-01
3.14495013E+00 1.22425471750029435E-01 1.66587763645580393E-03 1.92414491380512830E-02 1.40888184570482877E-04 4.76815545517584780E-04 8.27793752117054971E-01
3.15298606E+00 1.22412538355256548E-01 1.67532520637441546E-03 1.97925743653230082E-02 1.41288297884362732E-04 4.81501069855491139E-04 8.29192437564704621E-01
3.16102622E+00 1.22399525980619081E-01 1.68486254487389651E-03 2.03408416605133022E-02 1.41689802649936768E-04 4.86249492261584156E-04 8.30594380182605119E-01
3.16907071E+00 1.22386433680341550E-01 1.69449075808339737E-03 2.08861993813918151E-02 1.42092546645881387E-04 4.91061608701245976E-04 8.31999560039754726E-01
3.17711966E+00 1.22373260498196343E-01 1.70421122185146381E-03 2.14285974065034843E-02 1.42496494276576766E-04 4.95938478288650785E-04 8.33407956656330162E-01
3.18517317E+00 1.22360005465481758E-01 1.71402561523114737E-03 2.19679854013236781E-02 1.42901663442597049E-04 5.00881456870312311E-04 8.34819549086597612E-01
3.19323115E+00 1.22346667934973480E-01 1.72393562730539145E-03 2.25042992301035423E-02 1.43308106666965331E-04 5.05892028771237536E-04 8.36234315952560925E-01
3.20129344E+00 1.22333247341606555E-01 1.73394326172410284E-03 2.30374713019942182E-02 1.43715952097880830E-04 5.10972025495078433E-04 8.37652199476565440E-01
3.20936016E+00 1.22319742658406699E-01 1.74405035854701415E-03 2.35674518378203475E-02 1.44125270661257885E-04 5.16122950954760835E-04 8.39073130976691450E-01
3.21743143E+00 1.22306152832932447E-01 1.75425736624451730E-03 2.40941918504093307E-02 1.44535903072841331E-04 5.21344912372785369E-04 8.40497087665115439E-01
3.22550735E+00 1.22292476806704367E-01 1.76456504279061074E-03 2.46176436808668644E-02 1.44947715475056188E-04 5.26638319027967735E-04 8.41924046417630745E-01
3.23358803E+00 1.22278713517226550E-01 1.77497458960785724E-03 2.51377586845132374E-02 1.45360627011650016E-04 5.32004015728131021E-04 8.43353984062347739E-01
3.24167360E+00 1.22264861893098445E-01 1.78548758513285026E-03 2.56544891471348173E-02 1.45774609591727998E-04 5.37443216898552149E-04 8.44786877470774966E-01
3.24976415E+00 1.22250920848598232E-01 1.79610598817108781E-03 2.61677872982678111E-02 1.46189692260752078E-04 5.42957510765813270E-04 8.46222703556022360E-01
3.25785981E+00 1.22236889277760483E-01 1.80683206490023424E-03 2.66776051961884475E-02 1.46606040412590536E-04 5.48548787271252469E-04 8.47661439255142590E-01
3.26596051E+00 1.22222766355816442E-01 1.81766815360103265E-03 2.71838833602676827E-02 1.47023767187614982E-04 5.54219115626393877E-04 8.49103061512347268E-01
3.27406607E+00 1.22208551445925087E-01 1.82861690638991704E-03 2.76865555272127646E-02 1.47442955148897951E-04 5.59970954763502004E-04 8.50547515939223953E-01
3.28217659E+00 1.22194243352422724E-01 1.83967723367208370E-03 2.81855749942305778E-02 1.47863219280239912E-04 5.65802829498388395E-04 8.51994726321679385E-01
3.29029220E+00 1.22179840888464869E-01 1.85085014939145474E-03 2.86808984946483186E-02 1.48284484518012400E-04 5.71715357747934992E-04 8.53444669700982428E-01
3.29841301E+00 1.22165342864480234E-01 1.86213719729476867E-03 2.91724791309929676E-02 1.48706774150890686E-04 5.77709677434143864E-04 8.54897323794692743E-01
3.30653912E+00 1.22150748077922741E-01 1.87354029467052120E-03 2.96602714289065511E-02 1.49130198023542717E-04 5.83787291219271354E-04 8.56352666987046152E-01
3.31467067E+00 1.22136055306125216E-01 1.88506151429843690E-03 3.01442292050567093E-02 1.49554783599812680E-04 5.89949849403787635E-04 8.57810678294808171E-01
3.32280775E+00 1.22121263302611735E-01 1.89670296242156248E-03 3.06243068953492917E-02 1.49980511770512819E-04 5.96199028769371707E-04 8.59271337350485886E-01
3.33095048E+00 1.22106370796001520E-01 1.90846653835420425E-03 3.11004594292977991E-02 1.50407360240204256E-04 6.02536292722947206E-04 8.60734624418499794E-01
3.33909879E+00 1.22091376826719084E-01 1.92035366779633285E-03 3.15726312662262740E-02 1.50835295095921455E-04 6.08962746200340452E-04 8.62200520448179963E-01
3.34725250E+00 1.22076280636777987E-01 1.93236588261255977E-03 3.20407608429059826E-02 1.51264312136791315E-04 6.15479673152636436E-04 8.63668974494788522E-01
3.35541173E+00 1.22061080905083857E-01 1.94450611847775704E-03 3.25048044321314400E-02 1.51694501620546087E-04 6.22089556459611936E-04 8.65139915733958320E-01
3.36357658E+00 1.22045776278268181E-01 1.95677747130554129E-03 3.29647179279333874E-02 1.52125934950385556E-04 6.28795034986470128E-04 8.66613327932170496E-01
3.37174718E+00 1.22030365365180346E-01 1.96918120998454144E-03 3.34204572307129910E-02 1.52558487756786389E-04 6.35596918254967063E-04 8.68089195708732886E-01
3.37992363E+00 1.22014846758177406E-01 1.98171919912637452E-03 3.38719793979507869E-02 1.52992134268502175E-04 6.42496605795023624E-04 8.69567504486634002E-01
3.38810606E+00 1.21999219031226958E-01 1.99439364820179921E-03 3.43192416856812343E-02 1.53426910826639362E-04 6.49495835351158730E-04 8.71048240790538220E-01
3.39629457E+00 1.21983480734314101E-01 2.00720699838292374E-03 3.47622004974924848E-02 1.53862851060506138E-04 6.56596569558469683E-04 8.72531392370709091E-01
3.40448928E+00 1.21967630389191173E-01 2.02016181741105890E-03 3.52008124958601218E-02 1.54299964018788998E-04 6.63800891435412880E-04 8.74016948280674555E-01
3.41269008E+00 1.21951666893824043E-01 2.03326007982410767E-03 3.56350234477207581E-02 1.54738216748773574E-04 6.71110433269426782E-04 8.75504898925103636E-01
3.42089684E+00 1.21935589250586798E-01 2.04650328374641208E-03 3.60647767950033546E-02 1.55177552799658366E-04 6.78526393662263745E-04 8.76995198189286285E-01
3.42910965E+00 1.21919395912810258E-01 2.05989352413757723E-03 3.64900312377167274E-02 1.55617983365813757E-04 6.86050370929553030E-04 8.78487790002231983E-01
3.43732863E+00 1.21903085311355255E-01 2.07343339450362808E-03 3.69107450258853234E-02 1.56059570008325457E-04 6.93684456220227904E-04 8.79982669538022177E-01
3.44555390E+00 1.21886655849138145E-01 2.08712579527411523E-03 3.73268762942148072E-02 1.56502296732872662E-04 7.01431043358001515E-04 8.81479833645841926E-01
3.45378557E+00 1.21870105896007025E-01 2.10097381112926435E-03 3.77383836387248858E-02 1.56946163397949723E-04 7.09292708177794873E-04 8.82979280837045133E-01
3.46202375E+00 1.21853433785053339E-01 2.11498033527512215E-03 3.81452255557025305E-02 1.57391157980792264E-04 7.17271834374580072E-04 8.84481011270331408E-01
3.47026856E+00 1.21836637812504131E-01 2.12914795799081652E-03 3.85473605191163776E-02 1.57837253590372144E-04 7.25370502410811009E-04 8.85985026761691108E-01
3.47852011E+00 1.21819716239858461E-01 2.14347932324309006E-03 3.89447470203599794E-02 1.58284533497370349E-04 7.33590845867855145E-04 8.87491330853015903E-01
3.48677826E+00 1.21802667805253020E-01 2.15797667136802046E-03 3.93373309653260381E-02 1.58733161593889514E-04 7.41934779658912601E-04 8.88999928913185022E-01
3.49504290E+00 1.21785491189896122E-01 2.17264028717636688E-03 3.97250593462186649E-02 1.59182902106657043E-04 7.50402256377427374E-04 8.90510782852711125E-01
3.50331414E+00 1.21768184574328517E-01 2.18746944021215453E-03 4.01078926714732581E-02 1.59633580719491735E-04 7.58992034642715563E-04 8.92023859170759770E-01
3.51159209E+00 1.21750746141722030E-01 2.20246407498509529E-03 4.04857910149677563E-02 1.60085089254308503E-04 7.67703535396895551E-04 8.93539169724357429E-01
3.51987686E+00 1.21733174077317957E-01 2.21762496893457371E-03 4.08587140808657212E-02 1.60537368666987900E-04 7.76536998247561307E-04 8.95056729183872357E-01
3.52816857E+00 1.21715466560120181E-01 2.23295333073488369E-03 4.12266211415496311E-02 1.60990424720026796E-04 7.85493081774557241E-04 8.96576555205713555E-01
3.53646733E+00 1.21697621756463009E-01 2.24845058750314849E-03 4.15894712334720709E-02 1.61444365279091162E-04 7.94572652804533420E-04 8.98098668418246260E-01
3.54477326E+00 1.21679637816645134E-01 2.26411785011922453E-03 4.19472230316917799E-02 1.61899073980379971E-04 8.03776252878850750E-04 8.99623092391648838E-01
3.55308646E+00 1.21661512877214370E-01 2.27995643195237066E-03 4.22998367807553705E-02 1.62354455909630467E-04 8.13104617392658197E-04 9.01149853626999731E-01
3.56140676E+00 1.21643245701017352E-01 2.29596751053022692E-03 4.26472600101502272E-02 1.62810455782255628E-04 8.22558568684932621E-04 9.02678981646742096E-01
3.56973407E+00 1.21624834822177647E-01 2.31215308106834643E-03 4.29894451801867625E-02 1.63267056796041239E-04 8.32139665339459928E-04 9.04210455382994938E-01
3.57806852E+00 1.21606278332941131E-01 2.32851652493760216E-03 4.33263529531187838E-02 1.63724299406506010E-04 8.41850700299879391E-04 9.05744275587102243E-01
3.58641021E+00 1.21587574288963524E-01 2.34506266301029529E-03 4.36579436828086129E-02 1.64182300725409196E-04 8.51695909931605619E-04 9.07280481235075320E-01
3.59475925E+00 1.21568720692243712E-01 2.36179758672004506E-03 4.39841775539173349E-02 1.64641198571116294E-04 8.61680813847180162E-04 9.08819114031255482E-01
3.60311577E+00 1.21549715473267886E-01 2.37872746825157182E-03 4.43050151451297100E-02 1.65101070754573496E-04 8.71811034733809367E-04 9.10360218062475135E-01
3.61147986E+00 1.21530556483039620E-01 2.39585723034072126E-03 4.46204176523100210E-02 1.65561930684873457E-04 8.82090972581120545E-04 9.11903839425115770E-01
3.61985164E+00 1.21511241500014341E-01 2.41318982273163807E-03 4.49303463092069616E-02 1.66023769196537986E-04 8.92523077078373949E-04 9.13450026130032233E-01
3.62823123E+00 1.21491768248454812E-01 2.43072542810683764E-03 4.52347617961954551E-02 1.66486526241698497E-04 9.03107044084656930E-04 9.14998828412715737E-01
3.63661839E+00 1.21472135211970284E-01 2.44846086045740537E-03 4.55336119460347938E-02 1.66950075332934924E-04 9.13839480138882269E-04 9.16550299287792969E-01
3.64501310E+00 1.21452340460574917E-01 2.46639212767956004E-03 4.58268518917421680E-02 1.67414292392611920E-04 9.24716018390899929E-04 9.18104433383712948E-01
3.65341546E+00 1.21432381752508839E-01 2.48451585252657849E-03 4.61144418059309738E-02 1.67879065877015306E-04 9.35732758506123245E-04 9.19661264436184234E-01
3.66182559E+00 1.21412242534402068E-01 2.50282994853068741E-03 4.63954792178509212E-02 1.68344445730956958E-04 9.46887199094659910E-04 9.21220858534317011E-01
3.67024359E+00 1.21391929907325863E-01 2.52133349783810728E-03 4.66718162366048586E-02 1.68810247538704491E-04 9.58177756039150174E-04 9.22783364038393672E-01
3.67866958E+00 1.21371444936170317E-01 2.54002746107884073E-03 4.69423838272361865E-02 1.69276412792882609E-04 9.69604756432381246E-04 9.24348807403874262E-01
3.68710367E+00 1.21350786516631587E-01 2.55891493000249886E-03 4.72071425619446858E-02 1.69742965114853773E-04 9.81170680462319263E-04 9.25917256541734290E-01
3.69554596E+00 1.21329952790333664E-01 2.57800121343432220E-03 4.74660538054624270E-02 1.70209995362249379E-04 9.92880244165697014E-04 9.27488792529729489E-01
3.70399657E+00 1.21308941594825692E-01 2.59729256194934791E-03 4.77190787430153140E-02 1.70677628356268214E-04 1.00473913523329542E-03 9.29063502721833245E-01
3.71245524E+00 1.21287751537420843E-01 2.61679188870722265E-03 4.79661670011076249E-02 1.71145923462485532E-04 1.01675007511793365E-03 9.30641478130316169E-01
3.72092144E+00 1.21266381792452027E-01 2.63649689311606971E-03 4.82072620190249768E-02 1.71614825015362288E-04 1.02891083724027826E-03 9.32222742824379891E-01
3.72938062E+00 1.21244867426398728E-01 2.65636985033163324E-03 4.84419110640829237E-02 1.72083442838299355E-04 1.04119643755497672E-03 9.33807276437088052E-01
3.73783318E+00 1.21223206154152816E-01 2.67640869358260402E-03 4.86701275570147127E-02 1.72551738472282736E-04 1.05360431195573000E-03 9.35392427184600472E-01
3.74627951E+00 1.21201395723945282E-01 2.69661463556194634E-03 4.88919151491702120E-02 1.73019744605337219E-04 1.06613515876940860E-03 9.36978345532010426E-01
3.75472001E+00 1.21179433890125213E-01 2.71699323362551695E-03 4.91072744844779710E-02 1.73487586856190950E-04 1.07879402007819334E-03 9.38565184815868592E-01
3.76315507E+00 1.21157318363817157E-01 2.73755428019697555E-03 4.93162055764171867E-02 1.73955472998419699E-04 1.09159020164338984E-03 9.40153100638023376E-01
3.77158504E+00 1.21135046756607467E-01 2.75831006278234436E-03 4.95187078812499917E-02 1.74423649389975001E-04 1.10453557014720703E-03 9.41742249622716243E-01
3.78000995E+00 1.21112617484934904E-01 2.77927234072516223E-03 4.97147716219758992E-02 1.74892332824146097E-04 1.11764189777645772E-03 9.43332787811161255E-01
3.78842740E+00 1.21090035281772770E-01 2.80044464552381585E-03 4.99043322404207623E-02 1.75361557250307330E-04 1.13091512023159239E-03 9.44924802055106094E-01
3.79683781E+00 1.21067297359376283E-01 2.82183387712945820E-03 5.00873976464656437E-02 1.75831455686669270E-04 1.14436207588912041E-03 9.46517921906330328E-01
3.80524156E+00 1.21044400822194975E-01 2.84344663142876118E-03 5.02639733868328609E-02 1.76302153943296323E-04 1.15798938569509468E-03 9.48112301941579250E-01
3.81363905E+00 1.21021342675260268E-01 2.86528690331333980E-03 5.04340638575168296E-02 1.76773730245027367E-04 1.17180114047222921E-03 9.49708094842343753E-01
3.82203066E+00 1.20998119846164445E-01 2.88734765660267042E-03 5.05976718771996153E-02 1.77246100502767719E-04 1.18579046248099202E-03 9.51305452232697357E-01
3.83041676E+00 1.20974729295583797E-01 2.90961658203822172E-03 5.07547983247842102E-02 1.77719108007393621E-04 1.19994518834158821E-03 9.52904524997054914E-01
3.83879771E+00 1.20951168101066764E-01 2.93208484664000003E-03 5.09054425124999960E-02 1.78192646170559067E-04 1.21425655800091862E-03 9.54505466470728314E-01
3.84717388E+00 1.20927433447665753E-01 2.95474644552364170E-03 5.10496026099211825E-02 1.78666647510911005E-04 1.22871857574885415E-03 9.56108434948128250E-01
3.85554561E+00 1.20903522595487006E-01 2.97759152052800777E-03 5.11872761341008800E-02 1.79140994915246050E-04 1.24332135324732628E-03 9.57713593115606332E-01
3.86391326E+00 1.20879432907302783E-01 3.00060855936544251E-03 5.13184599185824430E-02 1.79615557368861968E-04 1.25805327748610904E-03 9.59321106847868088E-01
3.87227716E+00 1.20855161876135445E-01 3.02379208304884729E-03 5.14431505237547826E-02 1.80090298058627711E-04 1.27290866410704659E-03 9.60931146527342572E-01
3.88063486E+00 1.20830715307592165E-01 3.04713870034112756E-03 5.15613024349753021E-02 1.80565169377944033E-04 1.28788665736564523E-03 9.62543888507774170E-01
3.88898671E+00 1.20806090853665074E-01 3.07066371616403558E-03 5.16729210240791589E-02 1.81040439356674185E-04 1.30300230391754992E-03 9.64158971575465595E-01
3.89733308E+00 1.20781285983056250E-01 3.09438425175964085E-03 5.17780104487830864E-02 1.81516401326095269E-04 1.31827257906809219E-03 9.65776580380525496E-01
3.90567435E+00 1.20756297940141838E-01 3.11830760554724154E-03 5.18765743118508177E-02 1.81993217729300413E-04 1.33370480749049570E-03 9.67396896502459192E-01
3.91401085E+00 1.20731123811404342E-01 3.14242894243756598E-03 5.19686155314852127E-02 1.82470890916703373E-04 1.34929429997285885E-03 9.69020094487582195E-01
3.92234295E+00 1.20705760656712860E-01 3.16673161164818728E-03 5.20541345688830120E-02 1.82949274486647292E-04 1.36502458494446575E-03 9.70646344140690842E-01
3.93067099E+00 1.20680205661842621E-01 3.19119729837229107E-03 5.21331297672766036E-02 1.83428205900319682E-04 1.38087745909389200E-03 9.72275814032758534E-01
3.93899531E+00 1.20654456200030361E-01 3.21581679593951593E-03 5.22055987433485275E-02 1.83907635411068975E-04 1.39684371577739204E-03 9.73908675434670856E-01
3.94731625E+00 1.20628509758823735E-01 3.24058538982236605E-03 5.22715383903032335E-02 1.84387563935328280E-04 1.41291858390302791E-03 9.75545103790080304E-01
3.95563414E+00 1.20602363868577506E-01 3.26548918687941982E-03 5.23309452408065173E-02 1.84867880489945376E-04 1.42908810449048746E-03 9.77185276008890824E-01
3.96394795E+00 1.20576020479604529E-01 3.29050406887945127E-03 5.23838068967421647E-02 1.85348325008449517E-04 1.44532944577268371E-03 9.78829368154097934E-01
3.97225680E+00 1.20549481374320908E-01 3.31560787435549722E-03 5.24301159059938696E-02 1.85828671656295519E-04 1.46162143908797168E-03 9.80477289355235149E-01
3.98056107E+00 1.20522744644766366E-01 3.34078896198060013E-03 5.24698723697243075E-02 1.86308859181975341E-04 1.47795196756098394E-03 9.82128981559248437E-01
3.98886111E+00 1.20495808535447224E-01 3.36604909213778381E-03 5.25030751818643671E-02 1.86788993722409089E-04 1.49432219886254858E-03 9.83784637100653225E-01
3.99715727E+00 1.20468671307563543E-01 3.39141045665387018E-03 5.25297226596084590E-02 1.87269416277945381E-04 1.51075372361998738E-03 9.85444450688180096E-01
4.00544992E+00 1.20441331004327731E-01 3.41690678614584367E-03 5.25498096788095809E-02 1.87750608714705143E-04 1.52727985053478180E-03 9.87108614545345819E-01
4.01373939E+00 1.20413785264346734E-01 3.44255650973740272E-03 5.25633077290473955E-02 1.88232900354872048E-04 1.54391890500876804E-03 9.88777310206445437E-01
4.02202603E+00 1.20386031411601729E-01 3.46836132834265828E-03 5.25653197512222434E-02 1.88716444524245362E-04 1.56067269019379419E-03 9.90450702414066964E-01
4.03031019E+00 1.20358066643203115E-01 3.49431442173028014E-03 5.25777527835837241E-02 1.89201287006556792E-04 1.57753450741347908E-03 9.92128943803374463E-01
4.03859220E+00 1.20329888168155805E-01 3.52040569601848969E-03 5.25653663953505809E-02 1.89687408474419045E-04 1.59449428857236534E-03 9.93812182714977177E-01
4.04687241E+00 1.20301493282362781E-01 3.54662887566886079E-03 5.25520031853791078E-02 1.90174811420193662E-04 1.61154564319297136E-03 9.95500567882141141E-01
4.05515107E+00 1.20272879622926543E-01 3.57298591421857312E-03 5.25333394685120747E-02 1.90663585042956748E-04 1.62869038565089655E-03 9.97194250066057775E-01
4.06342612E+00 1.20244052943907512E-01 3.59947709049720935E-03 5.25078338898515296E-02 1.91153746205621820E-04 1.64593124916961745E-03 9.98893364614260593E-01
4.07169793E+00 1.20215010610373027E-01 3.62609710729448493E-03 5.24757796710681179E-02 1.91645300645990470E-04 1.66326280707856456E-03 1.00059756344293205E+00
4.07996683E+00 1.20185749983757417E-01 3.65283011077357535E-03 5.24371826337155997E-02 1.92138135683778729E-04 1.68066910419335737E-03 1.00230698430645604E+00
4.08823320E+00 1.20156268554305473E-01 3.67967177242980786E-03 5.23920816998624944E-02 1.92632290026703237E-04 1.69814560179220989E-03 1.00402175769135571E+00
4.09649738E+00 1.20126563865442640E-01 3.70662676298407021E-03 5.23404881070260106E-02 1.93127943010218872E-04 1.71569669686909244E-03 1.00574201255468765E+00
4.10475973E+00 1.20096633394345467E-01 3.73368777463646984E-03 5.22824178946528426E-02 1.93625165023021510E-04 1.73331485640710659E-03 1.00746787433440765E+00
4.11302059E+00 1.20066474624584807E-01 3.76083190117423903E-03 5.22178823845018195E-02 1.94123837807690341E-04 1.75097697072749557E-03 1.00919945990344595E+00
4.12128032E+00 1.20036085220216027E-01 3.78805019385418298E-03 5.21468865132372894E-02 1.94623975823187794E-04 1.76867378783726972E-03 1.01093687810597443E+00
4.12953925E+00 1.20005462941082053E-01 3.81535521817002879E-03 5.20694414490437338E-02 1.95125814139516558E-04 1.78641754103879905E-03 1.01268023428730047E+00
4.13779775E+00 1.19974605396655096E-01 3.84273721295381575E-03 5.19855686339974477E-02 1.95629383797112858E-04 1.80419831396301219E-03 1.01442962683463200E+00
4.14605440E+00 1.19943516794705773E-01 3.87014977137519790E-03 5.18953037481060531E-02 1.96134250710175727E-04 1.82197164806730634E-03 1.01618513796185295E+00
4.15430906E+00 1.19912197083338376E-01 3.89755701619882121E-03 5.17986649017351877E-02 1.96640096692072847E-04 1.83970193070015736E-03 1.01794646463274474E+00
4.16256211E+00 1.19880644636659275E-01 3.92494837859883993E-03 5.16956717033264651E-02 1.97146910058653720E-04 1.85737796381223999E-03 1.01971356906363120E+00
4.17081392E+00 1.19848858019568363E-01 3.95234417767687668E-03 5.15863477734012851E-02 1.97655076848563866E-04 1.87501930523785790E-03 1.02148652726447065E+00
4.17906486E+00 1.19816835677633404E-01 3.97979390037613706E-03 5.14707194973945889E-02 1.98165243435955541E-04 1.89267481798550724E-03 1.02326541131449478E+00
4.18729233E+00 1.19784665913246754E-01 4.00729129441879019E-03 5.13491431331691423E-02 1.98676836140431286E-04 1.91036551326920993E-03 1.02505027752435485E+00
4.19548855E+00 1.19752380264846595E-01 4.03486986925347471E-03 5.12218554355320793E-02 1.99189761061093059E-04 1.92813538634811765E-03 1.02683615525638450E+00
4.20365442E+00 1.19719975880648144E-01 4.06255092281206705E-03 5.10889743858457257E-02 1.99704779421723625E-04 1.94600649224555889E-03 1.02862121233667958E+00
4.21179091E+00 1.19687449173916660E-01 4.09030644568094803E-03 5.09505941480405469E-02 2.00221359901739941E-04 1.96395166448376382E-03 1.03040546010328371E+00
4.21989909E+00 1.19654796358571777E-01 4.11809863198410973E-03 5.08067999655820376E-02 2.00739040378768949E-04 1.98193359139497679E-03 1.03218891126769186E+00
4.22798009E+00 1.19622013665429405E-01 4.14590091139564222E-03 5.06576838725119397E-02 2.01257605024921210E-04 1.99992563503588157E-03 1.03397160092716867E+00
4.23602927E+00 1.19589121262453343E-01 4.17368974952034462E-03 5.05034389267184150E-02 2.01776828347351866E-04 2.01791081626841434E-03 1.03575359751620755E+00
4.24404513E+00 1.19556127156332029E-01 4.20145308526417155E-03 5.03442261738585722E-02 2.02296530520433549E-04 2.03587973606451445E-03 1.03753370654409194E+00
4.25202870E+00 1.19523029084141044E-01 4.22915917397093891E-03 5.01801609328419579E-02 2.02816382885118092E-04 2.05380023539397227E-03 1.03931141488558931E+00
4.25998106E+00 1.19489824636152514E-01 4.25678695089536183E-03 5.00113474520283707E-02 2.03336397537509130E-04 2.07165053446403897E-03 1.04108676230908848E+00
4.26790340E+00 1.19456511211595992E-01 4.28436573293604177E-03 4.98378895587122256E-02 2.03857785576986217E-04 2.08945893876950070E-03 1.04285981157532825E+00
4.27579696E+00 1.19423085561913181E-01 4.31190843331644841E-03 4.96599022682771563E-02 2.04380378018164532E-04 2.10723741722098398E-03 1.04463064906860170E+00
4.28366310E+00 1.19389543754319760E-01 4.33940790616280277E-03 4.94774935705999536E-02 2.04903881006482001E-04 2.12497802722084192E-03 1.04639936840573866E+00
4.29150323E+00 1.19355881329122893E-01 4.36681835342232847E-03 4.92907642371810950E-02 2.05427770117844600E-04 2.14263417130770330E-03 1.04816606760176811E+00
4.29931887E+00 1.19322093681729677E-01 4.39409274449881725E-03 4.90998093749479697E-02 2.05951580939776381E-04 2.16015760705150998E-03 1.04993085669188146E+00
4.30711160E+00 1.19288176178271838E-01 4.42121443994447205E-03 4.89047139593281263E-02 2.06475153453660658E-04 2.17752990933536752E-03 1.05169387778968271E+00
4.31488313E+00 1.19254123931536227E-01 4.44819624053647330E-03 4.87055712573878294E-02 2.06998731127377891E-04 2.19476168250305010E-03 1.05345531397105674E+00
4.32263522E+00 1.19219931510240421E-01 4.47508258980898466E-03 4.85024739431237084E-02 2.07522895919993653E-04 2.21189498312821106E-03 1.05521538319442842E+00
4.33035803E+00 1.19185644889326578E-01 4.50189020420862975E-03 4.82958233135832304E-02 2.08047372499661781E-04 2.22895904931091383E-03 1.05697432939698754E+00
4.33805278E+00 1.19151261116693205E-01 4.52866305599656117E-03 4.80857633845065691E-02 2.08572698559649682E-04 2.24599688845912365E-03 1.05872974327503067E+00
4.34572108E+00 1.19116774897843059E-01 4.55544278903179025E-03 4.78724154452757900E-02 2.09099341957028555E-04 2.26304891617516799E-03 1.06048170478688464E+00
4.35336463E+00 1.19082179992926238E-01 4.58221895006866772E-03 4.76559020167449734E-02 2.09627250435233332E-04 2.28010355692054344E-03 1.06223037747260496E+00
4.36098524E+00 1.19047469651333837E-01 4.60897548590195969E-03 4.74363332020810505E-02 2.10156521851257680E-04 2.29714339608486908E-03 1.06397593912407640E+00
4.36858478E+00 1.19012636761436433E-01 4.63571657835460792E-03 4.72138098579858861E-02 2.10687193781602293E-04 2.31417090898666930E-03 1.06571859828561699E+00
4.37616523E+00 1.18977673694199371E-01 4.66246985919621659E-03 4.69884404657443661E-02 2.11219504983242408E-04 2.33121184862256298E-03 1.06745859949203203E+00
4.38372864E+00 1.18942572025828378E-01 4.68922237845039499E-03 4.67603366294702116E-02 2.11753468031539079E-04 2.34825151149666402E-03 1.06919621486363869E+00
4.39127714E+00 1.18907322791602849E-01 4.71592204953617204E-03 4.65296024320830393E-02 2.12288613930743060E-04 2.36523596314796572E-03 1.07093172917455015E+00
4.39881296E+00 1.18871916886548565E-01 4.74254096164415748E-03 4.62963283253374977E-02 2.12824711878529697E-04 2.38213496996491974E-03 1.07266544999518509E+00
4.40633836E+00 1.18836344977412495E-01 4.76907610337458550E-03 4.60606109309729672E-02 2.13361931186428793E-04 2.39894281099401092E-03 1.07439772624446372E+00
4.41384661E+00 1.18800640762351320E-01 4.79551589446168894E-03 4.58228333064174334E-02 2.13899851018867362E-04 2.41565680524839050E-03 1.07612894390649672E+00
4.42133310E+00 1.18764828286890362E-01 4.82188234260658242E-03 4.55833326276091008E-02 2.14438422070384050E-04 2.43230526522777860E-03 1.07785742048278999E+00
4.42879992E+00 1.18728899395523529E-01 4.84820860605205718E-03 4.53422441053651787E-02 2.14978279450409564E-04 2.44891935872402176E-03 1.07958196604764223E+00
4.43624922E+00 1.18692845064802224E-01 4.87450917537714506E-03 4.50996898300271912E-02 2.15519489939621840E-04 2.46551183538740127E-03 1.08130292056898614E+00
4.44368324E+00 1.18656655622582222E-01 4.90077126251962404E-03 4.48558000903524906E-02 2.16061858677978579E-04 2.48206831722925115E-03 1.08302063057284981E+00
4.45110424E+00 1.18620321075046400E-01 4.92699582547842692E-03 4.46106934743696407E-02 2.16605259049070556E-04 2.49858801058454750E-03 1.08473545379694669E+00
4.45851455E+00 1.18583831097979403E-01 4.95319917977822630E-03 4.43644908464596380E-02 2.17150022743804229E-04 2.51508530397775900E-03 1.08644777456225139E+00
4.46591652E+00 1.18547174939017549E-01 4.97940329346234500E-03 4.41173144468858941E-02 2.17696421597604346E-04 2.53158013126274922E-03 1.08815800340695312E+00
4.47331256E+00 1.18510341372929720E-01 5.00562651461352454E-03 4.38692875535530991E-02 2.18244695770477345E-04 2.54808876438500972E-03 1.08986657186667069E+00
4.48070508E+00 1.18473318745991554E-01 5.03188377315821802E-03 4.36205355077605925E-02 2.18795001634535397E-04 2.56462400327609266E-03 1.09157392739093795E+00
4.48809651E+00 1.18436095034348890E-01 5.05819326562085940E-03 4.33711852602055303E-02 2.19347522486921701E-04 2.58120186702408185E-03 1.09328053198259223E+00
4.49546366E+00 1.18398788263258156E-01 5.08448917024182864E-03 4.31222296499910313E-02 2.19900933592997023E-04 2.59778823080863714E-03 1.09498685991192901E+00
4.50280425E+00 1.18361411864418301E-01 5.11074553727074686E-03 4.28739755098495878E-02 2.20454722019543356E-04 2.61436149355758667E-03 1.09668747191967997E+00
4.51011936E+00 1.18323962404547636E-01 5.13694404859346351E-03 4.26266035047881894E-02 2.21008815375692362E-04 2.63090326089787923E-03 1.09838176278850219E+00
4.51741001E+00 1.18286436654023483E-01 5.16307380226655073E-03 4.23802897669319223E-02 2.21563052837049954E-04 2.64740243727920035E-03 1.10006990445880692E+00
4.52467719E+00 1.18248831539303406E-01 5.18910992923007734E-03 4.21352143646943275E-02 2.22117194678239215E-04 2.66383393419945217E-03 1.10175207584831858E+00
4.53192186E+00 1.18211144225330675E-01 5.21502659240165919E-03 4.18915536661249310E-02 2.22671171506091280E-04 2.68017162373322248E-03 1.10342845896493147E+00
4.53914496E+00 1.18173372163807952E-01 5.24080600236772644E-03 4.16494836775317956E-02 2.23224712080751300E-04 2.69639727233651717E-03 1.10509924175327368E+00
4.54634736E+00 1.18135513049004381E-01 5.26644500644729476E-03 4.14091813871726028E-02 2.23777802127713083E-04 2.71250715792897010E-03 1.10676462175394108E+00
4.55352995E+00 1.18097564703813954E-01 5.29195006114328067E-03 4.11708250027330580E-02 2.24330399120738075E-04 2.72850714441851992E-03 1.10842480381149722E+00
4.56069356E+00 1.18059524974639882E-01 5.31733847403145169E-03 4.09345927838550144E-02 2.24882735808133369E-04 2.74441403070237741E-03 1.11007999384822198E+00
4.56783900E+00 1.18021391621352750E-01 5.34263006211719085E-03 4.07006641225362217E-02 2.25435270236683846E-04 2.76024730859433061E-03 1.11173039230391435E+00
4.57496707E+00 1.17983162267271582E-01 5.36782154452074452E-03 4.04692198416918697E-02 2.25987885647921296E-04 2.77600356462114539E-03 1.11337618780916725E+00
4.58207855E+00 1.17944834547558899E-01 5.39289763669295336E-03 4.02404354392109850E-02 2.26540508068014319E-04 2.79166742551565077E-03 1.11501755559439286E+00
4.58917417E+00 1.17906406248622059E-01 5.41785484208383121E-03 4.00144794234425158E-02 2.27092953329661985E-04 2.80723521092601964E-03 1.11665466554602388E+00
4.59625467E+00 1.17867875257227583E-01 5.44269963063417472E-03 3.97915234809988749E-02 2.27645221945047688E-04 2.82271316286836129E-03 1.11828769049082211E+00
4.60332077E+00 1.17829239473046049E-01 5.46744554701304730E-03 3.95717372283456020E-02 2.28197605468960447E-04 2.83811463156311700E-03 1.11991680342044742E+00
4.61037315E+00 1.17790496730606209E-01 5.49210356727416853E-03 3.93552883461151873E-02 2.28750257599042822E-04 2.85345049409862399E-03 1.12154217309723103E+00
4.61741251E+00 1.17751644787370352E-01 5.51667608903212269E-03 3.91423420079834508E-02 2.29303353380521416E-04 2.86872315448745635E-03 1.12316396051971634E+00
4.62443950E+00 1.17712681378957518E-01 5.54115856935057539E-03 3.89330586277295970E-02 2.29856894478654166E-04 2.88392811780707444E-03 1.12478231843718968E+00
4.63145478E+00 1.17673604272447122E-01 5.56554274952406232E-03 3.87275961735828525E-02 2.30410636987783603E-04 2.89905716816647122E-03 1.12639739521998106E+00
4.63845900E+00 1.17634411291565891E-01 5.58982237668948292E-03 3.85261102220560842E-02 2.30964432025758924E-04 2.91410408331563937E-03 1.12800933786597501E+00
4.64545278E+00 1.17595100306419675E-01 5.61399824566126762E-03 3.83287529383812761E-02 2.31518419579549302E-04 2.92906969174511677E-03 1.12961829262784885E+00
4.65243676E+00 1.17555669185288231E-01 5.63807742597362358E-03 3.81356732932831566E-02 2.32072596938036921E-04 2.94396113421828941E-03 1.13122440399783253E+00
4.65941154E+00 1.17516115735380691E-01 5.66208104978782167E-03 3.79470179828539991E-02 2.32627437080587957E-04 2.95879971033605367E-03 1.13282781226939822E+00
4.66637773E+00 1.17476437586990515E-01 5.68602108477409256E-03 3.77629322986609908E-02 2.33183016220596135E-04 2.97359774722671727E-03 1.13442864968961432E+00
4.67333595E+00 1.17436632204441296E-01 5.70988606762125751E-03 3.75835571945992986E-02 2.33739027984962552E-04 2.98834433203612471E-03 1.13602703437149688E+00
4.68028678E+00 1.17396697037677605E-01 5.73365953430540407E-03 3.74090239636401325E-02 2.34295208234936082E-04 3.00302359465477601E-03 1.13762307018672670E+00
4.68723083E+00 1.17356629600122442E-01 5.75733069861303955E-03 3.72394593446561881E-02 2.34851604987704280E-04 3.01762527954631396E-03 1.13921685505866477E+00
4.69416869E+00 1.17316427451516589E-01 5.78088839927374653E-03 3.70749878838582472E-02 2.35408116159579426E-04 3.03213867095918641E-03 1.14080848618178599E+00
4.70110096E+00 1.17276088190829145E-01 5.80433099302647519E-03 3.69157290876594088E-02 2.35964938332316137E-04 3.04656247392102357E-03 1.14239806042706116E+00
4.70802822E+00 1.17235609384614498E-01 5.82766427835632213E-03 3.67617981871056002E-02 2.36522267234078206E-04 3.06090279304086074E-03 1.14398567472738710E+00
4.71495108E+00 1.17194988486672300E-01 5.85087797827969856E-03 3.66133075199289587E-02 2.37079817737806788E-04 3.07514970135414241E-03 1.14557142400543488E+00
4.72187013E+00 1.17154222924586549E-01 5.87396252159467797E-03 3.64703631766081643E-02 2.37637365397461652E-04 3.08929392900191913E-03 1.14715539788343612E+00
4.72878598E+00 1.17113310123156525E-01 5.89691552428348986E-03 3.63330674622190861E-02 2.38194959754353306E-04 3.10333330839060754E-03 1.14873768420240263E+00
4.73569923E+00 1.17072247467862073E-01 5.91974014235642845E-03 3.62015186933148381E-02 2.38752786773568855E-04 3.11727115364970626E-03 1.15031837188013730E+00
4.74261050E+00 1.17031032259352283E-01 5.94243791102515122E-03 3.60758115419518230E-02 2.39310806629219647E-04 3.13110914229185015E-03 1.15189755103732505E+00
4.74952040E+00 1.16989661707994186E-01 5.96500798429047251E-03 3.59560365199500034E-02 2.39869207598448201E-04 3.14484657122826323E-03 1.15347531183889584E+00
4.75642956E+00 1.16948132945796784E-01 5.98744466394404620E-03 3.58422781303455659E-02 2.40427848794157092E-04 3.15847786144528254E-03 1.15505174464067673E+00
4.76333813E+00 1.16906445966656392E-01 6.00974302368214013E-03 3.57346230451651148E-02 2.40986510463216076E-04 3.17199876377036649E-03 1.15662694219927742E+00
4.77024629E+00 1.16864600736463112E-01 6.03190146093751309E-03 3.56331520497222345E-02 2.41545026089083251E-04 3.18540829874669126E-03 1.15820089242294189E+00
4.77715472E+00 1.16822594044975497E-01 6.05392495037586353E-03 3.55379324135873947E-02 2.42103642653400001E-04 3.19871139005187006E-03 1.15977358852931567E+00
4.78406412E+00 1.16780422558866004E-01 6.07581506840797463E-03 3.54490270711119645E-02 2.42662273445812260E-04 3.21190957203191423E-03 1.16134514392805754E+00
4.79097519E+00 1.16738082823136663E-01 6.09757232727290918E-03 3.53664947567850288E-02 2.43221119543395942E-04 3.22500332233019915E-03 1.16291567283731778E+00
4.79788866E+00 1.16695571260764908E-01 6.11919318939812152E-03 3.52903824110545744E-02 2.43780414154985155E-04 3.23798905655668136E-03 1.16448529005377122E+00
4.80480379E+00 1.16652893163409793E-01 6.14066821925686891E-03 3.52207275759220187E-02 2.44339784964303023E-04 3.25085905395588494E-03 1.16605411165497430E+00
4.81171622E+00 1.16610076576729060E-01 6.16197876980493098E-03 3.51576488045187985E-02 2.44898626505609611E-04 3.26360083233385913E-03 1.16762192770694639E+00
4.81862640E+00 1.16567119936766911E-01 6.18312286198782670E-03 3.51011768889525483E-02 2.45456745703629233E-04 3.27621251517111814E-03 1.16918770479861545E+00
4.82553478E+00 1.16524021605467709E-01 6.20410510120846491E-03 3.50513306630753155E-02 2.46014490256638854E-04 3.28869878772913415E-03 1.17075150426030627E+00
4.83244184E+00 1.16480779823308525E-01 6.22492732132036864E-03 3.50081271592807691E-02 2.46571638178984384E-04 3.30106156528288440E-03 1.17231338819129216E+00
4.83934804E+00 1.16437392709275805E-01 6.24559880552905036E-03 3.49715791945442167E-02 2.47128550831611385E-04 3.31331022635222936E-03 1.17387341757177222E+00
4.84625388E+00 1.16393858209923470E-01 6.26612865051923932E-03 3.49416951902426984E-02 2.47685398734620718E-04 3.32545400384804323E-03 1.17543165139332140E+00
4.85315986E+00 1.16350174086561550E-01 6.28652483065262040E-03 3.49184770786261228E-02 2.48242239862906419E-04 3.33750106705470997E-03 1.17698814482031566E+00
4.86006646E+00 1.16306337923648320E-01 6.30679209241450343E-03 3.49019065802258291E-02 2.48798942494371934E-04 3.34945642739464854E-03 1.17854294835049767E+00
4.86697422E+00 1.16262347155717857E-01 6.32693112158425400E-03 3.48992000459711071E-02 2.49355478652110339E-04 3.36132109752375905E-03 1.18009610756946803E+00
4.87388367E+00 1.16218199101862082E-01 6.34694178589771327E-03 3.48778009468530548E-02 2.49912255231581396E-04 3.37309528621302116E-03 1.18164766358624607E+00
4.88079533E+00 1.16173890976884603E-01 6.36681884485873050E-03 3.48805687702169187E-02 2.50469036203339118E-04 3.38477405302780796E-03 1.18319765482883588E+00
4.88770977E+00 1.16129419925469879E-01 6.38656258929907929E-03 3.49125248975051261E-02 2.51026044069253514E-04 3.39635791614350613E-03 1.18474611891412951E+00
4.89462756E+00 1.16084782994490973E-01 6.40617069118838180E-03 3.49139480169606414E-02 2.51583175823051044E-04 3.40784471453176941E-03 1.18629309471165545E+00
4.90154926E+00 1.16039977144840961E-01 6.42564212031092839E-03 3.49422141720772336E-02 2.52140385281631233E-04 3.41923352937826891E-03 1.18783862358342041E+00
4.90847548E+00 1.15994999242118701E-01 6.44497496864372601E-03 3.49696660718917252E-02 2.52697495726268435E-04 3.43052251456705008E-03 1.18938275235187430E+00
4.91540681E+00 1.15949846052571914E-01 6.46416891831975201E-03 3.50066939514244793E-02 2.53254555979214610E-04 3.44171136365612135E-03 1.19092553517557964E+00
4.92234389E+00 1.15904514219949170E-01 6.48322344617725810E-03 3.50487336005091757E-02 2.53811846837988350E-04 3.45279951416243170E-03 1.19246703388581854E+00
4.92928733E+00 1.15859000253518502E-01 6.50213193940711240E-03 3.50978518427555453E-02 2.54369023657093432E-04 3.46378026108666625E-03 1.19400731668835802E+00
4.93623780E+00 1.15813300561220842E-01 6.52089331373158654E-03 3.51531773099427597E-02 2.54926226721646765E-04 3.47465236747518131E-03 1.19554645650327385E+00
4.94319595E+00 1.15767411407876344E-01 6.53950978715111837E-03 3.52149817623573641E-02 2.55483749741824376E-04 3.48541785633985123E-03 1.19708452991395253E+00
4.95016246E+00 1.15721328871544377E-01 6.55797955196304929E-03 3.52831266190346965E-02 2.56041556404855875E-04 3.49607470035950179E-03 1.19862161403514000E+00
4.95713801E+00 1.15675048880517939E-01 6.57630127997959734E-03 3.53575852674652760E-02 2.56599401368509271E-04 3.50662132367139103E-03 1.20015778335026679E+00
4.96412333E+00 1.15628567248080294E-01 6.59447351938860678E-03 3.54383196056341429E-02 2.57157008162822135E-04 3.51705599436169525E-03 1.20169310912893135E+00
4.97111911E+00 1.15581879690997161E-01 6.61249822335053996E-03 3.55253244859542391E-02 2.57714607156327147E-04 3.52738034927835243E-03 1.20322765931095832E+00
4.97812611E+00 1.15534981806053011E-01 6.63037518780450284E-03 3.56185688913327261E-02 2.58272054691692943E-04 3.53759383707270576E-03 1.20476149903870078E+00
4.98514506E+00 1.15487869080457481E-01 6.64810619498064706E-03 3.57180189702760165E-02 2.58829357957427993E-04 3.54769786268234770E-03 1.20629469140667700E+00
4.99217673E+00 1.15440536886648265E-01 6.66569277401944226E-03 3.58236393571181380E-02 2.59386424712292204E-04 3.55769355722871218E-03 1.20782729974043734E+00
4.99922189E+00 1.15392980491347302E-01 6.68313866170878491E-03 3.59353951807170821E-02 2.59943301339137509E-04 3.56758424389083412E-03 1.20935938957321132E+00
5.00628132E+00 1.15345195048976765E-01 6.70044750242186887E-03 3.60532520149580427E-02 2.60499868214436733E-04 3.57737314504954097E-03 1.21089103067752002E+00
5.01335583E+00 1.15297175603945964E-01 6.71762371121916151E-03 3.61771761078995419E-02 2.61055945589375843E-04 3.58706424905940943E-03 1.21242229854561057E+00
5.02044623E+00 1.15248917085803662E-01 6.73467612774813172E-03 3.63071347041944575E-02 2.61611761466165865E-04 3.59666597228010991E-03 1.21395327598142599E+00
5.02755333E+00 1.15200414272421142E-01 6.75161334220295787E-03 3.64430965831138917E-02 2.62167401231412297E-04 3.60618651061606022E-03 1.21548405394763170E+00
5.03467798E+00 1.15151661776106404E-01 6.76844274837603600E-03 3.65850322407643216E-02 2.62723052345949324E-04 3.61563291723953706E-03 1.21701473008942695E+00
5.04182100E+00 1.15102654038377508E-01 6.78516572203174961E-03 3.67329131627091507E-02 2.63278838244398192E-04 3.62500628562702773E-03 1.21854540625802565E+00
5.04898325E+00 1.15053385363800220E-01 6.80178065180076039E-03 3.68867116784769924E-02 2.63834953688625693E-04 3.63430474139487874E-03 1.22007618628323700E+00
5.05616558E+00 1.15003849950200132E-01 6.81828423521543391E-03 3.70464010947945260E-02 2.64391453652699604E-04 3.64352469772129782E-03 1.22160717599056801E+00
5.06336886E+00 1.14954041917257527E-01 6.83467031798858527E-03 3.72119561270210578E-02 2.64947955961958813E-04 3.65265967668314089E-03 1.22313848274641157E+00
5.07059395E+00 1.14903955348726633E-01 6.85093701055078559E-03 3.73833533188306852E-02 2.65504483929805257E-04 3.66170741576395944E-03 1.22467021261109932E+00
5.07784171E+00 1.14853584283031399E-01 6.86708468120072763E-03 3.75605710296999865E-02 2.66061117859234199E-04 3.67066787032215664E-03 1.22620246574987601E+00
5.08511302E+00 1.14802922703869340E-01 6.88311442444369120E-03 3.77435891780055835E-02 2.66617798683826675E-04 3.67954170049561696E-03 1.22773532997921953E+00
5.09240875E+00 1.14751964541136842E-01 6.89902637932585192E-03 3.79323891269100766E-02 2.67174495849138781E-04 3.68832860802411353E-03 1.22926887628346870E+00
5.09971874E+00 1.14700780892439305E-01 6.91479716132580718E-03 3.81266693047816810E-02 2.67730521488241790E-04 3.69701541681096259E-03 1.23080315934009632E+00
5.10703120E+00 1.14649455174330769E-01 6.93040178231985916E-03 3.83260431270551344E-02 2.68285222655616977E-04 3.70558859586148223E-03 1.23233591541340637E+00
5.11434692E+00 1.14597982757196404E-01 6.94584036455814843E-03 3.85304329825536460E-02 2.68838533588133344E-04 3.71404732236473890E-03 1.23386455948703211E+00
5.12166671E+00 1.14546359194470038E-01 6.96111646034972519E-03 3.87397768964677300E-02 2.69390625568896754E-04 3.72239419144819493E-03 1.23538916844045565E+00
5.12899131E+00 1.14494580201387197E-01 6.97623264837308327E-03 3.89540145994205222E-02 2.69941458830333641E-04 3.73063082215985362E-03 1.23690982095446955E+00
5.13632145E+00 1.14442641651631830E-01 6.99119170774497017E-03 3.91730865286900945E-02 2.70491162971310637E-04 3.73875904048865011E-03 1.23842659758093565E+00
5.14365784E+00 1.14390539561862167E-01 7.00599640213539574E-03 3.93969318253558493E-02 2.71039677773323730E-04 3.74678067513518421E-03 1.23993957784499420E+00
5.15100116E+00 1.14338270085094909E-01 7.02065162424741519E-03 3.96254882623059621E-02 2.71587227038383591E-04 3.75469971503772024E-03 1.24144883518266624E+00
5.15835206E+00 1.14285829488752794E-01 7.03515977550452955E-03 3.98587023059509687E-02 2.72134134824979896E-04 3.76251770006346417E-03 1.24295443507314429E+00
5.16571117E+00 1.14233214171558600E-01 7.04952238635104741E-03 4.00965264387577319E-02 2.72680677567074575E-04 3.77023531343363607E-03 1.24445643853935639E+00
5.17307909E+00 1.14180420686450984E-01 7.06373667870654077E-03 4.03388865225570575E-02 2.73226378815885835E-04 3.77784891129984710E-03 1.24595490886196325E+00
5.18045639E+00 1.14127445775218730E-01 7.07780472692578957E-03 4.05857911434519270E-02 2.73771044229678478E-04 3.78535967506212628E-03 1.24744991655942727E+00
5.18784365E+00 1.14074286343610609E-01 7.09173390889542617E-03 4.08372133315058547E-02 2.74314566385188482E-04 3.79277408780940174E-03 1.24894154149626235E+00
5.19524140E+00 1.14020939416917405E-01 7.10553413027432360E-03 4.10931163451682055E-02 2.74857303848632603E-04 3.80010119648662142E-03 1.25042987133321404E+00
5.20265017E+00 1.13967402087370384E-01 7.11920936242286390E-03 4.13534602033799117E-02 2.75398992110344177E-04 3.80734417705601248E-03 1.25191499790462446E+00
5.21006010E+00 1.13913746399173982E-01 7.13274387755981690E-03 4.16178434767663294E-02 2.75939060225861572E-04 3.81449543331408795E-03 1.25339701306981000E+00
5.21747182E+00 1.13859969185825971E-01 7.14613850051880242E-03 4.18862114699607782E-02 2.76477669913429921E-04 3.82155477065034390E-03 1.25487395063679652E+00
5.22488590E+00 1.13806067326002347E-01 7.15939185367834782E-03 4.21585250796823949E-02 2.77014631564498630E-04 3.82851980019587989E-03 1.25634594491595664E+00
5.23230292E+00 1.13752037813586587E-01 7.17250491302109938E-03 4.24347457724867441E-02 2.77549878053403784E-04 3.83539048557356675E-03 1.25781312794330558E+00
5.23972343E+00 1.13697877740593215E-01 7.18547989549685358E-03 4.27148346153473427E-02 2.78083538618631562E-04 3.84216803396068190E-03 1.25927562551438066E+00
5.24714796E+00 1.13643584284777513E-01 7.19831616144444089E-03 4.29987534283739203E-02 2.78615352235985620E-04 3.84885080313780497E-03 1.26073355419722022E+00
5.25457702E+00 1.13589154736727746E-01 7.21101311666519623E-03 4.32864647087401119E-02 2.79145314464700927E-04 3.85543718888502803E-03 1.26218702242937919E+00
5.26201109E+00 1.13534586504261070E-01 7.22357068378541491E-03 4.35779316720303553E-02 2.79673386079153216E-04 3.86192608312370530E-03 1.26363613346682335E+00
5.26945067E+00 1.13479877114512892E-01 7.23599202146783978E-03 4.38731192603639825E-02 2.80199664566108543E-04 3.86831959076087452E-03 1.26508097430507194E+00
5.27689620E+00 1.13425024197383137E-01 7.24828157475069026E-03 4.41719941177016392E-02 2.80724249709070090E-04 3.87462109442454844E-03 1.26652160027074334E+00
5.28434814E+00 1.13370025470316924E-01 7.26044063666551279E-03 4.44745249849770180E-02 2.81246869281853446E-04 3.88083083263192699E-03 1.26795804750872043E+00
5.29180689E+00 1.13314878751764589E-01 7.27247068721441261E-03 4.47806829835291284E-02 2.81767461275031397E-04 3.88694923929675581E-03 1.26939035492003494E+00
5.29927289E+00 1.13259581954700553E-01 7.28437383955070263E-03 4.50904400492694868E-02 2.82286271991163940E-04 3.89297738178627072E-03 1.27081857179616242E+00
5.30674651E+00 1.13204133072303259E-01 7.29615110567479082E-03 4.54037693501736159E-02 2.82803043550289171E-04 3.89891521353875935E-03 1.27224275708083101E+00
5.31422816E+00 1.13148530183741255E-01 7.30780734756530242E-03 4.57206452828386803E-02 2.83318045361363768E-04 3.90476651677453684E-03 1.27366297723752919E+00
5.32171821E+00 1.13092771425317859E-01 7.31934846360230654E-03 4.60410423390825649E-02 2.83831389268015242E-04 3.91053610109629805E-03 1.27507930420196103E+00
5.32921702E+00 1.13036854973162404E-01 7.33077816714309324E-03 4.63649371104248378E-02 2.84343040963960575E-04 3.91622659789810784E-03 1.27649181165676873E+00
5.33672493E+00 1.12980779053155747E-01 7.34209955440441597E-03 4.66923073143055631E-02 2.84852850587075589E-04 3.92184002945309730E-03 1.27790057290847203E+00
5.34424230E+00 1.12924541955008506E-01 7.35331479787367393E-03 4.70231312785626271E-02 2.85360612359164100E-04 3.92737749963086979E-03 1.27930566119449973E+00
5.35176946E+00 1.12868142045263839E-01 7.36443034457053610E-03 4.73573881686815551E-02 2.85866292486539834E-04 3.93284438713922824E-03 1.28070715114570577E+00
5.35930673E+00 1.12811577737187224E-01 7.37545881506160555E-03 4.76950576793000874E-02 2.86370462026418844E-04 3.93825225805613435E-03 1.28210512047138536E+00
5.36685393E+00 1.12754851175478496E-01 7.38640688476395815E-03 4.80360967769222283E-02 2.86873234450895482E-04 3.94360714256794097E-03 1.28349964977710806E+00
5.37441108E+00 1.12697962810610078E-01 7.39727937109016520E-03 4.83804729959223176E-02 2.87375040863771763E-04 3.94891306381593785E-03 1.28489072790995884E+00
5.38197854E+00 1.12640910740684011E-01 7.40807567600324044E-03 4.87281685461098679E-02 2.87875604035105561E-04 3.95416840537048987E-03 1.28627838628049695E+00
5.38955662E+00 1.12583693109907110E-01 7.41879888072156241E-03 4.90791670731693316E-02 2.88375013744848741E-04 3.95937522095795701E-03 1.28766271267207899E+00
5.39714565E+00 1.12526308063457203E-01 7.42944485626920430E-03 4.94334510341457867E-02 2.88872720246773540E-04 3.96452835715361326E-03 1.28904379311841999E+00
5.40474504E+00 1.12468760715508986E-01 7.44001786250451241E-03 4.97909621671302968E-02 2.89368889941919066E-04 3.96963168118423006E-03 1.29042171063629940E+00
5.41234897E+00 1.12411095805129521E-01 7.45051722148073504E-03 5.01513946587311132E-02 2.89863324723635418E-04 3.97468784042511684E-03 1.29179638391208851E+00
5.41995777E+00 1.12353311373583037E-01 7.46096039440933591E-03 5.05147237786968753E-02 2.90356558709659778E-04 3.97971316020534916E-03 1.29316679474532514E+00
5.42757180E+00 1.12295405380317334E-01 7.47134873821941100E-03 5.08809263347496515E-02 2.90848383291972018E-04 3.98470793924422806E-03 1.29453304769106414E+00
5.43519138E+00 1.12237375810671156E-01 7.48169777202950265E-03 5.12499840485197145E-02 2.91339066192234145E-04 3.98968666459728963E-03 1.29589523964660858E+00
5.44281683E+00 1.12179220599592414E-01 7.49201687391130248E-03 5.16218773415162216E-02 2.91828956703983882E-04 3.99465774013002366E-03 1.29725346067739089E+00
5.45044846E+00 1.12120937671442655E-01 7.50231680441443630E-03 5.19965835906889620E-02 2.92318140514503044E-04 3.99963098217122771E-03 1.29860778920500253E+00
5.45808657E+00 1.12062524905964980E-01 7.51258712526430613E-03 5.23740817033882394E-02 2.92806260456565225E-04 4.00459505867354227E-03 1.29995828917413614E+00
5.46573144E+00 1.12003980262519412E-01 7.52282435911991957E-03 5.27543554366221093E-02 2.93292872783526776E-04 4.00954558154880195E-03 1.30130500932914916E+00
5.47338336E+00 1.11945301791879295E-01 7.53303045230957480E-03 5.31373874392953444E-02 2.93778220686947901E-04 4.01448356662084324E-03 1.30264799262420738E+00
5.48104259E+00 1.11886487584430178E-01 7.54320647195613411E-03 5.35231582631725197E-02 2.94261832442540173E-04 4.01940914876971252E-03 1.30398728249985085E+00
5.48870939E+00 1.11827535783181567E-01 7.55335733726496955E-03 5.39116487062206232E-02 2.94744061936086951E-04 4.02432631788442619E-03 1.30532292347587653E+00
5.49638402E+00 1.11768444550289378E-01 7.56348214096018781E-03 5.43028389903270348E-02 2.95224753801205013E-04 4.02923324821054859E-03 1.30665496040687845E+00
5.50406671E+00 1.11709212135416180E-01 7.57359241534748262E-03 5.46967106440220674E-02 2.95704356972655415E-04 4.03414053199535865E-03 1.30798343585558485E+00
5.51175769E+00 1.11649836801504559E-01 7.58369908545864380E-03 5.50932418127758339E-02 2.96183043683846681E-04 4.03905816968369580E-03 1.30930839227517959E+00
5.51945720E+00 1.11590316814645055E-01 7.59381829156963693E-03 5.54924107377508247E-02 2.96661332125101710E-04 4.04400140668921115E-03 1.31062987090909489E+00
5.52716545E+00 1.11530650364724343E-01 7.60393822675412348E-03 5.58941947962910898E-02 2.97138179630115050E-04 4.04895761626491296E-03 1.31194791325148996E+00
5.53488265E+00 1.11470835747957853E-01 7.61407575586175306E-03 5.62985768901878986E-02 2.97613789781222095E-04 4.05394282675670525E-03 1.31326255894289656E+00
5.54260900E+00 1.11410871249713342E-01 7.62421011027600813E-03 5.67055348746736548E-02 2.98087890535940123E-04 4.05893547277209454E-03 1.31457385241023528E+00
5.55034470E+00 1.11350755303364635E-01 7.63433891097639681E-03 5.71150483138395670E-02 2.98560652135852278E-04 4.06393231629564432E-03 1.31588183798138370E+00
5.55808863E+00 1.11290496708780121E-01 7.64446039162579045E-03 5.75270212216035109E-02 2.99032217391287445E-04 4.06893153394956297E-03 1.31718656067130890E+00
5.56583268E+00 1.11230158710625304E-01 7.65455550629117951E-03 5.79409864942632274E-02 2.99501506258784383E-04 4.07391857779457623E-03 1.31848784374771300E+00
5.57357692E+00 1.11169741212400655E-01 7.66462952541800430E-03 5.83569021549683320E-02 2.99968693533484234E-04 4.07889774223911018E-03 1.31978434589240590E+00
5.58132147E+00 1.11109243774031863E-01 7.67468326747233667E-03 5.87747288003332979E-02 3.00433478784304210E-04 4.08386885402315953E-03 1.32107610757538851E+00
5.58906644E+00 1.11048665969887231E-01 7.68472712896619593E-03 5.91944291084389035E-02 3.00896250226992542E-04 4.08884134110565952E-03 1.32236317349749832E+00
5.59681193E+00 1.10988007312182516E-01 7.69479362848998327E-03 5.96159665101355721E-02 3.01357859296804808E-04 4.09384681512698842E-03 1.32364558355584161E+00
5.60455804E+00 1.10927267161339341E-01 7.70486243607726787E-03 6.00393032516083752E-02 3.01817535190348162E-04 4.09886415541821283E-03 1.32492336847135217E+00
5.61230487E+00 1.10866444894353378E-01 7.71494059802046474E-03 6.04644145522234347E-02 3.02275695384854315E-04 4.10389964600230833E-03 1.32619654661833275E+00
5.62005253E+00 1.10805539833069427E-01 7.72503185115804968E-03 6.08912703091230370E-02 3.02732157028379125E-04 4.10895632015749988E-03 1.32746512909353109E+00
5.62780111E+00 1.10744551278083109E-01 7.73514227899206857E-03 6.13198370094210493E-02 3.03186734672658965E-04 4.11403960316552349E-03 1.32872911890288825E+00
5.63555069E+00 1.10683478480344183E-01 7.74527066393890934E-03 6.17500833991669815E-02 3.03639212040005316E-04 4.11914768953147107E-03 1.32998851367494364E+00
5.64330137E+00 1.10622320670053967E-01 7.75543002330970292E-03 6.21819775701206168E-02 3.04090069693915702E-04 4.12429305245752293E-03 1.33124330517189771E+00
5.65105324E+00 1.10561076989449142E-01 7.76562208779533417E-03 6.26154794585995073E-02 3.04538951040248158E-04 4.12947695266469017E-03 1.33249348088539610E+00
5.65880637E+00 1.10499746543466573E-01 7.77585004200572871E-03 6.30505527100206492E-02 3.04986171117449512E-04 4.13470216346121036E-03 1.33373902231129793E+00
5.66656086E+00 1.10438328392023055E-01 7.78611564038185228E-03 6.34871636827931685E-02 3.05431523862223833E-04 4.13997007860286877E-03 1.33497990790041454E+00
5.67431678E+00 1.10376821601142816E-01 7.79641708808420306E-03 6.39252734681070578E-02 3.05874712893312070E-04 4.14527857609716267E-03 1.33621611414058861E+00
5.68207420E+00 1.10315225268069486E-01 7.80676314228376765E-03 6.43648390556731120E-02 3.06316637306301807E-04 4.15063610292840373E-03 1.33744761764506293E+00
5.68983322E+00 1.10253538409813029E-01 7.81715721182006662E-03 6.48058183566235374E-02 3.06757040575765191E-04 4.15604581310054580E-03 1.33867439608319372E+00
5.69759389E+00 1.10191760019123397E-01 7.82759195915853044E-03 6.52481765855365686E-02 3.07195028708929455E-04 4.16150016680657490E-03 1.33989642294733891E+00
5.70535629E+00 1.10129889134422745E-01 7.83807725001281139E-03 6.56918760776902949E-02 3.07631487130615897E-04 4.16700885412168986E-03 1.34111366804237786E+00
5.71312049E+00 1.10067924692383703E-01 7.84861876795829062E-03 6.61368738494694935E-02 3.08066138757200623E-04 4.17257747083930527E-03 1.34232609987719353E+00
5.72088655E+00 1.10005865570468972E-01 7.85921814927166215E-03 6.65831256139240019E-02 3.08499218423695474E-04 4.17820764301725812E-03 1.34353368156602482E+00
5.72865422E+00 1.09943713224882875E-01 7.86986502270522505E-03 6.70305745545905080E-02 3.08930785849685088E-04 4.18388922044649666E-03 1.34473637240459643E+00
5.73642296E+00 1.09881471463731617E-01 7.88055789103290528E-03 6.74791445177960053E-02 3.09360243135518723E-04 4.18962107172932662E-03 1.34593407921615604E+00
5.74419283E+00 1.09819139281838812E-01 7.89130774872748818E-03 6.79287914017682043E-02 3.09788167420319872E-04 4.19541415764445973E-03 1.34712666637211353E+00
5.75196391E+00 1.09756715647289727E-01 7.90211975768554536E-03 6.83794677034109677E-02 3.10215066656775447E-04 4.20127366708481984E-03 1.34831409370171129E+00
5.75973625E+00 1.09694199475921267E-01 7.91297841723381454E-03 6.88311288939434524E-02 3.10639421054309344E-04 4.20718419882863248E-03 1.34949631799105840E+00
5.76750992E+00 1.09631589831246753E-01 7.92388650918131494E-03 6.92837363408990020E-02 3.11061559526866038E-04 4.21314859202266950E-03 1.35067329286298587E+00
5.77528499E+00 1.09568885831595741E-01 7.93485597374828620E-03 6.97372436075616581E-02 3.11482684338190035E-04 4.21917883105273669E-03 1.35184497611177390E+00
5.78306150E+00 1.09506086515788956E-01 7.94588366697335756E-03 7.01916020411765262E-02 3.11902192055074775E-04 4.22527187672625242E-03 1.35301132763718313E+00
5.79083952E+00 1.09443190938019311E-01 7.95696216162683663E-03 7.06467638500329620E-02 3.12319838878438369E-04 4.23142044737044847E-03 1.35417230460813132E+00
5.79861910E+00 1.09380198196452977E-01 7.96808133167187932E-03 7.11026848104452103E-02 3.12735423824033831E-04 4.23761459433824941E-03 1.35532786440260011E+00
5.80640028E+00 1.09317107455710882E-01 7.97923298673225076E-03 7.15593244332077133E-02 3.13147968671970600E-04 4.24384631121674672E-03 1.35647796585910196E+00
5.81418312E+00 1.09253918025864649E-01 7.99044291447434732E-03 7.20166369232362741E-02 3.13559172482513065E-04 4.25014153003525595E-03 1.35762256907621137E+00
5.82196766E+00 1.09190629118021465E-01 8.00168436784526489E-03 7.24745720251833009E-02 3.13967672354485629E-04 4.25647374545914167E-03 1.35876163869902178E+00
5.82975394E+00 1.09127240078644661E-01 8.01294595729437967E-03 7.29330823594941807E-02 3.14372967536217423E-04 4.26283177267187952E-03 1.35989513599023382E+00
5.83754201E+00 1.09063750386425962E-01 8.02424353345894403E-03 7.33921177312556183E-02 3.14776060441347195E-04 4.26923162827154944E-03 1.36102302812573406E+00
5.84533190E+00 1.09000159415717099E-01 8.03557140701759674E-03 7.38516355975828431E-02 3.15176697839564094E-04 4.27566791417936017E-03 1.36214528946667590E+00
5.85312365E+00 1.08936466579221958E-01 8.04694079180827762E-03 7.43115853473483440E-02 3.15575590445098806E-04 4.28215212158570765E-03 1.36326189278008369E+00
5.86091730E+00 1.08872671279714908E-01 8.05833706009067424E-03 7.47719174843799461E-02 3.15971878118632293E-04 4.28866992814539490E-03 1.36437281357682427E+00
5.86871286E+00 1.08808773041596571E-01 8.06976726133785266E-03 7.52325845804412280E-02 3.16365630393705102E-04 4.29522865133966439E-03 1.36547802892702763E+00
5.87651037E+00 1.08744771408158691E-01 8.08124109438551619E-03 7.56935333454240022E-02 3.16757272441044039E-04 4.30183827559318596E-03 1.36657752330689464E+00
5.88430986E+00 1.08680665876420182E-01 8.09276645594223312E-03 7.61547162814767975E-02 3.17147639704581832E-04 4.30850706502745959E-03 1.36767128516244463E+00
5.89211135E+00 1.08616455874417150E-01 8.10433283620228158E-03 7.66160880859538818E-02 3.17536623307961604E-04 4.31522496998486358E-03 1.36875930442632732E+00
5.89991485E+00 1.08552140942182379E-01 8.11593812559394112E-03 7.70775954529675511E-02 3.17923838460500152E-04 4.32199025937097994E-03 1.36984156935797130E+00
5.90772039E+00 1.08487720649573308E-01 8.12756591585369649E-03 7.75391895956449029E-02 3.18308766028602965E-04 4.32878690437477585E-03 1.37091807162815349E+00
5.91552797E+00 1.08423194652257707E-01 8.13921928426913910E-03 7.80008228384573149E-02 3.18691446627333114E-04 4.33561834602261883E-03 1.37198880410523083E+00
5.92333704E+00 1.08358567463844951E-01 8.15092590861396689E-03 7.84624115309561221E-02 3.19073233268667308E-04 4.34251305590254398E-03 1.37305376348488783E+00
5.93114741E+00 1.08293839935490105E-01 8.16269139262348724E-03 7.89238986650437069E-02 3.19454502119582236E-04 4.34947738917487291E-03 1.37411286673668753E+00
5.93895911E+00 1.08229011353013077E-01 8.17446920178991135E-03 7.93852317367156335E-02 3.19832866239148374E-04 4.35646550496752820E-03 1.37516608101043203E+00
5.94677214E+00 1.08164081290416436E-01 8.18625500484376767E-03 7.98463629340791098E-02 3.20208495195225260E-04 4.36347358564612760E-03 1.37621339386105745E+00
5.95458652E+00 1.08099049392385987E-01 8.19813338051574893E-03 8.03072439874639582E-02 3.20583764312920290E-04 4.37058667528168830E-03 1.37725480456123184E+00
5.96240226E+00 1.08033914634603989E-01 8.21010549742964661E-03 8.07678309877027656E-02 3.20960137409654527E-04 4.37780690210672410E-03 1.37829031888924036E+00
5.97021936E+00 1.07968675855270646E-01 8.22214070601128520E-03 8.12280676372240662E-02 3.21336986807380467E-04 4.38510467772921467E-03 1.37931993147674881E+00
5.97803782E+00 1.07903332064582816E-01 8.23419225524025036E-03 8.16879083864407302E-02 3.21711748957489692E-04 4.39243421022822780E-03 1.38034363500216428E+00
5.98585764E+00 1.07837882694350504E-01 8.24626702652947290E-03 8.21473011753802718E-02 3.22084612931458668E-04 4.39980301808756431E-03 1.38136142981456422E+00
5.99367882E+00 1.07772327305516669E-01 8.25834905246516059E-03 8.26061949020687747E-02 3.22455048401524354E-04 4.40719564759386485E-03 1.38237333437508259E+00
6.00150135E+00 1.07706665646123093E-01 8.27044086259165305E-03 8.30645420597389550E-02 3.22823761839603632E-04 4.41461503259207334E-03 1.38337937577785053E+00
6.00932522E+00 1.07640897542400235E-01 8.28256682208252694E-03 8.35222933341382145E-02 3.23193007701167714E-04 4.42208587573777838E-03 1.38437959124442078E+00
6.01715043E+00 1.07575022675036311E-01 8.29472132957907553E-03 8.39793986710719170E-02 3.23562395517950209E-04 4.42960298064676208E-03 1.38537402412520838E+00
6.02497695E+00 1.07509040762451949E-01 8.30686626399201877E-03 8.44358107895232940E-02 3.23929431954314367E-04 4.43712865186748472E-03 1.38636271602424332E+00
6.03280477E+00 1.07442951841779002E-01 8.31901376143562646E-03 8.48914824756508285E-02 3.24295184507275396E-04 4.44467526522096014E-03 1.38734571192634171E+00
6.04063386E+00 1.07376755979939037E-01 8.33117291006390571E-03 8.53463650421529274E-02 3.24660119296923684E-04 4.45225211787046975E-03 1.38832306862339472E+00
6.04846422E+00 1.07310453184941673E-01 8.34333735744139000E-03 8.58004101040932554E-02 3.25023856601102789E-04 4.45985309605839708E-03 1.38929484525918889E+00
6.05629581E+00 1.07244043480674844E-01 8.35550424307292608E-03 8.62535715200488246E-02 3.25386552031319085E-04 4.46747557354562706E-03 1.39026109861082836E+00
6.06412860E+00 1.07177526861400932E-01 8.36768910988346451E-03 8.67058064676209383E-02 3.25749769050269391E-04 4.47513534865249477E-03 1.39122188601257735E+00
6.07196256E+00 1.07110903134442464E-01 8.37989137554432002E-03 8.71570709534793264E-02 3.26113184126345247E-04 4.48283222827699102E-03 1.39217726609702885E+00
6.07979765E+00 1.07044172161215714E-01 8.39207563606379249E-03 8.76073163080780953E-02 3.26474462319342198E-04 4.49053117695104049E-03 1.39312729288672155E+00
6.08763385E+00 1.06977334159318926E-01 8.40424889310755797E-03 8.80564993290809256E-02 3.26834220332152285E-04 4.49823937445264794E-03 1.39407202266801078E+00
6.09547111E+00 1.06910389497357636E-01 8.41642756829498635E-03 8.85045765819426622E-02 3.27192904430934897E-04 4.50597334833157878E-03 1.39501152661486927E+00
6.10330938E+00 1.06843338577566560E-01 8.42859591348574765E-03 8.89515047836300365E-02 3.27550251145413080E-04 4.51371747906589935E-03 1.39594588550603937E+00
6.11114862E+00 1.06776181932907707E-01 8.44078310148731192E-03 8.93972407767144178E-02 3.27908766817163551E-04 4.52150098538213040E-03 1.39687518403512501E+00
6.11898878E+00 1.06708919833183521E-01 8.45298231982063650E-03 8.98417482499354048E-02 3.28267500003493720E-04 4.52931725640673324E-03 1.39779951288263415E+00
6.12682980E+00 1.06641552597704428E-01 8.46517750957267306E-03 9.02849844371140242E-02 3.28625516567847449E-04 4.53715044949503168E-03 1.39871895655748402E+00
6.13467164E+00 1.06574080715839153E-01 8.47734931295836096E-03 9.07269090865154837E-02 3.28982185649550653E-04 4.54498130486981518E-03 1.39963359782445651E+00
6.14251423E+00 1.06506504849335396E-01 8.48950455825756879E-03 9.11674809844810891E-02 3.29338032166096592E-04 4.55281655158751644E-03 1.40054352137088034E+00
6.15035751E+00 1.06438825701772558E-01 8.50164067990238567E-03 9.16066631891148259E-02 3.29692729814678933E-04 4.56065349592890776E-03 1.40144881685674028E+00
6.15820142E+00 1.06371044035448004E-01 8.51376178374160103E-03 9.20444164713814933E-02 3.30046930021264174E-04 4.56849607710158121E-03 1.40234957555810036E+00
6.16604566E+00 1.06303162607665480E-01 8.52588588696764904E-03 9.24806950238167419E-02 3.30402818398602832E-04 4.57636221076038966E-03 1.40324588839105902E+00
6.17388988E+00 1.06235184610990560E-01 8.53798893557505649E-03 9.29154526869866854E-02 3.30758059698574812E-04 4.58422786845018825E-03 1.40413782279947696E+00
6.18173402E+00 1.06167110934747649E-01 8.55004923201468404E-03 9.33486544199378099E-02 3.31111309707213524E-04 4.59207109378012828E-03 1.40502543754579068E+00
6.18957800E+00 1.06098942712655575E-01 8.56206207781875020E-03 9.37802682493313194E-02 3.31462284879250918E-04 4.59988675753001276E-03 1.40590883917353859E+00
6.19742176E+00 1.06030681119620593E-01 8.57403984783992358E-03 9.42102637405735632E-02 3.31812112923723392E-04 4.60768674792821561E-03 1.40678813801552227E+00
6.20526522E+00 1.05962327187297561E-01 8.58598959495874420E-03 9.46386126848137443E-02 3.32160984091771361E-04 4.61547770241126868E-03 1.40766342709210779E+00
6.21310831E+00 1.05893881807956308E-01 8.59792472758613875E-03 9.50652886030771554E-02 3.32509165989320309E-04 4.62327271716475759E-03 1.40853479484596766E+00
6.22095094E+00 1.05825345629560752E-01 8.60986142046875000E-03 9.54902678338310634E-02 3.32857491459280974E-04 4.63108783045051379E-03 1.40940233460649722E+00
6.22879304E+00 1.05756718990934404E-01 8.62181541947632142E-03 9.59135254522527070E-02 3.33206755318325525E-04 4.63893884421564835E-03 1.41026613323614702E+00
6.23663451E+00 1.05688002181173468E-01 8.63378846213112144E-03 9.63350336456291478E-02 3.33556551181689363E-04 4.64682759196106097E-03 1.41112625786224033E+00
6.24447527E+00 1.05619195684942366E-01 8.64576650609401309E-03 9.67547679416432826E-02 3.33905716244658807E-04 4.65474003088876820E-03 1.41198276996225203E+00
6.25231523E+00 1.05550300233475891E-01 8.65775604616091619E-03 9.71727057874545164E-02 3.34255346115057449E-04 4.66268250481464020E-03 1.41283574445396232E+00
6.26015429E+00 1.05481316574655357E-01 8.66975753031430825E-03 9.75888254313354020E-02 3.34606082456846894E-04 4.67065527949113348E-03 1.41368527171004610E+00
6.26799235E+00 1.05412245372226723E-01 8.68176369189594017E-03 9.80031066424941616E-02 3.34956771464241850E-04 4.67865093106216868E-03 1.41453144029771472E+00
6.27582931E+00 1.05343087308506944E-01 8.69375607061730928E-03 9.84155321528515092E-02 3.35306573014953471E-04 4.68665082940823881E-03 1.41537432583284395E+00
6.28366507E+00 1.05273843271428844E-01 8.70571867165187765E-03 9.88260812332415195E-02 3.35654813981887544E-04 4.69463865123855798E-03 1.41621399799972592E+00
6.29149952E+00 1.05204514377062644E-01 8.71766592406411633E-03 9.92347347751129927E-02 3.36002184266281012E-04 4.70262834545542591E-03 1.41705053194842123E+00
6.29933255E+00 1.05135101588453850E-01 8.72961652553998733E-03 9.96414779169569609E-02 3.36349283243053416E-04 4.71063826787267072E-03 1.41788400795151159E+00
6.30716405E+00 1.05065605665298156E-01 8.74156633224480902E-03 1.00046303088389493E-01 3.36696444782503895E-04 4.71866413442769903E-03 1.41871449285833573E+00
6.31499391E+00 1.04996027346442783E-01 8.75349734744722101E-03 1.00449203091332526E-01 3.37042373910181317E-04 4.72668782656396596E-03 1.41954203422029801E+00
6.32282199E+00 1.04926367556982675E-01 8.76540857279149710E-03 1.00850168178319002E-01 3.37387874104234226E-04 4.73470811521474206E-03 1.42036666597472339E+00
6.33064818E+00 1.04856627367637303E-01 8.77729391769402172E-03 1.01249184524277183E-01 3.37732455628359407E-04 4.74271855028412723E-03 1.42118841986778066E+00
6.33847236E+00 1.04786808159794340E-01 8.78914392015551875E-03 1.01646238790404270E-01 3.38075214251733452E-04 4.75070914327804447E-03 1.42200733288845438E+00
6.34629440E+00 1.04716911576124228E-01 8.80095598773728872E-03 1.02041320947841643E-01 3.38415496020541377E-04 4.75867665605874193E-03 1.42282345685216938E+00
6.35411416E+00 1.04646939416427748E-01 8.81274693529417001E-03 1.02434426048123514E-01 3.38755698467843938E-04 4.76663720120219184E-03 1.42363685636917081E+00
6.36193152E+00 1.04576893345903504E-01 8.82450824885410053E-03 1.02825552309107199E-01 3.39094900052561740E-04 4.77458164009946905E-03 1.42444760330796250E+00
6.36974633E+00 1.04506775099929769E-01 8.83623690037149689E-03 1.03214701728181729E-01 3.39431952120626437E-04 4.78250633927782172E-03 1.42525576150938504E+00
6.37755845E+00 1.04436586457097094E-01 8.84793760481296203E-03 1.03601877237336409E-01 3.39767435056476997E-04 4.79041544703075542E-03 1.42606138587311082E+00
6.38536775E+00 1.04366329072291694E-01 8.85961120493084994E-03 1.03987079148737227E-01 3.40102237451418016E-04 4.79830933923600794E-03 1.42686451861177654E+00
6.39317408E+00 1.04296004570512482E-01 8.87124814893713171E-03 1.04370303236231005E-01 3.40435513717133817E-04 4.80617803450335279E-03 1.42766518663444142E+00
6.40097729E+00 1.04225614841284661E-01 8.88284520804476056E-03 1.04751549127736251E-01 3.40766367839035757E-04 4.81401776743761983E-03 1.42846341177341207E+00
6.40877723E+00 1.04155161941536692E-01 8.89441505389033243E-03 1.05130821170339173E-01 3.41095715439598596E-04 4.82184062348682465E-03 1.42925922507252312E+00
6.41657375E+00 1.04084647809491060E-01 8.90596738672525499E-03 1.05508124322892902E-01 3.41424926111024243E-04 4.82965584045497859E-03 1.43005266113662666E+00
6.42436669E+00 1.04014074258112599E-01 8.91750652101951785E-03 1.05883466713620603E-01 3.41753040376922054E-04 4.83746734938105948E-03 1.43084374454391439E+00
6.43215590E+00 1.03943442969897257E-01 8.92903328352634071E-03 1.06256863646664285E-01 3.42079348164453826E-04 4.84527568043416866E-03 1.43163248512882291E+00
6.43994122E+00 1.03872755407640849E-01 8.94054961341399224E-03 1.06628328723909038E-01 3.42404159151247936E-04 4.85308261799561030E-03 1.43241887463003326E+00
6.44772248E+00 1.03802012910181832E-01 8.95206857356074283E-03 1.06997874813767879E-01 3.42728311371924056E-04 4.86090115669449152E-03 1.43320288636301307E+00
6.45549953E+00 1.03731216678666957E-01 8.96360790677845805E-03 1.07365514553322772E-01 3.43052870489889204E-04 4.86874907080377811E-03 1.43398448609067963E+00
6.46327220E+00 1.03660367871615089E-01 8.97514807225952005E-03 1.07731258937646887E-01 3.43375684607056739E-04 4.87660691534869736E-03 1.43476363913656013E+00
6.47104032E+00 1.03589467896489124E-01 8.98668034178755869E-03 1.08095119267423795E-01 3.43696757336962996E-04 4.88446594569150877E-03 1.43554031791642234E+00
6.47880373E+00 1.03518518372576793E-01 8.99820951543562654E-03 1.08457108190061602E-01 3.44016760242654739E-04 4.89233080802903200E-03 1.43631450997099885E+00
6.48656226E+00 1.03447520947668611E-01 9.00973824900332121E-03 1.08817242601990286E-01 3.44335725646938184E-04 4.90020398233122212E-03 1.43708620652645469E+00
6.49431575E+00 1.03376477317808219E-01 9.02125447299580857E-03 1.09175541014036301E-01 3.44652564144951111E-04 4.90807323490729825E-03 1.43785538408175428E+00
6.50206401E+00 1.03305389307199916E-01 9.03276979249542471E-03 1.09532018880575455E-01 3.44968769976901921E-04 4.91594999391503553E-03 1.43862200482399949E+00
6.50980689E+00 1.03234258696674297E-01 9.04428471379962323E-03 1.09886690445445676E-01 3.45283993195762552E-04 4.92383469217199006E-03 1.43938602967555584E+00
6.51754422E+00 1.03163087237446841E-01 9.05579097419319419E-03 1.10239577692890792E-01 3.45597508131819775E-04 4.93171909633242488E-03 1.44014741653501188E+00
6.52527581E+00 1.03091876759899337E-01 9.06727863852953113E-03 1.10590706676991571E-01 3.45908855989576227E-04 4.93959329156729455E-03 1.44090612022098918E+00
6.53300151E+00 1.03020629097185665E-01 9.07875007075531829E-03 1.10940103080699820E-01 3.46218973084750443E-04 4.94745964280288771E-03 1.44166209230442588E+00
6.54072115E+00 1.02949346031831451E-01 9.09019239197216868E-03 1.11287789480878530E-01 3.46526999939411162E-04 4.95530525153697107E-03 1.44241527867896169E+00
6.54843456E+00 1.02878029562597575E-01 9.10159787888913975E-03 1.11633785661551979E-01 3.46832339644563656E-04 4.96312221210852209E-03 1.44316561969769674E+00
6.55614157E+00 1.02806681884030388E-01 9.11297535890566272E-03 1.11978112504832056E-01 3.47135291567803798E-04 4.97091904127001591E-03 1.44391306139112485E+00
6.56384202E+00 1.02735305075054073E-01 9.12430785828336269E-03 1.12320793153918422E-01 3.47435867537850527E-04 4.97867859089746404E-03 1.44465755437057886E+00
6.57153574E+00 1.02663901361284449E-01 9.13559338577299603E-03 1.12661860659358376E-01 3.47733493636865514E-04 4.98639855629262260E-03 1.44539903903885070E+00
6.57922259E+00 1.02592473019718772E-01 9.14683547254725032E-03 1.13001345834954067E-01 3.48027738915107372E-04 4.99408215449739616E-03 1.44613746066175319E+00
6.58690239E+00 1.02521022342666024E-01 9.15805148342026427E-03 1.13339279857741990E-01 3.48320405588289678E-04 5.00174648031152195E-03 1.44687276642058915E+00
6.59457501E+00 1.02449551436645109E-01 9.16924502765078565E-03 1.13675692581999707E-01 3.48611513483778690E-04 5.00939499018955396E-03 1.44760490809595344E+00
6.60224028E+00 1.02378062330119327E-01 9.18041616964399704E-03 1.14010614326700468E-01 3.48900499252887265E-04 5.01702766981121807E-03 1.44833383632375789E+00
6.60989806E+00 1.02306557049202287E-01 9.19157173966148565E-03 1.14344075495292949E-01 3.49186953751323985E-04 5.02465130357062067E-03 1.44905950318259857E+00
6.61754822E+00 1.02235037555477679E-01 9.20273879833858645E-03 1.14676107490502374E-01 3.49473098401914810E-04 5.03229296946816358E-03 1.44978186448259794E+00
6.62519060E+00 1.02163505379638142E-01 9.21392740802586159E-03 1.15006747358948072E-01 3.49758242536172062E-04 5.03996296552069751E-03 1.45050087374397529E+00
6.63282510E+00 1.02091961679759549E-01 9.22514695141551759E-03 1.15336033886017167E-01 3.50042167575530282E-04 5.04767113079700614E-03 1.45121646820871875E+00
6.64045157E+00 1.02020407219075959E-01 9.23641156033283908E-03 1.15664006378206771E-01 3.50325640615219147E-04 5.05543225598418296E-03 1.45192857064902570E+00
6.64806991E+00 1.01948842048729602E-01 9.24769337288367833E-03 1.15990698060969233E-01 3.50607854644556472E-04 5.06321948007403336E-03 1.45263708759175736E+00
6.65568000E+00 1.01877266714457321E-01 9.25898523701541680E-03 1.16316145303503496E-01 3.50888740004612321E-04 5.07102631305644726E-03 1.45334189398404967E+00
6.66328174E+00 1.01805681957568256E-01 9.27027326807208611E-03 1.16640379978537143E-01 3.51167299966943856E-04 5.07883935058917480E-03 1.45404289208346627E+00
6.67087503E+00 1.01734088662917346E-01 9.28155284578199499E-03 1.16963436807275917E-01 3.51443753562056670E-04 5.08665431386370881E-03 1.45473999463283143E+00
6.67845980E+00 1.01662487725538334E-01 9.29282382113422005E-03 1.17285350723505516E-01 3.51718960541012827E-04 5.09447132600800157E-03 1.45543312045232032E+00
6.68603595E+00 1.01590879989364516E-01 9.30408115632616432E-03 1.17606157100517750E-01 3.51992202653308062E-04 5.10228557802529497E-03 1.45612219095562101E+00
6.69360342E+00 1.01519266331384458E-01 9.31531880966805087E-03 1.17925893137656321E-01 3.52262975025381556E-04 5.11009119602228671E-03 1.45680713107799553E+00
6.70116216E+00 1.01447647700657173E-01 9.32653128413162176E-03 1.18244596392848345E-01 3.52531589494374162E-04 5.11788277406458568E-03 1.45748787459683693E+00
6.70871213E+00 1.01376025077737214E-01 9.33771687693740922E-03 1.18562301185023311E-01 3.52798055033554515E-04 5.12565862114244212E-03 1.45816436346671519E+00
6.71625327E+00 1.01304399340227724E-01 9.34887274425420974E-03 1.18879047033383950E-01 3.53062018064449366E-04 5.13341593576150702E-03 1.45883654514806627E+00
6.72378559E+00 1.01232771234667229E-01 9.36000282505487259E-03 1.19194873016442576E-01 3.53323171087773999E-04 5.14115877205676558E-03 1.45950436273170658E+00
6.73130905E+00 1.01161141441253988E-01 9.37111203343730416E-03 1.19509820203749201E-01 3.53582837451120078E-04 5.14889221611666750E-03 1.46016775453186809E+00
6.73882367E+00 1.01089510459507634E-01 9.38218658918964742E-03 1.19823930713396351E-01 3.53839899092875615E-04 5.15660267081488252E-03 1.46082666656416227E+00
6.74632946E+00 1.01017878725696689E-01 9.39322032253426045E-03 1.20137243988077153E-01 3.54093735105086597E-04 5.16428409065851791E-03 1.46148105443366161E+00
6.75382646E+00 1.00946246588005495E-01 9.40420103277770855E-03 1.20449805492128040E-01 3.54343871979687639E-04 5.17192437044676056E-03 1.46213088999570151E+00
6.76131471E+00 1.00874614474620608E-01 9.41513084946941393E-03 1.20761652767017474E-01 3.54590759635637764E-04 5.17952557904373476E-03 1.46277616033073055E+00
6.76879426E+00 1.00802982660052429E-01 9.42602196394283671E-03 1.21072828340939451E-01 3.54834772560466119E-04 5.18709982332474836E-03 1.46341687835740353E+00
6.77626520E+00 1.00731351184420032E-01 9.43689085309557668E-03 1.21383375258717646E-01 3.55076166085276351E-04 5.19466354233881662E-03 1.46405306943207969E+00
6.78372762E+00 1.00659719636550113E-01 9.44777017041775573E-03 1.21693340621666049E-01 3.55317145334820147E-04 5.20224953009414733E-03 1.46468475804600140E+00
6.79118160E+00 1.00588087167063481E-01 9.45866822386068513E-03 1.22002772814167521E-01 3.55557243148114216E-04 5.20986654006897788E-03 1.46531195077432264E+00
6.79862601E+00 1.00516464488598370E-01 9.46958890952766252E-03 1.22311667596519930E-01 3.55797161685162853E-04 5.21751963460393136E-03 1.46593462188330736E+00
6.80606090E+00 1.00444850729576055E-01 9.48052919663643252E-03 1.22620073907847155E-01 3.56035529619108324E-04 5.22520645749449328E-03 1.46655262182292367E+00
6.81348634E+00 1.00373244924107430E-01 9.49149737814484855E-03 1.22928032452000735E-01 3.56274138155383629E-04 5.23293593529694512E-03 1.46716589809770781E+00
6.82090242E+00 1.00301645741816908E-01 9.50247398480864522E-03 1.23235587695947765E-01 3.56511696241195179E-04 5.24068931218367971E-03 1.46777441164200306E+00
6.82830923E+00 1.00230051900433256E-01 9.51344636191975290E-03 1.23542777642792340E-01 3.56747794823713930E-04 5.24845450066417467E-03 1.46837812793179356E+00
6.83570690E+00 1.00158462198282422E-01 9.52440416759242972E-03 1.23849642675074076E-01 3.56982330630174001E-04 5.25622153869986959E-03 1.46897703354943787E+00
6.84309555E+00 1.00086875455988794E-01 9.53533457354854494E-03 1.24156217513704620E-01 3.57214630218711756E-04 5.26397780695173241E-03 1.46957113767769099E+00
6.85047533E+00 1.00015290463599069E-01 9.54623577931448634E-03 1.24462540034641689E-01 3.57445600218718766E-04 5.27172157561211618E-03 1.47016046908176223E+00
6.85784641E+00 9.99437059038810749E-02 9.55709934632305649E-03 1.24768656601988562E-01 3.57674138911123535E-04 5.27944441507922045E-03 1.47074507242925079E+00
6.86520897E+00 9.98721204190488321E-02 9.56792152142571170E-03 1.25074611883481818E-01 3.57900658691687374E-04 5.28714251303375599E-03 1.47132499896187730E+00
6.87256320E+00 9.98005325957766337E-02 9.57870298741155500E-03 1.25380445391361395E-01 3.58125218011003501E-04 5.29481639146329053E-03 1.47190030545233563E+00
6.87990934E+00 9.97289408793931020E-02 9.58944755713621311E-03 1.25686197482102913E-01 3.58347899958896159E-04 5.30246966755783516E-03 1.47247105695925673E+00
6.88724760E+00 9.96573434696182009E-02 9.60015143408555344E-03 1.25991912691228558E-01 3.58568513208229413E-04 5.31009839051456260E-03 1.47303732060575587E+00
6.89457825E+00 9.95857383920367573E-02 9.61080422210195372E-03 1.26297634139904885E-01 3.58786322383934696E-04 5.31769199479803587E-03 1.47359916216928677E+00
6.90190155E+00 9.95141236731477280E-02 9.62140948292161159E-03 1.26603406916590167E-01 3.59001948684191765E-04 5.32525374902336791E-03 1.47415665677221530E+00
6.90921778E+00 9.94424971737532526E-02 9.63197791609143698E-03 1.26909277963324435E-01 3.59215810308480981E-04 5.33279402166649159E-03 1.47470990209280362E+00
6.91652725E+00 9.93708564555531998E-02 9.64250601595855426E-03 1.27215294738514811E-01 3.59427497792997360E-04 5.34030902876405592E-03 1.47525900943944355E+00
6.92383027E+00 9.92991989325755775E-02 9.65299290191088365E-03 1.27521502018557026E-01 3.59637398484590376E-04 5.34779760854538384E-03 1.47580409170369520E+00
6.93112719E+00 9.92275218420126254E-02 9.66344306163876426E-03 1.27827943184027404E-01 3.59845616257842792E-04 5.35526395122858101E-03 1.47634526654345466E+00
6.93841836E+00 9.91558221380735294E-02 9.67387625477460558E-03 1.28134664274292237E-01 3.60053446218240570E-04 5.36272755649947353E-03 1.47688265947313080E+00
6.94570414E+00 9.90840962621479387E-02 9.68430757898114045E-03 1.28441714178049643E-01 3.60260445338274121E-04 5.37020343691140510E-03 1.47741639809153047E+00
6.95298492E+00 9.90123402108480793E-02 9.69474718600171932E-03 1.28749141346713808E-01 3.60466758752563045E-04 5.37770184427847995E-03 1.47794660083926677E+00
6.96026109E+00 9.89405496313641580E-02 9.70519638924622133E-03 1.29056995028472371E-01 3.60672470662217999E-04 5.38522429597579257E-03 1.47847337508249899E+00
6.96753308E+00 9.88687199801573102E-02 9.71565812687526752E-03 1.29365322471185096E-01 3.60878160415715132E-04 5.39277390972866741E-03 1.47899682211747363E+00
6.97479862E+00 9.87968732120575316E-02 9.72612722986293532E-03 1.29674057461789199E-01 3.61083861558843364E-04 5.40034672711124479E-03 1.47951704770632664E+00
6.98205785E+00 9.87250073927614796E-02 9.73660220163671299E-03 1.29983233968669315E-01 3.61289871126725215E-04 5.40794143396391980E-03 1.48003397152062210E+00
6.98931114E+00 9.86531184934969080E-02 9.74708309079472604E-03 1.30292894288658367E-01 3.61496057440819621E-04 5.41555813584196528E-03 1.48054769332347891E+00
6.99655887E+00 9.85812023390100212E-02 9.75756660063509945E-03 1.30603078167604553E-01 3.61702005878988472E-04 5.42319355450979288E-03 1.48105833244703433E+00
7.00380142E+00 9.85092546627032023E-02 9.76805196662909603E-03 1.30913827650873060E-01 3.61908353205144526E-04 5.43084688639539851E-03 1.48156601334806926E+00
7.01103921E+00 9.84372710891083663E-02 9.77852810647300563E-03 1.31225181185680273E-01 3.62113314092594931E-04 5.43850694424876518E-03 1.48207086620787631E+00
7.01827264E+00 9.83652473023029356E-02 9.78899622060297805E-03 1.31537180097737377E-01 3.62317179572874224E-04 5.44617469462287465E-03 1.48257302413875713E+00
7.02550215E+00 9.82931789479297990E-02 9.79945999603392542E-03 1.31849867814937433E-01 3.62521034525915310E-04 5.45385350755626941E-03 1.48307262969900489E+00
7.03272818E+00 9.82210614567446960E-02 9.80991450772468986E-03 1.32163291621681167E-01 3.62724411271841485E-04 5.46153812908302307E-03 1.48356983642171736E+00
7.03995120E+00 9.81488901721490198E-02 9.82035400510543333E-03 1.32477494732945261E-01 3.62926745107417241E-04 5.46922240082579978E-03 1.48406480235075544E+00
7.04717168E+00 9.80766604441242057E-02 9.83077907821877997E-03 1.32792517884733452E-01 3.63128003670666632E-04 5.47690637815750978E-03 1.48455769648360159E+00
7.05439009E+00 9.80043675475362336E-02 9.84119577673864439E-03 1.33108403773981449E-01 3.63328377842735346E-04 5.48459550114637536E-03 1.48504870462793548E+00
7.06160694E+00 9.79320065785800747E-02 9.85162164942623986E-03 1.33425197546934327E-01 3.63529464305123722E-04 5.49230670820217114E-03 1.48553802380392463E+00
7.06882272E+00 9.78595722892845465E-02 9.86203549009436256E-03 1.33742943682701620E-01 3.63728714789056731E-04 5.50001826265405711E-03 1.48602585474942628E+00
7.07603797E+00 9.77870594756198586E-02 9.87242470085263404E-03 1.34061686978678929E-01 3.63925806900092285E-04 5.50771691318974969E-03 1.48651239000821311E+00
7.08325320E+00 9.77144629678100424E-02 9.88279246996068457E-03 1.34381473386665257E-01 3.64123067401647628E-04 5.51540504679502632E-03 1.48699782754128873E+00
7.09046896E+00 9.76417773844523162E-02 9.89313587072278983E-03 1.34702351824671773E-01 3.64319884519887286E-04 5.52307889047082105E-03 1.48748236800650213E+00
7.09768579E+00 9.75689972384336940E-02 9.90345783933057298E-03 1.35024368663598543E-01 3.64516174469288901E-04 5.53074048279541056E-03 1.48796620403442303E+00
7.10490428E+00 9.74961168790928340E-02 9.91376873787661560E-03 1.35347574281271504E-01 3.64712216976504527E-04 5.53839927619619726E-03 1.48844952808656683E+00
7.11212316E+00 9.74231487471932250E-02 9.92407705993946995E-03 1.35671933701413783E-01 3.64908501208475273E-04 5.54606352490855190E-03 1.48893253243032464E+00
7.11934110E+00 9.73501064500236352E-02 9.93439121786278238E-03 1.35997405934113830E-01 3.65104444281752981E-04 5.55374153547695017E-03 1.48941529059226552E+00
7.12655861E+00 9.72769843488018593E-02 9.94472962548356709E-03 1.36324032047152044E-01 3.65300292089399694E-04 5.56145100684667191E-03 1.48989786187191742E+00
7.13377624E+00 9.72037765113505786E-02 9.95508154400257667E-03 1.36651853466213835E-01 3.65496375323617277E-04 5.56918056473488729E-03 1.49038042902978374E+00
7.14099454E+00 9.71304768765782062E-02 9.96543787433440235E-03 1.36980911082809964E-01 3.65693197528586854E-04 5.57692038156723784E-03 1.49086317325836859E+00
7.14821408E+00 9.70570793040231999E-02 9.97580335610467189E-03 1.37311248894204624E-01 3.65891936487518850E-04 5.58467431117071113E-03 1.49134628073393261E+00
7.15543544E+00 9.69835774533458761E-02 9.98618027471037152E-03 1.37642910912342764E-01 3.66092219624073530E-04 5.59244367104778407E-03 1.49182994828196747E+00
7.16265920E+00 9.69099648346513631E-02 9.99656226155267759E-03 1.37975941431370985E-01 3.66293148629581906E-04 5.60022105879556635E-03 1.49231437428305425E+00
7.16988597E+00 9.68362349402415029E-02 1.00069843303743581E-02 1.38310382695222028E-01 3.66495320539898437E-04 5.60804033560840555E-03 1.49279975774137807E+00
7.17711636E+00 9.67623809457012762E-02 1.00174185115849048E-02 1.38646279590348559E-01 3.66697958445278359E-04 5.61587249875966123E-03 1.49328630423817721E+00
7.18435099E+00 9.66883960373484813E-02 1.00278308120939005E-02 1.38983675984006905E-01 3.66900241873109785E-04 5.62368234610299139E-03 1.49377421232717800E+00
7.19159051E+00 9.66142735844021661E-02 1.00382226052215286E-02 1.39322614980650961E-01 3.67102226819515111E-04 5.63146971829854744E-03 1.49426369074737120E+00
7.19883554E+00 9.65400069989255372E-02 1.00486030914627034E-02 1.39663141679441050E-01 3.67305022353314737E-04 5.63924209483032332E-03 1.49475497127556989E+00
7.20608677E+00 9.64655895087258575E-02 1.00589751264714283E-02 1.40005305680171777E-01 3.67508830040219126E-04 5.64700055863813152E-03 1.49524829987457419E+00
7.21334485E+00 9.63910141036182777E-02 1.00693375491121388E-02 1.40349155906657447E-01 3.67713826955077042E-04 5.65474216172469520E-03 1.49574391677389129E+00
7.22061048E+00 9.63162736277739517E-02 1.00797137446402233E-02 1.40694741431989540E-01 3.67919396635052627E-04 5.66248841291889203E-03 1.49624204520830872E+00
7.22788434E+00 9.62413606919579473E-02 1.00901159346627346E-02 1.41042113618824266E-01 3.68125761509866412E-04 5.67024969709122983E-03 1.49674290130904408E+00
7.23516715E+00 9.61662676374671344E-02 1.01005353953715349E-02 1.41391319865812382E-01 3.68332271860222400E-04 5.67801547770839955E-03 1.49724669812032518E+00
7.24245964E+00 9.60909867260743011E-02 1.01109477492471560E-02 1.41742411586628064E-01 3.68538496596164541E-04 5.68575943074207339E-03 1.49775364739039407E+00
7.24976254E+00 9.60155103241057822E-02 1.01213365706574725E-02 1.42095440079203439E-01 3.68744153659915851E-04 5.69346291298917628E-03 1.49826396917124782E+00
7.25707303E+00 9.59398676959949265E-02 1.01316933208813829E-02 1.42450287022179212E-01 3.68948911972622655E-04 5.70111628847136398E-03 1.49877789686945606E+00
7.26439104E+00 9.58640599973381996E-02 1.01420351518906413E-02 1.42806963136120429E-01 3.69154130808735815E-04 5.70873447469901450E-03 1.49929541570983083E+00
7.27171622E+00 9.57880910155509829E-02 1.01523949409003163E-02 1.43165465240211814E-01 3.69360800425683688E-04 5.71634820501981580E-03 1.49981669882428714E+00
7.27904928E+00 9.57119534035287128E-02 1.01628162955947621E-02 1.43525840647325598E-01 3.69569892059280595E-04 5.72399868242889388E-03 1.50034188428755311E+00
7.28639093E+00 9.56356391775149556E-02 1.01733171899573496E-02 1.43888138401175592E-01 3.69781181397669362E-04 5.73170173171418454E-03 1.50087116564785883E+00
7.29374191E+00 9.55591399644108858E-02 1.01838951733821733E-02 1.44252406280766493E-01 3.69994016717973314E-04 5.73945287215207357E-03 1.50140471975163337E+00
7.30110296E+00 9.54824471210720255E-02 1.01945773633949303E-02 1.44618693160890710E-01 3.70208998542305120E-04 5.74727718101033808E-03 1.50194272287251795E+00
7.30847486E+00 9.54055515711250829E-02 1.02053216831475713E-02 1.44987047197003727E-01 3.70424905083137400E-04 5.75513057080324214E-03 1.50248535807187489E+00
7.31585838E+00 9.53284441886256273E-02 1.02161815492640556E-02 1.45357516926733377E-01 3.70644213706142894E-04 5.76306420221150625E-03 1.50303281035156200E+00
7.32325433E+00 9.52511152936418026E-02 1.02271564240188264E-02 1.45730156174979392E-01 3.70866686093907297E-04 5.77107537973964996E-03 1.50358527113022333E+00
7.33066352E+00 9.51735548356958394E-02 1.02382692948353223E-02 1.46105016491395567E-01 3.71093025693857272E-04 5.77918500526006153E-03 1.50414291709592862E+00
7.33808679E+00 9.50957523326363408E-02 1.02495206043129346E-02 1.46482150659607041E-01 3.71322992894165046E-04 5.78739151597382206E-03 1.50470590887552436E+00
7.34552498E+00 9.50176969828205320E-02 1.02609239195185116E-02 1.46861615571730053E-01 3.71556711017015167E-04 5.79570644060849877E-03 1.50527439402218088E+00
7.35297898E+00 9.49393777001892314E-02 1.02724686158885935E-02 1.47243468804637845E-01 3.71792963924085103E-04 5.80411704250402907E-03 1.50584851788674889E+00
7.36044237E+00 9.48608601516728045E-02 1.02841232599188825E-02 1.47627391667288221E-01 3.72030435241822157E-04 5.81259277813073183E-03 1.50642843148402084E+00
7.36791587E+00 9.47821353332035932E-02 1.02958841216012464E-02 1.48013423653733295E-01 3.72269704060775985E-04 5.82112778289940128E-03 1.50701372314492610E+00
7.37540031E+00 9.47031931501164381E-02 1.03077454209589813E-02 1.48401613947325650E-01 3.72511380101758023E-04 5.82971395747320688E-03 1.50760453047878418E+00
7.38289656E+00 9.46240234031262561E-02 1.03197015011098087E-02 1.48792011281542208E-01 3.72754693926320528E-04 5.83834312984503247E-03 1.50820099490859927E+00
7.39040546E+00 9.45446158178199630E-02 1.03317819989591376E-02 1.49184666109441838E-01 3.73000452112804293E-04 5.84704221333409626E-03 1.50880325667158344E+00
7.39792792E+00 9.44649597937784330E-02 1.03440482997095486E-02 1.49579624671888595E-01 3.73249651899649527E-04 5.85586978843076044E-03 1.50941145630226981E+00
7.40546484E+00 9.43850441595878720E-02 1.03564885208247883E-02 1.49976946059868638E-01 3.73501200934682834E-04 5.86481147008837723E-03 1.51002572998851914E+00
7.41301713E+00 9.43048575393539146E-02 1.03690730718158305E-02 1.50376685157548456E-01 3.73754015967644212E-04 5.87383518595868508E-03 1.51064619560146918E+00
7.42058573E+00 9.42243886525828689E-02 1.03817769948006729E-02 1.50778897161682190E-01 3.74006562847267732E-04 5.88291324143200289E-03 1.51127297082965528E+00
7.42817158E+00 9.41436263770935727E-02 1.03946006619507793E-02 1.51183637156726502E-01 3.74259389095469653E-04 5.89204297806158756E-03 1.51190618625288065E+00
7.43577566E+00 9.40625595526562580E-02 1.04075691594280560E-02 1.51590961606140912E-01 3.74515005285052196E-04 5.90124626683008642E-03 1.51254598430149034E+00
7.44339789E+00 9.39811878489094921E-02 1.04206959702305164E-02 1.52000871898762796E-01 3.74773264750991920E-04 5.91053389233306414E-03 1.51319250723064824E+00
7.45103217E+00 9.38995753624145002E-02 1.04340061919237226E-02 1.52413043177942187E-01 3.75033647645805785E-04 5.91993138485793872E-03 1.51384579378445916E+00
7.45867951E+00 9.38177103915076305E-02 1.04475242262877868E-02 1.52827522228313306E-01 3.75297000754064097E-04 5.92946024568888255E-03 1.51450535105657202E+00
7.46633376E+00 9.37356573785555897E-02 1.04612822113890943E-02 1.53243976203912086E-01 3.75563636749371148E-04 5.93915384138470840E-03 1.51517127761088877E+00
7.47397692E+00 9.36536076586628047E-02 1.04752682056228480E-02 1.53661416557650865E-01 3.75833388529396648E-04 5.94900867801329003E-03 1.51584301096747809E+00
7.48161037E+00 9.35715448438021874E-02 1.04895300654610484E-02 1.54079894848244914E-01 3.76107336622894689E-04 5.95907124469151252E-03 1.51651887678299646E+00
7.48923232E+00 9.34894866015577863E-02 1.05040505311308676E-02 1.54499288845073829E-01 3.76384180605058693E-04 5.96932500877008811E-03 1.51719887107203277E+00
7.49684077E+00 9.34074525290260332E-02 1.05187841481799924E-02 1.54919467874403999E-01 3.76664131486043540E-04 5.97972573424863235E-03 1.51788269332481374E+00
7.50443713E+00 9.33254262342821800E-02 1.05337404179988159E-02 1.55340487853515563E-01 3.76947187992480992E-04 5.99028178137015876E-03 1.51856999598529763E+00
7.51202276E+00 9.32433918798045158E-02 1.05489332684007009E-02 1.55762397530690405E-01 3.77232516509815247E-04 6.00100581197410537E-03 1.51926075826759455E+00
7.51959900E+00 9.31613339906211674E-02 1.05643958038379587E-02 1.56185247461411547E-01 3.77521082327515484E-04 6.01192970694664104E-03 1.51995495692304194E+00
7.52716711E+00 9.30792371613682473E-02 1.05801341021341342E-02 1.56609086351683136E-01 3.77812888884919819E-04 6.02305862000683014E-03 1.52065256806756333E+00
7.53472836E+00 9.29970864969473371E-02 1.05961959888189582E-02 1.57033965163037331E-01 3.78109660423581661E-04 6.03443942199038096E-03 1.52135355286825802E+00
7.54228394E+00 9.29148673566682903E-02 1.06126123603044933E-02 1.57459929224756157E-01 3.78412966099022621E-04 6.04610213274232432E-03 1.52205787870032649E+00
7.54983501E+00 9.28325652636914911E-02 1.06293471163805692E-02 1.57887020646033355E-01 3.78720486932224284E-04 6.05800991827295902E-03 1.52276549948180717E+00
7.55738273E+00 9.27501662981546904E-02 1.06464412501545060E-02 1.58315280078719867E-01 3.79032955350974829E-04 6.07020289826122085E-03 1.52347634905594576E+00
7.56492767E+00 9.26676620660544514E-02 1.06638841000004422E-02 1.58744719165942294E-01 3.79350457297837054E-04 6.08267035474487506E-03 1.52419037211371555E+00
7.57246593E+00 9.25850933200112608E-02 1.06816719296262946E-02 1.59175083977756537E-01 3.79671509227607284E-04 6.09541162830662311E-03 1.52490745062577759E+00
7.57999869E+00 9.25024450955977406E-02 1.06997884585761701E-02 1.59606419493460050E-01 3.79996072862819902E-04 6.10841038959524917E-03 1.52562703424987700E+00
7.58752708E+00 9.24197029546314636E-02 1.07182128350133670E-02 1.60038762151672120E-01 3.80324097138603503E-04 6.12164564229886361E-03 1.52634904958633499E+00
7.59505221E+00 9.23368529946254624E-02 1.07369388371645821E-02 1.60472151143293246E-01 3.80655470085772534E-04 6.13511087155690308E-03 1.52707342099034227E+00
7.60257516E+00 9.22538817294718538E-02 1.07559674553931242E-02 1.60906617982395000E-01 3.80989856741398942E-04 6.14880674599894116E-03 1.52780007043624488E+00
7.61009696E+00 9.21707759433560148E-02 1.07752476368688406E-02 1.61342195512060138E-01 3.81325066947078861E-04 6.16268204105180177E-03 1.52852891306197036E+00
7.61761861E+00 9.20875231127805532E-02 1.07947802892686927E-02 1.61778910442655161E-01 3.81661361536586358E-04 6.17673724321087924E-03 1.52925985226887762E+00
7.62514108E+00 9.20041110221135744E-02 1.08146016547325721E-02 1.62216793514747243E-01 3.82000058765570984E-04 6.19100815436641680E-03 1.52999279726977799E+00
7.63266533E+00 9.19205274422971036E-02 1.08347163265616990E-02 1.62655866299128427E-01 3.82340432700741179E-04 6.20549920043090512E-03 1.53072764723555110E+00
7.64019043E+00 9.18367808757335757E-02 1.08551178950598882E-02 1.63096042355033805E-01 3.82682350110498989E-04 6.22020530805355524E-03 1.53146428157721304E+00
7.64771499E+00 9.17528854068351135E-02 1.08758100631989648E-02 1.63537206234383559E-01 3.83027135411941457E-04 6.23513210280664688E-03 1.53220239676818504E+00
7.65524000E+00 9.16688283191290920E-02 1.08967980633580628E-02 1.63979381123626394E-01 3.83374611656393848E-04 6.25028520261445598E-03 1.53294163491348967E+00
7.66276609E+00 9.15846005952978132E-02 1.09180936274104884E-02 1.64422568480821346E-01 3.83724436809864159E-04 6.26567720905555660E-03 1.53368185667713530E+00
7.67029406E+00 9.15001915724499154E-02 1.09397045489306021E-02 1.64866775081192685E-01 3.84075627534460754E-04 6.28131698244711618E-03 1.53442287547991452E+00
7.67782480E+00 9.14155888688393120E-02 1.09616520589252940E-02 1.65312018027291230E-01 3.84428973265396037E-04 6.29722703189234019E-03 1.53516449533159838E+00
7.68535920E+00 9.13307801707095857E-02 1.09839199273023460E-02 1.65758312699668897E-01 3.84784268078159112E-04 6.31339275537682373E-03 1.53590652148535445E+00
7.69289812E+00 9.12457535348228099E-02 1.10064874271529958E-02 1.66205674705869721E-01 3.85140374336685363E-04 6.32979511716167276E-03 1.53664874315727040E+00
7.70044189E+00 9.11605030059139954E-02 1.10293344021279160E-02 1.66654079045473080E-01 3.85497530837205788E-04 6.34641591111471861E-03 1.53739094536807941E+00
7.70799041E+00 9.10750280230197551E-02 1.10524744966648148E-02 1.67103491439499513E-01 3.85857994547982735E-04 6.36327107690002301E-03 1.53813288125322045E+00
7.71554221E+00 9.09893431550339027E-02 1.10758915353699021E-02 1.67553789616938759E-01 3.86221654983213676E-04 6.38034814590808432E-03 1.53887426469282484E+00
7.72309820E+00 9.09034361394297913E-02 1.10995589326085518E-02 1.68004988301677205E-01 3.86586841165602031E-04 6.39762242304559633E-03 1.53961465769425021E+00
7.73065925E+00 9.08172951853481042E-02 1.11234490299404812E-02 1.68457098026160323E-01 3.86951378080786312E-04 6.41506811857343786E-03 1.54035383434303186E+00
7.73822620E+00 9.07309090557574111E-02 1.11475547232610106E-02 1.68910127616869021E-01 3.87314899838761214E-04 6.43267995270306505E-03 1.54109155620939298E+00
7.74579967E+00 9.06442692878444839E-02 1.11718966753584347E-02 1.69364070973793551E-01 3.87679426734720083E-04 6.45048067918868161E-03 1.54182758436858736E+00
7.75338013E+00 9.05573689395952341E-02 1.11964727105210611E-02 1.69818911729360894E-01 3.88044325042724331E-04 6.46847064408218389E-03 1.54256165887842744E+00
7.76096836E+00 9.04701970630153313E-02 1.12212828390921542E-02 1.70274650776822883E-01 3.88410507838232732E-04 6.48665223756395449E-03 1.54329349330793164E+00
7.76856291E+00 9.03827688011575175E-02 1.12462845614128976E-02 1.70731158235565394E-01 3.88777422879062369E-04 6.50498750163367497E-03 1.54402282772473209E+00
7.77616257E+00 9.02950965543685563E-02 1.12714701385064758E-02 1.71188316842374982E-01 3.89145190688324318E-04 6.52347312168378643E-03 1.54474916794416073E+00
7.78376828E+00 9.02071682174573897E-02 1.12968388273930135E-02 1.71646138108428298E-01 3.89512894303112962E-04 6.54211104347588758E-03 1.54547204573175279E+00
7.79138093E+00 9.01189720551492796E-02 1.13223598667366310E-02 1.72104626529175631E-01 3.89878815683933236E-04 6.56087335056132741E-03 1.54619119741945199E+00
7.79900140E+00 9.00304860581170041E-02 1.13479916843859593E-02 1.72562090801251289E-01 3.90241760070800887E-04 6.57972334497667049E-03 1.54690634562433305E+00
7.80663057E+00 8.99417066903551027E-02 1.13737299717060272E-02 1.73021900590187960E-01 3.90602730980082926E-04 6.59865817573936260E-03 1.54761705568295116E+00
7.81426878E+00 8.98526314698677719E-02 1.13996047475852236E-02 1.73482353298536340E-01 3.90963097155162093E-04 6.61771079693157169E-03 1.54832311447176152E+00
7.82191549E+00 8.97632668573024733E-02 1.14256329535526082E-02 1.73943369852193885E-01 3.91323770391589180E-04 6.63690255782536671E-03 1.54902420019950537E+00
7.82956849E+00 8.96736377387826883E-02 1.14518054859339951E-02 1.74404769256067405E-01 3.91685312384343126E-04 6.65623074911449956E-03 1.54971990790863479E+00
7.83722870E+00 8.95837324312248745E-02 1.14780880847683339E-02 1.74866551172883911E-01 3.92046221462625535E-04 6.67566504123735457E-03 1.55040966257593138E+00
7.84489703E+00 8.94935391262989821E-02 1.15044430917093186E-02 1.75328720693854523E-01 3.92404710523406555E-04 6.69517176933392445E-03 1.55109312029912361E+00
7.85257439E+00 8.94030465319669981E-02 1.15308659370178569E-02 1.75791278625421182E-01 3.92761144426681324E-04 6.71475042333226444E-03 1.55176990545438365E+00
7.86026165E+00 8.93122436201360254E-02 1.15573536926319546E-02 1.76254220753257973E-01 3.93114798778415825E-04 6.73440235430869307E-03 1.55243963802745477E+00
7.86795968E+00 8.92211196917208071E-02 1.15838954070047306E-02 1.76717548777305278E-01 3.93466478226132173E-04 6.75412109738166965E-03 1.55310193637078675E+00
7.87566757E+00 8.91296846850443414E-02 1.16104402569108048E-02 1.77181152099538469E-01 3.93815417767377763E-04 6.77386208406621001E-03 1.55375642566169692E+00
7.88338506E+00 8.90379414846464295E-02 1.16369876495678176E-02 1.77644967542064547E-01 3.94163336012303539E-04 6.79363044656270277E-03 1.55440257330902676E+00
7.89111010E+00 8.89459141283250737E-02 1.16635225370550853E-02 1.78108823857317772E-01 3.94510635464590171E-04 6.81341859780778842E-03 1.55503995943514917E+00
7.89884366E+00 8.88535910282158004E-02 1.16900116779920030E-02 1.78572722126489614E-01 3.94855695004720712E-04 6.83319829129216180E-03 1.55566807984311906E+00
7.90658667E+00 8.87609612066092707E-02 1.17164716995496136E-02 1.79036664770319903E-01 3.95199500120479367E-04 6.85299115330652905E-03 1.55628664739394940E+00
7.91434005E+00 8.86680138539019252E-02 1.17428367320623669E-02 1.79500650166546011E-01 3.95539207294989803E-04 6.87273658080184667E-03 1.55689526612137885E+00
7.92210470E+00 8.85747389430023985E-02 1.17690770352462896E-02 1.79964691967015505E-01 3.95874051438380517E-04 6.89240998762392573E-03 1.55749341720172407E+00
7.92988148E+00 8.84811267756058228E-02 1.17951517086608837E-02 1.80428783299369067E-01 3.96203784492524301E-04 6.91197576805407596E-03 1.55808061966384881E+00
7.93767091E+00 8.83871722510738422E-02 1.18210427429843983E-02 1.80892902964903957E-01 3.96528778701449780E-04 6.93142144100536081E-03 1.55865651601849797E+00
7.94547214E+00 8.82928870991316894E-02 1.18467603048031129E-02 1.81356949274364049E-01 3.96850744511670816E-04 6.95076383887685469E-03 1.55922082343565593E+00
7.95328529E+00 8.81982710581088319E-02 1.18722575757470167E-02 1.81820876411207893E-01 3.97169767263105431E-04 6.96996227743568088E-03 1.55977321571001371E+00
7.96110856E+00 8.81033472555928093E-02 1.18974917533079556E-02 1.82284530732179678E-01 3.97484340425417813E-04 6.98898170467390951E-03 1.56031342286096586E+00
7.96894187E+00 8.80081188074323256E-02 1.19224417017545527E-02 1.82747850945135293E-01 3.97793390788917303E-04 7.00780715167817914E-03 1.56084094303864851E+00
7.97678614E+00 8.79125765774333573E-02 1.19470870731282243E-02 1.83210838650986446E-01 3.98096097803824790E-04 7.02642357238930388E-03 1.56135531015553330E+00
7.98464229E+00 8.78167118697460169E-02 1.19714083675279935E-02 1.83673497160665639E-01 3.98393333289563190E-04 7.04481676250972005E-03 1.56185600899639310E+00
7.99251121E+00 8.77205162469298361E-02 1.19953924882339608E-02 1.84135827468308116E-01 3.98685837124506672E-04 7.06297906722319971E-03 1.56234250020097365E+00
8.00039378E+00 8.76239814656848415E-02 1.20190361483784851E-02 1.84597828853476809E-01 3.98976092057898085E-04 7.08091289528256507E-03 1.56281448265090939E+00
8.00829084E+00 8.75270991083890865E-02 1.20423001543831024E-02 1.85059502015053085E-01 3.99263192186381137E-04 7.09858527030653771E-03 1.56327194997737640E+00
8.01620324E+00 8.74298612766005595E-02 1.20651687498401286E-02 1.85520845894879827E-01 3.99547738717281940E-04 7.11598651348938939E-03 1.56371495323605436E+00
8.02413179E+00 8.73322602155416766E-02 1.20875880373968736E-02 1.85981862283153193E-01 3.99826838304209893E-04 7.13306892197467565E-03 1.56414326574533868E+00
8.03207566E+00 8.72343093695950311E-02 1.21095113907233407E-02 1.86442447851060344E-01 4.00099039243545810E-04 7.14979280940781191E-03 1.56455621418491142E+00
8.04003517E+00 8.71360081489867960E-02 1.21308903999147767E-02 1.86902570575246840E-01 4.00363677239530015E-04 7.16611542282249124E-03 1.56495311194239006E+00
8.04800988E+00 8.70373668526382566E-02 1.21517395203632767E-02 1.87362151687664236E-01 4.00622271983370017E-04 7.18205676081727900E-03 1.56533358118228461E+00
8.05599899E+00 8.69383991460445371E-02 1.21720197911840394E-02 1.87821104231480657E-01 4.00874472291286765E-04 7.19758410888296854E-03 1.56569723990998044E+00
8.06400287E+00 8.68391040815076620E-02 1.21916980102849265E-02 1.88279383899381869E-01 4.01121995571425102E-04 7.21266992473992147E-03 1.56604380086885442E+00
8.07202124E+00 8.67394890986707412E-02 1.22107921353112117E-02 1.88736935065612454E-01 4.01365839543495369E-04 7.22733764602120736E-03 1.56637314461492738E+00
8.08005496E+00 8.66395477201043207E-02 1.22292828670746458E-02 1.89193773604493576E-01 4.01605955313784325E-04 7.24157307454358773E-03 1.56668534948762250E+00
8.08810485E+00 8.65392740409857142E-02 1.22471604544634270E-02 1.89649890890229961E-01 4.01841518932424379E-04 7.25537130370711245E-03 1.56698041220853246E+00
8.09617173E+00 8.64386626061350583E-02 1.22643607678442606E-02 1.90105284174884703E-01 4.02070802431477687E-04 7.26867277443884151E-03 1.56725785154050867E+00
8.10425636E+00 8.63377086294959128E-02 1.22808218693644128E-02 1.90559950435929631E-01 4.02292027056968756E-04 7.28141977128380063E-03 1.56751715368804878E+00
8.11235955E+00 8.62364082266770526E-02 1.22965145007431689E-02 1.91013882456112366E-01 4.02505968811831807E-04 7.29358666581062486E-03 1.56775810210862399E+00
8.12048203E+00 8.61347581083632685E-02 1.23114480577175486E-02 1.91467075432963846E-01 4.02714722794530805E-04 7.30518598067894914E-03 1.56798082465245070E+00
8.12862455E+00 8.60327551051144057E-02 1.23256329072105181E-02 1.91919535939287067E-01 4.02917881560814939E-04 7.31623107441550877E-03 1.56818537045035034E+00
8.13678783E+00 8.59303960912138343E-02 1.23390748733383723E-02 1.92371256082143643E-01 4.03116122826862797E-04 7.32673071332033080E-03 1.56837136859428528E+00
8.14497259E+00 8.58276779022125735E-02 1.23517674422490131E-02 1.92822228138984475E-01 4.03308541636674702E-04 7.33668130183158084E-03 1.56853864599419790E+00
8.15317951E+00 8.57245969982706191E-02 1.23636570302573297E-02 1.93272446764484102E-01 4.03493454747187274E-04 7.34603238923201441E-03 1.56868766944790594E+00
8.16140893E+00 8.56211550476720928E-02 1.23746855130777208E-02 1.93721883897289227E-01 4.03668577426274423E-04 7.35472863817973523E-03 1.56881871118622174E+00
8.16966000E+00 8.55173694707953846E-02 1.23848608493410152E-02 1.94170449318057270E-01 4.03835364656650428E-04 7.36277996249004151E-03 1.56893117154020101E+00
8.17793341E+00 8.54132387163640955E-02 1.23942170816275302E-02 1.94618131205214012E-01 4.03999174189353146E-04 7.37022141180528143E-03 1.56902462676218790E+00
8.18622984E+00 8.53087607351430133E-02 1.24027592711528876E-02 1.95064921796180263E-01 4.04160401531707385E-04 7.37705921212958565E-03 1.56909979983894710E+00
8.19454629E+00 8.52039794621033131E-02 1.24104268162091528E-02 1.95510619889095377E-01 4.04315022793992965E-04 7.38323437395171749E-03 1.56915742934798375E+00
8.20288423E+00 8.50988835489119994E-02 1.24172124530990882E-02 1.95955257105079439E-01 4.04462620557740412E-04 7.38873956943175356E-03 1.56919693619645750E+00
8.21124758E+00 8.49934303645167172E-02 1.24231015112846385E-02 1.96398998479653780E-01 4.04603518666202884E-04 7.39355989247636458E-03 1.56921776379339950E+00
8.21963373E+00 8.48876597419947615E-02 1.24281330013329035E-02 1.96841656711728957E-01 4.04738931707806040E-04 7.39773470228946659E-03 1.56922081717386175E+00
8.22802583E+00 8.47817906383086378E-02 1.24322663426703669E-02 1.97282326070894520E-01 4.04866824892252198E-04 7.40122422050559781E-03 1.56920735080890350E+00
8.23642117E+00 8.46758646880040877E-02 1.24355279586984124E-02 1.97720825661393651E-01 4.04988826140363536E-04 7.40405270681740880E-03 1.56917692134130338E+00
8.24482334E+00 8.45698439769104610E-02 1.24379487982824756E-02 1.98157305028901110E-01 4.05108085515983073E-04 7.40624859482769647E-03 1.56912892607554055E+00
8.25322880E+00 8.44637802498917623E-02 1.24394679271839070E-02 1.98591563503665969E-01 4.05221440759117506E-04 7.40774873946321855E-03 1.56906444237570741E+00
8.26164281E+00 8.43576148138586446E-02 1.24401144054847763E-02 1.99023830939085655E-01 4.05328098671918231E-04 7.40857891411274543E-03 1.56898523723018690E+00
8.27007090E+00 8.42512853477088847E-02 1.24399317929446366E-02 1.99454360735018960E-01 4.05428308788049324E-04 7.40877995517430412E-03 1.56889088026729784E+00
8.27851055E+00 8.41448297999668887E-02 1.24389970203463169E-02 1.99883007847360156E-01 4.05524593242750431E-04 7.40842668842972649E-03 1.56878055069195632E+00
8.28691711E+00 8.40388162510678771E-02 1.24372860199241028E-02 2.00307532990609161E-01 4.05617692787466706E-04 7.40748857150108891E-03 1.56865522610704899E+00
8.29529624E+00 8.39331790895510299E-02 1.24347334694934596E-02 2.00728168661175321E-01 4.05704449511833576E-04 7.40589496288634238E-03 1.56851763558312829E+00
8.30365578E+00 8.38278258196699100E-02 1.24313628588053199E-02 2.01145327325057133E-01 4.05786863111289573E-04 7.40366414473788304E-03 1.56836778207839544E+00
8.31199836E+00 8.37227297604085097E-02 1.24272033212300109E-02 2.01559126982994580E-01 4.05865737470878030E-04 7.40081975810041436E-03 1.56820497243013901E+00
8.32032956E+00 8.36178264319118597E-02 1.24222502594362495E-02 2.01969838961987946E-01 4.05941393881452189E-04 7.39735242450190178E-03 1.56803002062920749E+00
8.32865663E+00 8.35130302825771997E-02 1.24165047330035295E-02 2.02377814164452413E-01 4.06011862801617274E-04 7.39325914727716887E-03 1.56784493812653225E+00
8.33696946E+00 8.34084741477079533E-02 1.24099822147503980E-02 2.02782557015485976E-01 4.06076441429163357E-04 7.38854776491035866E-03 1.56765000094519458E+00
8.34526889E+00 8.33041531859059353E-02 1.24027201188288329E-02 2.03184091452651733E-01 4.06135907455601507E-04 7.38324957395566570E-03 1.56744474565986058E+00
8.35356118E+00 8.31999947440645038E-02 1.23947339192577652E-02 2.03582711385443760E-01 4.06190383968390190E-04 7.37737530153424227E-03 1.56722956426096971E+00
8.36182459E+00 8.30962772951727019E-02 1.23860642549489981E-02 2.03977403658099660E-01 4.06240067247313173E-04 7.37095355543261957E-03 1.56700617303980216E+00
8.37005671E+00 8.29930357318924561E-02 1.23768256598031385E-02 2.04368033538524702E-01 4.06288696281752399E-04 7.36409133682414119E-03 1.56677625310527091E+00
8.37825798E+00 8.28902681748684006E-02 1.23670264314286356E-02 2.04754640809168054E-01 4.06337222043736367E-04 7.35679094476419070E-03 1.56653953885733177E+00
8.38642884E+00 8.27879712298830589E-02 1.23567268178293929E-02 2.05137263154557409E-01 4.06386736334600289E-04 7.34910719806789771E-03 1.56629616264760840E+00
8.39456981E+00 8.26861402658680966E-02 1.23459227627747345E-02 2.05515940845897999E-01 4.06434011825075429E-04 7.34103109142664970E-03 1.56604729814625099E+00
8.40268142E+00 8.25847710541051244E-02 1.23346127704486077E-02 2.05890712178760149E-01 4.06478911822828444E-04 7.33255584874743360E-03 1.56579419349712357E+00
8.41076428E+00 8.24838592734447873E-02 1.23227918060254196E-02 2.06261619402077379E-01 4.06520955746874171E-04 7.32367093329090290E-03 1.56553678367321192E+00
8.41881674E+00 8.23834283468196094E-02 1.23104475982429087E-02 2.06628598792587964E-01 4.06558189089885249E-04 7.31435736301772315E-03 1.56527491043904288E+00
8.42683923E+00 8.22834762315306500E-02 1.22976352428666221E-02 2.06991692233965852E-01 4.06592413286787225E-04 7.30466381433873130E-03 1.56500914410845993E+00
8.43483242E+00 8.21839977410575573E-02 1.22844459661438105E-02 2.07350938353188990E-01 4.06624236649742081E-04 7.29467547168089446E-03 1.56474062303963768E+00
8.44279697E+00 8.20849863854687944E-02 1.22709391086793570E-02 2.07706380879084357E-01 4.06655328867017781E-04 7.28444639354662929E-03 1.56446990529778662E+00
8.45073167E+00 8.19864584501838189E-02 1.22571051133723262E-02 2.08057996645648280E-01 4.06687827848816223E-04 7.27396186017405071E-03 1.56419690614900575E+00
8.45863611E+00 8.18884192630783825E-02 1.22429440506351545E-02 2.08405811840138983E-01 4.06721836133141427E-04 7.26321751811347550E-03 1.56392176659084514E+00
8.46651083E+00 8.17908628319034547E-02 1.22283845355301915E-02 2.08749832004985814E-01 4.06755067158052304E-04 7.25213754749559885E-03 1.56364496574100742E+00
8.47435640E+00 8.16937837492419661E-02 1.22134543701535973E-02 2.09090119989520429E-01 4.06786380241843618E-04 7.24074439418088273E-03 1.56336716408326604E+00
8.48217343E+00 8.15971763687161761E-02 1.21982019333689417E-02 2.09426716553902881E-01 4.06815925292079163E-04 7.22908090307338661E-03 1.56308848027407765E+00
8.48996256E+00 8.15010344224704336E-02 1.21826747699785472E-02 2.09759654668967427E-01 4.06844766356550603E-04 7.21718940918071334E-03 1.56280865781057243E+00
8.49772448E+00 8.14053505082815848E-02 1.21668863633134176E-02 2.10089003608042446E-01 4.06871841735490446E-04 7.20507874179801382E-03 1.56252788488315875E+00
8.50545989E+00 8.13101167085380355E-02 1.21509994465109177E-02 2.10414787267593106E-01 4.06900178146154916E-04 7.19290709393967300E-03 1.56224670978236069E+00
8.51316957E+00 8.12153239565609891E-02 1.21350559113133100E-02 2.10737077865990885E-01 4.06930055824648894E-04 7.18071246038246794E-03 1.56196555338294374E+00
8.52085429E+00 8.11209624293482007E-02 1.21189952429961306E-02 2.11055926809355449E-01 4.06959792767426119E-04 7.16843099424424157E-03 1.56168441649815026E+00
8.52851489E+00 8.10270221379695982E-02 1.21028385700696940E-02 2.11371395835601189E-01 4.06990283002617737E-04 7.15608061927662346E-03 1.56140308664053440E+00
8.53615220E+00 8.09334923946704726E-02 1.20866241290903589E-02 2.11683536952478407E-01 4.07020045920706002E-04 7.14369677759439745E-03 1.56112151820391465E+00
8.54376648E+00 8.08403698565724887E-02 1.20702521780179442E-02 2.11992367140825200E-01 4.07047910363309050E-04 7.13117729400938091E-03 1.56083993129864584E+00
8.55135635E+00 8.07476710094164885E-02 1.20536593746740396E-02 2.12297858547485147E-01 4.07072841791846103E-04 7.11845525653012536E-03 1.56055858307235984E+00
8.55892277E+00 8.06553847789096695E-02 1.20369144504161914E-02 2.12600068599286263E-01 4.07096720707895131E-04 7.10559616906468808E-03 1.56027773902690114E+00
8.56646675E+00 8.05634996028991440E-02 1.20200242203746099E-02 2.12899057105227468E-01 4.07118296961833962E-04 7.09260358891430822E-03 1.55999768085353696E+00
8.57398930E+00 8.04720034081380653E-02 1.20031138775179656E-02 2.13194895017555786E-01 4.07139897573595248E-04 7.07959954725027093E-03 1.55971849634832438E+00
8.58149150E+00 8.03808829839809669E-02 1.19862846915053198E-02 2.13487634414988886E-01 4.07162170563923312E-04 7.06668302883763349E-03 1.55944004819780391E+00
8.58897445E+00 8.02901240405814176E-02 1.19695791148762536E-02 2.13777347728967865E-01 4.07184052603357159E-04 7.05389501494548161E-03 1.55916205316813516E+00
8.59643928E+00 8.01997114423112362E-02 1.19529769258734965E-02 2.14064094325268017E-01 4.07205919829748341E-04 7.04121447459130512E-03 1.55888422400055426E+00
8.60388716E+00 8.01096291942384187E-02 1.19363849027373167E-02 2.14347941505096395E-01 4.07226192398104237E-04 7.02854794912934587E-03 1.55860635889216192E+00
8.61131927E+00 8.00198613665747543E-02 1.19197610147501014E-02 2.14628961338662411E-01 4.07244504569742344E-04 7.01585291922671508E-03 1.55832849161902254E+00
8.61873686E+00 7.99303923018623713E-02 1.19030517250026096E-02 2.14907219102375258E-01 4.07261085078844322E-04 7.00307485894185403E-03 1.55805093534116712E+00
8.62613555E+00 7.98412747581305343E-02 1.18862874367902660E-02 2.15182594835137214E-01 4.07275933173369272E-04 6.99023957564837845E-03 1.55777452190594623E+00
8.63351378E+00 7.97525278031874507E-02 1.18694510765608788E-02 2.15455030722577295E-01 4.07288016145075302E-04 6.97732676735359717E-03 1.55749932474128161E+00
8.64087257E+00 7.96641393705094236E-02 1.18526111644492449E-02 2.15724595304111616E-01 4.07299115444883706E-04 6.96440337069276910E-03 1.55722495325200327E+00
8.64821295E+00 7.95760965429173212E-02 1.18357397717336679E-02 2.15991347707654102E-01 4.07308167951005477E-04 6.95144047867588075E-03 1.55695091491974247E+00
8.65553598E+00 7.94883865832298198E-02 1.18189287829341145E-02 2.16255365516925507E-01 4.07317739124733616E-04 6.93852889914025293E-03 1.55667685287653268E+00
8.66284124E+00 7.94010136685910362E-02 1.18022193841267851E-02 2.16516646042944183E-01 4.07329015330018995E-04 6.92570859002093493E-03 1.55640268188985886E+00
8.67012868E+00 7.93139773851220392E-02 1.17856526010469784E-02 2.16775220846463501E-01 4.07342902708654833E-04 6.91301997618643232E-03 1.55612853411747509E+00
8.67739951E+00 7.92272618825939218E-02 1.17693367670954566E-02 2.17031158650808714E-01 4.07359782071158797E-04 6.90057171070185792E-03 1.55585470497869505E+00
8.68465496E+00 7.91408502866869784E-02 1.17532731120289936E-02 2.17284533612278591E-01 4.07379924061333613E-04 6.88836620677476391E-03 1.55558191395682988E+00
8.69189629E+00 7.90547247177063039E-02 1.17373265301237064E-02 2.17535399621554798E-01 4.07398246156574458E-04 6.87627038559464939E-03 1.55531028453100140E+00
8.69912477E+00 7.89688677001242761E-02 1.17214907108454409E-02 2.17783840566952491E-01 4.07414644792869637E-04 6.86427960998554909E-03 1.55503904634129930E+00
8.70634170E+00 7.88832614102997348E-02 1.17057385071946407E-02 2.18029947871958119E-01 4.07429068919878598E-04 6.85236844523365220E-03 1.55476763143257557E+00
8.71354839E+00 7.87978883070837161E-02 1.16900060798803586E-02 2.18273775058389824E-01 4.07439893125009658E-04 6.84047449207468832E-03 1.55449563644359556E+00
8.72074621E+00 7.87127318569554729E-02 1.16742361197330786E-02 2.18515394242513955E-01 4.07445548952305961E-04 6.82854117537700419E-03 1.55422288608853632E+00
8.72793651E+00 7.86277761579244616E-02 1.16584343677006343E-02 2.18754873652279247E-01 4.07447733201644544E-04 6.81657445571820508E-03 1.55394941307004353E+00
8.73512071E+00 7.85430051208137886E-02 1.16426830610391555E-02 2.18992284147234401E-01 4.07451295622301567E-04 6.80465683189602957E-03 1.55367541795246900E+00
8.74229677E+00 7.84584419489019746E-02 1.16269911269157970E-02 2.19227585508201706E-01 4.07457092489210693E-04 6.79279641347633068E-03 1.55340132123717245E+00
8.74945845E+00 7.83741678130033537E-02 1.16113275562348042E-02 2.19461977724924345E-01 4.07463314256370924E-04 6.78095669400116587E-03 1.55312740524648984E+00
8.75660695E+00 7.82901621308716433E-02 1.15956704081032654E-02 2.19692750318379537E-01 4.07470503986904944E-04 6.76911783142809028E-03 1.55285366284892179E+00
8.76374349E+00 7.82064087323702251E-02 1.15799884019532392E-02 2.19921417563632177E-01 4.07477289582013535E-04 6.75724937228093861E-03 1.55257935171120098E+00
8.77086927E+00 7.81228932694450345E-02 1.15642219278612752E-02 2.20147984506887190E-01 4.07481728511006685E-04 6.74529202692987755E-03 1.55230406507732921E+00
8.77798553E+00 7.80396022494864172E-02 1.15482901219856465E-02 2.20372547913257916E-01 4.07481110802414834E-04 6.73316492475552197E-03 1.55202767320234414E+00
8.78509277E+00 7.79565315633824613E-02 1.15321847421690302E-02 2.20595146715540064E-01 4.07474451359171889E-04 6.72085896171769736E-03 1.55175031197440849E+00
8.79219117E+00 7.78736814846673481E-02 1.15160236389127337E-02 2.20815816594058245E-01 4.07465348447532088E-04 6.70849074593824705E-03 1.55147233444008981E+00
8.79928207E+00 7.77910351098321101E-02 1.14999096131860219E-02 2.21034623400253788E-01 4.07455208571012167E-04 6.69616461895763439E-03 1.55119420154542098E+00
8.80636684E+00 7.77085756977691361E-02 1.14841258397647139E-02 2.21251653519263985E-01 4.07447517607990503E-04 6.68416542621596155E-03 1.55091607054491587E+00
8.81344686E+00 7.76262837979886378E-02 1.14688984366856945E-02 2.21466953881451212E-01 4.07445619628373336E-04 6.67272290728116758E-03 1.55063773421457474E+00
8.82052351E+00 7.75441365972102253E-02 1.14539910760352807E-02 2.21680613813066640E-01 4.07447596070125513E-04 6.66160652138476309E-03 1.55035865887413404E+00
8.82759818E+00 7.74621132213235281E-02 1.14393498592615002E-02 2.21892750790890991E-01 4.07454941922787400E-04 6.65076669154376909E-03 1.55007829561741084E+00
8.83467228E+00 7.73801940382291414E-02 1.14248089170500104E-02 2.22103349002514050E-01 4.07463597613012731E-04 6.64004119060178279E-03 1.54979631380797112E+00
8.84174721E+00 7.72983612086408922E-02 1.14101844905292217E-02 2.22312531612179259E-01 4.07469244058380965E-04 6.62924879517054911E-03 1.54951258884770482E+00
8.84882107E+00 7.72166369694228388E-02 1.13954079091817071E-02 2.22520270621150790E-01 4.07471412696352423E-04 6.61832031776331611E-03 1.54922720092560473E+00
8.85588601E+00 7.71351125693364587E-02 1.13804326171310331E-02 2.22726357143799875E-01 4.07470021017456059E-04 6.60720478426375137E-03 1.54894046752521142E+00
8.86294333E+00 7.70537746879542546E-02 1.13652040684510715E-02 2.22930835688072454E-01 4.07465406068569370E-04 6.59584768559295931E-03 1.54865285160493982E+00
8.86999432E+00 7.69726102250255506E-02 1.13496022603714955E-02 2.23133795131451373E-01 4.07454843698672469E-04 6.58412892515637151E-03 1.54836420704706001E+00
8.87704028E+00 7.68916069861916712E-02 1.13335796921880949E-02 2.23335306870854400E-01 4.07437601333052602E-04 6.57200026102287751E-03 1.54807417924701940E+00
8.88408251E+00 7.68107534847701917E-02 1.13172250260643106E-02 2.23535425209611588E-01 4.07417898430520388E-04 6.55954903970127224E-03 1.54778249041840632E+00
8.89112233E+00 7.67300376767066639E-02 1.13006868614539627E-02 2.23734217038644129E-01 4.07400897841746895E-04 6.54692266037556862E-03 1.54748911142948664E+00
8.89816104E+00 7.66494462266855137E-02 1.12840373973010777E-02 2.23931750035320259E-01 4.07386725630775985E-04 6.53419276982806271E-03 1.54719425657879661E+00
8.90519998E+00 7.65689650924052390E-02 1.12674179910178893E-02 2.24128098343701537E-01 4.07375500794564368E-04 6.52150071893785668E-03 1.54689830242143667E+00
8.91224046E+00 7.64885790348762140E-02 1.12510226382580916E-02 2.24323323296219956E-01 4.07367718209586047E-04 6.50904153471548643E-03 1.54660168987686508E+00
8.91928382E+00 7.64082708721828402E-02 1.12348973760576891E-02 2.24517485776357301E-01 4.07361696787633904E-04 6.49686394592469997E-03 1.54630473541386326E+00
8.92633139E+00 7.63280226208231521E-02 1.12192054905476402E-02 2.24710660878201574E-01 4.07356674908629466E-04 6.48513479805609867E-03 1.54600739064239878E+00
8.93338449E+00 7.62478139619930939E-02 1.12034935586593620E-02 2.24902903725840431E-01 4.07348875692405067E-04 6.47340646799958192E-03 1.54570925603717302E+00
8.94044443E+00 7.61676285797765057E-02 1.11877236470698735E-02 2.25094269852334661E-01 4.07337827845525278E-04 6.46164384152245110E-03 1.54540973583077834E+00
8.94751254E+00 7.60874512471366449E-02 1.11718690241744741E-02 2.25284830477455844E-01 4.07324222290470568E-04 6.44982221798778756E-03 1.54510840232197677E+00
8.95458439E+00 7.60073319695835498E-02 1.11557940553075850E-02 2.25474502909521868E-01 4.07309557320441708E-04 6.43780446380941111E-03 1.54480507346677309E+00
8.96165315E+00 7.59273488785112277E-02 1.11394478241908165E-02 2.25663126306860529E-01 4.07294992020377838E-04 6.42553530910497557E-03 1.54450002117161533E+00
8.96872017E+00 7.58474883969254277E-02 1.11228299782154972E-02 2.25850746634575106E-01 4.07280615680355321E-04 6.41301357866459407E-03 1.54419374896200967E+00
8.97578682E+00 7.57677373736486137E-02 1.11059127735401060E-02 2.26037451670672601E-01 4.07265828142007523E-04 6.40021041721955657E-03 1.54388641618593403E+00
8.98285442E+00 7.56880832331300463E-02 1.10888620046636546E-02 2.26223301188742759E-01 4.07251953845512850E-04 6.38729025892945373E-03 1.54357809589563377E+00
8.98992434E+00 7.56085125223104337E-02 1.10717444397965496E-02 2.26408386215715435E-01 4.07237225047308389E-04 6.37431929443461279E-03 1.54326876970974691E+00
8.99699791E+00 7.55290024747307526E-02 1.10545694748129565E-02 2.26591606072847840E-01 4.07221132698014127E-04 6.36130993117390263E-03 1.54295834902003737E+00
9.00407646E+00 7.54495442259693061E-02 1.10371398685997889E-02 2.26775291487754521E-01 4.07202286055751090E-04 6.34806379897901417E-03 1.54264644204046353E+00
9.01116132E+00 7.53701270836682480E-02 1.10198022644828510E-02 2.26958250521828192E-01 4.07181391171235326E-04 6.33492604746356287E-03 1.54233328107160306E+00
9.01825383E+00 7.52907357444979886E-02 1.10022077681377946E-02 2.27140761992156909E-01 4.07157591069939742E-04 6.32154977451043244E-03 1.54201919336165161E+00
9.02535530E+00 7.52113570453575159E-02 1.09844243699614222E-02 2.27322637086358387E-01 4.07133107773880701E-04 6.30800284947527403E-03 1.54170455524566763E+00
9.03246702E+00 7.51319778986509756E-02 1.09667786441726596E-02 2.27504176482028558E-01 4.07110188537559883E-04 6.29461140429430320E-03 1.54138964799711675E+00
9.03959030E+00 7.50525821956651989E-02 1.09488830168816709E-02 2.27685265416545185E-01 4.07085969831635420E-04 6.28099030148110936E-03 1.54107428215126308E+00
9.04672641E+00 7.49731570361181626E-02 1.09307243209799086E-02 2.27865978892910048E-01 4.07060430846545014E-04 6.26712608659195890E-03 1.54075798096452488E+00
9.05387663E+00 7.48936909250152577E-02 1.09126021362104947E-02 2.28046469728986262E-01 4.07036447056463406E-04 6.25331688557074789E-03 1.54044048500407937E+00
9.06103618E+00 7.48142373235618358E-02 1.08945219838018931E-02 2.28226603985068194E-01 4.07012518799437166E-04 6.23956483231906129E-03 1.54012163420325887E+00
9.06819867E+00 7.47348672531176483E-02 1.08763046760544709E-02 2.28406174763396114E-01 4.06985944173888169E-04 6.22568670729134205E-03 1.53980149875602579E+00
9.07536538E+00 7.46555674157529797E-02 1.08579908639918968E-02 2.28585231630360125E-01 4.06956130060736200E-04 6.21172268230650842E-03 1.53948030062214802E+00
9.08253759E+00 7.45763244607980519E-02 1.08395283899947858E-02 2.28763913020166743E-01 4.06922920525570908E-04 6.19762017734067430E-03 1.53915802591484563E+00
9.08971658E+00 7.44971252798150574E-02 1.08209093769328860E-02 2.28942175604770926E-01 4.06887677345950198E-04 6.18337070322219108E-03 1.53883466877494235E+00
9.09690362E+00 7.44179568731184321E-02 1.08021002921993691E-02 2.29120126337164387E-01 4.06851065704883874E-04 6.16894006096095019E-03 1.53851019075678530E+00
9.10409995E+00 7.43388068919509509E-02 1.07832202743932144E-02 2.29297814129374611E-01 4.06814388835703895E-04 6.15444604681484111E-03 1.53818451236276377E+00
9.11130682E+00 7.42596624546868339E-02 1.07643265583601787E-02 2.29475275449490534E-01 4.06779115637302864E-04 6.13994512736659899E-03 1.53785755398877688E+00
9.11852548E+00 7.41805102382645937E-02 1.07453136830388003E-02 2.29652520737902266E-01 4.06742007941412694E-04 6.12533159008949325E-03 1.53752923060420033E+00
9.12575716E+00 7.41013380244900377E-02 1.07262512979157537E-02 2.29829661979628036E-01 4.06702724086442820E-04 6.11067379255860778E-03 1.53719947500201259E+00
9.13300309E+00 7.40221336303577282E-02 1.07072778507807890E-02 2.30006709408171001E-01 4.06662341358772104E-04 6.09610893372275996E-03 1.53686832285931385E+00
9.14026451E+00 7.39428838654685033E-02 1.06883736571462308E-02 2.30183697623218275E-01 4.06621475234246455E-04 6.08161724923168921E-03 1.53653586666144770E+00
9.14754262E+00 7.38635754454213811E-02 1.06693995876692652E-02 2.30360659118215849E-01 4.06578728267949902E-04 6.06705968076533264E-03 1.53620216429034318E+00
9.15483865E+00 7.37841961134662327E-02 1.06503440419740154E-02 2.30537628969698899E-01 4.06534995180264538E-04 6.05242369377996265E-03 1.53586720107872021E+00
9.16215379E+00 7.37047340121408795E-02 1.06312582370157657E-02 2.30714689140143148E-01 4.06491052965799100E-04 6.03775914927588524E-03 1.53553088165595852E+00
9.16948924E+00 7.36251770829863261E-02 1.06121015737361112E-02 2.30891856863347456E-01 4.06446015627429233E-04 6.02302425767192035E-03 1.53519301025200572E+00
9.17684478E+00 7.35455288840497906E-02 1.05929741458864381E-02 2.31069125334512515E-01 4.06400640923241141E-04 6.00831662641849919E-03 1.53485334041936117E+00
9.18420889E+00 7.34659141042445091E-02 1.05738570682379542E-02 2.31246262645428635E-01 4.06353569548786474E-04 5.99360881463092011E-03 1.53451176960987223E+00
9.19158282E+00 7.33863199060508092E-02 1.05547607500140108E-02 2.31423274713938421E-01 4.06303594438666099E-04 5.97890996754036740E-03 1.53416884906672246E+00
9.19896777E+00 7.33067337956008896E-02 1.05357618498408846E-02 2.31600213255581028E-01 4.06251191362093486E-04 5.96429521279022087E-03 1.53382471360262751E+00
9.20636495E+00 7.32271429112920091E-02 1.05168536160239225E-02 2.31777092798111206E-01 4.06197635457668162E-04 5.94975671396159086E-03 1.53347964724604213E+00
9.21377559E+00 7.31475343948251727E-02 1.04979845075131219E-02 2.31953943556759384E-01 4.06142322051411759E-04 5.93524180995896357E-03 1.53313391637432073E+00
9.22120088E+00 7.30678958898997866E-02 1.04791876164872927E-02 2.32130806874056100E-01 4.06086324840038441E-04 5.92078191317163289E-03 1.53278749091789313E+00
9.22864202E+00 7.29882150710731287E-02 1.04604770698689536E-02 2.32307718689337556E-01 4.06030229080493006E-04 5.90638946898700695E-03 1.53244018731543075E+00
9.23610021E+00 7.29084795327774177E-02 1.04418384676790554E-02 2.32484702530281362E-01 4.05973092144916166E-04 5.89204851318530457E-03 1.53209181866421740E+00
9.24357662E+00 7.28286770772634678E-02 1.04232531259803030E-02 2.32661789276109171E-01 4.05912853187166288E-04 5.87773866521358775E-03 1.53174222609415644E+00
9.25107244E+00 7.27487959351674623E-02 1.04047473681925847E-02 2.32839002504487552E-01 4.05849407825542065E-04 5.86348429157625400E-03 1.53139133313476616E+00
9.25858883E+00 7.26688244346472834E-02 1.03863692636556836E-02 2.33016377385883877E-01 4.05783813677974988E-04 5.84933161674270133E-03 1.53103917665450462E+00
9.26612692E+00 7.25887507506916829E-02 1.03681326733615648E-02 2.33193936520936229E-01 4.05716296722139999E-04 5.83529301896591919E-03 1.53068585441772620E+00
9.27368786E+00 7.25085631019382892E-02 1.03500481803166892E-02 2.33371689001495436E-01 4.05647996370404505E-04 5.82137764991319442E-03 1.53033143687377104E+00
9.28127276E+00 7.24282498593085133E-02 1.03321442511449743E-02 2.33549644533969397E-01 4.05579401883415693E-04 5.80761240861778476E-03 1.52997592395574822E+00
9.28888226E+00 7.23478040326262922E-02 1.03144417264284475E-02 2.33727813588848171E-01 4.05510990693498143E-04 5.79401637870354241E-03 1.52961925739381277E+00
9.29651543E+00 7.22672354913638654E-02 1.02969251660201631E-02 2.33906167308740809E-01 4.05441440811054362E-04 5.78057164259451056E-03 1.52926138944562617E+00
9.30417328E+00 7.21865332331954324E-02 1.02795907399660519E-02 2.34084710066262747E-01 4.05370102112507580E-04 5.76727286157681027E-03 1.52890238269185974E+00
9.31185684E+00 7.21056865092887800E-02 1.02624807940394185E-02 2.34263456008882515E-01 4.05297948946456942E-04 5.75416080619407105E-03 1.52854227513355445E+00
9.31956133E+00 7.20247449001012313E-02 1.02456374500633305E-02 2.34442300217415356E-01 4.05225574397882066E-04 5.74127340375574051E-03 1.52818115408659039E+00
9.32728218E+00 7.19437556215636043E-02 1.02290504797632621E-02 2.34621118584364852E-01 4.05152960520205460E-04 5.72859670385745048E-03 1.52781936317484468E+00
9.33502052E+00 7.18627058489761106E-02 1.02127370548090145E-02 2.34799908318299722E-01 4.05080596394075446E-04 5.71614692880985723E-03 1.52745717400699799E+00
9.34277746E+00 7.17815828517797822E-02 1.01967212117929345E-02 2.34978691036411280E-01 4.05008688634481086E-04 5.70394721133254696E-03 1.52709451921965678E+00
9.35055412E+00 7.17003738672279956E-02 1.01810210032765476E-02 2.35157471515485605E-01 4.04936333749429949E-04 5.69201490754809615E-03 1.52673128580757744E+00
9.35835160E+00 7.16190662082497459E-02 1.01656151805788533E-02 2.35336255076290995E-01 4.04862887184462316E-04 5.68032824893700307E-03 1.52636738289217155E+00
9.36617097E+00 7.15376475783338212E-02 1.01504859348947128E-02 2.35515052801549246E-01 4.04788132726539829E-04 5.66886880387421424E-03 1.52600281230078605E+00
9.37401329E+00 7.14561060262920017E-02 1.01356364907312178E-02 2.35693873908823015E-01 4.04712951118657842E-04 5.65763901890410561E-03 1.52563769573492469E+00
9.38187963E+00 7.13744297422971574E-02 1.01210636300102363E-02 2.35872709904285854E-01 4.04636539059451854E-04 5.64663488682172390E-03 1.52527220732462476E+00
9.38977103E+00 7.12926070665246825E-02 1.01068131456697307E-02 2.36051568960278763E-01 4.04559897186555382E-04 5.63590143485759136E-03 1.52490644105014517E+00
9.39768850E+00 7.12106260940661290E-02 1.00928782781070907E-02 2.36230457108859981E-01 4.04483667757852292E-04 5.62543154750941125E-03 1.52454039122560880E+00
9.40563307E+00 7.11284750463160587E-02 1.00792882064177792E-02 2.36409361804179846E-01 4.04407725051331873E-04 5.61525407439434753E-03 1.52417398352778832E+00
9.41360535E+00 7.10461461197496869E-02 1.00660315881166799E-02 2.36588269423248870E-01 4.04331688356010012E-04 5.60535726951741798E-03 1.52380712566356147E+00
9.42160323E+00 7.09636599189022999E-02 1.00531237667897799E-02 2.36767108703530710E-01 4.04255771907496646E-04 5.59575487672785751E-03 1.52343977292040300E+00
9.42962765E+00 7.08810053120719624E-02 1.00405647758734576E-02 2.36945865498428804E-01 4.04180496958253001E-04 5.58644672413525448E-03 1.52307206601654110E+00
9.43767954E+00 7.07981711840121458E-02 1.00283269692734919E-02 2.37124545072471632E-01 4.04105708620031503E-04 5.57740511495350907E-03 1.52270406112723133E+00
9.44575983E+00 7.07151467515964999E-02 1.00164440253908572E-02 2.37303116911058709E-01 4.04031799741769615E-04 5.56866358661846448E-03 1.52233585109218472E+00
9.45386942E+00 7.06319211106475331E-02 1.00048507823591367E-02 2.37481584220684272E-01 4.03956822213799561E-04 5.56015720437845213E-03 1.52196755255904703E+00
9.46200923E+00 7.05484838333981235E-02 9.99355531080014028E-03 2.37659931328496110E-01 4.03882177434316311E-04 5.55189403922077759E-03 1.52159925874526580E+00
9.47018014E+00 7.04648246558167157E-02 9.98257611303131169E-03 2.37838132617263692E-01 4.03808457937569233E-04 5.54389256467717299E-03 1.52123100948103662E+00
9.47838304E+00 7.03809332994899395E-02 9.97192424703266349E-03 2.38016167165254228E-01 4.03735326716389521E-04 5.53616388749754874E-03 1.52086276773357576E+00
9.48661882E+00 7.02967993812038394E-02 9.96166442449143361E-03 2.38194018309840272E-01 4.03664097940714867E-04 5.52877285095890441E-03 1.52049450966888267E+00
9.49488832E+00 7.02124121340160501E-02 9.95183843941352224E-03 2.38371659836987132E-01 4.03596843187503695E-04 5.52176175607157170E-03 1.52012626554754071E+00
9.50318752E+00 7.01278100340881894E-02 9.94243061880535628E-03 2.38548988564768666E-01 4.03532138541737610E-04 5.51511437436650979E-03 1.51975806326494767E+00
9.51151318E+00 7.00430235783631033E-02 9.93342439631928267E-03 2.38725891173478089E-01 4.03469671356696143E-04 5.50881421279849921E-03 1.51939007401720172E+00
9.51986629E+00 6.99580400073862574E-02 9.92477013402445069E-03 2.38902332416006141E-01 4.03409024579656913E-04 5.50281318632054022E-03 1.51902239788479787E+00
9.52824782E+00 6.98728470830229931E-02 9.91642859162121873E-03 2.39078298137242323E-01 4.03349456873393017E-04 5.49707328602047542E-03 1.51865495517776483E+00
9.53665877E+00 6.97874330782256025E-02 9.90840268685572872E-03 2.39253771002029630E-01 4.03291039327716117E-04 5.49159831682906156E-03 1.51828771135452856E+00
9.54510009E+00 6.97017864810737103E-02 9.90068296037942622E-03 2.39428724149952393E-01 4.03233562471141027E-04 5.48637964466679000E-03 1.51792068662269131E+00
9.55357274E+00 6.96158958826346291E-02 9.89334288837621229E-03 2.39603138702643881E-01 4.03178941218289364E-04 5.48149165281424343E-03 1.51755394645473274E+00
9.56207768E+00 6.95297493135811073E-02 9.88640123880054830E-03 2.39776997842154033E-01 4.03128376668306077E-04 5.47695456214684732E-03 1.51718757486283295E+00
9.57061286E+00 6.94433647086060285E-02 9.87976487233244334E-03 2.39950224068749218E-01 4.03078383899603207E-04 5.47267635602255876E-03 1.51682161101126423E+00
9.57917777E+00 6.93567450134248420E-02 9.87343025240963908E-03 2.40122753643781606E-01 4.03029648592836509E-04 5.46865479290853211E-03 1.51645611396591429E+00
9.58777332E+00 6.92698792942324643E-02 9.86736933640530202E-03 2.40294562576066656E-01 4.02982883424736656E-04 5.46486334482605522E-03 1.51609102489861325E+00
9.59640038E+00 6.91827568836208967E-02 9.86159238336240147E-03 2.40465638652767849E-01 4.02939020655282009E-04 5.46131366279362269E-03 1.51572622933371792E+00
9.60505986E+00 6.90953670986564489E-02 9.85607514397027554E-03 2.40635938701233898E-01 4.02896588482610325E-04 5.45798291252896570E-03 1.51536164353716529E+00
9.61375262E+00 6.90076994482650002E-02 9.85088788480907758E-03 2.40805443024670357E-01 4.02856743798624302E-04 5.45494270225286779E-03 1.51499722921027868E+00
9.62247955E+00 6.89197429870602868E-02 9.84609078162831941E-03 2.40974107463018783E-01 4.02821785682791109E-04 5.45225502874939309E-03 1.51463298999114704E+00
9.63124152E+00 6.88314861062770816E-02 9.84160826931988579E-03 2.41141917377745929E-01 4.02790243736042780E-04 5.44984689910528106E-03 1.51426891976099953E+00
9.64003939E+00 6.87429176230777150E-02 9.83740646155825335E-03 2.41308846979328889E-01 4.02760105755049953E-04 5.44768694649611085E-03 1.51390495136120884E+00
9.64887402E+00 6.86540268318951985E-02 9.83347774448548907E-03 2.41474855905256913E-01 4.02731515569224171E-04 5.44576990489504566E-03 1.51354097972880375E+00
9.65774628E+00 6.85648032289765397E-02 9.82977845699847114E-03 2.41639915380318954E-01 4.02705397014149476E-04 5.44405439425980821E-03 1.51317690137916383E+00
9.66665703E+00 6.84752365900804516E-02 9.82631313380640491E-03 2.41804003226669673E-01 4.02681893254115643E-04 5.44254708667615654E-03 1.51281262407409245E+00
9.67560712E+00 6.83853166683393715E-02 9.82307481135067349E-03 2.41967064771913959E-01 4.02661486059998686E-04 5.44124313148923455E-03 1.51244805480892208E+00
9.68459741E+00 6.82950331883908079E-02 9.82005924309694959E-03 2.42129096672480032E-01 4.02643887238149595E-04 5.44014045719505481E-03 1.51208311410414420E+00
9.69362875E+00 6.82043758798390881E-02 9.81722920511684735E-03 2.42290047205977549E-01 4.02629178329850287E-04 5.43920412065384152E-03 1.51171772008078764E+00
9.70270198E+00 6.81133347531020505E-02 9.81457349857338401E-03 2.42449904546670453E-01 4.02617401832285624E-04 5.43842505583656127E-03 1.51135178313330876E+00
9.71181796E+00 6.80218999346600822E-02 9.81210632188382441E-03 2.42608615601291044E-01 4.02608885169711717E-04 5.43781946716216137E-03 1.51098521561242705E+00
9.72097754E+00 6.79300614556550969E-02 9.80980734555505704E-03 2.42766148672134086E-01 4.02603459845889253E-04 5.43736913768888292E-03 1.51061794391118376E+00
9.73018157E+00 6.78378094201357723E-02 9.80761392575012388E-03 2.42922473957607715E-01 4.02598952455495112E-04 5.43701361516123801E-03 1.51024988637936208E+00
9.73942664E+00 6.77451769768115386E-02 9.80552526592847612E-03 2.43077500748592884E-01 4.02595704086151582E-04 5.43675298070691020E-03 1.50988093470248730E+00
9.74871305E+00 6.76521604627957629E-02 9.80353302195160169E-03 2.43231173210968099E-01 4.02593922739606484E-04 5.43658024843758289E-03 1.50951116000165197E+00
9.75804160E+00 6.75587512317491756E-02 9.80162702357592619E-03 2.43383462004678836E-01 4.02593899208891401E-04 5.43648689142963316E-03 1.50914050045816883E+00
9.76741309E+00 6.74649407924179378E-02 9.79975557510855133E-03 2.43534342737320386E-01 4.02594910612604732E-04 5.43642291751861382E-03 1.50876889162037298E+00
9.77682830E+00 6.73707211375433046E-02 9.79788612721093667E-03 2.43683804948897215E-01 4.02595268931799088E-04 5.43635717196455301E-03 1.50839629249292773E+00
9.78628802E+00 6.72760846874672358E-02 9.79605021180694063E-03 2.43831799295322726E-01 4.02596567811489307E-04 5.43632231815320641E-03 1.50802267530329503E+00
9.79579303E+00 6.71810236986959686E-02 9.79426281589932529E-03 2.43978313747802905E-01 4.02599945770428891E-04 5.43633478302374060E-03 1.50764801040837337E+00
9.80534414E+00 6.70855301010707394E-02 9.79249375272829396E-03 2.44123325789479373E-01 4.02603534958522705E-04 5.43636635131050129E-03 1.50727222241495173E+00
9.81494212E+00 6.69895959818027492E-02 9.79074041035709643E-03 2.44266824462472637E-01 4.02607671602396339E-04 5.43641643991245663E-03 1.50689518581477433E+00
9.82458775E+00 6.68932135913081205E-02 9.78901144262185781E-03 2.44408766618059492E-01 4.02614469120748681E-04 5.43649569811922081E-03 1.50651678464673511E+00
9.83425151E+00 6.67966773648023815E-02 9.78727852085739015E-03 2.44548759987852776E-01 4.02623972835109518E-04 5.43657242703267807E-03 1.50613692901570650E+00
9.84391634E+00 6.67001569745303141E-02 9.78546356300140883E-03 2.44686505571550417E-01 4.02632319754062953E-04 5.43656758135628842E-03 1.50575669775062160E+00
9.85358304E+00 6.66036447425279871E-02 9.78356232083103620E-03 2.44822007648447804E-01 4.02638974868838788E-04 5.43647857628042769E-03 1.50537666727758279E+00
9.86325238E+00 6.65071336794130219E-02 9.78160322110053354E-03 2.44955300019981170E-01 4.02644135999659304E-04 5.43633527396388764E-03 1.50499677028904966E+00
9.87292512E+00 6.64106171081275537E-02 9.77959271941777029E-03 2.45086409082861556E-01 4.02649114594275787E-04 5.43614571038478905E-03 1.50461696377280107E+00
9.88260200E+00 6.63140884421926230E-02 9.77750126126214654E-03 2.45215361448068075E-01 4.02653039642880011E-04 5.43588213267751953E-03 1.50423717504725207E+00
9.89228376E+00 6.62175413327893703E-02 9.77532943475934585E-03 2.45342168508857539E-01 4.02657344982042232E-04 5.43554693093865633E-03 1.50385725672584303E+00
9.90197016E+00 6.61209786446057962E-02 9.77310556473994126E-03 2.45466840571188061E-01 4.02661238010736621E-04 5.43517020158690300E-03 1.50347703049936432E+00
9.91164959E+00 6.60245165214615876E-02 9.77081755877826433E-03 2.45589279032493252E-01 4.02665903313350465E-04 5.43474005791793995E-03 1.50309633015219268E+00
9.92130991E+00 6.59282759768703153E-02 9.76842033861676992E-03 2.45709393219890881E-01 4.02669909097485039E-04 5.43421158833495756E-03 1.50271540567609940E+00
9.93095226E+00 6.58322462816747916E-02 9.76591149074041050E-03 2.45827167293266619E-01 4.02672988757435380E-04 5.43358442170061105E-03 1.50233453141484041E+00
9.94057774E+00 6.57364173659115009E-02 9.76332985671733017E-03 2.45942688488874239E-01 4.02675947026579514E-04 5.43289904854857026E-03 1.50195351048372938E+00
9.95018743E+00 6.56407793458674144E-02 9.76065955752291638E-03 2.46056030235442480E-01 4.02678867755402754E-04 5.43214135866253948E-03 1.50157215814185552E+00
9.95978236E+00 6.55453227710289660E-02 9.75782156431339621E-03 2.46167224456243283E-01 4.02680182581409722E-04 5.43123424692255712E-03 1.50119027482343870E+00
9.96936356E+00 6.54500390931817694E-02 9.75482956675953645E-03 2.46276295479656626E-01 4.02680200142364799E-04 5.43019279118693837E-03 1.50080765590443543E+00
9.97893200E+00 6.53549200454292128E-02 9.75168997851841995E-03 2.46383338702467009E-01 4.02677479003230141E-04 5.42902488473873557E-03 1.50042411096973360E+00
9.98848864E+00 6.52599575339374294E-02 9.74840886234223415E-03 2.46488372751712315E-01 4.02673600462081626E-04 5.42773840483053768E-03 1.50003942737296825E+00
9.99803443E+00 6.51651435892384723E-02 9.74496895084002272E-03 2.46591447604468050E-01 4.02668550704255758E-04 5.42631820825763538E-03 1.49965337259008913E+00
1.00075703E+01 6.50704705099601627E-02 9.74134028358940827E-03 2.46692665333928474E-01 4.02661678052440813E-04 5.42473637525361409E-03 1.49926568193892051E+00
1.00170970E+01 6.49759311570907161E-02 9.73750453055022107E-03 2.46792054206068340E-01 4.02652078428009780E-04 5.42297616335064847E-03 1.49887607445460214E+00
1.00266155E+01 6.48815186846443820E-02 9.73348105415862246E-03 2.46889663062319770E-01 4.02640162632907420E-04 5.42105851389579601E-03 1.49848426513849087E+00
1.00361267E+01 6.47872261485644141E-02 9.72929131058776660E-03 2.46985545126642503E-01 4.02626887977255966E-04 5.41900697027627911E-03 1.49808992642365224E+00
1.00456313E+01 6.46930468948035825E-02 9.72486312309720109E-03 2.47079754849946431E-01 4.02609816444889892E-04 5.41675153035779591E-03 1.49769268620122431E+00
1.00551301E+01 6.45989752962630864E-02 9.72019834997132383E-03 2.47172365282517126E-01 4.02590419265088447E-04 5.41429526033584095E-03 1.49729220343367952E+00
1.00646240E+01 6.45050061845227896E-02 9.71535612624414673E-03 2.47263419571091630E-01 4.02570859036602909E-04 5.41169803647388245E-03 1.49688821172723729E+00
1.00741136E+01 6.44111339584621245E-02 9.71033315763192295E-03 2.47352972561813461E-01 4.02550156369458397E-04 5.40895801672029546E-03 1.49648047701939535E+00
1.00835998E+01 6.43173526274680718E-02 9.70510907228947471E-03 2.47441088129128156E-01 4.02528256656347304E-04 5.40605712684540021E-03 1.49606872395357615E+00
1.00930831E+01 6.42236567106401618E-02 9.69964916555110697E-03 2.47527808784839459E-01 4.02502693184914311E-04 5.40296266306845418E-03 1.49565259487830948E+00
1.01025636E+01 6.41300501171182813E-02 9.69397093240346834E-03 2.47613197565413751E-01 4.02473021084430297E-04 5.39969312775783871E-03 1.49523173671873177E+00
1.01120409E+01 6.40365365142929466E-02 9.68807015931144079E-03 2.47697294209462154E-01 4.02441529329679499E-04 5.39624528534191246E-03 1.49480589558073573E+00
1.01215160E+01 6.39431114965005321E-02 9.68195236488464568E-03 2.47780149901851654E-01 4.02408244201502160E-04 5.39262575449824758E-03 1.49437483635154589E+00
1.01309893E+01 6.38497706369614282E-02 9.67566734409111388E-03 2.47861831528623511E-01 4.02374734215034900E-04 5.38888563411525200E-03 1.49393827094949128E+00
1.01404617E+01 6.37565091413234419E-02 9.66918241882758732E-03 2.47942388757935311E-01 4.02340328484919929E-04 5.38499409807878613E-03 1.49349591342586829E+00
1.01499337E+01 6.36633224608897652E-02 9.66248609496078367E-03 2.48021869505113263E-01 4.02304053957693703E-04 5.38094128677640837E-03 1.49304746220545681E+00
1.01594060E+01 6.35702063313856730E-02 9.65561151895505572E-03 2.48100330208561648E-01 4.02266686066132101E-04 5.37676178392880282E-03 1.49259259725497029E+00
1.01688791E+01 6.34771576286290717E-02 9.64856520789750607E-03 2.48177836543716307E-01 4.02228237576159292E-04 5.37246396507804359E-03 1.49213099875862687E+00
1.01783534E+01 6.33841731160452726E-02 9.64132744406639465E-03 2.48254473152522886E-01 4.02188518156574063E-04 5.36803040843022387E-03 1.49166235293222638E+00
1.01878294E+01 6.32912477983695043E-02 9.63388300036861940E-03 2.48330264887998337E-01 4.02147538966510091E-04 5.36344814969342588E-03 1.49118634179599940E+00
1.01973078E+01 6.31983775105438017E-02 9.62628823619154049E-03 2.48405260323452309E-01 4.02107433290655651E-04 5.35877507215113107E-03 1.49070267099195330E+00
1.02067892E+01 6.31055580872675326E-02 9.61848125616081469E-03 2.48479525623934938E-01 4.02066033607359648E-04 5.35395078183231385E-03 1.49021114245159669E+00
1.02162741E+01 6.30127860054809918E-02 9.61045440495187503E-03 2.48553112316781927E-01 4.02022642450531990E-04 5.34896853861180441E-03 1.48971157346094940E+00
1.02257631E+01 6.29200578935130150E-02 9.60223775443974463E-03 2.48626057261934402E-01 4.01978336926038765E-04 5.34385920395701909E-03 1.48920381796412227E+00
1.02352567E+01 6.28273703560181251E-02 9.59380847053256484E-03 2.48698399257103103E-01 4.01934602630316746E-04 5.33860103075041274E-03 1.48868775757316740E+00
1.02447556E+01 6.27347202317232039E-02 9.58515617579756493E-03 2.48770219372059204E-01 4.01889804110240904E-04 5.33318440882801174E-03 1.48816328811491494E+00
1.02542602E+01 6.26421045389627118E-02 9.57629408889200395E-03 2.48841556002760811E-01 4.01842417824729912E-04 5.32762305589966172E-03 1.48763032255617267E+00
1.02637711E+01 6.25495203616637102E-02 9.56723682995311818E-03 2.48912458004695497E-01 4.01793817768934661E-04 5.32193213904008557E-03 1.48708882428556288E+00
1.02732889E+01 6.24569642780670106E-02 9.55793668077460634E-03 2.48982971513485141E-01 4.01743689147984750E-04 5.31606500477519502E-03 1.48653878288411989E+00
1.02828130E+01 6.23644428790846583E-02 9.54850382347360686E-03 2.49053139181027089E-01 4.01694288778005001E-04 5.31013268563032808E-03 1.48598009445073997E+00
1.02923422E+01 6.22719688380091937E-02 9.53889088042108278E-03 2.49123018888606940E-01 4.01644646303027310E-04 5.30408946515839152E-03 1.48541263113946465E+00
1.03018772E+01 6.21795384892065289E-02 9.52905631774844664E-03 2.49192617662053251E-01 4.01593786676296318E-04 5.29789504367703893E-03 1.48483627827728260E+00
1.03114175E+01 6.20871570462519645E-02 9.51903646206216265E-03 2.49262024218941558E-01 4.01542914503296182E-04 5.29158565545337096E-03 1.48425092602361408E+00
1.03209629E+01 6.19948296890632730E-02 9.50884255430970750E-03 2.49331246572201293E-01 4.01492836215405606E-04 5.28517220337113448E-03 1.48365663040575790E+00
1.03305140E+01 6.19025535779884617E-02 9.49849389350654501E-03 2.49400335208244645E-01 4.01443815109938230E-04 5.27867384856667201E-03 1.48305352458933415E+00
1.03400713E+01 6.18103255706529062E-02 9.48803369593442976E-03 2.49469363064920374E-01 4.01395150461756744E-04 5.27213410991651549E-03 1.48244171610098197E+00
1.03496353E+01 6.17181413701137493E-02 9.47737476400333130E-03 2.49538371507212392E-01 4.01345302906489822E-04 5.26546768699864484E-03 1.48182126444682738E+00
1.03592066E+01 6.16259972472531434E-02 9.46647935161757867E-03 2.49607383796851989E-01 4.01293471115886748E-04 5.25863812536389672E-03 1.48119210368937182E+00
1.03687857E+01 6.15338900722879750E-02 9.45534280348186464E-03 2.49676470194605260E-01 4.01239787487793086E-04 5.25164134386450071E-03 1.48055414597106338E+00
1.03783731E+01 6.14418173827956313E-02 9.44408180543601997E-03 2.49745653546443264E-01 4.01186971272080983E-04 5.24459376557486010E-03 1.47990727079365159E+00
1.03879694E+01 6.13497765940792597E-02 9.43275527317531323E-03 2.49814991781123458E-01 4.01136071392867220E-04 5.23755450436906318E-03 1.47925140775328656E+00
1.03975739E+01 6.12577745676088775E-02 9.42133567995356337E-03 2.49884539561504609E-01 4.01085586217758499E-04 5.23049671921858687E-03 1.47858657149722683E+00
1.04071871E+01 6.11658083651832260E-02 9.40979282736614797E-03 2.49954298989907009E-01 4.01035278167639745E-04 5.22339169225549682E-03 1.47791285332540800E+00
1.04168093E+01 6.10738767888147349E-02 9.39813047303903956E-03 2.50024338330678941E-01 4.00986407426763482E-04 5.21624480840720238E-03 1.47723023166849288E+00
1.04264395E+01 6.09819895218616514E-02 9.38622581908601754E-03 2.50094676822892659E-01 4.00935681833935282E-04 5.20893407994627196E-03 1.47653862936430458E+00
1.04360782E+01 6.08901441175051308E-02 9.37414288724019475E-03 2.50165359865979153E-01 4.00883714562055187E-04 5.20152366018989103E-03 1.47583807779011789E+00
1.04457259E+01 6.07983369933765214E-02 9.36185117886981916E-03 2.50236428234472674E-01 4.00830570054769308E-04 5.19398412257246131E-03 1.47512864678540212E+00
1.04553833E+01 6.07065648059026824E-02 9.34935347179231130E-03 2.50307925356226590E-01 4.00776089232807327E-04 5.18631911233067774E-03 1.47441047892765931E+00
1.04650509E+01 6.06148240470864297E-02 9.33668817055095107E-03 2.50379885441037175E-01 4.00721179946137568E-04 5.17856791366790633E-03 1.47368378982965864E+00
1.04747286E+01 6.05231166899118517E-02 9.32373721214207682E-03 2.50452349932177465E-01 4.00663082863534172E-04 5.17061368051329167E-03 1.47294868405235380E+00
1.04844164E+01 6.04314457216349535E-02 9.31054411410626656E-03 2.50525365945122924E-01 4.00601421979409635E-04 5.16250010065947076E-03 1.47220510409912153E+00
1.04941149E+01 6.03398081231305630E-02 9.29706409719190975E-03 2.50598945527737593E-01 4.00535911835962462E-04 5.15418307017803234E-03 1.47145297052934998E+00
1.05038246E+01 6.02482017267416542E-02 9.28324347475744868E-03 2.50673151339966704E-01 4.00465750741095289E-04 5.14560862258070777E-03 1.47069219376795979E+00
1.05135461E+01 6.01566252627866241E-02 9.26915416666217531E-03 2.50748003733122338E-01 4.00393969107358462E-04 5.13684735848646875E-03 1.46992279548309424E+00
1.05232802E+01 6.00650747785896957E-02 9.25487554178939034E-03 2.50823549399591339E-01 4.00321810526695814E-04 5.12798058129509439E-03 1.46914485382997251E+00
1.05330272E+01 5.99735460918445623E-02 9.24037146336518372E-03 2.50899833627996283E-01 4.00246869297760934E-04 5.11897461275732241E-03 1.46835819291810843E+00
1.05427880E+01 5.98820361763644088E-02 9.22560329510544244E-03 2.50976875581586989E-01 4.00168306717614477E-04 5.10979212763681707E-03 1.46756271211077638E+00
1.05525631E+01 5.97905420578204380E-02 9.21049803202919973E-03 2.51054718144618216E-01 4.00084442030536563E-04 5.10036149377097233E-03 1.46675843805704686E+00
1.05623532E+01 5.96990610344496006E-02 9.19505136013754401E-03 2.51133391637457293E-01 3.99994989161790596E-04 5.09067945251284043E-03 1.46594533422914886E+00
1.05721589E+01 5.96075901876417444E-02 9.17919813421223287E-03 2.51212923747014150E-01 3.99899574904747507E-04 5.08068211258069953E-03 1.46512333976147313E+00
1.05819810E+01 5.95161272420555859E-02 9.16298980104490214E-03 2.51293326081793000E-01 3.99799054544956061E-04 5.07042139957767680E-03 1.46429241126163001E+00
1.05918202E+01 5.94246694486334423E-02 9.14646157081139451E-03 2.51374645853391865E-01 3.99693779516757360E-04 5.05993354747673058E-03 1.46345262611383320E+00
1.06016770E+01 5.93332132188005221E-02 9.12965433445408689E-03 2.51456923139881938E-01 3.99584967958102589E-04 5.04926119619960711E-03 1.46260422495368925E+00
1.06115524E+01 5.92417546838386183E-02 9.11251647572261687E-03 2.51540150921407246E-01 3.99470910862183444E-04 5.03835488400488675E-03 1.46174711260524681E+00
1.06214470E+01 5.91502905535126050E-02 9.09507385307467726E-03 2.51624381080909454E-01 3.99353960171168509E-04 5.02724214100673701E-03 1.46088120231944618E+00
1.06313617E+01 5.90588170581703084E-02 9.07730735347134915E-03 2.51709635408469301E-01 3.99233498817006774E-04 5.01590570575677786E-03 1.46000650816220578E+00
1.06412972E+01 5.89673301817660311E-02 9.05917494324137186E-03 2.51795905179910906E-01 3.99108680752193184E-04 5.00430551249422730E-03 1.45912286732063112E+00
1.06512544E+01 5.88758259811496404E-02 9.04061685509327875E-03 2.51883232896281339E-01 3.98977330589267833E-04 4.99238336859341228E-03 1.45822997407689847E+00
1.06612343E+01 5.87843007972215989E-02 9.02165859300992426E-03 2.51971617069398524E-01 3.98838653922375063E-04 4.98016573326492181E-03 1.45732749097083669E+00
1.06712378E+01 5.86927504751293891E-02 9.00227937069905323E-03 2.52061088344883111E-01 3.98693288269471105E-04 4.96763316979365391E-03 1.45641504213049333E+00
1.06812621E+01 5.86012052737072617E-02 8.98249251367324274E-03 2.52151628205888267E-01 3.98541933074506689E-04 4.95479785950352341E-03 1.45549229607968389E+00
1.06913074E+01 5.85096687153153008E-02 8.96231667703770163E-03 2.52243219960140042E-01 3.98384515640135136E-04 4.94168000025202447E-03 1.45455932773616081E+00
1.07013696E+01 5.84181805410695018E-02 8.94177749015883511E-03 2.52335831281363165E-01 3.98220316416454851E-04 4.92830466099684894E-03 1.45361590568342924E+00
1.07114490E+01 5.83267424016154848E-02 8.92074750031347438E-03 2.52429447658868211E-01 3.98046603543832631E-04 4.91454719382960689E-03 1.45266217889799631E+00
1.07215412E+01 5.82353989666777525E-02 8.89922737554988200E-03 2.52524021671589549E-01 3.97865027169264356E-04 4.90040617818582325E-03 1.45169796891250247E+00
1.07316467E+01 5.81441488779083152E-02 8.87718389021237460E-03 2.52619523656676614E-01 3.97675509933859952E-04 4.88584876157507030E-03 1.45072363195429133E+00
1.07417635E+01 5.80530181837081369E-02 8.85470124377610128E-03 2.52715917486294683E-01 3.97480034325460032E-04 4.87095610482873951E-03 1.44973904376305573E+00
1.07518910E+01 5.79620155042762097E-02 8.83180536946577728E-03 2.52813185899374682E-01 3.97275425460292262E-04 4.85575278446621905E-03 1.44874437978200876E+00
1.07620294E+01 5.78711454302205594E-02 8.80845108610350813E-03 2.52911293915575819E-01 3.97062532360248984E-04 4.84019384460285858E-03 1.44773958839314987E+00
1.07721794E+01 5.77804057452574807E-02 8.78460035472932756E-03 2.53010222286817299E-01 3.96841499688203945E-04 4.82424219058628923E-03 1.44672453392172251E+00
1.07823417E+01 5.76897944022934234E-02 8.76035724810915115E-03 2.53109958260790968E-01 3.96615332423975618E-04 4.80800222324458387E-03 1.44569892102335928E+00
1.07925172E+01 5.75993088904971640E-02 8.73569243495155717E-03 2.53210481792204734E-01 3.96381513610214971E-04 4.79144495794240569E-03 1.44466244855446635E+00
1.08027067E+01 5.75089469018121510E-02 8.71053122745073932E-03 2.53311749074626225E-01 3.96137711425964111E-04 4.77449564510421410E-03 1.44361486052721988E+00
1.08129111E+01 5.74187067159609710E-02 8.68494271455355453E-03 2.53413760445919345E-01 3.95886537220724094E-04 4.75722243680804565E-03 1.44255597564767246E+00
1.08231312E+01 5.73285858787619743E-02 8.65891237330759268E-03 2.53516483090378886E-01 3.95628120763430262E-04 4.73961041457105284E-03 1.44148566624717556E+00
1.08333680E+01 5.72385817603808522E-02 8.63244277535449474E-03 2.53619873155669306E-01 3.95362654341418899E-04 4.72166152524520263E-03 1.44040377829639232E+00
1.08436224E+01 5.71486915586610425E-02 8.60563335828665003E-03 2.53723910386073725E-01 3.95091537185753700E-04 4.70347451459202613E-03 1.43931017936428329E+00
1.08538954E+01 5.70589110962827009E-02 8.57850907121829841E-03 2.53828557078794370E-01 3.94813535520826240E-04 4.68507542815871630E-03 1.43820475784129309E+00
1.08641881E+01 5.69692354040605420E-02 8.55087593043436095E-03 2.53933772094092458E-01 3.94524979829612729E-04 4.66627215540470815E-03 1.43708732871195477E+00
1.08744972E+01 5.68796984224157545E-02 8.52277564633574514E-03 2.54039481265613487E-01 3.94228635299528093E-04 4.64710248181035221E-03 1.43595771698331554E+00
1.08848166E+01 5.67903569040094022E-02 8.49428746998235999E-03 2.54145563608288549E-01 3.93927171812469875E-04 4.62763902556399039E-03 1.43481634663602109E+00
1.08951121E+01 5.67015101306880126E-02 8.46558643148410603E-03 2.54251624968292622E-01 3.93621080870060897E-04 4.60802447286981238E-03 1.43366391900003731E+00
1.09053844E+01 5.66131540494296884E-02 8.43666478782693907E-03 2.54357560906617541E-01 3.93310037416615718E-04 4.58824901688529695E-03 1.43250437104248807E+00
1.09156340E+01 5.65252846875708564E-02 8.40744596746209778E-03 2.54463337495000774E-01 3.92991479126469380E-04 4.56823362261248294E-03 1.43133783921200330E+00
1.09258616E+01 5.64378985166330907E-02 8.37795530877102554E-03 2.54568896356520691E-01 3.92665933053452313E-04 4.54800040750317613E-03 1.43016446987849521E+00
1.09360668E+01 5.63509999389838756E-02 8.34820457505895848E-03 2.54674153491754929E-01 3.92335179130871544E-04 4.52755701711049594E-03 1.42898444597875529E+00
1.09462438E+01 5.62646413346263516E-02 8.31820945718990748E-03 2.54778978346906715E-01 3.91998613665621041E-04 4.50690943124459984E-03 1.42779807877370590E+00
1.09563930E+01 5.61788273881901473E-02 8.28801538274569725E-03 2.54883938631468965E-01 3.91656376203850887E-04 4.48609722276441681E-03 1.42660631458116294E+00
1.09665150E+01 5.60935491570249550E-02 8.25778132709819625E-03 2.54987660535648308E-01 3.91312528298091088E-04 4.46527696026755103E-03 1.42540959092424524E+00
1.09766102E+01 5.60087996675683944E-02 8.22754294763282205E-03 2.55090822050823562E-01 3.90967367737815878E-04 4.44448242244558245E-03 1.42420794697137465E+00
1.09866794E+01 5.59245720639991797E-02 8.19716190987889240E-03 2.55193299052658029E-01 3.90617424072509155E-04 4.42357460475415170E-03 1.42300150697314098E+00
1.09967230E+01 5.58408606030208060E-02 8.16660987754613821E-03 2.55295059367476984E-01 3.90262820421792350E-04 4.40252293901057488E-03 1.42179041406389417E+00
1.10067419E+01 5.57576598993240746E-02 8.13588224237527836E-03 2.55396066246269648E-01 3.89902386817474341E-04 4.38131962852635146E-03 1.42057492650890094E+00
1.10167367E+01 5.56749645263156789E-02 8.10501971203518752E-03 2.55496256531598076E-01 3.89537270743995983E-04 4.36000167197300465E-03 1.41935533500279032E+00
1.10267081E+01 5.55927686381519418E-02 8.07419155051140869E-03 2.55595584176391166E-01 3.89171700443206371E-04 4.33873461152155162E-03 1.41813193470426113E+00
1.10366570E+01 5.55110647585928679E-02 8.04342231183125672E-03 2.55694014208304787E-01 3.88805636459651951E-04 4.31754049922991774E-03 1.41690500792473939E+00
1.10465840E+01 5.54298447000391922E-02 8.01262389627391963E-03 2.55791487756201752E-01 3.88437780977250854E-04 4.29632952024208703E-03 1.41567476623144328E+00
1.10564901E+01 5.53491007385653183E-02 7.98175997811374251E-03 2.55887962307157879E-01 3.88068718634401971E-04 4.27506304582196944E-03 1.41444140051712797E+00
1.10663761E+01 5.52688252817375644E-02 7.95077148712794619E-03 2.55983402558482231E-01 3.87695819681311074E-04 4.25367888210239492E-03 1.41320511684834171E+00
1.10762429E+01 5.51890112437834202E-02 7.91969909846317217E-03 2.56077748369908431E-01 3.87318803964518976E-04 4.23221366752301459E-03 1.41196611892338231E+00
1.10860914E+01 5.51096512901187510E-02 7.88867714971234514E-03 2.56170961920383133E-01 3.86940245355855918E-04 4.21079783701846719E-03 1.41072466667908492E+00
1.10959226E+01 5.50307370406471763E-02 7.85778711542675819E-03 2.56262998884572490E-01 3.86561599214751007E-04 4.18951024803523257E-03 1.40948102741620263E+00
1.11057373E+01 5.49522592470706589E-02 7.82700391244534228E-03 2.56353820375625818E-01 3.86182734908096289E-04 4.16832476392900355E-03 1.40823541607074665E+00
1.11155366E+01 5.48742084082187165E-02 7.79629084296297806E-03 2.56443366065862322E-01 3.85803281810980306E-04 4.14720407512283312E-03 1.40698799075742764E+00
1.11253216E+01 5.47965750316240161E-02 7.76556576960774070E-03 2.56531609463157673E-01 3.85419980710428357E-04 4.12606480218906477E-03 1.40573889006578723E+00
1.11350932E+01 5.47193501449881811E-02 7.73482852778957248E-03 2.56618495269090419E-01 3.85033248270033395E-04 4.10490440380375989E-03 1.40448827114843078E+00
1.11448525E+01 5.46425247746006940E-02 7.70416870558430188E-03 2.56703987804542733E-01 3.84646129518116816E-04 4.08380950328036084E-03 1.40323633322353025E+00
1.11546007E+01 5.45660891400839149E-02 7.67364396786867665E-03 2.56788053253018400E-01 3.84259092651328797E-04 4.06283533815442448E-03 1.40198327342613549E+00
1.11643292E+01 5.44901092292833650E-02 7.64325355834817935E-03 2.56870583984660339E-01 3.83871674107572156E-04 4.04197000985985055E-03 1.40072923502972047E+00
1.11740361E+01 5.44145954620898972E-02 7.61293921077102215E-03 2.56951520273480893E-01 3.83483528114943704E-04 4.02115110248642271E-03 1.39947559530144683E+00
1.11837227E+01 5.43395376583431164E-02 7.58272357980964862E-03 2.57030838780036019E-01 3.83095255046269061E-04 4.00039893701579097E-03 1.39822284318584522E+00
1.11933900E+01 5.42649253894938385E-02 7.55262232414434000E-03 2.57108521528363554E-01 3.82706938829902889E-04 3.97972676905630589E-03 1.39697114921148380E+00
1.12030392E+01 5.41907478932412978E-02 7.52273811611816907E-03 2.57184541296913982E-01 3.82320753188029102E-04 3.95923516363964455E-03 1.39572069090100848E+00
1.12126714E+01 5.41169934827894633E-02 7.49312111557919221E-03 2.57258886373785800E-01 3.81938204257457805E-04 3.93897327205718767E-03 1.39447164304292404E+00
1.12222878E+01 5.40436498522310141E-02 7.46369679718470770E-03 2.57331529585091479E-01 3.81556957741806669E-04 3.91886660522514085E-03 1.39322413666660561E+00
1.12318896E+01 5.39707051430924484E-02 7.43448415341646431E-03 2.57402453152306587E-01 3.81176857228236580E-04 3.89893386000482152E-03 1.39197824973550821E+00
1.12414781E+01 5.38981474158507085E-02 7.40544458948954806E-03 2.57471637982021828E-01 3.80796767946151797E-04 3.87913626654731681E-03 1.39073406554240764E+00
1.12510546E+01 5.38259649125405470E-02 7.37655775193847996E-03 2.57539043360419828E-01 3.80416941171181637E-04 3.85945272084589446E-03 1.38949163835556155E+00
1.12606204E+01 5.37541460221994533E-02 7.34791302719477006E-03 2.57604681609519881E-01 3.80040875901774397E-04 3.83997120508021384E-03 1.38825103077925971E+00
1.12701768E+01 5.36826783609748170E-02 7.31952323033734694E-03 2.57668517966155253E-01 3.79668255177568093E-04 3.82070383790477893E-03 1.38701232522303886E+00
1.12797250E+01 5.36115490656709839E-02 7.29135455588161320E-03 2.57730539214514442E-01 3.79297815374411880E-04 3.80161675132501030E-03 1.38577555715990375E+00
1.12892666E+01 5.35407453478980028E-02 7.26338711571749510E-03 2.57790719830708337E-01 3.78929128147479732E-04 3.78268993084194226E-03 1.38454074334279520E+00
1.12988029E+01 5.34702546512148130E-02 7.23556750758742873E-03 2.57849041195641060E-01 3.78560682348150538E-04 3.76386958914437476E-03 1.38330791848660750E+00
1.13083353E+01 5.34000647960967204E-02 7.20788057718079259E-03 2.57905480651593522E-01 3.78192105395109266E-04 3.74513969508677306E-03 1.38207713698760037E+00
1.13178503E+01 5.33302734431618727E-02 7.18039407317616878E-03 2.57959948152874374E-01 3.77824040220687532E-04 3.72655290187554489E-03 1.38084847314155312E+00
1.13273491E+01 5.32608700072184152E-02 7.15315416392201756E-03 2.58012410461523178E-01 3.77458552632787734E-04 3.70815444790348423E-03 1.37962393412809203E+00
1.13368330E+01 5.31918412922629258E-02 7.12615973764208366E-03 2.58062877791136180E-01 3.77096217355925246E-04 3.68994316836835853E-03 1.37840361490946917E+00
1.13463036E+01 5.31231737085077760E-02 7.09936540671711729E-03 2.58111330573541797E-01 3.76734332005510529E-04 3.67187394468681703E-03 1.37718753242048209E+00
1.13557624E+01 5.30548538301277156E-02 7.07280055631397554E-03 2.58157767057555998E-01 3.76374109354544258E-04 3.65397627272911118E-03 1.37597565270124989E+00
1.13652108E+01 5.29868679214237775E-02 7.04647379868617117E-03 2.58202172838166766E-01 3.76015927434973001E-04 3.63625913800606380E-03 1.37476793126853636E+00
1.13746505E+01 5.29192020822040476E-02 7.02039319892052739E-03 2.58244544737695814E-01 3.75659563513327502E-04 3.61873103807434189E-03 1.37356430959450226E+00
1.13840830E+01 5.28518424729674599E-02 6.99456637856987837E-03 2.58284874632749017E-01 3.75305380810765448E-04 3.60140001555167392E-03 1.37236474304074840E+00
1.13935100E+01 5.27847749712502395E-02 6.96897337194045136E-03 2.58323142084524227E-01 3.74952513654680378E-04 3.58424713790270969E-03 1.37116921823772620E+00
1.14029330E+01 5.27179853484386826E-02 6.94357891822189755E-03 2.58359356714951638E-01 3.74600066323680812E-04 3.56723857755379941E-03 1.36997770384728357E+00
1.14123538E+01 5.26514598490500224E-02 6.91838447598584934E-03 2.58393512362065814E-01 3.74248203031976470E-04 3.55037660012155276E-03 1.36879014664109699E+00
1.14217740E+01 5.25851846864343470E-02 6.89339045278817685E-03 2.58425565898396326E-01 3.73897221407577265E-04 3.53366230727518438E-03 1.36760653758681738E+00
1.14311954E+01 5.25191458663672797E-02 6.86860315814051201E-03 2.58455542025987528E-01 3.73548641754716882E-04 3.51710276758401136E-03 1.36642686408275549E+00
1.14406041E+01 5.24534377139586616E-02 6.84402483038328013E-03 2.58483376816892096E-01 3.73201292713728615E-04 3.50068775354108993E-03 1.36525106761484127E+00
1.14500001E+01 5.23880575194701145E-02 6.81968221533175989E-03 2.58509046141081666E-01 3.72856035744118788E-04 3.48444346257629437E-03 1.36408092271576975E+00
1.14593851E+01 5.23229902577604863E-02 6.79561457835772993E-03 2.58532572618878409E-01 3.72514269118731319E-04 3.46841013083775069E-03 1.36291642927922263E+00
1.14687610E+01 5.22582205605401084E-02 6.77181970043573469E-03 2.58540887375018680E-01 3.72175479663767724E-04 3.45258675793460364E-03 1.36175736082437115E+00
1.14781296E+01 5.21937329816704876E-02 6.74830126950200400E-03 2.58591839802745305E-01 3.71840526144477667E-04 3.43697838313026648E-03 1.36060349774262468E+00
1.14874928E+01 5.21295118026314785E-02 6.72504306588769460E-03 2.58591849326939571E-01 3.71509742231130029E-04 3.42157049968957322E-03 1.35945464161283147E+00
1.14968526E+01 5.20655412689867217E-02 6.70198971112983578E-03 2.58594098917222404E-01 3.71180468883464641E-04 3.40630952072101768E-03 1.35831058356448975E+00
1.15062107E+01 5.20018060741914076E-02 6.67913456360330181E-03 2.58623498398043328E-01 3.70851691568819522E-04 3.39119019642062204E-03 1.35717111242985755E+00
1.15155693E+01 5.19382906248921500E-02 6.65646519979470799E-03 2.58625659936723207E-01 3.70522507113849964E-04 3.37620228142838930E-03 1.35603606603975568E+00
1.15249303E+01 5.18749797595952564E-02 6.63398964617326840E-03 2.58629696575930823E-01 3.70194514159166862E-04 3.36135524680402763E-03 1.35490522874466257E+00
1.15342956E+01 5.18118582137584646E-02 6.61170927848246746E-03 2.58655874733029867E-01 3.69867571682368614E-04 3.34665176776982294E-03 1.35377847513614480E+00
1.15436578E+01 5.17489754496110871E-02 6.58967255787567315E-03 2.58655104842702099E-01 3.69544783441635538E-04 3.33213392401204931E-03 1.35265567386021934E+00
1.15530094E+01 5.16863787234005875E-02 6.56790498329308699E-03 2.58652933375266458E-01 3.69225969020589508E-04 3.31782144434696535E-03 1.35153775395531728E+00
1.15623525E+01 5.16240511385614789E-02 6.54635855691636410E-03 2.58650267157994163E-01 3.68908532907439570E-04 3.30366862335286287E-03 1.35042551930328192E+00
1.15716891E+01 5.15619757300287487E-02 6.52502923047486565E-03 2.58647491464899293E-01 3.68592059041452931E-04 3.28967367925643312E-03 1.34931860879553911E+00
1.15810216E+01 5.15001354510318463E-02 6.50393281471297116E-03 2.58644400178053901E-01 3.68276776092534377E-04 3.27585470514096030E-03 1.34821666893558190E+00
1.15903521E+01 5.14385132024229655E-02 6.48307292307725297E-03 2.58639773062407929E-01 3.67964224171611859E-04 3.26221770246884176E-03 1.34711936941478361E+00
1.15996829E+01 5.13770916922193510E-02 6.46239522505030924E-03 2.58612791584078627E-01 3.67652259648048067E-04 3.24871084582500870E-03 1.34602641796488132E+00
1.16090164E+01 5.13158542498153084E-02 6.44192192495809685E-03 2.58613689316392392E-01 3.67342685042737049E-04 3.23535821703135364E-03 1.34493754612917460E+00
1.16183547E+01 5.12547838613064827E-02 6.42166988326630436E-03 2.58612814508658528E-01 3.67038008501436241E-04 3.22217879504920575E-03 1.34385254339659821E+00
1.16277002E+01 5.11938628801664325E-02 6.40162942903326360E-03 2.58585161772579508E-01 3.66735957145001310E-04 3.20916557180572727E-03 1.34277118292524666E+00
1.16370489E+01 5.11331161788053032E-02 6.38178207131183568E-03 2.58581911436064626E-01 3.66435442122499931E-04 3.19629752813944523E-03 1.34169317711919334E+00
1.16463889E+01 5.10726190824949203E-02 6.36215413656554193E-03 2.58536184247284084E-01 3.66137354368716711E-04 3.18359248422652591E-03 1.34061901389518767E+00
1.16557225E+01 5.10123534146750476E-02 6.34272049722208603E-03 2.58535232324408781E-01 3.65840669566366470E-04 3.17102760735996168E-03 1.33955002918387134E+00
1.16650523E+01 5.09523010037259763E-02 6.32348381983154940E-03 2.58504131710754426E-01 3.65545277739453395E-04 3.15860778214341028E-03 1.33848588210895381E+00
1.16743809E+01 5.08924436494264526E-02 6.30444131718771276E-03 2.58481178179115201E-01 3.65251219345251790E-04 3.14633247102478640E-03 1.33742623972196428E+00
1.16837107E+01 5.08327630602761205E-02 6.28557807576125057E-03 2.58451621018200406E-01 3.64957625967361342E-04 3.13418910311747149E-03 1.33637077612405508E+00
1.16930444E+01 5.07732409456144937E-02 6.26687319447303062E-03 2.58422595745530559E-01 3.64664706192194407E-04 3.12215920230220949E-03 1.33531916717767429E+00
1.17023847E+01 5.07138590804949232E-02 6.24836443594074201E-03 2.58390138758738952E-01 3.64374627055849944E-04 3.11028298028094303E-03 1.33427110690756634E+00
1.17117342E+01 5.06545990497718202E-02 6.23002633838952175E-03 2.58356295270744218E-01 3.64084932705716730E-04 3.09853775931186138E-03 1.33322631198835717E+00
1.17210952E+01 5.05954456253610435E-02 6.21181746305431246E-03 2.58320043982216252E-01 3.63795498453322653E-04 3.08688435081156580E-03 1.33218452523219422E+00
1.17304485E+01 5.05365175202468694E-02 6.19379165429438747E-03 2.58281944987890755E-01 3.63508904355631685E-04 3.07536392046715151E-03 1.33114556044235255E+00
1.17397971E+01 5.04777945524498423E-02 6.17595122030905382E-03 2.58241834702847506E-01 3.63224945948895539E-04 3.06398219974875945E-03 1.33011148703050774E+00
1.17491437E+01 5.04192567461568680E-02 6.15828790360470248E-03 2.58199788762022153E-01 3.62942746848699416E-04 3.05273400525853458E-03 1.32908178288534429E+00
1.17584912E+01 5.03608840782307776E-02 6.14077670121361118E-03 2.58155778572655703E-01 3.62661509254001723E-04 3.04159732609484475E-03 1.32805598459300711E+00
1.17678426E+01 5.03026568091877388E-02 6.12339059847972610E-03 2.58109829326595597E-01 3.62380307284182294E-04 3.03054786372673485E-03 1.32703367217939938E+00
1.17772008E+01 5.02445556372078314E-02 6.10612223928582235E-03 2.58061924943790488E-01 3.62098839724161342E-04 3.01958051026909218E-03 1.32601449933016013E+00
1.17865687E+01 5.01865614973711280E-02 6.08900603955076815E-03 2.58012070368617008E-01 3.61817384599593447E-04 3.00873177291796938E-03 1.32499819541646779E+00
1.17959495E+01 5.01286551278158563E-02 6.07202279416691783E-03 2.57960258789927455E-01 3.61535604910676630E-04 2.99798493564178582E-03 1.32398452469896255E+00
1.18053357E+01 5.00708806744606244E-02 6.05519255662412444E-03 2.57906544311483132E-01 3.61254575527075901E-04 2.98735575026208176E-03 1.32297324195678678E+00
1.18147174E+01 5.00132987686806585E-02 6.03856030733327699E-03 2.57851013964897680E-01 3.60975422696798982E-04 2.97688336356950441E-03 1.32196514236695895E+00
1.18240976E+01 4.99558881752710307E-02 6.02203947277197161E-03 2.57793680153970528E-01 3.60694701082064527E-04 2.96648442097829316E-03 1.32096122302535357E+00
1.18334796E+01 4.98986281090554804E-02 6.00564525449258108E-03 2.57734537826048826E-01 3.60414069585786008E-04 2.95617692764427653E-03 1.31996104223043109E+00
1.18428667E+01 4.98414974479640324E-02 5.98938615899026732E-03 2.57673599934314934E-01 3.60134895237304012E-04 2.94597246202238068E-03 1.31896419052179681E+00
1.18522621E+01 4.97844750262337460E-02 5.97323130166929183E-03 2.57610858171450630E-01 3.59856057968301957E-04 2.93584327668057650E-03 1.31797022936197306E+00
1.18616691E+01 4.97275400652372745E-02 5.95718069393376057E-03 2.57546317366826372E-01 3.59577679848988659E-04 2.92579219522838812E-03 1.31697872101042357E+00
1.18710911E+01 4.96706720688769171E-02 5.94123076048894659E-03 2.57479981353991805E-01 3.59299327150868560E-04 2.91581828978429132E-03 1.31598927391316689E+00
1.18805208E+01 4.96139136626798163E-02 5.92536265853704780E-03 2.57411936496627192E-01 3.59019456816270439E-04 2.90589872456418433E-03 1.31500152192736497E+00
1.18899477E+01 4.95573284381065557E-02 5.90961095363519862E-03 2.57342274852864039E-01 3.58739324246726537E-04 2.89606160945352509E-03 1.31401615293810781E+00
1.18993752E+01 4.95008943841904955E-02 5.89397907773196554E-03 2.57271006587360740E-01 3.58459117549691868E-04 2.88631300786469083E-03 1.31303419099505492E+00
1.19088069E+01 4.94445892776409490E-02 5.87843443329823159E-03 2.57198124627790181E-01 3.58178310055457612E-04 2.87662319421893523E-03 1.31205515554356533E+00
1.19182464E+01 4.93883911141265036E-02 5.86297140529991583E-03 2.57123623416490921E-01 3.57896373926033817E-04 2.86698938609159263E-03 1.31107853253524365E+00
1.19276972E+01 4.93322780190117993E-02 5.84759517741485161E-03 2.57047507803449149E-01 3.57614350878557622E-04 2.85741968697215097E-03 1.31010381764403872E+00
1.19371631E+01 4.92762280036547623E-02 5.83229231862993514E-03 2.56969769795458602E-01 3.57332078276373529E-04 2.84790388601503320E-03 1.30913054189437528E+00
1.19466475E+01 4.92202192249951917E-02 5.81706055414675256E-03 2.56890399628963095E-01 3.57049197919297721E-04 2.83844301947079906E-03 1.30815824985329177E+00
1.19561318E+01 4.91643614469014709E-02 5.80191854882834441E-03 2.56809568563575230E-01 3.56765842189512563E-04 2.82904537345375325E-03 1.30718645940527756E+00
1.19656167E+01 4.91086497562814583E-02 5.78685347990183074E-03 2.56727327648490600E-01 3.56481708025018569E-04 2.81969923328865245E-03 1.30621693063018651E+00
1.19751060E+01 4.90530608601624785E-02 5.77185527435026147E-03 2.56643659717641637E-01 3.56195750332407278E-04 2.81039718974549803E-03 1.30524945151954719E+00
1.19846037E+01 4.89975718012644196E-02 5.75691606537326317E-03 2.56558559729186730E-01 3.55907869072029218E-04 2.80113383768683258E-03 1.30428353993874713E+00
1.19941137E+01 4.89421597757905558E-02 5.74201991131328016E-03 2.56472036315013752E-01 3.55617886063085283E-04 2.79189583354042892E-03 1.30331874376933032E+00
1.20036398E+01 4.88868021495172389E-02 5.72717105454876186E-03 2.56384069554312477E-01 3.55327095292856567E-04 2.78269016583240119E-03 1.30235460087199151E+00
1.20131858E+01 4.88314763291885570E-02 5.71235487783400102E-03 2.56294652911588094E-01 3.55034909016830181E-04 2.77350516686043682E-03 1.30139064902041923E+00
1.20227372E+01 4.87762673501434055E-02 5.69760030139723154E-03 2.56203943070918816E-01 3.54741861436590569E-04 2.76436180153644606E-03 1.30042638113849596E+00
1.20322904E+01 4.87211944597447447E-02 5.68291577065902030E-03 2.56112031499107606E-01 3.54448097784212360E-04 2.75526739010802362E-03 1.29946311174874074E+00
1.20418495E+01 4.86662326970639866E-02 5.66829581770713058E-03 2.56018915782071865E-01 3.54152912503378407E-04 2.74621975856287944E-03 1.29850098571949291E+00
1.20514189E+01 4.86113575917473811E-02 5.65372113872428510E-03 2.55924599091990779E-01 3.53855980081817603E-04 2.73720261080899517E-03 1.29753940348494545E+00
1.20610026E+01 4.85565452517979501E-02 5.63917702185051661E-03 2.55829075309573217E-01 3.53557794348286533E-04 2.72820389380776501E-03 1.29657781447881759E+00
1.20706048E+01 4.85017723512004006E-02 5.62464353369689606E-03 2.55732328859668179E-01 3.53256939919624534E-04 2.71920608443935790E-03 1.29561573922429685E+00
1.20802297E+01 4.84470161303316438E-02 5.61012333360971956E-03 2.55634341384073982E-01 3.52953506377945414E-04 2.71021412137652240E-03 1.29465277976471804E+00
1.20898583E+01 4.83923838986839092E-02 5.59563308582049137E-03 2.55535321479652078E-01 3.52647967947355664E-04 2.70123408213855491E-03 1.29368856058904647E+00
1.20994914E+01 4.83378718733468091E-02 5.58116375933646099E-03 2.55435310712328667E-01 3.52340441191012358E-04 2.69225769839112660E-03 1.29272495003234789E+00
1.21091334E+01 4.82834542824664981E-02 5.56672038101961239E-03 2.55334292870749935E-01 3.52031444251797178E-04 2.68329293251519385E-03 1.29176185681731814E+00
1.21187887E+01 4.82291057043528967E-02 5.55229690210362180E-03 2.55232249935893385E-01 3.51720419358325762E-04 2.67433662955698015E-03 1.29079881551196785E+00
1.21284618E+01 4.81748013877176737E-02 5.53789664792435441E-03 2.55129162462308157E-01 3.51407467155806096E-04 2.66539479535873392E-03 1.28983535471711908E+00
1.21381571E+01 4.81205173088108951E-02 5.52350490917905869E-03 2.55025015203490357E-01 3.51092157260718179E-04 2.65645523638509103E-03 1.28887103798800462E+00
1.21478718E+01 4.80662699770423099E-02 5.50910931868695778E-03 2.54919865815500024E-01 3.50774220296877297E-04 2.64750385089433139E-03 1.28790545484057772E+00
1.21575901E+01 4.80121473794378126E-02 5.49472420081600476E-03 2.54813907970621478E-01 3.50453911097388263E-04 2.63854584830079284E-03 1.28693886893873555E+00
1.21673169E+01 4.79581230233248126E-02 5.48036740464520264E-03 2.54707134125056134E-01 3.50133535036691523E-04 2.62960147389651152E-03 1.28597277971639845E+00
1.21770569E+01 4.79041704084839717E-02 5.46604849818231077E-03 2.54599515506210128E-01 3.49813377808591737E-04 2.62068303661998608E-03 1.28500665153946181E+00
1.21868148E+01 4.78502632744787354E-02 5.45175267754656294E-03 2.54491030466329926E-01 3.49491814890368025E-04 2.61177880051949264E-03 1.28403997135513426E+00
1.21965953E+01 4.77963762168418446E-02 5.43745857179712445E-03 2.54381652825474647E-01 3.49167465015974511E-04 2.60287029609138423E-03 1.28307227298811233E+00
1.22064027E+01 4.77424849540928273E-02 5.42315746372516467E-03 2.54271358372051726E-01 3.48840453970084290E-04 2.59395130451074750E-03 1.28210317913556460E+00
1.22162175E+01 4.76886981918978325E-02 5.40888519885693829E-03 2.54160389993694502E-01 3.48511811809364819E-04 2.58504665142389759E-03 1.28113236238101003E+00
1.22260411E+01 4.76350073435190188E-02 5.39461785417435450E-03 2.54048768061601260E-01 3.48180028537132418E-04 2.57613294429429127E-03 1.28016187351938182E+00
1.22358787E+01 4.75813855836776309E-02 5.38035120506704517E-03 2.53936453799740391E-01 3.47845955678227094E-04 2.56720804532812284E-03 1.27919166000466222E+00
1.22457352E+01 4.75278067348832989E-02 5.36610443728461218E-03 2.53823416268946445E-01 3.47511256712180539E-04 2.55829316607130656E-03 1.27822137404142544E+00
1.22556153E+01 4.74742450256138565E-02 5.35188692716347201E-03 2.53709624879237483E-01 3.47176373596946549E-04 2.54940003840691681E-03 1.27725066991710801E+00
1.22655237E+01 4.74206752209436269E-02 5.33769148598124601E-03 2.53595044534867087E-01 3.46840605895713816E-04 2.54052408255150877E-03 1.27627916773172179E+00
1.22754465E+01 4.73671726180630512E-02 5.32352993128005526E-03 2.53479855505285012E-01 3.46504067199647459E-04 2.53166975912243750E-03 1.27530645261675812E+00
1.22853796E+01 4.73137593356155253E-02 5.30940954710918452E-03 2.53364137771045883E-01 3.46167224251178751E-04 2.52284206946324025E-03 1.27433390233665800E+00
1.22953282E+01 4.72604072634126224E-02 5.29529802847299863E-03 2.53247845688781892E-01 3.45827942210295781E-04 2.51401116590140809E-03 1.27336195461350132E+00
1.23052974E+01 4.72070895732016674E-02 5.28118988447845699E-03 2.53130936709242360E-01 3.45485756692518028E-04 2.50517349132747640E-03 1.27239018631439271E+00
1.23152921E+01 4.71537805354516476E-02 5.26710880919305929E-03 2.53013367261356814E-01 3.45142574253486231E-04 2.49635447839537984E-03 1.27141825168739686E+00
1.23253173E+01 4.71004551588328352E-02 5.25305439690581036E-03 2.52895096770172689E-01 3.44798401779500459E-04 2.48755570373045002E-03 1.27044584394552507E+00
1.23353607E+01 4.70471775496377823E-02 5.23904684886413504E-03 2.52776281733280261E-01 3.44454084937458765E-04 2.47879080654796668E-03 1.26947263057564474E+00
1.23454166E+01 4.69939785857281037E-02 5.22510267577793331E-03 2.52657006389890193E-01 3.44110035973815571E-04 2.47007311877433253E-03 1.26849985522984587E+00
1.23554904E+01 4.69408293153812106E-02 5.21120816228339001E-03 2.52537222663795746E-01 3.43765442941164812E-04 2.46139160545467191E-03 1.26752815577740496E+00
1.23655872E+01 4.68877021718652615E-02 5.19733201299876595E-03 2.52416875420858999E-01 3.43418874573217894E-04 2.45271725386470452E-03 1.26655711696814022E+00
1.23757122E+01 4.68345711743943099E-02 5.18346649232454861E-03 2.52295915424863681E-01 3.43070047577342680E-04 2.44404414663453853E-03 1.26558639555060526E+00
1.23858703E+01 4.67814118079438804E-02 5.16961692841732406E-03 2.52174293562940077E-01 3.42719927467240442E-04 2.43537916331811868E-03 1.26461570775936227E+00
1.23960479E+01 4.67282944785403012E-02 5.15582164732705447E-03 2.52052178734080479E-01 3.42370228276225224E-04 2.42675306716262250E-03 1.26364477956395072E+00
1.24062410E+01 4.66752409781520800E-02 5.14209272592893764E-03 2.51929634702070138E-01 3.42021244845752801E-04 2.41817538287851909E-03 1.26267501505083968E+00
1.24164550E+01 4.66222223448384404E-02 5.12843048529548502E-03 2.51806600980736706E-01 3.41673667816404084E-04 2.40964883869832988E-03 1.26170691514478284E+00
1.24266952E+01 4.65692110918991264E-02 5.11481892218196722E-03 2.51683015961305379E-01 3.41326105449236668E-04 2.40115959821821361E-03 1.26074008568641727E+00
1.24369667E+01 4.65161813864247015E-02 5.10124665546908117E-03 2.51558822151524086E-01 3.40978316003440565E-04 2.39269809509006382E-03 1.25977418034910471E+00
1.24472743E+01 4.64631091697333062E-02 5.08770222994878174E-03 2.51433971820144264E-01 3.40629547133596954E-04 2.38425432952083655E-03 1.25880888968997762E+00
1.24576007E+01 4.64100840591016445E-02 5.07421777362722457E-03 2.51308678219155923E-01 3.40280973848816734E-04 2.37585091199397132E-03 1.25784391528115402E+00
1.24679461E+01 4.63571044368084051E-02 5.06080139734288708E-03 2.51182942948345589E-01 3.39932915285454345E-04 2.36749535799397545E-03 1.25688100162916827E+00
1.24783161E+01 4.63041417486256962E-02 5.04745378420421234E-03 2.51056699130193850E-01 3.39584938661937165E-04 2.35919043763910914E-03 1.25592023841017286E+00
1.24887159E+01 4.62511690869465003E-02 5.03418680710901977E-03 2.50929884217653720E-01 3.39237811311147595E-04 2.35094995103859181E-03 1.25496124444822477E+00
1.24991505E+01 4.61981612817060489E-02 5.02097943119399811E-03 2.50802437049885252E-01 3.38890511617927226E-04 2.34275465530514940E-03 1.25400367657127965E+00
1.25096233E+01 4.61451014163408238E-02 5.00783049462701513E-03 2.50674319876276697E-01 3.38543820903665154E-04 2.33460422882543787E-03 1.25304720688256110E+00
1.25201135E+01 4.60920947337547585E-02 4.99477116473800737E-03 2.50545794244266817E-01 3.38198913462629380E-04 2.32651914697814448E-03 1.25209163336860407E+00
1.25306269E+01 4.60391118358182902E-02 4.98180016432829206E-03 2.50416795808032666E-01 3.37856182010395510E-04 2.31850017125736097E-03 1.25113892774082114E+00
1.25411689E+01 4.59861249902683775E-02 4.96891952032232215E-03 2.50287249711434290E-01 3.37515593219079148E-04 2.31055125524159966E-03 1.25018864954486864E+00
1.25517446E+01 4.59331084367571307E-02 4.95614801588500995E-03 2.50157101310807650E-01 3.37177675366956994E-04 2.30269292173980716E-03 1.24924041738285019E+00
1.25623587E+01 4.58800384399956837E-02 4.94344795175921236E-03 2.50026294451617170E-01 3.36840500387016362E-04 2.29488912103838118E-03 1.24829391061512207E+00
1.25730061E+01 4.58269404057766033E-02 4.93081110516886516E-03 2.49894898505178764E-01 3.36503380624220171E-04 2.28712852684744136E-03 1.24734883365573168E+00
1.25836755E+01 4.57738709622815959E-02 4.91826112913021276E-03 2.49763057317269527E-01 3.36167927234451718E-04 2.27942872617351326E-03 1.24640575524385477E+00
1.25943725E+01 4.57208019480559863E-02 4.90578463327640511E-03 2.49630707140507863E-01 3.35832986557761963E-04 2.27177808693977386E-03 1.24546579791827638E+00
1.26051022E+01 4.56677074517730930E-02 4.89337650244053412E-03 2.49497786854348536E-01 3.35498679932030755E-04 2.26417296459125892E-03 1.24452859453454634E+00
1.26158694E+01 4.56145640339060410E-02 4.88107704217297361E-03 2.49364240629095735E-01 3.35167316352190684E-04 2.25665481556915678E-03 1.24359384644276227E+00
1.26266785E+01 4.55613504353659382E-02 4.86886375111043965E-03 2.49230023830802311E-01 3.34837600252696499E-04 2.24920227604689504E-03 1.24266129348200227E+00
1.26375154E+01 4.55081356256514663E-02 4.85673918337148954E-03 2.49095332356643301E-01 3.34509201798554895E-04 2.24181102020098348E-03 1.24173064945097567E+00
1.26483789E+01 4.54549245652907871E-02 4.84470346262683670E-03 2.48960189177599878E-01 3.34182082469721841E-04 2.23447996507125440E-03 1.24080316312453087E+00
1.26592744E+01 4.54016912018856966E-02 4.83276137398403090E-03 2.48824540122884297E-01 3.33856199518931809E-04 2.22721542506659244E-03 1.23987897006978764E+00
1.26702066E+01 4.53484118599426014E-02 4.82089731581045351E-03 2.48688338248181456E-01 3.33531682304684623E-04 2.22000321717351996E-03 1.23895768848364596E+00
1.26811798E+01 4.52950657373776266E-02 4.80911710633781693E-03 2.48551547465606121E-01 3.33209353350839149E-04 2.21285021182166105E-03 1.23803898304053850E+00
1.26921942E+01 4.52416521048875642E-02 4.79744937537146185E-03 2.48414184483897155E-01 3.32890616866146128E-04 2.20578430951778350E-03 1.23712256033875989E+00
1.27032346E+01 4.51882440738185093E-02 4.78588809193973390E-03 2.48276468783158399E-01 3.32575680182579199E-04 2.19879265486252725E-03 1.23620844664242635E+00
1.27143062E+01 4.51348156219032667E-02 4.77442988451311830E-03 2.48138357328168635E-01 3.32263306510449522E-04 2.19187346160342085E-03 1.23529790877534884E+00
1.27254137E+01 4.50813433552379808E-02 4.76307376239788749E-03 2.47999804121328216E-01 3.31953047335382750E-04 2.18502717124609454E-03 1.23439054001316983E+00
1.27365615E+01 4.50278066937282659E-02 4.75181417834999974E-03 2.47860799231687245E-01 3.31644278545173172E-04 2.17824955471794318E-03 1.23348599447540153E+00
1.27477529E+01 4.49741882180883026E-02 4.74063559248069123E-03 2.47721324574918689E-01 3.31336306344161573E-04 2.17152610106917388E-03 1.23258396901790190E+00
1.27589789E+01 4.49205322007697957E-02 4.72955086398702072E-03 2.47581534600493036E-01 3.31029267687124953E-04 2.16486543830205283E-03 1.23168419773497217E+00
1.27702354E+01 4.48668569037005693E-02 4.71857374749230177E-03 2.47441512933297442E-01 3.30723995046579636E-04 2.15827925688073493E-03 1.23078744620599423E+00
1.27815272E+01 4.48131398478143900E-02 4.70771310845546041E-03 2.47301239818890711E-01 3.30421681349552746E-04 2.15177775032998836E-03 1.22989405700551147E+00
1.27928582E+01 4.47593614587899966E-02 4.69696366168483037E-03 2.47160705088461524E-01 3.30122378558900937E-04 2.14535688848033028E-03 1.22900368675696270E+00
1.28042318E+01 4.47055055048665648E-02 4.68631850212398050E-03 2.47019915956495695E-01 3.29825763447106539E-04 2.13901077583407515E-03 1.22811600923364339E+00
1.28156506E+01 4.46515595308168978E-02 4.67578975476359328E-03 2.46878890579838750E-01 3.29533048258964605E-04 2.13275224289650794E-03 1.22723073486204859E+00
1.28270993E+01 4.45975947724568111E-02 4.66537702575940509E-03 2.46737869188237230E-01 3.29243921117642886E-04 2.12657522185149628E-03 1.22634761254627755E+00
1.28385825E+01 4.45435894605533192E-02 4.65507907087011393E-03 2.46596849281304875E-01 3.28957951604921654E-04 2.12048011602506423E-03 1.22546774843086115E+00
1.28501039E+01 4.44895252854421649E-02 4.64488741386790902E-03 2.46455835771120652E-01 3.28673997306020294E-04 2.11445979533346224E-03 1.22459082015229548E+00
1.28616666E+01 4.44353874708194249E-02 4.63481606600026595E-03 2.46314850702456262E-01 3.28393508512156440E-04 2.10852933116028327E-03 1.22371656934965256E+00
1.28732730E+01 4.43811645852653300E-02 4.62485474679694315E-03 2.46173932369602194E-01 3.28116376398669002E-04 2.10267941426948600E-03 1.22284473357713774E+00
1.28849197E+01 4.43268711851327324E-02 4.61500808891925681E-03 2.46033185616561428E-01 3.27843716519166833E-04 2.09691375736338137E-03 1.22197510388980191E+00
1.28966000E+01 4.42725386311722188E-02 4.60527424795411939E-03 2.45892764503051003E-01 3.27574484226288533E-04 2.09122839233985341E-03 1.22110789805637410E+00
1.29083173E+01 4.42181500755291085E-02 4.59564914998794160E-03 2.45752687815735782E-01 3.27308991176630468E-04 2.08562071360595281E-03 1.22024356700929437E+00
1.29200744E+01 4.41636924050322621E-02 4.58612633345182544E-03 2.45612992773864586E-01 3.27047293046846840E-04 2.08008539871365342E-03 1.21938176164235990E+00
1.29318731E+01 4.41091562532879150E-02 4.57669311752024847E-03 2.45473730832903164E-01 3.26788773324140458E-04 2.07461056826941000E-03 1.21852224937274589E+00
1.29437146E+01 4.40545358880749735E-02 4.56734354093177742E-03 2.45334963537809952E-01 3.26533085407874348E-04 2.06919073581611750E-03 1.21766489625387497E+00
1.29555962E+01 4.39998444363366575E-02 4.55809012624145901E-03 2.45196803180458278E-01 3.26280360550470258E-04 2.06383756620370350E-03 1.21680962994121544E+00
1.29675133E+01 4.39451016031051425E-02 4.54894629686578011E-03 2.45059380396558973E-01 3.26031345565589608E-04 2.05856338713726779E-03 1.21595670243687870E+00
1.29794683E+01 4.38902961946401812E-02 4.53991815366386418E-03 2.44922744088492739E-01 3.25786847730351737E-04 2.05337560904315930E-03 1.21510647738088085E+00
1.29914625E+01 4.38354206388738010E-02 4.53099988109949021E-03 2.44786955999132999E-01 3.25546604451609496E-04 2.04826960134567131E-03 1.21425880834082012E+00
1.30034968E+01 4.37804711351885353E-02 4.52218398885536037E-03 2.44652091505733804E-01 3.25310501488585563E-04 2.04323872303946398E-03 1.21341356218085950E+00
1.30155711E+01 4.37254472734572783E-02 4.51345859757543068E-03 2.44518232817801939E-01 3.25077968357112817E-04 2.03827171771783474E-03 1.21257066565195681E+00
1.30276847E+01 4.36703518218512637E-02 4.50483376382394569E-03 2.44385474316698381E-01 3.24849864929533641E-04 2.03337897911345109E-03 1.21173011864816016E+00
1.30398363E+01 4.36151900842030107E-02 4.49630409606207281E-03 2.44253911740243412E-01 3.24625291867550734E-04 2.02855542393966725E-03 1.21089199833360306E+00
1.30520167E+01 4.35600034442327061E-02 4.48786794780291209E-03 2.44123729566627368E-01 3.24403698523496658E-04 2.02379738117188261E-03 1.21005642433480221E+00
1.30642208E+01 4.35048137212052724E-02 4.47951242724984808E-03 2.43995057928782955E-01 3.24185191699564589E-04 2.01909124327967959E-03 1.20922407863263781E+00
1.30764473E+01 4.34496269940773602E-02 4.47124275558379025E-03 2.43867983170203390E-01 3.23970176193262756E-04 2.01444236301402766E-03 1.20839537249308382E+00
1.30886947E+01 4.33944486715009264E-02 4.46308138149056725E-03 2.43742590004965815E-01 3.23760675063529521E-04 2.00987332745875642E-03 1.20757044561086069E+00
1.31009619E+01 4.33392832465226072E-02 4.45501087595844870E-03 2.43618963201675753E-01 3.23555559651106655E-04 2.00536712235082184E-03 1.20674933646728411E+00
1.31132466E+01 4.32841403543094486E-02 4.44702428127890376E-03 2.43497200056055435E-01 3.23353594720230330E-04 2.00091686340625940E-03 1.20593204498531681E+00
1.31255477E+01 4.32290242257266991E-02 4.43912332783801596E-03 2.43377373538556180E-01 3.23154231109495341E-04 1.99652478728645517E-03 1.20511867854947496E+00
1.31378641E+01 4.31739384057848452E-02 4.43132257901455127E-03 2.43259558864202391E-01 3.22957753955993522E-04 1.99220606858808167E-03 1.20430931056244295E+00
1.31501950E+01 4.31188859789487025E-02 4.42363296413294908E-03 2.43143824222942284E-01 3.22765192166193633E-04 1.98797242801252404E-03 1.20350409746133025E+00
1.31625395E+01 4.30638694432860375E-02 4.41602164534384174E-03 2.43030234634617592E-01 3.22575293777678854E-04 1.98379202495869425E-03 1.20270322574905641E+00
1.31748970E+01 4.30088910238616354E-02 4.40848247163799258E-03 2.42918853580241678E-01 3.22390122500008708E-04 1.97965954778813900E-03 1.20190664423818339E+00
1.31872668E+01 4.29539525021871982E-02 4.40103154400386509E-03 2.42809739949889219E-01 3.22209409602498300E-04 1.97559175355239590E-03 1.20111426414258604E+00
1.31996485E+01 4.28990547977802020E-02 4.39364912017147814E-03 2.42702946775521511E-01 3.22031792815477298E-04 1.97156980667029811E-03 1.20032600184267824E+00
1.32120419E+01 4.28441983201657828E-02 4.38633369062763068E-03 2.42598526340238596E-01 3.21857311448061289E-04 1.96759307025477824E-03 1.19954179451627541E+00
1.32244468E+01 4.27893829873832107E-02 4.37908472432573751E-03 2.42496521059651332E-01 3.21685817188412148E-04 1.96366169917613301E-03 1.19876165690405512E+00
1.32368632E+01 4.27346080303344575E-02 4.37190090902937149E-03 2.42396967911721661E-01 3.21517822574082205E-04 1.95977519750360676E-03 1.19798557952358586E+00
1.32492913E+01 4.26798719909188967E-02 4.36476741710873327E-03 2.42299913288299584E-01 3.21353216198556858E-04 1.95591962296324216E-03 1.19721342620087268E+00
1.32617315E+01 4.26251727721208076E-02 4.35768332352156566E-03 2.42205379010772742E-01 3.21190723832127652E-04 1.95209485939680256E-03 1.19644505431790504E+00
1.32741842E+01 4.25705077870583495E-02 4.35065033525285517E-03 2.42113399044095678E-01 3.21030005446667458E-04 1.94830350011022816E-03 1.19568036255964705E+00
1.32866501E+01 4.25158739888026188E-02 4.34368456945011163E-03 2.42023997794225149E-01 3.20871939410017520E-04 1.94456259820135796E-03 1.19491929060972435E+00
1.32991298E+01 4.24612677679211681E-02 4.33679115930983052E-03 2.41937197582698965E-01 3.20717426845531237E-04 1.94087848148034956E-03 1.19416178233979586E+00
1.33116208E+01 4.24066991612947267E-02 4.32995744452684475E-03 2.41853043129385381E-01 3.20566081516821878E-04 1.93723895635194293E-03 1.19340770565788779E+00
1.33241237E+01 4.23521653442259088E-02 4.32316978430686335E-03 2.41771548124497998E-01 3.20417124051812095E-04 1.93363142301827720E-03 1.19265709051946800E+00
1.33366392E+01 4.22976631741061038E-02 4.31641740802993137E-03 2.41692720272690786E-01 3.20269942615157891E-04 1.93004599594611163E-03 1.19190981039170296E+00
1.33491680E+01 4.22431891495138045E-02 4.30969601770457480E-03 2.41616568369896340E-01 3.20124111269282985E-04 1.92647920008601333E-03 1.19116575563460136E+00
1.33617109E+01 4.21887394229897711E-02 4.30300345385622139E-03 2.41543103324711572E-01 3.19979971518117928E-04 1.92292977183636509E-03 1.19042482136904759E+00
1.33742688E+01 4.21343098931934446E-02 4.29633547663700426E-03 2.41472325955793959E-01 3.19837216491572506E-04 1.91939441428435340E-03 1.18968689754985379E+00
1.33868397E+01 4.20799096248851076E-02 4.28970492041884192E-03 2.41404254845178273E-01 3.19696677459922046E-04 1.91588612228769961E-03 1.18895186540415798E+00
1.33994234E+01 4.20255392494926078E-02 4.28311760269886512E-03 2.41338891039418274E-01 3.19558215062689180E-04 1.91241141693334390E-03 1.18821978509772164E+00
1.34120206E+01 4.19711947414938766E-02 4.27654444918692742E-03 2.41276231117173723E-01 3.19420820119284713E-04 1.90894230777275331E-03 1.18749061732167083E+00
1.34246325E+01 4.19168720522646310E-02 4.26998992009139638E-03 2.41216268852457116E-01 3.19284363541299143E-04 1.90548410015445617E-03 1.18676427110376759E+00
1.34372599E+01 4.18625669471622136E-02 4.26345830125841093E-03 2.41158991754515967E-01 3.19149843415607499E-04 1.90204192725979405E-03 1.18604065174016293E+00
1.34499039E+01 4.18082750888628812E-02 4.25697102920613319E-03 2.41104400146701481E-01 3.19018493602461111E-04 1.89863810565594994E-03 1.18531961029774213E+00
1.34625611E+01 4.17540111306059225E-02 4.25052303024787363E-03 2.41052498757439532E-01 3.18890164192139761E-04 1.89526768163969040E-03 1.18460098982744633E+00
1.34752323E+01 4.16997708979569975E-02 4.24411931572555960E-03 2.41003267958855322E-01 3.18764034922909968E-04 1.89193687948648742E-03 1.18388490737074004E+00
1.34879186E+01 4.16455495195141648E-02 4.23770942118215956E-03 2.40956684811841126E-01 3.18637587453124589E-04 1.88859679668549165E-03 1.18317126760308233E+00
1.35006210E+01 4.15913426860243657E-02 4.23126469023253540E-03 2.40912746472045552E-01 3.18509332792171231E-04 1.88521969058466675E-03 1.18245998484383952E+00
1.35133407E+01 4.15371466863573083E-02 4.22480495219824774E-03 2.40871421366801092E-01 3.18380907891577345E-04 1.88182574636051479E-03 1.18175100455604198E+00
1.35260768E+01 4.14829652847444677E-02 4.21832108704936221E-03 2.40832702879708732E-01 3.18252511003275327E-04 1.87840581428589033E-03 1.18104430455445142E+00
1.35388274E+01 4.14288078204241156E-02 4.21190614606398520E-03 2.40796580367930446E-01 3.18126938722352898E-04 1.87505252412784864E-03 1.18033995559754645E+00
1.35515936E+01 4.13746690363134967E-02 4.20549038075880652E-03 2.40763023115739466E-01 3.18002859971215559E-04 1.87169816132650270E-03 1.17963810280837422E+00
1.35643764E+01 4.13205444120115090E-02 4.19906510472820189E-03 2.40732015857277076E-01 3.17879114567020825E-04 1.86833529933397324E-03 1.17893863636438634E+00
1.35771768E+01 4.12664298320077338E-02 4.19260826907482276E-03 2.40703542720527019E-01 3.17754878069389829E-04 1.86494288765591348E-03 1.17824144020917165E+00
1.35899960E+01 4.12123216908016551E-02 4.18612184256180863E-03 2.40677567269976661E-01 3.17631461067792366E-04 1.86152356435995473E-03 1.17754641379479308E+00
1.36028314E+01 4.11582308380146963E-02 4.17962556637882163E-03 2.40654071516335027E-01 3.17508296474074657E-04 1.85809682128661407E-03 1.17685348082888952E+00
1.36156829E+01 4.11041591238408763E-02 4.17313051318311118E-03 2.40633041908083128E-01 3.17385460825923697E-04 1.85467429934766987E-03 1.17616275151835414E+00
1.36285513E+01 4.10501024606943557E-02 4.16662355675842186E-03 2.40614450699586035E-01 3.17263443420136954E-04 1.85124407387495860E-03 1.17547422364731458E+00
1.36414377E+01 4.09960570471564617E-02 4.16009366691425051E-03 2.40598271582980000E-01 3.17141242025357551E-04 1.84779615073207989E-03 1.17478782026570761E+00
1.36543430E+01 4.09420194165120918E-02 4.15353879621819903E-03 2.40584457235695437E-01 3.17019448137806847E-04 1.84432945030105883E-03 1.17410345514728931E+00
1.36672681E+01 4.08879865082037511E-02 4.14695565401238322E-03 2.40579580200587423E-01 3.16898445447206113E-04 1.84084155563629063E-03 1.17342103643685514E+00
1.36802101E+01 4.08339708994206949E-02 4.14034481634005525E-03 2.40554826943971484E-01 3.16777808985143868E-04 1.83733290274957183E-03 1.17274050163888632E+00
1.36931693E+01 4.07799721389694725E-02 4.13369886702016302E-03 2.40554352208389749E-01 3.16657110560188907E-04 1.83379670769519428E-03 1.17206203266215470E+00
1.37061466E+01 4.07259870894735587E-02 4.12703720985669459E-03 2.40553804016458206E-01 3.16536612669373479E-04 1.83025318338216579E-03 1.17138563133069273E+00
1.37191426E+01 4.06720127466710865E-02 4.12034064931709933E-03 2.40552636758118416E-01 3.16415678051296546E-04 1.82668418124799781E-03 1.17071120566864728E+00
1.37321583E+01 4.06180467882153104E-02 4.11358036599520412E-03 2.40551092300465980E-01 3.16294240762762596E-04 1.82306171472562759E-03 1.17003866164146686E+00
1.37451942E+01 4.05640877676902850E-02 4.10675905664151936E-03 2.40550022132347247E-01 3.16172712792230385E-04 1.81938884977216812E-03 1.16936794743345351E+00
1.37582492E+01 4.05101410424107133E-02 4.09989246031715240E-03 2.40550542490605063E-01 3.16051592568433965E-04 1.81568116396126295E-03 1.16869904157470206E+00
1.37713060E+01 4.04562792672026952E-02 4.09301988877871538E-03 2.40569215919813006E-01 3.15932640243947590E-04 1.81197397410047751E-03 1.16803202410597540E+00
1.37843545E+01 4.04025443675617574E-02 4.08611514248847368E-03 2.40569193354048833E-01 3.15814443867319997E-04 1.80823932951615102E-03 1.16736778716188461E+00
1.37973954E+01 4.03489330428588172E-02 4.07915891252659882E-03 2.40585067113828738E-01 3.15696023729319963E-04 1.80445858495737149E-03 1.16670676785326122E+00
1.38104296E+01 4.02954423227696798E-02 4.07215640166815225E-03 2.40595099649047600E-01 3.15577093698798331E-04 1.80063721935093748E-03 1.16604887316198691E+00
1.38234579E+01 4.02420691659358468E-02 4.06512741393126771E-03 2.40611712927561588E-01 3.15458260576586093E-04 1.79679529015245231E-03 1.16539405704218013E+00
1.38364812E+01 4.01888102167439545E-02 4.05806770884941954E-03 2.40628009789109171E-01 3.15339642466538558E-04 1.79292905008491188E-03 1.16474225453338676E+00
1.38495004E+01 4.01356620365700828E-02 4.05094856602579781E-03 2.40647502479381742E-01 3.15219531399348724E-04 1.78901029566643898E-03 1.16409336340412595E+00
1.38625165E+01 4.00826214288489760E-02 4.04378202462702448E-03 2.40668418029664571E-01 3.15099436599586237E-04 1.78505121589786313E-03 1.16344723556721297E+00
1.38755305E+01 4.00296850978563712E-02 4.03660601040773791E-03 2.40691583341736515E-01 3.14980503443433666E-04 1.78108982038500908E-03 1.16280373155101824E+00
1.38885432E+01 3.99768493035993558E-02 4.02938433964739311E-03 2.40716607898093099E-01 3.14859946576158617E-04 1.77709040961857305E-03 1.16216272441205182E+00
1.39015558E+01 3.99241104007957287E-02 4.02211662887650735E-03 2.40743609964761962E-01 3.14738071733818708E-04 1.77305287517027588E-03 1.16152407212550113E+00
1.39145692E+01 3.98714647517943443E-02 4.01480428278329447E-03 2.40772558006391441E-01 3.14615142754572617E-04 1.76897875451451580E-03 1.16088767270354465E+00
1.39275845E+01 3.98189087230197691E-02 4.00745713018938431E-03 2.40803444870249350E-01 3.14492667010178248E-04 1.76487790637221880E-03 1.16025346823415543E+00
1.39406028E+01 3.97664385288976283E-02 4.00008556597909737E-03 2.40836277190653036E-01 3.14369873258159413E-04 1.76076078394922855E-03 1.15962139241612827E+00
1.39536249E+01 3.97140508938377892E-02 3.99265788045352708E-03 2.40871039938238024E-01 3.14245715372312817E-04 1.75659583999143287E-03 1.15899135321752156E+00
1.39666484E+01 3.96617565588819956E-02 3.98518092247913611E-03 2.40907724617137525E-01 3.14120358774290422E-04 1.75238888118251727E-03 1.15836330704598445E+00
1.39796740E+01 3.96095532141190476E-02 3.97767912845490602E-03 2.40946339529423237E-01 3.13995134822693772E-04 1.74816400175506893E-03 1.15773731896841237E+00
1.39927019E+01 3.95574408528782048E-02 3.97017073607910422E-03 2.40986885854962252E-01 3.13870568571480535E-04 1.74393914138836923E-03 1.15711325290326550E+00
1.40057331E+01 3.95054149640609240E-02 3.96263973649198763E-03 2.41029366081595114E-01 3.13745543109570323E-04 1.73969850125792387E-03 1.15649104168138539E+00
1.40187689E+01 3.94534710621059631E-02 3.95504618373744479E-03 2.41073785544838631E-01 3.13617650226080365E-04 1.73540224989422428E-03 1.15587054735722616E+00
1.40318104E+01 3.94016051392517899E-02 3.94739763740534037E-03 2.41120156808201980E-01 3.13487882594024763E-04 1.73105755667564616E-03 1.15525162291480310E+00
1.40448589E+01 3.93498132403679521E-02 3.93974081713094771E-03 2.41168498709443485E-01 3.13357775381171652E-04 1.72671060706039068E-03 1.15463419266062228E+00
1.40579154E+01 3.92980916590521256E-02 3.93205843205291297E-03 2.41218834035413388E-01 3.13226814406526320E-04 1.72234396424237397E-03 1.15401821491149459E+00
1.40709809E+01 3.92464366696169548E-02 3.92433873034297998E-03 2.41271171436848175E-01 3.13094513227053556E-04 1.71794569552745531E-03 1.15340357744883937E+00
1.40840567E+01 3.91948437294248400E-02 3.91657414782200716E-03 2.41325533258439973E-01 3.12959919864394260E-04 1.71350799971223809E-03 1.15279020160432655E+00
1.40971441E+01 3.91433084133784720E-02 3.90877557023629630E-03 2.41381942333073085E-01 3.12823444010322266E-04 1.70904137480916841E-03 1.15217805647306859E+00
1.41102443E+01 3.90918262805003344E-02 3.90094779469894303E-03 2.41440427418193326E-01 3.12685689546986342E-04 1.70455024728628020E-03 1.15156700956727187E+00
1.41233587E+01 3.90403928412715942E-02 3.89309235454726732E-03 2.41501021324316362E-01 3.12547408947718070E-04 1.70003578624738786E-03 1.15095693218288142E+00
1.41364885E+01 3.89890036340109908E-02 3.88523291735946418E-03 2.41563750251838238E-01 3.12409935230676685E-04 1.69552119788547208E-03 1.15034775855916660E+00
1.41496351E+01 3.89376539302734304E-02 3.87735816302421784E-03 2.41628650722645832E-01 3.12271082399032075E-04 1.69099490526912716E-03 1.14973943111406629E+00
1.41627967E+01 3.88863511986904942E-02 3.86945430684872919E-03 2.41695739045690611E-01 3.12130377367887083E-04 1.68644212287861767E-03 1.14913188270119671E+00
1.41759724E+01 3.88350996698013790E-02 3.86154042013223857E-03 2.41765053700017024E-01 3.11989644475029371E-04 1.68188100670378258E-03 1.14852524165690006E+00
1.41891634E+01 3.87838941518335173E-02 3.85365974944406253E-03 2.41836628692654404E-01 3.11851739363031607E-04 1.67735459694172157E-03 1.14791960180653607E+00
1.42023714E+01 3.87327288779702530E-02 3.84582179448380830E-03 2.41910507578679157E-01 3.11717491729943206E-04 1.67287266369109573E-03 1.14731487005527666E+00
1.42155976E+01 3.86815978595603585E-02 3.83799992103127374E-03 2.41986740800534228E-01 3.11584383560408048E-04 1.66840901685923063E-03 1.14671094456581435E+00
1.42288437E+01 3.86304954672341827E-02 3.83016032962140568E-03 2.42065385873045935E-01 3.11450328303599646E-04 1.66393004399361007E-03 1.14610773016284440E+00
1.42420966E+01 3.85794716971569196E-02 3.82230443646688510E-03 2.42146397501733252E-01 3.11314287670653935E-04 1.65943327294329371E-03 1.14550512459918341E+00
1.42553403E+01 3.85285885817910206E-02 3.81445042034483667E-03 2.42229708782130404E-01 3.11177245534154578E-04 1.65493203670056556E-03 1.14490371763241683E+00
1.42685752E+01 3.84778446189708995E-02 3.80663004574897847E-03 2.42315356470915205E-01 3.11042821626063173E-04 1.65045747040502453E-03 1.14430427891575492E+00
1.42818000E+01 3.84272441905591094E-02 3.79884039111009868E-03 2.42403378619884785E-01 3.10909490733081125E-04 1.64600580830742737E-03 1.14370681100164151E+00
1.42950157E+01 3.83767830434526072E-02 3.79104903588115254E-03 2.42493801056709118E-01 3.10774377969105006E-04 1.64154452749766229E-03 1.14311133996429937E+00
1.43082146E+01 3.83264904744587617E-02 3.78324766369598142E-03 2.42586603213127833E-01 3.10637226640703113E-04 1.63706279310245621E-03 1.14251779886397298E+00
1.43213943E+01 3.82763748006196558E-02 3.77546351429221836E-03 2.42681802605793223E-01 3.10499357383875365E-04 1.63258648384810557E-03 1.14192653575305059E+00
1.43345576E+01 3.82264258183246039E-02 3.76773907066469673E-03 2.42779459246212248E-01 3.10363186489393450E-04 1.62815808710401627E-03 1.14133765133369702E+00
1.43477021E+01 3.81766518815210010E-02 3.76008116870894067E-03 2.42879586197157576E-01 3.10229445354095047E-04 1.62378364580402523E-03 1.14075106112778535E+00
1.43608283E+01 3.81270492028605232E-02 3.75245652784041194E-03 2.42982228742720574E-01 3.10095641514551636E-04 1.61943008756651853E-03 1.14016688258502108E+00
1.43739379E+01 3.80776109278796737E-02 3.74484884906070613E-03 2.43087433852275853E-01 3.09960920905064032E-04 1.61508133301821889E-03 1.13958505271899924E+00
1.43870338E+01 3.80283260820374058E-02 3.73724344644380847E-03 2.43195256206348159E-01 3.09824056981996968E-04 1.61072295855065268E-03 1.13900547849091605E+00
1.44001186E+01 3.79791836962155918E-02 3.72967405017169112E-03 2.43305752845628803E-01 3.09687558767995908E-04 1.60638875645431460E-03 1.13842803898899669E+00
1.44131955E+01 3.79301722717187845E-02 3.72216904675721615E-03 2.43418995766078977E-01 3.09554168326516162E-04 1.60210745500033208E-03 1.13785261980952934E+00
1.44262674E+01 3.78812797662055056E-02 3.71470273842480336E-03 2.43535063002779523E-01 3.09421608658813825E-04 1.59785400778755977E-03 1.13727907369025472E+00
1.44393375E+01 3.78324940518503169E-02 3.70725193035208915E-03 2.43654007912106702E-01 3.09288078861419630E-04 1.59360583419583795E-03 1.13670723285592423E+00
1.44524088E+01 3.77838030844850556E-02 3.69981151575583811E-03 2.43775887462256091E-01 3.09152938100502753E-04 1.58935822844840616E-03 1.13613693175094332E+00
1.44654846E+01 3.77351947472837415E-02 3.69238945305183511E-03 2.43900756849409484E-01 3.09017555002628246E-04 1.58511945675924660E-03 1.13556800647971334E+00
1.44785679E+01 3.76866581254952995E-02 3.68502149155718658E-03 2.44028669790806785E-01 3.08884636063672265E-04 1.58092549228471251E-03 1.13500030577412447E+00
1.44916500E+01 3.76382253987871743E-02 3.67771527904629976E-03 2.44159539501059564E-01 3.08754673590201959E-04 1.57678168882363677E-03 1.13443369703216002E+00
1.45047273E+01 3.75899085661402024E-02 3.67044915200589626E-03 2.44293313394954664E-01 3.08625356805301160E-04 1.57266558212273456E-03 1.13386851867514626E+00
1.45178023E+01 3.75416980406812137E-02 3.66320522869112647E-03 2.44429973171371551E-01 3.08494534950399114E-04 1.56855981080424663E-03 1.13330485372743617E+00
1.45308639E+01 3.74936337907649311E-02 3.65598400790522523E-03 2.44569344063987504E-01 3.08362204261115088E-04 1.56446201100994683E-03 1.13274255160909965E+00
1.45438940E+01 3.74457824676282455E-02 3.64882967607528226E-03 2.44711165402515918E-01 3.08232003271484022E-04 1.56041167884945218E-03 1.13218207028394713E+00
1.45568917E+01 3.73981453764836227E-02 3.64175261074216675E-03 2.44855392673140937E-01 3.08104599210661521E-04 1.55641892450854367E-03 1.13162417657092429E+00
1.45698589E+01 3.73507147116657473E-02 3.63472746275923710E-03 2.45002035103894650E-01 3.07977257711177074E-04 1.55245887937654494E-03 1.13106887711186932E+00
1.45827974E+01 3.73034825923953955E-02 3.62774880273733632E-03 2.45151141732450534E-01 3.07848671888637552E-04 1.54852650088269875E-03 1.13051608377317070E+00
1.45957092E+01 3.72564408030358965E-02 3.62081738517924800E-03 2.45302813583960111E-01 3.07719039266967688E-04 1.54462303167485345E-03 1.12996571985476502E+00
1.46085963E+01 3.72095807966238354E-02 3.61394231393850907E-03 2.45457183591405725E-01 3.07590897908658505E-04 1.54075818157218343E-03 1.12941770761079185E+00
1.46214610E+01 3.71628936051616177E-02 3.60714166220252753E-03 2.45614390058650378E-01 3.07465457813831968E-04 1.53695056843163383E-03 1.12887196864161932E+00
1.46343055E+01 3.71163689585266854E-02 3.60037727228551194E-03 2.45774581700796468E-01 3.07340363800014549E-04 1.53316270649943667E-03 1.12832842138400946E+00
1.46471331E+01 3.70699954683560776E-02 3.59362995869920519E-03 2.45937881574579992E-01 3.07213827267951978E-04 1.52937585878801892E-03 1.12778696359865993E+00
1.46599468E+01 3.70237607412125316E-02 3.58690590831042952E-03 2.46104401045970561E-01 3.07086260836433595E-04 1.52559649968609236E-03 1.12724750158012088E+00
1.46727504E+01 3.69776513911804286E-02 3.58020552083889191E-03 2.46274245314636375E-01 3.06957958811901628E-04 1.52182538119108833E-03 1.12670995711076172E+00
1.46855477E+01 3.69316532600536263E-02 3.57354881554160361E-03 2.46447521902687428E-01 3.06831298619637078E-04 1.51808296018725677E-03 1.12617423635252445E+00
1.46983415E+01 3.68857553933861423E-02 3.56693280497505589E-03 2.46624318872850107E-01 3.06705366278025757E-04 1.51436660468879129E-03 1.12564021661577107E+00
1.47111315E+01 3.68399593055775618E-02 3.56034009291328248E-03 2.46804657501783598E-01 3.06578527023610413E-04 1.51065851020858177E-03 1.12510779283056839E+00
1.47239163E+01 3.67942691074267941E-02 3.55376951464749522E-03 2.46988542569730546E-01 3.06451754689437853E-04 1.50695680979378091E-03 1.12457700882817924E+00
1.47366962E+01 3.67486835838681941E-02 3.54722384185790669E-03 2.47175997941171843E-01 3.06325471466313397E-04 1.50326382311820480E-03 1.12404796419431818E+00
1.47494628E+01 3.67032322853955983E-02 3.54073627738018312E-03 2.47366910808040991E-01 3.06201578089717241E-04 1.49961042001620429E-03 1.12352070558709838E+00
1.47622181E+01 3.66579074987778905E-02 3.53431160074886477E-03 2.47561335137388011E-01 3.06079961496026794E-04 1.49600162130213523E-03 1.12299563324381557E+00
1.47749642E+01 3.66127003670627116E-02 3.52792185662138998E-03 2.47759321159550017E-01 3.05958777159064533E-04 1.49240986827532804E-03 1.12247269681294504E+00
1.47877056E+01 3.65675942938957291E-02 3.52154974207354683E-03 2.47960947181457642E-01 3.05836967845607834E-04 1.48881852599249873E-03 1.12195182003958949E+00
1.48004472E+01 3.65225724099858956E-02 3.51519078930676585E-03 2.48166305807615034E-01 3.05714060857609703E-04 1.48522357105206624E-03 1.12143284882283778E+00
1.48131937E+01 3.64776173927464642E-02 3.50884814458796808E-03 2.48375505855417456E-01 3.05590420785041041E-04 1.48162852366901920E-03 1.12091564779245889E+00
1.48259503E+01 3.64327113251267445E-02 3.50254829973785332E-03 2.48588660225649127E-01 3.05468735827013019E-04 1.47806028049766503E-03 1.12040009900476178E+00
1.48387222E+01 3.63878353724940706E-02 3.49630054752535918E-03 2.48805887643545692E-01 3.05349864828201897E-04 1.47452875681050111E-03 1.11988609266188521E+00
1.48515150E+01 3.63429697745949118E-02 3.49010826616406996E-03 2.49027296211475541E-01 3.05233139617199281E-04 1.47103812856611699E-03 1.11937350178089190E+00
1.48643334E+01 3.62980978401503188E-02 3.48395951957271559E-03 2.49252977432615735E-01 3.05117436621075435E-04 1.46757720215235071E-03 1.11886218623745792E+00
1.48771491E+01 3.62533179806846517E-02 3.47785031407996320E-03 2.49482414733045554E-01 3.05001571439020020E-04 1.46413588759550391E-03 1.11835204272045208E+00
1.48899266E+01 3.62087532315466115E-02 3.47181231967291261E-03 2.49714918093235705E-01 3.04887299258177914E-04 1.46073824468692225E-03 1.11784427457499080E+00
1.49026692E+01 3.61643912367636822E-02 3.46585668304177615E-03 2.49950461844592353E-01 3.04775768352797099E-04 1.45739592153693075E-03 1.11734036146943838E+00
1.49153799E+01 3.61202193396474719E-02 3.45996520288737418E-03 2.50189006965215510E-01 3.04665627833419880E-04 1.45409128473143225E-03 1.11684023446813496E+00
1.49280622E+01 3.60762247776374514E-02 3.45412760607781508E-03 2.50430511341356465E-01 3.04555967099871512E-04 1.45081451458107993E-03 1.11634380958095081E+00
1.49407195E+01 3.60323945556474678E-02 3.44836847191985936E-03 2.50674939714270351E-01 3.04447060034517458E-04 1.44759061507612362E-03 1.11585101094939954E+00
1.49533554E+01 3.59887146061946481E-02 3.44267315429387741E-03 2.50922263109096821E-01 3.04339213100200288E-04 1.44440614795163431E-03 1.11536176928941932E+00
1.49659736E+01 3.59451710754681644E-02 3.43703680123537371E-03 2.51172448408362614E-01 3.04233728184304683E-04 1.44125726294548617E-03 1.11487597337192823E+00
1.49785779E+01 3.59017495594175506E-02 3.43145175924184026E-03 2.51425486920808683E-01 3.04129907952535084E-04 1.43813673631225402E-03 1.11439351559565059E+00
1.49892889E+01 3.58649069938357032E-02 3.42675010408316017E-03 2.51643108653538616E-01 3.04043320529866852E-04 1.43551363920912142E-03 1.11391429427307131E+00
1.50000000E+01 3.58281167964926983E-02 3.42208268742810436E-03 2.51862805271473589E-01 3.03957333539622127E-04 1.43290969111329334E-03 1.11350916215495066E+00
