#  time, MeanKE MeanKEDR MeanP
0 1.24981176165412808E-01 4.68679415817068389E-04 -5.50482138072360219E-18
7.36310778E-03 1.24977302689292927E-01 4.68667536012816791E-04 6.16318228418847236E-05
1.47275078E-02 1.24973710011765465E-01 4.68662002059082458E-04 7.22178465858209264E-05
2.20921212E-02 1.24970210787831937E-01 4.68662111284739568E-04 7.12040046441360868E-05
2.94570006E-02 1.24966742355487923E-01 4.68667628943650934E-04 6.62266081086863167E-05
3.68222056E-02 1.24963283777692377E-01 4.68678477190927819E-04 5.69804307342020901E-05
4.41877984E-02 1.24959828029262768E-01 4.68694630794453423E-04 4.33746111966316173E-05
5.15538417E-02 1.24956372722602460E-01 4.68716082355134637E-04 2.54311735887304508E-05
5.89202906E-02 1.24952917066902300E-01 4.68742830279825868E-04 3.14911261621523242E-06
6.62869846E-02 1.24949460840644275E-01 4.68774874494880082E-04 -2.34715314115812054E-05
7.36539872E-02 1.24946003889275709E-01 4.68812216581743842E-04 -5.44276587834308686E-05
8.10213616E-02 1.24942546115503025E-01 4.68854858776023757E-04 -8.97155260987671211E-05
8.83891711E-02 1.24939087441142377E-01 4.68902803824227711E-04 -1.29330940336411856E-04
9.57574787E-02 1.24935627794403051E-01 4.68956054934853460E-04 -1.73269382719983781E-04
1.03126347E-01 1.24932167105584843E-01 4.69014615762500795E-04 -2.21526053057161630E-04
1.10495840E-01 1.24928705305728902E-01 4.69078490401694890E-04 -2.74095880225299195E-04
1.17866019E-01 1.24925242326122038E-01 4.69147683384171137E-04 -3.30973523853330754E-04
1.25236947E-01 1.24921778098178782E-01 4.69222199678073759E-04 -3.92153372717893344E-04
1.32608687E-01 1.24918312553297647E-01 4.69302044686819458E-04 -4.57629542224758940E-04
1.39981300E-01 1.24914845622952880E-01 4.69387224248084712E-04 -5.27395872672379077E-04
1.47354848E-01 1.24911377238642651E-01 4.69477744633303305E-04 -6.01445925442197740E-04
1.54729393E-01 1.24907907331852544E-01 4.69573612546417437E-04 -6.79772980735893683E-04
1.62104710E-01 1.24904435969212746E-01 4.69674831081515350E-04 -7.62366786773264267E-04
1.69480822E-01 1.24900963099974269E-01 4.69781406627200993E-04 -8.49219077943149563E-04
1.76857792E-01 1.24897488655453900E-01 4.69893346488485400E-04 -9.40300064256428879E-04
1.84235680E-01 1.24894012566955689E-01 4.70010658401341565E-04 -1.03567036154465406E-03
1.91614549E-01 1.24890534765818725E-01 4.70133350531621002E-04 -1.13524229012807376E-03
1.98994459E-01 1.24887055183391479E-01 4.70261431474153148E-04 -1.23904407673851172E-03
2.06375471E-01 1.24883573751048221E-01 4.70394910251747034E-04 -1.34706089143757759E-03
2.13757646E-01 1.24880090400226018E-01 4.70533796313909319E-04 -1.45928299631091236E-03
2.21141044E-01 1.24876605062324550E-01 4.70678099535906192E-04 -1.57570047108344653E-03
2.28525725E-01 1.24873117668830885E-01 4.70827830217481836E-04 -1.69630308589538772E-03
2.35911748E-01 1.24869628151217063E-01 4.70982999081644724E-04 -1.82108029752489371E-03
2.43299174E-01 1.24866136441035031E-01 4.71143617273603907E-04 -1.95002124113086606E-03
2.50688060E-01 1.24862642469823676E-01 4.71309696359334125E-04 -2.08311472738611711E-03
2.58078422E-01 1.24859146189524414E-01 4.71481247310426201E-04 -2.22034843461119862E-03
2.65470050E-01 1.24855647659120911E-01 4.71658275892914976E-04 -2.36170525436820702E-03
2.72863002E-01 1.24852146809773579E-01 4.71840794273213236E-04 -2.50717247833187129E-03
2.80257337E-01 1.24848643572678233E-01 4.72028815036012192E-04 -2.65673707880015667E-03
2.87653115E-01 1.24845137879072060E-01 4.72222351183378011E-04 -2.81038570031084435E-03
2.95050392E-01 1.24841629660209119E-01 4.72421416132805456E-04 -2.96810464081736581E-03
3.02449227E-01 1.24838118847384050E-01 4.72626023716116227E-04 -3.12987984709986455E-03
3.09849676E-01 1.24834605371935040E-01 4.72836188177867193E-04 -3.29569690757070335E-03
3.17251798E-01 1.24831089165216541E-01 4.73051924173706090E-04 -3.46554104891529449E-03
3.24655647E-01 1.24827570158642112E-01 4.73273246768955171E-04 -3.63939712847637315E-03
3.32061280E-01 1.24824048283659034E-01 4.73500171436840381E-04 -3.81724962919235879E-03
3.39468752E-01 1.24820523471741343E-01 4.73732714056988977E-04 -3.99908265390593910E-03
3.46878118E-01 1.24816995654420157E-01 4.73970890913779697E-04 -4.18487991895527198E-03
3.54289433E-01 1.24813464763271695E-01 4.74214718694492790E-04 -4.37462474649977576E-03
3.61702751E-01 1.24809930729889190E-01 4.74464214487652590E-04 -4.56830006185047696E-03
3.69117880E-01 1.24806393602576587E-01 4.74719387274477264E-04 -4.76588182962300183E-03
3.76534827E-01 1.24802853335267555E-01 4.74980252742655644E-04 -4.96735049936561108E-03
3.83953647E-01 1.24799309859006557E-01 4.75246828583010224E-04 -5.17268735531320120E-03
3.91374392E-01 1.24795763104897081E-01 4.75519132884423502E-04 -5.38187327912076265E-03
3.98797118E-01 1.24792213004018868E-01 4.75797184132234496E-04 -5.59488873299694538E-03
4.06221876E-01 1.24788659487599554E-01 4.76081001206533298E-04 -5.81171374861921917E-03
4.13648719E-01 1.24785102486805785E-01 4.76370603379812092E-04 -6.03232792242942763E-03
4.21077698E-01 1.24781541932911910E-01 4.76666010315374958E-04 -6.25671040800003259E-03
4.28508865E-01 1.24777977757237368E-01 4.76967242065046951E-04 -6.48483990769927864E-03
4.35942270E-01 1.24774409891107524E-01 4.77274319067387391E-04 -6.71669466767916591E-03
4.43377962E-01 1.24770838265940182E-01 4.77587262145583635E-04 -6.95225246749129125E-03
4.50815992E-01 1.24767262813180832E-01 4.77906092505238822E-04 -7.19149061554516175E-03
4.58256408E-01 1.24763683464313907E-01 4.78230831732438029E-04 -7.43438594026220052E-03
4.65699258E-01 1.24760100150910699E-01 4.78561501791393282E-04 -7.68091478148636656E-03
4.73144589E-01 1.24756512804550718E-01 4.78898125022500011E-04 -7.93105298455502872E-03
4.80592289E-01 1.24752921433682884E-01 4.79240716753575409E-04 -8.18477043887677093E-03
4.88042300E-01 1.24749326020250711E-01 4.79589294797781447E-04 -8.44203814502848295E-03
4.95494671E-01 1.24745726495130174E-01 4.79943882104721443E-04 -8.70283013747248646E-03
5.02949449E-01 1.24742122789214205E-01 4.80304501996776912E-04 -8.96711993701139465E-03
5.10406679E-01 1.24738514833467831E-01 4.80671178166554704E-04 -9.23488054664518311E-03
5.17866410E-01 1.24734902558895452E-01 4.81043934674687591E-04 -9.50608443975205046E-03
5.25328685E-01 1.24731285896559574E-01 4.81422795947434711E-04 -9.78070354773537091E-03
5.32793549E-01 1.24727664777587191E-01 4.81807786774324730E-04 -1.00587092578408172E-02
5.40261047E-01 1.24724039133127795E-01 4.82198932305743220E-04 -1.03400724017049372E-02
5.47731221E-01 1.24720408894440554E-01 4.82596258050391235E-04 -1.06247632482762040E-02
5.55204115E-01 1.24716773992754854E-01 4.82999789872958830E-04 -1.09127514938674331E-02
5.62679770E-01 1.24713134359435374E-01 4.83409553991489746E-04 -1.12040062573257344E-02
5.70158227E-01 1.24709489925862407E-01 4.83825576975033245E-04 -1.14984960694878447E-02
5.77639527E-01 1.24705840623494629E-01 4.84247885740756714E-04 -1.17961888640188903E-02
5.85123709E-01 1.24702186383799929E-01 4.84676507551747016E-04 -1.20970519731660956E-02
5.92610812E-01 1.24698527138377133E-01 4.85111470013983826E-04 -1.24010521129047160E-02
6.00100875E-01 1.24694862818831645E-01 4.85552801074056579E-04 -1.27081553841288577E-02
6.07593759E-01 1.24691193442686560E-01 4.86000518471089570E-04 -1.30183199577172740E-02
6.15089453E-01 1.24687518965953592E-01 4.86454647395893555E-04 -1.33315084104008198E-02
6.22587994E-01 1.24683839319333606E-01 4.86915216416046849E-04 -1.36476848012357359E-02
6.30089421E-01 1.24680154433608165E-01 4.87382254435495964E-04 -1.39668125480303280E-02
6.37593772E-01 1.24676464239593859E-01 4.87855790691960891E-04 -1.42888544200615534E-02
6.45101083E-01 1.24672768668162931E-01 4.88335854754013885E-04 -1.46137725289533556E-02
6.52611388E-01 1.24669067650258161E-01 4.88822476518281949E-04 -1.49415283235554922E-02
6.60124725E-01 1.24665361116888057E-01 4.89315686206665099E-04 -1.52720825770892472E-02
6.67641125E-01 1.24661648999100011E-01 4.89815514363500359E-04 -1.56053953873623533E-02
6.75160624E-01 1.24657931228017702E-01 4.90321991852531039E-04 -1.59414261577083480E-02
6.82683253E-01 1.24654207734820985E-01 4.90835149854078811E-04 -1.62801336010929762E-02
6.90209043E-01 1.24650478450756816E-01 4.91355019861935624E-04 -1.66214757235921239E-02
6.97738027E-01 1.24646743307103819E-01 4.91881633680687786E-04 -1.69654098242318502E-02
7.05270234E-01 1.24643002235246270E-01 4.92415023422353528E-04 -1.73118924785357828E-02
7.12805693E-01 1.24639255166603818E-01 4.92955221503585980E-04 -1.76608795403642993E-02
7.20344433E-01 1.24635502032673998E-01 4.93502260642442246E-04 -1.80123261313096458E-02
7.27886481E-01 1.24631742764997624E-01 4.94056173855501705E-04 -1.83661866320492771E-02
7.35431864E-01 1.24627977295207151E-01 4.94616994454301047E-04 -1.87224146761614078E-02
7.42980607E-01 1.24624205554969239E-01 4.95184756042875082E-04 -1.90809631475039043E-02
7.50532737E-01 1.24620427476051482E-01 4.95759492513865325E-04 -1.94417841654873809E-02
7.58088124E-01 1.24616643066602778E-01 4.96341226242394688E-04 -1.98048217184011340E-02
7.65646774E-01 1.24612852268153759E-01 4.96929989816988693E-04 -2.01700253821056573E-02
7.73208712E-01 1.24609055011373301E-01 4.97525817766444802E-04 -2.05373449985324051E-02
7.80773963E-01 1.24605251226979380E-01 4.98128744903471722E-04 -2.09067296305950508E-02
7.88342551E-01 1.24601440845782521E-01 4.98738806321996891E-04 -2.12781275624337463E-02
7.95914498E-01 1.24597623798638063E-01 4.99356037393450269E-04 -2.16514862933561425E-02
8.03489828E-01 1.24593800016492048E-01 4.99980473763485603E-04 -2.20267525365126782E-02
8.11068562E-01 1.24589969430315556E-01 5.00612151348724674E-04 -2.24038722081113147E-02
8.18650720E-01 1.24586131971185163E-01 5.01251106333235811E-04 -2.27827904288854279E-02
8.26236321E-01 1.24582287570205189E-01 5.01897375165399136E-04 -2.31634515157134631E-02
8.33825385E-01 1.24578436158587214E-01 5.02550994553948357E-04 -2.35457989785649649E-02
8.41417929E-01 1.24574577667572503E-01 5.03212001465098285E-04 -2.39297755186588974E-02
8.49013971E-01 1.24570712028489725E-01 5.03880433118592160E-04 -2.43153230222939547E-02
8.56613526E-01 1.24566839172726818E-01 5.04556326984429305E-04 -2.47023825601346975E-02
8.64216610E-01 1.24562959031743151E-01 5.05239720779227961E-04 -2.50908943802556142E-02
8.71823237E-01 1.24559071537074573E-01 5.05930652462700976E-04 -2.54807979122862981E-02
8.79433420E-01 1.24555176620295846E-01 5.06629160234056469E-04 -2.58720317598637971E-02
8.87047172E-01 1.24551274213088398E-01 5.07335282528240529E-04 -2.62645337001968272E-02
8.94664506E-01 1.24547364247172720E-01 5.08049058012519810E-04 -2.66582406871265602E-02
9.02285431E-01 1.24543446654336934E-01 5.08770525582595968E-04 -2.70530888394267532E-02
9.09909957E-01 1.24539521366475878E-01 5.09499724359175352E-04 -2.74490134546355770E-02
9.17538094E-01 1.24535588315494827E-01 5.10236693683925688E-04 -2.78459489981942344E-02
9.25169849E-01 1.24531647433418602E-01 5.10981473115959799E-04 -2.82438291067194161E-02
9.32805231E-01 1.24527698652334387E-01 5.11734102428053469E-04 -2.86425865913463931E-02
9.40444245E-01 1.24523741904368296E-01 5.12494621602718682E-04 -2.90421534350813436E-02
9.48086896E-01 1.24519777121737646E-01 5.13263070828641694E-04 -2.94424607990889479E-02
9.55733190E-01 1.24515804236746130E-01 5.14039490496509825E-04 -2.98434390198693972E-02
9.63383129E-01 1.24511823181715955E-01 5.14823921195596557E-04 -3.02450176160319745E-02
9.71036696E-01 1.24507833900734402E-01 5.15616401386975298E-04 -3.06471241058586044E-02
9.78693824E-01 1.24503836361147438E-01 5.16416964976433514E-04 -3.10496828529920818E-02
9.86354518E-01 1.24499830494072705E-01 5.17225653188421600E-04 -3.14526211219000804E-02
9.94018781E-01 1.24495816230748998E-01 5.18042507439035911E-04 -3.18558653656757437E-02
1.00168662E+00 1.24491793502436554E-01 5.18867569332255498E-04 -3.22593412343018943E-02
1.00935802E+00 1.24487762240492725E-01 5.19700880655646715E-04 -3.26629735936192142E-02
1.01703301E+00 1.24483722376352482E-01 5.20542483376719217E-04 -3.30666865228115420E-02
1.02471156E+00 1.24479673841490446E-01 5.21392419638499593E-04 -3.34704033329257314E-02
1.03239369E+00 1.24475616567491856E-01 5.22250731755758237E-04 -3.38740465643804500E-02
1.04007939E+00 1.24471550485971083E-01 5.23117462210765673E-04 -3.42775379995012494E-02
1.04776866E+00 1.24467475528631133E-01 5.23992653649166511E-04 -3.46807986736990606E-02
1.05546149E+00 1.24463391627274794E-01 5.24876348875903177E-04 -3.50837488793717192E-02
1.06315788E+00 1.24459298713724784E-01 5.25768590851196011E-04 -3.54863081762553795E-02
1.07085782E+00 1.24455196719899921E-01 5.26669422686057388E-04 -3.58883954140016836E-02
1.07856131E+00 1.24451085577807721E-01 5.27578887638292197E-04 -3.62899287226839187E-02
1.08626834E+00 1.24446965219484812E-01 5.28497029108536387E-04 -3.66908255450053844E-02
1.09397891E+00 1.24442835577049521E-01 5.29423890635494069E-04 -3.70910026385672803E-02
1.10169299E+00 1.24438696582735431E-01 5.30359515892076124E-04 -3.74903760872844841E-02
1.10941059E+00 1.24434548168770753E-01 5.31303948681235354E-04 -3.78888613276525191E-02
1.11713170E+00 1.24430390267507962E-01 5.32257232931276328E-04 -3.82863731489834144E-02
1.12485629E+00 1.24426222811357443E-01 5.33219412692109576E-04 -3.86828257189131830E-02
1.13258436E+00 1.24422045732766162E-01 5.34190532130412034E-04 -3.90781325975605442E-02
1.14031590E+00 1.24417858964290889E-01 5.35170635525802842E-04 -3.94722067529591492E-02
1.14805089E+00 1.24413662438546249E-01 5.36159767266150382E-04 -3.98649605788722258E-02
1.15578932E+00 1.24409456088184114E-01 5.37157971843616345E-04 -4.02563059171388779E-02
1.16353116E+00 1.24405239845954280E-01 5.38165293849945199E-04 -4.06461540719694966E-02
1.17127642E+00 1.24401013644670100E-01 5.39181777972238944E-04 -4.10344158343791399E-02
1.17902506E+00 1.24396777417173740E-01 5.40207468988882140E-04 -4.14210014994035314E-02
1.18677707E+00 1.24392531096432321E-01 5.41242411764743117E-04 -4.18058208914368762E-02
1.19453243E+00 1.24388274615416766E-01 5.42286651247055854E-04 -4.21887833842381973E-02
1.20229112E+00 1.24384007907202138E-01 5.43340232461104306E-04 -4.25697979227148346E-02
1.21005312E+00 1.24379730904896652E-01 5.44403200505605769E-04 -4.29487730521700417E-02
1.21781842E+00 1.24375443541679773E-01 5.45475600548571068E-04 -4.33256169354551759E-02
1.22558698E+00 1.24371145750807682E-01 5.46557477822840246E-04 -4.37002373859168569E-02
1.23335878E+00 1.24366837465563096E-01 5.47648877621627903E-04 -4.40725418889531817E-02
1.24113381E+00 1.24362518619323612E-01 5.48749845294274098E-04 -4.44424376297258283E-02
1.24891203E+00 1.24358189145462178E-01 5.49860426241802051E-04 -4.48098315199018313E-02
1.25669343E+00 1.24353848977463946E-01 5.50980665912580896E-04 -4.51746302299062749E-02
1.26447797E+00 1.24349498048872381E-01 5.52110609797819090E-04 -4.55367402144718353E-02
1.27226563E+00 1.24345136293232530E-01 5.53250303427519361E-04 -4.58960677408053325E-02
1.28005639E+00 1.24340763644163813E-01 5.54399792365773488E-04 -4.62525189264074571E-02
1.28785022E+00 1.24336380035336549E-01 5.55559122206639947E-04 -4.66059997603072707E-02
1.29564708E+00 1.24331985400468720E-01 5.56728338569758099E-04 -4.69564161449080794E-02
1.30344695E+00 1.24327579673336686E-01 5.57907487096114593E-04 -4.73036739206645837E-02
1.31124979E+00 1.24323162787728508E-01 5.59096613443420764E-04 -4.76476789018411492E-02
1.31905559E+00 1.24318734677495657E-01 5.60295763282397507E-04 -4.79883369147327404E-02
1.32686430E+00 1.24314295276524600E-01 5.61504982291919784E-04 -4.83255538258218209E-02
1.33467590E+00 1.24309844518729520E-01 5.62724316155223002E-04 -4.86592355762418410E-02
1.34249035E+00 1.24305382338088133E-01 5.63953810555361612E-04 -4.89892882290182616E-02
1.35030762E+00 1.24300908668559473E-01 5.65193511171202447E-04 -4.93156179866746786E-02
1.35812768E+00 1.24296423444180903E-01 5.66443463673148187E-04 -4.96381312462954166E-02
1.36595049E+00 1.24291926599001540E-01 5.67703713719076050E-04 -4.99567346233210779E-02
1.37377602E+00 1.24287418067088096E-01 5.68974306950225631E-04 -5.02713349987888511E-02
1.38160423E+00 1.24282897782541937E-01 5.70255288986947959E-04 -5.05818395482922414E-02
1.38943509E+00 1.24278365679470315E-01 5.71546705424929875E-04 -5.08881557917142124E-02
1.39726856E+00 1.24273821691987585E-01 5.72848601830925740E-04 -5.11901916222432876E-02
1.40510460E+00 1.24269265754268401E-01 5.74161023738943327E-04 -5.14878553512153336E-02
1.41294317E+00 1.24264697800429549E-01 5.75484016646249938E-04 -5.17810557473650859E-02
1.42078425E+00 1.24260117764668346E-01 5.76817626009595483E-04 -5.20697020759850748E-02
1.42862778E+00 1.24255525581107668E-01 5.78161897241121999E-04 -5.23537041393467018E-02
1.43647374E+00 1.24250921183935353E-01 5.79516875704891928E-04 -5.26329723192347845E-02
1.44432207E+00 1.24246304507302729E-01 5.80882606712944654E-04 -5.29074176167418572E-02
1.45217275E+00 1.24241675485351977E-01 5.82259135521590921E-04 -5.31769516914224610E-02
1.46002573E+00 1.24237034052223694E-01 5.83646507327979054E-04 -5.34414869070976226E-02
1.46788096E+00 1.24232380142039439E-01 5.85044767266309357E-04 -5.37009363694842812E-02
1.47573842E+00 1.24227713688900551E-01 5.86453960404655886E-04 -5.39552139696859931E-02
1.48359805E+00 1.24223034626888496E-01 5.87874131740899063E-04 -5.42042551791410906E-02
1.49145982E+00 1.24218342890015987E-01 5.89305326200179535E-04 -5.44479094004474695E-02
1.49932369E+00 1.24213638412331157E-01 5.90747588630956559E-04 -5.46861685853663460E-02
1.50718960E+00 1.24208921127791624E-01 5.92200963802153621E-04 -5.49189148770959437E-02
1.51505752E+00 1.24204190973290926E-01 5.93665495476873237E-04 -5.51460716590805797E-02
1.52292734E+00 1.24199447916369499E-01 5.95141217743060114E-04 -5.53675569823837282E-02
1.53079902E+00 1.24194691891438863E-01 5.96628174758078106E-04 -5.55832915615191783E-02
1.53867251E+00 1.24189922832830382E-01 5.98126410593976610E-04 -5.57931972086479488E-02
1.54654777E+00 1.24185140674806627E-01 5.99635969234481791E-04 -5.59971968784713642E-02
1.55442476E+00 1.24180345351458790E-01 6.01156894573602737E-04 -5.61952147303882849E-02
1.56230344E+00 1.24175536796852157E-01 6.02689230412922035E-04 -5.63871761673481464E-02
1.57018374E+00 1.24170714944872709E-01 6.04233020459939000E-04 -5.65730078745546872E-02
1.57806564E+00 1.24165879729316211E-01 6.05788308326029429E-04 -5.67526378564438549E-02
1.58594908E+00 1.24161031083841369E-01 6.07355137524717595E-04 -5.69259954791427394E-02
1.59383402E+00 1.24156168941948572E-01 6.08933551469918429E-04 -5.70930115041710651E-02
1.60172042E+00 1.24151293237034957E-01 6.10523593474391669E-04 -5.72536181286445317E-02
1.60960822E+00 1.24146403902306579E-01 6.12125306748580677E-04 -5.74077490196069490E-02
1.61749738E+00 1.24141500870820903E-01 6.13738734399041320E-04 -5.75553393516284664E-02
1.62538787E+00 1.24136584075474801E-01 6.15363919427406019E-04 -5.76963258406526722E-02
1.63327962E+00 1.24131653448971327E-01 6.17000904729420648E-04 -5.78306467792607734E-02
1.64117259E+00 1.24126708923827156E-01 6.18649733093949239E-04 -5.79582420705493928E-02
1.64906675E+00 1.24121750432383077E-01 6.20310447202501920E-04 -5.80790532589264691E-02
1.65696204E+00 1.24116777906728162E-01 6.21983089628417858E-04 -5.81930235638810772E-02
1.66485841E+00 1.24111791278798955E-01 6.23667702836642242E-04 -5.83000979100961256E-02
1.67275583E+00 1.24106790480289705E-01 6.25364329183240343E-04 -5.84002229563063274E-02
1.68065424E+00 1.24101775442613874E-01 6.27073010915696642E-04 -5.84933471239551597E-02
1.68855360E+00 1.24096746096990937E-01 6.28793790172604210E-04 -5.85794206244155541E-02
1.69645387E+00 1.24091702374362664E-01 6.30526708984227623E-04 -5.86583954851254766E-02
1.70435500E+00 1.24086644205415722E-01 6.32271809272701916E-04 -5.87302255728485920E-02
1.71225694E+00 1.24081571520553852E-01 6.34029132852785560E-04 -5.87948666174785001E-02
1.72015966E+00 1.24076484249917310E-01 6.35798721432643036E-04 -5.88522762343676523E-02
1.72806310E+00 1.24071382323308041E-01 6.37580616614737681E-04 -5.89024139430749730E-02
1.73596721E+00 1.24066265670252446E-01 6.39374859897225535E-04 -5.89452411842197183E-02
1.74387197E+00 1.24061134219918504E-01 6.41181492675119667E-04 -5.89807213272026606E-02
1.75177732E+00 1.24055987901185674E-01 6.43000556241915175E-04 -5.90088196472348947E-02
1.75968322E+00 1.24050826642565420E-01 6.44832091791492181E-04 -5.90295031834084591E-02
1.76758962E+00 1.24045650372189314E-01 6.46676140419982608E-04 -5.90427399271161585E-02
1.77549649E+00 1.24040459017873805E-01 6.48532743128024886E-04 -5.90484901548512867E-02
1.78340377E+00 1.24035252506973781E-01 6.50401940823344031E-04 -5.90469428252374043E-02
1.79131144E+00 1.24030030766529548E-01 6.52283774323265150E-04 -5.90373865811419929E-02
1.79921944E+00 1.24024793723106375E-01 6.54178284357455711E-04 -5.90207347649206668E-02
1.80712774E+00 1.24019541302865327E-01 6.56085511571449201E-04 -5.89963466407055978E-02
1.81503628E+00 1.24014273431552358E-01 6.58005496529673632E-04 -5.89643904087925261E-02
1.82294505E+00 1.24008990034409086E-01 6.59938279719183033E-04 -5.89248331674669321E-02
1.83085398E+00 1.24003691036243854E-01 6.61883901553454875E-04 -5.88776606308122133E-02
1.83876305E+00 1.23998376361395060E-01 6.63842402376642305E-04 -5.88228607389808325E-02
1.84667221E+00 1.23993045933653567E-01 6.65813822467719923E-04 -5.87604236308578859E-02
1.85458143E+00 1.23987699676346541E-01 6.67798202045147586E-04 -5.86903415410860510E-02
1.86249066E+00 1.23982337512227273E-01 6.69795581271970600E-04 -5.86126088003844845E-02
1.87039987E+00 1.23976959363548467E-01 6.71806000260674998E-04 -5.85272218336435959E-02
1.87830903E+00 1.23971565151952734E-01 6.73829499078718377E-04 -5.84341791581389214E-02
1.88621809E+00 1.23966154798539036E-01 6.75866117754275633E-04 -5.83334813821049375E-02
1.89412702E+00 1.23960728223788813E-01 6.77915896282353094E-04 -5.82251311959579576E-02
1.90203579E+00 1.23955285347585389E-01 6.79978874630535884E-04 -5.81091333683433214E-02
1.90994436E+00 1.23949826089166368E-01 6.82055092746126305E-04 -5.79854947362393389E-02
1.91785270E+00 1.23944350367135553E-01 6.84144590562688732E-04 -5.78542241960967527E-02
1.92576078E+00 1.23938858099413393E-01 6.86247408007129673E-04 -5.77153326910857245E-02
1.93366855E+00 1.23933349203247639E-01 6.88363585007485809E-04 -5.75688332018756480E-02
1.94157600E+00 1.23927823595168449E-01 6.90493161500322803E-04 -5.74147407290577783E-02
1.94948309E+00 1.23922281191007733E-01 6.92636177438715468E-04 -5.72530722816317061E-02
1.95738979E+00 1.23916721905819371E-01 6.94792672800991309E-04 -5.70838468581094730E-02
1.96529607E+00 1.23911145653929869E-01 6.96962687599346682E-04 -5.69070854311368307E-02
1.97320191E+00 1.23905552348861497E-01 6.99146261888163056E-04 -5.67228109278459583E-02
1.98110727E+00 1.23899941903321514E-01 7.01343435774429342E-04 -5.65310482098271283E-02
1.98901213E+00 1.23894314229236108E-01 7.03554249426569900E-04 -5.63318240536049425E-02
1.99691646E+00 1.23888669237657401E-01 7.05778743084597114E-04 -5.61251671275447145E-02
2.00482025E+00 1.23883006838784573E-01 7.08016957070586091E-04 -5.59111079693630983E-02
2.01272346E+00 1.23877326941926560E-01 7.10268931799053617E-04 -5.56896789606492401E-02
2.02062607E+00 1.23871629455482843E-01 7.12534707788245675E-04 -5.54609143052255671E-02
2.02852806E+00 1.23865914286916026E-01 7.14814325671102747E-04 -5.52248499996864720E-02
2.03642942E+00 1.23860181342772227E-01 7.17107826207121195E-04 -5.49815238073954465E-02
2.04433011E+00 1.23854430528586787E-01 7.19415250294339341E-04 -5.47309752323844115E-02
2.05223013E+00 1.23848661748911057E-01 7.21736638981596099E-04 -5.44732454891672102E-02
2.06012945E+00 1.23842874907279271E-01 7.24072033481293559E-04 -5.42084206587338663E-02
2.06802806E+00 1.23837069906175962E-01 7.26421475182380955E-04 -5.39364047409652062E-02
2.07592594E+00 1.23831246647036305E-01 7.28785005663837911E-04 -5.36574077114919668E-02
2.08382307E+00 1.23825405030199398E-01 7.31162666708380388E-04 -5.33713988729825617E-02
2.09171945E+00 1.23819544954872574E-01 7.33554500316345296E-04 -5.30784392397805754E-02
2.09961506E+00 1.23813666319146115E-01 7.35960548720851764E-04 -5.27785799396530420E-02
2.10750989E+00 1.23807769019955660E-01 7.38380854401729015E-04 -5.24718733058610470E-02
2.11540393E+00 1.23801852953010105E-01 7.40815460101488946E-04 -5.21583731211579596E-02
2.12329717E+00 1.23795918012864103E-01 7.43264408840351646E-04 -5.18381345890289030E-02
2.13118961E+00 1.23789964092793692E-01 7.45727743932414868E-04 -5.15112142981104942E-02
2.13908123E+00 1.23783991084812278E-01 7.48205509002025583E-04 -5.11776701904626680E-02
2.14697203E+00 1.23777998879682299E-01 7.50697748000265499E-04 -5.08375615242696866E-02
2.15486201E+00 1.23771987366809597E-01 7.53204505222136093E-04 -5.04909488363220263E-02
2.16275117E+00 1.23765956434294458E-01 7.55725825323927099E-04 -5.01378939092293890E-02
2.17063950E+00 1.23759905968853792E-01 7.58261753340785461E-04 -4.97784597314637894E-02
2.17852700E+00 1.23753835855809444E-01 7.60812334705383776E-04 -4.94127104634098438E-02
2.18641367E+00 1.23747745979090523E-01 7.63377615265915777E-04 -4.90407114010575559E-02
2.19429952E+00 1.23741636221150475E-01 7.65957641305384934E-04 -4.86625289341926087E-02
2.20218455E+00 1.23735506463000175E-01 7.68552459560547531E-04 -4.82782305183157290E-02
2.21006877E+00 1.23729356584117531E-01 7.71162117242045540E-04 -4.78878846299348529E-02
2.21795218E+00 1.23723186462493459E-01 7.73786662053995225E-04 -4.74915607307214091E-02
2.22583478E+00 1.23716995974543512E-01 7.76426142214774987E-04 -4.70893292379674852E-02
2.23371659E+00 1.23710784995088960E-01 7.79080606477572618E-04 -4.66812614763424949E-02
2.24159762E+00 1.23704553397404937E-01 7.81750104151816947E-04 -4.62674296534977825E-02
2.24947777E+00 1.23698301141736119E-01 7.84434647010245922E-04 -4.58479126655750927E-02
2.25735702E+00 1.23692028125498385E-01 7.87134273452837836E-04 -4.54227864705971859E-02
2.26523537E+00 1.23685734221485669E-01 7.89849032287461028E-04 -4.49921262741387676E-02
2.27311284E+00 1.23679419300855062E-01 7.92578972926546673E-04 -4.45560079716398744E-02
2.28098945E+00 1.23673083233052192E-01 7.95324145411554898E-04 -4.41145081513167961E-02
2.28886520E+00 1.23666725885835618E-01 7.98084600436293687E-04 -4.36677040640498296E-02
2.29674011E+00 1.23660347125181966E-01 8.00860389371623187E-04 -4.32156735888525670E-02
2.30461420E+00 1.23653946815359725E-01 8.03651564290133453E-04 -4.27584952046662012E-02
2.31248749E+00 1.23647524818775598E-01 8.06458177990785436E-04 -4.22962479386101639E-02
2.32036000E+00 1.23641080996037614E-01 8.09280284025212316E-04 -4.18290113557908405E-02
2.32823175E+00 1.23634615205886783E-01 8.12117936722927202E-04 -4.13568655029808024E-02
2.33610276E+00 1.23628127305188282E-01 8.14971191218307627E-04 -4.08798908910174633E-02
2.34397305E+00 1.23621617148878010E-01 8.17840103476885389E-04 -4.03981684547633363E-02
2.35184266E+00 1.23615084589952254E-01 8.20724730323095942E-04 -3.99117795197272279E-02
2.35971160E+00 1.23608529479443258E-01 8.23625129467444499E-04 -3.94208057792856323E-02
2.36757992E+00 1.23601951666362536E-01 8.26541359535117579E-04 -3.89253292536842280E-02
2.37544763E+00 1.23595350997700720E-01 8.29473480094019286E-04 -3.84254322631159967E-02
2.38331477E+00 1.23588727318365899E-01 8.32421551684068835E-04 -3.79211974010589328E-02
2.39118137E+00 1.23582080471195441E-01 8.35385635846796343E-04 -3.74127075032744810E-02
2.39904747E+00 1.23575410296916502E-01 8.38365795154972018E-04 -3.69000456149743070E-02
2.40691310E+00 1.23568716634082740E-01 8.41362093242808235E-04 -3.63832949674677691E-02
2.41477808E+00 1.23561999508203513E-01 8.44374509958867835E-04 -3.58625534471095214E-02
2.42264244E+00 1.23555258762596931E-01 8.47403106603197235E-04 -3.53379055994262128E-02
2.43050621E+00 1.23548494234818479E-01 8.50447947168426208E-04 -3.48094357032547666E-02
2.43836943E+00 1.23541705760239193E-01 8.53509096804172225E-04 -3.42772280588490783E-02
2.44623215E+00 1.23534893171931268E-01 8.56586621850123370E-04 -3.37413670095415633E-02
2.45409440E+00 1.23528056300712938E-01 8.59680589870776284E-04 -3.32019369177302889E-02
2.46195622E+00 1.23521194975108675E-01 8.62791069689357489E-04 -3.26590221490892507E-02
2.46981765E+00 1.23514309021279425E-01 8.65918131423190607E-04 -3.21127070411180854E-02
2.47767875E+00 1.23507398263028090E-01 8.69061846519021079E-04 -3.15630758835048278E-02
2.48553956E+00 1.23500462521759904E-01 8.72222287789107620E-04 -3.10102128982244554E-02
2.49340012E+00 1.23493501616441070E-01 8.75399529447770577E-04 -3.04542022212168050E-02
2.50126048E+00 1.23486515363598823E-01 8.78593647148856092E-04 -2.98951278723724387E-02
2.50912070E+00 1.23479503577244715E-01 8.81804718022930422E-04 -2.93330737523169183E-02
2.51698082E+00 1.23472466068900083E-01 8.85032820716194013E-04 -2.87681236029376647E-02
2.52484091E+00 1.23465402647543424E-01 8.88278035429326514E-04 -2.82003610187054506E-02
2.53270082E+00 1.23458313281951254E-01 8.91540369197897425E-04 -2.76298823388844116E-02
2.54056052E+00 1.23451197874678509E-01 8.94819859567537955E-04 -2.70567787899197582E-02
2.54842006E+00 1.23444056233096927E-01 8.98116588241910604E-04 -2.64811339844337537E-02
2.55627949E+00 1.23436888161880226E-01 9.01430638617825445E-04 -2.59030312212264399E-02
2.56413887E+00 1.23429693463082482E-01 9.04762095829577816E-04 -2.53225535176290727E-02
2.57199825E+00 1.23422471936035172E-01 9.08111046793023523E-04 -2.47397836216799033E-02
2.57985770E+00 1.23415223377356650E-01 9.11477580249795208E-04 -2.41548039869862174E-02
2.58771728E+00 1.23407947580922259E-01 9.14861786812804357E-04 -2.35676967806360514E-02
2.59557704E+00 1.23400644337798057E-01 9.18263759011790593E-04 -2.29785438439374760E-02
2.60343706E+00 1.23393313436294352E-01 9.21683591340352842E-04 -2.23874267070360185E-02
2.61129739E+00 1.23385954661838312E-01 9.25121380302911986E-04 -2.17944265661536782E-02
2.61915810E+00 1.23378567796997976E-01 9.28577224463381676E-04 -2.11996242713812753E-02
2.62701926E+00 1.23371152621450555E-01 9.32051224494357170E-04 -2.06031003329809927E-02
2.63488072E+00 1.23363709117503245E-01 9.35543386759018093E-04 -2.00049512807889650E-02
2.64274244E+00 1.23356237171224126E-01 9.39053763156116991E-04 -1.94052658643267123E-02
2.65060447E+00 1.23348736559908273E-01 9.42582457346123072E-04 -1.88041239669463622E-02
2.65846690E+00 1.23341207057843058E-01 9.46129575287418703E-04 -1.82016050076439784E-02
2.66632979E+00 1.23333648436253177E-01 9.49695225292419018E-04 -1.75977879823497295E-02
2.67419322E+00 1.23326060463321743E-01 9.53279518083458423E-04 -1.69927514676403713E-02
2.68205725E+00 1.23318442904132866E-01 9.56882566849570041E-04 -1.63865736294361332E-02
2.68992196E+00 1.23310795520670452E-01 9.60504487304181210E-04 -1.57793322003695335E-02
2.69778743E+00 1.23303118071711654E-01 9.64145397743843306E-04 -1.51711045040821974E-02
2.70565373E+00 1.23295410312960943E-01 9.67805419107795528E-04 -1.45619674149691462E-02
2.71352094E+00 1.23287671996782422E-01 9.71484675039732118E-04 -1.39519973933007555E-02
2.72138912E+00 1.23279902887024784E-01 9.75183284994715453E-04 -1.33412716005765937E-02
2.72925801E+00 1.23272103079620943E-01 9.78901211296297202E-04 -1.27298928632193394E-02
2.73712767E+00 1.23264272323875185E-01 9.82638582300480491E-04 -1.21179367028915724E-02
2.74499820E+00 1.23256410365646218E-01 9.86395529309739855E-04 -1.15054780907231247E-02
2.75286966E+00 1.23248516947452508E-01 9.90172186644935285E-04 -1.08925915055505182E-02
2.76074215E+00 1.23240591808441699E-01 9.93968691716081354E-04 -1.02793509555179907E-02
2.76861574E+00 1.23232634684285997E-01 9.97785185094042905E-04 -9.66582999427226773E-03
2.77649052E+00 1.23224645307235162E-01 1.00162181058308119E-03 -9.05210171276214434E-03
2.78436657E+00 1.23216623406059850E-01 1.00547871529524987E-03 -8.43823874546765530E-03
2.79224399E+00 1.23208568705981250E-01 1.00935604972641276E-03 -7.82431327270360043E-03
2.80012285E+00 1.23200480928694747E-01 1.01325396783409931E-03 -7.21039701632080008E-03
2.80800313E+00 1.23192359916024577E-01 1.01717256741606227E-03 -6.59657055005996411E-03
2.81588463E+00 1.23184205671860877E-01 1.02111186956589444E-03 -5.98292625674505182E-03
2.82376745E+00 1.23176017913692606E-01 1.02507203523308091E-03 -5.36953465840628828E-03
2.83165167E+00 1.23167796355298495E-01 1.02905322914409740E-03 -4.75646576223441066E-03
2.83953738E+00 1.23159540706659298E-01 1.03305561989418975E-03 -4.14378908930928928E-03
2.84742468E+00 1.23151250674049043E-01 1.03707938003752553E-03 -3.53157370240731773E-03
2.85531365E+00 1.23142925959924127E-01 1.04112468617977060E-03 -2.91988821177805629E-03
2.86320440E+00 1.23134566262908487E-01 1.04519171907158743E-03 -2.30880078186835496E-03
2.87109700E+00 1.23126171277744417E-01 1.04928066370564826E-03 -1.69837913459726917E-03
2.87899156E+00 1.23117740695301528E-01 1.05339170941501684E-03 -1.08869055769710552E-03
2.88688811E+00 1.23109274279910488E-01 1.05752501216628330E-03 -4.79807443229068691E-04
2.89478637E+00 1.23100772092754246E-01 1.06168058527246500E-03 1.28176949681563831E-04
2.90268646E+00 1.23092233819319566E-01 1.06585862776146807E-03 7.35196666162627583E-04
2.91058846E+00 1.23083659141002250E-01 1.07005934340427436E-03 1.34118621856311668E-03
2.91849248E+00 1.23075047735054385E-01 1.07428294083188373E-03 1.94608057522047888E-03
2.92639862E+00 1.23066399274561228E-01 1.07852963365179287E-03 2.54981512655172221E-03
2.93430696E+00 1.23057713428389101E-01 1.08279964056691175E-03 3.15232567233168304E-03
2.94221761E+00 1.23048989861224589E-01 1.08709318549599478E-03 3.75354843124914034E-03
2.95013067E+00 1.23040228233428334E-01 1.09141049769905787E-03 4.35342001504102072E-03
2.95804624E+00 1.23031428201030441E-01 1.09575181190482728E-03 4.95187743038772929E-03
2.96596422E+00 1.23022589650814557E-01 1.10011725230943903E-03 5.54884226448497126E-03
2.97388446E+00 1.23013712493311708E-01 1.10450693439688875E-03 6.14423502778872928E-03
2.98180708E+00 1.23004796377759532E-01 1.10892110607872232E-03 6.73799413101784997E-03
2.98973217E+00 1.22995840948799215E-01 1.11336002125727294E-03 7.33005838990990945E-03
2.99765984E+00 1.22986845846516687E-01 1.11782393997567910E-03 7.92036700110417165E-03
3.00559019E+00 1.22977810706298055E-01 1.12231312856917028E-03 8.50885953224540803E-03
3.01352333E+00 1.22968735158874284E-01 1.12682785982039062E-03 9.09547590955646010E-03
3.02145936E+00 1.22959618830218109E-01 1.13136841311725308E-03 9.68015641165815600E-03
3.02939838E+00 1.22950461341503239E-01 1.13593507461648619E-03 1.02628416586292241E-02
3.03734046E+00 1.22941262362346065E-01 1.14052811080704217E-03 1.08434692568167047E-02
3.04528529E+00 1.22932021985304243E-01 1.14514758122154464E-03 1.14219505640504263E-02
3.05323297E+00 1.22922739823165580E-01 1.14979378923241692E-03 1.19982276243943836E-02
3.06118361E+00 1.22913415483556859E-01 1.15446704563768065E-03 1.25722428153045903E-02
3.06913732E+00 1.22904048569018154E-01 1.15916766885473636E-03 1.31439388395579691E-02
3.07709421E+00 1.22894638676797563E-01 1.16389598511558749E-03 1.37132587048384869E-02
3.08505439E+00 1.22885185398971614E-01 1.16865232866278043E-03 1.42801457253840768E-02
3.09301795E+00 1.22875688322255511E-01 1.17343704195345031E-03 1.48445435101424543E-02
3.10098502E+00 1.22866147027974118E-01 1.17825047586786209E-03 1.54063959491109789E-02
3.10895570E+00 1.22856561091981342E-01 1.18309298992384359E-03 1.59656472092381853E-02
3.11692965E+00 1.22846930633026485E-01 1.18796467501251237E-03 1.65222101331984443E-02
3.12490695E+00 1.22837255243788343E-01 1.19286589332430145E-03 1.70760287560551109E-02
3.13288772E+00 1.22827534489355780E-01 1.19779702730753363E-03 1.76270486488154798E-02
3.14087208E+00 1.22817767928941557E-01 1.20275846890911982E-03 1.81752156292743598E-02
3.14886012E+00 1.22807955115882675E-01 1.20775061982195250E-03 1.87204757624198151E-02
3.15685197E+00 1.22798095597555224E-01 1.21277389173578840E-03 1.92627753525002055E-02
3.16484773E+00 1.22788188915194801E-01 1.21782870659427702E-03 1.98020609360464034E-02
3.17284751E+00 1.22778234603912739E-01 1.22291549685955088E-03 2.03382792677909534E-02
3.18085143E+00 1.22768232192535479E-01 1.22803470578290372E-03 2.08713773155722662E-02
3.18885912E+00 1.22758181808335476E-01 1.23318647758111034E-03 2.14012704488963923E-02
3.19687068E+00 1.22748082974217479E-01 1.23837127297985123E-03 2.19279067790799469E-02
3.20488624E+00 1.22737935205515472E-01 1.24358956469242891E-03 2.24512346340446541E-02
3.21290590E+00 1.22727738010889847E-01 1.24884183728986038E-03 2.29712025062901899E-02
3.22092978E+00 1.22717490892115574E-01 1.25412858750558408E-03 2.34877590724939557E-02
3.22895800E+00 1.22707193344074969E-01 1.25945032454693280E-03 2.40008531788698208E-02
3.23699066E+00 1.22696844854560408E-01 1.26480757041224864E-03 2.45104338367494942E-02
3.24502787E+00 1.22686444904143363E-01 1.27020086021329315E-03 2.50164502088916010E-02
3.25306968E+00 1.22675993071510225E-01 1.27563068774702755E-03 2.55188465466016888E-02
3.26111578E+00 1.22665489357842591E-01 1.28109733633517101E-03 2.60175471285115575E-02
3.26916630E+00 1.22654933227317908E-01 1.28660137755994800E-03 2.65125024600216634E-02
3.27722134E+00 1.22644324136283261E-01 1.29214339735135163E-03 2.70036631256610170E-02
3.28528102E+00 1.22633661533211091E-01 1.29772399634966551E-03 2.74909798021280363E-02
3.29334546E+00 1.22622944858472249E-01 1.30334379026588397E-03 2.79744032731354501E-02
3.30141476E+00 1.22612173544290409E-01 1.30900341024439639E-03 2.84538844215213860E-02
3.30948905E+00 1.22601347014488674E-01 1.31470350323194545E-03 2.89293742229756803E-02
3.31756844E+00 1.22590464684340275E-01 1.32044473234769772E-03 2.94008237237846221E-02
3.32565283E+00 1.22579526246182804E-01 1.32622762612893247E-03 2.98681718589427284E-02
3.33374206E+00 1.22568531487639423E-01 1.33205267356036787E-03 3.03313539644013384E-02
3.34183623E+00 1.22557479803197505E-01 1.33792058311369430E-03 3.07903223243038669E-02
3.34993547E+00 1.22546370578090050E-01 1.34383208078773858E-03 3.12450292099684009E-02
3.35803989E+00 1.22535203188081948E-01 1.34978791049943461E-03 3.16954269075608377E-02
3.36614960E+00 1.22523976999270381E-01 1.35578883446758024E-03 3.21414677298896834E-02
3.37426473E+00 1.22512691367891946E-01 1.36183563359526375E-03 3.25831040062698543E-02
3.38238538E+00 1.22501345640165266E-01 1.36792910784947364E-03 3.30202880736826590E-02
3.39051167E+00 1.22489939151956787E-01 1.37407007664005674E-03 3.34529722592980458E-02
3.39864334E+00 1.22478471758487001E-01 1.38025909305629596E-03 3.38810891146716781E-02
3.40678038E+00 1.22466942955275063E-01 1.38649691646348656E-03 3.43045853454270883E-02
3.41492292E+00 1.22455352051939484E-01 1.39278442061091068E-03 3.47234143340894724E-02
3.42307105E+00 1.22443698346831290E-01 1.39912249994471436E-03 3.51375293634465860E-02
3.43122491E+00 1.22431981126851441E-01 1.40551206996126989E-03 3.55468836438974783E-02
3.43938461E+00 1.22420199667241922E-01 1.41195406754362649E-03 3.59514303246924391E-02
3.44755025E+00 1.22408353231234918E-01 1.41844945128758826E-03 3.63511224712314840E-02
3.45572196E+00 1.22396441069853437E-01 1.42499920181459209E-03 3.67459130626009503E-02
3.46389979E+00 1.22384462510300107E-01 1.43160427313065042E-03 3.71357520856721232E-02
3.47208341E+00 1.22372417430003030E-01 1.43826532966356054E-03 3.75205716556582941E-02
3.48027295E+00 1.22360305047786291E-01 1.44498341285745455E-03 3.79003256868655283E-02
3.48846850E+00 1.22348124569087682E-01 1.45175958700304291E-03 3.82749678601749244E-02
3.49667020E+00 1.22335875185764109E-01 1.45859493947699329E-03 3.86444516575480193E-02
3.50487816E+00 1.22323556075740691E-01 1.46549058094656544E-03 3.90087303967617052E-02
3.51309249E+00 1.22311166402797739E-01 1.47244764554714243E-03 3.93677572209884391E-02
3.52131330E+00 1.22298705316183420E-01 1.47946729103217616E-03 3.97214850887089230E-02
3.52954072E+00 1.22286171950361941E-01 1.48655069889664314E-03 4.00698667524806429E-02
3.53777458E+00 1.22273565824408001E-01 1.49369884754038782E-03 4.04128438617729624E-02
3.54601478E+00 1.22260886419774520E-01 1.50091274893575052E-03 4.07503594710579911E-02
3.55426141E+00 1.22248132831041648E-01 1.50819364798631035E-03 4.10823669681018785E-02
3.56251460E+00 1.22235304136821307E-01 1.51554281319013799E-03 4.14088193990438599E-02
3.57077446E+00 1.22222399399418868E-01 1.52296153660436270E-03 4.17296695082650590E-02
3.57904111E+00 1.22209417664480707E-01 1.53045113376176832E-03 4.20448697590048645E-02
3.58731465E+00 1.22196357960774604E-01 1.53801294354271646E-03 4.23543723221923504E-02
3.59559521E+00 1.22183219299779905E-01 1.54564832800271413E-03 4.26581290510288300E-02
3.60388290E+00 1.22170000675461216E-01 1.55335867215521594E-03 4.29560914817678288E-02
3.61217735E+00 1.22156701815451824E-01 1.56114494313086376E-03 4.32481942593552146E-02
3.62047865E+00 1.22143321742509692E-01 1.56900852795333512E-03 4.35343883206542742E-02
3.62878692E+00 1.22129859403122848E-01 1.57695086894440941E-03 4.38146254757592474E-02
3.63710226E+00 1.22116313725129016E-01 1.58497342965803717E-03 4.40888570682512332E-02
3.64542480E+00 1.22102683617458518E-01 1.59307769441180977E-03 4.43570340468007959E-02
3.65374311E+00 1.22088987022749618E-01 1.60125378009535612E-03 4.46187416347882601E-02
3.66205299E+00 1.22075230277558872E-01 1.60949859808637362E-03 4.48738283624877249E-02
3.67035456E+00 1.22061412669927843E-01 1.61781323682545059E-03 4.51222843711276411E-02
3.67864825E+00 1.22047532940818396E-01 1.62619911123745940E-03 4.53641061171004695E-02
3.68693447E+00 1.22033589825693761E-01 1.63465764070276133E-03 4.55992878895101969E-02
3.69521363E+00 1.22019582054345085E-01 1.64319024883527866E-03 4.58278226019954091E-02
3.70348614E+00 1.22005508350350428E-01 1.65179836308568207E-03 4.60497018781386019E-02
3.71175237E+00 1.21991367430463835E-01 1.66048341425588278E-03 4.62649160747317309E-02
3.72001270E+00 1.21977158003933453E-01 1.66924683595799585E-03 4.64734543058555119E-02
3.72826752E+00 1.21962878771832053E-01 1.67809006402672590E-03 4.66753044668481790E-02
3.73651717E+00 1.21948528426438371E-01 1.68701453588856153E-03 4.68704532493053050E-02
3.74476028E+00 1.21934108682849915E-01 1.69601979383983479E-03 4.70588462659539963E-02
3.75299598E+00 1.21919620431724954E-01 1.70510586078307064E-03 4.72404454936164592E-02
3.76122465E+00 1.21905062336548783E-01 1.71427413319035719E-03 4.74152432489724218E-02
3.76944668E+00 1.21890433054416741E-01 1.72352600223071644E-03 4.75832298506136744E-02
3.77766245E+00 1.21875731235838905E-01 1.73286285311410925E-03 4.77443941173529771E-02
3.78587230E+00 1.21860955524321551E-01 1.74228606430627646E-03 4.78987235949931076E-02
3.79407661E+00 1.21846104555928078E-01 1.75179700667857439E-03 4.80462045757642509E-02
3.80227572E+00 1.21831176958765428E-01 1.76139704261857538E-03 4.81868221142565459E-02
3.81046998E+00 1.21816171352509384E-01 1.77108752511248319E-03 4.83205600337057936E-02
3.81865972E+00 1.21801086347995247E-01 1.78086979680063982E-03 4.84474009420987617E-02
3.82684342E+00 1.21785923975106514E-01 1.79074295409326935E-03 4.85672987470871440E-02
3.83502059E+00 1.21770673859905879E-01 1.80070707165044808E-03 4.86802523562846756E-02
3.84319160E+00 1.21755341359604585E-01 1.81076349594455513E-03 4.87862766719100241E-02
3.85135680E+00 1.21739927376782076E-01 1.82091353859354537E-03 4.88853121226215659E-02
3.85951655E+00 1.21724431243146497E-01 1.83115846289242886E-03 4.89773326638672790E-02
3.86767120E+00 1.21708851762785203E-01 1.84149949788280933E-03 4.90623230913886446E-02
3.87582108E+00 1.21693187559136148E-01 1.85193784578291279E-03 4.91402648174736612E-02
3.88396655E+00 1.21677437190376936E-01 1.86247468490962839E-03 4.92111377468923833E-02
3.89210793E+00 1.21661599187636651E-01 1.87311117031963579E-03 4.92749203569564226E-02
3.90024554E+00 1.21645672067675958E-01 1.88384843343526319E-03 4.93315897282248575E-02
3.90837972E+00 1.21629654336927212E-01 1.89468758125779335E-03 4.93811215059862113E-02
3.91650874E+00 1.21613548557381393E-01 1.90562693684372098E-03 4.94234785816543357E-02
3.92463248E+00 1.21597354155437404E-01 1.91666689031852488E-03 4.94586376496507357E-02
3.93275130E+00 1.21581069625069579E-01 1.92780842598983980E-03 4.94865755469085650E-02
3.94086553E+00 1.21564693453780528E-01 1.93905249772698715E-03 4.95072628265575479E-02
3.94897554E+00 1.21548224123683796E-01 1.95040002808605098E-03 4.95155071628926441E-02
3.95708164E+00 1.21531660111894327E-01 1.96185190733656365E-03 4.95335650265838201E-02
3.96518417E+00 1.21514999890584480E-01 1.97340899246979630E-03 4.95323545958808661E-02
3.97328346E+00 1.21498241927296330E-01 1.98507210622441690E-03 4.95073839965221585E-02
3.98137983E+00 1.21481384684954952E-01 1.99684203615870751E-03 4.95070630600850797E-02
3.98947360E+00 1.21464426621664137E-01 2.00871953374963689E-03 4.94737990035489031E-02
3.99756324E+00 1.21447370094822343E-01 2.02070257548902501E-03 4.94485248091244903E-02
4.00564859E+00 1.21430214674566161E-01 2.03279102988905298E-03 4.94091939845966999E-02
4.01373000E+00 1.21412958792280173E-01 2.04498551795994667E-03 4.93636482620996714E-02
4.02180784E+00 1.21395600871099046E-01 2.05728662416017945E-03 4.93104751012947221E-02
4.02988245E+00 1.21378139327359053E-01 2.06969489587873878E-03 4.92497852289989838E-02
4.03795421E+00 1.21360572571331538E-01 2.08221084275877827E-03 4.91815167000809877E-02
4.04602346E+00 1.21342899007659405E-01 2.09483493597115763E-03 4.91056385111381527E-02
4.05409055E+00 1.21325117035757643E-01 2.10756760748469392E-03 4.90221152398050905E-02
4.06215584E+00 1.21307225050081166E-01 2.12040924935877253E-03 4.89309105873695221E-02
4.07021967E+00 1.21289221440499209E-01 2.13336021307243811E-03 4.88319870461635733E-02
4.07828240E+00 1.21271104592523646E-01 2.14642080890715438E-03 4.87253060300011018E-02
4.08634319E+00 1.21252875561840306E-01 2.15958937898177647E-03 4.86108441518722373E-02
4.09440116E+00 1.21234535604004698E-01 2.17286406546684727E-03 4.84885834106659197E-02
4.10245668E+00 1.21216083134671360E-01 2.18624500628797650E-03 4.83584902184684556E-02
4.11051012E+00 1.21197516560789517E-01 2.19973229881521154E-03 4.82205293323335199E-02
4.11856186E+00 1.21178834283268602E-01 2.21332599980065756E-03 4.80746648100496138E-02
4.12661226E+00 1.21160034698170757E-01 2.22702612504211642E-03 4.79208602987913485E-02
4.13463466E+00 1.21141180203079235E-01 2.24078611000296229E-03 4.77596097631940372E-02
4.14261322E+00 1.21122309083368379E-01 2.25457677055734135E-03 4.75913136697295666E-02
4.15054881E+00 1.21103420618139820E-01 2.26839720611956511E-03 4.74160701905646104E-02
4.15844240E+00 1.21084513772163588E-01 2.28224668820941170E-03 4.72339588255812348E-02
4.16629505E+00 1.21065587204372271E-01 2.29612469511569772E-03 4.70450538589402625E-02
4.17410794E+00 1.21046639246550736E-01 2.31003094230253095E-03 4.68494246855861024E-02
4.18188237E+00 1.21027667870230796E-01 2.32396541221074069E-03 4.66471353489588125E-02
4.18961980E+00 1.21008670647725150E-01 2.33792838480849363E-03 4.64382438607589820E-02
4.19732181E+00 1.20989644709669664E-01 2.35192046938087831E-03 4.62228014365887521E-02
4.20499016E+00 1.20970586699353844E-01 2.36594263773069139E-03 4.60008516530245049E-02
4.21262680E+00 1.20951492724371557E-01 2.37999625882313968E-03 4.57724295460270603E-02
4.22023385E+00 1.20932358305363155E-01 2.39408313487638955E-03 4.55375606406161065E-02
4.22780313E+00 1.20913205126315509E-01 2.40818590017674973E-03 4.52965876339548809E-02
4.23533268E+00 1.20894039455970867E-01 2.42229853275916082E-03 4.50497011226483196E-02
4.24282424E+00 1.20874858181351630E-01 2.43642188663767412E-03 4.47969734124312735E-02
4.25027973E+00 1.20855657611804626E-01 2.45055723143656513E-03 4.45384654061072374E-02
4.25770124E+00 1.20836433449065805E-01 2.46470628402328980E-03 4.42742295502879732E-02
4.26509108E+00 1.20817180748877165E-01 2.47887123755174705E-03 4.40043084908240609E-02
4.27245176E+00 1.20797893879870263E-01 2.49305478872661980E-03 4.37287343405060314E-02
4.27978602E+00 1.20778566482419941E-01 2.50726016333375655E-03 4.34475278991309846E-02
4.28708297E+00 1.20759228369816021E-01 2.52146416118110943E-03 4.31612290805015106E-02
4.29434418E+00 1.20739876665462223E-01 2.53566758022572220E-03 4.28699550758942713E-02
4.30157214E+00 1.20720505893019997E-01 2.54987308487102668E-03 4.25737639144505020E-02
4.30876963E+00 1.20701109630205208E-01 2.56408400903129167E-03 4.22727036362695111E-02
4.31593908E+00 1.20681682236132293E-01 2.57830310111291025E-03 4.19668342292604385E-02
4.32306429E+00 1.20662268996893557E-01 2.59249609174096781E-03 4.16570075090139103E-02
4.33014764E+00 1.20642865115453177E-01 2.60666532560380236E-03 4.13433634622230248E-02
4.33719175E+00 1.20623464794587340E-01 2.62081381064264334E-03 4.10259872528500533E-02
4.34419958E+00 1.20604061224110298E-01 2.63494525535030348E-03 4.07049587879672117E-02
4.35117439E+00 1.20584646545008514E-01 2.64906409610405312E-03 4.03803406844457924E-02
4.35811974E+00 1.20565211808809580E-01 2.66317551740342679E-03 4.00521781916765782E-02
4.36503954E+00 1.20545746939046461E-01 2.67728546571292672E-03 3.97204985920330406E-02
4.37193802E+00 1.20526240697759399E-01 2.69140065676439942E-03 3.93853108042918065E-02
4.37881974E+00 1.20506680658643034E-01 2.70552857577237597E-03 3.90466052233465685E-02
4.38568253E+00 1.20487073444944803E-01 2.71966296433111265E-03 3.87046974629388432E-02
4.39250839E+00 1.20467471784537067E-01 2.73376465602093079E-03 3.83607145292851129E-02
4.39930135E+00 1.20447865376939314E-01 2.74783981527527412E-03 3.80147532676368971E-02
4.40606579E+00 1.20428242705963029E-01 2.76189529533301704E-03 3.76668398452153011E-02
4.41280637E+00 1.20408591113893515E-01 2.77593861897899689E-03 3.73169987820120286E-02
4.41952804E+00 1.20388896851689450E-01 2.78997794066340038E-03 3.69652365285430828E-02
4.42623601E+00 1.20369145131580743E-01 2.80402199429155650E-03 3.66115443963450846E-02
4.43293569E+00 1.20349320192452494E-01 2.81808002743110225E-03 3.62559011632885841E-02
4.43962309E+00 1.20329434224783038E-01 2.83214147099759015E-03 3.58987814685824344E-02
4.44628961E+00 1.20309513578365709E-01 2.84618593153801924E-03 3.55409319761544051E-02
4.45293631E+00 1.20289555895819758E-01 2.86021326555332186E-03 3.51826012918699041E-02
4.45956423E+00 1.20269558887034958E-01 2.87422318435192736E-03 3.48240247281087281E-02
4.46617435E+00 1.20249520349180170E-01 2.88821527150505408E-03 3.44654504207823759E-02
4.47276760E+00 1.20229438172192352E-01 2.90218899580134112E-03 3.41071307629048914E-02
4.47934487E+00 1.20209310341092127E-01 2.91614372248921424E-03 3.37493224088522420E-02
4.48590702E+00 1.20189134937953954E-01 2.93007872411295582E-03 3.33922859093699967E-02
4.49245484E+00 1.20168910144186125E-01 2.94399319163629646E-03 3.30362851701944821E-02
4.49898910E+00 1.20148634242799299E-01 2.95788624625837162E-03 3.26815868150633626E-02
4.50551050E+00 1.20128305620135725E-01 2.97175695213855321E-03 3.23284594983144838E-02
4.51201973E+00 1.20107922766565914E-01 2.98560433012413787E-03 3.19771731747121590E-02
4.51851739E+00 1.20087484275739481E-01 2.99942737247607888E-03 3.16279983335309156E-02
4.52500407E+00 1.20066988842104039E-01 3.01322505847296650E-03 3.12812051861788704E-02
4.53148032E+00 1.20046435256537909E-01 3.02699637068735462E-03 3.09370627970052200E-02
4.53794662E+00 1.20025822400206317E-01 3.04074031163634705E-03 3.05958381569289978E-02
4.54440345E+00 1.20005149236742464E-01 3.05445592042941170E-03 3.02577952014768010E-02
4.55085122E+00 1.19984414803073952E-01 3.06814228897989106E-03 2.99231937964189731E-02
4.55729033E+00 1.19963618199382713E-01 3.08179857731841721E-03 2.95922886970245193E-02
4.56372116E+00 1.19942758578655079E-01 3.09542402753837679E-03 2.92653285163056720E-02
4.57014405E+00 1.19921835136369365E-01 3.10901797594818072E-03 2.89425547208308036E-02
4.57655933E+00 1.19900847100900695E-01 3.12257986304131365E-03 2.86242006976850129E-02
4.58296730E+00 1.19879793725087100E-01 3.13610924098140561E-03 2.83104909053063861E-02
4.58936825E+00 1.19858674279527427E-01 3.14960577835784366E-03 2.80016401400112989E-02
4.59576248E+00 1.19837488047775179E-01 3.16306926204277476E-03 2.76978529133340250E-02
4.60215025E+00 1.19816234323788726E-01 3.17649959604879685E-03 2.73993229600683966E-02
4.60853182E+00 1.19794912411658766E-01 3.18989679739184852E-03 2.71062328485857339E-02
4.61490743E+00 1.19773521627446269E-01 3.20326098906567863E-03 2.68187537128395798E-02
4.62127734E+00 1.19752061303054949E-01 3.21659239038681868E-03 2.65370450788565658E-02
4.62764176E+00 1.19730530791635009E-01 3.22989130511410318E-03 2.62612548001475293E-02
4.63400092E+00 1.19708929474058715E-01 3.24315810784412241E-03 2.59915190867113788E-02
4.64035501E+00 1.19687256765960329E-01 3.25639322923665462E-03 2.57279626292389145E-02
4.64670422E+00 1.19665512124640841E-01 3.26959714057285106E-03 2.54706987728048201E-02
4.65304873E+00 1.19643695055217616E-01 3.28277033807545908E-03 2.52198297039097491E-02
4.65938870E+00 1.19621805115480900E-01 3.29591332732265740E-03 2.49754465732478712E-02
4.66572426E+00 1.19599841918877056E-01 3.30902660806439448E-03 2.47376295303167182E-02
4.67205556E+00 1.19577805135111140E-01 3.32211065976077474E-03 2.45064476671419014E-02
4.67838269E+00 1.19555694488210629E-01 3.33516592821911113E-03 2.42819589857298859E-02
4.68470578E+00 1.19533509751719932E-01 3.34819281371640486E-03 2.40642105188464753E-02
4.69102493E+00 1.19511250741067138E-01 3.36119166091513591E-03 2.38532387252964433E-02
4.69734022E+00 1.19488917303182715E-01 3.37416275074952851E-03 2.36490701703520392E-02
4.70365078E+00 1.19466512788071924E-01 3.38710429188627139E-03 2.34517513939685521E-02
4.70995635E+00 1.19444038362650481E-01 3.40001571402304918E-03 2.32613019770452796E-02
4.71625720E+00 1.19421493450844338E-01 3.41289736839364135E-03 2.30777143048025470E-02
4.72255360E+00 1.19398877394102848E-01 3.42574955065612840E-03 2.29009747245801677E-02
4.72884584E+00 1.19376189448753639E-01 3.43857249303293868E-03 2.27310646438791814E-02
4.73513427E+00 1.19353428783310830E-01 3.45136635776591497E-03 2.25679600079007510E-02
4.74141925E+00 1.19330594475786145E-01 3.46413123241983388E-03 2.24116321295658623E-02
4.74770117E+00 1.19307685510878433E-01 3.47686712742289149E-03 2.22620483489290762E-02
4.75398045E+00 1.19284700776544003E-01 3.48957397606222122E-03 2.21191728029421948E-02
4.76025754E+00 1.19261639059649122E-01 3.50225163700301377E-03 2.19829671612459185E-02
4.76653292E+00 1.19238499040249940E-01 3.51489989933648911E-03 2.18533911907398230E-02
4.77280710E+00 1.19215279284232784E-01 3.52751849015854298E-03 2.17304028847243487E-02
4.77908064E+00 1.19191978233990400E-01 3.54010708470841066E-03 2.16139579615110093E-02
4.78535411E+00 1.19168594196971234E-01 3.55266531909118836E-03 2.15040089173913034E-02
4.79162812E+00 1.19145125331939869E-01 3.56519280555258992E-03 2.14005044396663874E-02
4.79790334E+00 1.19121569633016733E-01 3.57768915013872242E-03 2.13033901206874897E-02
4.80418047E+00 1.19097924911389499E-01 3.59015397243369521E-03 2.12126105437197426E-02
4.81046026E+00 1.19074188775001158E-01 3.60258692692392007E-03 2.11281115736474505E-02
4.81674351E+00 1.19050358606259718E-01 3.61498772547343746E-03 2.10498415916701154E-02
4.82303107E+00 1.19026431538138605E-01 3.62735616037908456E-03 2.09777514490705232E-02
4.82932386E+00 1.19002404428797753E-01 3.63969212753588196E-03 2.09117937911458933E-02
4.83562287E+00 1.18978273835153914E-01 3.65199564931939719E-03 2.08519223947321204E-02
4.84192916E+00 1.18954035985609288E-01 3.66426689686176650E-03 2.07980917401385662E-02
4.84824326E+00 1.18929689020744522E-01 3.67650507548865227E-03 2.07502587631635226E-02
4.85456580E+00 1.18905230800854592E-01 3.68870956242174771E-03 2.07083836547943545E-02
4.86089797E+00 1.18880656828381878E-01 3.70088093934420846E-03 2.06724179958345348E-02
4.86724107E+00 1.18855962184655384E-01 3.71302001165008978E-03 2.06607268429967149E-02
4.87359648E+00 1.18831141498750320E-01 3.72512782557751949E-03 2.05913565963086395E-02
4.87996571E+00 1.18806188916799241E-01 3.73720568313487067E-03 2.05921276498893073E-02
4.88635034E+00 1.18781098071004704E-01 3.74925515428535788E-03 2.05925851212082553E-02
4.89275209E+00 1.18755862051000610E-01 3.76127808612468665E-03 2.05905263704973529E-02
4.89917278E+00 1.18730473376381818E-01 3.77327660878332702E-03 2.05861186695747191E-02
4.90561437E+00 1.18704923971553147E-01 3.78525313797139357E-03 2.05816249029088412E-02
4.91207893E+00 1.18679205143064070E-01 3.79721037417231951E-03 2.05804658641162673E-02
4.91856836E+00 1.18653308843092151E-01 3.80915070875820607E-03 2.05860909579829339E-02
4.92505792E+00 1.18627333510253050E-01 3.82102798643726245E-03 2.06483021341086863E-02
4.93154867E+00 1.18601275146562504E-01 3.83284394573628730E-03 2.06530710717892849E-02
4.93804176E+00 1.18575129336576851E-01 3.84460055879080106E-03 2.06949186981946649E-02
4.94453842E+00 1.18548891218014124E-01 3.85630001944687033E-03 2.07288256508905526E-02
4.95103998E+00 1.18522555460177606E-01 3.86794473385476548E-03 2.07741044689166016E-02
4.95754789E+00 1.18496116247475136E-01 3.87953731025717820E-03 2.08220902626165480E-02
4.96406369E+00 1.18469567267303053E-01 3.89108054717130858E-03 2.08764879962878812E-02
4.97058902E+00 1.18442901702184383E-01 3.90257741979876125E-03 2.09353917558279187E-02
4.97712564E+00 1.18416112226881615E-01 3.91403106461175616E-03 2.09997570934642892E-02
4.98367541E+00 1.18389191011052872E-01 3.92544476203390488E-03 2.10690011566102287E-02
4.99024028E+00 1.18362129728205409E-01 3.93682191712337037E-03 2.11433964383154829E-02
4.99682230E+00 1.18334919571559519E-01 3.94816603816171719E-03 2.12227496699722469E-02
5.00342363E+00 1.18307551277388456E-01 3.95948071307397186E-03 2.13071368972998811E-02
5.01004649E+00 1.18280015156517052E-01 3.97076958362184602E-03 2.13964949309379537E-02
5.01669319E+00 1.18252301134417703E-01 3.98203631733837736E-03 2.14908470670919331E-02
5.02336607E+00 1.18224398800506780E-01 3.99328457720013984E-03 2.15901796971690908E-02
5.03006755E+00 1.18196297467109954E-01 4.00451798905629604E-03 2.16945089970429009E-02
5.03680006E+00 1.18167986238464223E-01 4.01574010687903975E-03 2.18038453405952869E-02
5.04354857E+00 1.18139527707732145E-01 4.02692548563189125E-03 2.19179879378713395E-02
5.05030593E+00 1.18110951885217794E-01 4.03806214271910241E-03 2.20366374635576623E-02
5.05707272E+00 1.18082256320825280E-01 4.04915099323614140E-03 2.21597812765622036E-02
5.06384754E+00 1.18053446995627906E-01 4.06018967697657947E-03 2.22873456259507878E-02
5.07063163E+00 1.18024518791807018E-01 4.07118009259060422E-03 2.24192734948798558E-02
5.07742631E+00 1.17995466205652169E-01 4.08212419383451128E-03 2.25555459126531646E-02
5.08423294E+00 1.17966283359706520E-01 4.09302397989971378E-03 2.26961317208204186E-02
5.09105238E+00 1.17936966734180776E-01 4.10388048328794858E-03 2.28410020937190143E-02
5.09788306E+00 1.17907523053935731E-01 4.11469091901455440E-03 2.29900798381360884E-02
5.10472645E+00 1.17877946058276395E-01 4.12545729428404756E-03 2.31433302642657449E-02
5.11158404E+00 1.17848229295075685E-01 4.13618160709282919E-03 2.33007560355532294E-02
5.11845736E+00 1.17818366192287444E-01 4.14686582244182776E-03 2.34623470834741006E-02
5.12534508E+00 1.17788362438240465E-01 4.15750749142586914E-03 2.36280445003578844E-02
5.13224162E+00 1.17758242410827413E-01 4.16809768486819075E-03 2.37976748393486683E-02
5.13914835E+00 1.17728000264287702E-01 4.17863831274672883E-03 2.39711945047712399E-02
5.14606490E+00 1.17697637758696863E-01 4.18912862947908721E-03 2.41485816197655190E-02
5.15299090E+00 1.17667156636018580E-01 4.19956795473909808E-03 2.43297732109532296E-02
5.15992777E+00 1.17636550846573470E-01 4.20995831617960829E-03 2.45147654508431553E-02
5.16687692E+00 1.17605814235274345E-01 4.22030175835782194E-03 2.47035646008308789E-02
5.17383976E+00 1.17574940635009298E-01 4.23060031450542447E-03 2.48961766924987310E-02
5.18081767E+00 1.17543923963874267E-01 4.24085597982505180E-03 2.50926123290299286E-02
5.18780929E+00 1.17512770166655914E-01 4.25106680758704798E-03 2.52928154041469101E-02
5.19481487E+00 1.17481478217415641E-01 4.26123324861995504E-03 2.54967565219699557E-02
5.20183556E+00 1.17450028551178101E-01 4.27135196554157773E-03 2.57053105096986118E-02
5.20887240E+00 1.17418425788362105E-01 4.28142807079118486E-03 2.59167258915853557E-02
5.21592634E+00 1.17386668820819606E-01 4.29146434157094171E-03 2.61321098471859713E-02
5.22299821E+00 1.17354754900779595E-01 4.30146266825388347E-03 2.63511793613874015E-02
5.23008570E+00 1.17322694615736703E-01 4.31142036948040878E-03 2.65739905020644478E-02
5.23718006E+00 1.17290527716529466E-01 4.32132583965100670E-03 2.68002227100558495E-02
5.24428198E+00 1.17258251232316951E-01 4.33118091170843749E-03 2.70298527078587439E-02
5.25139212E+00 1.17225862384460006E-01 4.34098737891245711E-03 2.72629021017219732E-02
5.25851034E+00 1.17193361958436257E-01 4.35074599870696223E-03 2.74993464684732680E-02
5.26563537E+00 1.17160755830391747E-01 4.36045608789699737E-03 2.77391292313931351E-02
5.27276778E+00 1.17128041596390814E-01 4.37011952123072655E-03 2.79822475497590040E-02
5.27990809E+00 1.17095216972432997E-01 4.37973817636025213E-03 2.82287107323662620E-02
5.28705681E+00 1.17062279763153768E-01 4.38931394407150125E-03 2.84785243631428819E-02
5.29421443E+00 1.17029227828506818E-01 4.39884873890591856E-03 2.87316968143010998E-02
5.30138142E+00 1.16996059048458625E-01 4.40834450980153586E-03 2.89882380985295833E-02
5.30855727E+00 1.16962775814376752E-01 4.41780196763442642E-03 2.92481270413806893E-02
5.31574112E+00 1.16929382241904509E-01 4.42722141555258221E-03 2.95113260698927314E-02
5.32293351E+00 1.16895875871071614E-01 4.43660508092917020E-03 2.97778478430448246E-02
5.33013502E+00 1.16862254120300865E-01 4.44595525629379578E-03 3.00477141308134812E-02
5.33734623E+00 1.16828514258106947E-01 4.45527430476832294E-03 3.03209462974936284E-02
5.34456777E+00 1.16794653379781926E-01 4.46456466392800531E-03 3.05975696037497531E-02
5.35180031E+00 1.16760668389283631E-01 4.47382884781340456E-03 3.08776125744026422E-02
5.35904453E+00 1.16726555986747901E-01 4.48306944705013574E-03 3.11611072661711584E-02
5.36629916E+00 1.16692322221662578E-01 4.49228655965907414E-03 3.14480132942399418E-02
5.37356489E+00 1.16657963709914825E-01 4.50148287885034602E-03 3.17383567712158296E-02
5.38084259E+00 1.16623476380626770E-01 4.51066129067797736E-03 3.20321838653716759E-02
5.38813314E+00 1.16588855994922122E-01 4.51982473007651788E-03 3.23295390218992437E-02
5.39543174E+00 1.16554125215760793E-01 4.52896906695813162E-03 3.26302479159920680E-02
5.40273887E+00 1.16519281882680042E-01 4.53809680687238242E-03 3.29343133618211978E-02
5.41005544E+00 1.16484321571409741E-01 4.54721104498302404E-03 3.32417922248041398E-02
5.41738244E+00 1.16449239666806967E-01 4.55631491335732868E-03 3.35527324361677495E-02
5.42472083E+00 1.16414031389281775E-01 4.56541157359787418E-03 3.38671865177548256E-02
5.43207162E+00 1.16378691829826103E-01 4.57450420774475203E-03 3.41852095232210440E-02
5.43943362E+00 1.16343226689762685E-01 4.58359327065410455E-03 3.45067664645962932E-02
5.44679585E+00 1.16307688778641061E-01 4.59266723810135453E-03 3.48314014650407261E-02
5.45415844E+00 1.16272077713281061E-01 4.60172829396280139E-03 3.51590782463735915E-02
5.46152151E+00 1.16236393119543605E-01 4.61077859450828575E-03 3.54898234370132210E-02
5.46888518E+00 1.16200634625241522E-01 4.61982026762235761E-03 3.58236368777033326E-02
5.47624956E+00 1.16164801858215497E-01 4.62885541225600654E-03 3.61605226355632345E-02
5.48361476E+00 1.16128894446024644E-01 4.63788609686940651E-03 3.65004840169189590E-02
5.49098089E+00 1.16092912015935093E-01 4.64691435700457199E-03 3.68435242866908194E-02
5.49834805E+00 1.16056854194970027E-01 4.65594219234563220E-03 3.71896462285320126E-02
5.50571634E+00 1.16020720609948572E-01 4.66497156353617385E-03 3.75388521049197996E-02
5.51308587E+00 1.15984510887419262E-01 4.67400438894356642E-03 3.78911435242346162E-02
5.52045673E+00 1.15948224653608295E-01 4.68304254152247367E-03 3.82465213382426686E-02
5.52782901E+00 1.15911861534183480E-01 4.69208784591786197E-03 3.86049855200883488E-02
5.53520280E+00 1.15875421153955840E-01 4.70114207594644808E-03 3.89665350533613397E-02
5.54257820E+00 1.15838903136415983E-01 4.71020695258271560E-03 3.93311678024633599E-02
5.54995528E+00 1.15802307103146429E-01 4.71928414257360811E-03 3.96988804014600932E-02
5.55733414E+00 1.15765632673043059E-01 4.72837525777983908E-03 4.00696681215866324E-02
5.56471484E+00 1.15728879461428819E-01 4.73748185532142391E-03 4.04435247660481778E-02
5.57209748E+00 1.15692047078965354E-01 4.74660543856917153E-03 4.08204425517477223E-02
5.57948213E+00 1.15655135130455916E-01 4.75574745897134211E-03 4.12004120064233675E-02
5.58686886E+00 1.15618143213503374E-01 4.76490931867873217E-03 4.15834218798281849E-02
5.59425775E+00 1.15581070917083556E-01 4.77409237388788828E-03 4.19694590509386151E-02
5.60164832E+00 1.15543920552483775E-01 4.78329726210844144E-03 4.23584808650325911E-02
5.60904037E+00 1.15506693103420002E-01 4.79252490892515502E-03 4.27504535441337388E-02
5.61643396E+00 1.15469388102666840E-01 4.80177656228273578E-03 4.31453573168782412E-02
5.62382919E+00 1.15432005069745866E-01 4.81105344063045316E-03 4.35431706150909772E-02
5.63122611E+00 1.15394543508942307E-01 4.82035673809294140E-03 4.39438691857301847E-02
5.63862480E+00 1.15357002907377867E-01 4.82968762939316610E-03 4.43474264445903529E-02
5.64602532E+00 1.15319382733138714E-01 4.83904727434486797E-03 4.47538133173773778E-02
5.65342774E+00 1.15281682433555771E-01 4.84843682182306730E-03 4.51629981456257990E-02
5.66083213E+00 1.15243901433590326E-01 4.85785741311964888E-03 4.55749465947525509E-02
5.66823853E+00 1.15206039134431157E-01 4.86731018461410581E-03 4.59896215871411912E-02
5.67564703E+00 1.15168094912294294E-01 4.87679626965634768E-03 4.64069832450643566E-02
5.68305766E+00 1.15130068117466081E-01 4.88631679957743197E-03 4.68269888389602276E-02
5.69047048E+00 1.15091958073605796E-01 4.89587290374799908E-03 4.72495927548807967E-02
5.69788555E+00 1.15053764077332005E-01 4.90546570865636657E-03 4.76747464667153092E-02
5.70530292E+00 1.15015485398025100E-01 4.91509633603391411E-03 4.81023985083095865E-02
5.71272264E+00 1.14977121277944266E-01 4.92476590007945910E-03 4.85324944698767857E-02
5.72014475E+00 1.14938670932564949E-01 4.93447550390357058E-03 4.89649769846718860E-02
5.72756930E+00 1.14900133551175634E-01 4.94422623530433192E-03 4.93997857421143646E-02
5.73499632E+00 1.14861508297642440E-01 4.95401916202991774E-03 4.98368574982476290E-02
5.74242586E+00 1.14822794311441337E-01 4.96385532670555029E-03 5.02761261114993627E-02
5.74985795E+00 1.14783990708803713E-01 4.97373574163325217E-03 5.07175225758869572E-02
5.75729263E+00 1.14745096584064260E-01 4.98366138370901282E-03 5.11609750791351542E-02
5.76472992E+00 1.14706111011131942E-01 4.99363318970612140E-03 5.16064090613592985E-02
5.77216986E+00 1.14667033045072933E-01 5.00365205217833016E-03 5.20537472929803388E-02
5.77961248E+00 1.14627861723786750E-01 5.01371881622031564E-03 5.25029099592604145E-02
5.78705713E+00 1.14588599527181242E-01 5.02383338671936498E-03 5.29537768870336767E-02
5.79450385E+00 1.14549245513380596E-01 5.03399649078239628E-03 5.34062594480965783E-02
5.80195265E+00 1.14509798658350884E-01 5.04420882280447527E-03 5.38602724926077400E-02
5.80940355E+00 1.14470257930223154E-01 5.05447102810264916E-03 5.43157268198124418E-02
5.81685659E+00 1.14430622291683187E-01 5.06478370646415606E-03 5.47725315085789699E-02
5.82431178E+00 1.14390890702215600E-01 5.07514741693219657E-03 5.52305937005895253E-02
5.83176913E+00 1.14351062120321978E-01 5.08556268359336514E-03 5.56898188073038231E-02
5.83922866E+00 1.14311135505719891E-01 5.09603000209498877E-03 5.61501106014271820E-02
5.84669038E+00 1.14271109821531811E-01 5.10654984657036605E-03 5.66113713639414748E-02
5.85415429E+00 1.14230984036526734E-01 5.11712267666414831E-03 5.70735020138125743E-02
5.86162041E+00 1.14190757127373338E-01 5.12774894436786397E-03 5.75364022558831276E-02
5.86908872E+00 1.14150428081008268E-01 5.13842910041826390E-03 5.79999707148326701E-02
5.87655924E+00 1.14109995897054076E-01 5.14916360005855146E-03 5.84641050963242703E-02
5.88403195E+00 1.14069459590328270E-01 5.15995290798524665E-03 5.89287023216743602E-02
5.89150686E+00 1.14028818193478029E-01 5.17079750234040146E-03 5.93936586874480726E-02
5.89898395E+00 1.13988070759714011E-01 5.18169787759954065E-03 5.98588700092403461E-02
5.90646320E+00 1.13947216365670526E-01 5.19265454624490488E-03 6.03242317681422918E-02
5.91394461E+00 1.13906254114389455E-01 5.20366803912029538E-03 6.07896392543092051E-02
5.92142816E+00 1.13865183138416967E-01 5.21473890436447221E-03 6.12549876961468731E-02
5.92891382E+00 1.13824002603006194E-01 5.22586770482024073E-03 6.17201723937219685E-02
5.93640158E+00 1.13782711709419657E-01 5.23705501377636981E-03 6.21850888271136340E-02
5.94389140E+00 1.13741309698329809E-01 5.24830140892031203E-03 6.26496327804818148E-02
5.95138325E+00 1.13699795853242108E-01 5.25960746454268244E-03 6.31137004339819563E-02
5.95887710E+00 1.13658169503984857E-01 5.27097374232051840E-03 6.35771884680309124E-02
5.96637291E+00 1.13616430030120050E-01 5.28240078135968055E-03 6.40399941553826124E-02
5.97387065E+00 1.13574576864168525E-01 5.29388908829298444E-03 6.45020154429688103E-02
5.98137025E+00 1.13532609494700454E-01 5.30543912796853888E-03 6.49631510365547143E-02
5.98887168E+00 1.13490527469112312E-01 5.31705131469864013E-03 6.54233004866628387E-02
5.99637488E+00 1.13448330396158578E-01 5.32872600340868283E-03 6.58823642774107043E-02
6.00387980E+00 1.13406017948311538E-01 5.34046347983093209E-03 6.63402439383727616E-02
6.01138636E+00 1.13363589863946512E-01 5.35226394922499321E-03 6.67968421561768305E-02
6.01889452E+00 1.13321045949358323E-01 5.36412752387779510E-03 6.72520628788587232E-02
6.02640386E+00 1.13278387966144395E-01 5.37605368293785080E-03 6.77057926431188645E-02
6.03391425E+00 1.13235616233753750E-01 5.38804220761757418E-03 6.81579325014685655E-02
6.04142562E+00 1.13192730720551527E-01 5.40009286915848867E-03 6.86083926896259577E-02
6.04893790E+00 1.13149731468446368E-01 5.41220530250766281E-03 6.90570841306235444E-02
6.05645103E+00 1.13106618594345010E-01 5.42437899962668665E-03 6.95039193931672877E-02
6.06396491E+00 1.13063392291461562E-01 5.43661330420782286E-03 6.99488128102192103E-02
6.07147946E+00 1.13020052830337503E-01 5.44890740796482014E-03 7.03916805637215537E-02
6.07899461E+00 1.12976600559631588E-01 5.46126034917805096E-03 7.08324407377046439E-02
6.08651025E+00 1.12933035906432583E-01 5.47367101439503751E-03 7.12710133730971446E-02
6.09402628E+00 1.12889359376045925E-01 5.48613814384807386E-03 7.17073205174610373E-02
6.10154261E+00 1.12845571551178331E-01 5.49866034039111530E-03 7.21412862979006753E-02
6.10905913E+00 1.12801673090525995E-01 5.51123608087900931E-03 7.25728369768045417E-02
6.11657572E+00 1.12757664726848048E-01 5.52386372835506935E-03 7.30019010289718051E-02
6.12409227E+00 1.12713547264668881E-01 5.53654154341282068E-03 7.34284092130959853E-02
6.13160866E+00 1.12669321577663364E-01 5.54926769361398144E-03 7.38522946350239490E-02
6.13912476E+00 1.12624988605825163E-01 5.56204026067061257E-03 7.42734928227011537E-02
6.14664044E+00 1.12580549352442078E-01 5.57485724580167579E-03 7.46919417895246796E-02
6.15415557E+00 1.12536004880949059E-01 5.58771657405265302E-03 7.51075821085840506E-02
6.16167000E+00 1.12491356311714683E-01 5.60061609828669399E-03 7.55203569791712409E-02
6.16918359E+00 1.12446604818710341E-01 5.61355360323346261E-03 7.59302123052695288E-02
6.17669618E+00 1.12401751626306529E-01 5.62652680965103000E-03 7.63370967487314450E-02
6.18420763E+00 1.12356798006048586E-01 5.63953337856660901E-03 7.67409618107592478E-02
6.19171776E+00 1.12311745273577374E-01 5.65257091582439114E-03 7.71417618775719627E-02
6.19922641E+00 1.12266594785636109E-01 5.66563697756663522E-03 7.75394542839466239E-02
6.20673341E+00 1.12221347937120242E-01 5.67872907765516743E-03 7.79339993620562638E-02
6.21423857E+00 1.12176006158164837E-01 5.69184469808911402E-03 7.83253604885763566E-02
6.22174172E+00 1.12130570911129074E-01 5.70498130320493558E-03 7.87135041445033018E-02
6.22924265E+00 1.12085043687535885E-01 5.71813635786409639E-03 7.90983999422152639E-02
6.23674118E+00 1.12039426004911735E-01 5.73130734913604445E-03 7.94800206988358626E-02
6.24423710E+00 1.11993719403599840E-01 5.74449181039730049E-03 7.98583424530498187E-02
6.25173019E+00 1.11947925443589683E-01 5.75768734643312702E-03 8.02333445265085016E-02
6.25922025E+00 1.11902045701494257E-01 5.77089165823620187E-03 8.06050095496471941E-02
6.26670704E+00 1.11856081767631496E-01 5.78410256677114321E-03 8.09733234945567287E-02
6.27419034E+00 1.11810035243298578E-01 5.79731803584522011E-03 8.13382756915811411E-02
6.28166992E+00 1.11763907738131940E-01 5.81053619508161388E-03 8.16998588452323010E-02
6.28914551E+00 1.11717700867528497E-01 5.82375536436354185E-03 8.20580690252548928E-02
6.29661689E+00 1.11671416249998545E-01 5.83697408071754808E-03 8.24129056570679641E-02
6.30408378E+00 1.11625055504546447E-01 5.85019112744573997E-03 8.27643715039207833E-02
6.31154592E+00 1.11578620248184518E-01 5.86340556377255417E-03 8.31124726257128077E-02
6.31900305E+00 1.11532112093729666E-01 5.87661675197417594E-03 8.34572183434407339E-02
6.32645489E+00 1.11485532648224361E-01 5.88982437846777805E-03 8.37986211850288154E-02
6.33390115E+00 1.11438883512064393E-01 5.90302846596253185E-03 8.41366968339508914E-02
6.34134154E+00 1.11392166279104476E-01 5.91622937531190163E-03 8.44714640723575327E-02
6.34877577E+00 1.11345382537633236E-01 5.92942779755627723E-03 8.48029447283434185E-02
6.35620352E+00 1.11298533872234207E-01 5.94262473806103381E-03 8.51311636211866396E-02
6.36362450E+00 1.11251621866317138E-01 5.95582149507853896E-03 8.54561485062438897E-02
6.37103837E+00 1.11204648105306073E-01 5.96901963438825189E-03 8.57779300141384149E-02
6.37844483E+00 1.11157614180403680E-01 5.98222096033639971E-03 8.60965415842171733E-02
6.38584353E+00 1.11110521692982397E-01 5.99542748232570217E-03 8.64120193828024213E-02
6.39323415E+00 1.11063372259641663E-01 6.00864137527236126E-03 8.67244022162962647E-02
6.40061634E+00 1.11016167517959105E-01 6.02186493301000783E-03 8.70337314356612740E-02
6.40798974E+00 1.10968909132854246E-01 6.03510051483012282E-03 8.73400508441186246E-02
6.41535401E+00 1.10921598803438284E-01 6.04835048665874203E-03 8.76434066039109283E-02
6.42270878E+00 1.10874238270104800E-01 6.06161715921849521E-03 8.79438471479713491E-02
6.43005369E+00 1.10826829321753334E-01 6.07490272554170232E-03 8.82414230750426104E-02
6.43738835E+00 1.10779373802823058E-01 6.08820919957391102E-03 8.85361870307006110E-02
6.44471239E+00 1.10731873620199595E-01 6.10153835673617802E-03 8.88281935592057093E-02
6.45202542E+00 1.10684330749788812E-01 6.11489167670743478E-03 8.91174989425074643E-02
6.45932705E+00 1.10636747242782135E-01 6.12827028856261207E-03 8.94041610353274729E-02
6.46661689E+00 1.10589125231506560E-01 6.14167491872327168E-03 8.96882391020162734E-02
6.47389434E+00 1.10541468180807859E-01 6.15510549209855734E-03 8.99697869142837142E-02
6.48115874E+00 1.10493779998932229E-01 6.16856133933161872E-03 9.02488566534043746E-02
6.48840970E+00 1.10446063128139371E-01 6.18204169884430544E-03 9.05255104109352615E-02
6.49564679E+00 1.10398320094988747E-01 6.19554525207701660E-03 9.07998126209832862E-02
6.50286960E+00 1.10350553512186644E-01 6.20907010279046507E-03 9.10718275756181028E-02
6.51007770E+00 1.10302766079188319E-01 6.22261376484243862E-03 9.13416203672958171E-02
6.51727068E+00 1.10254960581722003E-01 6.23617315849809856E-03 9.16092564967569967E-02
6.52444813E+00 1.10207139890274891E-01 6.24974461529773616E-03 9.18748018081573803E-02
6.53160961E+00 1.10159306957575046E-01 6.26332389132365757E-03 9.21383223371124299E-02
6.53875471E+00 1.10111464815122129E-01 6.27690618845194812E-03 9.23998842047683150E-02
6.54588303E+00 1.10063616568771380E-01 6.29048618280395651E-03 9.26595535026352307E-02
6.55299414E+00 1.10015765393498263E-01 6.30405805932766558E-03 9.29173961954908451E-02
6.56008765E+00 1.09967914527372063E-01 6.31761555120827559E-03 9.31734780152335407E-02
6.56716314E+00 1.09920067264874827E-01 6.33115198282794157E-03 9.34278643597500486E-02
6.57422021E+00 1.09872226949646323E-01 6.34466031512166510E-03 9.36806201883937928E-02
6.58125849E+00 1.09824396966689594E-01 6.35813319250073776E-03 9.39318099174515642E-02
6.58827758E+00 1.09776580734177884E-01 6.37156299079884476E-03 9.41814973129060512E-02
6.59527711E+00 1.09728781694860320E-01 6.38494186602546823E-03 9.44297453915742407E-02
6.60225671E+00 1.09681003307136787E-01 6.39826180389344197E-03 9.46766163220249951E-02
6.60921602E+00 1.09633249035854835E-01 6.41151467019728319E-03 9.49221713375248272E-02
6.61615471E+00 1.09585522342821193E-01 6.42469226211760634E-03 9.51664706541350824E-02
6.62307245E+00 1.09537826677136560E-01 6.43778636039771951E-03 9.54095734033608284E-02
6.62996892E+00 1.09490165465293082E-01 6.45078878219939016E-03 9.56515375733768269E-02
6.63684382E+00 1.09442542101109555E-01 6.46369143422832141E-03 9.58924199583925801E-02
6.64369687E+00 1.09394959935480166E-01 6.47648636560431076E-03 9.61322761208138615E-02
6.65052782E+00 1.09347422265937327E-01 6.48916581990075219E-03 9.63711603548377954E-02
6.65733642E+00 1.09299932325914714E-01 6.50172228583151962E-03 9.66091256639569768E-02
6.66412245E+00 1.09252493273698334E-01 6.51414854617198349E-03 9.68462237425263550E-02
6.67088571E+00 1.09205108180929364E-01 6.52643772459921001E-03 9.70825049669803986E-02
6.67762605E+00 1.09157780020534959E-01 6.53858333017005681E-03 9.73180183963689299E-02
6.68434331E+00 1.09110511654019707E-01 6.55057929907190868E-03 9.75528117720718679E-02
6.69103738E+00 1.09063305817970996E-01 6.56242003310653771E-03 9.77869315265624817E-02
6.69770818E+00 1.09016165109746488E-01 6.57410043410526501E-03 9.80204227909376447E-02
6.70435559E+00 1.08969092471573964E-01 6.58561581226589730E-03 9.82533273789726047E-02
6.71097833E+00 1.08922099118660937E-01 6.59696001882697797E-03 9.84856507192105601E-02
6.71757627E+00 1.08875188265085604E-01 6.60812943828413633E-03 9.87174140345876416E-02
6.72414931E+00 1.08828362975260787E-01 6.61912103098251554E-03 9.89486618833744502E-02
6.73069737E+00 1.08781626148554494E-01 6.62993233005080684E-03 9.91794236995317269E-02
6.73722042E+00 1.08734980501425216E-01 6.64056142740895080E-03 9.94097327185908264E-02
6.74371845E+00 1.08688428548398885E-01 6.65100694923035328E-03 9.96396187040947262E-02
6.75019148E+00 1.08641972582387128E-01 6.66126802256777027E-03 9.98691114320786055E-02
6.75663958E+00 1.08595614654631828E-01 6.67134423622638400E-03 1.00098239304052941E-01
6.76306287E+00 1.08549356554435095E-01 6.68123560020497664E-03 1.00327030183659641E-01
6.76946147E+00 1.08503199788648613E-01 6.69094250887794159E-03 1.00555511257561209E-01
6.77583559E+00 1.08457145560961088E-01 6.70046571330434274E-03 1.00783709371906463E-01
6.78218544E+00 1.08411194750989620E-01 6.70980630740194636E-03 1.01011651170306138E-01
6.78851130E+00 1.08365347893184305E-01 6.71896573126908210E-03 1.01239363362073245E-01
6.79481348E+00 1.08319605155690030E-01 6.72794579280533000E-03 1.01466872946705283E-01
6.80109234E+00 1.08273966319343967E-01 6.73674870635032792E-03 1.01694207462674796E-01
6.80734830E+00 1.08228430757158059E-01 6.74537714470460712E-03 1.01921395208865492E-01
6.81358182E+00 1.08182997414599691E-01 6.75383429902830321E-03 1.02148465445236716E-01
6.81979339E+00 1.08137664791096530E-01 6.76212393995556053E-03 1.02375448557257109E-01
6.82598357E+00 1.08092430923164742E-01 6.77025047301588016E-03 1.02602376211819682E-01
6.83215298E+00 1.08047293369532851E-01 6.77821898202693625E-03 1.02829281525641261E-01
6.83830067E+00 1.08002260826543559E-01 6.78603325841406826E-03 1.03056150203526806E-01
6.84442459E+00 1.07957350354305717E-01 6.79369644265929822E-03 1.03282911787420162E-01
6.85052524E+00 1.07912559951278506E-01 6.80121567018761829E-03 1.03509575181714719E-01
6.85660319E+00 1.07867887118374556E-01 6.80859871701593958E-03 1.03736187797917601E-01
6.86265905E+00 1.07823328862743775E-01 6.81585393851444083E-03 1.03962776045643329E-01
6.86869347E+00 1.07778881698617282E-01 6.82299019422832713E-03 1.04189375885239716E-01
6.87470717E+00 1.07734541648142904E-01 6.83001676275165823E-03 1.04416022260057070E-01
6.88070090E+00 1.07690304243279078E-01 6.83694325188042001E-03 1.04642753528649698E-01
6.88667548E+00 1.07646164528796773E-01 6.84377950933214019E-03 1.04869609651194157E-01
6.89263176E+00 1.07602117066460695E-01 6.85053553877881371E-03 1.05096633115277227E-01
6.89857065E+00 1.07558155940192149E-01 6.85722142510919192E-03 1.05323868804868409E-01
6.90449310E+00 1.07514274762062503E-01 6.86384727181759986E-03 1.05551364321538069E-01
6.91040011E+00 1.07470466679008558E-01 6.87042315230965324E-03 1.05779170077278828E-01
6.91629273E+00 1.07426724380305885E-01 6.87695907583081405E-03 1.06007339436400824E-01
6.92216872E+00 1.07383065012784190E-01 6.88346127259309437E-03 1.06235815778044806E-01
6.92802623E+00 1.07339502682967339E-01 6.88993629819581281E-03 1.06464520633762619E-01
6.93386621E+00 1.07296030639342496E-01 6.89639362506987586E-03 1.06693497747483657E-01
6.93968967E+00 1.07252641679717486E-01 6.90284259496039276E-03 1.06922812348257304E-01
6.94549764E+00 1.07209328170501453E-01 6.90929243558242867E-03 1.07152517230701225E-01
6.95129122E+00 1.07166082060326434E-01 6.91575227990745382E-03 1.07382672277673452E-01
6.95707153E+00 1.07122894892156914E-01 6.92223118417116621E-03 1.07613338889247609E-01
6.96283973E+00 1.07079757815597740E-01 6.92873814238214106E-03 1.07844581993975952E-01
6.96859703E+00 1.07036661600021010E-01 6.93528209583768075E-03 1.08076469179097120E-01
6.97434467E+00 1.06993596648757891E-01 6.94187193672000068E-03 1.08309070989901141E-01
6.98008394E+00 1.06950553014518654E-01 6.94851650546239076E-03 1.08542460824076148E-01
6.98581612E+00 1.06907520415926299E-01 6.95522458221952463E-03 1.08776714987179626E-01
6.99154108E+00 1.06864499508936728E-01 6.96200309652780097E-03 1.09011858045354210E-01
6.99725433E+00 1.06821523597915954E-01 6.96885354272172835E-03 1.09247742250286009E-01
7.00295709E+00 1.06778582888217302E-01 6.97578388273067864E-03 1.09484398261125077E-01
7.00865064E+00 1.06735667250345098E-01 6.98280189188908978E-03 1.09721931972191350E-01
7.01433628E+00 1.06692766255742533E-01 6.98991514639847513E-03 1.09960414345359150E-01
7.02001534E+00 1.06649869202310593E-01 6.99713101608015302E-03 1.10199929314814690E-01
7.02568916E+00 1.06606965136059051E-01 7.00445666152437352E-03 1.10440559962852486E-01
7.03135912E+00 1.06564042871199360E-01 7.01189903637153712E-03 1.10682393153029301E-01
7.03702660E+00 1.06521091009484176E-01 7.01946489504271052E-03 1.10925517607369975E-01
7.04269302E+00 1.06478097959166212E-01 7.02716080544437197E-03 1.11170024405557608E-01
7.04835978E+00 1.06435051953553447E-01 7.03499316561216528E-03 1.11416006665314926E-01
7.05402833E+00 1.06391941069268012E-01 7.04296822303956179E-03 1.11663559523061978E-01
7.05969978E+00 1.06348755701632200E-01 7.05109163138565882E-03 1.11912767363974888E-01
7.06536841E+00 1.06305538520379578E-01 7.05935884159501412E-03 1.12163442196782523E-01
7.07103561E+00 1.06262277775597047E-01 7.06777514801728776E-03 1.12415612995191483E-01
7.07670283E+00 1.06218961529680259E-01 7.07634575899500004E-03 1.12669413764258750E-01
7.08237150E+00 1.06175577694709686E-01 7.08507582633848172E-03 1.12924929783805222E-01
7.08804305E+00 1.06132114056848498E-01 7.09397047509960788E-03 1.13182262043844628E-01
7.09371893E+00 1.06088558295427612E-01 7.10303483048080331E-03 1.13441508551206410E-01
7.09940059E+00 1.06044897999552981E-01 7.11227404138518524E-03 1.13702770547778692E-01
7.10508748E+00 1.06001136031477650E-01 7.12168998601168945E-03 1.13966067686850483E-01
7.11077343E+00 1.05957318686151894E-01 7.13127484740732221E-03 1.14231165332907447E-01
7.11645996E+00 1.05913433130125009E-01 7.14103325796826196E-03 1.14498099563934877E-01
7.12214101E+00 1.05869525184965008E-01 7.15095659768759037E-03 1.14766692016419675E-01
7.12781405E+00 1.05825613415195072E-01 7.16104179431849026E-03 1.15036777770066143E-01
7.13348066E+00 1.05781684770180018E-01 7.17129281104857390E-03 1.15308457687271104E-01
7.13914241E+00 1.05737726016264244E-01 7.18171373824907141E-03 1.15581835449372061E-01
7.14480088E+00 1.05693723777468968E-01 7.19230880998748389E-03 1.15857002455737129E-01
7.15045766E+00 1.05649664561918599E-01 7.20308241225155448E-03 1.16134053849936469E-01
7.15611433E+00 1.05605534782049343E-01 7.21403908299773217E-03 1.16413084920977197E-01
7.16176408E+00 1.05561386717221026E-01 7.22516683627034105E-03 1.16693816880478432E-01
7.16740716E+00 1.05517217280275827E-01 7.23646707069320293E-03 1.16976193877271289E-01
7.17304428E+00 1.05473020142648949E-01 7.24794194903606928E-03 1.17260299991792466E-01
7.17867601E+00 1.05428789733589018E-01 7.25959339198908350E-03 1.17546160228350877E-01
7.18430403E+00 1.05384511862940816E-01 7.27142556471374168E-03 1.17833860727192624E-01
7.18993000E+00 1.05340172294216577E-01 7.28344268538870347E-03 1.18123495131735687E-01
7.19555558E+00 1.05295756764236637E-01 7.29564900455727857E-03 1.18415151901673010E-01
7.20118242E+00 1.05251250997138918E-01 7.30804878378934607E-03 1.18708920599092951E-01
7.20681216E+00 1.05206640715146835E-01 7.32064627588169866E-03 1.19004890031384064E-01
7.21244642E+00 1.05161911647083842E-01 7.33344570854477067E-03 1.19303148520643290E-01
7.21808267E+00 1.05117082640661885E-01 7.34644165687740793E-03 1.19603584796118698E-01
7.22371826E+00 1.05072173435060257E-01 7.35962793954630934E-03 1.19906033411462748E-01
7.22935496E+00 1.05027168892245004E-01 7.37300825080796241E-03 1.20210560058832780E-01
7.23499450E+00 1.04982053845329812E-01 7.38658626232770350E-03 1.20517269767996302E-01
7.24063860E+00 1.04936813119907629E-01 7.40036564007742152E-03 1.20826239919171852E-01
7.24628899E+00 1.04891431543021510E-01 7.41435005948157429E-03 1.21137553558931535E-01
7.25194734E+00 1.04845893946631880E-01 7.42854321636228325E-03 1.21451290393333439E-01
7.25761533E+00 1.04800185168304652E-01 7.44294883316504608E-03 1.21767529342025421E-01
7.26329099E+00 1.04754319610484939E-01 7.45756123407582874E-03 1.22086163660247507E-01
7.26897165E+00 1.04708317380714164E-01 7.47237256999885250E-03 1.22407004677998421E-01
7.27465915E+00 1.04662161881375490E-01 7.48738653685872453E-03 1.22730105066611916E-01
7.28035537E+00 1.04615836429667486E-01 7.50260690056474278E-03 1.23055565767388450E-01
7.28606213E+00 1.04569324275385567E-01 7.51803751284509710E-03 1.23383455345950022E-01
7.29178126E+00 1.04522608608256434E-01 7.53368232831440159E-03 1.23713848789250555E-01
7.29751458E+00 1.04475672561686675E-01 7.54954541992025347E-03 1.24046817118945010E-01
7.30326389E+00 1.04428499215664036E-01 7.56563099033016277E-03 1.24382430566694235E-01
7.30902420E+00 1.04381127493261575E-01 7.58192415154847112E-03 1.24720398906428609E-01
7.31479600E+00 1.04333551321587309E-01 7.59842516090663070E-03 1.25060639800975149E-01
7.32058140E+00 1.04285751090640477E-01 7.61513899400033910E-03 1.25403263089992112E-01
7.32638254E+00 1.04237707026394663E-01 7.63207080219923100E-03 1.25748347616756906E-01
7.33220150E+00 1.04189399207811270E-01 7.64922590329316938E-03 1.26095973958001401E-01
7.33804037E+00 1.04140807578790712E-01 7.66660976796575567E-03 1.26446221376791262E-01
7.34390126E+00 1.04091911960192032E-01 7.68422800417797782E-03 1.26799169267932138E-01
7.34978620E+00 1.04042692064482745E-01 7.70208634041605333E-03 1.27154895893475062E-01
7.35569727E+00 1.03993127514562994E-01 7.72019060592218746E-03 1.27513478146252357E-01
7.36162996E+00 1.03943252859111629E-01 7.73852650123565272E-03 1.27874633411902888E-01
7.36758688E+00 1.03893043082486702E-01 7.75710132698745683E-03 1.28238389500079625E-01
7.37357064E+00 1.03842472737885050E-01 7.77592253558180655E-03 1.28604899377147114E-01
7.37958385E+00 1.03791516128104389E-01 7.79499760677331618E-03 1.28974256888589128E-01
7.38562911E+00 1.03740147356394904E-01 7.81433394014098559E-03 1.29346571297604546E-01
7.39170902E+00 1.03688340383334424E-01 7.83393871907175909E-03 1.29721946788551257E-01
7.39782615E+00 1.03636069093589897E-01 7.85381875527184879E-03 1.30100488707024620E-01
7.40398302E+00 1.03583307374786812E-01 7.87398032463083181E-03 1.30482300722722072E-01
7.41018214E+00 1.03530029210395877E-01 7.89442900327362758E-03 1.30867485128342453E-01
7.41642596E+00 1.03476208788067014E-01 7.91516950813692978E-03 1.31256142006749094E-01
7.42271686E+00 1.03421820624821789E-01 7.93620554070467721E-03 1.31648368727421694E-01
7.42905715E+00 1.03366839710236108E-01 7.95753962735343962E-03 1.32044259279365916E-01
7.43542230E+00 1.03311475118029752E-01 7.97908232242645378E-03 1.32442413773008610E-01
7.44180650E+00 1.03255774713108928E-01 8.00080522685806851E-03 1.32842125298874264E-01
7.44821534E+00 1.03199687433504758E-01 8.02271720893177331E-03 1.33243774485070327E-01
7.45465457E+00 1.03143159997723166E-01 8.04482681367655814E-03 1.33647702087179826E-01
7.46110943E+00 1.03086319750648400E-01 8.06707086937595054E-03 1.34053078721810603E-01
7.46757432E+00 1.03029215080206682E-01 8.08941598581716659E-03 1.34459321564323137E-01
7.47405608E+00 1.02971784357398316E-01 8.11187068342600175E-03 1.34866827977755871E-01
7.48056190E+00 1.02913962497327205E-01 8.13444366031442281E-03 1.35276066309893805E-01
7.48709929E+00 1.02855680663015495E-01 8.15714390827819262E-03 1.35687463597170349E-01
7.49367617E+00 1.02796865933326834E-01 8.17998081136946803E-03 1.36101488919352309E-01
7.50026017E+00 1.02737807125987402E-01 8.20282332363336981E-03 1.36516380534137921E-01
7.50685768E+00 1.02678447239279352E-01 8.22567474379901943E-03 1.36931949961433680E-01
7.51347806E+00 1.02618702030553732E-01 8.24854799257775627E-03 1.37349073786972781E-01
7.52013125E+00 1.02558481066212182E-01 8.27145732803758089E-03 1.37768268046957687E-01
7.52678461E+00 1.02498080579938186E-01 8.29427085836288540E-03 1.38187822560848883E-01
7.53343333E+00 1.02437546485589295E-01 8.31695403535605803E-03 1.38606864116012390E-01
7.54008022E+00 1.02376856023493890E-01 8.33949897328035983E-03 1.39025781913608759E-01
7.54672816E+00 1.02315985216287653E-01 8.36189880632203821E-03 1.39444700390714327E-01
7.55338016E+00 1.02254908880118622E-01 8.38414785199912728E-03 1.39863798136474482E-01
7.56002791E+00 1.02193705980363300E-01 8.40620409174097812E-03 1.40282619908754957E-01
7.56665959E+00 1.02132489015816438E-01 8.42801652458745852E-03 1.40700342873095435E-01
7.57327987E+00 1.02071218638559405E-01 8.44959084075641749E-03 1.41117092903901370E-01
7.57989329E+00 1.02009856334243101E-01 8.47093348430674048E-03 1.41533272442387503E-01
7.58649252E+00 1.01948473614025134E-01 8.49201454969611760E-03 1.41948464254836038E-01
7.59307806E+00 1.01887069785626935E-01 8.51283160762024947E-03 1.42362517970843455E-01
7.59965418E+00 1.01825608309174975E-01 8.53339596513748300E-03 1.42775738985724099E-01
7.60622490E+00 1.01764054711267982E-01 8.55371940677463263E-03 1.43188362829356874E-01
7.61279078E+00 1.01702406583062441E-01 8.57380454485729727E-03 1.43600429513401101E-01
7.61934111E+00 1.01640767564391415E-01 8.59362193596446139E-03 1.44011317401664868E-01
7.62586433E+00 1.01579249883723285E-01 8.61314296594137795E-03 1.44420193473755593E-01
7.63235380E+00 1.01517920354340430E-01 8.63235653817188975E-03 1.44826592056953807E-01
7.63881482E+00 1.01456732399331687E-01 8.65128869896504907E-03 1.45230744756215530E-01
7.64525249E+00 1.01395640725841452E-01 8.66996544228481464E-03 1.45633049574644763E-01
7.65167168E+00 1.01334601537095101E-01 8.68841263748316300E-03 1.46033749039335442E-01
7.65807703E+00 1.01273572696861533E-01 8.70665596099442010E-03 1.46433112592183806E-01
7.66447292E+00 1.01212513836556051E-01 8.72472082039347022E-03 1.46831375221526977E-01
7.67086349E+00 1.01151386399277149E-01 8.74263227694968038E-03 1.47228760499536815E-01
7.67725263E+00 1.01090153619932496E-01 8.76041497407608304E-03 1.47625471688926646E-01
7.68364400E+00 1.01028780444747626E-01 8.77809307593413815E-03 1.48021698036583410E-01
7.69004107E+00 1.00967233397304970E-01 8.79569021533647272E-03 1.48417616521078766E-01
7.69644708E+00 1.00905480402240025E-01 8.81322944392512637E-03 1.48813395840719342E-01
7.70286515E+00 1.00843490580579620E-01 8.83073317314653911E-03 1.49209198110872410E-01
7.70929821E+00 1.00781234032201683E-01 8.84822309518990338E-03 1.49605178481021173E-01
7.71572133E+00 1.00718951320257252E-01 8.86564494124178308E-03 1.50000045147614891E-01
7.72213509E+00 1.00656636751674383E-01 8.88301326055900703E-03 1.50393305638430230E-01
7.72854623E+00 1.00594224062770021E-01 8.90035815175362587E-03 1.50785605902002989E-01
7.73496140E+00 1.00531647616881048E-01 8.91770801150718571E-03 1.51177258663023756E-01
7.74138129E+00 1.00468899107347673E-01 8.93507396027302427E-03 1.51568340433245685E-01
7.74777447E+00 1.00406285387535779E-01 8.95237901721832562E-03 1.51957162898354425E-01
7.75414431E+00 1.00343773966432501E-01 8.96963894959875406E-03 1.52343213352362422E-01
7.76049882E+00 1.00281286051193907E-01 8.98688070395849484E-03 1.52727371410269402E-01
7.76684606E+00 1.00218741908768214E-01 9.00412994210879856E-03 1.53109969231188636E-01
7.77319413E+00 1.00156060481975881E-01 9.02141127331755610E-03 1.53491504913354698E-01
7.77955126E+00 1.00093158850551298E-01 9.03874851235280004E-03 1.53872403931927498E-01
7.78592588E+00 1.00029951549931995E-01 9.05616497784575425E-03 1.54253132278863753E-01
7.79232668E+00 9.99663497570607157E-02 9.07368384283694339E-03 1.54634150562831307E-01
7.79876269E+00 9.99022603409363413E-02 9.09132853260960667E-03 1.55015939747055964E-01
7.80521655E+00 9.98378534488999492E-02 9.10904949021306559E-03 1.55397726220591503E-01
7.81168706E+00 9.97731387395908997E-02 9.12684100804220418E-03 1.55778873582495425E-01
7.81816848E+00 9.97081719007091444E-02 9.14468447308867428E-03 1.56159372131594448E-01
7.82464017E+00 9.96431588791342193E-02 9.16252020687267910E-03 1.56537974997870005E-01
7.83110758E+00 9.95780444807090187E-02 9.18036037604026689E-03 1.56914528422572391E-01
7.83757648E+00 9.95127698244504671E-02 9.19821820822632093E-03 1.57289707661768696E-01
7.84404456E+00 9.94473572707619963E-02 9.21608508075840750E-03 1.57663307633160388E-01
7.85050102E+00 9.93819157779897711E-02 9.23392949351645349E-03 1.58034731826862590E-01
7.85693598E+00 9.93165460557015600E-02 9.25172308919435145E-03 1.58403269519428791E-01
7.86335561E+00 9.92511860355736741E-02 9.26948228515285348E-03 1.58769093095089159E-01
7.86976641E+00 9.91857698086157785E-02 9.28722465177973973E-03 1.59132747062743940E-01
7.87617514E+00 9.91202282220771391E-02 9.30496871000727373E-03 1.59494500577161413E-01
7.88258875E+00 9.90544894630030481E-02 9.32273375195390858E-03 1.59854732647025904E-01
7.88901436E+00 9.89884796300116721E-02 9.34053968524642397E-03 1.60213771895104440E-01
7.89543066E+00 9.89224173885546870E-02 9.35832819114171439E-03 1.60570770745888103E-01
7.90183086E+00 9.88563736153801748E-02 9.37608156108102331E-03 1.60924694988729799E-01
7.90822198E+00 9.87902764498370251E-02 9.39382071013295655E-03 1.61276108818242253E-01
7.91461126E+00 9.87240515260243146E-02 9.41156742911562240E-03 1.61625437137214917E-01
7.92100599E+00 9.86576228479109502E-02 9.42934440872327147E-03 1.61973052836143244E-01
7.92740864E+00 9.85909643553050247E-02 9.44716177072191070E-03 1.62319128684841801E-01
7.93382269E+00 9.85240389669087002E-02 9.46503353746181580E-03 1.62663731878760709E-01
7.94021973E+00 9.84571437452080311E-02 9.48288596769826866E-03 1.63005830727668138E-01
7.94660697E+00 9.83902043719997316E-02 9.50074508549240623E-03 1.63344718368587771E-01
7.95299148E+00 9.83231474474602490E-02 9.51863652270732580E-03 1.63681567935608285E-01
7.95938014E+00 9.82559008169073406E-02 9.53658502258803754E-03 1.64016356859118140E-01
7.96577964E+00 9.81883937157932429E-02 9.55461389893013865E-03 1.64349569894215924E-01
7.97219651E+00 9.81205567760989883E-02 9.57274450621353051E-03 1.64681398692008346E-01
7.97862993E+00 9.80523979843038324E-02 9.59097554678087737E-03 1.65011917393477342E-01
7.98505383E+00 9.79841942536397725E-02 9.60923171550624039E-03 1.65340013856640072E-01
7.99147591E+00 9.79158653832815640E-02 9.62753050769338953E-03 1.65665018321269342E-01
7.99790366E+00 9.78473324262884858E-02 9.64588618055148631E-03 1.65988155887735384E-01
8.00434441E+00 9.77785176760083141E-02 9.66430981676225098E-03 1.66309363631074875E-01
8.01080532E+00 9.77093445797099919E-02 9.68280940394990186E-03 1.66629153824393000E-01
8.01729338E+00 9.76397376478047169E-02 9.70138989951646255E-03 1.66947698648541670E-01
8.02381544E+00 9.75696224122054173E-02 9.72005329052531147E-03 1.67265334360571505E-01
8.03035764E+00 9.74991471337259413E-02 9.73874029904850391E-03 1.67581687217378039E-01
8.03690731E+00 9.74284487027005791E-02 9.75739376927327144E-03 1.67895626892836936E-01
8.04347279E+00 9.73574370750777268E-02 9.77601537616150026E-03 1.68207334577132356E-01
8.05003631E+00 9.72863051502090570E-02 9.79453212842726698E-03 1.68516855033272073E-01
8.05657907E+00 9.72152581877606392E-02 9.81286946569896908E-03 1.68822545740190427E-01
8.06310728E+00 9.71442311578465112E-02 9.83102360646636100E-03 1.69124533982816544E-01
8.06962725E+00 9.70731569817950141E-02 9.84899064696114108E-03 1.69423568324403695E-01
8.07614544E+00 9.70019665939293729E-02 9.86676671393912907E-03 1.69719780738542825E-01
8.08264228E+00 9.69308757980531371E-02 9.88427862009279637E-03 1.70012960359207987E-01
8.08910301E+00 9.68600493333038604E-02 9.90147103946220283E-03 1.70301619119663877E-01
8.09553398E+00 9.67894212560457823E-02 9.91834909577692277E-03 1.70586071889303331E-01
8.10194159E+00 9.67189244628154504E-02 9.93492071758603212E-03 1.70866984551843043E-01
8.10833228E+00 9.66484907845114316E-02 9.95119632076830844E-03 1.71144539001126444E-01
8.11471255E+00 9.65780510831669436E-02 9.96718804129865382E-03 1.71419089055657947E-01
8.12108892E+00 9.65075353379277606E-02 9.98290885116256965E-03 1.71690877533801828E-01
8.12746799E+00 9.64368727039583429E-02 9.99837186799903445E-03 1.71960199465296892E-01
8.13385638E+00 9.63659915378717313E-02 1.00135899440750749E-02 1.72227308317446148E-01
8.14023428E+00 9.62951138562356673E-02 1.00285141527283496E-02 1.72492016877653170E-01
8.14655122E+00 9.62248049855346649E-02 1.00430297789431376E-02 1.72752203017112332E-01
8.15285144E+00 9.61545774142445603E-02 1.00572422839249470E-02 1.73006796948736524E-01
8.15917345E+00 9.60840038065674112E-02 1.00712360884360197E-02 1.73260715086113543E-01
8.16549187E+00 9.60133697254682283E-02 1.00849507527815876E-02 1.73512963585935431E-01
8.17179300E+00 9.59428312909686304E-02 1.00983547680387909E-02 1.73761541180827483E-01
8.17808454E+00 9.58723057013958213E-02 1.01114628993070783E-02 1.74007023037215713E-01
8.18437442E+00 9.58017071541722581E-02 1.01242887224325447E-02 1.74250076414870919E-01
8.19067074E+00 9.57309469820317449E-02 1.01368447052418709E-02 1.74490944931037228E-01
8.19694158E+00 9.56603868906611698E-02 1.01490648925642024E-02 1.74729538183318156E-01
8.20316959E+00 9.55902261063793640E-02 1.01609171357168460E-02 1.74963509366851788E-01
8.20935241E+00 9.55204955236845649E-02 1.01724002829335740E-02 1.75193446841800021E-01
8.21549802E+00 9.54511090119871675E-02 1.01835322741201210E-02 1.75419456449302402E-01
8.22161441E+00 9.53819796218971505E-02 1.01943298511028759E-02 1.75642266452797041E-01
8.22770957E+00 9.53130197799132856E-02 1.02048087886014924E-02 1.75862038001233539E-01
8.23379150E+00 9.52441415417005915E-02 1.02149840491301894E-02 1.76079159314243033E-01
8.23986816E+00 9.51752568575395530E-02 1.02248698332258921E-02 1.76293902582803641E-01
8.24594746E+00 9.51062777967180417E-02 1.02344795719774544E-02 1.76506583036132564E-01
8.25203727E+00 9.50371166755928642E-02 1.02438259256823049E-02 1.76717477330624095E-01
8.25814541E+00 9.49676860367891090E-02 1.02529208291757042E-02 1.76926858067797066E-01
8.26424399E+00 9.48983046871351016E-02 1.02617251272511603E-02 1.77134821649147789E-01
8.27030495E+00 9.48292947449906470E-02 1.02702057702709609E-02 1.77339142684418555E-01
8.27631755E+00 9.47607819749343161E-02 1.02783584422126029E-02 1.77539418856497988E-01
8.28229113E+00 9.46926632050900940E-02 1.02862063488317213E-02 1.77735908951514143E-01
8.28823511E+00 9.46248340258667026E-02 1.02937703270818536E-02 1.77929580325100561E-01
8.29415899E+00 9.45571886883795759E-02 1.03010686742980306E-02 1.78120589211262559E-01
8.30007235E+00 9.44896201754221871E-02 1.03081170424954554E-02 1.78309342786020203E-01
8.30598486E+00 9.44220203504691769E-02 1.03149284727391353E-02 1.78496154032950605E-01
8.31190627E+00 9.43542800826911721E-02 1.03215136477235112E-02 1.78681378318567202E-01
8.31784637E+00 9.42862892497424443E-02 1.03278813619096157E-02 1.78865349607489343E-01
8.32381508E+00 9.42179365287160037E-02 1.03340391269305769E-02 1.79048403854273397E-01
8.32981696E+00 9.41491716122302563E-02 1.03399885314046803E-02 1.79230855539285666E-01
8.33580719E+00 9.40805102070192273E-02 1.03456864043440303E-02 1.79412593493679995E-01
8.34173927E+00 9.40124885593728726E-02 1.03510975163303553E-02 1.79590764927875624E-01
8.34762443E+00 9.39449812480351032E-02 1.03562439645707872E-02 1.79660039073982619E-01
8.35347384E+00 9.38778624466478501E-02 1.03611458379230074E-02 1.80091212046906229E-01
8.35929868E+00 9.38110056204905923E-02 1.03658214553303298E-02 1.80100092066720563E-01
8.36511017E+00 9.37442833817093424E-02 1.03702877656710896E-02 1.80143079693477010E-01
8.37091957E+00 9.36775673638508971E-02 1.03745607876948275E-02 1.80562782175354875E-01
8.37673512E+00 9.36107634563044244E-02 1.03786539494004158E-02 1.80579762377106934E-01
8.38256302E+00 9.35438008335363613E-02 1.03825795260645837E-02 1.80648331300138132E-01
8.38841296E+00 9.34765682825344918E-02 1.03863524548364651E-02 1.81087822592133157E-01
8.39429479E+00 9.34089522439642134E-02 1.03899876727670086E-02 1.81096743957698175E-01
8.40021868E+00 9.33408353942685731E-02 1.03934999497826263E-02 1.81137345911694919E-01
8.40619522E+00 9.32720948226776897E-02 1.03969036861978215E-02 1.81524419168792167E-01
8.41212918E+00 9.32038260183594980E-02 1.04001571116528937E-02 1.81548160103533307E-01
8.41801473E+00 9.31360967992106714E-02 1.04032729377102843E-02 1.81757029755625049E-01
8.42386363E+00 9.30687720130259494E-02 1.04062710434276520E-02 1.81808217732810529E-01
8.42968747E+00 9.30017179995398791E-02 1.04091685049167524E-02 1.82195166333970704E-01
8.43549765E+00 9.29348027109300617E-02 1.04119804816625600E-02 1.82208119958740922E-01
8.44130542E+00 9.28678956076895851E-02 1.04147209984523301E-02 1.82252375531434196E-01
8.44712190E+00 9.28008672458291300E-02 1.04174035639713509E-02 1.82636095955838629E-01
8.45295817E+00 9.27335885060959209E-02 1.04200416609598594E-02 1.82654854431137825E-01
8.45882532E+00 9.26659294158784230E-02 1.04226491276443994E-02 1.82709047790224899E-01
8.46473467E+00 9.25977575051177698E-02 1.04252404245550757E-02 1.83138091114567247E-01
8.47067023E+00 9.25292550863772711E-02 1.04278192497592147E-02 1.83147308338844239E-01
8.47661261E+00 9.24606439691644244E-02 1.04303892182324547E-02 1.83184478007707652E-01
8.48256665E+00 9.23918668895861855E-02 1.04329644036607622E-02 1.83525635913411533E-01
8.48851350E+00 9.23231397758447203E-02 1.04355479300837755E-02 1.83555705811188408E-01
8.49444387E+00 9.22545691258783301E-02 1.04381459082959430E-02 1.83796819298636810E-01
8.50036271E+00 9.21860963909352654E-02 1.04407689650901497E-02 1.83841134449377108E-01
8.50627509E+00 9.21176617737830272E-02 1.04434260489711574E-02 1.84151501496440662E-01
8.51218611E+00 9.20492050115644250E-02 1.04461246841032369E-02 1.84179128564154526E-01
8.51810083E+00 9.19806661715138335E-02 1.04488711649575235E-02 1.84390846357895488E-01
8.52402424E+00 9.19119864624581423E-02 1.04516706127837870E-02 1.84441436726246660E-01
8.52996113E+00 9.18431090676023187E-02 1.04545269232087200E-02 1.84794570806478792E-01
8.53591609E+00 9.17739799904457726E-02 1.04574426583597894E-02 1.84815908147270641E-01
8.54189070E+00 9.17045801316908882E-02 1.04604176197053388E-02 1.84872353937666462E-01
8.54785444E+00 9.16352640881434033E-02 1.04634342647760246E-02 1.85298972281218277E-01
8.55381264E+00 9.15659705296437421E-02 1.04664918767184232E-02 1.85311073803448384E-01
8.55977053E+00 9.14966396524059117E-02 1.04695888386897567E-02 1.85351421980129188E-01
8.56568554E+00 9.14277681533740699E-02 1.04726985476319215E-02 1.85698536520269852E-01
8.57156820E+00 9.13592354752277985E-02 1.04758230787403116E-02 1.85728756543632523E-01
8.57743152E+00 9.12908919177818634E-02 1.04789670286183547E-02 1.85960705102162255E-01
8.58329036E+00 9.12225656344253788E-02 1.04821375209620173E-02 1.86008251744800290E-01
8.58916114E+00 9.11540660228464111E-02 1.04853442968320994E-02 1.86339255582194191E-01
8.59501352E+00 9.10857482562987542E-02 1.04885731952779112E-02 1.86365282881642697E-01
8.60085422E+00 9.10175351918104114E-02 1.04918322589697532E-02 1.86445605960437299E-01
8.60669715E+00 9.09492654239007908E-02 1.04951351793743201E-02 1.86884523487991200E-01
8.61255657E+00 9.08807729177783935E-02 1.04984978682350488E-02 1.86891961766781800E-01
8.61840561E+00 9.08123720417594177E-02 1.05019147993844295E-02 1.86922023005502869E-01
8.62425023E+00 9.07439933582109975E-02 1.05054019724747389E-02 1.87253039938980431E-01
8.63010770E+00 9.06754348884503125E-02 1.05089845500498380E-02 1.87294588784810506E-01
8.63592691E+00 9.06072943054813534E-02 1.05126463780727056E-02 1.87587611896759848E-01
8.64172512E+00 9.05393697745163067E-02 1.05164142655108372E-02 1.87621918103939828E-01
8.64752070E+00 9.04714455417201663E-02 1.05203172279659755E-02 1.87899041153213098E-01
8.65333228E+00 9.04033021674671006E-02 1.05243858981845153E-02 1.87941185620009832E-01
8.65917866E+00 9.03347176952204595E-02 1.05286525207182891E-02 1.88241715669620363E-01
8.66503379E+00 9.02659922902206840E-02 1.05331157123554602E-02 1.88276956317570576E-01
8.67087457E+00 9.01973976695804591E-02 1.05377710990934067E-02 1.88568719211546054E-01
8.67672296E+00 9.01286756661493771E-02 1.05426484882573564E-02 1.88610533116211232E-01
8.68260042E+00 9.00595727539015289E-02 1.05477775867608009E-02 1.88913954037092463E-01
8.68852774E+00 8.99898420934028970E-02 1.05531879898815868E-02 1.88950638209055694E-01
8.69450063E+00 8.99195312494789206E-02 1.05588854101795523E-02 1.89262025742612999E-01
8.70050804E+00 8.98487677120075739E-02 1.05648656153797971E-02 1.89304167049939964E-01
8.70653403E+00 8.97777366127363030E-02 1.05711150895431930E-02 1.89618973249908729E-01
8.71259045E+00 8.97062961319080449E-02 1.05776461022060991E-02 1.89661753926408383E-01
8.71868537E+00 8.96343484515097766E-02 1.05844656052675318E-02 1.89986018910946297E-01
8.72480189E+00 8.95620904462495343E-02 1.05915491421799089E-02 1.90024463361640361E-01
8.73096612E+00 8.94892110203444197E-02 1.05989196283253935E-02 1.90365440783793222E-01
8.73720352E+00 8.94154058695922072E-02 1.06065995179419042E-02 1.90403083454228239E-01
8.74353850E+00 8.93403820388124631E-02 1.06146099695107275E-02 1.90743448952841871E-01
8.74984964E+00 8.92655734199481327E-02 1.06227804835709403E-02 1.90789414708881638E-01
8.75613037E+00 8.91910575574809961E-02 1.06310830442558155E-02 1.91154300441226027E-01
8.76238682E+00 8.91167615486018611E-02 1.06395065975471922E-02 1.91190346748608325E-01
8.76862482E+00 8.90426158040581450E-02 1.06480390969220517E-02 1.91525590237131282E-01
8.77484986E+00 8.89685539669564235E-02 1.06566677875079632E-02 1.91572066693949938E-01
8.78106718E+00 8.88945127962591092E-02 1.06653797519885383E-02 1.91951118643899299E-01
8.78728171E+00 8.88204319058653324E-02 1.06741622685020271E-02 1.91985215458583824E-01
8.79349821E+00 8.87462533882588805E-02 1.06830029915978408E-02 1.92314209120895724E-01
8.79971096E+00 8.86720438964866686E-02 1.06918753197590196E-02 1.92363216059637021E-01
8.80589542E+00 8.85980957685003484E-02 1.07007264309929781E-02 1.92773225081663169E-01
8.81205803E+00 8.85243317675929592E-02 1.07095494512560903E-02 1.92802445660571087E-01
8.81820482E+00 8.84506795825985431E-02 1.07183375073837874E-02 1.93098637985599203E-01
8.82434140E+00 8.83770712602950231E-02 1.07270833453892451E-02 1.93154079297502529E-01
8.83047308E+00 8.83034426341183371E-02 1.07357793550755653E-02 1.93624059799152176E-01
8.83660487E+00 8.82297326753401223E-02 1.07444175800738007E-02 1.93642813411928044E-01
8.84274157E+00 8.81558827819469149E-02 1.07529895966088414E-02 1.93727736320004035E-01
8.84888785E+00 8.80818360317616733E-02 1.07614863197913312E-02 1.94292300062834739E-01
8.85504829E+00 8.80075364293309154E-02 1.07698978770977127E-02 1.94298247344793840E-01
8.86122744E+00 8.79329281704507720E-02 1.07782135989433325E-02 1.94344972152010020E-01
8.86742991E+00 8.78579549481748323E-02 1.07864220571577216E-02 1.94859217950941521E-01
8.87366039E+00 8.77825593368121992E-02 1.07945110928580525E-02 1.94881971968524637E-01
8.87992368E+00 8.77066822797709505E-02 1.08024678361917856E-02 1.95153936665494021E-01
8.88622480E+00 8.76302626914749749E-02 1.08102786915162622E-02 1.95218693019858752E-01
8.89256890E+00 8.75532371868818216E-02 1.08179292133744175E-02 1.95791209242418801E-01
8.89894107E+00 8.74757869800833476E-02 1.08253803590202240E-02 1.95797680353057696E-01
8.90531333E+00 8.73982533146538260E-02 1.08325808069004315E-02 1.95849182681363587E-01
8.91169070E+00 8.73205775135389439E-02 1.08395201948891517E-02 1.96416052665121049E-01
8.91807834E+00 8.72426987798623071E-02 1.08461882460158098E-02 1.96433474716628587E-01
8.92448166E+00 8.71645533560584385E-02 1.08525750767497053E-02 1.96525761111992353E-01
8.93090038E+00 8.70861469762860829E-02 1.08586660825626454E-02 1.97149816435067793E-01
8.93731375E+00 8.70077358564506076E-02 1.08644307011407995E-02 1.97152493850794586E-01
8.94374157E+00 8.69290813252619338E-02 1.08698787613507198E-02 1.97194093224496297E-01
8.95015502E+00 8.68505396745291314E-02 1.08749799161148835E-02 1.97759447969650060E-01
8.95653133E+00 8.67723944117168022E-02 1.08797167055370327E-02 1.97780732963066030E-01
8.96288335E+00 8.66944930930009378E-02 1.08841024891835041E-02 1.98061541746206132E-01
8.96922494E+00 8.66166700979529580E-02 1.08881492359796522E-02 1.98128893452601873E-01
8.97554393E+00 8.65390792418158500E-02 1.08918515425697176E-02 1.98739171467002956E-01
8.98183324E+00 8.64618121029163411E-02 1.08952100994793855E-02 1.98741142961667311E-01
8.98810511E+00 8.63847231396314974E-02 1.08982370195275201E-02 1.98781621778040929E-01
8.99437149E+00 8.63076694971225133E-02 1.09009425735188178E-02 1.99339802034641966E-01
9.00064429E+00 8.62305092393201161E-02 1.09033355180126659E-02 1.99362014477095811E-01
9.00687375E+00 8.61538587298673747E-02 1.09054042169227251E-02 1.99651380131861594E-01
9.01305748E+00 8.60777527193699599E-02 1.09071611021117568E-02 1.99716977056178580E-01
9.01921382E+00 8.60019705126141565E-02 1.09086236068765691E-02 2.00309614933904645E-01
9.02536033E+00 8.59263000640106966E-02 1.09098043550743800E-02 2.00313996894782215E-01
9.03151396E+00 8.58505368646570594E-02 1.09107110735620731E-02 2.00363040194234954E-01
9.03768092E+00 8.57746085678924020E-02 1.09113458855737821E-02 2.00924456101316123E-01
9.04382862E+00 8.56989205744042026E-02 1.09117069735709202E-02 2.00945678309684017E-01
9.04997370E+00 8.56232724185490707E-02 1.09117977347479508E-02 2.01218531471444639E-01
9.05609076E+00 8.55479809411466979E-02 1.09116201928793032E-02 2.01307521303675990E-01
9.06219450E+00 8.54728689012453219E-02 1.09111780302194403E-02 2.01882907266804967E-01
9.06830576E+00 8.53976834085035386E-02 1.09104726335155534E-02 2.01891020854685577E-01
9.07440759E+00 8.53226363060754639E-02 1.09095099667416307E-02 2.01946662236625357E-01
9.08050560E+00 8.52476618440992234E-02 1.09082961995607651E-02 2.02542219140513041E-01
9.08660972E+00 8.51726408010886893E-02 1.09068370948489889E-02 2.02557294688460426E-01
9.09272014E+00 8.50975736651740089E-02 1.09051406706368662E-02 2.02643471788272328E-01
9.09885341E+00 8.50222600755341229E-02 1.09032101740368873E-02 2.03264113373842648E-01
9.10497601E+00 8.49471139781561996E-02 1.09010648067604434E-02 2.03272221913841228E-01
9.11107745E+00 8.48722662105008685E-02 1.08987199055562353E-02 2.03328956041705700E-01
9.11716779E+00 8.47975950751231333E-02 1.08961835823035008E-02 2.03938498006903030E-01
9.12326390E+00 8.47228952244140077E-02 1.08934594336183108E-02 2.03952868666692322E-01
9.12938364E+00 8.46479496683907456E-02 1.08905485824844842E-02 2.04039322482764796E-01
9.13554595E+00 8.45725282682042029E-02 1.08874497967934337E-02 2.04671504169254032E-01
9.14168310E+00 8.44974610387621838E-02 1.08842061030066054E-02 2.04680541233101199E-01
9.14780656E+00 8.44226117527671210E-02 1.08808238247576593E-02 2.04740512324567719E-01
9.15393452E+00 8.43477570388064257E-02 1.08773036397538884E-02 2.05378620002017537E-01
9.16008610E+00 8.42726634017358367E-02 1.08736421345129834E-02 2.05390600213110980E-01
9.16628162E+00 8.41970843683192138E-02 1.08698324043683976E-02 2.05474008420933274E-01
9.17249476E+00 8.41213418376204475E-02 1.08658942852357561E-02 2.06117201869402966E-01
9.17869143E+00 8.40458517342409367E-02 1.08618539297957745E-02 2.06128820237378579E-01
9.18489107E+00 8.39703775253905493E-02 1.08577038990220077E-02 2.06212539332492978E-01
9.19111408E+00 8.38946719863219448E-02 1.08534339458451045E-02 2.06863687505641075E-01
9.19738197E+00 8.38184746093291744E-02 1.08490308040164220E-02 2.06875698608509878E-01
9.20370511E+00 8.37416608222862346E-02 1.08444872035202734E-02 2.07100018551692938E-01
9.21000954E+00 8.36651291183823642E-02 1.08398560502478460E-02 2.07442070006466028E-01
9.21631598E+00 8.35886282500007544E-02 1.08351251246555889E-02 2.07663476084786108E-01
9.22264598E+00 8.35118976412932007E-02 1.08302802383090490E-02 2.07939943320024939E-01
9.22902217E+00 8.34346643681114497E-02 1.08253042393272221E-02 2.08193553494847278E-01
9.23546850E+00 8.33566401029717102E-02 1.08201768786581626E-02 2.08464159109114228E-01
9.24190995E+00 8.32787331721403512E-02 1.08149548671184342E-02 2.08732335705077349E-01
9.24835372E+00 8.32008567437159396E-02 1.08096328621717901E-02 2.09001625382497391E-01
9.25482246E+00 8.31227379048292137E-02 1.08041928806564217E-02 2.09272313803525151E-01
9.26133980E+00 8.30440927611639790E-02 1.07986147176859122E-02 2.09546453068218813E-01
9.26793060E+00 8.29646231889885899E-02 1.07928758539430816E-02 2.09824573341225618E-01
9.27453251E+00 8.28850817439196891E-02 1.07870286015938396E-02 2.10106836074267056E-01
9.28113908E+00 8.28055459619264911E-02 1.07810803864848374E-02 2.10387973527207534E-01
9.28777400E+00 8.27257315883815764E-02 1.07750130680661967E-02 2.10671583001182577E-01
9.29446180E+00 8.26453449695922909E-02 1.07688064432405976E-02 2.10958185302628720E-01
9.30122814E+00 8.25640798335321308E-02 1.07624375992368126E-02 2.11249239393550003E-01
9.30800778E+00 8.24827199260050742E-02 1.07559670247705085E-02 2.11544175147229480E-01
9.31479724E+00 8.24013072077193626E-02 1.07494006178560642E-02 2.11838119155729615E-01
9.32162111E+00 8.23195474771438590E-02 1.07427190199286399E-02 2.12134739691994034E-01
9.32850472E+00 8.22371386056386794E-02 1.07359019808098543E-02 2.12434442098105858E-01
9.33547439E+00 8.21537637223661577E-02 1.07289281867878703E-02 2.12738984482449517E-01
9.34244340E+00 8.20704619615482550E-02 1.07218872010052570E-02 2.13046694385836427E-01
9.34943076E+00 8.19870068980468603E-02 1.07147683902957605E-02 2.13352415777609661E-01
9.35646183E+00 8.19030961257843915E-02 1.07075558569666596E-02 2.13661823110411153E-01
9.36356262E+00 8.18184204741936871E-02 1.07002326923702033E-02 2.13973943393378441E-01
9.37072352E+00 8.17330951287251889E-02 1.06928172547687186E-02 2.14290258184397148E-01
9.37788925E+00 8.16477778532882087E-02 1.06853738557538009E-02 2.14607566305375169E-01
9.38504285E+00 8.15626690943626192E-02 1.06779285715713473E-02 2.14923512886491336E-01
9.39218799E+00 8.14777238269973197E-02 1.06704869065952102E-02 2.15238964106746478E-01
9.39934666E+00 8.13926800019857954E-02 1.06630356557867925E-02 2.15554370592513284E-01
9.40653952E+00 8.13072915915641209E-02 1.06555628902109869E-02 2.15871122196132581E-01
9.41378606E+00 8.12213271448581769E-02 1.06480582939377285E-02 2.16189625775909805E-01
9.42108381E+00 8.11348156763061906E-02 1.06405345157804289E-02 2.16510246248921262E-01
9.42840466E+00 8.10480893559017146E-02 1.06330305662018145E-02 2.16831466511232307E-01
9.43574270E+00 8.09612168878305200E-02 1.06255639270379822E-02 2.17151917863686372E-01
9.44310536E+00 8.08741092546722273E-02 1.06181395514567609E-02 2.17472211661582676E-01
9.45047809E+00 8.07869374370535492E-02 1.06107833009379225E-02 2.17792057076906798E-01
9.45783885E+00 8.06999601032645508E-02 1.06035258678450189E-02 2.18109875527795122E-01
9.46518282E+00 8.06132324692559465E-02 1.05963786559025198E-02 2.18424911480592593E-01
9.47252463E+00 8.05265807651813631E-02 1.05893324253601880E-02 2.18737594903960442E-01
9.47985822E+00 8.04400753972820265E-02 1.05823947924573846E-02 2.19048322182444549E-01
9.48720310E+00 8.03534854229973894E-02 1.05755475195464452E-02 2.19356361512609843E-01
9.49457785E+00 8.02665918276473794E-02 1.05687724938198953E-02 2.19663359398137692E-01
9.50200044E+00 8.01791833765777007E-02 1.05620516704601018E-02 2.19969274528723224E-01
9.50948864E+00 8.00910515897916009E-02 1.05553671130772849E-02 2.20274825093640381E-01
9.51700095E+00 8.00026853159503115E-02 1.05487511543586789E-02 2.20579216094186376E-01
9.52449209E+00 7.99146167222779397E-02 1.05422367533485103E-02 2.20878852883686333E-01
9.53196183E+00 7.98268485940670791E-02 1.05358178800489932E-02 2.21173062977344737E-01
9.53943837E+00 7.97390500706442878E-02 1.05294651232917830E-02 2.21463061453913423E-01
9.54694926E+00 7.96508990021537050E-02 1.05231496390887531E-02 2.21750106383551471E-01
9.55450954E+00 7.95622202056606581E-02 1.05168518860060036E-02 2.22034559225589623E-01
9.56204852E+00 7.94738434401763005E-02 1.05106193006889326E-02 2.22315142196524984E-01
9.56955491E+00 7.93859015384790756E-02 1.05044494284983938E-02 2.22587583722563265E-01
9.57703325E+00 7.92983455679715371E-02 1.04983269626632500E-02 2.22854042564077565E-01
9.58448829E+00 7.92111184496309823E-02 1.04922367938668666E-02 2.23114077171754271E-01
9.59192505E+00 7.91241616473149917E-02 1.04861628862463214E-02 2.23367894473515627E-01
9.59934883E+00 7.90374140647654849E-02 1.04800893150251446E-02 2.23615352666417355E-01
9.60676524E+00 7.89508112095914927E-02 1.04740005391687502E-02 2.23856506116638848E-01
9.61415762E+00 7.88645485085584796E-02 1.04678996691155626E-02 2.24091125918465056E-01
9.62152375E+00 7.87786525797853771E-02 1.04617793333700408E-02 2.24318071567803451E-01
9.62886938E+00 7.86930573888913187E-02 1.04556266966867439E-02 2.24537872176246850E-01
9.63620049E+00 7.86076942300597270E-02 1.04494291794339361E-02 2.24750520344327048E-01
9.64352332E+00 7.85224915627744519E-02 1.04431741083352569E-02 2.24956118890298318E-01
9.65084438E+00 7.84373748214506616E-02 1.04368485164827753E-02 2.25154679602026869E-01
9.65817050E+00 7.83522661904304668E-02 1.04304390314491017E-02 2.25346251786160440E-01
9.66550881E+00 7.82670843594728688E-02 1.04239318470651359E-02 2.25530857390418171E-01
9.67286681E+00 7.81817442810277263E-02 1.04173127616043002E-02 2.25708517021202065E-01
9.68024127E+00 7.80962851684904175E-02 1.04105772092187125E-02 2.25879230027627692E-01
9.68761176E+00 7.80109450867684240E-02 1.04037371068031164E-02 2.25945092382624807E-01
9.69498573E+00 7.79256390177097275E-02 1.03967804228227972E-02 2.26339412176724541E-01
9.70237090E+00 7.78402794969791506E-02 1.03896952774192256E-02 2.26347158495922296E-01
9.70977520E+00 7.77547764721954887E-02 1.03824695455798019E-02 2.26381165565613635E-01
9.71720682E+00 7.76690372303538573E-02 1.03750906544399692E-02 2.26694586827603933E-01
9.72467424E+00 7.75829663596866032E-02 1.03675454051380088E-02 2.26715132946648634E-01
9.73218618E+00 7.74964657473365265E-02 1.03598198193936477E-02 2.26765042544155471E-01
9.73975163E+00 7.74094346274135509E-02 1.03518990469464757E-02 2.27106023642444421E-01
9.74733874E+00 7.73222415883305647E-02 1.03438108037802769E-02 2.27107021056583203E-01
9.75493395E+00 7.72350438316284638E-02 1.03355659103493251E-02 2.27114970221953122E-01
9.76254372E+00 7.71477686386841249E-02 1.03271551186952769E-02 2.27152707025128631E-01
9.77020297E+00 7.70600184693671642E-02 1.03185377785764941E-02 2.27417741580420857E-01
9.77792023E+00 7.69716986625810923E-02 1.03097012564392319E-02 2.27425054465137721E-01
9.78566538E+00 7.68831562923991407E-02 1.03006778833096869E-02 2.27434552821191571E-01
9.79340038E+00 7.67948267866645495E-02 1.02915129531730796E-02 2.27457302214528367E-01
9.80109325E+00 7.67070748964624738E-02 1.02822488727739841E-02 2.27502314711437226E-01
9.80875876E+00 7.66197319010616246E-02 1.02728746184151901E-02 2.27697184702943339E-01
9.81639771E+00 7.65327885634471128E-02 1.02633956442727634E-02 2.27693158610153684E-01
9.82404665E+00 7.64458298495881705E-02 1.02537726362201317E-02 2.27675021658130722E-01
9.83174075E+00 7.63584582760801767E-02 1.02439655393400664E-02 2.27654181626117724E-01
9.83949456E+00 7.62705114885794122E-02 1.02339583600314036E-02 2.27639469368451280E-01
9.84727806E+00 7.61823320257138253E-02 1.02237921249123988E-02 2.27634642083754835E-01
9.85512384E+00 7.60935532603561893E-02 1.02134279875453378E-02 2.27638322134305016E-01
9.86303738E+00 7.60041164537764297E-02 1.02028616822583563E-02 2.27645200408145676E-01
9.87089025E+00 7.59154716879407027E-02 1.01922681061695913E-02 2.27648468371973445E-01
9.87872016E+00 7.58271919306869047E-02 1.01816050977273243E-02 2.27641854333438864E-01
9.88656239E+00 7.57388801262685596E-02 1.01708324113770118E-02 2.27621353081299577E-01
9.89444962E+00 7.56501698339517442E-02 1.01599112508949079E-02 2.27581856312821018E-01
9.90239796E+00 7.55608825684476598E-02 1.01488242035907127E-02 2.27419628162288334E-01
9.91038477E+00 7.54712703880945218E-02 1.01376073894542344E-02 2.27413963404160896E-01
9.91843905E+00 7.53810121972659924E-02 1.01262250908621277E-02 2.27410173497281043E-01
9.92648235E+00 7.52909878455672726E-02 1.01147929390503315E-02 2.27395205970956249E-01
9.93452722E+00 7.52010565443139573E-02 1.01033004316693261E-02 2.27355673071086201E-01
9.94258635E+00 7.51110766654751877E-02 1.00917368194689879E-02 2.27133082382143997E-01
9.95067251E+00 7.50209062904802354E-02 1.00800906999437469E-02 2.27127319203393352E-01
9.95878009E+00 7.49306085890332901E-02 1.00683765625422337E-02 2.27118537285077027E-01
9.96687360E+00 7.48405780278396243E-02 1.00566517934215626E-02 2.27088750027038933E-01
9.97496677E+00 7.47506611059909065E-02 1.00449035953202974E-02 2.26892071439918686E-01
9.98307343E+00 7.46607044609257919E-02 1.00331189105711295E-02 2.26875913995719103E-01
9.99118655E+00 7.45707861498094426E-02 1.00213144101688675E-02 2.26845109889885183E-01
9.99931891E+00 7.44807649016556717E-02 1.00094782625886995E-02 2.26669702050172117E-01
1.00074833E+01 7.43904998532126660E-02 9.99759870550023279E-03 2.26652426051577816E-01
1.00156925E+01 7.42998514298355700E-02 9.98566415091949044E-03 2.26618330324765999E-01
1.00239371E+01 7.42089246573573724E-02 9.97369496577092327E-03 2.26418800298105849E-01
1.00321736E+01 7.41182002420460867E-02 9.96176053067568748E-03 2.26405655466805800E-01
1.00404166E+01 7.40275151280185006E-02 9.94984638613728885E-03 2.26378810258121982E-01
1.00486808E+01 7.39367103503929118E-02 9.93793860550293458E-03 2.26215314662188166E-01
1.00569803E+01 7.38456310236062785E-02 9.92602361638792764E-03 2.26195607840590757E-01
1.00653291E+01 7.37541263751787524E-02 9.91408846381601136E-03 2.26157500508600479E-01
1.00737407E+01 7.36620497175604905E-02 9.90212108494202027E-03 2.25942323963886083E-01
1.00821828E+01 7.35697558580545030E-02 9.89017421295746400E-03 2.25936137210108884E-01
1.00906414E+01 7.34773990174513725E-02 9.87827482229420954E-03 2.25924174990146193E-01
1.00991246E+01 7.33848903277879716E-02 9.86641933345522130E-03 2.25889745727287150E-01
1.01076080E+01 7.32924969046116204E-02 9.85464964040994734E-03 2.25672609325937829E-01
1.01160773E+01 7.32003736825651147E-02 9.84299323809684212E-03 2.25667854301726839E-01
1.01245398E+01 7.31084387189337159E-02 9.83144820660162948E-03 2.25660444245217223E-01
1.01330031E+01 7.30166090147219005E-02 9.82001314946755015E-03 2.25638701354242105E-01
1.01414748E+01 7.29248012586041633E-02 9.80868730520213263E-03 2.25485776351918604E-01
1.01499625E+01 7.28329324431427616E-02 9.79747077908149980E-03 2.25473757813731024E-01
1.01584269E+01 7.27414257940123404E-02 9.78642490211774699E-03 2.25457671745377619E-01
1.01668558E+01 7.26504113790558126E-02 9.77557479596641646E-03 2.25428711862977665E-01
1.01752653E+01 7.25597108535988300E-02 9.76490943387437957E-03 2.25388428891939913E-01
1.01836716E+01 7.24691489719082871E-02 9.75441931264241745E-03 2.25225493688146094E-01
1.01920904E+01 7.23785541273628541E-02 9.74409653564911084E-03 2.25231554731370714E-01
1.02005371E+01 7.22877588515033337E-02 9.73393501786184306E-03 2.25247456694724679E-01
1.02090267E+01 7.21966002938977947E-02 9.72393059951732683E-03 2.25260936372113668E-01
1.02175224E+01 7.21054719479382877E-02 9.71413921625426287E-03 2.25263083515289286E-01
1.02259648E+01 7.20150083447905626E-02 9.70463788175636270E-03 2.25250505045326621E-01
1.02343634E+01 7.19251019710822614E-02 9.69542236356515062E-03 2.25222203441875823E-01
1.02427286E+01 7.18356391000543326E-02 9.68648755753951513E-03 2.25187816829764936E-01
1.02510714E+01 7.17465022551639492E-02 9.67782688173862357E-03 2.25156388225190685E-01
1.02594036E+01 7.16575589143502584E-02 9.66943345369922214E-03 2.25137389902804658E-01
1.02677320E+01 7.15687346399052765E-02 9.66130491132285822E-03 2.25129579722129214E-01
1.02760298E+01 7.14803085520710757E-02 9.65346895106038681E-03 2.25132889053572316E-01
1.02842858E+01 7.13923998721209818E-02 9.64593551484112244E-03 2.25144919572421304E-01
1.02925103E+01 7.13048926996199123E-02 9.63869288936771915E-03 2.25161924205012576E-01
1.03007145E+01 7.12176658014076064E-02 9.63172873984774643E-03 2.25179991080112496E-01
1.03089102E+01 7.11305910084985560E-02 9.62503003479623330E-03 2.25196097456517697E-01
1.03171099E+01 7.10435320062440673E-02 9.61858312138487437E-03 2.25208731759022257E-01
1.03253272E+01 7.09563435582185598E-02 9.61237380245661202E-03 2.25217987839219314E-01
1.03335586E+01 7.08690602407996834E-02 9.60640003140301492E-03 2.25225216348354296E-01
1.03417752E+01 7.07819843407078986E-02 9.60067526842166459E-03 2.25232373796443480E-01
1.03499901E+01 7.06949757638629384E-02 9.59518164230450422E-03 2.25241273204895759E-01
1.03581602E+01 7.06084890684494509E-02 9.58993672284122294E-03 2.25253118509681410E-01
1.03662971E+01 7.05223976841599515E-02 9.58492008117182472E-03 2.25268168923887097E-01
1.03744126E+01 7.04365734511255143E-02 9.58011160052957625E-03 2.25285779954490839E-01
1.03825192E+01 7.03508834448598741E-02 9.57549117397311564E-03 2.25304695145629508E-01
1.03906299E+01 7.02651877477909748E-02 9.57103867871799026E-03 2.25323451768997596E-01
1.03987583E+01 7.01793383462323284E-02 9.56673396195427059E-03 2.25340773922563742E-01
1.04069092E+01 7.00932856924340320E-02 9.56256188502390379E-03 2.25355860908107830E-01
1.04150426E+01 7.00074470916855346E-02 9.55852862303253024E-03 2.25368525314940310E-01
1.04231734E+01 6.99216653170393332E-02 9.55461233350473997E-03 2.25378953278131483E-01
1.04313165E+01 6.98357814507106073E-02 9.55079152753286753E-03 2.25387587661345090E-01
1.04394870E+01 6.97496293618233426E-02 9.54704493963429157E-03 2.25394963957368577E-01
1.04476844E+01 6.96632177470147412E-02 9.54335754155846532E-03 2.25401458135772642E-01
1.04558668E+01 6.95769863858567705E-02 9.53973254698484152E-03 2.25407220664863184E-01
1.04640557E+01 6.94907085506284994E-02 9.53614504704732718E-03 2.25412080994241815E-01
1.04722703E+01 6.94041814911002392E-02 9.53257111599267563E-03 2.25415638693720527E-01
1.04805276E+01 6.93172256336406223E-02 9.52898739546488918E-03 2.25417389777531424E-01
1.04887738E+01 6.92304089451878518E-02 9.52540110656055136E-03 2.25416896048529686E-01
1.04970036E+01 6.91437862987200197E-02 9.52179942770591328E-03 2.25413842829508576E-01
1.05052429E+01 6.90570865845739484E-02 9.51815651183810299E-03 2.25408084145538978E-01
1.05135156E+01 6.89700589835978289E-02 9.51444687359828851E-03 2.25399633637770325E-01
1.05218438E+01 6.88824728694702598E-02 9.51064521848126593E-03 2.25388608711766553E-01
1.05302474E+01 6.87941197223788936E-02 9.50672650535953206E-03 2.25375156442947672E-01
1.05386353E+01 6.87059598784328651E-02 9.50271874809563606E-03 2.25359351261608054E-01
1.05470070E+01 6.86180019143776548E-02 9.49861138866793520E-03 2.25341354821424256E-01
1.05553674E+01 6.85301957462900874E-02 9.49439209898054505E-03 2.25321327699382512E-01
1.05637481E+01 6.84422124918188796E-02 9.49003490662802401E-03 2.25299390062563942E-01
1.05721774E+01 6.83537571947191169E-02 9.48551401359382096E-03 2.25275553025400616E-01
1.05806457E+01 6.82649341137281512E-02 9.48082367354005640E-03 2.25249686871441229E-01
1.05890736E+01 6.81765786496236897E-02 9.47600069902368274E-03 2.25218243183296196E-01
1.05974967E+01 6.80883189979207271E-02 9.47102146678377964E-03 2.25186079788299853E-01
1.06059481E+01 6.79998134169558788E-02 9.46586254362461084E-03 2.25153744933567629E-01
1.06144576E+01 6.79107500852568768E-02 9.46050071889125051E-03 2.25121180284638539E-01
1.06230096E+01 6.78212955021974956E-02 9.45494179747401013E-03 2.25087792883631649E-01
1.06314451E+01 6.77331158058269434E-02 9.44929193193701222E-03 2.25052710770788866E-01
1.06397991E+01 6.76458438166644138E-02 9.44353797987101604E-03 2.25015940052222391E-01
1.06481059E+01 6.75591203462767159E-02 9.43766508036988395E-03 2.24977876159940193E-01
1.06563984E+01 6.74726042538839471E-02 9.43165672818012911E-03 2.24939008009444219E-01
1.06647070E+01 6.73859789737087378E-02 9.42549572907238481E-03 2.24899750568198525E-01
1.06730446E+01 6.72991089089694933E-02 9.41917603931274709E-03 2.24860309884683307E-01
1.06813179E+01 6.72129662482263968E-02 9.41277328985153788E-03 2.24820543862707889E-01
1.06895498E+01 6.71273127935474723E-02 9.40627778847088168E-03 2.24780760773985150E-01
1.06977623E+01 6.70419198866280264E-02 9.39967846631873695E-03 2.24741313860084502E-01
1.07059760E+01 6.69565715407865053E-02 9.39296260885718812E-03 2.24702424472257467E-01
1.07142105E+01 6.68710661405137463E-02 9.38611605813579296E-03 2.24664156777377499E-01
1.07224839E+01 6.67852167575599537E-02 9.37912319516149597E-03 2.24626449321284144E-01
1.07307706E+01 6.66992905668341157E-02 9.37200304481547453E-03 2.24589107820474143E-01
1.07390417E+01 6.66135864643992992E-02 9.36477706262803591E-03 2.24552080455105690E-01
1.07473132E+01 6.65279400147332223E-02 9.35742726245627349E-03 2.24515634223240168E-01
1.07556003E+01 6.64421950205603129E-02 9.34993366984619191E-03 2.24480110040268660E-01
1.07639177E+01 6.63562022211017372E-02 9.34227445716595030E-03 2.24445792491790114E-01
1.07722796E+01 6.62698174821039487E-02 9.33442639716141297E-03 2.24412851080539377E-01
1.07806999E+01 6.61828994922199904E-02 9.32636526597454933E-03 2.24381329451448286E-01
1.07891306E+01 6.60959459885038098E-02 9.31812646684585313E-03 2.24351085605838635E-01
1.07975834E+01 6.60088382117508532E-02 9.30969144430838710E-03 2.24325288940591200E-01
1.08060477E+01 6.59216891483070666E-02 9.30106554940021354E-03 2.24299412182852875E-01
1.08145376E+01 6.58343531072884403E-02 9.29223133584810082E-03 2.24273445565865204E-01
1.08230679E+01 6.57466828287928129E-02 9.28317260983689378E-03 2.24247802087817361E-01
1.08316535E+01 6.56585277110443705E-02 9.27387429771435630E-03 2.24223127841480074E-01
1.08403099E+01 6.55697322374331343E-02 9.26432225911799634E-03 2.24200079981298650E-01
1.08489963E+01 6.54807169363274683E-02 9.25456627686730218E-03 2.24179069986392671E-01
1.08577170E+01 6.53914396636037093E-02 9.24461035066758037E-03 2.24160372182201667E-01
1.08664685E+01 6.53019407384243522E-02 9.23446918270347770E-03 2.24143993000810171E-01
1.08752441E+01 6.52122887426735826E-02 9.22416202634443287E-03 2.24129697497085972E-01
1.08840670E+01 6.51222498307309494E-02 9.21367453241289831E-03 2.24117122429757704E-01
1.08929445E+01 6.50317532051979119E-02 9.20301067049631924E-03 2.24105810370166386E-01
1.09018605E+01 6.49409647354225184E-02 9.19220209255597678E-03 2.24095318653506348E-01
1.09108384E+01 6.48496496416026830E-02 9.18123347206402894E-03 2.24085347055357320E-01
1.09199024E+01 6.47575663628558867E-02 9.17008708770687860E-03 2.24075704395082398E-01
1.09290775E+01 6.46644645688448649E-02 9.15874210283188286E-03 2.24066273288310580E-01
1.09383300E+01 6.45706925430386686E-02 9.14724789022786956E-03 2.24056941776865859E-01
1.09475891E+01 6.44769674614768945E-02 9.13569827126991217E-03 2.24047611579841793E-01
1.09568893E+01 6.43829429158419703E-02 9.12405850738287096E-03 2.24038240548720125E-01
1.09662227E+01 6.42887023479175035E-02 9.11234496983142142E-03 2.24028663341796663E-01
1.09755100E+01 6.41950444985504576E-02 9.10066028123945360E-03 2.24018570015284413E-01
1.09847681E+01 6.41018004272242148E-02 9.08898802291043494E-03 2.24007651478418612E-01
1.09940317E+01 6.40086202748768457E-02 9.07728826314987275E-03 2.23995541302888679E-01
1.10033293E+01 6.39152205126167355E-02 9.06552728185860447E-03 2.23981794328703243E-01
1.10126163E+01 6.38220476652257562E-02 9.05376031321731764E-03 2.23965885920380664E-01
1.10219029E+01 6.37290017307528822E-02 9.04197436193600323E-03 2.23947391722941841E-01
1.10311804E+01 6.36361696930664300E-02 9.03017950330727362E-03 2.23925949895233040E-01
1.10404522E+01 6.35435177500993376E-02 9.01837027121980307E-03 2.23898269376083592E-01
1.10497293E+01 6.34509352089315665E-02 9.00653122823631344E-03 2.23868184192313496E-01
1.10590086E+01 6.33584529048078632E-02 8.99466459138547302E-03 2.23835783711858194E-01
1.10682848E+01 6.32661257311673553E-02 8.98277595441846800E-03 2.23800688005660386E-01
1.10775564E+01 6.31739666580417858E-02 8.97086630620717515E-03 2.23762184251833002E-01
1.10868116E+01 6.30820918982086809E-02 8.95895048517140677E-03 2.23707850023208005E-01
1.10960604E+01 6.29904019886569494E-02 8.94701630018475587E-03 2.23654600238614748E-01
1.11053137E+01 6.28987892004372329E-02 8.93505052632178644E-03 2.23602159596253958E-01
1.11145480E+01 6.28074844372350644E-02 8.92308335185598538E-03 2.23459350021692704E-01
1.11237718E+01 6.27164021172679914E-02 8.91110422381204657E-03 2.23456088485200627E-01
1.11329947E+01 6.26254469632815669E-02 8.89910133471250725E-03 2.23446111066975706E-01
1.11422266E+01 6.25345219299078825E-02 8.88706242389925016E-03 2.23410262656136560E-01
1.11514774E+01 6.24435290752922909E-02 8.87497484172112237E-03 2.23139248856373262E-01
1.11607211E+01 6.23527231766678597E-02 8.86287194101045492E-03 2.23138608547517936E-01
1.11699641E+01 6.22620418983998031E-02 8.85074537992554602E-03 2.23126763354380669E-01
1.11792138E+01 6.21714121505725220E-02 8.83858510698645218E-03 2.22959266018145114E-01
1.11884603E+01 6.20809308885686278E-02 8.82640305422897724E-03 2.22926360405917706E-01
1.11976974E+01 6.19906565369619730E-02 8.81420565773565617E-03 2.22660248264704180E-01
1.12069348E+01 6.19004967601513925E-02 8.80197878797819334E-03 2.22650675512013452E-01
1.12161821E+01 6.18103565164376742E-02 8.78970710476999380E-03 2.22613022335433119E-01
1.12254495E+01 6.17201383860419353E-02 8.77737380676631151E-03 2.22259740646800541E-01
1.12347100E+01 6.16301046706936168E-02 8.76500963794953070E-03 2.22255746069771193E-01
1.12439716E+01 6.15401784245992733E-02 8.75259862337841692E-03 2.22222569970560696E-01
1.12532425E+01 6.14502809689228546E-02 8.74012346487440181E-03 2.21852989197906664E-01
1.12625173E+01 6.13604667520812608E-02 8.72758392318741250E-03 2.21842922544573329E-01
1.12717992E+01 6.12707043182037919E-02 8.71496696723079653E-03 2.21668819097294911E-01
1.12810905E+01 6.11809736414990132E-02 8.70226021690793765E-03 2.21494428715541147E-01
1.12903952E+01 6.10912386745149014E-02 8.68944814530657819E-03 2.21332141845423741E-01
1.12997172E+01 6.10014614762954335E-02 8.67651408534690291E-03 2.21158749484127254E-01
1.13090545E+01 6.09116657517850824E-02 8.66344946371624437E-03 2.20983599090122773E-01
1.13183968E+01 6.08219512268849821E-02 8.65025647035830292E-03 2.20802156852063586E-01
1.13277454E+01 6.07323067777149686E-02 8.63692125405315925E-03 2.20617505801726482E-01
1.13371002E+01 6.06427365400458371E-02 8.62343205874996355E-03 2.20428240464228598E-01
1.13464692E+01 6.05531654808532313E-02 8.60976506678267847E-03 2.20235376117635079E-01
1.13558608E+01 6.04635167933434414E-02 8.59589562088921427E-03 2.20038360965918278E-01
1.13652702E+01 6.03738391795985430E-02 8.58181814373385789E-03 2.19837696700077551E-01
1.13746725E+01 6.02843710839128522E-02 8.56755796563388704E-03 2.19633997852757640E-01
1.13840677E+01 6.01951156831458528E-02 8.55310533432070835E-03 2.19428076019760138E-01
1.13934453E+01 6.01061785066295054E-02 8.53846742339266565E-03 2.19219735449823178E-01
1.14028078E+01 6.00175349204451758E-02 8.52363308422534292E-03 2.19009865233936868E-01
1.14121581E+01 5.99291583884613219E-02 8.50859073713335079E-03 2.18798176115076681E-01
1.14214996E+01 5.98410198186660816E-02 8.49332880216157292E-03 2.18585041247343875E-01
1.14308359E+01 5.97530874614470922E-02 8.47783571960969429E-03 2.18370517598114433E-01
1.14401582E+01 5.96654469045119484E-02 8.46212145002553026E-03 2.18155001705894247E-01
1.14494645E+01 5.95781203411657259E-02 8.44618632512806819E-03 2.17938984524016832E-01
1.14587579E+01 5.94910807729942676E-02 8.43002276348128916E-03 2.17722521663466756E-01
1.14680419E+01 5.94042985011333582E-02 8.41362324581632071E-03 2.17505756220129548E-01
1.14773203E+01 5.93177414248546239E-02 8.39698031632948698E-03 2.17288806155819469E-01
1.14865906E+01 5.92314356502362527E-02 8.38009843965968788E-03 2.17071891200503742E-01
1.14958448E+01 5.91454595130094449E-02 8.36299379590070384E-03 2.16855433993892732E-01
1.15050863E+01 5.90597843442781309E-02 8.34566290608151039E-03 2.16639667867267544E-01
1.15143188E+01 5.89743792430827835E-02 8.32810242761262282E-03 2.16424528388240389E-01
1.15235461E+01 5.88892114169302372E-02 8.31030912229152770E-03 2.16210159762337373E-01
1.15327724E+01 5.88042474791900319E-02 8.29228010104363610E-03 2.15996599053754235E-01
1.15419830E+01 5.87196232963945047E-02 8.27404946446192065E-03 2.15784225347937675E-01
1.15511817E+01 5.86353083313833554E-02 8.25561748329519361E-03 2.15573447609562929E-01
1.15603723E+01 5.85512703670901941E-02 8.23698455043376382E-03 2.15364015574879275E-01
1.15695588E+01 5.84674758744430437E-02 8.21815112326717764E-03 2.15156106066651642E-01
1.15787452E+01 5.83838903942467125E-02 8.19911777195551222E-03 2.14949679567827817E-01
1.15879244E+01 5.83005817903901186E-02 8.17990899324021539E-03 2.14744977658077429E-01
1.15970927E+01 5.82175848586924047E-02 8.16054300825073443E-03 2.14542325500705511E-01
1.16062541E+01 5.81348663206525673E-02 8.14102303697683202E-03 2.14341702570959303E-01
1.16154125E+01 5.80523921992290651E-02 8.12135245896277932E-03 2.14143065736680988E-01
1.16245719E+01 5.79701281757156878E-02 8.10153488657595552E-03 2.13946427491456315E-01
1.16337333E+01 5.78880671475309333E-02 8.08158088968411598E-03 2.13751819848652908E-01
1.16428850E+01 5.78063142914271300E-02 8.06152913900327374E-03 2.13559513651639082E-01
1.16520310E+01 5.77248358810493328E-02 8.04138542383768876E-03 2.13369718248802687E-01
1.16611751E+01 5.76435980765926531E-02 8.02115581401356345E-03 2.13182175423588471E-01
1.16703211E+01 5.75625672453264209E-02 8.00084666850722943E-03 2.12996949313626532E-01
1.16794729E+01 5.74817102322210671E-02 7.98046469903940583E-03 2.12813946860654607E-01
1.16886211E+01 5.74011097840479712E-02 7.96004612134284563E-03 2.12633327478244261E-01
1.16977646E+01 5.73207753119085034E-02 7.93960918677688761E-03 2.12455311948170189E-01
1.17069070E+01 5.72406739901111378E-02 7.91916161016439565E-03 2.12279722023989648E-01
1.17160521E+01 5.71607736541943565E-02 7.89871122394078008E-03 2.12106498135870569E-01
1.17252033E+01 5.70810430011656975E-02 7.87826596540979265E-03 2.11935552834849300E-01
1.17343580E+01 5.70015053316974898E-02 7.85784757704669802E-03 2.11766890832762900E-01
1.17435090E+01 5.69222222441549269E-02 7.83748740470987214E-03 2.11600654500979202E-01
1.17526596E+01 5.68431627433239189E-02 7.81719284224176476E-03 2.11436842740126835E-01
1.17618132E+01 5.67642967499799866E-02 7.79697119997456532E-03 2.11275226100925445E-01
1.17709732E+01 5.66855952191665929E-02 7.77682969009866210E-03 2.11115751792650463E-01
1.17801403E+01 5.66070495569005600E-02 7.75678035355227644E-03 2.10958305501565774E-01
1.17893046E+01 5.65287452381642297E-02 7.73685856432844692E-03 2.10802960680800289E-01
1.17984690E+01 5.64506534398379889E-02 7.71707004693245741E-03 2.10649791867466102E-01
1.18076368E+01 5.63727462884827044E-02 7.69742029387246712E-03 2.10498467554066981E-01
1.18168108E+01 5.62949969152594862E-02 7.67791447552493723E-03 2.10348936685084864E-01
1.18259923E+01 5.62173938135148085E-02 7.65856092345433646E-03 2.10201028663281497E-01
1.18351716E+01 5.61400168876525704E-02 7.63938960826222088E-03 2.10054766454827041E-01
1.18443516E+01 5.60628393421249427E-02 7.62040290324115643E-03 2.09910197952552391E-01
1.18535351E+01 5.59858352565055853E-02 7.60160250305391173E-03 2.09766976312966480E-01
1.18627248E+01 5.59089796232383057E-02 7.58298932265599052E-03 2.09625027281356235E-01
1.18719199E+01 5.58322775704796423E-02 7.56457041066216102E-03 2.09484178383797348E-01
1.18811135E+01 5.57557846645735516E-02 7.54636341536253034E-03 2.09344438683876144E-01
1.18903081E+01 5.56794760132587746E-02 7.52836550025621446E-03 2.09205762415222735E-01
1.18995065E+01 5.56033275376678071E-02 7.51057311780652711E-03 2.09067858316141830E-01
1.19087112E+01 5.55273159997213758E-02 7.49298207188572266E-03 2.08930620687314383E-01
1.19179191E+01 5.54514639699483988E-02 7.47559782276471969E-03 2.08793906692224668E-01
1.19271261E+01 5.53758040630163290E-02 7.45842705272198574E-03 2.08657736432860480E-01
1.19363346E+01 5.53003131996247094E-02 7.44146306627063020E-03 2.08521993393340405E-01
1.19455471E+01 5.52249690140818802E-02 7.42469893848058012E-03 2.08386464306268643E-01
1.19547661E+01 5.51497498735403838E-02 7.40812755934624253E-03 2.08251039397977289E-01
1.19639892E+01 5.50746723971062349E-02 7.39174978242372518E-03 2.08115611314671822E-01
1.19732119E+01 5.49997718851138531E-02 7.37556987794751092E-03 2.07980208859840032E-01
1.19824365E+01 5.49250267673953019E-02 7.35957940921764826E-03 2.07844775530026643E-01
1.19916655E+01 5.48504161000866672E-02 7.34376993249638219E-03 2.07709126219380397E-01
1.20009012E+01 5.47759195835063190E-02 7.32813299202307589E-03 2.07573199126359409E-01
1.20101458E+01 5.47015175578896215E-02 7.31266013589496229E-03 2.07436895141417249E-01
1.20193924E+01 5.46272641425659122E-02 7.29735785606353427E-03 2.07300218276342874E-01
1.20286415E+01 5.45531549786618525E-02 7.28222020563929710E-03 2.07163291671626781E-01
1.20378952E+01 5.44791702612166737E-02 7.26723805229231856E-03 2.07025950498548855E-01
1.20471558E+01 5.44052907644713077E-02 7.25240242084526383E-03 2.06888183213569332E-01
1.20564256E+01 5.43314978284549499E-02 7.23770452332043492E-03 2.06749936666760059E-01
1.20656712E+01 5.42580550698557942E-02 7.22319093299184870E-03 2.06611479088485650E-01
1.20748774E+01 5.41850795420374814E-02 7.20887822956393400E-03 2.06473585186312508E-01
1.20840486E+01 5.41125344075567491E-02 7.19475296374979048E-03 2.06335987047636060E-01
1.20931725E+01 5.40405130800729605E-02 7.18082717778447191E-03 2.06198732042361693E-01
1.21022433E+01 5.39690572839122903E-02 7.16710287337451665E-03 2.06062170418998103E-01
1.21112647E+01 5.38981350471495063E-02 7.15356829462710127E-03 2.05926216013237379E-01
1.21202406E+01 5.38277122207381012E-02 7.14021182421312704E-03 2.05790825169595543E-01
1.21291751E+01 5.37577524316360938E-02 7.12702194070690201E-03 2.05655990457053434E-01
1.21380730E+01 5.36882171080736298E-02 7.11398721071530415E-03 2.05521698504316869E-01
1.21469390E+01 5.36190655431631885E-02 7.10109628047102606E-03 2.05387935457659293E-01
1.21557784E+01 5.35502549734697270E-02 7.08833785949606297E-03 2.05254681926509863E-01
1.21645930E+01 5.34817682313113094E-02 7.07570574113688608E-03 2.05121944768661801E-01
1.21733863E+01 5.34135774123963708E-02 7.06319201201332028E-03 2.04989780058428939E-01
1.21821358E+01 5.33458541881279905E-02 7.05082516725899326E-03 2.04858378485351045E-01
1.21908444E+01 5.32785728349020882E-02 7.03859757855509159E-03 2.04728220709609277E-01
1.21995136E+01 5.32117195855758562E-02 7.02650398865725407E-03 2.04598929275407931E-01
1.22081483E+01 5.31452551011624003E-02 7.01453463272382668E-03 2.04470700907409514E-01
1.22167534E+01 5.30791383638169675E-02 7.00267954843378920E-03 2.04343372759551334E-01
1.22253343E+01 5.30133267082275317E-02 6.99092853904522554E-03 2.04216988773886138E-01
1.22338965E+01 5.29477758361014267E-02 6.97927114388071420E-03 2.04091476732432164E-01
1.22424460E+01 5.28824398136923599E-02 6.96769660857740440E-03 2.03966821270358978E-01
1.22509817E+01 5.28173249052560148E-02 6.95620329584819164E-03 2.03843024770597792E-01
1.22594788E+01 5.27526196026653349E-02 6.94482121890261164E-03 2.03720412082257080E-01
1.22679422E+01 5.26882835826383358E-02 6.93353992763583258E-03 2.03599372318810229E-01
1.22763773E+01 5.26242753403686481E-02 6.92234878168886559E-03 2.03479460294680670E-01
1.22847894E+01 5.25605523276621023E-02 6.91123688887277775E-03 2.03360807161494739E-01
1.22931842E+01 5.24970711214266250E-02 6.90019311752723772E-03 2.03243275747076346E-01
1.23015673E+01 5.24337879916044192E-02 6.88920618671850279E-03 2.03126876866384753E-01
1.23099417E+01 5.23706798558931166E-02 6.87826826707077423E-03 2.03011560195794499E-01
1.23183138E+01 5.23076985637222283E-02 6.86736707046453967E-03 2.02897342916565693E-01
1.23266738E+01 5.22449174154763565E-02 6.85651108361976045E-03 2.02784236708831417E-01
1.23350046E+01 5.21824627788106607E-02 6.84571772401627518E-03 2.02672650367138274E-01
1.23433120E+01 5.21202920227132604E-02 6.83497523268228758E-03 2.02562675374258844E-01
1.23516014E+01 5.20583625920282358E-02 6.82427184605897703E-03 2.02454046101335494E-01
1.23598785E+01 5.19966321481600824E-02 6.81359575879511570E-03 2.02346804071299596E-01
1.23681488E+01 5.19350586982625304E-02 6.80293513322260696E-03 2.02240866236416739E-01
1.23764179E+01 5.18736006938118402E-02 6.79227810790235427E-03 2.02136223823325023E-01
1.23846915E+01 5.18122170970672508E-02 6.78161279647394779E-03 2.02032832869270512E-01
1.23929749E+01 5.17508674201234073E-02 6.77092727773719472E-03 2.01930674691977452E-01
1.24012730E+01 5.16895173324474141E-02 6.76021055359536660E-03 2.01829729021193643E-01
1.24095546E+01 5.16283976091119409E-02 6.74949782481097486E-03 2.01730209571191005E-01
1.24178256E+01 5.15674633270475635E-02 6.73877644205418073E-03 2.01632653372324500E-01
1.24260921E+01 5.15066707223478526E-02 6.72803394999805723E-03 2.01536525500135233E-01
1.24343598E+01 5.14459772047907438E-02 6.71725800880870749E-03 2.01442012450663316E-01
1.24426330E+01 5.13853515291191679E-02 6.70643820461857849E-03 2.01348992027004958E-01
1.24509166E+01 5.13247599445986330E-02 6.69556363464587218E-03 2.01257540643299510E-01
1.24592153E+01 5.12641670203481184E-02 6.68462306869644935E-03 2.01167620401373315E-01
1.24675342E+01 5.12035382446152237E-02 6.67360543368788334E-03 2.01079256170093784E-01
1.24758779E+01 5.11428399922545032E-02 6.66249983530397237E-03 2.00992453070718835E-01
1.24842259E+01 5.10822235827419965E-02 6.65132949187799763E-03 2.00907345362206197E-01
1.24925781E+01 5.10216883889031206E-02 6.64009049938145759E-03 2.00824346150808158E-01
1.25009399E+01 5.09611972868731222E-02 6.62877251741171916E-03 2.00743212081686495E-01
1.25093163E+01 5.09007146391769125E-02 6.61736564804291886E-03 2.00664019877148353E-01
1.25177122E+01 5.08402061912786932E-02 6.60586042117147602E-03 2.00586757576877661E-01
1.25261306E+01 5.07796510188285866E-02 6.59425010933665113E-03 2.00511482064918756E-01
1.25345731E+01 5.07190391887965622E-02 6.58253039824227212E-03 2.00438257924805963E-01
1.25430437E+01 5.06583427155035404E-02 6.57069383398228499E-03 2.00367159520759813E-01
1.25515440E+01 5.05975518613730885E-02 6.55873683994558001E-03 2.00298220257207282E-01
1.25600550E+01 5.05368041508289650E-02 6.54668547899316458E-03 2.00271089899673488E-01
1.25685810E+01 5.04760681293693891E-02 6.53453340004199901E-03 2.00110116264047067E-01
1.25771265E+01 5.04153139840135892E-02 6.52227491619522537E-03 2.00106249024647243E-01
1.25856955E+01 5.03545134184951448E-02 6.50990493790365009E-03 2.00091167179408447E-01
1.25942919E+01 5.02936395768917924E-02 6.49741895564390996E-03 1.99954122447303095E-01
1.26029151E+01 5.02326983945567199E-02 6.48481952292987232E-03 1.99946318819686775E-01
1.26115670E+01 5.01716777690839749E-02 6.47210590908692696E-03 1.99926588955303852E-01
1.26202508E+01 5.01105566448403136E-02 6.45927585334079343E-03 1.99784319024367357E-01
1.26289693E+01 5.00493151339034548E-02 6.44632761202943837E-03 1.99782667051960600E-01
1.26377072E+01 4.99880628372904243E-02 6.43328725325775612E-03 1.99776695772237778E-01
1.26464661E+01 4.99267886689651538E-02 6.42015593007741470E-03 1.99756827452118896E-01
1.26552467E+01 4.98654894049988459E-02 6.40693675616177318E-03 1.99620786975405418E-01
1.26640477E+01 4.98041729799026944E-02 6.39363550833003252E-03 1.99622316236005848E-01
1.26728721E+01 4.97428210352320460E-02 6.38025250191840733E-03 1.99624684635223759E-01
1.26817223E+01 4.96814164647743847E-02 6.36678845380565447E-03 1.99620721325358907E-01
1.26906007E+01 4.96199433591763758E-02 6.35324445387597681E-03 1.99605332075059594E-01
1.26995096E+01 4.95583869674461053E-02 6.33962194569778325E-03 1.99519948722737733E-01
1.27084512E+01 4.94967336689502851E-02 6.32592270697895226E-03 1.99519054464978668E-01
1.27174273E+01 4.94349709501716722E-02 6.31214882806796322E-03 1.99522487871062137E-01
1.27264366E+01 4.93731093690345929E-02 6.29830759387262507E-03 1.99527021368208879E-01
1.27354651E+01 4.93112457418389272E-02 6.28442566449361178E-03 1.99530555092433948E-01
1.27445152E+01 4.92493638747086779E-02 6.27050452773908560E-03 1.99532687208495041E-01
1.27535892E+01 4.91874486541630448E-02 6.25654582339615992E-03 1.99534594350378180E-01
1.27626892E+01 4.91254859919854556E-02 6.24255126396884834E-03 1.99538455668489101E-01
1.27718172E+01 4.90634627995705438E-02 6.22852259527705877E-03 1.99546695936653556E-01
1.27809751E+01 4.90013669735472682E-02 6.21446156714150835E-03 1.99563236967724739E-01
1.27901629E+01 4.89391994525822244E-02 6.20037263459848487E-03 1.99654010175176561E-01
1.27993773E+01 4.88769828504589457E-02 6.18626489597873513E-03 1.99652860083604389E-01
1.28086199E+01 4.88147067812991081E-02 6.17213972196749543E-03 1.99654304592223608E-01
1.28178924E+01 4.87523613996339936E-02 6.15799833231714042E-03 1.99668668829755563E-01
1.28271961E+01 4.86899373262293864E-02 6.14384177616286026E-03 1.99802034280046337E-01
1.28365326E+01 4.86274255653773094E-02 6.12967092747077578E-03 1.99803973115995015E-01
1.28459032E+01 4.85648174088321449E-02 6.11548648201968269E-03 1.99816518709988455E-01
1.28553094E+01 4.85021043189836354E-02 6.10128895244992694E-03 1.99952051261929026E-01
1.28647526E+01 4.84392777918842624E-02 6.08707865928355234E-03 1.99959012421458221E-01
1.28742341E+01 4.83763292010338103E-02 6.07285571477534248E-03 2.00055297833465179E-01
1.28837555E+01 4.83132496180564350E-02 6.05862000099215928E-03 2.00073066850577685E-01
1.28933184E+01 4.82500296163419495E-02 6.04437114055304033E-03 2.00254979211756640E-01
1.29029245E+01 4.81866590560471181E-02 6.03010846236007488E-03 2.00259634431424388E-01
1.29125611E+01 4.81232221580883621E-02 6.01585228685098256E-03 2.00361847155787171E-01
1.29222044E+01 4.80598762980982766E-02 6.00163900680694001E-03 2.00455515796033684E-01
1.29318575E+01 4.79966009245405348E-02 5.98746494647622255E-03 2.00551400718383205E-01
1.29415235E+01 4.79333758748772820E-02 5.97332642989760292E-03 2.00651230949402321E-01
1.29512054E+01 4.78701814320919364E-02 5.95921972562372167E-03 2.00755436424221889E-01
1.29609063E+01 4.78069983815940028E-02 5.94514103587951478E-03 2.00863811199204267E-01
1.29706291E+01 4.77438080406980617E-02 5.93108647632414540E-03 2.00976342966676047E-01
1.29803767E+01 4.76805922505584637E-02 5.91705203580446173E-03 2.01092926704534353E-01
1.29901522E+01 4.76173333282685560E-02 5.90303351744856947E-03 2.01213520353027669E-01
1.29999582E+01 4.75540139805657458E-02 5.88902646533099455E-03 2.01338049900031957E-01
1.30097978E+01 4.74906171835903640E-02 5.87502608192468599E-03 2.01466459056443864E-01
1.30196739E+01 4.74271260356906241E-02 5.86102714198863048E-03 2.01598681912276034E-01
1.30295893E+01 4.73635235926179038E-02 5.84702390856534256E-03 2.01734659034793096E-01
1.30395471E+01 4.72997926959416934E-02 5.83301005615339228E-03 2.01874329795304147E-01
1.30495504E+01 4.72359158062020390E-02 5.81897860499087233E-03 2.02017637863330712E-01
1.30596025E+01 4.71718748521603240E-02 5.80492186893948135E-03 2.02164529437285245E-01
1.30697068E+01 4.71076511063030431E-02 5.79083141798914999E-03 2.02314955378243400E-01
1.30798669E+01 4.70432250947797892E-02 5.77669805523844341E-03 2.02468871082923746E-01
1.30900865E+01 4.69785765472941486E-02 5.76251180756020501E-03 2.02626237425451938E-01
1.31003695E+01 4.69136843894221167E-02 5.74826192909932716E-03 2.02787020931111894E-01
1.31107201E+01 4.68485267767339911E-02 5.73393691720341502E-03 2.02951194170517185E-01
1.31211425E+01 4.67830811671445593E-02 5.71952454115288826E-03 2.03118735852447302E-01
1.31316412E+01 4.67173244255753364E-02 5.70501188495357945E-03 2.03289630914705255E-01
1.31422207E+01 4.66512329532406955E-02 5.69038540617331813E-03 2.03463870481839310E-01
1.31528858E+01 4.65847828329989319E-02 5.67563101320612239E-03 2.03641451797723277E-01
1.31636413E+01 4.65179499821706116E-02 5.66073416324951607E-03 2.03822378095972534E-01
1.31744921E+01 4.64507103050110365E-02 5.64567998267172418E-03 2.04006658467906082E-01
1.31854430E+01 4.63830398385096584E-02 5.63045341040162295E-03 2.04194307717728979E-01
1.31964992E+01 4.63149148871327757E-02 5.61503936369024768E-03 2.04385346235053278E-01
1.32076656E+01 4.62463121444150194E-02 5.59942292428690629E-03 2.04579799884653357E-01
1.32189472E+01 4.61772088015580742E-02 5.58358954193319702E-03 2.04777699928788803E-01
1.32303490E+01 4.61075826453613002E-02 5.56752525127832739E-03 2.04979082979472427E-01
1.32418759E+01 4.60374121494798935E-02 5.55121689796996606E-03 2.05183990997381799E-01
1.32534007E+01 4.59674771876334154E-02 5.53483937194901472E-03 2.05390700084299049E-01
1.32648877E+01 4.58979934194163747E-02 5.51844131328001544E-03 2.05597453816969505E-01
1.32763486E+01 4.58288909037149819E-02 5.50200698912849725E-03 2.05804839335056111E-01
1.32877935E+01 4.57601080058279777E-02 5.48552378337106763E-03 2.06012946423799914E-01
1.32992318E+01 4.56915902769937862E-02 5.46898176814586672E-03 2.06221931760701388E-01
1.33106716E+01 4.56232894125481250E-02 5.45237347057191991E-03 2.06431882772811548E-01
1.33221207E+01 4.55551622010749377E-02 5.43569363854031103E-03 2.06642917769311207E-01
1.33335858E+01 4.54871694584204622E-02 5.41893897322856793E-03 2.06855141261014203E-01
1.33450734E+01 4.54192749627476550E-02 5.40210783332231714E-03 2.07068666460218431E-01
1.33565829E+01 4.53514849320033331E-02 5.38520998801604502E-03 2.07283506521678540E-01
1.33680889E+01 4.52839504110807631E-02 5.36829232025992208E-03 2.07499258975412354E-01
1.33795954E+01 4.52166481286658331E-02 5.35135939452598304E-03 2.07715809088125869E-01
1.33910756E+01 4.51497335997392210E-02 5.33446127710320017E-03 2.07932927123829936E-01
1.34025185E+01 4.50832698776050811E-02 5.31762547095707486E-03 2.08150193633139940E-01
1.34139059E+01 4.50173597808245091E-02 5.30088979713026244E-03 2.08367422112525902E-01
1.34252352E+01 4.49520144203744212E-02 5.28426887930575663E-03 2.08584452809967180E-01
1.34365160E+01 4.48871750780811679E-02 5.26775933981553628E-03 2.08801528473803372E-01
1.34477567E+01 4.48227900248785657E-02 5.25135910117225518E-03 2.09018852147791034E-01
1.34589648E+01 4.47588143213290893E-02 5.23506728514990406E-03 2.09236590920475279E-01
1.34701466E+01 4.46952095178511158E-02 5.21888412068326896E-03 2.09454898551447360E-01
1.34813072E+01 4.46319432259488988E-02 5.20281081548630217E-03 2.09673911956876013E-01
1.34924511E+01 4.45689885569446817E-02 5.18684938620314877E-03 2.09893753172182507E-01
1.35035818E+01 4.45063234379933573E-02 5.17100245253847984E-03 2.10114530187604981E-01
1.35146794E+01 4.44440570038973151E-02 5.15530485184264101E-03 2.10335960805210831E-01
1.35257492E+01 4.43821565298798196E-02 5.13975483245994371E-03 2.10558027240495188E-01
1.35367954E+01 4.43205946906493828E-02 5.12435135088558109E-03 2.10780960951830881E-01
1.35478217E+01 4.42593489496234185E-02 5.10909384989821462E-03 2.11004840188100423E-01
1.35588307E+01 4.41984008554095198E-02 5.09398207219024114E-03 2.11229777473908864E-01
1.35698248E+01 4.41377352705041720E-02 5.07901587503842636E-03 2.11455857331943248E-01
1.35808058E+01 4.40773395550632455E-02 5.06419504540312100E-03 2.11683163148502856E-01
1.35917750E+01 4.40172027379051381E-02 5.04951912468350628E-03 2.11911768423188540E-01
1.36027340E+01 4.39573147092511343E-02 5.03498725288477507E-03 2.12141743172617664E-01
1.36136830E+01 4.38976708250832445E-02 5.02059932250113489E-03 2.12373137393975425E-01
1.36246110E+01 4.38383286515968904E-02 5.00636950497001902E-03 2.12605785605699704E-01
1.36355194E+01 4.37792766993742519E-02 4.99229480249355553E-03 2.12839676921381865E-01
1.36464096E+01 4.37205046321438098E-02 4.97837216904745312E-03 2.13074919040217275E-01
1.36572828E+01 4.36620025312081939E-02 4.96459837702601606E-03 2.13311553507118695E-01
1.36681404E+01 4.36037602416529529E-02 4.95096992862296362E-03 2.13549643416573176E-01
1.36789839E+01 4.35457668119024963E-02 4.93748299315746944E-03 2.13789247715862774E-01
1.36898150E+01 4.34880100373146936E-02 4.92413336659266662E-03 2.14030434340548470E-01
1.37006359E+01 4.34304761127927916E-02 4.91091645218425400E-03 2.14273277606218393E-01
1.37114489E+01 4.33731493922775574E-02 4.89782726032434411E-03 2.14517861397286264E-01
1.37222483E+01 4.33160579306616916E-02 4.88487071648212312E-03 2.14764108954498739E-01
1.37330270E+01 4.32592362836309863E-02 4.87205304869969651E-03 2.15011860597970839E-01
1.37437869E+01 4.32026712922133627E-02 4.85936971277040226E-03 2.15261156483152083E-01
1.37545302E+01 4.31463482214172259E-02 4.84681595021385983E-03 2.15512093805895422E-01
1.37652598E+01 4.30902505973684569E-02 4.83438674773644175E-03 2.15764747211994040E-01
1.37759784E+01 4.30343601363567876E-02 4.82207682732577886E-03 2.16019210219935087E-01
1.37866897E+01 4.29786567448652707E-02 4.80988065088465856E-03 2.16275583959185391E-01
1.37973972E+01 4.29231185725321984E-02 4.79779243421507313E-03 2.16533981568696715E-01
1.38080854E+01 4.28678255266376484E-02 4.78582839134965733E-03 2.16794094862706399E-01
1.38187541E+01 4.28127744317895603E-02 4.77398657360271397E-03 2.17055839615071772E-01
1.38294067E+01 4.27579462937067584E-02 4.76226172706181814E-03 2.17319352665482468E-01
1.38400467E+01 4.27033205639420835E-02 4.75064837526553620E-03 2.17584724413163594E-01
1.38506780E+01 4.26488752209142133E-02 4.73914082939546743E-03 2.17852065469130524E-01
1.38613049E+01 4.25945868783117534E-02 4.72773321017102514E-03 2.18121492561218572E-01
1.38719271E+01 4.25404556484749105E-02 4.71642460437469904E-03 2.18393021797902459E-01
1.38825284E+01 4.24865611136683863E-02 4.70523045341006505E-03 2.18666279069064190E-01
1.38931127E+01 4.24328824009033573E-02 4.69414514999285520E-03 2.18941285281416320E-01
1.39036840E+01 4.23793974810442800E-02 4.68316292284099225E-03 2.19218198306665918E-01
1.39142464E+01 4.23260832732561196E-02 4.67227782503894760E-03 2.19497126119742147E-01
1.39248045E+01 4.22729157587085069E-02 4.66148375152957914E-03 2.19778199939426822E-01
1.39353630E+01 4.22198700997697962E-02 4.65077446417451901E-03 2.20061555688341154E-01
1.39459007E+01 4.21670515674501672E-02 4.64016971550503757E-03 2.20346685709525092E-01
1.39564216E+01 4.21144383679927098E-02 4.62966348792553418E-03 2.20633594224969393E-01
1.39669298E+01 4.20620079837873279E-02 4.61924968146620527E-03 2.20922447207379830E-01
1.39774299E+01 4.20097372606752784E-02 4.60892209654792037E-03 2.21213349800862685E-01
1.39879264E+01 4.19576024873798692E-02 4.59867444097445191E-03 2.21506428411504780E-01
1.39984221E+01 4.19055888034099572E-02 4.58850215468044678E-03 2.21801763546592201E-01
1.40088978E+01 4.18537898750667436E-02 4.57842164660997482E-03 2.22098853303976940E-01
1.40193578E+01 4.18021840244685236E-02 4.56842667360748793E-03 2.22397716223260794E-01
1.40298061E+01 4.17507492287765153E-02 4.55851097551453633E-03 2.22698507401603546E-01
1.40402473E+01 4.16994631526895268E-02 4.54866826385405282E-03 2.23001331265501340E-01
1.40506857E+01 4.16483031595770020E-02 4.53889223445394334E-03 2.23306309401056474E-01
1.40611193E+01 4.15972782476549952E-02 4.52918262972683283E-03 2.23613386580535978E-01
1.40715344E+01 4.15464548153910290E-02 4.51954999184174706E-03 2.23922155067551532E-01
1.40819350E+01 4.14958121746386369E-02 4.50998834245127257E-03 2.24232663401010585E-01
1.40923252E+01 4.14453295182193801E-02 4.50049182121574527E-03 2.24545044895172713E-01
1.41027091E+01 4.13949858704241516E-02 4.49105466876339749E-03 2.24859401008431631E-01
1.41130910E+01 4.13447600114833433E-02 4.48167122167957618E-03 2.25175845095127863E-01
1.41234653E+01 4.12946780042584838E-02 4.47234473314188277E-03 2.25494209066564533E-01
1.41338225E+01 4.12447852583338048E-02 4.46308208071631487E-03 2.25814169662411218E-01
1.41441664E+01 4.11950625090976297E-02 4.45387825558953617E-03 2.26135791866014374E-01
1.41545008E+01 4.11454903778039338E-02 4.44472842019714640E-03 2.26459189021610968E-01
1.41648297E+01 4.10960492330948723E-02 4.43562786796094979E-03 2.26784456987747268E-01
1.41751572E+01 4.10467190339647084E-02 4.42657199093452695E-03 2.27111701226022283E-01
1.41854790E+01 4.09975193273150670E-02 4.41756356881895570E-03 2.27440778256595699E-01
1.41957848E+01 4.09484991385574842E-02 4.40861082782458263E-03 2.27771326197110602E-01
1.42060781E+01 4.08996404410319064E-02 4.39970985857443195E-03 2.28103399972645698E-01
1.42163626E+01 4.08509248698580366E-02 4.39085684334364693E-03 2.28437105887019515E-01
1.42266424E+01 4.08023335147079530E-02 4.38204799174561014E-03 2.28772535957595835E-01
1.42369213E+01 4.07538467136420168E-02 4.37327949002275923E-03 2.29109794085633395E-01
1.42472028E+01 4.07054483547783022E-02 4.36454826304028942E-03 2.29448963529340910E-01
1.42574688E+01 4.06572224655208023E-02 4.35586926763611472E-03 2.29789452436985286E-01
1.42677231E+01 4.06091514554544689E-02 4.34723917803103710E-03 2.30131284904903310E-01
1.42779693E+01 4.05612170106592965E-02 4.33865462319574669E-03 2.30474578150304005E-01
1.42882115E+01 4.05133998617198052E-02 4.33011212328978778E-03 2.30819426024068630E-01
1.42984540E+01 4.04656795790016219E-02 4.32160805296116345E-03 2.31165938941715637E-01
1.43087014E+01 4.04180343961471900E-02 4.31313861623984756E-03 2.31514239597855942E-01
1.43189439E+01 4.03705094783753937E-02 4.30471191163533159E-03 2.31863983088018449E-01
1.43291753E+01 4.03231331400523002E-02 4.29633302117344521E-03 2.32214895868658289E-01
1.43393997E+01 4.02758858609742892E-02 4.28799861950663469E-03 2.32567067770813263E-01
1.43496216E+01 4.02287467716188410E-02 4.27970523142444381E-03 2.32920620229648684E-01
1.43598456E+01 4.01816934967005254E-02 4.27144920015382155E-03 2.33275676807644106E-01
1.43700770E+01 4.01347020454634953E-02 4.26322667375537544E-03 2.33632378219475967E-01
1.43803140E+01 4.00877806533969164E-02 4.25503949395027170E-03 2.33990632300556167E-01
1.43905411E+01 4.00409995594294271E-02 4.24690027698277836E-03 2.34349868391578314E-01
1.44007630E+01 3.99943368440276031E-02 4.23880562726410871E-03 2.34710161329081957E-01
1.44109847E+01 3.99477689728700777E-02 4.23075199224395154E-03 2.35071665561017634E-01
1.44212117E+01 3.99012707192274718E-02 4.22273564956741378E-03 2.35434524446236054E-01
1.44314500E+01 3.98548151395657288E-02 4.21475271973066352E-03 2.35798901368593994E-01
1.44416995E+01 3.98084015967587121E-02 4.20680396067888481E-03 2.36164762683244989E-01
1.44519412E+01 3.97621160962713244E-02 4.19890494136741354E-03 2.36531397447322794E-01
1.44621805E+01 3.97159334962893171E-02 4.19105228089452879E-03 2.36898897005950959E-01
1.44724233E+01 3.96698269600454442E-02 4.18324245795425459E-03 2.37267442862123312E-01
1.44826758E+01 3.96237679635488005E-02 4.17547179056657405E-03 2.37637202476605552E-01
1.44929446E+01 3.95777263513319016E-02 4.16773644701353731E-03 2.38008362221774766E-01
1.45032246E+01 3.95317251559090949E-02 4.16004157975603805E-03 2.38380693974916930E-01
1.45135000E+01 3.94858349224455410E-02 4.15240018190299581E-03 2.38753565281369956E-01
1.45237768E+01 3.94400270132691244E-02 4.14480870895011892E-03 2.39127104265672685E-01
1.45340619E+01 3.93942711960704739E-02 4.13726348601660410E-03 2.39501507554599480E-01
1.45443622E+01 3.93485357175903036E-02 4.12976070183394741E-03 2.39876961522819759E-01
1.45546852E+01 3.93027874144845357E-02 4.12229642032210537E-03 2.40253667764989881E-01
1.45650144E+01 3.92570992372987398E-02 4.11488391690257357E-03 2.40630980038231107E-01
1.45753429E+01 3.92115006142781247E-02 4.10752915493242318E-03 2.41008542133400838E-01
1.45856778E+01 3.91659596281736799E-02 4.10022814927317372E-03 2.41386529116865312E-01
1.45960266E+01 3.91204430124241706E-02 4.09297676113946213E-03 2.41765142052904392E-01
1.46063970E+01 3.90749162611035566E-02 4.08577071832129986E-03 2.42144580130404768E-01
1.46167972E+01 3.90293437621813399E-02 4.07860564969985545E-03 2.42525052698297966E-01
1.46271956E+01 3.89838635029518960E-02 4.07150419024723646E-03 2.42905361506170120E-01
1.46375981E+01 3.89384485472125813E-02 4.06446286482326554E-03 2.43285558647675704E-01
1.46480125E+01 3.88930641866693169E-02 4.05747705146720754E-03 2.43665869626963516E-01
1.46584471E+01 3.88476747086942895E-02 4.05054202392768348E-03 2.44046488612246371E-01
1.46689102E+01 3.88022435132291052E-02 4.04365298447638497E-03 2.44427618538135077E-01
1.46793989E+01 3.87567832913831636E-02 4.03681258541449019E-03 2.44809058840672833E-01
1.46898886E+01 3.87113996770874769E-02 4.03003711934877499E-03 2.45189827857289766E-01
1.47003877E+01 3.86660562806337704E-02 4.02332143353248579E-03 2.45570066215469368E-01
1.47109047E+01 3.86207160450500117E-02 4.01666041517597088E-03 2.45949998810045367E-01
1.47214482E+01 3.85753413284558935E-02 4.01004898056870479E-03 2.46329818068861728E-01
1.47320272E+01 3.85298940013576452E-02 4.00348209413841239E-03 2.46709720593566634E-01
1.47426283E+01 3.84844311363741198E-02 3.99696837711004376E-03 2.47089128011484305E-01
1.47532350E+01 3.84390237756888908E-02 3.99051806876274655E-03 2.47467308387915558E-01
1.47638562E+01 3.83936328367175533E-02 3.98412561776036612E-03 2.47844435058665546E-01
1.47745011E+01 3.83482190591617686E-02 3.97778558007818445E-03 2.48220726782483220E-01
1.47851788E+01 3.83027430654086787E-02 3.97149259003398529E-03 2.48596373035059326E-01
1.47958989E+01 3.82571654246612117E-02 3.96524135875823362E-03 2.48971560930132951E-01
1.48066442E+01 3.82115580009978403E-02 3.95904167813435071E-03 2.49345586775512523E-01
1.48173989E+01 3.81659886012361144E-02 3.95290233343539420E-03 2.49717736858311695E-01
1.48281726E+01 3.81204151694826271E-02 3.94681717192325518E-03 2.50088197005293278E-01
1.48389754E+01 3.80747959710092745E-02 3.94078025289350178E-03 2.50457188368680972E-01
1.48498169E+01 3.80290896237838599E-02 3.93478585716091397E-03 2.50824895061644015E-01
1.48607069E+01 3.79832551261766113E-02 3.92882853012362435E-03 2.51191492938909855E-01
1.48716373E+01 3.79373270979069047E-02 3.92291272949832868E-03 2.51556567732556358E-01
1.48825796E+01 3.78914249625429203E-02 3.91705357716952071E-03 2.51919028864462990E-01
1.48935444E+01 3.78455030658262914E-02 3.91124509408945480E-03 2.52279037148851804E-01
1.49045425E+01 3.77995165523275084E-02 3.90548180052478723E-03 2.52636838229366334E-01
1.49155843E+01 3.77534213796212256E-02 3.89975866812156341E-03 2.52992612452867749E-01
1.49266802E+01 3.77071743289069811E-02 3.89407109701532745E-03 2.53346529271201160E-01
1.49378403E+01 3.76607329987198453E-02 3.88841488378624230E-03 2.53698739250847183E-01
1.49490216E+01 3.76142769729960538E-02 3.88281256847014923E-03 2.54047776987148588E-01
1.49602273E+01 3.75677911297373560E-02 3.87726277510447477E-03 2.54393508504493604E-01
1.49714691E+01 3.75212269675260640E-02 3.87176026057592815E-03 2.54736198720727725E-01
1.49827584E+01 3.74745372855395248E-02 3.86630001857232253E-03 2.55076039061876980E-01
1.49913792E+01 3.74389281627275847E-02 3.86216865781700922E-03 2.55335722486544681E-01
1.50000000E+01 3.74033591107378674E-02 3.85807372801809292E-03 2.55586210894151733E-01
