#  time, MeanKE MeanKEDR MeanP MeanNuT MeanLesProduction
0 1.24981176168378685E-01 4.68679415828199297E-04 3.58063961071907322E-18 3.00664783771895008E-04 3.22773203192209743E-04
7.36310778E-03 1.24975512005712316E-01 4.68660820829751963E-04 6.62719953304965467E-05 3.00662144033318193E-04 3.22752209507677038E-04
1.47275470E-02 1.24970130708850005E-01 4.68648578846637346E-04 9.00490962174700177E-05 3.00666355972727258E-04 3.22737479576026647E-04
2.20922388E-02 1.24964843583972807E-01 4.68641981570684760E-04 9.77196511909394458E-05 3.00676433654684854E-04 3.22728188809460895E-04
2.94572354E-02 1.24959587369135372E-01 4.68640791401694705E-04 1.01480496428707899E-04 3.00691807227720172E-04 3.22724064002908478E-04
3.68225971E-02 1.24954340864431065E-01 4.68644928901470873E-04 1.00965042367787413E-04 3.00712080290490257E-04 3.22725018018126322E-04
4.41883863E-02 1.24949096897790587E-01 4.68654367680115510E-04 9.60874228523321186E-05 3.00736947484133484E-04 3.22731026887967259E-04
5.15546665E-02 1.24943852975984315E-01 4.68669099336976858E-04 8.69064257472346245E-05 3.00766157171898868E-04 3.22742088784024397E-04
5.89213879E-02 1.24938608248454985E-01 4.68689121421356691E-04 7.33720621833155052E-05 3.00799489927825012E-04 3.22758210008848882E-04
6.62883938E-02 1.24933362463277034E-01 4.68714433151454441E-04 5.55073554003267106E-05 3.00836747746461393E-04 3.22779400016807365E-04
7.36557481E-02 1.24928115386994110E-01 4.68745035205353781E-04 3.33181327819426017E-05 3.00877752976863708E-04 3.22805670754306654E-04
8.10235146E-02 1.24922866845792901E-01 4.68780928925169121E-04 6.80862141277368294E-06 3.00922346481176557E-04 3.22837035853233061E-04
8.83917572E-02 1.24917616686817737E-01 4.68822116171415835E-04 -2.40165235242785533E-05 3.00970385456978686E-04 3.22873510421959795E-04
9.57605397E-02 1.24912364765158837E-01 4.68868599273535307E-04 -5.91520185105623647E-05 3.01021740856751980E-04 3.22915110952788414E-04
1.03129926E-01 1.24907110939428426E-01 4.68920381012442194E-04 -9.85921379923368029E-05 3.01076295181526359E-04 3.22961855270142496E-04
1.10499979E-01 1.24901855070201684E-01 4.68977464613752127E-04 -1.42330823603130764E-04 3.01133940794333583E-04 3.23013762493907998E-04
1.17870762E-01 1.24896597019426417E-01 4.69039853744556041E-04 -1.90361727882455646E-04 3.01194578676095503E-04 3.23070853009160114E-04
1.25242340E-01 1.24891336650179888E-01 4.69107552511372557E-04 -2.42678227649113017E-04 3.01258117530731940E-04 3.23133148439176936E-04
1.32614774E-01 1.24886073826520380E-01 4.69180565458500692E-04 -2.99273425804236399E-04 3.01324473131038962E-04 3.23200671620579513E-04
1.39988128E-01 1.24880808413403668E-01 4.69258897566535377E-04 -3.60140151907756289E-04 3.01393567616284927E-04 3.23273446580136647E-04
1.47362463E-01 1.24875540276604496E-01 4.69342554250947255E-04 -4.25270958195235883E-04 3.01465328027515254E-04 3.23351498513010645E-04
1.54737843E-01 1.24870269282649965E-01 4.69431541360726021E-04 -4.94658118263543523E-04 3.01539683594357634E-04 3.23434853762152603E-04
1.62114013E-01 1.24864995525463610E-01 4.69525861016901753E-04 -5.68290619104979355E-04 3.01616560233379267E-04 3.23523535879316926E-04
1.69491024E-01 1.24859718880606513E-01 4.69625519105847816E-04 -6.46159328940265859E-04 3.01695887602089312E-04 3.23617572621436218E-04
1.76868940E-01 1.24854439216129362E-01 4.69730522076522493E-04 -7.28255075264101076E-04 3.01777598402815182E-04 3.23716992952509538E-04
1.84247821E-01 1.24849156400604941E-01 4.69840876808298345E-04 -8.14568440785827757E-04 3.01861629317431936E-04 3.23821826902103392E-04
1.91627731E-01 1.24843870303118998E-01 4.69956590609614327E-04 -9.05068071681309301E-04 3.01947920994293688E-04 3.23932105546951416E-04
1.99008731E-01 1.24838580793245751E-01 4.70077671216567359E-04 -9.99812129282265979E-04 3.02036417696024842E-04 3.24047860993531675E-04
2.06390883E-01 1.24833287741019594E-01 4.70204126791508878E-04 -1.09871361488864594E-03 3.02127066958491339E-04 3.24169126360697695E-04
2.13774247E-01 1.24827991016902409E-01 4.70335965921653536E-04 -1.20179718487730888E-03 3.02219819346534739E-04 3.24295935763423777E-04
2.21158885E-01 1.24822690491758925E-01 4.70473197617705464E-04 -1.30904706747918070E-03 3.02314628316182319E-04 3.24428324296772194E-04
2.28544857E-01 1.24817386036825531E-01 4.70615831312497647E-04 -1.42045186581952121E-03 3.02411450169596412E-04 3.24566328020357820E-04
2.35932223E-01 1.24812077523684964E-01 4.70763876859628763E-04 -1.53600004254042847E-03 3.02510244008256067E-04 3.24709983943278590E-04
2.43321044E-01 1.24806764824240621E-01 4.70917344532104944E-04 -1.65567975081945041E-03 3.02610971329650533E-04 3.24859330009448738E-04
2.50711377E-01 1.24801447810696339E-01 4.71076245020932052E-04 -1.77947882321646518E-03 3.02713594680894019E-04 3.25014405083345979E-04
2.58103193E-01 1.24796126420842549E-01 4.71240587387575531E-04 -1.90738326566114945E-03 3.02818074455400992E-04 3.25175246930413213E-04
2.65496325E-01 1.24790800689122836E-01 4.71410377733662452E-04 -2.03937620213984075E-03 3.02924367714858497E-04 3.25341890868304623E-04
2.72890835E-01 1.24785470488040104E-01 4.71585627337742415E-04 -2.17544377604160554E-03 3.03032434776514333E-04 3.25514377727342352E-04
2.80286780E-01 1.24780135690243932E-01 4.71766347893123200E-04 -2.31557197320302142E-03 3.03142237539132196E-04 3.25692749196325622E-04
2.87684221E-01 1.24774796168570443E-01 4.71952551506450409E-04 -2.45974646932113281E-03 3.03253739978352483E-04 3.25877047808216503E-04
2.95083216E-01 1.24769451796051228E-01 4.72144250696063977E-04 -2.60795259786207080E-03 3.03366908112849575E-04 3.26067316925950632E-04
3.02483824E-01 1.24764102445907785E-01 4.72341458390220512E-04 -2.76017534323218629E-03 3.03481709850323030E-04 3.26263600728427753E-04
3.09886102E-01 1.24758747991550387E-01 4.72544187925239153E-04 -2.91639933455567664E-03 3.03598114863583952E-04 3.26465944196665094E-04
3.17290108E-01 1.24753388306571192E-01 4.72752453043575368E-04 -3.07660884216073112E-03 3.03716094530021821E-04 3.26674393100091374E-04
3.24695899E-01 1.24748023264738370E-01 4.72966267891853840E-04 -3.24078776915889431E-03 3.03835621936240864E-04 3.26888993982979372E-04
3.32103531E-01 1.24742652739985818E-01 4.73185647018857427E-04 -3.40891964778038646E-03 3.03956671918392590E-04 3.27109794151059056E-04
3.39513061E-01 1.24737276606415315E-01 4.73410605373511041E-04 -3.58098763153444095E-03 3.04079220995536988E-04 3.27336841658312501E-04
3.46924544E-01 1.24731894738278240E-01 4.73641158302852449E-04 -3.75697448981378778E-03 3.04203246832598158E-04 3.27570185293958572E-04
3.54338035E-01 1.24726507009976603E-01 4.73877321550025907E-04 -3.93686260322198556E-03 3.04328726971155560E-04 3.27809874569658208E-04
3.61753567E-01 1.24721113312716958E-01 4.74119110498013956E-04 -4.12063340915805147E-03 3.04455637263903185E-04 3.28055958937878271E-04
3.69170919E-01 1.24715713719885699E-01 4.74366532435903951E-04 -4.30826181269793832E-03 3.04583948167186022E-04 3.28308479865640796E-04
3.76590150E-01 1.24710308105411047E-01 4.74619603688327318E-04 -4.49972829149180437E-03 3.04713634965716258E-04 3.28567488258296682E-04
3.84011312E-01 1.24704896343250118E-01 4.74878340972229593E-04 -4.69501317207139928E-03 3.04844674058889133E-04 3.28833035688091751E-04
3.91434461E-01 1.24699478307434899E-01 4.75142761394777263E-04 -4.89409641060644610E-03 3.04977043241091701E-04 3.29105174380879800E-04
3.98859651E-01 1.24694053872088956E-01 4.75412882451108423E-04 -5.09695754489738768E-03 3.05110721680450518E-04 3.29383957202870989E-04
4.06286935E-01 1.24688622911430610E-01 4.75688722022031291E-04 -5.30357568651064308E-03 3.05245689836427289E-04 3.29669437647515441E-04
4.13716367E-01 1.24683185299770599E-01 4.75970298371742283E-04 -5.51392951448919592E-03 3.05381929400224664E-04 3.29961669822502240E-04
4.21147997E-01 1.24677740911502299E-01 4.76257630145553743E-04 -5.72799726835263034E-03 3.05519423272965749E-04 3.30260708436927745E-04
4.28581879E-01 1.24672289621098401E-01 4.76550736367673173E-04 -5.94575674091751914E-03 3.05658155567327947E-04 3.30566608788581036E-04
4.36018064E-01 1.24666831303104242E-01 4.76849636438989727E-04 -6.16718527059210292E-03 3.05798111577153036E-04 3.30879426751397960E-04
4.43456600E-01 1.24661365832124532E-01 4.77154350134907591E-04 -6.39225973623690647E-03 3.05939277583340509E-04 3.31199218763050330E-04
4.50897540E-01 1.24655893082816965E-01 4.77464897603171621E-04 -6.62095654658128880E-03 3.06081640330703106E-04 3.31526041812653936E-04
4.58340932E-01 1.24650412929885962E-01 4.77781299361685436E-04 -6.85325163791545341E-03 3.06225186256796691E-04 3.31859953428513543E-04
4.65786824E-01 1.24644925248068569E-01 4.78103576296269508E-04 -7.08912046142065773E-03 3.06369901021001320E-04 3.32201011665704819E-04
4.73235265E-01 1.24639429912137126E-01 4.78431749658327847E-04 -7.32853797861102510E-03 3.06515769773008074E-04 3.32549275093368566E-04
4.80686045E-01 1.24633926986381316E-01 4.78765829479181170E-04 -7.57147061880872243E-03 3.06662772767241716E-04 3.32904790438002293E-04
4.88139204E-01 1.24628416353147448E-01 4.79105836710601589E-04 -7.81789137753285263E-03 3.06810895753303534E-04 3.33267616061798302E-04
4.95594788E-01 1.24622897886095554E-01 4.79451793178138879E-04 -8.06777337287739420E-03 3.06960125665318702E-04 3.33637811342525300E-04
5.03052846E-01 1.24617371458873888E-01 4.79803721068203844E-04 -8.32108926893745417E-03 3.07110450438816704E-04 3.34015436119867656E-04
5.10513426E-01 1.24611836945130214E-01 4.80161642925539304E-04 -8.57781121738069099E-03 3.07261858987276082E-04 3.34400550682797753E-04
5.17976574E-01 1.24606294218513228E-01 4.80525581650595619E-04 -8.83791084213813791E-03 3.07414341164961402E-04 3.34793215756948878E-04
5.25442336E-01 1.24600743152669766E-01 4.80895560496827834E-04 -9.10135924020749783E-03 3.07567887724369347E-04 3.35193492491992731E-04
5.32910757E-01 1.24595183621247232E-01 4.81271603067958222E-04 -9.36812696399166867E-03 3.07722490250572091E-04 3.35601442449069015E-04
5.40381883E-01 1.24589615497890438E-01 4.81653733315206320E-04 -9.63818402207607984E-03 3.07878141039310204E-04 3.36017127588260573E-04
5.47855756E-01 1.24584038656233867E-01 4.82041975534461915E-04 -9.91149986513173258E-03 3.08034832889407073E-04 3.36440610256079039E-04
5.55332421E-01 1.24578452969901915E-01 4.82436354363449758E-04 -1.01880433825768425E-02 3.08192558824521535E-04 3.36871953172977485E-04
5.62811919E-01 1.24572858312509860E-01 4.82836894778850565E-04 -1.04677828897350254E-02 3.08351311838823755E-04 3.37311219420816663E-04
5.70294293E-01 1.24567254557653953E-01 4.83243622093370044E-04 -1.07506861244005564E-02 3.08511084798546848E-04 3.37758472430226627E-04
5.77779584E-01 1.24561641578918234E-01 4.83656561952766390E-04 -1.10367202380568189E-02 3.08671870550932990E-04 3.38213775967856670E-04
5.85267831E-01 1.24556019249864425E-01 4.84075740332848129E-04 -1.13258517836749735E-02 3.08833662158658202E-04 3.38677194123557788E-04
5.92759074E-01 1.24550387444037722E-01 4.84501183536422634E-04 -1.16180467142778018E-02 3.08996453130821406E-04 3.39148791297530863E-04
6.00253282E-01 1.24544746088258551E-01 4.84932914089262384E-04 -1.19132676863714648E-02 3.09160236027971149E-04 3.39628627623495135E-04
6.07750334E-01 1.24539095176129461E-01 4.85370949424129589E-04 -1.22114731510429252E-02 3.09325002107606946E-04 3.40116757430747850E-04
6.15250269E-01 1.24533434579624153E-01 4.85815316416947232E-04 -1.25126268270383117E-02 3.09490746819188135E-04 3.40613245418584462E-04
6.22753128E-01 1.24527764170636032E-01 4.86266042265185610E-04 -1.28166920230706888E-02 3.09657466273797696E-04 3.41118156549466271E-04
6.30258948E-01 1.24522083821000745E-01 4.86723154484866680E-04 -1.31236314433772951E-02 3.09825157190759008E-04 3.41631556036802602E-04
6.37767769E-01 1.24516393402509681E-01 4.87186680907512523E-04 -1.34334071596448508E-02 3.09993816822020556E-04 3.42153509332725073E-04
6.45279626E-01 1.24510692786899996E-01 4.87656649677051192E-04 -1.37459805920331357E-02 3.10163442860095565E-04 3.42684082115944037E-04
6.52794557E-01 1.24504981845856802E-01 4.88133089246754216E-04 -1.40613125142664327E-02 3.10334033341115459E-04 3.43223340279645746E-04
6.60312596E-01 1.24499260451011118E-01 4.88616028376122184E-04 -1.43793630357424863E-02 3.10505586561256308E-04 3.43771349919451581E-04
6.67833779E-01 1.24493528473929235E-01 4.89105496127804733E-04 -1.47000916029897122E-02 3.10678101025964337E-04 3.44328177321379016E-04
6.75358139E-01 1.24487785786116870E-01 4.89601521864429373E-04 -1.50234569838946855E-02 3.10851575443209043E-04 3.44893888949797812E-04
6.82885710E-01 1.24482032259009334E-01 4.90104135245425206E-04 -1.53494172679534482E-02 3.11026008757080076E-04 3.45468551435383501E-04
6.90416524E-01 1.24476267763969570E-01 4.90613366223780563E-04 -1.56779298556799750E-02 3.11201400205222847E-04 3.46052231563048968E-04
6.97950613E-01 1.24470492172289934E-01 4.91129245042740852E-04 -1.60089514512395462E-02 3.11377749379509127E-04 3.46644996259881243E-04
7.05488006E-01 1.24464705355181851E-01 4.91651802232450676E-04 -1.63424380573849067E-02 3.11555056274048824E-04 3.47246912583094815E-04
7.13028734E-01 1.24458907183780179E-01 4.92181068606532303E-04 -1.66783449675860507E-02 3.11733321312803206E-04 3.47858047708030874E-04
7.20572827E-01 1.24453097529136761E-01 4.92717075258621647E-04 -1.70166267595730190E-02 3.11912545356054984E-04 3.48478468916159963E-04
7.28120311E-01 1.24447276262221074E-01 4.93259853558825957E-04 -1.73572372914950999E-02 3.12092729689086043E-04 3.49108243583170228E-04
7.35671216E-01 1.24441443253918621E-01 4.93809435150165251E-04 -1.77001296869311597E-02 3.12273875998241241E-04 3.49747439167083041E-04
7.43225566E-01 1.24435598375027170E-01 4.94365851944936446E-04 -1.80452563439283675E-02 3.12455986340165362E-04 3.50396123196450705E-04
7.50783256E-01 1.24429741598967414E-01 4.94929126201059874E-04 -1.83925630370123903E-02 3.12639059896985348E-04 3.51054351652633069E-04
7.58344266E-01 1.24423872831183363E-01 4.95499286663807106E-04 -1.87419984037705961E-02 3.12823098251664125E-04 3.51722187756201379E-04
7.65908624E-01 1.24417991940405107E-01 4.96076365808664202E-04 -1.90935125233470150E-02 3.13008104416336670E-04 3.52399698804961364E-04
7.73476355E-01 1.24412098795244466E-01 4.96660396373962954E-04 -1.94470548182803030E-02 3.13194081683795182E-04 3.53086952129406473E-04
7.81047486E-01 1.24406193264204670E-01 4.97251411357173463E-04 -1.98025739634353840E-02 3.13381033625581486E-04 3.53784015081540888E-04
7.88622041E-01 1.24400275215684267E-01 4.97849444011122001E-04 -2.01600178803556240E-02 3.13568964096752048E-04 3.54490955023745581E-04
7.96200043E-01 1.24394344517976763E-01 4.98454527840167796E-04 -2.05193337274878936E-02 3.13757877244068089E-04 3.55207839317717069E-04
8.03781516E-01 1.24388401039270874E-01 4.99066696596355626E-04 -2.08804678980304657E-02 3.13947777514243169E-04 3.55934735313524124E-04
8.11366482E-01 1.24382444647647070E-01 4.99685984275550967E-04 -2.12433660152691016E-02 3.14138669659723934E-04 3.56671710338790258E-04
8.18954962E-01 1.24376475211076684E-01 5.00312425113575462E-04 -2.16079729309377674E-02 3.14330558740526375E-04 3.57418831688044252E-04
8.26546975E-01 1.24370492597421084E-01 5.00946053582335344E-04 -2.19742327130036837E-02 3.14523450121891404E-04 3.58176166612217005E-04
8.34142543E-01 1.24364496674429045E-01 5.01586904385945302E-04 -2.23420886556150930E-02 3.14717349468336162E-04 3.58943782308312012E-04
8.41741682E-01 1.24358487309730606E-01 5.02235012456863305E-04 -2.27114832660818902E-02 3.14912262735334936E-04 3.59721745909254414E-04
8.49344411E-01 1.24352464370841312E-01 5.02890412951988446E-04 -2.30823582635438507E-02 3.15108196159907795E-04 3.60510124473905876E-04
8.56950746E-01 1.24346427725152128E-01 5.03553141248762586E-04 -2.34546545798472762E-02 3.15305156251375707E-04 3.61308984977259603E-04
8.64560704E-01 1.24340377239932492E-01 5.04223232941249664E-04 -2.38283123540129586E-02 3.15503149783153075E-04 3.62118394300779342E-04
8.72174300E-01 1.24334312782323653E-01 5.04900723836154610E-04 -2.42032709365683670E-02 3.15702183786026661E-04 3.62938419222940420E-04
8.79791547E-01 1.24328234219337780E-01 5.05585649948837499E-04 -2.45794688781022369E-02 3.15902265542964637E-04 3.63769126409889941E-04
8.87412459E-01 1.24322141417857274E-01 5.06278047499250715E-04 -2.49568439377708950E-02 3.16103402585179798E-04 3.64610582406298773E-04
8.95037048E-01 1.24316034244632251E-01 5.06977952907840452E-04 -2.53353330794200068E-02 3.16305602688947971E-04 3.65462853626361320E-04
9.02665326E-01 1.24309912566274425E-01 5.07685402791380235E-04 -2.57148724671351012E-02 3.16508873872691019E-04 3.66326006344968431E-04
9.10297303E-01 1.24303776249260561E-01 5.08400433958758899E-04 -2.60953974742379156E-02 3.16713224393860089E-04 3.67200106689055195E-04
9.17932990E-01 1.24297625159930869E-01 5.09123083406701139E-04 -2.64768426764326430E-02 3.16918662745364899E-04 3.68085220629122323E-04
9.25572394E-01 1.24291459164485890E-01 5.09853388315446637E-04 -2.68591418550423421E-02 3.17125197651398636E-04 3.68981413970984658E-04
9.33215525E-01 1.24285278128985877E-01 5.10591386044376388E-04 -2.72422279991741678E-02 3.17332838062713116E-04 3.69888752347698538E-04
9.40862389E-01 1.24279081919349901E-01 5.11337114127596642E-04 -2.76260333092222705E-02 3.17541593151450714E-04 3.70807301211741492E-04
9.48512992E-01 1.24272870401357066E-01 5.12090610269496705E-04 -2.80104891944089086E-02 3.17751472305734142E-04 3.71737125827433076E-04
9.56167305E-01 1.24266643469347876E-01 5.12851908818858318E-04 -2.83955245629259403E-02 3.17962484150507963E-04 3.72678286906326915E-04
9.63825270E-01 1.24260401039934423E-01 5.13621041406440364E-04 -2.87810661595446909E-02 3.18174636742134882E-04 3.73630841357188088E-04
9.71486893E-01 1.24254142976372384E-01 5.14398046255495640E-04 -2.91670431015151714E-02 3.18387940131899792E-04 3.74594853815656318E-04
9.79152180E-01 1.24247869141757630E-01 5.15182961750542800E-04 -2.95533838300898848E-02 3.18602404566289076E-04 3.75570388714515204E-04
9.86821136E-01 1.24241579399032770E-01 5.15975826432827776E-04 -2.99400160324479574E-02 3.18818040481913024E-04 3.76557510277705581E-04
9.94493766E-01 1.24235273610989960E-01 5.16776678995714295E-04 -3.03268666348797643E-02 3.19034858500493292E-04 3.77556282514557892E-04
1.00217007E+00 1.24228951640264762E-01 5.17585558280038286E-04 -3.07138618139154961E-02 3.19252869423877631E-04 3.78566769214359953E-04
1.00985006E+00 1.24222613349344715E-01 5.18402503269453944E-04 -3.11009269976595427E-02 3.19472084229019057E-04 3.79589033941241311E-04
1.01753372E+00 1.24216258600559154E-01 5.19227553085760711E-04 -3.14879868776064414E-02 3.19692514062917994E-04 3.80623140029432783E-04
1.02522107E+00 1.24209887256084089E-01 5.20060746984229603E-04 -3.18749654117220713E-02 3.19914170237492370E-04 3.81669150578880427E-04
1.03291210E+00 1.24203499177938381E-01 5.20902124348907210E-04 -3.22617858357138049E-02 3.20137064224377947E-04 3.82727128451260503E-04
1.04060681E+00 1.24197094227980087E-01 5.21751724687911553E-04 -3.26483706713115232E-02 3.20361207649685442E-04 3.83797136266353194E-04
1.04830519E+00 1.24190672267909447E-01 5.22609587628726003E-04 -3.30346417331920453E-02 3.20586612288695531E-04 3.84879236398841338E-04
1.05600725E+00 1.24184233159263108E-01 5.23475752913460770E-04 -3.34205201440200203E-02 3.20813290060550482E-04 3.85973490975488143E-04
1.06371298E+00 1.24177776763413766E-01 5.24350260394071247E-04 -3.38059263399608373E-02 3.21041253022902101E-04 3.87079961872716376E-04
1.07142238E+00 1.24171302941570721E-01 5.25233150027586007E-04 -3.41907800844183443E-02 3.21270513366574313E-04 3.88198710714606550E-04
1.07913544E+00 1.24164811554772353E-01 5.26124461871264534E-04 -3.45750004816574169E-02 3.21501083410192080E-04 3.89329798871289377E-04
1.08685215E+00 1.24158302463890438E-01 5.27024236077716255E-04 -3.49585059848768129E-02 3.21732975594820237E-04 3.90473287457751247E-04
1.09457251E+00 1.24151775529629041E-01 5.27932512889992141E-04 -3.53412144144452448E-02 3.21966202478573215E-04 3.91629237333078592E-04
1.10229651E+00 1.24145230612515353E-01 5.28849332636623071E-04 -3.57230429678732503E-02 3.22200776731211655E-04 3.92797709100103302E-04
1.11002413E+00 1.24138667572909714E-01 5.29774735726609627E-04 -3.61039082391534163E-02 3.22436711128728116E-04 3.93978763105517539E-04
1.11775538E+00 1.24132086270996089E-01 5.30708762644378600E-04 -3.64837262274529395E-02 3.22674018547893372E-04 3.95172459440425053E-04
1.12549024E+00 1.24125486566783155E-01 5.31651453944704915E-04 -3.68624123587961844E-02 3.22912711960800225E-04 3.96378857941367924E-04
1.13322870E+00 1.24118868320106365E-01 5.32602850247592785E-04 -3.72398815017188287E-02 3.23152804429382751E-04 3.97598018191830946E-04
1.14097075E+00 1.24112231390623343E-01 5.33562992233133451E-04 -3.76160479813937507E-02 3.23394309099916141E-04 3.98829999524265668E-04
1.14871637E+00 1.24105575637812923E-01 5.34531920636355544E-04 -3.79908256029912322E-02 3.23637239197519910E-04 4.00074861022616749E-04
1.15646555E+00 1.24098900920979485E-01 5.35509676242040323E-04 -3.83641276639654846E-02 3.23881608020636536E-04 4.01332661525398112E-04
1.16421827E+00 1.24092207099242735E-01 5.36496299879551984E-04 -3.87358669825047033E-02 3.24127428935518460E-04 4.02603459629318568E-04
1.17197453E+00 1.24085494031542121E-01 5.37491832417640969E-04 -3.91059559064492052E-02 3.24374715370703913E-04 4.03887313693475727E-04
1.17973430E+00 1.24078761576635332E-01 5.38496314759270584E-04 -3.94743063461093710E-02 3.24623480811504935E-04 4.05184281844136410E-04
1.18749756E+00 1.24072009593093044E-01 5.39509787836419449E-04 -3.98408297877356488E-02 3.24873738794469440E-04 4.06494421980100685E-04
1.19526431E+00 1.24065237939301298E-01 5.40532292604893800E-04 -4.02054373178986624E-02 3.25125502901870431E-04 4.07817791778665949E-04
1.20303452E+00 1.24058446473455070E-01 5.41563870039146310E-04 -4.05680396487853798E-02 3.25378786756189413E-04 4.09154448702213249E-04
1.21080816E+00 1.24051635053559234E-01 5.42604561127068012E-04 -4.09285471415393176E-02 3.25633604014580625E-04 4.10504450005380194E-04
1.21858523E+00 1.24044803537425335E-01 5.43654406864797464E-04 -4.12868698262452843E-02 3.25889968363360361E-04 4.11867852742866939E-04
1.22636570E+00 1.24037951782668424E-01 5.44713448251501835E-04 -4.16429174359471410E-02 3.26147893512486432E-04 4.13244713777847811E-04
1.23414955E+00 1.24031079646706371E-01 5.45781726284135437E-04 -4.19965994246666377E-02 3.26407393190028571E-04 4.14635089791004713E-04
1.24193676E+00 1.24024186986755214E-01 5.46859281952210403E-04 -4.23478249967155149E-02 3.26668481136653587E-04 4.16039037290190025E-04
1.24972730E+00 1.24017273659827551E-01 5.47946156232502631E-04 -4.26965031367662340E-02 3.26931171100102271E-04 4.17456612620684727E-04
1.25752115E+00 1.24010339522732577E-01 5.49042390083780076E-04 -4.30425426330465627E-02 3.27195476829666965E-04 4.18887871976126940E-04
1.26531829E+00 1.24003384432070971E-01 5.50148024441474213E-04 -4.33858521100552522E-02 3.27461412070671450E-04 4.20332871410043774E-04
1.27311869E+00 1.23996408244231207E-01 5.51263100212354335E-04 -4.37263400568799684E-02 3.27728990558957670E-04 4.21791666848021275E-04
1.28092232E+00 1.23989410815390722E-01 5.52387658269172022E-04 -4.40639148552032719E-02 3.27998226015364545E-04 4.23264314100549571E-04
1.28872917E+00 1.23982392001512204E-01 5.53521739445300416E-04 -4.43984848117404546E-02 3.28269132140230843E-04 4.24750868876503133E-04
1.29653919E+00 1.23975351658338562E-01 5.54665384529366657E-04 -4.47299581923165171E-02 3.28541722607887383E-04 4.26251386797294710E-04
1.30435237E+00 1.23968289641393753E-01 5.55818634259882378E-04 -4.50582432441644712E-02 3.28816011061166852E-04 4.27765923411710792E-04
1.31216867E+00 1.23961205805977054E-01 5.56981529319872776E-04 -4.53832482419070718E-02 3.29092011105927985E-04 4.29294534211433702E-04
1.31998808E+00 1.23954100007162615E-01 5.58154110331529553E-04 -4.57048815090889751E-02 3.29369736305586472E-04 4.30837274647255292E-04
1.32781054E+00 1.23946972099792094E-01 5.59336417850848228E-04 -4.60230514576200830E-02 3.29649200175666029E-04 4.32394200145998957E-04
1.33563605E+00 1.23939821938477260E-01 5.60528492362338750E-04 -4.63376666222283587E-02 3.29930416178359116E-04 4.33965366128152830E-04
1.34346456E+00 1.23932649377588688E-01 5.61730374273700442E-04 -4.66486356903730789E-02 3.30213397717121380E-04 4.35550828026207214E-04
1.35129605E+00 1.23925454271260518E-01 5.62942103910562533E-04 -4.69558675422605681E-02 3.30498158131261102E-04 4.37150641303717731E-04
1.35913048E+00 1.23918236473376714E-01 5.64163721511219489E-04 -4.72592712853874067E-02 3.30784710690569961E-04 4.38764861475072826E-04
1.36696781E+00 1.23910995837575061E-01 5.65395267221419583E-04 -4.75587562891288604E-02 3.31073068589963712E-04 4.40393544125980624E-04
1.37480803E+00 1.23903732217236537E-01 5.66636781089160826E-04 -4.78542322212967414E-02 3.31363244944144224E-04 4.42036744934657018E-04
1.38265109E+00 1.23896445465483382E-01 5.67888303059507836E-04 -4.81456090911497256E-02 3.31655252782284561E-04 4.43694519693708163E-04
1.39049695E+00 1.23889135435173256E-01 5.69149872969436452E-04 -4.84327972729433828E-02 3.31949105042736339E-04 4.45366924332725911E-04
1.39834559E+00 1.23881801978892717E-01 5.70421530542700693E-04 -4.87157075621513364E-02 3.32244814567756656E-04 4.47054014941547734E-04
1.40619697E+00 1.23874444948954637E-01 5.71703315384708161E-04 -4.89942511958713495E-02 3.32542394098261256E-04 4.48755847794209952E-04
1.41405106E+00 1.23867064197387966E-01 5.72995266977423322E-04 -4.92683399039426165E-02 3.32841856268590599E-04 4.50472479373564382E-04
1.42190781E+00 1.23859659575937919E-01 5.74297424674281398E-04 -4.95378859403202837E-02 3.33143213601317994E-04 4.52203966396564315E-04
1.42976718E+00 1.23852230936053770E-01 5.75609827695138052E-04 -4.98028021253523676E-02 3.33446478502064678E-04 4.53950365840199445E-04
1.43762916E+00 1.23844778128886057E-01 5.76932515121220580E-04 -5.00630018830982709E-02 3.33751663254353102E-04 4.55711734968099321E-04
1.44549368E+00 1.23837301005280176E-01 5.78265525890130495E-04 -5.03183992807755415E-02 3.34058780014487549E-04 4.57488131357751968E-04
1.45336072E+00 1.23829799415766731E-01 5.79608898790860867E-04 -5.05689188461994898E-02 3.34367840806514818E-04 4.59279612928100681E-04
1.46123025E+00 1.23822273210558761E-01 5.80962672458871219E-04 -5.08144465387387681E-02 3.34678857516963562E-04 4.61086237969294209E-04
1.46910221E+00 1.23814722239540681E-01 5.82326885371184659E-04 -5.10549302048843717E-02 3.34991841890129854E-04 4.62908065169983769E-04
1.47697657E+00 1.23807146352261851E-01 5.83701575841552014E-04 -5.12902732172331385E-02 3.35306805522890149E-04 4.64745153648326236E-04
1.48485329E+00 1.23799545397929381E-01 5.85086782015670822E-04 -5.15203951006465918E-02 3.35623759859809251E-04 4.66597562982089080E-04
1.49273233E+00 1.23791919225397895E-01 5.86482541866452573E-04 -5.17452147415881844E-02 3.35942716188242978E-04 4.68465353239660553E-04
1.50061366E+00 1.23784267683163127E-01 5.87888893189377013E-04 -5.19646518159454021E-02 3.36263685633482988E-04 4.70348585011658301E-04
1.50849722E+00 1.23776590619348675E-01 5.89305873597896967E-04 -5.21786269618067858E-02 3.36586679153949651E-04 4.72247319443137436E-04
1.51638298E+00 1.23768887881700596E-01 5.90733520518927301E-04 -5.23870618164440777E-02 3.36911707536432777E-04 4.74161618266381575E-04
1.52427090E+00 1.23761159317573602E-01 5.92171871188414871E-04 -5.25898790543335368E-02 3.37238781391386178E-04 4.76091543834242822E-04
1.53216094E+00 1.23753404773922715E-01 5.93620962646969840E-04 -5.27870024267851068E-02 3.37567911148269778E-04 4.78037159154032839E-04
1.54005305E+00 1.23745624097290494E-01 5.95080831735583836E-04 -5.29783568015123538E-02 3.37899107050952316E-04 4.79998527921952824E-04
1.54794719E+00 1.23737817133796710E-01 5.96551515091431491E-04 -5.31638681984394554E-02 3.38232379153164753E-04 4.81975714558015777E-04
1.55584332E+00 1.23729983729124943E-01 5.98033049143750035E-04 -5.33434638290171542E-02 3.38567737314012646E-04 4.83968784241455019E-04
1.56374140E+00 1.23722123728511435E-01 5.99525470109781998E-04 -5.35170721362009522E-02 3.38905191193551736E-04 4.85977802946628145E-04
1.57164138E+00 1.23714236976731423E-01 6.01028813990831206E-04 -5.36846228258903713E-02 3.39244750248416391E-04 4.88002837479329288E-04
1.57954319E+00 1.23706323356759768E-01 6.02543109151970429E-04 -5.38460461405406710E-02 3.39586422055027440E-04 4.90043945513945253E-04
1.58744675E+00 1.23698382732694845E-01 6.04068387161113530E-04 -5.40012741305024926E-02 3.39930214756646555E-04 4.92101190227271757E-04
1.59535204E+00 1.23690414948417829E-01 6.05604683109642133E-04 -5.41502406638122297E-02 3.40276137128000991E-04 4.94174640788708121E-04
1.60325899E+00 1.23682419847238781E-01 6.07152031868344786E-04 -5.42928810222313360E-02 3.40624197725886374E-04 4.96264367361356888E-04
1.61116758E+00 1.23674397271880232E-01 6.08710468084455139E-04 -5.44291319331517351E-02 3.40974404885260700E-04 4.98370441140997037E-04
1.61907776E+00 1.23666347064457505E-01 6.10280026178750511E-04 -5.45589316048292680E-02 3.41326766715419484E-04 5.00492934395345011E-04
1.62698947E+00 1.23658269066461268E-01 6.11860740342792158E-04 -5.46822197598568413E-02 3.41681291096244044E-04 5.02631920503614216E-04
1.63490269E+00 1.23650163118739193E-01 6.13452644536256080E-04 -5.47989376664401520E-02 3.42037985674541070E-04 5.04787473996403898E-04
1.64281737E+00 1.23642029061475991E-01 6.15055772484435128E-04 -5.49090281696767712E-02 3.42396857860471535E-04 5.06959670595857675E-04
1.65073346E+00 1.23633866734173897E-01 6.16670157675833479E-04 -5.50124357218803248E-02 3.42757914824077506E-04 5.09148587256100043E-04
1.65865092E+00 1.23625675975632177E-01 6.18295833359942620E-04 -5.51091064114020909E-02 3.43121163491893414E-04 5.11354302203924642E-04
1.66656971E+00 1.23617456623923830E-01 6.19932832545117495E-04 -5.51989879886981144E-02 3.43486610543669818E-04 5.13576894979697520E-04
1.67448978E+00 1.23609208516375552E-01 6.21581187996634926E-04 -5.52820298955957884E-02 3.43854262409192728E-04 5.15816446478473546E-04
1.68241110E+00 1.23600931489544791E-01 6.23240932234862496E-04 -5.53581832876491875E-02 3.44224125265206156E-04 5.18073038991285649E-04
1.69033361E+00 1.23592625379192161E-01 6.24912097533597338E-04 -5.54274010577824952E-02 3.44596205032449317E-04 5.20346756246577603E-04
1.69825729E+00 1.23584290020265317E-01 6.26594715918543047E-04 -5.54896378579047903E-02 3.44970507372800944E-04 5.22637683451796843E-04
1.70618207E+00 1.23575925246864463E-01 6.28288819165951501E-04 -5.55448501199843417E-02 3.45347037686536914E-04 5.24945907335060569E-04
1.71410793E+00 1.23567530892223915E-01 6.29994438801400529E-04 -5.55929960726218447E-02 3.45725801109707394E-04 5.27271516186940035E-04
1.72203482E+00 1.23559106788681317E-01 6.31711606098750694E-04 -5.56340357589086079E-02 3.46106802511640741E-04 5.29614599902295782E-04
1.72996269E+00 1.23550652767653424E-01 6.33440352079252017E-04 -5.56679310426019883E-02 3.46490046492563351E-04 5.31975250022154850E-04
1.73789151E+00 1.23542168659605989E-01 6.35180707510822661E-04 -5.56946455869177376E-02 3.46875537381355630E-04 5.34353559775635348E-04
1.74582124E+00 1.23533654294026365E-01 6.36932702907507800E-04 -5.57141447084973582E-02 3.47263279233440080E-04 5.36749624121859547E-04
1.75375183E+00 1.23525109499393285E-01 6.38696368529108392E-04 -5.57263944943003631E-02 3.47653275828808429E-04 5.39163539791886700E-04
1.76168325E+00 1.23516534103147238E-01 6.40471734381005213E-04 -5.57313513149842663E-02 3.48045530670182878E-04 5.41595405330660604E-04
1.76961545E+00 1.23507927931659489E-01 6.42258830214154737E-04 -5.57291720740352090E-02 3.48440046981381667E-04 5.44045321138060642E-04
1.77754840E+00 1.23499290810200196E-01 6.44057685525331884E-04 -5.57192969242640418E-02 3.48836827705639317E-04 5.46513389513476368E-04
1.78548205E+00 1.23490622562904551E-01 6.45868329557480986E-04 -5.57023691426940179E-02 3.49235875504436567E-04 5.48999714693286208E-04
1.79341636E+00 1.23481923012741038E-01 6.47690791300390258E-04 -5.56779620973042663E-02 3.49637192756132534E-04 5.51504402895897929E-04
1.80135130E+00 1.23473191981476216E-01 6.49525099491501273E-04 -5.56461614198654614E-02 3.50040781554963681E-04 5.54027562362021547E-04
1.80928683E+00 1.23464429289640784E-01 6.51371282616952933E-04 -5.56069420577571735E-02 3.50446643710149988E-04 5.56569303396329683E-04
1.81722291E+00 1.23455634756492141E-01 6.53229368912863761E-04 -5.55602871465690137E-02 3.50854780745190557E-04 5.59129738408798847E-04
1.82515951E+00 1.23446808199978608E-01 6.55099386366824734E-04 -5.55061820019033397E-02 3.51265193897326003E-04 5.61708981955923322E-04
1.83309658E+00 1.23437949436702193E-01 6.56981362719612542E-04 -5.54446140072745730E-02 3.51677884117180563E-04 5.64307150781798291E-04
1.84103410E+00 1.23429058281878071E-01 6.58875325467156328E-04 -5.53755725566266593E-02 3.52092852068599247E-04 5.66924363859027769E-04
1.84897201E+00 1.23420134549299135E-01 6.60781301862725938E-04 -5.52990490524144160E-02 3.52510098128665022E-04 5.69560742429464791E-04
1.85691030E+00 1.23411178051293230E-01 6.62699318919337762E-04 -5.52150369062307245E-02 3.52929622387908608E-04 5.72216410044788012E-04
1.86484892E+00 1.23402188598684279E-01 6.64629403412436942E-04 -5.51235315387684291E-02 3.53351424650719277E-04 5.74891492606866765E-04
1.87278785E+00 1.23393166000750495E-01 6.66571581882791108E-04 -5.50245303770344404E-02 3.53775504435954833E-04 5.77586118407944198E-04
1.88072704E+00 1.23384110065181185E-01 6.68525880639630555E-04 -5.49180328516934019E-02 3.54201860977747815E-04 5.80300418170607906E-04
1.88866647E+00 1.23375020598035290E-01 6.70492325764058161E-04 -5.48040403917102181E-02 3.54630493226527964E-04 5.83034525087572451E-04
1.89660610E+00 1.23365897403699007E-01 6.72470943112687004E-04 -5.46825564175762793E-02 3.55061399850258204E-04 5.85788574861210239E-04
1.90454591E+00 1.23356740284838035E-01 6.74461758321538924E-04 -5.45535863343059382E-02 3.55494579235870187E-04 5.88562705742916954E-04
1.91248586E+00 1.23347549042355453E-01 6.76464796810214591E-04 -5.44171375218729519E-02 3.55930029490940684E-04 5.91357058572225557E-04
1.92042591E+00 1.23338323475347719E-01 6.78480083786306746E-04 -5.42732193252007250E-02 3.56367748445572132E-04 5.94171776815738254E-04
1.92836606E+00 1.23329063381052165E-01 6.80507644250111818E-04 -5.41218430424889180E-02 3.56807733654512197E-04 5.97007006605825680E-04
1.93630625E+00 1.23319768554808848E-01 6.82547502999571176E-04 -5.39630219129210303E-02 3.57249982399492018E-04 5.99862896779130173E-04
1.94424647E+00 1.23310438790004501E-01 6.84599684635536451E-04 -5.37967711020567035E-02 3.57694491691809915E-04 6.02739598914884297E-04
1.95218670E+00 1.23301073878030590E-01 6.86664213567282807E-04 -5.36231076879428448E-02 3.58141258275139257E-04 6.05637267373002768E-04
1.96012690E+00 1.23291673608229610E-01 6.88741114018310945E-04 -5.34420506437598003E-02 3.58590278628582657E-04 6.08556059332022049E-04
1.96806704E+00 1.23282237767849634E-01 6.90830410032448991E-04 -5.32536208208132175E-02 3.59041548969966863E-04 6.11496134826837196E-04
1.97600712E+00 1.23272766141992660E-01 6.92932125480233679E-04 -5.30578409303699150E-02 3.59495065259376231E-04 6.14457656786280529E-04
1.98394709E+00 1.23263258513559723E-01 6.95046284065583067E-04 -5.28547355252086820E-02 3.59950823202937289E-04 6.17440791070530070E-04
1.99188694E+00 1.23253714663207212E-01 6.97172909332769916E-04 -5.26443309764940068E-02 3.60408818256851269E-04 6.20445706508370972E-04
1.99982666E+00 1.23244134369287453E-01 6.99312024673673588E-04 -5.24266554543346766E-02 3.60869045631666784E-04 6.23472574934309169E-04
2.00776621E+00 1.23234517407800212E-01 7.01463653335350056E-04 -5.22017389054352521E-02 3.61331500296812604E-04 6.26521571225561536E-04
2.01570558E+00 1.23224863552338915E-01 7.03627818427870469E-04 -5.19696130285052793E-02 3.61796176985370915E-04 6.29592873338923314E-04
2.02364474E+00 1.23215172574034748E-01 7.05804542932483674E-04 -5.17303112511616203E-02 3.62263070199113433E-04 6.32686662347514976E-04
2.03158369E+00 1.23205444241503523E-01 7.07993849710048602E-04 -5.14838687021788241E-02 3.62732174213770359E-04 6.35803122477468377E-04
2.03952241E+00 1.23195678320792021E-01 7.10195761509779659E-04 -5.12303221906400194E-02 3.63203483084571246E-04 6.38942441144503613E-04
2.04746087E+00 1.23185874575320375E-01 7.12410300978285498E-04 -5.09697405448462232E-02 3.63676990651773998E-04 6.42104808991425936E-04
2.05539907E+00 1.23176032765828822E-01 7.14637490668917018E-04 -5.07020669613214917E-02 3.64152690547663613E-04 6.45290419920790817E-04
2.06333699E+00 1.23166152650315400E-01 7.16877353051330346E-04 -5.04274531218014896E-02 3.64630576201373897E-04 6.48499471137052304E-04
2.07127463E+00 1.23156233983983662E-01 7.19129910521498902E-04 -5.01458917111434616E-02 3.65110640846389931E-04 6.51732163179255400E-04
2.07921196E+00 1.23146276519186332E-01 7.21395185411869452E-04 -4.98574342110335786E-02 3.65592877527058213E-04 6.54988699958450804E-04
2.08714897E+00 1.23136280005362378E-01 7.23673200001928520E-04 -4.95621272230442472E-02 3.66077279105604485E-04 6.58269288794202808E-04
2.09508567E+00 1.23126244188981507E-01 7.25963976528978491E-04 -4.92600185234568014E-02 3.66563838269382220E-04 6.61574140451162262E-04
2.10302204E+00 1.23116168813483237E-01 7.28267537199273453E-04 -4.89511573115514326E-02 3.67052547538355078E-04 6.64903469175729843E-04
2.11095808E+00 1.23106053619218822E-01 7.30583904199421318E-04 -4.86355941951829157E-02 3.67543399272824887E-04 6.68257492732840215E-04
2.11889377E+00 1.23095898343389840E-01 7.32913099708080084E-04 -4.83133811605315627E-02 3.68036385681365830E-04 6.71636432442850495E-04
2.12682912E+00 1.23085702719987380E-01 7.35255145907970039E-04 -4.79845715390328983E-02 3.68531498829010879E-04 6.75040513218629827E-04
2.13476412E+00 1.23075466479730791E-01 7.37610064998148879E-04 -4.76492199747167167E-02 3.69028730645640051E-04 6.78469963602814090E-04
2.14269877E+00 1.23065189350005544E-01 7.39977879206607861E-04 -4.73073823902930013E-02 3.69528072934585715E-04 6.81925015805268878E-04
2.15063307E+00 1.23054871054801646E-01 7.42358610803132610E-04 -4.69591159535246647E-02 3.70029517381454916E-04 6.85405905740814098E-04
2.15856702E+00 1.23044511314650468E-01 7.44752282112466635E-04 -4.66044790421584199E-02 3.70533055563136975E-04 6.88912873067212242E-04
2.16650062E+00 1.23034109846558382E-01 7.47158915527744807E-04 -4.62435312106413490E-02 3.71038678957028912E-04 6.92446161223425442E-04
2.17443387E+00 1.23023666363947515E-01 7.49578533524222291E-04 -4.58763331561978724E-02 3.71546378950426319E-04 6.96006017468236700E-04
2.18236679E+00 1.23013180576587514E-01 7.52011158673261508E-04 -4.55029466822952228E-02 3.72056146850107869E-04 6.99592692919172743E-04
2.19029937E+00 1.23002652192631359E-01 7.54456813167881800E-04 -4.51234347405225361E-02 3.72567973789873687E-04 7.03206441868910659E-04
2.19823150E+00 1.22992081066986961E-01 7.56915484237235094E-04 -4.47378668975263530E-02 3.73081843514772992E-04 7.06847470519003673E-04
2.20616319E+00 1.22981466905248846E-01 7.59387193002495318E-04 -4.43463084705935651E-02 3.73597746799030474E-04 7.10516038724376799E-04
2.21409445E+00 1.22970809409276474E-01 7.61871960707509216E-04 -4.39488258271905560E-02 3.74115674372158490E-04 7.14212410273454192E-04
2.22202529E+00 1.22960108277091362E-01 7.64369808734244815E-04 -4.35454862578482163E-02 3.74635616929445254E-04 7.17936852927374852E-04
2.22995570E+00 1.22949363202803363E-01 7.66880758618657750E-04 -4.31363579532738281E-02 3.75157565142574759E-04 7.21689638460193210E-04
2.23788570E+00 1.22938573876534604E-01 7.69404832066889681E-04 -4.27215099755623093E-02 3.75681509670361305E-04 7.25471042699709213E-04
2.24581531E+00 1.22927739984351164E-01 7.71942050971738511E-04 -4.23010122161856655E-02 3.76207441169574435E-04 7.29281345568976130E-04
2.25374452E+00 1.22916861208191092E-01 7.74492437429426120E-04 -4.18749353688134332E-02 3.76735350305859411E-04 7.33120831128409450E-04
2.26167337E+00 1.22905937225793613E-01 7.77056013756585533E-04 -4.14433508836906661E-02 3.77265227764718978E-04 7.36989787618577957E-04
2.26960186E+00 1.22894967710631672E-01 7.79632802507514481E-04 -4.10063309463744377E-02 3.77797064262570446E-04 7.40888507503643262E-04
2.27753000E+00 1.22883952331836410E-01 7.82222826491659352E-04 -4.05639484307304121E-02 3.78330850557826337E-04 7.44817287515522073E-04
2.28545782E+00 1.22872890754124164E-01 7.84826108791360656E-04 -4.01162768744885712E-02 3.78866577462016411E-04 7.48776428698816831E-04
2.29338534E+00 1.22861782637727984E-01 7.87442672779796568E-04 -3.96633904369036241E-02 3.79404235850922195E-04 7.52766236456478945E-04
2.30131258E+00 1.22850627638318582E-01 7.90072542139180290E-04 -3.92053638753612210E-02 3.79943816675704701E-04 7.56787020596327354E-04
2.30923955E+00 1.22839425406935362E-01 7.92715740879159389E-04 -3.87422725016437347E-02 3.80485310974019335E-04 7.60839095378375145E-04
2.31716628E+00 1.22828175589906094E-01 7.95372293355437734E-04 -3.82741921588207468E-02 3.81028709881092546E-04 7.64922779563076980E-04
2.32509280E+00 1.22816877828776608E-01 7.98042224288615675E-04 -3.78011991787104290E-02 3.81574004640738182E-04 7.69038396460444327E-04
2.33301913E+00 1.22805531760230666E-01 8.00725558783211069E-04 -3.73233703620950014E-02 3.82121186616327937E-04 7.73186273980135488E-04
2.34094530E+00 1.22794137016014396E-01 8.03422322346894436E-04 -3.68407829360778774E-02 3.82670247301643187E-04 7.77366744682531281E-04
2.34887133E+00 1.22782693222859896E-01 8.06132540909918621E-04 -3.63535145312799055E-02 3.83221178331641767E-04 7.81580145830811980E-04
2.35679727E+00 1.22771200002404574E-01 8.08856240844715965E-04 -3.58616431457272275E-02 3.83773971493096811E-04 7.85826819444099701E-04
2.36472314E+00 1.22759656971113948E-01 8.11593448985684779E-04 -3.53652471196819682E-02 3.84328618735083158E-04 7.90107112351678487E-04
2.37264897E+00 1.22748063740202432E-01 8.14344192649151238E-04 -3.48644051006251274E-02 3.84885112179312184E-04 7.94421376248369390E-04
2.38057469E+00 1.22736420067375465E-01 8.17108463533196944E-04 -3.43592027240880657E-02 3.85443436841244726E-04 7.98769910840440678E-04
2.38850024E+00 1.22724725711315541E-01 8.19886252236064423E-04 -3.38497261696665830E-02 3.86003577650175303E-04 8.03153017551924567E-04
2.39642565E+00 1.22712980276805175E-01 8.22677585163960430E-04 -3.33360553433856982E-02 3.86565526881441643E-04 8.07571057997429976E-04
2.40435096E+00 1.22701183363250949E-01 8.25482489267681269E-04 -3.28182704418055263E-02 3.87129277022258973E-04 8.12024398781785862E-04
2.41227619E+00 1.22689334564543853E-01 8.28300992063362796E-04 -3.22964518175782242E-02 3.87694820781084271E-04 8.16513411558633683E-04
2.42020139E+00 1.22677433468956723E-01 8.31133121653944039E-04 -3.17706799585833963E-02 3.88262151096707524E-04 8.21038473091533568E-04
2.42812660E+00 1.22665479659053112E-01 8.33978906750855583E-04 -3.12410354696075823E-02 3.88831261147043190E-04 8.25599965316900952E-04
2.43605185E+00 1.22653472711595796E-01 8.36838376695944633E-04 -3.07075990406006846E-02 3.89402144357595657E-04 8.30198275408450042E-04
2.44397720E+00 1.22641412197464328E-01 8.39711561483510766E-04 -3.01704514247861724E-02 3.89974794409573894E-04 8.34833795843199604E-04
2.45190267E+00 1.22629297681561181E-01 8.42598491782468547E-04 -2.96296734125754309E-02 3.90549205247641600E-04 8.39506924468994583E-04
2.45982833E+00 1.22617128722726551E-01 8.45499198958616608E-04 -2.90853458135626394E-02 3.91125371087261918E-04 8.44218064573588108E-04
2.46775420E+00 1.22604904873649084E-01 8.48413715097028369E-04 -2.85375494281761809E-02 3.91703286421653132E-04 8.48967624955352827E-04
2.47568035E+00 1.22592625680773726E-01 8.51342073024489283E-04 -2.79863650274842224E-02 3.92282946028291385E-04 8.53756019995637744E-04
2.48360682E+00 1.22580290684211779E-01 8.54284306332079462E-04 -2.74318733350873666E-02 3.92864344974971154E-04 8.58583669732804916E-04
2.49153366E+00 1.22567899417649701E-01 8.57240449397800330E-04 -2.68741550015918658E-02 3.93447478625402281E-04 8.63450999938040337E-04
2.49946092E+00 1.22555451408256799E-01 8.60210537409299386E-04 -2.63132905909231572E-02 3.94032342644292061E-04 8.68358442192961781E-04
2.50738863E+00 1.22542946222955557E-01 8.63194595299907963E-04 -2.57493626806125954E-02 3.94618930824733544E-04 8.73306415551922751E-04
2.51531659E+00 1.22530383755136002E-01 8.66192569175480839E-04 -2.51824689984351917E-02 3.95207221664249089E-04 8.78295211933190364E-04
2.52324488E+00 1.22517763522990181E-01 8.69204494043968436E-04 -2.46126899883059476E-02 3.95797211325009933E-04 8.83325274390995836E-04
2.53117352E+00 1.22505085038087130E-01 8.72230405809796454E-04 -2.40401062021628302E-02 3.96388896287853032E-04 8.88397052001838896E-04
2.53910259E+00 1.22492347805159121E-01 8.75270341295867368E-04 -2.34647979789453093E-02 3.96982273354712389E-04 8.93510999946084839E-04
2.54703214E+00 1.22479551321967514E-01 8.78324338266843344E-04 -2.28868454526124296E-02 3.97577339650474499E-04 8.98667579594836555E-04
2.55496223E+00 1.22466695079183854E-01 8.81392435452892867E-04 -2.23063285285399447E-02 3.98174092624224967E-04 9.03867258599974155E-04
2.56289291E+00 1.22453778560290591E-01 8.84474672573592959E-04 -2.17233268665125261E-02 3.98772530049843572E-04 9.09110510986797880E-04
2.57082424E+00 1.22440801241476119E-01 8.87571090361912699E-04 -2.11379198750601925E-02 3.99372650025970005E-04 9.14397817249039445E-04
2.57875629E+00 1.22427762591531389E-01 8.90681730588210744E-04 -2.05501866893227428E-02 3.99974450975269325E-04 9.19729664446290620E-04
2.58668912E+00 1.22414662071745908E-01 8.93806636084275882E-04 -1.99602061626184997E-02 4.00577931643017449E-04 9.25106546303847079E-04
2.59462280E+00 1.22401499135805794E-01 8.96945850767339077E-04 -1.93680568575959229E-02 4.01183091095001277E-04 9.30528963315016750E-04
2.60255738E+00 1.22388273229684347E-01 9.00099419664148175E-04 -1.87738170236065004E-02 4.01789928714661705E-04 9.35997422846015950E-04
2.61049294E+00 1.22374983791540423E-01 9.03267388934991659E-04 -1.81775646000979715E-02 4.02398444199540423E-04 9.41512439243427581E-04
2.61842940E+00 1.22361630493156140E-01 9.06449748222743889E-04 -1.75793881983776178E-02 4.03008626509916809E-04 9.47074432934990706E-04
2.62636666E+00 1.22348213050518212E-01 9.09646475911482272E-04 -1.69793782239200559E-02 4.03620462612335742E-04 9.52683808058057600E-04
2.63430478E+00 1.22334730889871762E-01 9.12857618862668459E-04 -1.63776118049480494E-02 4.04233952707824622E-04 9.58341092818951017E-04
2.64224384E+00 1.22321183429459038E-01 9.16083225173699393E-04 -1.57741658987905209E-02 4.04849097293843053E-04 9.64046822734921510E-04
2.65018390E+00 1.22307570079296574E-01 9.19323344200581225E-04 -1.51691170790064448E-02 4.05465897156926476E-04 9.69801540749170112E-04
2.65812503E+00 1.22293890241022621E-01 9.22578026581877177E-04 -1.45625415272373753E-02 4.06084353364514052E-04 9.75605797352416238E-04
2.66606731E+00 1.22280143307772399E-01 9.25847324263058503E-04 -1.39545150254711276E-02 4.06704467255955635E-04 9.81460150708629358E-04
2.67401081E+00 1.22266328664059079E-01 9.29131290520965173E-04 -1.33451129470766316E-02 4.07326240432698066E-04 9.87365166784289318E-04
2.68195560E+00 1.22252445685651620E-01 9.32429979988247263E-04 -1.27344102591549560E-02 4.07949674747640635E-04 9.93321419480952712E-04
2.68990177E+00 1.22238493739460011E-01 9.35743448677791808E-04 -1.21224815063262544E-02 4.08574772293640804E-04 9.99329490771075661E-04
2.69784938E+00 1.22224472183414978E-01 9.39071754007079844E-04 -1.15094008135218067E-02 4.09201535391183306E-04 1.00538997083721507E-03
2.70579851E+00 1.22210380366345919E-01 9.42414954822493132E-04 -1.08952418814231983E-02 4.09829966575215384E-04 1.01150345821454809E-03
2.71374915E+00 1.22196217815196947E-01 9.45773066928228164E-04 -1.02800862444239367E-02 4.10460060241293260E-04 1.01767047804126438E-03
2.72170111E+00 1.22181984302613983E-01 9.49146047140750826E-04 -9.66402597937093995E-03 4.11091799718970989E-04 1.02389145091870545E-03
2.72965449E+00 1.22167679162188916E-01 9.52533955899415702E-04 -9.04713343757301142E-03 4.11725187722327367E-04 1.03016699244491390E-03
2.73760936E+00 1.22153301718209761E-01 9.55936855184141387E-04 -8.42948081130100516E-03 4.12360227124229650E-04 1.03649772704412948E-03
2.74556580E+00 1.22138851285386291E-01 9.59354808536929293E-04 -7.81113982239283432E-03 4.12996920939205593E-04 1.04288428811739669E-03
2.75352390E+00 1.22124327168677563E-01 9.62787881085138005E-04 -7.19218173289425805E-03 4.13635272305491394E-04 1.04932731820211469E-03
2.76148373E+00 1.22109728663141709E-01 9.66236139565308620E-04 -6.57267733055546654E-03 4.14275284466321294E-04 1.05582746913708342E-03
2.76944539E+00 1.22095055053805301E-01 9.69699652347084094E-04 -5.95269693481790055E-03 4.14916960750495798E-04 1.06238540223175452E-03
2.77740895E+00 1.22080305615522383E-01 9.73178489457083911E-04 -5.33231039589499370E-03 4.15560304552283931E-04 1.06900178843943741E-03
2.78537450E+00 1.22065479612844280E-01 9.76672722602708616E-04 -4.71158709320003942E-03 4.16205319310688734E-04 1.07567730853428811E-03
2.79334213E+00 1.22050576299883556E-01 9.80182425195830600E-04 -4.09059593622027127E-03 4.16852008488159177E-04 1.08241265329207998E-03
2.80131189E+00 1.22035594976294182E-01 9.83707659151632696E-04 -3.46940772902152922E-03 4.17500373119161663E-04 1.08920849812009653E-03
2.80928354E+00 1.22020535535389552E-01 9.87248345870778881E-04 -2.84811800824807428E-03 4.18150388146973980E-04 1.09606525216992255E-03
2.81725714E+00 1.22005397212352151E-01 9.90804561245963843E-04 -2.22679397484991598E-03 4.18802056636955182E-04 1.10298362740890031E-03
2.82523280E+00 1.21990179231714777E-01 9.94376382988969038E-04 -1.60550271952384607E-03 4.19455381594549092E-04 1.10996434643033750E-03
2.83321060E+00 1.21974880807031894E-01 9.97963890650013308E-04 -9.84310863078156862E-04 4.20110365942480543E-04 1.11700814263906750E-03
2.84119062E+00 1.21959501140681298E-01 1.00156716563943086E-03 -3.63284533563538309E-04 4.20767012497592755E-04 1.12411576044827767E-03
2.84917298E+00 1.21944039423693709E-01 1.00518629125003118E-03 2.57510620430138491E-04 4.21425323947559490E-04 1.13128795548250141E-03
2.85715775E+00 1.21928494835601656E-01 1.00882135267957632E-03 8.78009437703531855E-04 4.22085302827561633E-04 1.13852549478489279E-03
2.86514502E+00 1.21912866544285375E-01 1.01247243705316421E-03 1.49814723162249291E-03 4.22746951497056541E-04 1.14582915702814321E-03
2.87313490E+00 1.21897153705828459E-01 1.01613963344549798E-03 2.11785979360282206E-03 4.23410272116668486E-04 1.15319973272884043E-03
2.88112747E+00 1.21881355464359242E-01 1.01982303290300367E-03 2.73708338797127139E-03 4.24075266625341158E-04 1.16063802446502860E-03
2.88912264E+00 1.21865471337969059E-01 1.02352263843638949E-03 3.35573951990008950E-03 4.24741920514089450E-04 1.16814466396841917E-03
2.89712029E+00 1.21849500867411698E-01 1.02723844726922988E-03 3.97374939031460480E-03 4.25410217731429221E-04 1.17572027600729200E-03
2.90512052E+00 1.21833443173799391E-01 1.03097055383589401E-03 4.59105097092264193E-03 4.26080159138406838E-04 1.18336568963782105E-03
2.91312343E+00 1.21817297365944155E-01 1.03471905464992469E-03 5.20758249580194257E-03 4.26751745294634284E-04 1.19108174672292143E-03
2.92112911E+00 1.21801062540066965E-01 1.03848404832203832E-03 5.82328267258755156E-03 4.27424976438267406E-04 1.19886930215086095E-03
2.92913766E+00 1.21784737779588592E-01 1.04226563557968362E-03 6.43809067702649524E-03 4.28099852466396933E-04 1.20672922406260454E-03
2.93714917E+00 1.21768322154956435E-01 1.04606391928700727E-03 7.05194615334951529E-03 4.28776372916078350E-04 1.21466239408326497E-03
2.94516376E+00 1.21751814723473434E-01 1.04987900446473379E-03 7.66478921358996167E-03 4.29454536946137738E-04 1.22266970755598018E-03
2.95318150E+00 1.21735214529131719E-01 1.05371099830987402E-03 8.27656042280422791E-03 4.30134343319780522E-04 1.23075207377764230E-03
2.96120252E+00 1.21718520602442232E-01 1.05756001021519428E-03 8.88720080459975102E-03 4.30815790388097719E-04 1.23891041623584784E-03
2.96922676E+00 1.21701732245340061E-01 1.06142608607750913E-03 9.49664136991821076E-03 4.31498864479399789E-04 1.24714553251244089E-03
2.97725405E+00 1.21684849062205641E-01 1.06530920151412523E-03 1.01048025107481881E-02 4.32183538807846585E-04 1.25545807642001407E-03
2.98528448E+00 1.21667870056168317E-01 1.06920947008026768E-03 1.07116270957461953E-02 4.32869810180967676E-04 1.26384900337447154E-03
2.99331817E+00 1.21650783082296224E-01 1.07312674964310387E-03 1.13146532849417898E-02 4.33557722648158323E-04 1.27231825917835969E-03
3.00135520E+00 1.21633594601965891E-01 1.07706133007150965E-03 1.19187198277693820E-02 4.34247241933858003E-04 1.28086749926146180E-03
3.00939568E+00 1.21616306123069368E-01 1.08101339229345990E-03 1.25212956713609287E-02 4.34938354124796871E-04 1.28949794658657054E-03
3.01743972E+00 1.21598917443201560E-01 1.08498307997863426E-03 1.31223086887957505E-02 4.35631051164539799E-04 1.29821069171137541E-03
3.02548741E+00 1.21581427780561066E-01 1.08897052575049683E-03 1.37217032287668596E-02 4.36325326552160361E-04 1.30700679254265161E-03
3.03353886E+00 1.21563836150048565E-01 1.09297586005866940E-03 1.43194246608270275E-02 4.37021173944832661E-04 1.31588730719577030E-03
3.04159417E+00 1.21546141488555290E-01 1.09699921420383368E-03 1.49154187138985372E-02 4.37718586704630435E-04 1.32485330497512997E-03
3.04965325E+00 1.21528343153356380E-01 1.10104061770372819E-03 1.55096162831435038E-02 4.38417539842579954E-04 1.33390563731715004E-03
3.05771596E+00 1.21510440535641709E-01 1.10510009009274547E-03 1.61019474309373502E-02 4.39118005936030157E-04 1.34304513958215048E-03
3.06578242E+00 1.21492432509993781E-01 1.10917776677756964E-03 1.66923596222095620E-02 4.39819976758631698E-04 1.35227291610078167E-03
3.07385273E+00 1.21474317934346029E-01 1.11327378560632144E-03 1.72808006578837638E-02 4.40523443583259978E-04 1.36159008824551331E-03
3.08192700E+00 1.21456095650295109E-01 1.11738828689425659E-03 1.78672187526747635E-02 4.41228397182400844E-04 1.37099779467069914E-03
3.09000533E+00 1.21437764483077998E-01 1.12152141343919531E-03 1.84515625278108136E-02 4.41934827830565871E-04 1.38049719151879676E-03
3.09808783E+00 1.21419323241426694E-01 1.12567331053305998E-03 1.90337810039709170E-02 4.42642725308147670E-04 1.39008945261065919E-03
3.10617460E+00 1.21400770717387127E-01 1.12984412597158588E-03 1.96138236020141840E-02 4.43352078906545950E-04 1.39977576962508113E-03
3.11426576E+00 1.21382105686117375E-01 1.13403401006292675E-03 2.01916401265476025E-02 4.44062877434573408E-04 1.40955735226887930E-03
3.12236140E+00 1.21363326905683799E-01 1.13824311563528991E-03 2.07671807689634863E-02 4.44775109226196890E-04 1.41943542843725478E-03
3.13046127E+00 1.21344433995497172E-01 1.14247140147960427E-03 2.13403693865297714E-02 4.45488729020655761E-04 1.42941077938466259E-03
3.13856540E+00 1.21325425853033173E-01 1.14671898746767178E-03 2.19111526598888724E-02 4.46203718105527513E-04 1.43948457203629766E-03
3.14667390E+00 1.21306301199020056E-01 1.15098603172736303E-03 2.24794824756856873E-02 4.46920063388750151E-04 1.44965807528383834E-03
3.15478688E+00 1.21287058736387218E-01 1.15527269493249105E-03 2.30453110591193229E-02 4.47637751362503110E-04 1.45993257649621464E-03
3.16290445E+00 1.21267697150039461E-01 1.15957914030492956E-03 2.36085910086733589E-02 4.48356768119354866E-04 1.47030938161349010E-03
3.17102671E+00 1.21248215106644339E-01 1.16390553361511262E-03 2.41692752877034345E-02 4.49077099369829189E-04 1.48078981522535916E-03
3.17915378E+00 1.21228611254410742E-01 1.16825204318115293E-03 2.47273172237833967E-02 4.49798730461399435E-04 1.49137522063308003E-03
3.18728577E+00 1.21208884222868477E-01 1.17261883986663658E-03 2.52826705004784193E-02 4.50521646398828837E-04 1.50206695989373701E-03
3.19542278E+00 1.21189032622644771E-01 1.17700609707704061E-03 2.58352891512755693E-02 4.51245831865798109E-04 1.51286641384544345E-03
3.20356475E+00 1.21169055452332960E-01 1.18141390097097022E-03 2.63851163170685833E-02 4.51971256494634681E-04 1.52377475930538971E-03
3.21171152E+00 1.21148951999229995E-01 1.18584227299761897E-03 2.69320876711215199E-02 4.52697878807019295E-04 1.53479301928927136E-03
3.21986319E+00 1.21128720831536210E-01 1.19029139194313095E-03 2.74761590603924306E-02 4.53425682679167621E-04 1.54592261536659896E-03
3.22801988E+00 1.21108360497826653E-01 1.19476143910458550E-03 2.80172865409770294E-02 4.54154651777107345E-04 1.55716498751032112E-03
3.23618169E+00 1.21087869526808722E-01 1.19925259827819374E-03 2.85554264994610299E-02 4.54884769584380018E-04 1.56852159399938898E-03
3.24434873E+00 1.21067246427091074E-01 1.20376505574497188E-03 2.90905356508745286E-02 4.55616019430230750E-04 1.57999391129381257E-03
3.25252111E+00 1.21046489686956846E-01 1.20829900025427417E-03 2.96225710426625440E-02 4.56348384518306385E-04 1.59158343388006939E-03
3.26069896E+00 1.21025597774129509E-01 1.21285462300526410E-03 3.01514900421894910E-02 4.57081847955820276E-04 1.60329167408486493E-03
3.26888237E+00 1.21004569135544998E-01 1.21743211762625971E-03 3.06772503407980214E-02 4.57816392783149805E-04 1.61512016185519315E-03
3.27707145E+00 1.20983402197116466E-01 1.22203168015194968E-03 3.11998099386825607E-02 4.58552002003926738E-04 1.62707044450261700E-03
3.28526588E+00 1.20962096539870181E-01 1.22665325393425391E-03 3.17190983587991721E-02 4.59288618035670301E-04 1.63914341822826173E-03
3.29346574E+00 1.20940650579864764E-01 1.23129703397132544E-03 3.22350747848983848E-02 4.60026223409891488E-04 1.65134063797875213E-03
3.30167116E+00 1.20919062694987769E-01 1.23596322121008614E-03 3.27476989145960920E-02 4.60764801308852505E-04 1.66366368420220847E-03
3.30988224E+00 1.20897331241399675E-01 1.24065201888176363E-03 3.32569307182618845E-02 4.61504335017603779E-04 1.67611415300931640E-03
3.31809910E+00 1.20875454553301773E-01 1.24536363246618726E-03 3.37627304657475424E-02 4.62244807958404717E-04 1.68869365570103297E-03
3.32630149E+00 1.20853485614011200E-01 1.25008652143139510E-03 3.42638057280347241E-02 4.62984367624997824E-04 1.70137219081844290E-03
3.33444988E+00 1.20831530793638592E-01 1.25479777634598076E-03 3.47577367031310508E-02 4.63719418108772942E-04 1.71408830155551266E-03
3.34254531E+00 1.20809588724282546E-01 1.25949772114521239E-03 3.52446523802793579E-02 4.64450021315159043E-04 1.72684240520347160E-03
3.35058883E+00 1.20787658025054298E-01 1.26418668157770773E-03 3.57246576949438108E-02 4.65176239516747344E-04 1.73963493372781934E-03
3.35858144E+00 1.20765737300671153E-01 1.26886498489492514E-03 3.61978532024806662E-02 4.65898135351380783E-04 1.75246633197068168E-03
3.36652418E+00 1.20743825141884795E-01 1.27353295951396672E-03 3.66643381184726599E-02 4.66615771778010455E-04 1.76533705635020864E-03
3.37441802E+00 1.20721920126513907E-01 1.27819093468203729E-03 3.71242102979692581E-02 4.67329212019386366E-04 1.77824757374390086E-03
3.38226396E+00 1.20700020820622672E-01 1.28283924015137191E-03 3.75775661983933154E-02 4.68038519501735785E-04 1.79119836044062497E-03
3.39006297E+00 1.20678125779731957E-01 1.28747820586790789E-03 3.80245008338999310E-02 4.68743757795224392E-04 1.80418990112240314E-03
3.39781601E+00 1.20656233549990430E-01 1.29210816167494680E-03 3.84651077432401275E-02 4.69444990556710184E-04 1.81722268786343316E-03
3.40552401E+00 1.20634342669303674E-01 1.29672943703200297E-03 3.88994789604139510E-02 4.70142281475440936E-04 1.83029721914267584E-03
3.41318791E+00 1.20612451668426213E-01 1.30134236074897869E-03 3.93277049807044116E-02 4.70835694222028294E-04 1.84341399886971927E-03
3.42080862E+00 1.20590559071997824E-01 1.30594726073530489E-03 3.97497342040647669E-02 4.71525292401168365E-04 1.85657353542678671E-03
3.42838704E+00 1.20568663399537340E-01 1.31054446376366578E-03 4.01661090939908344E-02 4.72211139505885735E-04 1.86977634071109592E-03
3.43592406E+00 1.20546763166373916E-01 1.31513429524893611E-03 4.05763900212261844E-02 4.72893298878777305E-04 1.88302292922217342E-03
3.44342056E+00 1.20524856884558773E-01 1.31971707904027301E-03 4.09809076118826526E-02 4.73571833672610000E-04 1.89631381713392146E-03
3.45087739E+00 1.20502943063703988E-01 1.32429313722751477E-03 4.13797102976553588E-02 4.74246806815665058E-04 1.90964952139953729E-03
3.45829540E+00 1.20481020211789122E-01 1.32886278996094962E-03 4.17728778102764015E-02 4.74918280979405875E-04 1.92303055887046406E-03
3.46567541E+00 1.20459086835916954E-01 1.33342635528403740E-03 4.21604893961853786E-02 4.75586318548585198E-04 1.93645744543300248E-03
3.47301825E+00 1.20437141443030055E-01 1.33798414897872710E-03 4.25426228325249539E-02 4.76250981593665998E-04 1.94993069516327276E-03
3.48032471E+00 1.20415182540577925E-01 1.34253648442300157E-03 4.29193543115112680E-02 4.76912331845397478E-04 1.96345081950083811E-03
3.48759559E+00 1.20393208637149543E-01 1.34708367246017175E-03 4.32907584325144465E-02 4.77570430671489705E-04 1.97701832644139744E-03
3.49483165E+00 1.20371218243061143E-01 1.35162602127953790E-03 4.36569082211128792E-02 4.78225339055328230E-04 1.99063371974883161E-03
3.50203367E+00 1.20349209870904181E-01 1.35616383630797997E-03 4.40178751332983079E-02 4.78877117576707271E-04 2.00429749818689098E-03
3.50920239E+00 1.20327182036057967E-01 1.36069742011209259E-03 4.43737290744138507E-02 4.79525826394595672E-04 2.01801015477065613E-03
3.51633854E+00 1.20305133257163244E-01 1.36522707231039411E-03 4.47245384083728367E-02 4.80171525231910801E-04 2.03177217603817085E-03
3.52344284E+00 1.20283062056562737E-01 1.36975308949526474E-03 4.50703699786692558E-02 4.80814273362273825E-04 2.04558404134210338E-03
3.53051600E+00 1.20260966960706747E-01 1.37427576516415523E-03 4.54112891239765726E-02 4.81454129598721432E-04 2.05944622216186436E-03
3.53755871E+00 1.20238846500523008E-01 1.37879538965971762E-03 4.57473596961843268E-02 4.82091152284281677E-04 2.07335918143608739E-03
3.54457166E+00 1.20216699211761965E-01 1.38331225011843989E-03 4.60786440819907286E-02 4.82725399284322820E-04 2.08732337291566393E-03
3.55155551E+00 1.20194523635307277E-01 1.38782663042740775E-03 4.64052032216377003E-02 4.83356927980565978E-04 2.10133924053735070E-03
3.55851093E+00 1.20172318317456409E-01 1.39233881118885970E-03 4.67270966323087983E-02 4.83985795266609546E-04 2.11540721781811958E-03
3.56543854E+00 1.20150081810178957E-01 1.39684906969216190E-03 4.70443824269626207E-02 4.84612057544852009E-04 2.12952772727013559E-03
3.57233900E+00 1.20127812671343315E-01 1.40135767989280221E-03 4.73571173419033292E-02 4.85235770724662299E-04 2.14370117983654239E-03
3.57921290E+00 1.20105509464925098E-01 1.40586491239820120E-03 4.76653567555915467E-02 4.85856990221671483E-04 2.15792797434801809E-03
3.58606087E+00 1.20083170761183078E-01 1.41037103445986367E-03 4.79691547141934405E-02 4.86475770958108707E-04 2.17220849700019416E-03
3.59288350E+00 1.20060795136821913E-01 1.41487630997170284E-03 4.82685639541633946E-02 4.87092167364046834E-04 2.18654312085182507E-03
3.59968136E+00 1.20038381175124526E-01 1.41938099947409445E-03 4.85636359295666883E-02 4.87706233379522653E-04 2.20093220534379281E-03
3.60645504E+00 1.20015927466071939E-01 1.42388536016354304E-03 4.88544208320105880E-02 4.88318022457454254E-04 2.21537609583905481E-03
3.61320510E+00 1.19993432606439215E-01 1.42838964590750388E-03 4.91409676182338606E-02 4.88927587567305794E-04 2.22987512318328137E-03
3.61993209E+00 1.19970895199872515E-01 1.43289410726425421E-03 4.94233240343524213E-02 4.89534981199480409E-04 2.24442960328639701E-03
3.62663654E+00 1.19948313856953842E-01 1.43739899150745220E-03 4.97015366391061891E-02 4.90140255370374606E-04 2.25903983672495756E-03
3.63331899E+00 1.19925687195241382E-01 1.44190454265518612E-03 4.99756508291189644E-02 4.90743461628063873E-04 2.27370610836531836E-03
3.63997996E+00 1.19903013839303685E-01 1.44641100150328977E-03 5.02457108638615091E-02 4.91344651058598205E-04 2.28842868700750461E-03
3.64661995E+00 1.19880293724213979E-01 1.45091818177523727E-03 5.05089000978780622E-02 4.91943691282812354E-04 2.30320713378738724E-03
3.65323956E+00 1.19857524459179118E-01 1.45542666650195292E-03 5.07709520756266589E-02 4.92540763546452055E-04 2.31804236157146263E-03
3.65983932E+00 1.19834704266610539E-01 1.45993679373402057E-03 5.10290940278242400E-02 4.93135959261910154E-04 2.33293481467125021E-03
3.66641970E+00 1.19811831688065876E-01 1.46444882290163673E-03 5.12833433487376242E-02 4.93729340814975460E-04 2.34788476483276543E-03
3.67298116E+00 1.19788905373947360E-01 1.46896298547118001E-03 5.15337458237437457E-02 4.94320960776770775E-04 2.36289241084858530E-03
3.67952415E+00 1.19765924014357650E-01 1.47347950187302424E-03 5.17803379917832624E-02 4.94910868245039656E-04 2.37795791445680887E-03
3.68604913E+00 1.19742886316272182E-01 1.47799858715900144E-03 5.20231563010090173E-02 4.95499110938320210E-04 2.39308141299678220E-03
3.69255652E+00 1.19719790995973671E-01 1.48252045291943544E-03 5.22622362896689313E-02 4.96085735890685795E-04 2.40826302379276453E-03
3.69904675E+00 1.19696636776514653E-01 1.48704530795925900E-03 5.24976126074542249E-02 4.96670789685559294E-04 2.42350284560701379E-03
3.70552024E+00 1.19673422386837286E-01 1.49157335856278618E-03 5.27293190352347840E-02 4.97254318537779520E-04 2.43880095906270043E-03
3.71197740E+00 1.19650146561431872E-01 1.49610480862275475E-03 5.29573885091909127E-02 4.97836368325676472E-04 2.45415742671272223E-03
3.71841863E+00 1.19626808040166510E-01 1.50063985972526321E-03 5.31818531390334179E-02 4.98416984606718755E-04 2.46957229299521247E-03
3.72484433E+00 1.19603405568177765E-01 1.50517871122113171E-03 5.34027442264874627E-02 4.98996212627705080E-04 2.48504558416126793E-03
3.73125490E+00 1.19579937895765820E-01 1.50972156029373925E-03 5.36200922884824266E-02 4.99574097333128344E-04 2.50057730820530278E-03
3.73765070E+00 1.19556403778294906E-01 1.51426860202672408E-03 5.38339270715083029E-02 5.00150683372911306E-04 2.51616745480905081E-03
3.74403212E+00 1.19532801976088218E-01 1.51882002947247366E-03 5.40442775751284327E-02 5.00726015109837375E-04 2.53181599530296741E-03
3.75039952E+00 1.19509131254317391E-01 1.52337603372179587E-03 5.42511720651205759E-02 5.01300136626822690E-04 2.54752288264655609E-03
3.75675328E+00 1.19485390382890272E-01 1.52793680397474629E-03 5.44546380959503515E-02 5.01873091734030756E-04 2.56328805142812472E-03
3.76309373E+00 1.19461578136326491E-01 1.53250252761259450E-03 5.46547025259853173E-02 5.02444923975819144E-04 2.57911141788422791E-03
3.76942123E+00 1.19437693293635155E-01 1.53707339027077004E-03 5.48513915346009670E-02 5.03015676637507412E-04 2.59499287993890425E-03
3.77573614E+00 1.19413734638181557E-01 1.54164957591281394E-03 5.50447306434594316E-02 5.03585392751931750E-04 2.61093231726275627E-03
3.78203877E+00 1.19389700957554218E-01 1.54623126690517127E-03 5.52347447261140739E-02 5.04154115105768814E-04 2.62692959135201473E-03
3.78832947E+00 1.19365591043421995E-01 1.55081864409271604E-03 5.54214580317530375E-02 5.04721886245615057E-04 2.64298454562755672E-03
3.79460855E+00 1.19341403691389208E-01 1.55541188687498841E-03 5.56048941964041726E-02 5.05288748483782445E-04 2.65909700555390718E-03
3.80087635E+00 1.19317137700847398E-01 1.56001117328300192E-03 5.57850762619161306E-02 5.05854743903811840E-04 2.67526677877852814E-03
3.80713318E+00 1.19292791874814841E-01 1.56461668005652369E-03 5.59620266892498705E-02 5.06419914365665571E-04 2.69149365529098303E-03
3.81337934E+00 1.19268365019786660E-01 1.56922858272178119E-03 5.61357673760716352E-02 5.06984301510602330E-04 2.70777740760248711E-03
3.81961514E+00 1.19243855945560667E-01 1.57384705566948808E-03 5.63063196697624266E-02 5.07547946765706209E-04 2.72411779094560531E-03
3.82584088E+00 1.19219263465076303E-01 1.57847227223305254E-03 5.64737043837545000E-02 5.08110891348053295E-04 2.74051454349424559E-03
3.83205686E+00 1.19194586394236857E-01 1.58310440476699369E-03 5.66379418108396496E-02 5.08673176268520464E-04 2.75696738660393672E-03
3.83826337E+00 1.19169823551736040E-01 1.58774362472532547E-03 5.67990517386022103E-02 5.09234842335198456E-04 2.77347602507256033E-03
3.84446069E+00 1.19144973758870329E-01 1.59239010273996818E-03 5.69570534620923441E-02 5.09795930156432191E-04 2.79004014742130924E-03
3.85064910E+00 1.19120035839358526E-01 1.59704400869900196E-03 5.71119657985422399E-02 5.10356480143441828E-04 2.80665942619629568E-03
3.85682889E+00 1.19095008619144974E-01 1.60170551182472164E-03 5.72638071009533914E-02 5.10916532512547010E-04 2.82333351829033201E-03
3.86300032E+00 1.19069890926207081E-01 1.60637478075134643E-03 5.74125952698954778E-02 5.11476127286977474E-04 2.84006206528557986E-03
3.86916367E+00 1.19044681590353835E-01 1.61105198360245129E-03 5.75583477683080935E-02 5.12035304298255741E-04 2.85684469381632502E-03
3.87531920E+00 1.19019379443018700E-01 1.61573728806778654E-03 5.77010816337794955E-02 5.12594103187164114E-04 2.87368101595263884E-03
3.88146718E+00 1.18993983317052229E-01 1.62043086147964019E-03 5.78408134897254733E-02 5.13152563404286341E-04 2.89057062960433337E-03
3.88760785E+00 1.18968492046504962E-01 1.62513287088849267E-03 5.79775595599100607E-02 5.13710724210114417E-04 2.90751311894567712E-03
3.89374148E+00 1.18942895328956397E-01 1.62984379418167069E-03 5.81139438068827979E-02 5.14268829815109330E-04 2.92450676857777640E-03
3.89986829E+00 1.18917197767977906E-01 1.63456355797365655E-03 5.82448691047714601E-02 5.14826779747611226E-04 2.94155179591718777E-03
3.90598852E+00 1.18891400185852328E-01 1.63929225613829556E-03 5.83728531966533903E-02 5.15384567666204107E-04 2.95864796504549752E-03
3.91210242E+00 1.18865502060273812E-01 1.64403003333985095E-03 5.84979036386211182E-02 5.15942217407606269E-04 2.97579488375201637E-03
3.91821023E+00 1.18839502422230500E-01 1.64877705089262359E-03 5.86200461003479126E-02 5.16499762616412094E-04 2.99299210321717470E-03
3.92431219E+00 1.18813400154421045E-01 1.65353347557647317E-03 5.87392942859615089E-02 5.17057240019508629E-04 3.01023914952129601E-03
3.93040856E+00 1.18787194090380244E-01 1.65829947601619566E-03 5.88556621278384026E-02 5.17614687206110493E-04 3.02753553386560757E-03
3.93649955E+00 1.18760883047270532E-01 1.66307522154205832E-03 5.89691631655747117E-02 5.18172141894386986E-04 3.04488075614346623E-03
3.94258540E+00 1.18734465836597219E-01 1.66786088186413029E-03 5.90798105997804024E-02 5.18729641688127764E-04 3.06227430646861462E-03
3.94866636E+00 1.18707941267572975E-01 1.67265662701324277E-03 5.91876173207344994E-02 5.19287223994739644E-04 3.07971566609476942E-03
3.95474263E+00 1.18681308148029671E-01 1.67746262736849093E-03 5.92925959271156516E-02 5.19844925996119944E-04 3.09720430816731729E-03
3.96081446E+00 1.18654565284515526E-01 1.68227905371189567E-03 5.93947587413498485E-02 5.20402784636703046E-04 3.11473969843954410E-03
3.96688205E+00 1.18627711482114470E-01 1.68710607729063533E-03 5.94941178214797375E-02 5.20960836616916694E-04 3.13232129599245361E-03
3.97294565E+00 1.18600745544172256E-01 1.69194386988028543E-03 5.95906849717024040E-02 5.21519118388180788E-04 3.14994855396916662E-03
3.97900545E+00 1.18573666271987038E-01 1.69679260384681210E-03 5.96844717549085135E-02 5.22077666148205088E-04 3.16762092032670580E-03
3.98506168E+00 1.18546472464487296E-01 1.70165245220661667E-03 5.97754895019001961E-02 5.22636515836179911E-04 3.18533783860578583E-03
3.99111455E+00 1.18519162917896131E-01 1.70652358868434665E-03 5.98639658605634936E-02 5.23195703127554506E-04 3.20309874871797925E-03
3.99716428E+00 1.18491736425396232E-01 1.71140618776805583E-03 5.99492280343699030E-02 5.23755263429668259E-04 3.22090308775302642E-03
4.00321108E+00 1.18464191776783703E-01 1.71630042476249019E-03 6.00320593839965902E-02 5.24315231875016607E-04 3.23875029079866671E-03
4.00925515E+00 1.18436527758116042E-01 1.72120647583906745E-03 6.01121139101599630E-02 5.24875643316465262E-04 3.25663979178210166E-03
4.01529671E+00 1.18408743151355647E-01 1.72612451808376068E-03 6.01894511065685228E-02 5.25436532321259448E-04 3.27457102432602339E-03
4.02133595E+00 1.18380836734008552E-01 1.73105472954218891E-03 6.02640830324685378E-02 5.25997933165118690E-04 3.29254342262086169E-03
4.02737309E+00 1.18352807278754468E-01 1.73599728926195095E-03 6.03360198623793531E-02 5.26559879826229570E-04 3.31055642231301234E-03
4.03340833E+00 1.18324653553070092E-01 1.74095237733228763E-03 6.04052714949978725E-02 5.27122405979177778E-04 3.32860946140793503E-03
4.03944186E+00 1.18296374318845682E-01 1.74592017492086510E-03 6.04718476874818098E-02 5.27685544988859448E-04 3.34670198118782640E-03
4.04547390E+00 1.18267968331999679E-01 1.75090086430778886E-03 6.05357580742640691E-02 5.28249329904368205E-04 3.36483342714323031E-03
4.05150464E+00 1.18239434342077412E-01 1.75589462891663712E-03 6.05970121792275690E-02 5.28813793452937732E-04 3.38300324991761556E-03
4.05753428E+00 1.18210771091851324E-01 1.76090165334261378E-03 6.06556194253452807E-02 5.29378968033925750E-04 3.40121090626431576E-03
4.06356301E+00 1.18181977316906314E-01 1.76592212337775361E-03 6.07115891471431898E-02 5.29944885712892752E-04 3.41945586001498464E-03
4.06959105E+00 1.18153051745226792E-01 1.77095622603301432E-03 6.07649306016928917E-02 5.30511578215798270E-04 3.43773758305861502E-03
4.07561858E+00 1.18123993096764787E-01 1.77600414955748865E-03 6.08156529790911740E-02 5.31079076923354895E-04 3.45605555633012864E-03
4.08164580E+00 1.18094800083010279E-01 1.78106608345441632E-03 6.08637654149660617E-02 5.31647412865553703E-04 3.47440927080743976E-03
4.08767291E+00 1.18065471406547218E-01 1.78614221849419377E-03 6.09092770011425561E-02 5.32216616716411298E-04 3.49279822851599701E-03
4.09370010E+00 1.18036005760605925E-01 1.79123274672423716E-03 6.09521967980220167E-02 5.32786718788946160E-04 3.51122194353946197E-03
4.09972757E+00 1.18006401828602725E-01 1.79633786147574714E-03 6.09925338455622745E-02 5.33357749030452608E-04 3.52967994303544572E-03
4.10575552E+00 1.17976658283674152E-01 1.80145775736732577E-03 6.10302971750392095E-02 5.33929737018045813E-04 3.54817176825475899E-03
4.11178414E+00 1.17946773788205755E-01 1.80659263030549127E-03 6.10654958209188303E-02 5.34502711954577066E-04 3.56669697556297920E-03
4.11781363E+00 1.17916746993342827E-01 1.81174267748198769E-03 6.10981388309990922E-02 5.35076702664880489E-04 3.58525513746264270E-03
4.12384418E+00 1.17886576538502083E-01 1.81690809736800309E-03 6.11282352774950161E-02 5.35651737592421763E-04 3.60384584361492536E-03
4.12987599E+00 1.17856261050869937E-01 1.82208908970522940E-03 6.11557942645242769E-02 5.36227844796368508E-04 3.62246870185845482E-03
4.13590925E+00 1.17825799144890692E-01 1.82728585549377966E-03 6.11808249346429758E-02 5.36805051949080462E-04 3.64112333922450137E-03
4.14194417E+00 1.17795189421750143E-01 1.83249859697694390E-03 6.12033364672618374E-02 5.37383386334098069E-04 3.65980940294588887E-03
4.14798094E+00 1.17764430468844244E-01 1.83772751762287983E-03 6.12233380667122143E-02 5.37962874844597817E-04 3.67852656145834390E-03
4.15401975E+00 1.17733520859242324E-01 1.84297282210311585E-03 6.12408389244926271E-02 5.38543543982399433E-04 3.69727450539211570E-03
4.16006082E+00 1.17702459151139499E-01 1.84823471626801021E-03 6.12558481259422929E-02 5.39125419857496642E-04 3.71605294855159585E-03
4.16610433E+00 1.17671243887300256E-01 1.85351340711904572E-03 6.12683744236138111E-02 5.39708528188203532E-04 3.73486162888127119E-03
4.17215049E+00 1.17639873594488520E-01 1.85880910277806091E-03 6.12752506841892919E-02 5.40292894302157010E-04 3.75370030942091424E-03
4.17819949E+00 1.17608346782904688E-01 1.86412201245358803E-03 6.12899574857869306E-02 5.40878543136371660E-04 3.77256877920809910E-03
4.18425155E+00 1.17576661945552496E-01 1.86945234640332049E-03 6.12903969710096724E-02 5.41465499242098922E-04 3.79146685423997244E-03
4.19030687E+00 1.17544817557722142E-01 1.87480031589530539E-03 6.12913875023653118E-02 5.42053786784290953E-04 3.81039437832755238E-03
4.19636565E+00 1.17512812076320583E-01 1.88016613316385967E-03 6.12928024890616596E-02 5.42643429547285208E-04 3.82935122393648691E-03
4.20242809E+00 1.17480643939265300E-01 1.88555001136398760E-03 6.12938660842617597E-02 5.43234450938089248E-04 3.84833729304371588E-03
4.20849441E+00 1.17448311564860533E-01 1.89095216452245685E-03 6.12934568323166354E-02 5.43826873991596401E-04 3.86735251793171456E-03
4.21456481E+00 1.17415813351162829E-01 1.89637280748599767E-03 6.12756713251908156E-02 5.44420721376217762E-04 3.88639686199690861E-03
4.22063951E+00 1.17383147675386074E-01 1.90181215586634556E-03 6.12752828004793845E-02 5.45016015400935465E-04 3.90547032032962293E-03
4.22671872E+00 1.17350312893115288E-01 1.90727042598177999E-03 6.12557733152428174E-02 5.45612778020877439E-04 3.92457292060196389E-03
4.23280265E+00 1.17317307337786642E-01 1.91274783479761603E-03 6.12464767909721916E-02 5.46211030848068029E-04 3.94370472350814068E-03
4.23889152E+00 1.17284129319885730E-01 1.91824459986152237E-03 6.12290401845257612E-02 5.46810795158254241E-04 3.96286582349948853E-03
4.24498554E+00 1.17250777126341646E-01 1.92376093923796502E-03 6.12104264522180808E-02 5.47412091901717623E-04 3.98205634926043078E-03
4.25108495E+00 1.17217249019792816E-01 1.92929707143851240E-03 6.11893400549344615E-02 5.48014941713618857E-04 4.00127646421141649E-03
4.25718995E+00 1.17183543237886489E-01 1.93485321534977626E-03 6.11659862846822208E-02 5.48619364925357050E-04 4.02052636694157171E-03
4.26330078E+00 1.17149657992564049E-01 1.94042959015836339E-03 6.11403380266106120E-02 5.49225381576635822E-04 4.03980629158410057E-03
4.26941766E+00 1.17115591469330343E-01 1.94602641527274870E-03 6.11124145470848326E-02 5.49833011428210489E-04 4.05911650813083578E-03
4.27554083E+00 1.17081341826519358E-01 1.95164391024206822E-03 6.10822307874505713E-02 5.50442273975269608E-04 4.07845732268323838E-03
4.28167051E+00 1.17046907194550534E-01 1.95728229467160252E-03 6.10498030294344546E-02 5.51053188461434525E-04 4.09782907763726802E-03
4.28780694E+00 1.17012285675172981E-01 1.96294178813486960E-03 6.10151480406537217E-02 5.51665773893327363E-04 4.11723215179879767E-03
4.29395035E+00 1.16977475340706502E-01 1.96862261008204711E-03 6.09782832168832625E-02 5.52280049055741285E-04 4.13666696042653582E-03
4.30010100E+00 1.16942474233272850E-01 1.97432497974453112E-03 6.09392266049112799E-02 5.52896032527378564E-04 4.15613395519849257E-03
4.30625911E+00 1.16907280364018637E-01 1.98004911603546357E-03 6.08979969383184813E-02 5.53513742697206955E-04 4.17563362409843590E-03
4.31242495E+00 1.16871891712334794E-01 1.98579523744590522E-03 6.08546136734746529E-02 5.54133197781444056E-04 4.19516649121711490E-03
4.31859874E+00 1.16836306225070019E-01 1.99156356193655676E-03 6.08090970259643759E-02 5.54754415841222860E-04 4.21473311646442146E-03
4.32478076E+00 1.16800521815737329E-01 1.99735430682481448E-03 6.07614680079306621E-02 5.55377414800940794E-04 4.23433409518656021E-03
4.33097125E+00 1.16764536363721055E-01 2.00316768866695607E-03 6.07117484670902999E-02 5.56002212467396209E-04 4.25397005768358462E-03
4.33717048E+00 1.16728347713477551E-01 2.00900392313547787E-03 6.06599611267174335E-02 5.56628826549684908E-04 4.27364166862109589E-03
4.34337870E+00 1.16691953673737150E-01 2.01486322489144356E-03 6.06061296264993193E-02 5.57257274679991881E-04 4.29334962633156052E-03
4.34959619E+00 1.16655352016703989E-01 2.02074580745179944E-03 6.05502785654235820E-02 5.57887574435293786E-04 4.31309466199914296E-03
4.35582320E+00 1.16618540477262111E-01 2.02665188305179008E-03 6.04924335449749800E-02 5.58519743360082091E-04 4.33287753872304768E-03
4.36206002E+00 1.16581516752177428E-01 2.03258166250245512E-03 6.04326212148310199E-02 5.59153798990188198E-04 4.35269905045479813E-03
4.36830692E+00 1.16544278499311940E-01 2.03853535504310490E-03 6.03708693191999241E-02 5.59789758877791434E-04 4.37256002080423176E-03
4.37456418E+00 1.16506823336839135E-01 2.04451316818910324E-03 6.03072067445949225E-02 5.60427640617709006E-04 4.39246130170977724E-03
4.38083209E+00 1.16469148842470865E-01 2.05051530757448773E-03 6.02416635690017077E-02 5.61067461875031223E-04 4.41240377196877066E-03
4.38711093E+00 1.16431252552694930E-01 2.05654197678973314E-03 6.01742711128002844E-02 5.61709240414134535E-04 4.43238833562296063E-03
4.39340100E+00 1.16393131962021681E-01 2.06259337721399543E-03 6.01050619912360529E-02 5.62352994129046457E-04 4.45241592019534824E-03
4.39970259E+00 1.16354784522251301E-01 2.06866970784179947E-03 6.00340701674391547E-02 5.62998741075119665E-04 4.47248747477363342E-03
4.40601601E+00 1.16316207641748992E-01 2.07477116510326569E-03 5.99613310078334211E-02 5.63646499501816540E-04 4.49260396793644493E-03
4.41234155E+00 1.16277398684750136E-01 2.08089794267726476E-03 5.98868813385274937E-02 5.64296287886335585E-04 4.51276638551903562E-03
4.41867953E+00 1.16238354970671531E-01 2.08705023129646941E-03 5.98107595032669123E-02 5.64948124967687253E-04 4.53297572821572368E-03
4.42503027E+00 1.16199073773459477E-01 2.09322821854283437E-03 5.97330054231677912E-02 5.65602029780666983E-04 4.55323300901817885E-03
4.43139406E+00 1.16159552320952847E-01 2.09943208863215287E-03 5.96536606564111033E-02 5.66258021688975416E-04 4.57353925048986296E-03
4.43777125E+00 1.16119787794275633E-01 2.10566202218573405E-03 5.95727684623939546E-02 5.66916120416664912E-04 4.59389548187939291E-03
4.44416215E+00 1.16079777327261283E-01 2.11191819598717002E-03 5.94903738624667916E-02 5.67576346076844023E-04 4.61430273607708278E-03
4.45056709E+00 1.16039518005905104E-01 2.11820078272191006E-03 5.94065237081619624E-02 5.68238719196569584E-04 4.63476204642154863E-03
4.45698642E+00 1.15999006867854151E-01 2.12450995069734649E-03 5.93212667439325311E-02 5.68903260736792994E-04 4.65527444336277536E-03
4.46342046E+00 1.15958240901935877E-01 2.13084586354095199E-03 5.92346536778807567E-02 5.69569992106355207E-04 4.67584095099021421E-03
4.46986956E+00 1.15917217047730919E-01 2.13720867987425393E-03 5.91467372474084457E-02 5.70238935169231262E-04 4.69646258343174323E-03
4.47633408E+00 1.15875932195192571E-01 2.14359855296079567E-03 5.90575722912666592E-02 5.70910112244628625E-04 4.71714034112713249E-03
4.48281435E+00 1.15834383184324666E-01 2.15001563032649794E-03 5.89672158185683207E-02 5.71583546099991365E-04 4.73787520697683921E-03
4.48931074E+00 1.15792566804918326E-01 2.15646005335154911E-03 5.88757270824677367E-02 5.72259259937544346E-04 4.75866814235978951E-03
4.49582361E+00 1.15750479796360328E-01 2.16293195683385162E-03 5.87831676500972442E-02 5.72937277375571439E-04 4.77952008301052705E-03
4.50235332E+00 1.15708118847519303E-01 2.16943146852442833E-03 5.86896014781753406E-02 5.73617622426079326E-04 4.80043193473878634E-03
4.50890023E+00 1.15665480596712916E-01 2.17595870863640604E-03 5.85950949847506911E-02 5.74300319470837941E-04 4.82140456897081453E-03
4.51546474E+00 1.15622561631779613E-01 2.18251378932938838E-03 5.84997171243390804E-02 5.74985393237817388E-04 4.84243881808980783E-03
4.52204720E+00 1.15579358490241521E-01 2.18909681417141363E-03 5.84035394610403352E-02 5.75672868779818323E-04 4.86353547055323049E-03
4.52864800E+00 1.15535867659583916E-01 2.19570787758097434E-03 5.83066362423799445E-02 5.76362771456603428E-04 4.88469526576872873E-03
4.53526752E+00 1.15492085577648521E-01 2.20234706425065808E-03 5.82090844726496984E-02 5.77055126921075250E-04 4.90591888871869802E-03
4.54190616E+00 1.15448008633148011E-01 2.20901444855313303E-03 5.81109639849588522E-02 5.77749961109128929E-04 4.92720696433507094E-03
4.54856430E+00 1.15403633166308722E-01 2.21571009392910979E-03 5.80123575126706217E-02 5.78447300231878041E-04 4.94856005163907611E-03
4.55524234E+00 1.15358955469638119E-01 2.22243405225466860E-03 5.79133507591330574E-02 5.79147170768121665E-04 4.96997863767415816E-03
4.56193847E+00 1.15313986572043059E-01 2.22918414761681368E-03 5.78140652037524294E-02 5.79849369026083465E-04 4.99145608638421924E-03
4.56864608E+00 1.15268770267526854E-01 2.23595331177035448E-03 5.77146973186854553E-02 5.80553184776633376E-04 5.01297021081760150E-03
4.57535721E+00 1.15223360127111152E-01 2.24273307958651859E-03 5.76154656394379169E-02 5.81257765541159824E-04 5.03449444310135642E-03
4.58206694E+00 1.15177789909056583E-01 2.24951800952538031E-03 5.75165439175847962E-02 5.81962575728033060E-04 5.05601186033522582E-03
4.58877557E+00 1.15132058107280055E-01 2.25630793347924696E-03 5.74180283499991367E-02 5.82667629282233239E-04 5.07752224885691956E-03
4.59548341E+00 1.15086163132460534E-01 2.26310268273343176E-03 5.73200163847775654E-02 5.83372941155988292E-04 5.09902533204729946E-03
4.60219080E+00 1.15040103315360021E-01 2.26990208814676969E-03 5.72226071470644804E-02 5.84078527293181043E-04 5.12052076975088363E-03
4.60889807E+00 1.14993876906389458E-01 2.27670598019878755E-03 5.71259007156294171E-02 5.84784404602777365E-04 5.14200815743266412E-03
4.61560555E+00 1.14947482073978161E-01 2.28351418895269762E-03 5.70299981075458734E-02 5.85490590925869360E-04 5.16348702528388048E-03
4.62231360E+00 1.14900916902605454E-01 2.29032654395659686E-03 5.69350012566906954E-02 5.86197105001172035E-04 5.18495683729527576E-03
4.62902257E+00 1.14854179390791414E-01 2.29714287409600810E-03 5.68410129853106558E-02 5.86903966433200992E-04 5.20641699026473236E-03
4.63573282E+00 1.14807267449153885E-01 2.30396300740693272E-03 5.67481369716931749E-02 5.87611195665972501E-04 5.22786681269998312E-03
4.64244474E+00 1.14760178898584031E-01 2.31078677085567660E-03 5.66564777188790780E-02 5.88318813962749308E-04 5.24930556359206029E-03
4.64915869E+00 1.14712911468555098E-01 2.31761399008992199E-03 5.65661405174333193E-02 5.89026843388997510E-04 5.27073243105911395E-03
4.65587508E+00 1.14665462795586579E-01 2.32444448916272308E-03 5.64772314116210455E-02 5.89735306791039165E-04 5.29214653088506612E-03
4.66259342E+00 1.14617836592151065E-01 2.33127720700758911E-03 5.63898686665878363E-02 5.90444136111721476E-04 5.31354414116217040E-03
4.66931278E+00 1.14570040006051546E-01 2.33811058941370406E-03 5.63041765029876629E-02 5.91153212904030421E-04 5.33491994285947499E-03
4.67603358E+00 1.14522070528634473E-01 2.34494445867747302E-03 5.62202606950772468E-02 5.91862562237616889E-04 5.35627286634370123E-03
4.68275624E+00 1.14473925542230376E-01 2.35177863639352567E-03 5.61382274900914593E-02 5.92572209759978244E-04 5.37760177195570344E-03
4.68948120E+00 1.14425602320692502E-01 2.35861294309466828E-03 5.60581837324318974E-02 5.93282181566879034E-04 5.39890544942610642E-03
4.69620891E+00 1.14377098029315935E-01 2.36544719779520525E-03 5.59802365385086570E-02 5.93992504114158621E-04 5.42018261717961553E-03
4.70293981E+00 1.14328409724753471E-01 2.37228121746033659E-03 5.59044932595284538E-02 5.94703204177748847E-04 5.44143192166032796E-03
4.70967431E+00 1.14279534926310114E-01 2.37911473675804465E-03 5.58310623205661022E-02 5.95414300540607431E-04 5.46265168957025139E-03
4.71641261E+00 1.14230472387384888E-01 2.38594730193915361E-03 5.57600541473874736E-02 5.96125792939039383E-04 5.48383960221461055E-03
4.72315518E+00 1.14181218857916864E-01 2.39277872198936405E-03 5.56915760479689825E-02 5.96837709032634273E-04 5.50499409700440281E-03
4.72990254E+00 1.14131770979697664E-01 2.39960880149826545E-03 5.56257353739895849E-02 5.97550076634625589E-04 5.52611353802280776E-03
4.73665516E+00 1.14082125288124156E-01 2.40643733988049916E-03 5.55626395249869745E-02 5.98262923641512461E-04 5.54719621528313063E-03
4.74341356E+00 1.14032278214202393E-01 2.41326413055359705E-03 5.55023958349750296E-02 5.98976277975835146E-04 5.56824034384879613E-03
4.75017825E+00 1.13982226086939767E-01 2.42008896008260319E-03 5.54451115265585798E-02 5.99690167540030731E-04 5.58924406287188234E-03
4.75694975E+00 1.13931965136165714E-01 2.42691160729592483E-03 5.53908936644243663E-02 6.00404620172660100E-04 5.61020543459777969E-03
4.76372859E+00 1.13881491495819734E-01 2.43373184237359900E-03 5.53398491075786231E-02 6.01119663598704093E-04 5.63112244338393429E-03
4.77051529E+00 1.13830801207708263E-01 2.44054942590765222E-03 5.52920844658881389E-02 6.01835325369215945E-04 5.65199299477738785E-03
4.77731039E+00 1.13779890225753855E-01 2.44736410793331208E-03 5.52477060585184546E-02 6.02551632789119604E-04 5.67281491468673345E-03
4.78411444E+00 1.13728754420740819E-01 2.45417562692944744E-03 5.52068198854376441E-02 6.03268612834210365E-04 5.69358594867164832E-03
4.79092796E+00 1.13677389585566571E-01 2.46098370878795880E-03 5.51695316176904066E-02 6.03986292059739065E-04 5.71430376136099292E-03
4.79775151E+00 1.13625791441010898E-01 2.46778806575295761E-03 5.51359466249592214E-02 6.04704696503577215E-04 5.73496593599982351E-03
4.80458563E+00 1.13573955642024382E-01 2.47458839533251001E-03 5.51061700688918119E-02 6.05423851586708059E-04 5.75556997412052414E-03
4.81143087E+00 1.13521877784542841E-01 2.48138437918772733E-03 5.50803071008082040E-02 6.06143782012636464E-04 5.77611329533424343E-03
4.81828778E+00 1.13469553412831825E-01 2.48817568200560132E-03 5.50584632008156022E-02 6.06864511665457761E-04 5.79659323724507781E-03
4.82515690E+00 1.13416978027359269E-01 2.49496195036346931E-03 5.50407445237630563E-02 6.07586063504271415E-04 5.81700705549935502E-03
4.83203877E+00 1.13364147093198420E-01 2.50174281159411477E-03 5.50272569739368167E-02 6.08308459450018833E-04 5.83735192399360142E-03
4.83893393E+00 1.13311056048951156E-01 2.50851787266100426E-03 5.50251194017298342E-02 6.09031720260106986E-04 5.85762493526346441E-03
4.84584291E+00 1.13257700316162196E-01 2.51528671905501718E-03 5.50040001884505164E-02 6.09755865390755819E-04 5.87782310117977366E-03
4.85276614E+00 1.13204076090201708E-01 2.52204881561371268E-03 5.50059969255732861E-02 6.10480902306662272E-04 5.89794306232607930E-03
4.85970225E+00 1.13150193603058627E-01 2.52880185358015687E-03 5.50243720287210483E-02 6.11206648427775980E-04 5.91797620183306082E-03
4.86665160E+00 1.13096049434576920E-01 2.53554524276783291E-03 5.50248598795137975E-02 6.11933105439457347E-04 5.93791904080071334E-03
4.87361480E+00 1.13041638521486840E-01 2.54227857767680074E-03 5.50382122148690700E-02 6.12660295518997842E-04 5.95776865074865939E-03
4.88059242E+00 1.12986955768794306E-01 2.54900143430122775E-03 5.50584931063120148E-02 6.13388239477301138E-04 5.97752205262542125E-03
4.88758504E+00 1.12931996060888828E-01 2.55571336932052147E-03 5.50814572972816510E-02 6.14116956552513359E-04 5.99717621888751478E-03
4.89459324E+00 1.12876754272716762E-01 2.56241391934975814E-03 5.51101513756146813E-02 6.14846464196621193E-04 6.01672807563956562E-03
4.90161759E+00 1.12821225281312582E-01 2.56910260025833585E-03 5.51437362085860985E-02 6.15576777853860590E-04 6.03617450502947576E-03
4.90865863E+00 1.12765403977839435E-01 2.57577890658148645E-03 5.51825828513557090E-02 6.16307910738381919E-04 6.05551234789520904E-03
4.91571692E+00 1.12709285280110177E-01 2.58244231103595514E-03 5.52266740418708088E-02 6.17039873617063455E-04 6.07473840667655841E-03
4.92279300E+00 1.12652864145570741E-01 2.58909226415136862E-03 5.52761031189709720E-02 6.17772674600894291E-04 6.09384944859908684E-03
4.92988738E+00 1.12596135584702578E-01 2.59572819402598392E-03 5.53309353653935396E-02 6.18506318942791886E-04 6.11284220913895209E-03
4.93700059E+00 1.12539094674789952E-01 2.60234950621410612E-03 5.53912396348771596E-02 6.19240808834011338E-04 6.13171339577834717E-03
4.94413311E+00 1.12481736573996030E-01 2.60895558375056442E-03 5.54570809408777357E-02 6.19976143193499214E-04 6.15045969206350421E-03
4.95128542E+00 1.12424056535682618E-01 2.61554578731762856E-03 5.55285217003618839E-02 6.20712317456642939E-04 6.16907776197817871E-03
4.95845798E+00 1.12366049922899919E-01 2.62211945555902715E-03 5.56056213190665657E-02 6.21449323380603917E-04 6.18756425464523068E-03
4.96565123E+00 1.12307712222973408E-01 2.62867590554665201E-03 5.56884360902935999E-02 6.22187148878442734E-04 6.20591580937039644E-03
4.97286560E+00 1.12249039062097308E-01 2.63521443340485528E-03 5.57770190481708811E-02 6.22925777878333121E-04 6.22412906103806795E-03
4.98010148E+00 1.12190026219838035E-01 2.64173431509712306E-03 5.58714198413913579E-02 6.23665190199324199E-04 6.24220064586127835E-03
4.98735924E+00 1.12130669643422914E-01 2.64823480737815366E-03 5.59716846124935566E-02 6.24405361450692587E-04 6.26012720747294148E-03
4.99463337E+00 1.12071013671365835E-01 2.65470993860875875E-03 5.60777745160110225E-02 6.25145666040014393E-04 6.27789114875275389E-03
5.00191536E+00 1.12011127882380448E-01 2.66115122748517789E-03 5.61895795439264281E-02 6.25885177266723180E-04 6.29546841577252689E-03
5.00920293E+00 1.11951030925519529E-01 2.66755589457061924E-03 5.63070522103116464E-02 6.26623609359874064E-04 6.31285092183620378E-03
5.01649560E+00 1.11890727085855207E-01 2.67392277151636123E-03 5.64301681005465530E-02 6.27360856337594568E-04 6.33003512643518559E-03
5.02379346E+00 1.11830215897077465E-01 2.68025123097031951E-03 5.65589092509328137E-02 6.28096871264489346E-04 6.34701905416845506E-03
5.03109700E+00 1.11769493489750099E-01 2.68654102505608023E-03 5.66932620506794757E-02 6.28831648751681333E-04 6.36380182479699946E-03
5.03840653E+00 1.11708557482274262E-01 2.69279176964605516E-03 5.68332076536639946E-02 6.29565165335821864E-04 6.38038225993059396E-03
5.04572258E+00 1.11647403752166932E-01 2.69900327882003320E-03 5.69787282719058583E-02 6.30297418739659957E-04 6.39675977254543227E-03
5.05304565E+00 1.11586028284568678E-01 2.70517537140734432E-03 5.71298039444256209E-02 6.31028405690138333E-04 6.41293384534045562E-03
5.06037620E+00 1.11524427650806307E-01 2.71130782418226544E-03 5.72864112753786320E-02 6.31758116737636218E-04 6.42890390823594796E-03
5.06771463E+00 1.11462598452403180E-01 2.71740042919851009E-03 5.74485246599957741E-02 6.32486543399354080E-04 6.44466948922624815E-03
5.07506112E+00 1.11400539649120070E-01 2.72345276745079292E-03 5.76161103603081079E-02 6.33213651205051888E-04 6.46022963291342268E-03
5.08241574E+00 1.11338250783074022E-01 2.72946439057437625E-03 5.77891302574894891E-02 6.33939401170333962E-04 6.47558338105310837E-03
5.08977894E+00 1.11275728326891074E-01 2.73543516982206010E-03 5.79675520536251584E-02 6.34663792112314155E-04 6.49073065850823156E-03
5.09715115E+00 1.11212968896508155E-01 2.74136497692715250E-03 5.81513418462993661E-02 6.35386822340385177E-04 6.50567144630719713E-03
5.10453278E+00 1.11149969257176309E-01 2.74725368258376106E-03 5.83404638925299757E-02 6.36108488804184116E-04 6.52040578052456420E-03
5.11192422E+00 1.11086726330082528E-01 2.75310115507360152E-03 5.85348806031660562E-02 6.36828786012954358E-04 6.53493375309781039E-03
5.11932583E+00 1.11023237199896568E-01 2.75890725922348784E-03 5.87345525862413009E-02 6.37547705470068241E-04 6.54925551486296251E-03
5.12673780E+00 1.10959500582932330E-01 2.76467172415060516E-03 5.89394341062016644E-02 6.38265219348940543E-04 6.56337095931739008E-03
5.13415834E+00 1.10895532056997009E-01 2.77039279438253804E-03 5.91494237016955693E-02 6.38981108210500619E-04 6.57727647469849488E-03
5.14158602E+00 1.10831344463444351E-01 2.77606903871610881E-03 5.93644213140241545E-02 6.39695175600364348E-04 6.59096943294001057E-03
5.14901751E+00 1.10766967152407692E-01 2.78169766459901132E-03 5.95842670583706935E-02 6.40407033572913502E-04 6.60444414627038567E-03
5.15645231E+00 1.10702405086651107E-01 2.78727812425314881E-03 5.98088739268744368E-02 6.41116567133967019E-04 6.61770052877905593E-03
5.16388696E+00 1.10637689373001197E-01 2.79280769998439728E-03 6.00380644944416217E-02 6.41823381176351792E-04 6.63073352278899675E-03
5.17132170E+00 1.10572818871600378E-01 2.79828654210122684E-03 6.02717650012067341E-02 6.42527442030639681E-04 6.64354503024870442E-03
5.17875315E+00 1.10507824347828534E-01 2.80371218009205182E-03 6.05097900929347163E-02 6.43228375999250644E-04 6.65613095845412825E-03
5.18617869E+00 1.10442730190516217E-01 2.80908281962696186E-03 6.07519682193197880E-02 6.43925889829416584E-04 6.66848901363383938E-03
5.19359863E+00 1.10377535033030660E-01 2.81439888340109410E-03 6.09982184238571437E-02 6.44619974599328245E-04 6.68062213484947945E-03
5.20101350E+00 1.10312235955780408E-01 2.81966094514440402E-03 6.12484691440217180E-02 6.45310641093545614E-04 6.69253362283400016E-03
5.20842327E+00 1.10246834691553372E-01 2.82486922866796025E-03 6.15026331327748546E-02 6.45997853945488474E-04 6.70422599875414565E-03
5.21582777E+00 1.10181334302439107E-01 2.83002388837745936E-03 6.17606182763412170E-02 6.46681568528345249E-04 6.71570165236052424E-03
5.22322753E+00 1.10115731759944185E-01 2.83512558811932361E-03 6.20223566562626075E-02 6.47361809553211086E-04 6.72696411572290369E-03
5.23062306E+00 1.10050024058461829E-01 2.84017500356836122E-03 6.22877825542859781E-02 6.48038606996899661E-04 6.73801692681686489E-03
5.23801402E+00 1.09984215831777699E-01 2.84517224425014092E-03 6.25568014194703842E-02 6.48711918047824017E-04 6.74886237612508030E-03
5.24540061E+00 1.09918306806806504E-01 2.85011782248451723E-03 6.28293384371676200E-02 6.49381756178036619E-04 6.75950363383547460E-03
5.25278304E+00 1.09852296919691922E-01 2.85501225099141567E-03 6.31053196161388830E-02 6.50048137490051212E-04 6.76994385782432855E-03
5.26016169E+00 1.09786184081770877E-01 2.85985620352892898E-03 6.33846808096790865E-02 6.50711102875392664E-04 6.78018653356772267E-03
5.26753708E+00 1.09719965392130303E-01 2.86465041533393765E-03 6.36673631912329369E-02 6.51370704467245680E-04 6.79023525507929226E-03
5.27490968E+00 1.09653637947634344E-01 2.86939561858422102E-03 6.39533099092799845E-02 6.52026995394949403E-04 6.80009359121723674E-03
5.28227998E+00 1.09587198841055278E-01 2.87409253948630195E-03 6.42424659960029593E-02 6.52680026966973460E-04 6.80976508714060697E-03
5.28964846E+00 1.09520645161488392E-01 2.87874189596037814E-03 6.45347783477401293E-02 6.53329845994680036E-04 6.81925326846762828E-03
5.29701559E+00 1.09453973997812176E-01 2.88334439637417820E-03 6.48301956998757062E-02 6.53976492801934908E-04 6.82856164824613161E-03
5.30438184E+00 1.09387182445641995E-01 2.88790073972359238E-03 6.51286685948783278E-02 6.54619999842587469E-04 6.83769373637913621E-03
5.31174766E+00 1.09320267617388014E-01 2.89241161740597845E-03 6.54301493436002246E-02 6.55260391339884500E-04 6.84665305022902175E-03
5.31911352E+00 1.09253226653649421E-01 2.89687771620244713E-03 6.57345919788370897E-02 6.55897684455730387E-04 6.85544312402184761E-03
5.32647986E+00 1.09186056733350925E-01 2.90129972156468168E-03 6.60419522073111276E-02 6.56531891606451992E-04 6.86406751438078250E-03
5.33384686E+00 1.09118757481547229E-01 2.90567816471423452E-03 6.63521764266889330E-02 6.57163000875202901E-04 6.87252950107315481E-03
5.34121481E+00 1.09051327517368665E-01 2.91001365463621322E-03 6.66652169937552580E-02 6.57791011890163026E-04 6.88083253506580495E-03
5.34858414E+00 1.08983764207747358E-01 2.91430689032388512E-03 6.69810337146649754E-02 6.58415940140549155E-04 6.88898024570687786E-03
5.35595517E+00 1.08916065770868958E-01 2.91855852409638773E-03 6.72995842857400939E-02 6.59037798646393172E-04 6.89697616767043220E-03
5.36332818E+00 1.08848231116275090E-01 2.92276917342083539E-03 6.76208247369904786E-02 6.59656600184705755E-04 6.90482375815061784E-03
5.37070355E+00 1.08780257718440798E-01 2.92693955168350176E-03 6.79447193042849729E-02 6.60272375404484025E-04 6.91252663300840828E-03
5.37808171E+00 1.08712143090238009E-01 2.93107037248792682E-03 6.82712337416954834E-02 6.60885154655409192E-04 6.92008837907743916E-03
5.38546304E+00 1.08643884784187530E-01 2.93516234917555203E-03 6.86003351991192611E-02 6.61494964019190639E-04 6.92751254968030240E-03
5.39284788E+00 1.08575481015662806E-01 2.93921615905932271E-03 6.89319891828073378E-02 6.62101821264457599E-04 6.93480259757621453E-03
5.40023634E+00 1.08506931716960200E-01 2.94323238509965751E-03 6.92661543187592654E-02 6.62705730678110551E-04 6.94196177109771950E-03
5.40762882E+00 1.08438234568300831E-01 2.94721175042560049E-03 6.96028012852904082E-02 6.63306721018449490E-04 6.94899353102792182E-03
5.41502568E+00 1.08369387301178038E-01 2.95115497816848208E-03 6.99419020435150807E-02 6.63904826499510966E-04 6.95590129258213691E-03
5.42242729E+00 1.08300387695836969E-01 2.95506278960854006E-03 7.02834296820077364E-02 6.64500087389684950E-04 6.96268842045187370E-03
5.42983400E+00 1.08231233578633207E-01 2.95893590189341780E-03 7.06273583514218511E-02 6.65092549586778913E-04 6.96935822466556148E-03
5.43724615E+00 1.08161922819589348E-01 2.96277502549292283E-03 7.09736631994924705E-02 6.65682263402447979E-04 6.97591395822493281E-03
5.44466408E+00 1.08092453330494290E-01 2.96658086155111855E-03 7.13223203290130059E-02 6.66269281394425814E-04 6.98235881738104320E-03
5.45208806E+00 1.08022823614885563E-01 2.97035406961383827E-03 7.16733039808499783E-02 6.66853650572768529E-04 6.98869589515607129E-03
5.45951693E+00 1.07953045583968912E-01 2.97409458234311431E-03 7.20265220723729088E-02 6.67435302699055351E-04 6.99492705516329989E-03
5.46694899E+00 1.07883136244848230E-01 2.97780208113759088E-03 7.23818560239286590E-02 6.68014125051887768E-04 7.00105377089256260E-03
5.47437910E+00 1.07813145021003476E-01 2.98147457958074192E-03 7.27390223086281651E-02 6.68589738051604131E-04 7.00707483218233635E-03
5.48180671E+00 1.07743078331243733E-01 2.98511241337304440E-03 7.30979513619785526E-02 6.69162121083565322E-04 7.01299291933128299E-03
5.48923219E+00 1.07672933975089036E-01 2.98871636166786079E-03 7.34586199122787414E-02 6.69731324539438524E-04 7.01881143349806884E-03
5.49665589E+00 1.07602709775697289E-01 2.99228718556804676E-03 7.38210064909269603E-02 6.70297399285082248E-04 7.02453373200930681E-03
5.50407816E+00 1.07532403578486133E-01 2.99582562821213393E-03 7.41850906954226869E-02 6.70860394010271361E-04 7.03016312887715100E-03
5.51149916E+00 1.07462014977783821E-01 2.99933232935994292E-03 7.45508441557875962E-02 6.71420330761313675E-04 7.03570276010430807E-03
5.51891903E+00 1.07391543902223274E-01 3.00280790098974388E-03 7.49182375847018134E-02 6.71977210222318645E-04 7.04115570402144824E-03
5.52633448E+00 1.07321022530265889E-01 3.00625137723921744E-03 7.52870750569735597E-02 6.72530772579562892E-04 7.04652256644882572E-03
5.53374489E+00 1.07250458050297828E-01 3.00966305263854596E-03 7.56572881807013736E-02 6.73080962744419505E-04 7.05180593181837199E-03
5.54115049E+00 1.07179849405589472E-01 3.01304362376200773E-03 7.60288528689811449E-02 6.73627797867442030E-04 7.05700897353611373E-03
5.54855136E+00 1.07109197065841780E-01 3.01639370735878355E-03 7.64017384678961076E-02 6.74171289762004315E-04 7.06213469358912913E-03
5.55594788E+00 1.07038498566586301E-01 3.01971405186402149E-03 7.67759304928801595E-02 6.74711477400891102E-04 7.06718624367231631E-03
5.56334043E+00 1.06967751478768344E-01 3.02300539235154280E-03 7.71514152375592649E-02 6.75248401212405567E-04 7.07216669965662122E-03
5.57072937E+00 1.06896953408904219E-01 3.02626844980062809E-03 7.75281796199348977E-02 6.75782101137363121E-04 7.07707906150010710E-03
5.57811506E+00 1.06826102000145945E-01 3.02950393030528876E-03 7.79062110891299425E-02 6.76312616048368770E-04 7.08192625323466642E-03
5.58549785E+00 1.06755194933950470E-01 3.03271252426027963E-03 7.82854975615648874E-02 6.76839984662968176E-04 7.08671112224530490E-03
5.59287772E+00 1.06684233464049150E-01 3.03589474755903326E-03 7.86660085293269390E-02 6.77364221186454855E-04 7.09143620359173853E-03
5.60025489E+00 1.06613216398449548E-01 3.03905121469216647E-03 7.90477268061401256E-02 6.77885361553614988E-04 7.09610412733631402E-03
5.60762969E+00 1.06542141655917924E-01 3.04218256482335263E-03 7.94306404971175106E-02 6.78403451373218048E-04 7.10071750657522652E-03
5.61500241E+00 1.06471007202097956E-01 3.04528941860473168E-03 7.98147379811679908E-02 6.78918537182603989E-04 7.10527887499663204E-03
5.62237336E+00 1.06399811052346208E-01 3.04837237748313995E-03 8.02000078008313078E-02 6.79430663855267163E-04 7.10979068964708982E-03
5.62974283E+00 1.06328551274952457E-01 3.05143202301976120E-03 8.05864385987771631E-02 6.79939872512841880E-04 7.11425533479661826E-03
5.63711110E+00 1.06257225994674104E-01 3.05446891624663831E-03 8.09740190595381049E-02 6.80446199924199073E-04 7.11867512594663385E-03
5.64447843E+00 1.06185833396571297E-01 3.05748359711507196E-03 8.13627378544257707E-02 6.80949679462914672E-04 7.12305231326666385E-03
5.65184509E+00 1.06114371730135090E-01 3.06047658409304120E-03 8.17525835895652059E-02 6.81450342828057070E-04 7.12738908434517367E-03
5.65921098E+00 1.06042842774563301E-01 3.06344823044948315E-03 8.21435259372945564E-02 6.81948197306365511E-04 7.13168735924532039E-03
5.66657518E+00 1.05971255944456999E-01 3.06639856113174189E-03 8.25354929631805095E-02 6.82443198231373182E-04 7.13594855919950834E-03
5.67393738E+00 1.05899615161627783E-01 3.06932782073158009E-03 8.29284422207667432E-02 6.82935339280345429E-04 7.14017440173861026E-03
5.68129537E+00 1.05827942667744146E-01 3.07223550058812736E-03 8.33222312617701438E-02 6.83424486859927449E-04 7.14436549852495110E-03
5.68864942E+00 1.05756236606790080E-01 3.07512207138520332E-03 8.37168483714635925E-02 6.83910669512636008E-04 7.14852385463970313E-03
5.69599953E+00 1.05684497546925327E-01 3.07798788905427846E-03 8.41122694024478146E-02 6.84393893858254170E-04 7.15265128852288819E-03
5.70334478E+00 1.05612735348647194E-01 3.08083292699753855E-03 8.45084193821284690E-02 6.84874100071487910E-04 7.15674904456895401E-03
5.71068539E+00 1.05540948503636350E-01 3.08365760179621059E-03 8.49052853929048446E-02 6.85351302498669076E-04 7.16081897906925991E-03
5.71802166E+00 1.05469134910108092E-01 3.08646233730849699E-03 8.53028582451662298E-02 6.85825517459395470E-04 7.16486292955761678E-03
5.72535385E+00 1.05397292516445570E-01 3.08924753959207658E-03 8.57011287365383873E-02 6.86296759609609890E-04 7.16888267666558783E-03
5.73268225E+00 1.05325419324666200E-01 3.09201359756701129E-03 8.61000875208099981E-02 6.86765042219721089E-04 7.17287994388493035E-03
5.74000706E+00 1.05253513914778815E-01 3.09476086375766023E-03 8.64997221797707549E-02 6.87230373937475322E-04 7.17685636895228768E-03
5.74732847E+00 1.05181575024929280E-01 3.09748967153216596E-03 8.69000194958337441E-02 6.87692761771720195E-04 7.18081352781278683E-03
5.75464675E+00 1.05109600775008707E-01 3.10020036494561323E-03 8.73009697425347203E-02 6.88152216349042882E-04 7.18475297674929948E-03
5.76196213E+00 1.05037589348591393E-01 3.10289327281122566E-03 8.77025629176883814E-02 6.88608747855780075E-04 7.18867621345735137E-03
5.76927485E+00 1.04965538995687557E-01 3.10556870894586551E-03 8.81047886972779609E-02 6.89062366472524904E-04 7.19258467597750761E-03
5.77658514E+00 1.04893448035383530E-01 3.10822697234829515E-03 8.85076363983632736E-02 6.89513082747138240E-04 7.19647974207953366E-03
5.78389322E+00 1.04821314858371276E-01 3.11086834730100840E-03 8.89110949371147985E-02 6.89960907814060782E-04 7.20036272935835418E-03
5.79119930E+00 1.04749137929390668E-01 3.11349310339201516E-03 8.93151528022695512E-02 6.90405853442476792E-04 7.20423489597095054E-03
5.79850357E+00 1.04676915789604336E-01 3.11610149546720679E-03 8.97197980263062800E-02 6.90847931962322928E-04 7.20809744167548016E-03
5.80580592E+00 1.04604650173796693E-01 3.11869365198105559E-03 9.01250007598619479E-02 6.91287137236384539E-04 7.21195134253076013E-03
5.81310636E+00 1.04532341333797546E-01 3.12126974505017290E-03 9.05307392608063338E-02 6.91723473328735030E-04 7.21579760251678075E-03
5.82040509E+00 1.04459987902988147E-01 3.12382999336875992E-03 9.09370007654141110E-02 6.92156954762663873E-04 7.21963726001716936E-03
5.82770228E+00 1.04387588592351296E-01 3.12637460071942029E-03 9.13437720635909278E-02 6.92587595769834875E-04 7.22347129738259899E-03
5.83499810E+00 1.04315142192821800E-01 3.12890375599988698E-03 9.17510394293632736E-02 6.93015409844154550E-04 7.22730064168154978E-03
5.84229271E+00 1.04242647577827682E-01 3.13141763334316226E-03 9.21587886001554862E-02 6.93440409244382660E-04 7.23112616604439269E-03
5.84958625E+00 1.04170103705889708E-01 3.13391639232125322E-03 9.25670047573293603E-02 6.93862604571019934E-04 7.23494869144550821E-03
5.85687885E+00 1.04097509623197387E-01 3.13640017822859390E-03 9.29756725068712903E-02 6.94282004559277494E-04 7.23876898852252905E-03
5.86417066E+00 1.04024864466100736E-01 3.13886912244424341E-03 9.33847758691882662E-02 6.94698616155554525E-04 7.24258777900623537E-03
5.87146173E+00 1.03952167929731526E-01 3.14132332715432155E-03 9.37942956492093943E-02 6.95112442163040782E-04 7.24640571201174560E-03
5.87875178E+00 1.03879423263989440E-01 3.14376276613736322E-03 9.42041926044419192E-02 6.95523464801786010E-04 7.25022320700172661E-03
5.88604091E+00 1.03806629909223957E-01 3.14618753413419862E-03 9.46144487210861668E-02 6.95931687857795789E-04 7.25404084119508213E-03
5.89332919E+00 1.03733787399788391E-01 3.14859771427486966E-03 9.50250454474520778E-02 6.96337114218334658E-04 7.25785914423093294E-03
5.90061662E+00 1.03660896239189004E-01 3.15099334999716010E-03 9.54359587483367550E-02 6.96739740935747582E-04 7.26167855240700700E-03
5.90790311E+00 1.03587957565383387E-01 3.15337445756775150E-03 9.58471609469201402E-02 6.97139561135123008E-04 7.26549942654869732E-03
5.91518872E+00 1.03514971196632471E-01 3.15574109059929900E-03 9.62586317073503145E-02 6.97536574743958492E-04 7.26932215477604001E-03
5.92247350E+00 1.03441937044682852E-01 3.15809329374525495E-03 9.66703501452772090E-02 6.97930780750072159E-04 7.27314707838906584E-03
5.92975748E+00 1.03368855114272379E-01 3.16043110335118265E-03 9.70822948118296586E-02 6.98322177475668954E-04 7.27697449170573198E-03
5.93704069E+00 1.03295725502369928E-01 3.16275454810915511E-03 9.74944436995638097E-02 6.98710762909468411E-04 7.28080464176255812E-03
5.94432314E+00 1.03222548397067473E-01 3.16506364970178204E-03 9.79067742472461977E-02 6.99096535046803591E-04 7.28463772797365797E-03
5.95160483E+00 1.03149324076099488E-01 3.16735842342399324E-03 9.83192633557498225E-02 6.99479492197962538E-04 7.28847390187648859E-03
5.95888577E+00 1.03076052904979759E-01 3.16963887877115547E-03 9.87318874006263697E-02 6.99859633230971506E-04 7.29231326708416460E-03
5.96616595E+00 1.03002735334762494E-01 3.17190501998423739E-03 9.91446222500207003E-02 7.00236957730737404E-04 7.29615587951127926E-03
5.97344531E+00 1.02929372202347866E-01 3.17415683726461574E-03 9.95574415864899365E-02 7.00611464546274025E-04 7.30000173194013391E-03
5.98072332E+00 1.02855969275653755E-01 3.17639416915554192E-03 9.99702914267064230E-02 7.00983128949602481E-04 7.30385051562104474E-03
5.98799993E+00 1.02782527482778913E-01 3.17861700317277618E-03 1.00383144882267836E-01 7.01351952627713490E-04 7.30770213401176968E-03
5.99527507E+00 1.02709047650742527E-01 3.18082532877282187E-03 1.00795975704714991E-01 7.01717939221169294E-04 7.31155645489232897E-03
6.00254870E+00 1.02635530662562785E-01 3.18301913268318739E-03 1.01208757366786001E-01 7.02081093580020918E-04 7.31541330279047736E-03
6.00982077E+00 1.02561977452837530E-01 3.18519839921464981E-03 1.01621463086954231E-01 7.02441421795598929E-04 7.31927246012863738E-03
6.01709120E+00 1.02488389003285343E-01 3.18736311056723844E-03 1.02034065850982722E-01 7.02798931153369175E-04 7.32313366866527496E-03
6.02435987E+00 1.02414767031351384E-01 3.18951322692494904E-03 1.02446534586467020E-01 7.03153626683745351E-04 7.32699659479469495E-03
6.03162643E+00 1.02341115338294250E-01 3.19164864833274822E-03 1.02858826649957588E-01 7.03505504688516992E-04 7.33086076044770982E-03
6.03889044E+00 1.02267438623198675E-01 3.19376925107596032E-03 1.03270894486904075E-01 7.03854558531384839E-04 7.33472560754157635E-03
6.04615184E+00 1.02193738012552743E-01 3.19587501626335171E-03 1.03682710599315886E-01 7.04200799517590141E-04 7.33859073536107485E-03
6.05341055E+00 1.02120014639908357E-01 3.19796592496841576E-03 1.04094247606716886E-01 7.04544239337444485E-04 7.34245571482857861E-03
6.06066648E+00 1.02046269641293777E-01 3.20004195853727368E-03 1.04505478250817255E-01 7.04884889907157535E-04 7.34632009099408893E-03
6.06791957E+00 1.01972504150963886E-01 3.20210309893914115E-03 1.04916375425636366E-01 7.05222763281015464E-04 7.35018338547367180E-03
6.07516973E+00 1.01898719297354792E-01 3.20414932914636196E-03 1.05326912209043680E-01 7.05557871636782385E-04 7.35404509876693042E-03
6.08241688E+00 1.01824916199174068E-01 3.20618063353571162E-03 1.05737061902574148E-01 7.05890227314309769E-04 7.35790471244564346E-03
6.08966096E+00 1.01751095961614260E-01 3.20819699830039587E-03 1.06146798063084830E-01 7.06219842881578995E-04 7.36176169123905870E-03
6.09690188E+00 1.01677259672661752E-01 3.21019841186066151E-03 1.06556094538488286E-01 7.06546731214536248E-04 7.36561548503356783E-03
6.10413958E+00 1.01603408399505227E-01 3.21218486526018933E-03 1.06964925500625738E-01 7.06870905592512830E-04 7.36946553078914046E-03
6.11137399E+00 1.01529543185033919E-01 3.21415635253689260E-03 1.07373265474318955E-01 7.07192379812793888E-04 7.37331125436492367E-03
6.11860503E+00 1.01455665044432972E-01 3.21611287105959525E-03 1.07781089370610761E-01 7.07511168314833177E-04 7.37715207226021397E-03
6.12583265E+00 1.01381774961886148E-01 3.21805442182488159E-03 1.08188372517299847E-01 7.07827286292478288E-04 7.38098739328781929E-03
6.13305679E+00 1.01307873887398495E-01 3.21998100971089985E-03 1.08595090678373807E-01 7.08140749774869801E-04 7.38481662020509886E-03
6.14027739E+00 1.01233962733755636E-01 3.22189264368816924E-03 1.09001220092125359E-01 7.08451575670450352E-04 7.38863915131796837E-03
6.14749440E+00 1.01160042373637071E-01 3.22378933698948744E-03 1.09406737485188740E-01 7.08759781781828180E-04 7.39245438207207940E-03
6.15470777E+00 1.01086113636899150E-01 3.22567110724278176E-03 1.09811620103120525E-01 7.09065386804301305E-04 7.39626170665213297E-03
6.16191745E+00 1.01012177308040990E-01 3.22753797657138490E-03 1.10215845729704873E-01 7.09368410318363530E-04 7.40006051961632303E-03
6.16912340E+00 1.00938234123864823E-01 3.22938997166552413E-03 1.10619392704419187E-01 7.09668872782751666E-04 7.40385021759091492E-03
6.17632560E+00 1.00864284771330234E-01 3.23122712382827894E-03 1.11022239944783899E-01 7.09966795533712607E-04 7.40763020103007812E-03
6.18352400E+00 1.00790329885607710E-01 3.23304946899788479E-03 1.11424366962242796E-01 7.10262200792951301E-04 7.41139987601936810E-03
6.19071859E+00 1.00716370048323539E-01 3.23485704774871628E-03 1.11825753875484810E-01 7.10555111674702556E-04 7.41515865608960607E-03
6.19790934E+00 1.00642405785999492E-01 3.23664990527233482E-03 1.12226381426356339E-01 7.10845552168624288E-04 7.41890596400822215E-03
6.20509624E+00 1.00568437568670316E-01 3.23842809134043067E-03 1.12626230991835649E-01 7.11133547073942215E-04 7.42264123352422058E-03
6.21227928E+00 1.00494465808684222E-01 3.24019166025028317E-03 1.13025284595325543E-01 7.11419121875172633E-04 7.42636391104939918E-03
6.21945845E+00 1.00420490859679565E-01 3.24194067075422258E-03 1.13423524915712295E-01 7.11702302572033330E-04 7.43007345726046358E-03
6.22663376E+00 1.00346513015731276E-01 3.24367518597283621E-03 1.13820935298118847E-01 7.11983115495473337E-04 7.43376934860642304E-03
6.23380522E+00 1.00272532510665979E-01 3.24539527329283659E-03 1.14217499758508867E-01 7.12261587154093523E-04 7.43745107870948195E-03
6.24097283E+00 1.00198549517540994E-01 3.24710100424907295E-03 1.14613202993982574E-01 7.12537744156564235E-04 7.44111815965977155E-03
6.24813661E+00 1.00124564148278430E-01 3.24879245439034427E-03 1.15008030385263443E-01 7.12811613228765987E-04 7.44477012321361625E-03
6.25529659E+00 1.00050576453449433E-01 3.25046970312818347E-03 1.15401968003643010E-01 7.13083221280027819E-04 7.44840652191193844E-03
6.26245279E+00 9.99765864221995315E-02 3.25213283356752363E-03 1.15795002612205891E-01 7.13352595416142385E-04 7.45202693013021205E-03
6.26960526E+00 9.99025939823175863E-02 3.25378193232044250E-03 1.16187121670956267E-01 7.13619762835028407E-04 7.45563094506467797E-03
6.27675402E+00 9.98285990004378343E-02 3.25541708930519738E-03 1.16578313336907435E-01 7.13884750668494078E-04 7.45921818765130518E-03
6.28389913E+00 9.97546012823843919E-02 3.25703839753600398E-03 1.16968566464743323E-01 7.14147585879227774E-04 7.46278830340428231E-03
6.29104063E+00 9.96806005736592532E-02 3.25864595291064808E-03 1.17357870610056217E-01 7.14408295187246426E-04 7.46634096315633954E-03
6.29817859E+00 9.96065965600674286E-02 3.26023985400363371E-03 1.17746216022232883E-01 7.14666904908791106E-04 7.46987586367767707E-03
6.30531306E+00 9.95325888684827770E-02 3.26182020187237073E-03 1.18133593649300872E-01 7.14923440747941520E-04 7.47339272815045023E-03
6.31244410E+00 9.94585770677365449E-02 3.26338709988117188E-03 1.18519995131064815E-01 7.15177927764272634E-04 7.47689130648310392E-03
6.31957180E+00 9.93845606696160261E-02 3.26494065354552545E-03 1.18905412797224164E-01 7.15430390615203241E-04 7.48037137546125105E-03
6.32669622E+00 9.93105391299528156E-02 3.26648097039537082E-03 1.19289839663969832E-01 7.15680853876388980E-04 7.48383273874487619E-03
6.33381745E+00 9.92365118497847976E-02 3.26800815985444845E-03 1.19673269427164441E-01 7.15929342180247484E-04 7.48727522672919948E-03
6.34093557E+00 9.91624781765747115E-02 3.26952233313087355E-03 1.20055696460667827E-01 7.16175880133032095E-04 7.49069869628832437E-03
6.34805067E+00 9.90884374054743500E-02 3.27102360311363333E-03 1.20437115806679818E-01 7.16420492186828459E-04 7.49410303041509081E-03
6.35516286E+00 9.90143887806351902E-02 3.27251208426966415E-03 1.20817523171588045E-01 7.16663202595749400E-04 7.49748813777102122E-03
6.36227222E+00 9.89403314965504876E-02 3.27398789253632080E-03 1.21196914918592455E-01 7.16904035384992983E-04 7.50085395216385994E-03
6.36937886E+00 9.88662646994274696E-02 3.27545114520328817E-03 1.21575288063765413E-01 7.17143014239766323E-04 7.50420043197225651E-03
6.37648289E+00 9.87921874885767937E-02 3.27690196077819402E-03 1.21952640261716122E-01 7.17380162394513411E-04 7.50752755953089726E-03
6.38358442E+00 9.87180989178075563E-02 3.27834045883055583E-03 1.22328969806617269E-01 7.17615502661186010E-04 7.51083534048676508E-03
6.39068357E+00 9.86439979968143782E-02 3.27976675981072599E-03 1.22704275618693973E-01 7.17849057572987398E-04 7.51412380314143979E-03
6.39778045E+00 9.85698836925543581E-02 3.28118098484286250E-03 1.23078557238508732E-01 7.18080849484578664E-04 7.51739299779409856E-03
6.40487519E+00 9.84957549306166302E-02 3.28258325549411799E-03 1.23451814816026517E-01 7.18310900528204197E-04 7.52064299609378484E-03
6.41196792E+00 9.84216105965900062E-02 3.28397369352449514E-03 1.23824049107798484E-01 7.18539232452149244E-04 7.52387389040106054E-03
6.41905876E+00 9.83474495374523361E-02 3.28535242062448669E-03 1.24195261460123205E-01 7.18765866421873273E-04 7.52708579314894169E-03
6.42614785E+00 9.82732705629820041E-02 3.28671955814795018E-03 1.24565453804980061E-01 7.18990822856283734E-04 7.53027883618130871E-03
6.43323532E+00 9.81990724472062010E-02 3.28807522684763757E-03 1.24934628649618087E-01 7.19214121344316677E-04 7.53345317004135238E-03
6.44032131E+00 9.81248539298752581E-02 3.28941954662003268E-03 1.25302789065469822E-01 7.19435780648132873E-04 7.53660896319074784E-03
6.44740596E+00 9.80506137179625453E-02 3.29075263626362304E-03 1.25669938680087245E-01 7.19655818776754981E-04 7.53974640115324772E-03
6.45448943E+00 9.79763504871711821E-02 3.29207461325337113E-03 1.26036081661262817E-01 7.19874253120294160E-04 7.54286568558702915E-03
6.46157185E+00 9.79020628834447876E-02 3.29338559353173441E-03 1.26401222716089112E-01 7.20091100618559126E-04 7.54596703329467409E-03
6.46865337E+00 9.78277495244679191E-02 3.29468569131654340E-03 1.26765367071922069E-01 7.20306377890870815E-04 7.54905067518589230E-03
6.47573414E+00 9.77534090011575596E-02 3.29597501892541422E-03 1.27128520469815182E-01 7.20520101263864257E-04 7.55211685520867145E-03
6.48281433E+00 9.76790398791401449E-02 3.29725368661558686E-03 1.27490689155533354E-01 7.20732286726053026E-04 7.55516582925701719E-03
6.48989408E+00 9.76046407002170158E-02 3.29852180243788871E-03 1.27851879866151624E-01 7.20942949898311833E-04 7.55819786405778106E-03
6.49697355E+00 9.75302099838099013E-02 3.29977947210248739E-03 1.28212099823314246E-01 7.21152106065871767E-04 7.56121323605263990E-03
6.50405289E+00 9.74557462283881654E-02 3.30102679885214186E-03 1.28571356723786306E-01 7.21359770254782133E-04 7.56421223030682554E-03
6.51113228E+00 9.73812479128673136E-02 3.30226388333791209E-03 1.28929658725677299E-01 7.21565957330780913E-04 7.56719513947601025E-03
6.51821187E+00 9.73067134979799520E-02 3.30349082349169418E-03 1.29287014447553916E-01 7.21770682103208818E-04 7.57016226285301894E-03
6.52529182E+00 9.72321414276166307E-02 3.30470771439224549E-03 1.29643432951634607E-01 7.21973959397914622E-04 7.57311390551049755E-03
6.53237230E+00 9.71575301301366712E-02 3.30591464812306658E-03 1.29998923740667266E-01 7.22175804069929918E-04 7.57605037754378440E-03
6.53945348E+00 9.70828780196654056E-02 3.30711171362272575E-03 1.30353496747316500E-01 7.22376230958385280E-04 7.57897199340407980E-03
6.54653551E+00 9.70081834973713503E-02 3.30829899653116736E-03 1.30707162326519966E-01 7.22575254791166721E-04 7.58187907130970784E-03
6.55361857E+00 9.69334449527416708E-02 3.30947657903475634E-03 1.31059931248952960E-01 7.22772890039483627E-04 7.58477193273061033E-03
6.56070283E+00 9.68586607648602299E-02 3.31064453971392780E-03 1.31411814691988871E-01 7.22969150734981201E-04 7.58765090193289516E-03
6.56778845E+00 9.67838293036957092E-02 3.31180295339596588E-03 1.31762824232487252E-01 7.23164050261369058E-04 7.59051630556404483E-03
6.57487560E+00 9.67089489314071626E-02 3.31295189101612521E-03 1.32112971840339127E-01 7.23357601111442191E-04 7.59336847226496723E-03
6.58196445E+00 9.66340180036779905E-02 3.31409141948936373E-03 1.32462269871383959E-01 7.23549814616857457E-04 7.59620773229168281E-03
6.58905517E+00 9.65590348710866075E-02 3.31522160159472253E-03 1.32810731059668286E-01 7.23740700708761582E-04 7.59903441711627138E-03
6.59614793E+00 9.64839978805102777E-02 3.31634249587408388E-03 1.33158368511512054E-01 7.23930267781055484E-04 7.60184885898099010E-03
6.60324290E+00 9.64089053765413428E-02 3.31745415654590217E-03 1.33505195699005902E-01 7.24118522696472308E-04 7.60465139040389371E-03
6.61034024E+00 9.63337557028873109E-02 3.31855663343285853E-03 1.33851226454478556E-01 7.24305470937946692E-04 7.60744234364246676E-03
6.61744014E+00 9.62585472037078976E-02 3.31964997190176267E-03 1.34196474959377116E-01 7.24491116858117326E-04 7.61022205012047270E-03
6.62454275E+00 9.61832782248685375E-02 3.32073421281406118E-03 1.34540955747060653E-01 7.24675463925975689E-04 7.61299083983394461E-03
6.63164824E+00 9.61079471150959042E-02 3.32180939248574334E-03 1.34884683686168544E-01 7.24858514881216213E-04 7.61574904076177568E-03
6.63875679E+00 9.60325522270533971E-02 3.32287554265491350E-03 1.35227673980493956E-01 7.25040271788321921E-04 7.61849697829064705E-03
6.64586855E+00 9.59570919183456994E-02 3.32393269045667961E-03 1.35569942159662810E-01 7.25220736037843899E-04 7.62123497464873081E-03
6.65298371E+00 9.58815645524735277E-02 3.32498085840564122E-03 1.35911504074756329E-01 7.25399908331719246E-04 7.62396334834463361E-03
6.66010241E+00 9.58059684997516203E-02 3.32602006438656277E-03 1.36252375890553473E-01 7.25577788676082377E-04 7.62668241361033269E-03
6.66722484E+00 9.57303021381925162E-02 3.32705032165343025E-03 1.36592574077243345E-01 7.25754376410302346E-04 7.62939247984047685E-03
6.67435114E+00 9.56545638543676441E-02 3.32807163883784302E-03 1.36932115408954419E-01 7.25929670279559661E-04 7.63209385102506764E-03
6.68148150E+00 9.55787520442422656E-02 3.32908401996686535E-03 1.37271016950503949E-01 7.26103668520538485E-04 7.63478682518210425E-03
6.68861606E+00 9.55028651139931822E-02 3.33008746449163940E-03 1.37609296058022995E-01 7.26276368931489725E-04 7.63747169379534654E-03
6.69575499E+00 9.54269014808067362E-02 3.33108196732806276E-03 1.37946970365220245E-01 7.26447768928480315E-04 7.64014874124906412E-03
6.70289846E+00 9.53508595736638764E-02 3.33206751891227792E-03 1.38284057783683134E-01 7.26617865604576663E-04 7.64281824425261380E-03
6.71004661E+00 9.52747378341076284E-02 3.33304410527284368E-03 1.38620576490919578E-01 7.26786655815697203E-04 7.64548047124342500E-03
6.71719961E+00 9.51985347169942292E-02 3.33401170812010119E-03 1.38956544927734099E-01 7.26954136316731265E-04 7.64813568175420292E-03
6.72435761E+00 9.51222486912170206E-02 3.33497030495184636E-03 1.39291981792253466E-01 7.27120303930581702E-04 7.65078412574641663E-03
6.73152077E+00 9.50458782404009078E-02 3.33591986917216058E-03 1.39626906030501485E-01 7.27285155678221006E-04 7.65342604293316967E-03
6.73868925E+00 9.49694218635617343E-02 3.33686037021853604E-03 1.39961336835983996E-01 7.27448688788801933E-04 7.65606166210963841E-03
6.74586318E+00 9.48928780757410800E-02 3.33779177369303943E-03 1.40295293640727931E-01 7.27610900523739407E-04 7.65869120049756779E-03
6.75304273E+00 9.48162454086315248E-02 3.33871404149438606E-03 1.40628796112602428E-01 7.27771787778319569E-04 7.66131486311556666E-03
6.76022805E+00 9.47395224112208278E-02 3.33962713194805401E-03 1.40961864150446814E-01 7.27931346548340717E-04 7.66393284217136393E-03
6.76741927E+00 9.46627076504663878E-02 3.34053099993224028E-03 1.41294517879326842E-01 7.28089571518382114E-04 7.66654531644245154E-03
6.77461655E+00 9.45857997119886329E-02 3.34142559699912014E-03 1.41626777648193952E-01 7.28246456008913132E-04 7.66915245063302421E-03
6.78182003E+00 9.45087972007173371E-02 3.34231087149126959E-03 1.41958664027862697E-01 7.28401992278264053E-04 7.67175439474649442E-03
6.78902985E+00 9.44316987414225151E-02 3.34318676865376146E-03 1.42290197804925550E-01 7.28556171985866082E-04 7.67435128350980791E-03
6.79624616E+00 9.43545029790940626E-02 3.34405323074168882E-03 1.42621399982724467E-01 7.28708986619085479E-04 7.67694323586202900E-03
6.80346908E+00 9.42772085791710041E-02 3.34491019712478913E-03 1.42952291773716683E-01 7.28860427760855286E-04 7.67953035452611024E-03
6.81069876E+00 9.41998142276563311E-02 3.34575760439034375E-03 1.43282894600889166E-01 7.29010487188586661E-04 7.68211272566925608E-03
6.81793534E+00 9.41223186311503229E-02 3.34659538644723831E-03 1.43613230090100213E-01 7.29159156897437265E-04 7.68469041860930183E-03
6.82517894E+00 9.40447205168357947E-02 3.34742347463675826E-03 1.43943320069974484E-01 7.29306429118249493E-04 7.68726348552931094E-03
6.83242970E+00 9.39670186324275125E-02 3.34824179785608725E-03 1.44273186566807904E-01 7.29452296327556577E-04 7.68983196120305926E-03
6.83968774E+00 9.38892117461056080E-02 3.34905028269876469E-03 1.44602851801196197E-01 7.29596751256106476E-04 7.69239586273091566E-03
6.84695320E+00 9.38112986464332277E-02 3.34984885361573267E-03 1.44932338181216203E-01 7.29739786906386922E-04 7.69495518927763508E-03
6.85422621E+00 9.37332781422705735E-02 3.35063743310151521E-03 1.45261668305654623E-01 7.29881396537522477E-04 7.69750992182827685E-03
6.86150688E+00 9.36551490626844757E-02 3.35141594190858970E-03 1.45590864947234278E-01 7.30021573600125808E-04 7.70006002297146924E-03
6.86879534E+00 9.35769102568617672E-02 3.35218429929360533E-03 1.45919951062857683E-01 7.30160311689122959E-04 7.70260543667751398E-03
6.87609171E+00 9.34985605940208409E-02 3.35294242329870493E-03 1.46248949773463144E-01 7.30297604581312291E-04 7.70514608803151910E-03
6.88339611E+00 9.34200989633189316E-02 3.35369023106839043E-03 1.46577884373451733E-01 7.30433446356891394E-04 7.70768188289635420E-03
6.89070866E+00 9.33415242737425932E-02 3.35442763919960351E-03 1.46906778311950842E-01 7.30567831554534866E-04 7.71021270749092710E-03
6.89802947E+00 9.32628354539738330E-02 3.35515456412041396E-03 1.47235655198482029E-01 7.30700755271741558E-04 7.71273842789378661E-03
6.90535866E+00 9.31840314522313223E-02 3.35587092249251375E-03 1.47564538789285743E-01 7.30832213104482789E-04 7.71525888950777301E-03
6.91269635E+00 9.31051112361038630E-02 3.35657663163342872E-03 1.47893452987497925E-01 7.30962200841949014E-04 7.71777391651026073E-03
6.92004263E+00 9.30260737924024778E-02 3.35727160995770305E-03 1.48222421834744406E-01 7.31090713905034801E-04 7.72028331130278529E-03
6.92739762E+00 9.29469181270809602E-02 3.35795577743778920E-03 1.48551469505958850E-01 7.31217746724466375E-04 7.72278685395192104E-03
6.93476144E+00 9.28676432652364020E-02 3.35862905608756051E-03 1.48880620306187317E-01 7.31343292486045225E-04 7.72528430158522534E-03
6.94213419E+00 9.27882482511553364E-02 3.35929137047161598E-03 1.49209898665727120E-01 7.31467343530740497E-04 7.72777538774300447E-03
6.94951596E+00 9.27087321483008181E-02 3.35994264824111041E-03 1.49539329131384707E-01 7.31589892225578513E-04 7.73025982175817080E-03
6.95690688E+00 9.26290940391511219E-02 3.36058282068942655E-03 1.49868936371190337E-01 7.31710931886481500E-04 7.73273728823781811E-03
6.96430703E+00 9.25493330248614715E-02 3.36121182331644520E-03 1.50198745156619462E-01 7.31830457457796298E-04 7.73520744670143454E-03
6.97171653E+00 9.24694482247692545E-02 3.36182959638984830E-03 1.50528780368111903E-01 7.31948465853280057E-04 7.73766993143781747E-03
6.97913546E+00 9.23894387757874525E-02 3.36243608549541793E-03 1.50859066982477807E-01 7.32064956071838712E-04 7.74012435159130135E-03
6.98656394E+00 9.23093038317196607E-02 3.36303124207297955E-03 1.51189630070050096E-01 7.32179929311125026E-04 7.74257029141449133E-03
6.99400206E+00 9.22290425625191673E-02 3.36361502393742792E-03 1.51520494789992827E-01 7.32293389193549096E-04 7.74500731064523430E-03
7.00144992E+00 9.21486541534914660E-02 3.36418739578053056E-03 1.51851686381411471E-01 7.32405342076531372E-04 7.74743494501247722E-03
7.00890761E+00 9.20681378044423127E-02 3.36474832964563748E-03 1.52183230158062538E-01 7.32515797352019794E-04 7.74985270687099295E-03
7.01637523E+00 9.19874927287683414E-02 3.36529780536871329E-03 1.52515151504586083E-01 7.32624767545614819E-04 7.75226008600903363E-03
7.02385288E+00 9.19067181525216048E-02 3.36583581098524312E-03 1.52847475863942733E-01 7.32732268037496431E-04 7.75465655072525833E-03
7.03134063E+00 9.18258133134757376E-02 3.36636234311101781E-03 1.53180228736367358E-01 7.32838316463055935E-04 7.75704154919714967E-03
7.03883860E+00 9.17447774602606902E-02 3.36687740731942678E-03 1.53513435668912707E-01 7.32942932014017060E-04 7.75941451108109938E-03
7.04634687E+00 9.16636098516040582E-02 3.36738101854584717E-03 1.53847122250065277E-01 7.33046134838568047E-04 7.76177484928868011E-03
7.05386554E+00 9.15823097557180582E-02 3.36787320154394469E-03 1.54181314097469491E-01 7.33147945725430008E-04 7.76412196186202462E-03
7.06139468E+00 9.15008764498101007E-02 3.36835399140087343E-03 1.54516036858616757E-01 7.33248386151997243E-04 7.76645523385707023E-03
7.06893440E+00 9.14193092196792234E-02 3.36882343409448601E-03 1.54851316193459765E-01 7.33347478506299658E-04 7.76877403921687540E-03
7.07648478E+00 9.13376073593441667E-02 3.36928158705576686E-03 1.55187177765232553E-01 7.33445246177078717E-04 7.77107774265867537E-03
7.08404592E+00 9.12557701706852298E-02 3.36972851969923742E-03 1.55523647238064278E-01 7.33541713402028738E-04 7.77336570156706048E-03
7.09161789E+00 9.11737969631083861E-02 3.37016431390212666E-03 1.55860750256314629E-01 7.33636905063398868E-04 7.77563726787731859E-03
7.09917796E+00 9.10919341952618061E-02 3.37058779441627059E-03 1.56197494567900719E-01 7.33730564972047915E-04 7.77788497754549127E-03
7.10671355E+00 9.10103187804742336E-02 3.37099848436110249E-03 1.56533339974541580E-01 7.33822577092942195E-04 7.78010460042125995E-03
7.11422527E+00 9.09289444550003823E-02 3.37139669012261316E-03 1.56868332608947059E-01 7.33912993254351139E-04 7.78229593978101760E-03
7.12171299E+00 9.08478132154436346E-02 3.37178268582206953E-03 1.57202483309927893E-01 7.34001855923657547E-04 7.78445860083234759E-03
7.12917729E+00 9.07669192482968012E-02 3.37215679159492965E-03 1.57535835386219125E-01 7.34089215869903819E-04 7.78659242059609544E-03
7.13661862E+00 9.06862580751755937E-02 3.37251932755670359E-03 1.57868425944255014E-01 7.34175121839440877E-04 7.78869721738598662E-03
7.14403581E+00 9.06058430258764175E-02 3.37287054330780373E-03 1.58200218021931377E-01 7.34259603697070434E-04 7.79077236641981252E-03
7.15142875E+00 9.05256756891762437E-02 3.37321075358154717E-03 1.58531222572557667E-01 7.34342704837008986E-04 7.79281758291341421E-03
7.15879599E+00 9.04457722039321704E-02 3.37354022323472277E-03 1.58861389507707979E-01 7.34424455396467946E-04 7.79483224297302865E-03
7.16613713E+00 9.03661373913744875E-02 3.37385927842733663E-03 1.59190714945216832E-01 7.34504900170358257E-04 7.79681605256795588E-03
7.17345282E+00 9.02867648064463874E-02 3.37416829947823202E-03 1.59519240789325834E-01 7.34584098423815253E-04 7.79876903196870860E-03
7.18074367E+00 9.02076480227778088E-02 3.37446767185604381E-03 1.59847008299187326E-01 7.34662111904535084E-04 7.80069122473343000E-03
7.18801033E+00 9.01287806328976426E-02 3.37475778600905812E-03 1.60174058196389552E-01 7.34739003557707067E-04 7.80258269824413934E-03
7.19525341E+00 9.00501562482712153E-02 3.37503903724057849E-03 1.60500430610561406E-01 7.34814835576147853E-04 7.80444354511850014E-03
7.20247355E+00 8.99717684994650463E-02 3.37531182561909282E-03 1.60826165095045742E-01 7.34889668095276330E-04 7.80627388512261221E-03
7.20967136E+00 8.98936110365294999E-02 3.37557655593358945E-03 1.61151300645144130E-01 7.34963559366556699E-04 7.80807386731397369E-03
7.21684745E+00 8.98156775295739368E-02 3.37583363767973666E-03 1.61475875705361344E-01 7.35036566747440646E-04 7.80984367216793884E-03
7.22400245E+00 8.97379616694537197E-02 3.37608348505206686E-03 1.61799928188686104E-01 7.35108747576282938E-04 7.81158351353972939E-03
7.23113697E+00 8.96604571685067214E-02 3.37632651692116453E-03 1.62123495482994734E-01 7.35180159654989199E-04 7.81329364039018426E-03
7.23825160E+00 8.95831577613045021E-02 3.37656315678323783E-03 1.62446614463621491E-01 7.35250861330982134E-04 7.81497433827693308E-03
7.24534675E+00 8.95060594114302222E-02 3.37679382608223290E-03 1.62769312257259907E-01 7.35320909056539382E-04 7.81662588333188919E-03
7.25242245E+00 8.94291620985583763E-02 3.37701893954397330E-03 1.63091598713228703E-01 7.35390354804063887E-04 7.81824850939333640E-03
7.25947930E+00 8.93524596591946940E-02 3.37723893522407035E-03 1.63413508970852300E-01 7.35459253980923254E-04 7.81984262805657249E-03
7.26651728E+00 8.92759524275559962E-02 3.37745423687216186E-03 1.63735050384831132E-01 7.35527653067964216E-04 7.82140856180179277E-03
7.27353498E+00 8.91996560475243200E-02 3.37766523084449518E-03 1.64056165380152302E-01 7.35595581909921636E-04 7.82294637725399790E-03
7.28053298E+00 8.91235645694914425E-02 3.37787236958858594E-03 1.64376886646989462E-01 7.35663087477818616E-04 7.82445664540011229E-03
7.28751184E+00 8.90476720368151980E-02 3.37807610858275676E-03 1.64697246283372623E-01 7.35730215179804291E-04 7.82593998817249573E-03
7.29447213E+00 8.89719725334000844E-02 3.37827690613747922E-03 1.65017276011141578E-01 7.35797009338682120E-04 7.82739707805308639E-03
7.30141441E+00 8.88964601847366809E-02 3.37847522344756745E-03 1.65337007034142947E-01 7.35863513445003973E-04 7.82882863897834021E-03
7.30833923E+00 8.88211291587138185E-02 3.37867152467760667E-03 1.65656470047781862E-01 7.35929770229081111E-04 7.83023544722317999E-03
7.31524714E+00 8.87459736662937759E-02 3.37886627704592473E-03 1.65975695243397919E-01 7.35995821646816370E-04 7.83161833221357462E-03
7.32213806E+00 8.86709947326006359E-02 3.37905993324247225E-03 1.66294683485626010E-01 7.36061702890319501E-04 7.83297805390360986E-03
7.32901223E+00 8.85961898518503183E-02 3.37925295842949952E-03 1.66613450254807977E-01 7.36127451547863927E-04 7.83431549798118028E-03
7.33586874E+00 8.85215691565884449E-02 3.37944578774629053E-03 1.66931956578842466E-01 7.36193093415038620E-04 7.83563138550379470E-03
7.34270715E+00 8.84471375974407864E-02 3.37963887209078839E-03 1.67250185029840265E-01 7.36258658268656649E-04 7.83692659908787927E-03
7.34952802E+00 8.83728891399012395E-02 3.37983269305691279E-03 1.67568164545032733E-01 7.36324185017147225E-04 7.83820227707614399E-03
7.35633191E+00 8.82988178002760832E-02 3.38002773421638893E-03 1.67885923533784953E-01 7.36389711859580885E-04 7.83945961292759411E-03
7.36311938E+00 8.82249176468746371E-02 3.38022448112734047E-03 1.68203489991903599E-01 7.36455276112804396E-04 7.84069985469227834E-03
7.36989097E+00 8.81511828007845166E-02 3.38042342139445971E-03 1.68520891433262016E-01 7.36520914088790286E-04 7.84192430506819652E-03
7.37664721E+00 8.80776074364520295E-02 3.38062504472586445E-03 1.68838154887979514E-01 7.36586661121629675E-04 7.84313432174787474E-03
7.38338866E+00 8.80041857821264040E-02 3.38082984296587518E-03 1.69155306911034864E-01 7.36652551789195248E-04 7.84433131779551339E-03
7.39011580E+00 8.79309123669654025E-02 3.38103830938292060E-03 1.69472372514330671E-01 7.36718620009469468E-04 7.84551675784348791E-03
7.39682732E+00 8.78578017203947015E-02 3.38125088019104259E-03 1.69789289701328200E-01 7.36784881306220044E-04 7.84669183830498038E-03
7.40352308E+00 8.77848551150425122E-02 3.38146802819385859E-03 1.70106053374804278E-01 7.36851362840321546E-04 7.84785803136649369E-03
7.41020361E+00 8.77120670311396788E-02 3.38169024653049493E-03 1.70422687333816769E-01 7.36918097565365002E-04 7.84901697431177395E-03
7.41686940E+00 8.76394320074986438E-02 3.38191802906792670E-03 1.70739214948361751E-01 7.36985117602437776E-04 7.85017035649938216E-03
7.42352061E+00 8.75669482348646611E-02 3.38215185839552384E-03 1.71055643459170126E-01 7.37052450314260466E-04 7.85131986120748276E-03
7.43015731E+00 8.74946149403583173E-02 3.38239221274539174E-03 1.71371975267017418E-01 7.37120120246896279E-04 7.85246720727965884E-03
7.43677997E+00 8.74224268397797988E-02 3.38263958448191794E-03 1.71688232176185868E-01 7.37188154374537191E-04 7.85361423740590578E-03
7.44338908E+00 8.73503787082026834E-02 3.38289446570425641E-03 1.72004435485281854E-01 7.37256578336042728E-04 7.85476284406491122E-03
7.44998509E+00 8.72784653798133192E-02 3.38315734807856502E-03 1.72320606057649456E-01 7.37325417030123588E-04 7.85591496808595371E-03
7.45656846E+00 8.72066817475603828E-02 3.38342872269325199E-03 1.72636764296760031E-01 7.37394694976830907E-04 7.85707259733074877E-03
7.46313965E+00 8.71350227626836726E-02 3.38370907990179302E-03 1.72952930148764811E-01 7.37464436241462616E-04 7.85823776586791478E-03
7.46969910E+00 8.70634834341592057E-02 3.38399890912596769E-03 1.73269123107508916E-01 7.37534664048958809E-04 7.85941255360529493E-03
7.47624724E+00 8.69920588281083845E-02 3.38429869861978181E-03 1.73585362217668820E-01 7.37605400415493849E-04 7.86059908589951603E-03
7.48278451E+00 8.69207440672088855E-02 3.38460893522460511E-03 1.73901666082104167E-01 7.37676666024834502E-04 7.86179953264704197E-03
7.48931133E+00 8.68495343301412259E-02 3.38493010415389121E-03 1.74218052862832345E-01 7.37748480336695750E-04 7.86301610675368447E-03
7.49582812E+00 8.67784248510543033E-02 3.38526268882401258E-03 1.74534540285698925E-01 7.37820861789840587E-04 7.86425106226730161E-03
7.50233530E+00 8.67074109190379000E-02 3.38560717071865070E-03 1.74851145646201245E-01 7.37893827979494961E-04 7.86550669254340237E-03
7.50883296E+00 8.66364911390447995E-02 3.38596401250131377E-03 1.75167871232134231E-01 7.37967392316537835E-04 7.86678526872160340E-03
7.51532060E+00 8.65656707529411928E-02 3.38633363706563424E-03 1.75484689353228779E-01 7.38041560280709133E-04 7.86808896947865065E-03
7.52179692E+00 8.64949638037810636E-02 3.38671640869706112E-03 1.75801532391415383E-01 7.38116326615213423E-04 7.86941982285531937E-03
7.52826230E+00 8.64243657662728815E-02 3.38711278010299550E-03 1.76118415418999752E-01 7.38191704204248103E-04 7.87078021905694356E-03
7.53471713E+00 8.63538721705144202E-02 3.38752319988720654E-03 1.76435352890318087E-01 7.38267704865923141E-04 7.87217257374391369E-03
7.54116178E+00 8.62834786017594307E-02 3.38794811231587925E-03 1.76752358976650176E-01 7.38344339563912840E-04 7.87359932486723056E-03
7.54759663E+00 8.62131806997456507E-02 3.38838795713216658E-03 1.77069447428678278E-01 7.38421618656013310E-04 7.87506292983910540E-03
7.55402203E+00 8.61429741578477043E-02 3.38884316937376707E-03 1.77386631585806309E-01 7.38499551991552718E-04 7.87656586308422418E-03
7.56043834E+00 8.60728547221456947E-02 3.38931417916279402E-03 1.77703924370874400E-01 7.38578148775254637E-04 7.87811061393253916E-03
7.56684592E+00 8.60028181904515659E-02 3.38980141145470886E-03 1.78021338303955640E-01 7.38657417316297715E-04 7.87969968457177122E-03
7.57324512E+00 8.59328604113272360E-02 3.39030528575820066E-03 1.78338885500505556E-01 7.38737364850968825E-04 7.88133558778618230E-03
7.57963606E+00 8.58629794488111608E-02 3.39082619941484358E-03 1.78656567819259676E-01 7.38817994975113270E-04 7.88302079121192337E-03
7.58601806E+00 8.57931824988120290E-02 3.39136447022306362E-03 1.78974345290366738E-01 7.38899299428811391E-04 7.88475753077155263E-03
7.59239134E+00 8.57234667084545848E-02 3.39192047965159197E-03 1.79292223381890936E-01 7.38981280387766273E-04 7.88654827305355736E-03
7.59875627E+00 8.56538276908117013E-02 3.39249461414047439E-03 1.79610214233944604E-01 7.39063941033719137E-04 7.88839552181657376E-03
7.60511319E+00 8.55842611153032895E-02 3.39308725313616690E-03 1.79928329635776180E-01 7.39147283919773762E-04 7.89030177708937262E-03
7.61146246E+00 8.55147627066910748E-02 3.39369876881253935E-03 1.80246580979345761E-01 7.39231310980540931E-04 7.89226953225201193E-03
7.61780442E+00 8.54453282439818357E-02 3.39432952578678625E-03 1.80564979248568319E-01 7.39316023236486798E-04 7.89430127166138029E-03
7.62413940E+00 8.53759535593082014E-02 3.39497988081423037E-03 1.80883535028284886E-01 7.39401420336497587E-04 7.89639946893644883E-03
7.63046775E+00 8.53066345368198448E-02 3.39565018245562358E-03 1.81202258503083830E-01 7.39487500296235473E-04 7.89856658533348056E-03
7.63678977E+00 8.52373671116087167E-02 3.39634077073610935E-03 1.81521159465817122E-01 7.39574259712453262E-04 7.90080506735139389E-03
7.64310579E+00 8.51681472686796059E-02 3.39705197683403369E-03 1.81840247313232561E-01 7.39661694333972335E-04 7.90311734331537036E-03
7.64941585E+00 8.50989740706676184E-02 3.39778409028985767E-03 1.82159517063250481E-01 7.39749795607645894E-04 7.90550571317833774E-03
7.65571610E+00 8.50298892309086507E-02 3.39853691651925216E-03 1.82478766214770521E-01 7.39838499286406747E-04 7.90797088977591468E-03
7.66200633E+00 8.49608943599852312E-02 3.39931065010428031E-03 1.82797977218943558E-01 7.39927790404882853E-04 7.91051484745797576E-03
7.66828645E+00 8.48919900152289991E-02 3.40010548032566645E-03 1.83117136496393051E-01 7.40017653700672084E-04 7.91313954050065597E-03
7.67455648E+00 8.48231754461414716E-02 3.40092159557166306E-03 1.83436236623250370E-01 7.40108074140505864E-04 7.91584691649336106E-03
7.68081675E+00 8.47544464265260755E-02 3.40175921199382166E-03 1.83755286141997987E-01 7.40199040527779028E-04 7.91863901024297302E-03
7.68706760E+00 8.46857987844558957E-02 3.40261853434328191E-03 1.84074293221453689E-01 7.40290541593011217E-04 7.92151781194982800E-03
7.69330935E+00 8.46172284012716852E-02 3.40349975593403752E-03 1.84393265702929438E-01 7.40382566134910585E-04 7.92448526452868736E-03
7.69954232E+00 8.45487312104628019E-02 3.40440305859202649E-03 1.84712211083512184E-01 7.40475102581747880E-04 7.92754326265152076E-03
7.70576681E+00 8.44803031964855428E-02 3.40532861253317826E-03 1.85031136517997019E-01 7.40568138405317089E-04 7.93069365298920519E-03
7.71198315E+00 8.44119403935866541E-02 3.40627657616796552E-03 1.85350048823822056E-01 7.40661659949474181E-04 7.93393823416449311E-03
7.71819162E+00 8.43436388846796198E-02 3.40724709588558460E-03 1.85668954485164545E-01 7.40755652872444100E-04 7.93727875520096327E-03
7.72439252E+00 8.42753948003069908E-02 3.40824030588230331E-03 1.85987859655280779E-01 7.40850102879750437E-04 7.94071691261463534E-03
7.73058616E+00 8.42072043176655127E-02 3.40925632805492334E-03 1.86306770159349183E-01 7.40944996178708750E-04 7.94425434764358535E-03
7.73677280E+00 8.41390636596411889E-02 3.41029527191227810E-03 1.86625691500154539E-01 7.41040319293055963E-04 7.94789264525634122E-03
7.74295275E+00 8.40709690938120230E-02 3.41135723442184593E-03 1.86944628858800116E-01 7.41136058383854053E-04 7.95163333524127533E-03
7.74912626E+00 8.40029169314288476E-02 3.41244229973916438E-03 1.87263587100133605E-01 7.41232198671538944E-04 7.95547789385707416E-03
7.75529362E+00 8.39349035264232851E-02 3.41355053884910293E-03 1.87582570776116397E-01 7.41328724539043428E-04 7.95942774387068536E-03
7.76145510E+00 8.38669252745060378E-02 3.41468200920872584E-03 1.87901584123991716E-01 7.41425620294591391E-04 7.96348425217165840E-03
7.76761095E+00 8.37989786123581465E-02 3.41583675446528777E-03 1.88220631073095834E-01 7.41522870881208937E-04 7.96764872651888924E-03
7.77376144E+00 8.37310600168719443E-02 3.41701480423496325E-03 1.88539715242992484E-01 7.41620461769243737E-04 7.97192241410854020E-03
7.77990682E+00 8.36631660043700154E-02 3.41821617384780460E-03 1.88858839954638341E-01 7.41718377967460867E-04 7.97630650324697432E-03
7.78604656E+00 8.35953017944469495E-02 3.41944070617691180E-03 1.89177967423619198E-01 7.41816590343106715E-04 7.98080154538530727E-03
7.79217924E+00 8.35274824148839884E-02 3.42068803567193228E-03 1.89497013581106821E-01 7.41915053598545958E-04 7.98540730784978899E-03
7.79830512E+00 8.34597043078496303E-02 3.42195810788428062E-03 1.89815981753888918E-01 7.42013748512590368E-04 7.99012468781499022E-03
7.80442447E+00 8.33919639554896452E-02 3.42325085262100946E-03 1.90134874716521879E-01 7.42112656343294668E-04 7.99495451944041285E-03
7.81053746E+00 8.33242588771516690E-02 3.42456616425081432E-03 1.90453690392428765E-01 7.42211757567195931E-04 7.99989749714832832E-03
7.81664407E+00 8.32565884373008963E-02 3.42590388374675687E-03 1.90772417923221332E-01 7.42311029346221364E-04 8.00495410730570241E-03
7.82274424E+00 8.31889527849061505E-02 3.42726381687061526E-03 1.91091042673450451E-01 7.42410445228511599E-04 8.01012469882603738E-03
7.82883823E+00 8.31213483951366849E-02 3.42864582440000109E-03 1.91409567245209300E-01 7.42509981088462345E-04 8.01540983124738107E-03
7.83492594E+00 8.30537757168438029E-02 3.43004966778379669E-03 1.91727975363573139E-01 7.42609605174050173E-04 8.02080968572197600E-03
7.84100763E+00 8.29862312555176146E-02 3.43147517076720313E-03 1.92046269349660459E-01 7.42709291950571500E-04 8.02632467634704395E-03
7.84708355E+00 8.29187115610978687E-02 3.43292213971333046E-03 1.92364451171877449E-01 7.42809017281726271E-04 8.03195514160722455E-03
7.85315395E+00 8.28512132274185353E-02 3.43439036355217995E-03 1.92682522549098206E-01 7.42908757191927780E-04 8.03770134326104238E-03
7.85921909E+00 8.27837328915590753E-02 3.43587961360022594E-03 1.93000484936045463E-01 7.43008485222387089E-04 8.04356347068958810E-03
7.86527919E+00 8.27162672331537563E-02 3.43738964319541479E-03 1.93318339517936394E-01 7.43108170853945603E-04 8.04954164474280982E-03
7.87133450E+00 8.26488129737861371E-02 3.43892018728329807E-03 1.93636087213396507E-01 7.43207780829784146E-04 8.05563591469549492E-03
7.87738525E+00 8.25813668765800479E-02 3.44047096215666830E-03 1.93953728674413711E-01 7.43307282536184895E-04 8.06184624781157086E-03
7.88343167E+00 8.25139257459392844E-02 3.44204166541501374E-03 1.94271264290850926E-01 7.43406646510914306E-04 8.06817251794371935E-03
7.88947400E+00 8.24464864272951709E-02 3.44363197599715414E-03 1.94588694206261986E-01 7.43505845748393618E-04 8.07461450099566241E-03
7.89551245E+00 8.23790458067271969E-02 3.44524155405557825E-03 1.94906018319100177E-01 7.43604852257110185E-04 8.08117187925305736E-03
7.90154724E+00 8.23116008104908536E-02 3.44687004057187430E-03 1.95223236282617008E-01 7.43703633916585854E-04 8.08784424839057575E-03
7.90757860E+00 8.22441484045946247E-02 3.44851705684749580E-03 1.95540347505127859E-01 7.43802154656797248E-04 8.09463111791515998E-03
7.91360673E+00 8.21766855945937763E-02 3.45018220411786019E-03 1.95857351139499869E-01 7.43900378165745818E-04 8.10153190118281449E-03
7.91963185E+00 8.21092094255818639E-02 3.45186506341527144E-03 1.96174246101464889E-01 7.43998272177107730E-04 8.10854590048872351E-03
7.92565417E+00 8.20417169822091757E-02 3.45356519555454914E-03 1.96491031071705818E-01 7.44095809509587682E-04 8.11567229791492102E-03
7.93167389E+00 8.19742053885430533E-02 3.45528214096192839E-03 1.96807704511042875E-01 7.44192964442985509E-04 8.12291015850656953E-03
7.93769121E+00 8.19066718077643974E-02 3.45701541916773472E-03 1.97124264661482557E-01 7.44289707289758204E-04 8.13025844148443366E-03
7.94370516E+00 8.18391267011798068E-02 3.45876418333650225E-03 1.97440647346073861E-01 7.44385983264436203E-04 8.13771453308923150E-03
7.94971535E+00 8.17715739119793117E-02 3.46052772772138285E-03 1.97756819716428278E-01 7.44481744521714424E-04 8.14527638262328713E-03
7.95572198E+00 8.17040105702319386E-02 3.46230549769591285E-03 1.98072780263275072E-01 7.44576956356540125E-04 8.15294254899815232E-03
7.96172527E+00 8.16364338456470467E-02 3.46409691715436922E-03 1.98388527240275558E-01 7.44671591217457070E-04 8.16071145606125058E-03
7.96772542E+00 8.15688409475612275E-02 3.46590138846700159E-03 1.98704058766221658E-01 7.44765625948886679E-04 8.16858139250783294E-03
7.97372244E+00 8.15012313383274845E-02 3.46771823233764636E-03 1.99019362451728798E-01 7.44859031141321460E-04 8.17655026333082360E-03
7.97971603E+00 8.14336080270899598E-02 3.46954665010908376E-03 1.99334409434391124E-01 7.44951763807607322E-04 8.18461543250468410E-03
7.98570640E+00 8.13659682242139914E-02 3.47138597550072621E-03 1.99649198008959083E-01 7.45043782126293013E-04 8.19277483118116025E-03
7.99169375E+00 8.12983091827947091E-02 3.47323551888108640E-03 1.99963726168994049E-01 7.45135045232042247E-04 8.20102626165649350E-03
7.99767829E+00 8.12306281991895807E-02 3.47509456753584880E-03 2.00277991756898921E-01 7.45225520070875980E-04 8.20936737496852191E-03
8.00366023E+00 8.11629226134528425E-02 3.47696238596314046E-03 2.00591992454044854E-01 7.45315180702318318E-04 8.21779566301701278E-03
8.00963977E+00 8.10951898094048884E-02 3.47883821572551703E-03 2.00905725792975526E-01 7.45404000415135232E-04 8.22630846928732590E-03
8.01561710E+00 8.10274272145113383E-02 3.48072127486143612E-03 2.01219189152786943E-01 7.45491943754447673E-04 8.23490300522632460E-03
8.02159242E+00 8.09596323000057322E-02 3.48261075733717401E-03 2.01532379737692946E-01 7.45578965405636505E-04 8.24357635391705090E-03
8.02756593E+00 8.08918025815413000E-02 3.48450583303432744E-03 2.01845294567206485E-01 7.45665016924937428E-04 8.25232545314414680E-03
8.03353782E+00 8.08239356202095777E-02 3.48640564834457349E-03 2.02157930482007780E-01 7.45750056447621202E-04 8.26114706704973029E-03
8.03950789E+00 8.07560334678394526E-02 3.48830920223458301E-03 2.02470263711995363E-01 7.45834048050354184E-04 8.27003718218355562E-03
8.04547630E+00 8.06880940628705579E-02 3.49021558787650753E-03 2.02782289680262767E-01 7.45916967278148751E-04 8.27899213069969650E-03
8.05144304E+00 8.06201174604294912E-02 3.49212381818936150E-03 2.03093994134879691E-01 7.45998781442341928E-04 8.28800780236660373E-03
8.05740697E+00 8.05521163192473300E-02 3.49403253107799993E-03 2.03405305272646331E-01 7.46079429531073222E-04 8.29707825070591896E-03
8.06336824E+00 8.04840890454476821E-02 3.49594074484012437E-03 2.03716217145971018E-01 7.46158858759256001E-04 8.30619925677507191E-03
8.06932706E+00 8.04160331623428731E-02 3.49784748384152078E-03 2.04026727706598188E-01 7.46237021817880257E-04 8.31536654415292870E-03
8.07528364E+00 8.03479462511898501E-02 3.49975175348918918E-03 2.04336834818691943E-01 7.46313887062086405E-04 8.32457562540245104E-03
8.08123818E+00 8.02798259515460910E-02 3.50165254132636401E-03 2.04646536242996613E-01 7.46389435956718722E-04 8.33382180205506640E-03
8.08719090E+00 8.02116699610319617E-02 3.50354881718659269E-03 2.04955829645011800E-01 7.46463647688722478E-04 8.34310019406481543E-03
8.09314199E+00 8.01434760349244851E-02 3.50543953269530102E-03 2.05264712575633779E-01 7.46536485298589843E-04 8.35240577054006256E-03
8.09909165E+00 8.00752419863296344E-02 3.50732362117097199E-03 2.05573182431925100E-01 7.46607897034465306E-04 8.36173335228308778E-03
8.10504010E+00 8.00069656872106350E-02 3.50919999869843055E-03 2.05881236443416937E-01 7.46677832132131274E-04 8.37107758400855440E-03
8.11098751E+00 7.99386450697136819E-02 3.51106756604354373E-03 2.06188871700716925E-01 7.46746256597823239E-04 8.38043290255921849E-03
8.11693409E+00 7.98702781268609829E-02 3.51292521026719522E-03 2.06496085204495111E-01 7.46813154181143906E-04 8.38979353121671600E-03
8.12288002E+00 7.98018629122302509E-02 3.51477180523010252E-03 2.06802873891528599E-01 7.46878511616542507E-04 8.39915350709211604E-03
8.12882550E+00 7.97333975392287841E-02 3.51660621132449374E-03 2.07109234628872430E-01 7.46942301951291992E-04 8.40850671997172075E-03
8.13477072E+00 7.96648801809476115E-02 3.51842727552838068E-03 2.07415164173466504E-01 7.47004479307023981E-04 8.41784693251032036E-03
8.14071585E+00 7.95963090710536392E-02 3.52023383261429110E-03 2.07720659142900416E-01 7.47064988107377036E-04 8.42716776747171915E-03
8.14666109E+00 7.95276825052988606E-02 3.52202470748555051E-03 2.08025716012177786E-01 7.47123781336341583E-04 8.43646267409538589E-03
8.15260662E+00 7.94589988426643856E-02 3.52379871776417998E-03 2.08330331168807226E-01 7.47180834402571084E-04 8.44572490589714370E-03
8.15855261E+00 7.93902565053756365E-02 3.52555467547376565E-03 2.08634500969110293E-01 7.47236139999200247E-04 8.45494753762611115E-03
8.16449925E+00 7.93214539779955180E-02 3.52729138741599349E-03 2.08938221745539998E-01 7.47289684784349715E-04 8.46412351619308875E-03
8.17044671E+00 7.92525898067204249E-02 3.52900765514297310E-03 2.09241489762744592E-01 7.47341428560472591E-04 8.47324570639168204E-03
8.17639516E+00 7.91836625999102761E-02 3.53070227606235541E-03 2.09544301153865353E-01 7.47391308618391504E-04 8.48230689276424296E-03
8.18234478E+00 7.91146710297352257E-02 3.53237404638432912E-03 2.09846651920162136E-01 7.47439267982127182E-04 8.49129974007775158E-03
8.18829574E+00 7.90456138337101988E-02 3.53402176489257770E-03 2.10148537989722023E-01 7.47485280520969724E-04 8.50021675773117262E-03
8.19424821E+00 7.89764898398003790E-02 3.53564423503163793E-03 2.10449955172208936E-01 7.47529347847066179E-04 8.50905030971770004E-03
8.20020169E+00 7.89073056817213569E-02 3.53724008877840355E-03 2.10750865592979814E-01 7.47571465142916089E-04 8.51779170402331733E-03
8.20615554E+00 7.88380696363174954E-02 3.53880794130123546E-03 2.11051224904398621E-01 7.47611597443328013E-04 8.52643208139079387E-03
8.21210982E+00 7.87687819371139936E-02 3.54034661011967764E-03 2.11351024165312845E-01 7.47649683238204698E-04 8.53496364173914578E-03
8.21806473E+00 7.86994413023533873E-02 3.54185496046977629E-03 2.11650261121497846E-01 7.47685656157770582E-04 8.54337876262721042E-03
8.22402047E+00 7.86300465129389642E-02 3.54333187286785681E-03 2.11948933457511979E-01 7.47719478365765499E-04 8.55166975955819891E-03
8.22997722E+00 7.85605964123747974E-02 3.54477624624909872E-03 2.12247038862337423E-01 7.47751150932032989E-04 8.55982888604507261E-03
8.23593518E+00 7.84910899044817950E-02 3.54618699858273408E-03 2.12544575066262870E-01 7.47780688244567429E-04 8.56784838554195197E-03
8.24189454E+00 7.84215259504977835E-02 3.54756306611341173E-03 2.12841539809749070E-01 7.47808082980166338E-04 8.57572056288985821E-03
8.24785549E+00 7.83519035676396303E-02 3.54890340346995098E-03 2.13137930780396861E-01 7.47833292339910140E-04 8.58343782728535933E-03
8.25381822E+00 7.82822218295816941E-02 3.55020698589154655E-03 2.13433745564119343E-01 7.47856253723561994E-04 8.59099268121084163E-03
8.25978290E+00 7.82124798676820110E-02 3.55147281318275417E-03 2.13728981666960915E-01 7.47876917644363023E-04 8.59837767408703699E-03
8.26574974E+00 7.81426768713142650E-02 3.55269991367390030E-03 2.14023636581945648E-01 7.47895277981188897E-04 8.60558537338733387E-03
8.27171892E+00 7.80728120860077895E-02 3.55388734595092669E-03 2.14317707865193857E-01 7.47911371701234329E-04 8.61260839894179182E-03
8.27769061E+00 7.80028848095499078E-02 3.55503419747837512E-03 2.14611193138167400E-01 7.47925230460623545E-04 8.61943951276762134E-03
8.28366500E+00 7.79328943884935732E-02 3.55613958245240645E-03 2.14904090004449738E-01 7.47936821837061989E-04 8.62607169554448390E-03
8.28964228E+00 7.78628402179847301E-02 3.55720264286366137E-03 2.15196395946092689E-01 7.47946051943299255E-04 8.63249814488222661E-03
8.29562263E+00 7.77927217444232266E-02 3.55822255360387606E-03 2.15488108336944179E-01 7.47952838119126154E-04 8.63871220800683029E-03
8.30160622E+00 7.77225384668538827E-02 3.55919852777491358E-03 2.15779224552033355E-01 7.47957172248473780E-04 8.64470732775453679E-03
8.30759324E+00 7.76522899342066558E-02 3.56012981796319846E-03 2.16069742068622367E-01 7.47959105099371669E-04 8.65047706978114804E-03
8.31358386E+00 7.75819757398605592E-02 3.56101571338384056E-03 2.16359658433562724E-01 7.47958680282697209E-04 8.65601521761463766E-03
8.31957827E+00 7.75115955171179760E-02 3.56185553660716501E-03 2.16648971183259792E-01 7.47955888739284982E-04 8.66131585500400786E-03
8.32557664E+00 7.74411489377398454E-02 3.56264864343488769E-03 2.16937677776318727E-01 7.47950667567831790E-04 8.66637337398165966E-03
8.33157914E+00 7.73706357132347838E-02 3.56339442656938496E-03 2.17225775574658247E-01 7.47942929022892065E-04 8.67118241571707485E-03
8.33758597E+00 7.73000555970657505E-02 3.56409232111065503E-03 2.17513261888845927E-01 7.47932628324536153E-04 8.67573780081425626E-03
8.34359728E+00 7.72294083839020068E-02 3.56474180743493723E-03 2.17800134097829862E-01 7.47919820704160982E-04 8.68003451753082862E-03
8.34961326E+00 7.71586939034004937E-02 3.56534240806370608E-03 2.18086389733834346E-01 7.47904619162033249E-04 8.68406779542053864E-03
8.35563408E+00 7.70879120122503064E-02 3.56589368117488353E-03 2.18372026385914741E-01 7.47887059403439880E-04 8.68783321378158516E-03
8.36165991E+00 7.70170625918319834E-02 3.56639521812092929E-03 2.18657041525594037E-01 7.47867036297599950E-04 8.69132674392918830E-03
8.36769093E+00 7.69461455527771926E-02 3.56684664840972330E-03 2.18941432449268308E-01 7.47844411175239152E-04 8.69454468274559293E-03
8.37372732E+00 7.68751608386468582E-02 3.56724764639812291E-03 2.19225196416961643E-01 7.47819123965673166E-04 8.69748354692303875E-03
8.37976924E+00 7.68041084240838751E-02 3.56759793388220598E-03 2.19508330790925660E-01 7.47791226909138868E-04 8.70014002587654427E-03
8.38581687E+00 7.67329883084353903E-02 3.56789727675266809E-03 2.19790833074337943E-01 7.47760851174007778E-04 8.70251104757151749E-03
8.39187038E+00 7.66618005070528186E-02 3.56814547688913538E-03 2.20072700851481395E-01 7.47728081707024306E-04 8.70459390797982679E-03
8.39792994E+00 7.65905450461819431E-02 3.56834236665080559E-03 2.20353931623637506E-01 7.47692863094087516E-04 8.70638633280991156E-03
8.40399573E+00 7.65192219651190247E-02 3.56848781166321316E-03 2.20634522700921820E-01 7.47655017803087411E-04 8.70788641077098642E-03
8.41006792E+00 7.64478313232399009E-02 3.56858172003758894E-03 2.20914471252849992E-01 7.47614417180786622E-04 8.70909245754833243E-03
8.41614668E+00 7.63763732023277769E-02 3.56862404829566505E-03 2.21193774552037842E-01 7.47571139365221771E-04 8.71000293576727758E-03
8.42223218E+00 7.63048476975982937E-02 3.56861479580552294E-03 2.21472430136037457E-01 7.47525416247137964E-04 8.71061651316942277E-03
8.42832459E+00 7.62332549036583151E-02 3.56855399174197665E-03 2.21750435645679034E-01 7.47477383093494833E-04 8.71093220989674344E-03
8.43442409E+00 7.61615949091428296E-02 3.56844168795269210E-03 2.22027788548220473E-01 7.47426910865363423E-04 8.71094947975109384E-03
8.44053084E+00 7.60898678050632854E-02 3.56827796579809592E-03 2.22304486049653388E-01 7.47373788528711905E-04 8.71066813014408255E-03
8.44664502E+00 7.60180736929010753E-02 3.56806294618493627E-03 2.22580525298063492E-01 7.47317908858402438E-04 8.71008817157467238E-03
8.45276681E+00 7.59462126841913832E-02 3.56779679310388100E-03 2.22855903531069849E-01 7.47259340982798646E-04 8.70920972294729132E-03
8.45889637E+00 7.58742848924298247E-02 3.56747970873113381E-03 2.23130618197839442E-01 7.47198331931554533E-04 8.70803304756770369E-03
8.46503387E+00 7.58022904192683922E-02 3.56711192015333198E-03 2.23404666905889171E-01 7.47135053451323779E-04 8.70655870681993904E-03
8.47117949E+00 7.57302293479293481E-02 3.56669367057934998E-03 2.23678047091132148E-01 7.47069421473662773E-04 8.70478765721685935E-03
8.47733340E+00 7.56581017498934860E-02 3.56622522437308057E-03 2.23950755918902289E-01 7.47001199379214919E-04 8.70272117766581615E-03
8.48349578E+00 7.55859076956169884E-02 3.56570687870549170E-03 2.24222790398677790E-01 7.46930220837205110E-04 8.70036070261752739E-03
8.48966679E+00 7.55136472577190854E-02 3.56513897038605908E-03 2.24494147640593888E-01 7.46856581921474610E-04 8.69770769720740015E-03
8.49584662E+00 7.54413205007619797E-02 3.56452186965836287E-03 2.24764825056526119E-01 7.46780616257482709E-04 8.69476368775666530E-03
8.50203544E+00 7.53689274634758710E-02 3.56385596334974795E-03 2.25034820218567966E-01 7.46702534344871431E-04 8.69153043239310162E-03
8.50823342E+00 7.52964681524159601E-02 3.56314164544472992E-03 2.25304130457680218E-01 7.46622193813462304E-04 8.68801002840244654E-03
8.51444073E+00 7.52239425538587386E-02 3.56237932601567373E-03 2.25572752764420958E-01 7.46539342975615955E-04 8.68420482549501528E-03
8.52065757E+00 7.51513506451024493E-02 3.56156944374123180E-03 2.25840684055856750E-01 7.46453863876062702E-04 8.68011725307847939E-03
8.52688409E+00 7.50786923946676898E-02 3.56071247008377676E-03 2.26107921367455167E-01 7.46365881355821902E-04 8.67574970781069370E-03
8.53312049E+00 7.50059677514851031E-02 3.55980890225642867E-03 2.26374461989065134E-01 7.46275730813912011E-04 8.67110458819273650E-03
8.53936693E+00 7.49331766282926304E-02 3.55885924732871929E-03 2.26640303360864714E-01 7.46183602855306563E-04 8.66618446361905499E-03
8.54562360E+00 7.48603188971129485E-02 3.55786401427798287E-03 2.26905442668237839E-01 7.46089370116275320E-04 8.66099217359110260E-03
8.55189068E+00 7.47873944003016183E-02 3.55682372230931368E-03 2.27169876803890142E-01 7.45992826921682830E-04 8.65553073870607530E-03
8.55816835E+00 7.47144029601638504E-02 3.55573891146299635E-03 2.27433602585305983E-01 7.45893881104490552E-04 8.64980320366379000E-03
8.56445680E+00 7.46413443793052384E-02 3.55461014647303394E-03 2.27696616946362951E-01 7.45792668040976383E-04 8.64381253776758812E-03
8.57075620E+00 7.45682184304832657E-02 3.55343801022604258E-03 2.27958917065900352E-01 7.45689508937767589E-04 8.63756167244226006E-03
8.57706674E+00 7.44950248419155026E-02 3.55222308944419442E-03 2.28220500244883495E-01 7.45584577003876952E-04 8.63105365435084398E-03
8.58338861E+00 7.44217632949669416E-02 3.55096596868103047E-03 2.28481363572058727E-01 7.45477767542939503E-04 8.62429172688148477E-03
8.58972200E+00 7.43484334352241122E-02 3.54966723854918762E-03 2.28741503871627283E-01 7.45368900092410703E-04 8.61727924869798087E-03
8.59606708E+00 7.42750348813606548E-02 3.54832750598251629E-03 2.29000917894702755E-01 7.45257911457996680E-04 8.61001955180180911E-03
8.60242407E+00 7.42015672241386065E-02 3.54694739736228538E-03 2.29259602524315959E-01 7.45144947689042035E-04 8.60251585831685664E-03
8.60879313E+00 7.41280300161088618E-02 3.54552755184977175E-03 2.29517554851075029E-01 7.45030295548285864E-04 8.59477132221650453E-03
8.61517447E+00 7.40544227593600141E-02 3.54406860919164943E-03 2.29774772057464938E-01 7.44914103478874615E-04 8.58678916761369294E-03
8.62156829E+00 7.39807449046577525E-02 3.54257120501241677E-03 2.30031251137885390E-01 7.44796284053482818E-04 8.57857275571506997E-03
8.62797477E+00 7.39069958616014183E-02 3.54103597808333058E-03 2.30286988883712518E-01 7.44676724376605787E-04 8.57012550552252970E-03
8.63439412E+00 7.38331750054359859E-02 3.53946357785642337E-03 2.30541982062770739E-01 7.44555419453741315E-04 8.56145078042569799E-03
8.64082653E+00 7.37592816754602948E-02 3.53785466577381628E-03 2.30796227556776784E-01 7.44432515824868554E-04 8.55255183828332842E-03
8.64727221E+00 7.36853151662156119E-02 3.53620990915983705E-03 2.31049722407605296E-01 7.44308245648155195E-04 8.54343188392038544E-03
8.65373136E+00 7.36112747178089971E-02 3.53452997171215802E-03 2.31302463719299939E-01 7.44182743684613374E-04 8.53409417655125700E-03
8.66020419E+00 7.35371595143162193E-02 3.53281550995201716E-03 2.31554448489063619E-01 7.44055975542297528E-04 8.52454207131373570E-03
8.66669090E+00 7.34629686895405670E-02 3.53106717869230416E-03 2.31805673564742853E-01 7.43927868294463912E-04 8.51477895327942130E-03
8.67319170E+00 7.33887013307424618E-02 3.52928563776404519E-03 2.32056135802297420E-01 7.43798446762578371E-04 8.50480815200628168E-03
8.67970681E+00 7.33143564759897448E-02 3.52747155302251224E-03 2.32305832192909817E-01 7.43667842985355288E-04 8.49463291874285285E-03
8.68623643E+00 7.32399331094482353E-02 3.52562559259334430E-03 2.32554759843039027E-01 7.43536222124551870E-04 8.48425647863475414E-03
8.69278079E+00 7.31654301592886969E-02 3.52374842219650578E-03 2.32802915916126035E-01 7.43403663233430426E-04 8.47368211410166189E-03
8.69934010E+00 7.30908465000720126E-02 3.52184070400215436E-03 2.33050297530829037E-01 7.43270170767785848E-04 8.46291318846235929E-03
8.70591459E+00 7.30161809554272234E-02 3.51990309815441169E-03 2.33296901772893500E-01 7.43135747455070947E-04 8.45195310078292530E-03
8.71250447E+00 7.29414322969344636E-02 3.51793626315948437E-03 2.33542725738088486E-01 7.43000448554743433E-04 8.44080522835446642E-03
8.71910997E+00 7.28665992392617534E-02 3.51594085300591325E-03 2.33787766628498872E-01 7.42864409108292146E-04 8.42947291337890585E-03
8.72573133E+00 7.27916804347820551E-02 3.51391751124270407E-03 2.34032021808408902E-01 7.42727783743774407E-04 8.41795951327449672E-03
8.73236878E+00 7.27166744722234498E-02 3.51186686640581145E-03 2.34275488704431045E-01 7.42590633272033666E-04 8.40626846321341874E-03
8.73902218E+00 7.26415839916099149E-02 3.50978964804890461E-03 2.34518151390599172E-01 7.42452936335516608E-04 8.39440393027544862E-03
8.74568671E+00 7.25664643859569858E-02 3.50768806943335025E-03 2.34759824097762637E-01 7.42314791674732817E-04 8.38237864980780588E-03
8.75235766E+00 7.24913696824538573E-02 3.50556437384935953E-03 2.35000329101114097E-01 7.42176338129798240E-04 8.37020561022175889E-03
8.75903697E+00 7.24162787541682423E-02 3.50341871212448558E-03 2.35239731988274164E-01 7.42037591974281522E-04 8.35788586397541444E-03
8.76572658E+00 7.23411703632796388E-02 3.50125120807938612E-03 2.35478097046955215E-01 7.41898582062749837E-04 8.34542034910889727E-03
8.77242654E+00 7.22660448795805072E-02 3.49906259273623840E-03 2.35715418802157295E-01 7.41759374205997390E-04 8.33281359183722474E-03
8.77913817E+00 7.21908881064036723E-02 3.49685316266741325E-03 2.35951737801031541E-01 7.41619971977084433E-04 8.32006775389884136E-03
8.78586332E+00 7.21156802787968343E-02 3.49462302671529326E-03 2.36187111211718703E-01 7.41480332809357420E-04 8.30718403347987036E-03
8.79259902E+00 7.20404553724709462E-02 3.49237387936231040E-03 2.36421427351446417E-01 7.41340532741091530E-04 8.29417289152331594E-03
8.79934365E+00 7.19652320547605889E-02 3.49010697656879391E-03 2.36654624562146559E-01 7.41200654856408268E-04 8.28104237761387307E-03
8.80609327E+00 7.18900548122292232E-02 3.48782436832794675E-03 2.36886562737124495E-01 7.41060807175129128E-04 8.26780528979001103E-03
8.81284683E+00 7.18149355540211032E-02 3.48552713447561552E-03 2.37117204867325293E-01 7.40921000318712033E-04 8.25446894597592004E-03
8.81960636E+00 7.17398521920561832E-02 3.48321530754988921E-03 2.37346618657124725E-01 7.40781193791257924E-04 8.24103466858016817E-03
8.82637341E+00 7.16647877825526414E-02 3.48088905792037079E-03 2.37574854751289422E-01 7.40641362604022436E-04 8.22750463762585323E-03
8.83314957E+00 7.15897253466369898E-02 3.47854854039227534E-03 2.37801962900734964E-01 7.40501467684793200E-04 8.21388100344717410E-03
8.83993468E+00 7.15146670123013861E-02 3.47619449813135880E-03 2.38027934358831128E-01 7.40361516356411440E-04 8.20016940828892718E-03
8.84673080E+00 7.14395905584037927E-02 3.47382690432883985E-03 2.38252833941341030E-01 7.40221481560988134E-04 8.18637110037350076E-03
8.85353999E+00 7.13644737338505059E-02 3.47144570981850354E-03 2.38476725359171471E-01 7.40081316161604022E-04 8.17248731479070997E-03
8.86036435E+00 7.12892942189407991E-02 3.46905083817686255E-03 2.38699671243828820E-01 7.39940951515987767E-04 8.15851924891441982E-03
8.86720054E+00 7.12140892801444714E-02 3.46664409635300897E-03 2.38921556862919743E-01 7.39800438987281189E-04 8.14447918766707767E-03
8.87404562E+00 7.11388917248405722E-02 3.46422715276613943E-03 2.39142283398441485E-01 7.39659847005006105E-04 8.13037869379987926E-03
8.88090069E+00 7.10636899669123828E-02 3.46180024095952025E-03 2.39361884373279515E-01 7.39519158678191143E-04 8.11622104017678363E-03
8.88776726E+00 7.09884677682972309E-02 3.45936342217823944E-03 2.39580406192219597E-01 7.39378337414668642E-04 8.10200856978238702E-03
8.89464510E+00 7.09132282580060141E-02 3.45691736977783454E-03 2.39797838113996242E-01 7.39237389025529682E-04 8.08774725128895422E-03
8.90153624E+00 7.08379494976470042E-02 3.45446193373379453E-03 2.40014242033654401E-01 7.39096271044468837E-04 8.07343829625536274E-03
8.90844275E+00 7.07626095010796818E-02 3.45199694917768017E-03 2.40229678955032333E-01 7.38954924554252601E-04 8.05908288264553345E-03
8.91536301E+00 7.06872266268296356E-02 3.44952356184405817E-03 2.40444093718895302E-01 7.38813356607997962E-04 8.04468987355488885E-03
8.92229625E+00 7.06118096683690938E-02 3.44704259776639453E-03 2.40657459739918839E-01 7.38671553645615020E-04 8.03026631700648995E-03
8.92924367E+00 7.05363461694884092E-02 3.44455416653250508E-03 2.40869811424815616E-01 7.38529464769973731E-04 8.01581515905425493E-03
8.93620714E+00 7.04608162792979692E-02 3.44205810532193521E-03 2.41081203351825035E-01 7.38387035392642881E-04 8.00133784535468282E-03
8.94318887E+00 7.03851966329810397E-02 3.43955410141243449E-03 2.41291698719189707E-01 7.38244222721877604E-04 7.98683503970620996E-03
8.95018847E+00 7.03094920895226128E-02 3.43704274340364069E-03 2.41501281227133241E-01 7.38101050111806319E-04 7.97231270728462720E-03
8.95720624E+00 7.02336999764666542E-02 3.43452434195169526E-03 2.41709955893359724E-01 7.37957520649819071E-04 7.95777526648309280E-03
8.96424069E+00 7.01578370138447871E-02 3.43199982678510330E-03 2.41917674916323017E-01 7.37813652970651106E-04 7.94323075591325464E-03
8.97128913E+00 7.00819325809563659E-02 3.42947052986607116E-03 2.42124357207301466E-01 7.37669458951407953E-04 7.92868952852895416E-03
8.97835084E+00 7.00059947401136667E-02 3.42693705662983203E-03 2.42329981721523646E-01 7.37524877420673371E-04 7.91415772069641206E-03
8.98542801E+00 6.99300003989647839E-02 3.42439895482302484E-03 2.42534612426172580E-01 7.37379786433721776E-04 7.89963536814257579E-03
8.99252250E+00 6.98539299370077305E-02 3.42185586700444319E-03 2.42738302763225000E-01 7.37234106059118542E-04 7.88512302713801835E-03
8.99963514E+00 6.97777749671555508E-02 3.41930778922693067E-03 2.42941074974551918E-01 7.37087828991461291E-04 7.87062324013564768E-03
9.00676517E+00 6.97015441309569161E-02 3.41675526328592697E-03 2.43142906014168464E-01 7.36941017897592226E-04 7.85614162602169853E-03
9.01391168E+00 6.96252475551702166E-02 3.41419885378271793E-03 2.43343769859372505E-01 7.36793742436506714E-04 7.84168391671346589E-03
9.02107564E+00 6.95488753291751555E-02 3.41163842331791223E-03 2.43543694148671303E-01 7.36645996359026715E-04 7.82725189971200663E-03
9.02825594E+00 6.94724397523239501E-02 3.40907454551427893E-03 2.43742648550706875E-01 7.36497746766686810E-04 7.81285140965377531E-03
9.03545425E+00 6.93959233282861188E-02 3.40650676262458166E-03 2.43940680376947355E-01 7.36348846845556412E-04 7.79848248348329401E-03
9.04266709E+00 6.93193634633867961E-02 3.40393642843083225E-03 2.44137695585226355E-01 7.36199239629878430E-04 7.78415523524096480E-03
9.04988738E+00 6.92428354549294300E-02 3.40136614363099844E-03 2.44333504665953855E-01 7.36048951836244477E-04 7.76988646572563269E-03
9.05711563E+00 6.91663337925770283E-02 3.39879577500107376E-03 2.44528129048807746E-01 7.35897892617182322E-04 7.75567748506691707E-03
9.06434537E+00 6.90899265497814663E-02 3.39622763942008538E-03 2.44721405788126678E-01 7.35746194286812671E-04 7.74154287293758649E-03
9.07157759E+00 6.90136031992553411E-02 3.39366139293296228E-03 2.44913371077628034E-01 7.35593912316480814E-04 7.72748222991953039E-03
9.07881300E+00 6.89373558787507584E-02 3.39109675749794471E-03 2.45104056796647429E-01 7.35441128329939429E-04 7.71349539828249543E-03
9.08604904E+00 6.88612110253921383E-02 3.38853458174887641E-03 2.45293407560075116E-01 7.35287933437151950E-04 7.69958825867790922E-03
9.09328845E+00 6.87851397956704552E-02 3.38597382688440515E-03 2.45481505690634705E-01 7.35134214111126641E-04 7.68575635372630538E-03
9.10053400E+00 6.87091125485580351E-02 3.38341339757821302E-03 2.45668435866182783E-01 7.34979815965423129E-04 7.67199492650376576E-03
9.10778854E+00 6.86330995723292286E-02 3.38085216862543322E-03 2.45854280210313081E-01 7.34824606355072296E-04 7.65829903262922173E-03
9.11505490E+00 6.85570709857758059E-02 3.37828898523088268E-03 2.46039120000191042E-01 7.34668470032349475E-04 7.64466353529985859E-03
9.12233596E+00 6.84809970192178513E-02 3.37572267503471893E-03 2.46223034954432984E-01 7.34511297572730537E-04 7.63108317572328519E-03
9.12963373E+00 6.84048568125668055E-02 3.37315234611704814E-03 2.46406082093513973E-01 7.34353025977536075E-04 7.61755413430484016E-03
9.13695116E+00 6.83286199958062779E-02 3.37057676658836670E-03 2.46588340095655917E-01 7.34193610337803473E-04 7.60407074481204894E-03
9.14429127E+00 6.82522556742240910E-02 3.36799466792930303E-03 2.46769887996022508E-01 7.34032999605821208E-04 7.59062712532103043E-03
9.15165632E+00 6.81757410691916782E-02 3.36540503799384865E-03 2.46950784018365260E-01 7.33871086601953996E-04 7.57721870089937948E-03
9.15904700E+00 6.80990694715902789E-02 3.36280739290251065E-03 2.47131047532751391E-01 7.33707726297067953E-04 7.56384352960565772E-03
9.16644274E+00 6.80224547917923222E-02 3.36020871918757619E-03 2.47310183266422762E-01 7.33543270507619146E-04 7.55053760886423026E-03
9.17384024E+00 6.79459306854211936E-02 3.35760991006074953E-03 2.47488119641369048E-01 7.33377778612808676E-04 7.53730488417401773E-03
9.18123862E+00 6.78695061019376628E-02 3.35501102362656357E-03 2.47664855464496569E-01 7.33211309170071811E-04 7.52414471714489812E-03
9.18863897E+00 6.77931693706000094E-02 3.35241141416653876E-03 2.47840432329729826E-01 7.33043881604512654E-04 7.51105273074663751E-03
9.19604242E+00 6.77169087620803634E-02 3.34981042679942387E-03 2.48014891501763313E-01 7.32875512664880728E-04 7.49802442986834301E-03
9.20345045E+00 6.76407085889792759E-02 3.34720726457703004E-03 2.48188282231403851E-01 7.32706196340906601E-04 7.48505457016307094E-03
9.21086608E+00 6.75645378700551469E-02 3.34460060216587281E-03 2.48360687693890220E-01 7.32535841102966660E-04 7.47213527192872214E-03
9.21829234E+00 6.74883655044569986E-02 3.34198910553892836E-03 2.48532190239924899E-01 7.32364280045498181E-04 7.45925861812503713E-03
9.22570979E+00 6.74123905382410377E-02 3.33937934772512036E-03 2.48702357125353990E-01 7.32191845680786667E-04 7.44645533210955626E-03
9.23309332E+00 6.73368688293354278E-02 3.33677992457495978E-03 2.48870631137497189E-01 7.32019076779978303E-04 7.43376511365754188E-03
9.24044039E+00 6.72618245702328449E-02 3.33419153202736684E-03 2.49036983141205620E-01 7.31846074043226167E-04 7.42118837094977481E-03
9.24775234E+00 6.71872423227824617E-02 3.33161352638553562E-03 2.49201481462066554E-01 7.31672881580983396E-04 7.40871889096606732E-03
9.25503069E+00 6.71131047137810133E-02 3.32904521080974866E-03 2.49364190869624053E-01 7.31499543802391285E-04 7.39635024063560464E-03
9.26227542E+00 6.70394103853729634E-02 3.32648645393286788E-03 2.49525139226984244E-01 7.31326138432237052E-04 7.38407878434617013E-03
9.26948707E+00 6.69661522133269543E-02 3.32393693466764102E-03 2.49684365855905394E-01 7.31152702598293776E-04 7.37190006325230511E-03
9.27666729E+00 6.68933117340305278E-02 3.32139594427235951E-03 2.49841934498286122E-01 7.30979191256152390E-04 7.35980788476445821E-03
9.28381716E+00 6.68208766453180641E-02 3.31886299601458993E-03 2.49997894720617092E-01 7.30805524642349266E-04 7.34779721935148542E-03
9.29093727E+00 6.67488393390732182E-02 3.31633778086939598E-03 2.50152284503631250E-01 7.30631634361357312E-04 7.33586392846836879E-03
9.29802954E+00 6.66771791134257164E-02 3.31381954833010915E-03 2.50305168941565404E-01 7.30457463448582465E-04 7.32400180721506748E-03
9.30509582E+00 6.66058758166286347E-02 3.31130758345064965E-03 2.50456611577777544E-01 7.30282997640931196E-04 7.31220485353146522E-03
9.31213795E+00 6.65349098202134281E-02 3.30880120540469553E-03 2.50606673192735829E-01 7.30108243510305273E-04 7.30046728198022014E-03
9.31915771E+00 6.64642619925160660E-02 3.30629976516438710E-03 2.50755412423839918E-01 7.29933220378636664E-04 7.28878354300535082E-03
9.32615684E+00 6.63939136726566792E-02 3.30380264277369386E-03 2.50902885828614530E-01 7.29757954932850716E-04 7.27714834011081689E-03
9.33313706E+00 6.63238466449481562E-02 3.30130924419554236E-03 2.51049147979661658E-01 7.29582466922179844E-04 7.26555663940043391E-03
9.34010005E+00 6.62540431141745850E-02 3.29881899806359555E-03 2.51194251564745508E-01 7.29406754311306927E-04 7.25400366765320808E-03
9.34704745E+00 6.61844856824229805E-02 3.29633135309722594E-03 2.51338247492201128E-01 7.29230791888970070E-04 7.24248489932869267E-03
9.35398077E+00 6.61151585761753924E-02 3.29384582155826684E-03 2.51481182445083662E-01 7.29054547700324360E-04 7.23099624521763174E-03
9.36090151E+00 6.60460458255889560E-02 3.29136191511565125E-03 2.51623102637569485E-01 7.28877991067405722E-04 7.21953374039398937E-03
9.36781115E+00 6.59771321016088402E-02 3.28887917685075732E-03 2.51764052262967331E-01 7.28701097059295173E-04 7.20809368149655759E-03
9.37471119E+00 6.59084015883118629E-02 3.28639714324167973E-03 2.51904075683039685E-01 7.28523843978510794E-04 7.19667244527526576E-03
9.38160315E+00 6.58398387744805608E-02 3.28391537459371378E-03 2.52043215899645456E-01 7.28346220802626016E-04 7.18526662733267891E-03
9.38848848E+00 6.57714284380292585E-02 3.28143345534104378E-03 2.52181514521285843E-01 7.28168228802445047E-04 7.17387304705550694E-03
9.39536604E+00 6.57031814716027146E-02 3.27895193330860315E-03 2.52318960267044645E-01 7.27989943448356723E-04 7.16249306165483036E-03
9.40223687E+00 6.56350870584380824E-02 3.27647058461857064E-03 2.52455583812747297E-01 7.27811381918688164E-04 7.15112461161459233E-03
9.40910226E+00 6.55671316005733973E-02 3.27398909505815768E-03 2.52591422796096865E-01 7.27632546615849455E-04 7.13976536958546050E-03
9.41596354E+00 6.54993017267831990E-02 3.27150716713410636E-03 2.52726512959829619E-01 7.27453432089609619E-04 7.12841324215861966E-03
9.42282183E+00 6.54315857510459620E-02 3.26902457216392836E-03 2.52860886015821684E-01 7.27274028815554411E-04 7.11706661484542459E-03
9.42967664E+00 6.53639880473425722E-02 3.26654167855038383E-03 2.52994541570032705E-01 7.27094359662988697E-04 7.10572676586386075E-03
9.43652915E+00 6.52964964704841194E-02 3.26405825836444986E-03 2.53127510600472116E-01 7.26914394202441577E-04 7.09439240684479021E-03
9.44338054E+00 6.52290990711486274E-02 3.26157410011802948E-03 2.53259824513313025E-01 7.26734098918887443E-04 7.08306247567803797E-03
9.45023195E+00 6.51617840908046558E-02 3.25908901024562787E-03 2.53391513031185234E-01 7.26553443934873028E-04 7.07173612866467995E-03
9.45708454E+00 6.50945399563065408E-02 3.25660281384457457E-03 2.53522604962875597E-01 7.26372406120779994E-04 7.06041273188657420E-03
9.46393865E+00 6.50273628327299735E-02 3.25411563429268535E-03 2.53653113662131613E-01 7.26190989043350946E-04 7.04909312822341386E-03
9.47079543E+00 6.49602411441723288E-02 3.25162732027335123E-03 2.53783066594496176E-01 7.26009177931623978E-04 7.03777702936555540E-03
9.47765607E+00 6.48931629821430517E-02 3.24913771811656104E-03 2.53912492005719526E-01 7.25826954130759480E-04 7.02646426610271675E-03
9.48452138E+00 6.48261201160959255E-02 3.24664682052079514E-03 2.54041410276689306E-01 7.25644301807622087E-04 7.01515547248306344E-03
9.49139210E+00 6.47591051181729410E-02 3.24415466100748352E-03 2.54169839630568772E-01 7.25461199658539646E-04 7.00385160873726390E-03
9.49826927E+00 6.46921075800524908E-02 3.24166117425647108E-03 2.54297803592176686E-01 7.25277611774985788E-04 6.99255332532709110E-03
9.50515393E+00 6.46251172439561428E-02 3.23916631283047672E-03 2.54425325037033023E-01 7.25093497017737952E-04 6.98126148483915396E-03
9.51204708E+00 6.45581239992860240E-02 3.23667004720415733E-03 2.54552425901711676E-01 7.24908811212373878E-04 6.96997714809980979E-03
9.51894966E+00 6.44911187351110138E-02 3.23417239766450940E-03 2.54679125733487499E-01 7.24723516022200373E-04 6.95870170193394182E-03
9.52586192E+00 6.44240988614086380E-02 3.23167363986824954E-03 2.54805431375715319E-01 7.24537600474972404E-04 6.94743777149250605E-03
9.53278490E+00 6.43570541536645918E-02 3.22917377643440516E-03 2.54931363274025713E-01 7.24351037910143805E-04 6.93618682900473335E-03
9.53971939E+00 6.42899767625279700E-02 3.22667290895671099E-03 2.55056937602753608E-01 7.24163800549813938E-04 6.92495087554523530E-03
9.54666223E+00 6.42228972782453583E-02 3.22417258111924124E-03 2.55182098600721496E-01 7.23975955344957948E-04 6.91373845767166099E-03
9.55361416E+00 6.41558081629308302E-02 3.22167292603553219E-03 2.55306859492355542E-01 7.23787457161017742E-04 6.90255183588209253E-03
9.56057643E+00 6.40886972331805582E-02 3.21917391613264466E-03 2.55431244936623780E-01 7.23598246668515251E-04 6.89139261618967880E-03
9.56755028E+00 6.40215524484952364E-02 3.21667554190745034E-03 2.55555277348898269E-01 7.23408265145079540E-04 6.88026254518726583E-03
9.57453694E+00 6.39543619058587365E-02 3.21417781146520268E-03 2.55678978239990751E-01 7.23217456175617962E-04 6.86916349664288498E-03
9.58153762E+00 6.38871138351334161E-02 3.21168074953724582E-03 2.55802368331012109E-01 7.23025767489390370E-04 6.85809745616493011E-03
9.58855353E+00 6.38197965952321394E-02 3.20918439608669287E-03 2.55925467537015061E-01 7.22833152030212945E-04 6.84706650678900113E-03
9.59558588E+00 6.37523986711933388E-02 3.20668880478215939E-03 2.56048294974490942E-01 7.22639568217128695E-04 6.83607281760233946E-03
9.60263585E+00 6.36849086721566759E-02 3.20419404161957112E-03 2.56170868975400645E-01 7.22444978625458160E-04 6.82511863598809620E-03
9.60970463E+00 6.36173153300825939E-02 3.20170018388039792E-03 2.56293207093330089E-01 7.22249347205792766E-04 6.81420628227714150E-03
9.61679275E+00 6.35496135909962706E-02 3.19920754335850308E-03 2.56415315200823002E-01 7.22052654512549347E-04 6.80333911930440949E-03
9.62390080E+00 6.34817978987385068E-02 3.19671641722584160E-03 2.56537199375272418E-01 7.21854877214750997E-04 6.79252044700612029E-03
9.63102940E+00 6.34138624228366143E-02 3.19422709642615960E-03 2.56658865988940887E-01 7.21655988853979902E-04 6.78175353005644726E-03
9.63817679E+00 6.33458240707608367E-02 3.19174070457962358E-03 2.56780280649918147E-01 7.21456029220002054E-04 6.77104519426039320E-03
9.64534366E+00 6.32776762269487564E-02 3.18925750330000760E-03 2.56901449625206835E-01 7.21254972040718590E-04 6.76039847961186751E-03
9.65253035E+00 6.32094155930158219E-02 3.18677787657276231E-03 2.57022374676742549E-01 7.21052805697368761E-04 6.74981690688045491E-03
9.65973770E+00 6.31410343248679645E-02 3.18430204312846431E-03 2.57143064085762485E-01 7.20849510825184747E-04 6.73930324198655437E-03
9.66696577E+00 6.30725318203221030E-02 3.18183048155626889E-03 2.57263513359293705E-01 7.20645094012039049E-04 6.72886130487925557E-03
9.67421458E+00 6.30039079626322218E-02 3.17936368111786886E-03 2.57383716403333351E-01 7.20439565811385393E-04 6.71849489503900752E-03
9.68148489E+00 6.29351555153101899E-02 3.17690186770135411E-03 2.57503679425854004E-01 7.20232916739897222E-04 6.70820664391844415E-03
9.68877745E+00 6.28662673111302778E-02 3.17444526275975332E-03 2.57623408299091028E-01 7.20025138997196462E-04 6.69799911459825065E-03
9.69609303E+00 6.27972362475688606E-02 3.17199408166311207E-03 2.57742908033060936E-01 7.19816227899938688E-04 6.68787478976989782E-03
9.70343237E+00 6.27280552829240223E-02 3.16954853242544434E-03 2.57862183056948580E-01 7.19606183269391113E-04 6.67783606085384316E-03
9.71079621E+00 6.26587174327388613E-02 3.16710881463054669E-03 2.57981237201612534E-01 7.19395006901784326E-04 6.66788521904627691E-03
9.71818529E+00 6.25892157667091720E-02 3.16467511858679537E-03 2.58100073698229793E-01 7.19182694264126616E-04 6.65802444853726399E-03
9.72560036E+00 6.25195434066248557E-02 3.16224762493973448E-03 2.58218695192432679E-01 7.18969233278796312E-04 6.64825582117406499E-03
9.73304213E+00 6.24496935249220023E-02 3.15982650439989611E-03 2.58337103753722264E-01 7.18754610296132475E-04 6.63858129109030567E-03
9.74051134E+00 6.23796593429629190E-02 3.15741191699850550E-03 2.58455300882439509E-01 7.18538809956400571E-04 6.62900268764807926E-03
9.74800870E+00 6.23094341292127415E-02 3.15500401100688062E-03 2.58573287512424865E-01 7.18321815941544970E-04 6.61952170568409163E-03
9.75552389E+00 6.22391145136031373E-02 3.15260642944270890E-03 2.58690892054657728E-01 7.18103936466077310E-04 6.61015355339415571E-03
9.76303940E+00 6.21688636611196915E-02 3.15022496075335369E-03 2.58807831975568947E-01 7.17885697519658706E-04 6.60092118966625237E-03
9.77055524E+00 6.20986807907477276E-02 3.14785973466081030E-03 2.58924101270550155E-01 7.17667126693865317E-04 6.59182506186405722E-03
9.77807138E+00 6.20285651378194441E-02 3.14551085714708878E-03 2.59039700978399789E-01 7.17448254236061761E-04 6.58286539894497799E-03
9.78558784E+00 6.19585159341910427E-02 3.14317840681456939E-03 2.59154626388850617E-01 7.17229109003002913E-04 6.57404220942645664E-03
9.79310404E+00 6.18885377420183083E-02 3.14086261014827686E-03 2.59268864628693418E-01 7.17009733850969147E-04 6.56535594688532030E-03
9.80061971E+00 6.18186322491858439E-02 3.13856356759440380E-03 2.59382407491489719E-01 7.16790160648424278E-04 6.55680647677325725E-03
9.80813486E+00 6.17487986407546235E-02 3.13628126917861244E-03 2.59495251122796700E-01 7.16570413227808774E-04 6.54839315718270046E-03
9.81564948E+00 6.16790360943345259E-02 3.13401567812236987E-03 2.59607391622436345E-01 7.16350518385199279E-04 6.54011516104878888E-03
9.82316358E+00 6.16093437798326607E-02 3.13176673097549521E-03 2.59718825016449217E-01 7.16130508434060413E-04 6.53197147815635752E-03
9.83067717E+00 6.15397208589924458E-02 3.12953433768599874E-03 2.59829547351956347E-01 7.15910416228254820E-04 6.52396091580649019E-03
9.83819025E+00 6.14701664849454724E-02 3.12731838193280398E-03 2.59939554696416497E-01 7.15690257692286943E-04 6.51608210026056751E-03
9.84570284E+00 6.14006798028569126E-02 3.12511872248123421E-03 2.60048843154164044E-01 7.15470029218125809E-04 6.50833348056356360E-03
9.85321495E+00 6.13312599511498038E-02 3.12293519522428755E-03 2.60157408890430430E-01 7.15249728103697392E-04 6.50071333561326372E-03
9.86072658E+00 6.12619060615169492E-02 3.12076761462299224E-03 2.60265248149869011E-01 7.15029361364304312E-04 6.49321978457912535E-03
9.86823776E+00 6.11926172580291930E-02 3.11861577455465645E-03 2.60372357269944565E-01 7.14808944698192873E-04 6.48585080013327608E-03
9.87574850E+00 6.11233926561662866E-02 3.11647944896250228E-03 2.60478732697358550E-01 7.14588499486152901E-04 6.47860422307663247E-03
9.88325882E+00 6.10542313620375948E-02 3.11435839243389507E-03 2.60584371000190884E-01 7.14368047735716044E-04 6.47147777653309629E-03
9.89076875E+00 6.09851324717942470E-02 3.11225234075035353E-03 2.60689268875715141E-01 7.14147605646393109E-04 6.46446907800785498E-03
9.89827831E+00 6.09160950711623086E-02 3.11016101147550605E-03 2.60793423162416438E-01 7.13927179652304260E-04 6.45757564824925474E-03
9.90578752E+00 6.08471182350109330E-02 3.10808410465202543E-03 2.60896830849522254E-01 7.13706768220948918E-04 6.45079491716141207E-03
9.91329643E+00 6.07782010268647713E-02 3.10602130364045961E-03 2.60999489092345716E-01 7.13486368324195517E-04 6.44412422836358051E-03
9.92080506E+00 6.07093424983095736E-02 3.10397227608092720E-03 2.61101395223532373E-01 7.13265982321526566E-04 6.43756084441923782E-03
9.92831344E+00 6.06405416882823470E-02 3.10193667492133975E-03 2.61202546770931576E-01 7.13045621540536745E-04 6.43110195408598886E-03
9.93582163E+00 6.05717976222588037E-02 3.09991413944636076E-03 2.61302941472723926E-01 7.12825304434754471E-04 6.42474468182795567E-03
9.94332966E+00 6.05031093113719207E-02 3.09790429626042403E-03 2.61402577289323368E-01 7.12605048903376627E-04 6.41848609866014445E-03
9.95083759E+00 6.04344757514962416E-02 3.09590676022353630E-03 2.61501452408808566E-01 7.12384862747823203E-04 6.41232323236116345E-03
9.95834545E+00 6.03658959223340730E-02 3.09392113538957403E-03 2.61599565247532362E-01 7.12164739912275919E-04 6.40625307516137343E-03
9.96585332E+00 6.02973687865123523E-02 3.09194701600466011E-03 2.61696914460900876E-01 7.11944666174345341E-04 6.40027258874838623E-03
9.97336124E+00 6.02288932886704612E-02 3.08998398756956880E-03 2.61793498950187331E-01 7.11724629855654996E-04 6.39437870844699122E-03
9.98086928E+00 6.01604683545117064E-02 3.08803162790243250E-03 2.61889317880241557E-01 7.11504630304028436E-04 6.38856834888482019E-03
9.98837751E+00 6.00920928898057913E-02 3.08608950810701195E-03 2.61984370686686341E-01 7.11284679588553904E-04 6.38283841225775229E-03
9.99588600E+00 6.00237657793410498E-02 3.08415719337169856E-03 2.62078657085539513E-01 7.11064795752550409E-04 6.37718579857832982E-03
1.00033948E+01 5.99554858858416181E-02 3.08223424358615872E-03 2.62172177079321334E-01 7.10844989727242951E-04 6.37160741576351004E-03
1.00109041E+01 5.98872520488706525E-02 3.08032021384710766E-03 2.62264930957804399E-01 7.10625254619678308E-04 6.36610018674435996E-03
1.00184138E+01 5.98190630837327694E-02 3.07841465498585789E-03 2.62356919298615043E-01 7.10405567012262662E-04 6.36066105210254546E-03
1.00259242E+01 5.97509177803502711E-02 3.07651711422485350E-03 2.62448142969124720E-01 7.10185899167800551E-04 6.35528696968273420E-03
1.00334352E+01 5.96828149020804666E-02 3.07462713597434888E-03 2.62538603135276771E-01 7.09966232312298547E-04 6.34997491456225100E-03
1.00409471E+01 5.96147531844753095E-02 3.07274426269133101E-03 2.62628301269191566E-01 7.09746563438183619E-04 6.34472188217368935E-03
1.00484591E+01 5.95467377431550954E-02 3.07086821181131635E-03 2.62717230764011989E-01 7.09526923560820089E-04 6.33952538092513122E-03
1.00559705E+01 5.94787761465714188E-02 3.06899876626680421E-03 2.62805382259916120E-01 7.09307353433237596E-04 6.33438312289469254E-03
1.00634813E+01 5.94108671129500027E-02 3.06713546557664182E-03 2.62892758570904883E-01 7.09087851351186010E-04 6.32929218612063998E-03
1.00709916E+01 5.93430093334312569E-02 3.06527785047925033E-03 2.62979362975710174E-01 7.08868393975298759E-04 6.32424970278997259E-03
1.00785016E+01 5.92752014700452037E-02 3.06342546300869848E-03 2.63065198806070211E-01 7.08648944319253201E-04 6.31925285717093235E-03
1.00860098E+01 5.92074570958892807E-02 3.06157825283966123E-03 2.63150250929394702E-01 7.08429515755925601E-04 6.31429996531975794E-03
1.00935152E+01 5.91397833253384450E-02 3.05973599414556974E-03 2.63234512953100186E-01 7.08210114854251026E-04 6.30938889032392480E-03
1.01010181E+01 5.90721788431523911E-02 3.05789823520174120E-03 2.63317990006626368E-01 7.07990738515474824E-04 6.30451692429980122E-03
1.01085186E+01 5.90046423050583566E-02 3.05606452814137291E-03 2.63400687403798295E-01 7.07771395667201094E-04 6.29968141204637674E-03
1.01160167E+01 5.89371723350103974E-02 3.05423442897491014E-03 2.63482610567526754E-01 7.07552093823724036E-04 6.29487975580872352E-03
1.01235127E+01 5.88697675234651774E-02 3.05240749772191493E-03 2.63563765241216386E-01 7.07332824669150862E-04 6.29010942052548195E-03
1.01310066E+01 5.88024264261759744E-02 3.05058329855718846E-03 2.63644157443665428E-01 7.07113560907127051E-04 6.28536793618511905E-03
1.01384987E+01 5.87351475632682807E-02 3.04876139997000252E-03 2.63723793461772604E-01 7.06894266414499956E-04 6.28065289637686191E-03
1.01459890E+01 5.86679294183894556E-02 3.04694137491750856E-03 2.63802679841280197E-01 7.06674908542077092E-04 6.27596195460999266E-03
1.01534777E+01 5.86007704377915981E-02 3.04512280093734980E-03 2.63880823389830987E-01 7.06455465734028639E-04 6.27129282053021531E-03
1.01609651E+01 5.85336690292790757E-02 3.04330526019664207E-03 2.63958231175312030E-01 7.06235929174165713E-04 6.26664325755833633E-03
1.01684512E+01 5.84666235610317372E-02 3.04148833947309001E-03 2.64034910523938848E-01 7.06016297362869962E-04 6.26201108256062376E-03
1.01759363E+01 5.83996323603941450E-02 3.03967163009213068E-03 2.64110869007630478E-01 7.05796564767011765E-04 6.25739416701920955E-03
1.01834205E+01 5.83326937127747885E-02 3.03785472787786344E-03 2.64186114435658648E-01 7.05576711689662032E-04 6.25279043819321461E-03
1.01909041E+01 5.82658058607701951E-02 3.03603723318312049E-03 2.64260654844080289E-01 7.05356704375604692E-04 6.24819787885202028E-03
1.01983872E+01 5.81989670035342743E-02 3.03421875101850995E-03 2.64334498484887270E-01 7.05136502675601860E-04 6.24361452549988469E-03
1.02058700E+01 5.81321752963183044E-02 3.03239889123206379E-03 2.64407653819164812E-01 7.04916068690710331E-04 6.23903846591056938E-03
1.02133528E+01 5.80654288500553339E-02 3.03057726864778155E-03 2.64480129511681983E-01 7.04695373421766356E-04 6.23446783670779815E-03
1.02208358E+01 5.79987257308480567E-02 3.02875350306506825E-03 2.64551934426852708E-01 7.04474398271911833E-04 6.22990082135725133E-03
1.02283193E+01 5.79320639592751652E-02 3.02692721906681504E-03 2.64623077621487290E-01 7.04253130145643023E-04 6.22533564849439645E-03
1.02358023E+01 5.78654509317223648E-02 3.02509830399152460E-03 2.64693558305818255E-01 7.04031583520404775E-04 6.22077123332342996E-03
1.02432845E+01 5.77988905389744539E-02 3.02326655632210789E-03 2.64763379777332442E-01 7.03809751595312581E-04 6.21620629678740471E-03
1.02507661E+01 5.77323807331094896E-02 3.02143161783733055E-03 2.64832552100767171E-01 7.03587598976302569E-04 6.21163919745647622E-03
1.02582474E+01 5.76659194190547522E-02 3.01959313438264617E-03 2.64901085421347715E-01 7.03365086891981415E-04 6.20706833019380247E-03
1.02657286E+01 5.75995044531102882E-02 3.01775075559267310E-03 2.64968989904360186E-01 7.03142180244853789E-04 6.20249212221781355E-03
1.02732100E+01 5.75331336420875153E-02 3.01590413482695063E-03 2.65036275863283877E-01 7.02918851151310858E-04 6.19790903100669085E-03
1.02806918E+01 5.74668047426937501E-02 3.01405292912396757E-03 2.65102953736169322E-01 7.02695077105670082E-04 6.19331754370564154E-03
1.02881744E+01 5.74005154610201865E-02 3.01219679905607215E-03 2.65169034076196464E-01 7.02470835802518519E-04 6.18871617720932569E-03
1.02956580E+01 5.73342634520572214E-02 3.01033540844067825E-03 2.65234527541537146E-01 7.02246100421930657E-04 6.18410347782401195E-03
1.03031430E+01 5.72680463191958325E-02 3.00846842393736420E-03 2.65299444885883084E-01 7.02020838045296493E-04 6.17947801964658164E-03
1.03106295E+01 5.72018616137047534E-02 3.00659551461476436E-03 2.65363796949619091E-01 7.01795011686107769E-04 6.17483840145447663E-03
1.03181161E+01 5.71357237064889431E-02 3.00471683060693062E-03 2.65427578248405349E-01 7.01568641930543080E-04 6.17018442750800252E-03
1.03256021E+01 5.70696377975024316E-02 3.00283227104483847E-03 2.65490792600796499E-01 7.01341721229084667E-04 6.16551529289160582E-03
1.03330879E+01 5.70036013563643210E-02 3.00094152123729163E-03 2.65553451827046538E-01 7.01114218700119507E-04 6.16082967413453426E-03
1.03405722E+01 5.69376261654623850E-02 2.99904468205740944E-03 2.65615553960300510E-01 7.00886154638607106E-04 6.15612728528907530E-03
1.03480527E+01 5.68717326989895203E-02 2.99714211597388583E-03 2.65677089061830518E-01 7.00657580019839596E-04 6.15140849704250061E-03
1.03555296E+01 5.68059182791308820E-02 2.99523352983512015E-03 2.65738069720189762E-01 7.00428464744426655E-04 6.14667206618198843E-03
1.03630033E+01 5.67401801802492264E-02 2.99331863435260258E-03 2.65798508722286164E-01 7.00198776531739051E-04 6.14191676962581694E-03
1.03704743E+01 5.66745156268757891E-02 2.99139714327085549E-03 2.65858418382564465E-01 6.99968481328615776E-04 6.13714140181992069E-03
1.03779427E+01 5.66089217929574076E-02 2.98946877279508867E-03 2.65917811033488161E-01 6.99737544168922568E-04 6.13234477260660420E-03
1.03854090E+01 5.65433958014227439E-02 2.98753324105494088E-03 2.65976698975591230E-01 6.99505930055212429E-04 6.12752570458419393E-03
1.03928735E+01 5.64779347237901949E-02 2.98559026758391487E-03 2.66035094466861577E-01 6.99273604650166346E-04 6.12268302990258678E-03
1.04003366E+01 5.64125355797762060E-02 2.98363957284710846E-03 2.66093009715236972E-01 6.99040534636769699E-04 6.11781558683026274E-03
1.04077987E+01 5.63471953369307568E-02 2.98168087784749349E-03 2.66150456873260888E-01 6.98806687713345964E-04 6.11292221651395414E-03
1.04152602E+01 5.62819109103408141E-02 2.97971390382166653E-03 2.66207448032188654E-01 6.98572032314869807E-04 6.10800176025473943E-03
1.04227214E+01 5.62166791624213388E-02 2.97773837201443245E-03 2.66263995217813576E-01 6.98336537209512582E-04 6.10305305744390531E-03
1.04301828E+01 5.61514969027896438E-02 2.97575400350585289E-03 2.66320110385436182E-01 6.98100171114381996E-04 6.09807494412356339E-03
1.04376448E+01 5.60863608881941450E-02 2.97376051905669193E-03 2.66375805415718092E-01 6.97862902433975252E-04 6.09306625201238260E-03
1.04451078E+01 5.60212678224550342E-02 2.97175763893864136E-03 2.66431092112143775E-01 6.97624699153997488E-04 6.08802580778813451E-03
1.04525722E+01 5.59562143563727549E-02 2.96974508272308162E-03 2.66485982196153603E-01 6.97385528847371404E-04 6.08295243242812454E-03
1.04600385E+01 5.58911970875714884E-02 2.96772256901404975E-03 2.66540487304457230E-01 6.97145358711684197E-04 6.07784494044321701E-03
1.04675071E+01 5.58262125602611708E-02 2.96568981512416270E-03 2.66594618985691645E-01 6.96904155581607528E-04 6.07270213887137027E-03
1.04749760E+01 5.57612786648028699E-02 2.96364721045257662E-03 2.66648370803589663E-01 6.96661965815059225E-04 6.06752453348151019E-03
1.04824431E+01 5.56964135191445817E-02 2.96159516607894489E-03 2.66701736371880715E-01 6.96418838111089616E-04 6.06231269239186632E-03
1.04899086E+01 5.56316160695511167E-02 2.95953349787675792E-03 2.66754725736439990E-01 6.96174750883533336E-04 6.05706567755849926E-03
1.04973727E+01 5.55668852749557490E-02 2.95746202420302641E-03 2.66807348827370783E-01 6.95929684243771747E-04 6.05178255380201501E-03
1.05048356E+01 5.55022201050753214E-02 2.95538056521587851E-03 2.66859615136568529E-01 6.95683622166067797E-04 6.04646238488838576E-03
1.05122973E+01 5.54376195395343413E-02 2.95328894252930860E-03 2.66911534039078191E-01 6.95436552424554899E-04 6.04110423085020033E-03
1.05197581E+01 5.53730825673292223E-02 2.95118697898718099E-03 2.66963114772154897E-01 6.95188456687600835E-04 6.03570714607716465E-03
1.05272182E+01 5.53086081864451601E-02 2.94907449850144703E-03 2.67014366425428973E-01 6.94939313316816822E-04 6.03027017810008233E-03
1.05346776E+01 5.52441954035128996E-02 2.94695132588788976E-03 2.67065297937704504E-01 6.94689105493187390E-04 6.02479236700799881E-03
1.05421365E+01 5.51798432334501127E-02 2.94481728664977615E-03 2.67115918095387261E-01 6.94437819818857446E-04 6.01927274533631349E-03
1.05495951E+01 5.51155506991089991E-02 2.94267220671418171E-03 2.67166235531169083E-01 6.94185444494075602E-04 6.01371033814806100E-03
1.05570536E+01 5.50513168309500409E-02 2.94051591213110967E-03 2.67216258720749000E-01 6.93931968511706443E-04 6.00810416299860702E-03
1.05645121E+01 5.49871406667549814E-02 2.93834822875073225E-03 2.67265995983039739E-01 6.93677381412176330E-04 6.00245322955910657E-03
1.05719708E+01 5.49230212513844504E-02 2.93616898189806921E-03 2.67315455476376584E-01 6.93421673384810749E-04 5.99675653883846756E-03
1.05794295E+01 5.48589602388478217E-02 2.93397808519895581E-03 2.67364643183041262E-01 6.93164845980454220E-04 5.99101331593224987E-03
1.05868883E+01 5.47949582844146355E-02 2.93177541869337789E-03 2.67413565721032809E-01 6.92906898056716851E-04 5.98522269223775594E-03
1.05943472E+01 5.47310144553128444E-02 2.92956080719123735E-03 2.67462230829223657E-01 6.92647823333932618E-04 5.97938364699108528E-03
1.06018064E+01 5.46671278241625050E-02 2.92733407399959830E-03 2.67510646069663127E-01 6.92387616552996520E-04 5.97349514727974276E-03
1.06092662E+01 5.46032974689152004E-02 2.92509504070828695E-03 2.67558818812725696E-01 6.92126273188378976E-04 5.96755614738339428E-03
1.06167266E+01 5.45395224729376335E-02 2.92284352702850206E-03 2.67606756260748646E-01 6.91863789232661348E-04 5.96156558835251454E-03
1.06241877E+01 5.44758028353037466E-02 2.92057938304717858E-03 2.67654464759898347E-01 6.91600164959264786E-04 5.95552248418191547E-03
1.06316495E+01 5.44121385526316267E-02 2.91830245720754028E-03 2.67701950496307961E-01 6.91335401407814601E-04 5.94942583729495683E-03
1.06391123E+01 5.43485287325772351E-02 2.91601256418244940E-03 2.67749220176824454E-01 6.91069496998423420E-04 5.94327455217123421E-03
1.06465762E+01 5.42849724878566031E-02 2.91370951610367933E-03 2.67796280340506843E-01 6.90802451486687789E-04 5.93706751827187146E-03
1.06540413E+01 5.42214689361378149E-02 2.91139312231768676E-03 2.67843137339426940E-01 6.90534266121303189E-04 5.93080360944745009E-03
1.06615079E+01 5.41580171999589133E-02 2.90906318916554860E-03 2.67889797353249692E-01 6.90264943669682872E-04 5.92448168355264038E-03
1.06689760E+01 5.40946164066969451E-02 2.90671951980058874E-03 2.67936266387466537E-01 6.89994488361910787E-04 5.91810058227054334E-03
1.06764458E+01 5.40312656886215159E-02 2.90436191405192209E-03 2.67982550274088516E-01 6.89722905820988022E-04 5.91165913111553823E-03
1.06839176E+01 5.39679641830379322E-02 2.90199016832886313E-03 2.68028654670774802E-01 6.89450203044513583E-04 5.90515613955979856E-03
1.06913914E+01 5.39047110325034384E-02 2.89960407554951116E-03 2.68074585061295279E-01 6.89176388485883223E-04 5.89859040123571089E-03
1.06988675E+01 5.38415053850688219E-02 2.89720342507188188E-03 2.68120346755478356E-01 6.88901472244708843E-04 5.89196069419691514E-03
1.07063459E+01 5.37783463945002427E-02 2.89478800260947527E-03 2.68165944889469654E-01 6.88625466321558734E-04 5.88526578126077980E-03
1.07138269E+01 5.37152332204477931E-02 2.89235759012287973E-03 2.68211384425707411E-01 6.88348384839946236E-04 5.87850441048231882E-03
1.07213107E+01 5.36521650285537166E-02 2.88991196568868201E-03 2.68256670152678456E-01 6.88070244101580573E-04 5.87167531580793690E-03
1.07287974E+01 5.35891409905182095E-02 2.88745090335173343E-03 2.68301806685929844E-01 6.87791062324674381E-04 5.86477721791977841E-03
1.07362871E+01 5.35261602841491727E-02 2.88497417296836424E-03 2.68346798467592240E-01 6.87510858934308237E-04 5.85780882522528561E-03
1.07437801E+01 5.34632220934273192E-02 2.88248154005098928E-03 2.68391649766901552E-01 6.87229653385750374E-04 5.85076883489316340E-03
1.07512765E+01 5.34003256086143657E-02 2.87997276563013585E-03 2.68436364680448514E-01 6.86947463767551740E-04 5.84365593381736947E-03
1.07587761E+01 5.33374729343007864E-02 2.87744772327866829E-03 2.68480945063570453E-01 6.86664318778900436E-04 5.83646913338254584E-03
1.07662791E+01 5.32746632805561476E-02 2.87490616758826270E-03 2.68525394643550519E-01 6.86380231099438629E-04 5.82920711393681169E-03
1.07737857E+01 5.32118958515184759E-02 2.87234784815209839E-03 2.68569717066179159E-01 6.86095210034246353E-04 5.82186854657680726E-03
1.07812961E+01 5.31491698574469151E-02 2.86977251009071059E-03 2.68613915754906174E-01 6.85809261447492568E-04 5.81445209487839974E-03
1.07888098E+01 5.30864893031779625E-02 2.86718009276465359E-03 2.68657990591994689E-01 6.85522409842354323E-04 5.80695699075595064E-03
1.07963268E+01 5.30238553151361550E-02 2.86457041663822250E-03 2.68701943284316958E-01 6.85234664191891976E-04 5.79938213549688331E-03
1.08038472E+01 5.29612677772532889E-02 2.86194324813173482E-03 2.68745776375621470E-01 6.84946026294320207E-04 5.79172628330957510E-03
1.08113704E+01 5.28987320353007384E-02 2.85929858223677499E-03 2.68789488388365472E-01 6.84656522547620800E-04 5.78398886768944492E-03
1.08188962E+01 5.28362510123826026E-02 2.85663631440168922E-03 2.68833079310221768E-01 6.84366168032095887E-04 5.77616904999175406E-03
1.08264246E+01 5.27738243812918215E-02 2.85395620146399170E-03 2.68876551381186268E-01 6.84074962268696918E-04 5.76826559938928719E-03
1.08339559E+01 5.27114513104592550E-02 2.85125797575959579E-03 2.68919907030467975E-01 6.83782901343503707E-04 5.76027722433025604E-03
1.08414903E+01 5.26491309723586265E-02 2.84854136659420335E-03 2.68963148474843594E-01 6.83489979651228752E-04 5.75220263599768907E-03
1.08490278E+01 5.25868625438363352E-02 2.84580610033696463E-03 2.69006277764252399E-01 6.83196189337372016E-04 5.74404054948391730E-03
1.08565688E+01 5.25246452064777464E-02 2.84305190052040269E-03 2.69049296789288739E-01 6.82901519978666108E-04 5.73578968522557662E-03
1.08641134E+01 5.24624781469943333E-02 2.84027848793343227E-03 2.69092207280166029E-01 6.82605958591817226E-04 5.72744877067369283E-03
1.08716618E+01 5.24003605576384771E-02 2.83748558070648750E-03 2.69135010808492059E-01 6.82309489920384510E-04 5.71901654210497847E-03
1.08792138E+01 5.23382943275952708E-02 2.83467301673075937E-03 2.69177706939486672E-01 6.82012109801082467E-04 5.71049211795290629E-03
1.08867677E+01 5.22762944440143332E-02 2.83184123515267325E-03 2.69220286074989712E-01 6.81713876036310357E-04 5.70187647516062334E-03
1.08943227E+01 5.22143687117961747E-02 2.82899036363648201E-03 2.69262743259347515E-01 6.81414812117092628E-04 5.69316969166391417E-03
1.09018784E+01 5.21525204683724597E-02 2.82612033261832188E-03 2.69305076861394266E-01 6.81114920136584897E-04 5.68437127977246270E-03
1.09094351E+01 5.20907487286169993E-02 2.82323087432476008E-03 2.69347287981684669E-01 6.80814181169920934E-04 5.67548017188219435E-03
1.09169929E+01 5.20290525106849103E-02 2.82032171963030823E-03 2.69389377575859401E-01 6.80512575788772543E-04 5.66649531837864259E-03
1.09245520E+01 5.19674308365409982E-02 2.81739259822889323E-03 2.69431346372209168E-01 6.80210083566247232E-04 5.65741568820361373E-03
1.09321128E+01 5.19058827325901209E-02 2.81444323888613204E-03 2.69473194963759988E-01 6.79906682527965656E-04 5.64824026985111596E-03
1.09396752E+01 5.18444072303217082E-02 2.81147336972581560E-03 2.69514923802045003E-01 6.79602348812626965E-04 5.63896807261434103E-03
1.09472397E+01 5.17830033669434697E-02 2.80848271853731792E-03 2.69556533197910120E-01 6.79297056744729180E-04 5.62959812790222048E-03
1.09548064E+01 5.17216701859953970E-02 2.80547101310048936E-03 2.69598023323366021E-01 6.78990779339159046E-04 5.62012949045874975E-03
1.09623755E+01 5.16604067379336090E-02 2.80243798152349276E-03 2.69639394211896311E-01 6.78683489088847893E-04 5.61056123938827051E-03
1.09699472E+01 5.15992120806784763E-02 2.79938335258381795E-03 2.69680645761454840E-01 6.78375158838118489E-04 5.60089247900031999E-03
1.09775218E+01 5.15380852801095232E-02 2.79630685605800977E-03 2.69721777734995560E-01 6.78065762564696440E-04 5.59112233959407987E-03
1.09850994E+01 5.14770254105007610E-02 2.79320822302472297E-03 2.69762789762422128E-01 6.77755275880076100E-04 5.58124997835828755E-03
1.09926804E+01 5.14160315548924107E-02 2.79008718612910140E-03 2.69803681342143831E-01 6.77443676022790060E-04 5.57127458053706132E-03
1.10002648E+01 5.13551028054047426E-02 2.78694347980500568E-03 2.69844451842449373E-01 6.77130941159728456E-04 5.56119536090697933E-03
1.10078531E+01 5.12942382635147853E-02 2.78377684046237760E-03 2.69885100503358455E-01 6.76817048992099787E-04 5.55101156546805932E-03
1.10154452E+01 5.12334370403287470E-02 2.78058700665935249E-03 2.69925626437324151E-01 6.76501974977550551E-04 5.54072247313335247E-03
1.10230416E+01 5.11726982568887975E-02 2.77737371928636016E-03 2.69966028631295096E-01 6.76185690801974588E-04 5.53032739716366375E-03
1.10306424E+01 5.11120210445427034E-02 2.77413672178947624E-03 2.70006305947674718E-01 6.75868163790215373E-04 5.51982568616304556E-03
1.10382478E+01 5.10514045453771340E-02 2.77087576044897452E-03 2.70046457126089823E-01 6.75549357556859669E-04 5.50921672459979937E-03
1.10458581E+01 5.09908479126741990E-02 2.76759058471060101E-03 2.70086480784567096E-01 6.75229233580060197E-04 5.49849993298387463E-03
1.10534728E+01 5.09303560429640867E-02 2.76428126232127836E-03 2.70126371675957544E-01 6.74907783490650160E-04 5.48767579912042697E-03
1.10610920E+01 5.08699295793199890E-02 2.76094763927468281E-03 2.70166127098657949E-01 6.74584977648614290E-04 5.47674411648233200E-03
1.10687158E+01 5.08095676484629152E-02 2.75758948338339013E-03 2.70205745492955840E-01 6.74260779766143676E-04 5.46570444635366675E-03
1.10763445E+01 5.07492693885584420E-02 2.75420656709314147E-03 2.70245225109181531E-01 6.73935154815547932E-04 5.45455638740604577E-03
1.10839783E+01 5.06890339492915148E-02 2.75079866775384142E-03 2.70284564060096266E-01 6.73608068731491546E-04 5.44329957658793492E-03
1.10916175E+01 5.06288604919101701E-02 2.74736556787968716E-03 2.70323760352552955E-01 6.73279488053453380E-04 5.43193369010910344E-03
1.10992623E+01 5.05687481892502649E-02 2.74390705539638178E-03 2.70362811886547927E-01 6.72949379239566885E-04 5.42045844435270433E-03
1.11069130E+01 5.05086962257600552E-02 2.74042292388514651E-03 2.70401716455994090E-01 6.72617707666680600E-04 5.40887359662559075E-03
1.11145698E+01 5.04487037975417177E-02 2.73691297283463510E-03 2.70440471749757771E-01 6.72284436778957718E-04 5.39717894574950636E-03
1.11222329E+01 5.03887701124213008E-02 2.73337700790601433E-03 2.70479075352878073E-01 6.71949527829536724E-04 5.38537433257590004E-03
1.11299023E+01 5.03288968074381698E-02 2.72981498559858420E-03 2.70517523214388989E-01 6.71612953898168062E-04 5.37346012409145850E-03
1.11375782E+01 5.02690833720216557E-02 2.72622674388481269E-03 2.70555812494778503E-01 6.71274675152696795E-04 5.36143631383706118E-03
1.11452601E+01 5.02093343584393142E-02 2.72261243507475022E-03 2.70593937203243207E-01 6.70934680486544701E-04 5.34930397257027575E-03
1.11529473E+01 5.01496562726260753E-02 2.71897234841422591E-03 2.70631889861741526E-01 6.70592971235461867E-04 5.33706465961160826E-03
1.11606374E+01 5.00900695162867643E-02 2.71530765286279565E-03 2.70669654360165102E-01 6.70249630969373578E-04 5.32472292960440435E-03
1.11683305E+01 5.00305742203882714E-02 2.71161830579181619E-03 2.70707226927865696E-01 6.69904629673392666E-04 5.31227929211586843E-03
1.11760268E+01 4.99711692830519250E-02 2.70790419706505364E-03 2.70744605490332468E-01 6.69557931620914405E-04 5.29973404694562399E-03
1.11837263E+01 4.99118556881454137E-02 2.70416535609682056E-03 2.70781786065239172E-01 6.69209514630920706E-04 5.28708798253449234E-03
1.11914291E+01 4.98526340982082400E-02 2.70040180392352568E-03 2.70818764774690857E-01 6.68859355877571499E-04 5.27434187625032674E-03
1.11991354E+01 4.97935033941302313E-02 2.69661345881308436E-03 2.70855538842524057E-01 6.68507422540576355E-04 5.26149617218055025E-03
1.12068456E+01 4.97344624666583648E-02 2.69280024815646366E-03 2.70892105468918398E-01 6.68153681637812706E-04 5.24855135776243053E-03
1.12145599E+01 4.96755102163607132E-02 2.68896210876629505E-03 2.70928461732466319E-01 6.67798099862600115E-04 5.23550796377678183E-03
1.12222785E+01 4.96166455534959930E-02 2.68509898713053695E-03 2.70964604646113161E-01 6.67440644091524195E-04 5.22236656432168659E-03
1.12300018E+01 4.95578673977867049E-02 2.68121083960397690E-03 2.71000531152621460E-01 6.67081282412799992E-04 5.20912777674110636E-03
1.12377300E+01 4.94991746780957809E-02 2.67729763253150800E-03 2.71036238125377194E-01 6.66719985307462977E-04 5.19579226152000733E-03
1.12454635E+01 4.94405663320170233E-02 2.67335934230577199E-03 2.71071722369915447E-01 6.66356726646616143E-04 5.18236072220440002E-03
1.12532024E+01 4.93820413053985482E-02 2.66939595536853577E-03 2.71106980622566052E-01 6.65991484278831338E-04 5.16883390543714308E-03
1.12609471E+01 4.93235985518353515E-02 2.66540746817192989E-03 2.71142009552611696E-01 6.65624240067780727E-04 5.15521260120691428E-03
1.12686979E+01 4.92652370321751409E-02 2.66139388712201622E-03 2.71176805760794171E-01 6.65254979302718342E-04 5.14149764337148638E-03
1.12764550E+01 4.92069557140891595E-02 2.65735522853466312E-03 2.71211365781119373E-01 6.64883689485462766E-04 5.12768991044389860E-03
1.12842188E+01 4.91487535717548066E-02 2.65329151863837650E-03 2.71245686079624793E-01 6.64510358599392469E-04 5.11379032654461860E-03
1.12919894E+01 4.90906295856760322E-02 2.64920279365776648E-03 2.71279763056072765E-01 6.64134973094568175E-04 5.09979986236039524E-03
1.12997673E+01 4.90325827426425220E-02 2.64508910000059829E-03 2.71313593043843393E-01 6.63757516060739993E-04 5.08571953594474588E-03
1.13075526E+01 4.89746120357882411E-02 2.64095049455144795E-03 2.71347172311863505E-01 6.63377966290611262E-04 5.07155041324808264E-03
1.13153457E+01 4.89167164646898203E-02 2.63678704505096841E-03 2.71380497065880799E-01 6.62996298689379334E-04 5.05729360835220458E-03
1.13231464E+01 4.88588976779998421E-02 2.63259902264697740E-03 2.71413561978647466E-01 6.62612503345022812E-04 5.04295094164174812E-03
1.13309548E+01 4.88011574142071108E-02 2.62838672177127374E-03 2.71446361552142690E-01 6.62226570766916937E-04 5.02852432120940145E-03
1.13387711E+01 4.87434946419057144E-02 2.62415024981315888E-03 2.71478891876821560E-01 6.61838474196497811E-04 5.01401502032479320E-03
1.13465953E+01 4.86859101759207144E-02 2.61988986299404236E-03 2.71511148094907562E-01 6.61448201686048206E-04 4.99942482642254382E-03
1.13544276E+01 4.86284033435367552E-02 2.61560572201756381E-03 2.71543125962627308E-01 6.61055734918236638E-04 4.98475520273744793E-03
1.13622685E+01 4.85709730921164012E-02 2.61129797170647077E-03 2.71574821527216403E-01 6.60661057622849413E-04 4.97000756017283284E-03
1.13701181E+01 4.85136183736022616E-02 2.60696676916617439E-03 2.71606230739028454E-01 6.60264159081440111E-04 4.95518335320622397E-03
1.13779768E+01 4.84563381437410554E-02 2.60261228365071384E-03 2.71637349488478785E-01 6.59865034643430958E-04 4.94028407928923195E-03
1.13858446E+01 4.83991332594289683E-02 2.59823484210914635E-03 2.71668172621218784E-01 6.59463698873045262E-04 4.92531177716569197E-03
1.13937217E+01 4.83420026874250078E-02 2.59383464065331918E-03 2.71698695848326732E-01 6.59060157647062229E-04 4.91026804051233803E-03
1.14016086E+01 4.82849453883755914E-02 2.58941188607714244E-03 2.71728914984834924E-01 6.58654417866004005E-04 4.89515450452762159E-03
1.14095051E+01 4.82279626578709167E-02 2.58496697877111554E-03 2.71758824536169452E-01 6.58246499730410183E-04 4.87997347308060086E-03
1.14174097E+01 4.81710665077015321E-02 2.58050117821979636E-03 2.71788413543711527E-01 6.57836494413183755E-04 4.86473019008117156E-03
1.14253202E+01 4.81142745123191995E-02 2.57601622018880034E-03 2.71817668047473149E-01 6.57424528862258443E-04 4.84943152393574155E-03
1.14332362E+01 4.80575894610719562E-02 2.57151270741129293E-03 2.71846581730522507E-01 6.57010620500894128E-04 4.83408047327170409E-03
1.14411582E+01 4.80010098174575434E-02 2.56699091264642708E-03 2.71875151342798715E-01 6.56594753884382691E-04 4.81867891199924073E-03
1.14490863E+01 4.79445340481760851E-02 2.56245111772880185E-03 2.71903373235786283E-01 6.56176914365950536E-04 4.80322874477852671E-03
1.14570209E+01 4.78881606231898321E-02 2.55789361378841017E-03 2.71931243637677955E-01 6.55757089880714284E-04 4.78773190532748392E-03
1.14649625E+01 4.78318880154327067E-02 2.55331870137782361E-03 2.71958758741035589E-01 6.55335271956595643E-04 4.77219035461591990E-03
1.14729112E+01 4.77757147003178145E-02 2.54872669049161209E-03 2.71985914704498399E-01 6.54911456211318388E-04 4.75660607901154560E-03
1.14808675E+01 4.77196391551161433E-02 2.54411790047806043E-03 2.72012707646914376E-01 6.54485642621128192E-04 4.74098108842365730E-03
1.14888316E+01 4.76636598582474771E-02 2.53949265985076601E-03 2.72039133644863484E-01 6.54057835671598533E-04 4.72531741452275784E-03
1.14968039E+01 4.76077752885029695E-02 2.53485130600787428E-03 2.72065188730773622E-01 6.53628044316358048E-04 4.70961710914110689E-03
1.15047847E+01 4.75519840049449666E-02 2.53019419162373374E-03 2.72090868857355284E-01 6.53196282217289887E-04 4.69388226579734759E-03
1.15127735E+01 4.74962903790363405E-02 2.52552216669503244E-03 2.72116167460129510E-01 6.52762611664030822E-04 4.67811664622339984E-03
1.15207703E+01 4.74406945298674054E-02 2.52083573904981562E-03 2.72141079464153335E-01 6.52327064386844886E-04 4.66232284268480734E-03
1.15287756E+01 4.73851948255533534E-02 2.51613527738989108E-03 2.72165601075110897E-01 6.51889658349545783E-04 4.64650296984254595E-03
1.15367897E+01 4.73297896319543679E-02 2.51142115648309711E-03 2.72189728312169588E-01 6.51450409232975881E-04 4.63065915741172653E-03
1.15448128E+01 4.72744773121305112E-02 2.50669375671941971E-03 2.72213457117009228E-01 6.51009329075834318E-04 4.61479354974027485E-03
1.15528454E+01 4.72192562258788653E-02 2.50195346377177132E-03 2.72236783381213709E-01 6.50566426077276425E-04 4.59890830469677613E-03
1.15608877E+01 4.71641247293760266E-02 2.49720066837476719E-03 2.72259702956982486E-01 6.50121705475335734E-04 4.58300559187329367E-03
1.15689402E+01 4.71090811748794344E-02 2.49243576619377540E-03 2.72282211655334561E-01 6.49675170919950993E-04 4.56708759030639237E-03
1.15770031E+01 4.70541239104265777E-02 2.48765915773347052E-03 2.72304305246235001E-01 6.49226825764026420E-04 4.55115648598198794E-03
1.15850768E+01 4.69992512794750669E-02 2.48287124823260612E-03 2.72325979457392731E-01 6.48776674057299232E-04 4.53521446930406011E-03
1.15931617E+01 4.69444616204411913E-02 2.47807244750177826E-03 2.72347229971966087E-01 6.48324721311589053E-04 4.51926373258848893E-03
1.16012581E+01 4.68897532661119928E-02 2.47326316967621780E-03 2.72368052428700824E-01 6.47870975110709235E-04 4.50330646758037318E-03
1.16093662E+01 4.68351252702969220E-02 2.46844389719049059E-03 2.72388442178904289E-01 6.47415451593387503E-04 4.48734507588006808E-03
1.16174859E+01 4.67805791781682537E-02 2.46361533858633101E-03 2.72408393677176008E-01 6.46958190623283537E-04 4.47138268730969384E-03
1.16256175E+01 4.67261132532197365E-02 2.45877791776789693E-03 2.72427902278269074E-01 6.46499207458016509E-04 4.45542146795037484E-03
1.16337615E+01 4.66717257505335006E-02 2.45393206085058047E-03 2.72446963749598592E-01 6.46038519694334696E-04 4.43946357252916323E-03
1.16419181E+01 4.66174149160061557E-02 2.44907819561121162E-03 2.72465573549986795E-01 6.45576147161270935E-04 4.42351114234101461E-03
1.16500877E+01 4.65631789855414091E-02 2.44421675092982302E-03 2.72483727166222822E-01 6.45112111747480829E-04 4.40756630315890675E-03
1.16582707E+01 4.65090161842885916E-02 2.43934815626022225E-03 2.72501420003316119E-01 6.44646437048288965E-04 4.39163116318187167E-03
1.16664643E+01 4.64549457853404707E-02 2.43447474301942621E-03 2.72518641779299686E-01 6.44179330294628928E-04 4.37571401816233378E-03
1.16746660E+01 4.64009833981204184E-02 2.42959853123051383E-03 2.72535381566290535E-01 6.43710971159539643E-04 4.35982207563160706E-03
1.16828764E+01 4.63471267386853791E-02 2.42471993134892776E-03 2.72551635499359457E-01 6.43241386305498024E-04 4.34395724457762710E-03
1.16910957E+01 4.62933735188562345E-02 2.41983935054833864E-03 2.72567400877245292E-01 6.42770602770942833E-04 4.32812139930147197E-03
1.16993244E+01 4.62397214466309103E-02 2.41495719272013642E-03 2.72582673800142228E-01 6.42298647711826687E-04 4.31231637926778565E-03
1.17075629E+01 4.61861682259637335E-02 2.41007385834070536E-03 2.72597450645770512E-01 6.41825547719237100E-04 4.29654398843387283E-03
1.17158115E+01 4.61327115563684165E-02 2.40518974430178238E-03 2.72611727597109443E-01 6.41351327803936846E-04 4.28080599458682386E-03
1.17240706E+01 4.60793491325215826E-02 2.40030524373367922E-03 2.72625500883155736E-01 6.40876010494979310E-04 4.26510412882024920E-03
1.17323407E+01 4.60260786439190481E-02 2.39542074582249284E-03 2.72638766655832199E-01 6.40399615619992530E-04 4.24944008512760565E-03
1.17406220E+01 4.59728977745504433E-02 2.39053663560245214E-03 2.72651521046885947E-01 6.39922160935269902E-04 4.23381552002180354E-03
1.17489151E+01 4.59198042025191350E-02 2.38565329369541581E-03 2.72663760139280953E-01 6.39443663205291422E-04 4.21823205207025927E-03
1.17572192E+01 4.58668021016448435E-02 2.38077169567588653E-03 2.72675478979069352E-01 6.38964198179027445E-04 4.20269316847836187E-03
1.17655346E+01 4.58138904130493824E-02 2.37589233239560854E-03 2.72686672638527583E-01 6.38483795720782470E-04 4.18720077634461302E-03
1.17738617E+01 4.57610667106032667E-02 2.37101556340659457E-03 2.72697337874801993E-01 6.38002474746854494E-04 4.17175634011381080E-03
1.17822008E+01 4.57083285625446284E-02 2.36614174176024220E-03 2.72707470737161561E-01 6.37520255841157214E-04 4.15636128065776603E-03
1.17905524E+01 4.56556735307167977E-02 2.36127121351394640E-03 2.72717067480291453E-01 6.37037161479997688E-04 4.14101697363972870E-03
1.17989169E+01 4.56030991696965288E-02 2.35640431724293796E-03 2.72720570571559906E-01 6.36553216133862640E-04 4.12572474762597143E-03
1.18072946E+01 4.55506030259333616E-02 2.35154138360468617E-03 2.72742280471995613E-01 6.36068446234423377E-04 4.11048588210750389E-03
1.18156860E+01 4.54981826368591677E-02 2.34668273501311385E-03 2.72742476794795852E-01 6.35582879965470378E-04 4.09530160593968556E-03
1.18240916E+01 4.54458355302363309E-02 2.34182868540665830E-03 2.72743995915422921E-01 6.35096546863461015E-04 4.08017309594623824E-03
1.18325116E+01 4.53935592234305241E-02 2.33697954013506850E-03 2.72762321209864100E-01 6.34609477246229035E-04 4.06510147625941971E-03
1.18409467E+01 4.53413512228142690E-02 2.33213559595875754E-03 2.72762755655872990E-01 6.34121701501924660E-04 4.05008781849114201E-03
1.18493968E+01 4.52892101182763851E-02 2.32729724279446149E-03 2.72764246001984845E-01 6.33633259382769044E-04 4.03513345647417854E-03
1.18578622E+01 4.52371363049845557E-02 2.32246503090398262E-03 2.72778929520892610E-01 6.33144205336160274E-04 4.02024019000049842E-03
1.18663429E+01 4.51851281228932700E-02 2.31763931238565231E-03 2.72779194671292913E-01 6.32654570157259151E-04 4.00540917849842668E-03
1.18748374E+01 4.51331959673660216E-02 2.31282155113267558E-03 2.72780007374571198E-01 6.32164492710257740E-04 3.99064496139783526E-03
1.18833433E+01 4.50813531450633062E-02 2.30801347260830170E-03 2.72782143516077658E-01 6.31674135218570645E-04 3.97595281539794409E-03
1.18918603E+01 4.50296026746739991E-02 2.30321583748340723E-03 2.72795360353321692E-01 6.31183560065389795E-04 3.96133501068571345E-03
1.19003887E+01 4.49779417991644642E-02 2.29842886060304319E-03 2.72794812897666439E-01 6.30692773435623895E-04 3.94679212520851648E-03
1.19089289E+01 4.49263677604115133E-02 2.29365274694851755E-03 2.72793802144566888E-01 6.30201781290040198E-04 3.93232469068302299E-03
1.19174813E+01 4.48748777985393879E-02 2.28888769141935176E-03 2.72792976661288822E-01 6.29710590659714295E-04 3.91793319198532365E-03
1.19260465E+01 4.48234691508563599E-02 2.28413387849892621E-03 2.72792682421308386E-01 6.29219210689127475E-04 3.90361806555089867E-03
1.19346247E+01 4.47721390506306965E-02 2.27939148194241260E-03 2.72792904269616776E-01 6.28727653298377458E-04 3.88937969765248146E-03
1.19432164E+01 4.47208847258606865E-02 2.27466066456671195E-03 2.72793338373434502E-01 6.28235933340453526E-04 3.87521842315921182E-03
1.19518200E+01 4.46697153204515876E-02 2.26994267776917330E-03 2.72793532407521078E-01 6.27744182976886856E-04 3.86113780345157930E-03
1.19604257E+01 4.46186894544250007E-02 2.26524331545838913E-03 2.72793036995151839E-01 6.27253013965217254E-04 3.84715484447999091E-03
1.19690307E+01 4.45678216067784960E-02 2.26056427234664009E-03 2.72791522993763191E-01 6.26762616941401287E-04 3.83327418691212837E-03
1.19776335E+01 4.45171203730766116E-02 2.25590668038099787E-03 2.72778305274348709E-01 6.26273126371467326E-04 3.81949873826470431E-03
1.19862344E+01 4.44665829103221624E-02 2.25127060234276474E-03 2.72778858702540539E-01 6.25784563102904797E-04 3.80582821039937525E-03
1.19948336E+01 4.44162064450477206E-02 2.24665609352759071E-03 2.72779009897060720E-01 6.25296939741309629E-04 3.79226228835293855E-03
1.20034314E+01 4.43659882738178593E-02 2.24206320232524063E-03 2.72777624575614497E-01 6.24810258343061085E-04 3.77880063486754104E-03
1.20120281E+01 4.43159257633397655E-02 2.23749197055197200E-03 2.72759179022951048E-01 6.24324514103270257E-04 3.76544289223873898E-03
1.20206239E+01 4.42660163499976056E-02 2.23294243353012664E-03 2.72759371240460846E-01 6.23839699961572917E-04 3.75218868186250141E-03
1.20292192E+01 4.42162575385630294E-02 2.22841462000263318E-03 2.72758374164460804E-01 6.23355809373575130E-04 3.73903760232680276E-03
1.20378141E+01 4.41666469006203599E-02 2.22390855200379090E-03 2.72740834354449069E-01 6.22872838180087087E-04 3.72598922664129674E-03
1.20464089E+01 4.41171820728204489E-02 2.21942424480679702E-03 2.72740191376493912E-01 6.22390786182354578E-04 3.71304309935531485E-03
1.20550037E+01 4.40678607549722240E-02 2.21496170703918771E-03 2.72726767175008489E-01 6.21909658341506769E-04 3.70019873473128799E-03
1.20635990E+01 4.40186807082939974E-02 2.21052094092108161E-03 2.72725279577007484E-01 6.21429465408301148E-04 3.68745561625448588E-03
1.20721947E+01 4.39696397535208408E-02 2.20610194261971256E-03 2.72702907427799957E-01 6.20950223962203163E-04 3.67481319804636433E-03
1.20807912E+01 4.39207357691186046E-02 2.20170470258761793E-03 2.72702370531008986E-01 6.20471955934105679E-04 3.66227090779555750E-03
1.20893886E+01 4.38719666892116236E-02 2.19732920584021427E-03 2.72686676419453655E-01 6.19994687122928773E-04 3.64982815108246417E-03
1.20979871E+01 4.38233305016272265E-02 2.19297543204280670E-03 2.72683257524030331E-01 6.19518441547663992E-04 3.63748431590078022E-03
1.21065869E+01 4.37748252461662435E-02 2.18864335556772770E-03 2.72656350411378923E-01 6.19043230235276484E-04 3.62523877672625344E-03
1.21151883E+01 4.37264490143387946E-02 2.18433294578120486E-03 2.72655657225248704E-01 6.18569048181439218E-04 3.61309089684907353E-03
1.21237912E+01 4.36781999495775702E-02 2.18004416753356765E-03 2.72635556819824987E-01 6.18095883851402261E-04 3.60104002887059972E-03
1.21323960E+01 4.36300762466955636E-02 2.17577698133260495E-03 2.72631666957353469E-01 6.17623726070210119E-04 3.58908551310676161E-03
1.21410028E+01 4.35820761499581683E-02 2.17153134325437543E-03 2.72600733110477556E-01 6.17152566227070591E-04 3.57722667515181008E-03
1.21496116E+01 4.35341979508275523E-02 2.16730720475608648E-03 2.72599763290393760E-01 6.16682399521352106E-04 3.56546282317454907E-03
1.21582219E+01 4.34864444817116697E-02 2.16310490805670655E-03 2.72574330996277370E-01 6.16213270253689765E-04 3.55379434334310513E-03
1.21668338E+01 4.34388142884491735E-02 2.15892440693156310E-03 2.72563753221043648E-01 6.15745185841921070E-04 3.54222052851504380E-03
1.21754474E+01 4.33913057045968789E-02 2.15476562830580745E-03 2.72544446103205551E-01 6.15278157187789071E-04 3.53074059231836285E-03
1.21840628E+01 4.33439171077081922E-02 2.15062849524112797E-03 2.72527841826981587E-01 6.14812201426282617E-04 3.51935373603284212E-03
1.21926802E+01 4.32966469168382384E-02 2.14651292690107168E-03 2.72509300733202509E-01 6.14347340136879604E-04 3.50805915220581827E-03
1.22012997E+01 4.32494935899804325E-02 2.14241883828756837E-03 2.72490723003808277E-01 6.13883587404470514E-04 3.49685602773331435E-03
1.22099215E+01 4.32024556226540402E-02 2.13834614022353651E-03 2.72471358022352339E-01 6.13420935243214950E-04 3.48574354546520460E-03
1.22185456E+01 4.31555315486238864E-02 2.13429474006317493E-03 2.72451494209194234E-01 6.12959365590517980E-04 3.47472088359756549E-03
1.22271721E+01 4.31087199398400081E-02 2.13026454222602730E-03 2.72431024694064661E-01 6.12498866456691500E-04 3.46378721313817103E-03
1.22358012E+01 4.30620194041664642E-02 2.12625544806056702E-03 2.72409991281748198E-01 6.12039434379386829E-04 3.45294169469803972E-03
1.22444330E+01 4.30154285822334434E-02 2.12226735552682212E-03 2.72388381686448078E-01 6.11581073001887343E-04 3.44218347598698737E-03
1.22530676E+01 4.29689461443590812E-02 2.11830015903670095E-03 2.72366203084169978E-01 6.11123791878694653E-04 3.43151169097459085E-03
1.22617051E+01 4.29225707877544591E-02 2.11435374947888458E-03 2.72343455937829104E-01 6.10667605723293639E-04 3.42092546107507440E-03
1.22703456E+01 4.28763012339215335E-02 2.11042801430294134E-03 2.72320143098050638E-01 6.10212534300109207E-04 3.41042389807375479E-03
1.22789891E+01 4.28301362260302895E-02 2.10652283747945427E-03 2.72296266703823453E-01 6.09758602923787460E-04 3.40000610801816094E-03
1.22876359E+01 4.27840745260372260E-02 2.10263809915787418E-03 2.72271829215500250E-01 6.09305836819645026E-04 3.38967119511791697E-03
1.22962859E+01 4.27381149122027584E-02 2.09877367526407118E-03 2.72246833076633776E-01 6.08854237124204964E-04 3.37941826469566678E-03
1.23049393E+01 4.26922561798047592E-02 2.09492943831418674E-03 2.72221280814926969E-01 6.08403779257967706E-04 3.36924642417227261E-03
1.23135961E+01 4.26464971433349119E-02 2.09110525897316258E-03 2.72195175008703605E-01 6.07954441501952145E-04 3.35915478180675176E-03
1.23222566E+01 4.26008366356293786E-02 2.08730100648939904E-03 2.72168518299384155E-01 6.07506213177001287E-04 3.34914244423054107E-03
1.23309206E+01 4.25552735050661463E-02 2.08351654839649542E-03 2.72141313385847683E-01 6.07059091915565399E-04 3.33920851428481371E-03
1.23395884E+01 4.25098066126341767E-02 2.07975175020880297E-03 2.72113563027464977E-01 6.06613081600400361E-04 3.32935209013874049E-03
1.23482593E+01 4.24644385840248703E-02 2.07600678487130383E-03 2.72085272277851620E-01 6.06168228509804206E-04 3.31957307372065472E-03
1.23569329E+01 4.24191708011015453E-02 2.07228171634806727E-03 2.72056445971444127E-01 6.05724573064664166E-04 3.30987107914983841E-03
1.23656088E+01 4.23740053538431624E-02 2.06857666107028307E-03 2.72027089295418134E-01 6.05282171277200277E-04 3.30024585894122700E-03
1.23742847E+01 4.23289519136129874E-02 2.06489234804547745E-03 2.71997212627172968E-01 6.04841150201678520E-04 3.29069875700924381E-03
1.23829607E+01 4.22840110116328091E-02 2.06122874743312106E-03 2.71966821508494494E-01 6.04401511968522876E-04 3.28122915003808318E-03
1.23916366E+01 4.22391814288946704E-02 2.05758568373824551E-03 2.71935919470273790E-01 6.03963223764885748E-04 3.27183604700627493E-03
1.24003127E+01 4.21944619758075970E-02 2.05396298377653755E-03 2.71904510418513268E-01 6.03526264088990972E-04 3.26251846786735017E-03
1.24089889E+01 4.21498514896950019E-02 2.05036047669402387E-03 2.71872598318435299E-01 6.03090623387088289E-04 3.25327544146463169E-03
1.24176654E+01 4.21053488310647733E-02 2.04677799340901353E-03 2.71840187186479287E-01 6.02656301033160230E-04 3.24410600427991113E-03
1.24263423E+01 4.20609528801673474E-02 2.04321536615347486E-03 2.71807281088781216E-01 6.02223303887976453E-04 3.23500920063310741E-03
1.24350196E+01 4.20166625339544811E-02 2.03967242812595978E-03 2.71773884141767286E-01 6.01791645990579780E-04 3.22598408424031209E-03
1.24436974E+01 4.19724767030739410E-02 2.03614901302063937E-03 2.71740000512210089E-01 6.01361350828891130E-04 3.21702972055623766E-03
1.24523757E+01 4.19283943082433136E-02 2.03264495404050774E-03 2.71705634415601915E-01 6.00932441026489836E-04 3.20814518931627915E-03
1.24610547E+01 4.18844142775564032E-02 2.02916008318041992E-03 2.71670790113765992E-01 6.00504901216906734E-04 3.19932958654880724E-03
1.24697345E+01 4.18405355493978032E-02 2.02569423345784613E-03 2.71635471900937897E-01 6.00078697440215047E-04 3.19058202494402685E-03
1.24784150E+01 4.17967570749573011E-02 2.02224724120322538E-03 2.71599684104707473E-01 5.99653810724047913E-04 3.18190163222861972E-03
1.24870964E+01 4.17530778159119764E-02 2.01881894588194256E-03 2.71563431088396257E-01 5.99230233400123631E-04 3.17328754870057879E-03
1.24957788E+01 4.17094967407761613E-02 2.01540918915102873E-03 2.71526717253011418E-01 5.98807964483606507E-04 3.16473892524696222E-03
1.25044623E+01 4.16660128216690337E-02 2.01201781407766254E-03 2.71489547038189949E-01 5.98387011557233281E-04 3.15625492244775169E-03
1.25131468E+01 4.16226250315262017E-02 2.00864466451367322E-03 2.71451924920016296E-01 5.97967395205260908E-04 3.14783471087711018E-03
1.25218326E+01 4.15793323411206978E-02 2.00528958422413039E-03 2.71413855411000771E-01 5.97549149958917741E-04 3.13947747243111062E-03
1.25305197E+01 4.15361337154210863E-02 2.00195241543108839E-03 2.71375343059190532E-01 5.97132288679704708E-04 3.13118240248546741E-03
1.25392081E+01 4.14930281135142617E-02 1.99863299924067390E-03 2.71336392440827523E-01 5.96716771874183341E-04 3.12294871179914649E-03
1.25478980E+01 4.14500144939771165E-02 1.99533117940400980E-03 2.71297008145740204E-01 5.96302559294587800E-04 3.11477562689642124E-03
1.25565895E+01 4.14070918161718454E-02 1.99204680392996462E-03 2.71257194782757782E-01 5.95889632729528331E-04 3.10666238888918219E-03
1.25652826E+01 4.13642590376542135E-02 1.98877972434038323E-03 2.71216956982313129E-01 5.95477988732881990E-04 3.09860825209998334E-03
1.25739775E+01 4.13215151112971621E-02 1.98552979460668274E-03 2.71176299398438625E-01 5.95067632794041355E-04 3.09061248316289680E-03
1.25826743E+01 4.12788589829257424E-02 1.98229687028533049E-03 2.71135226707560906E-01 5.94658578219308558E-04 3.08267436054800474E-03
1.25913730E+01 4.12362895889374498E-02 1.97908080755400438E-03 2.71093743608061211E-01 5.94250849897046238E-04 3.07479317431458591E-03
1.26000730E+01 4.11938097567624562E-02 1.97588175514776167E-03 2.71051858633269527E-01 5.93844503906079571E-04 3.06696894385731804E-03
1.26087744E+01 4.11514184868777763E-02 1.97269957058845763E-03 2.71009576904746863E-01 5.93439513552424512E-04 3.05920098889680015E-03
1.26174773E+01 4.11091147170048812E-02 1.96953410939490091E-03 2.70966903229190537E-01 5.93035842209016398E-04 3.05148863122164634E-03
1.26261817E+01 4.10668973804785772E-02 1.96638523181890887E-03 2.70923842527761416E-01 5.92633471392335067E-04 3.04383120385397915E-03
1.26348879E+01 4.10247654041137610E-02 1.96325280220998070E-03 2.70880399735022592E-01 5.92232391826357971E-04 3.03622805019985445E-03
1.26435958E+01 4.09827177054351982E-02 1.96013668774788199E-03 2.70836579797647137E-01 5.91832601481679494E-04 3.02867852427597933E-03
1.26523057E+01 4.09407531905696676E-02 1.95703675739395408E-03 2.70792387675762691E-01 5.91434109075179718E-04 3.02118199172992470E-03
1.26610176E+01 4.08988707522549982E-02 1.95395288074886762E-03 2.70747828344297503E-01 5.91036938807723588E-04 3.01373783111827040E-03
1.26697317E+01 4.08570692670321214E-02 1.95088492620591313E-03 2.70702906793430065E-01 5.90641108008569033E-04 3.00634543539074267E-03
1.26784481E+01 4.08153475948681912E-02 1.94783276061945266E-03 2.70657628021603314E-01 5.90246585509961045E-04 2.99900421292075480E-03
1.26871670E+01 4.07737045853120358E-02 1.94479625362720143E-03 2.70611997017972616E-01 5.89853332547503307E-04 2.99171358673697542E-03
1.26958884E+01 4.07321390805844910E-02 1.94177528027260869E-03 2.70566018776511430E-01 5.89461332363489703E-04 2.98447299175010842E-03
1.27046126E+01 4.06906499136789820E-02 1.93876972018656828E-03 2.70519698300241251E-01 5.89070582603989814E-04 2.97728187183038309E-03
1.27133397E+01 4.06492359057140235E-02 1.93577945603157155E-03 2.70473040599228887E-01 5.88681089227202311E-04 2.97013967807169309E-03
1.27220699E+01 4.06078958637302451E-02 1.93280437203764460E-03 2.70426050695123044E-01 5.88292868542957849E-04 2.96304586845761581E-03
1.27308032E+01 4.05666285783247427E-02 1.92984435220467385E-03 2.70378733622831213E-01 5.87905950305913608E-04 2.95599990900099552E-03
1.27395397E+01 4.05254338669500738E-02 1.92689935261145993E-03 2.70331095642651675E-01 5.87520351639814827E-04 2.94900145388080764E-03
1.27482791E+01 4.04843121793168337E-02 1.92396937278006028E-03 2.70283143845295726E-01 5.87136049014922584E-04 2.94205027700634352E-03
1.27570186E+01 4.04432766065890709E-02 1.92105531077682839E-03 2.70234900251837218E-01 5.86753141269455956E-04 2.93514828453023124E-03
1.27657563E+01 4.04023352085784299E-02 1.91815770060452359E-03 2.70186381807399512E-01 5.86371698638293187E-04 2.92829650840556932E-03
1.27744913E+01 4.03614913806967443E-02 1.91527674321325769E-03 2.70137599822119268E-01 5.85991758216669796E-04 2.92149518667860885E-03
1.27832239E+01 4.03207441011256343E-02 1.91241232835064599E-03 2.70088560450912729E-01 5.85613324946390344E-04 2.91474382159839047E-03
1.27919539E+01 4.02800923363075894E-02 1.90956434694249068E-03 2.70039269847540286E-01 5.85236419000909752E-04 2.90804192072371091E-03
1.28006817E+01 4.02395350379983682E-02 1.90673268908205591E-03 2.69989734262298331E-01 5.84861066933769613E-04 2.90138899626898048E-03
1.28094071E+01 4.01990711409482004E-02 1.90391724228334072E-03 2.69939959941065677E-01 5.84487253984316397E-04 2.89478456680405732E-03
1.28181305E+01 4.01586995667377530E-02 1.90111789434477632E-03 2.69889953107004421E-01 5.84114940918480444E-04 2.88822815950746156E-03
1.28268517E+01 4.01184192277491622E-02 1.89833453645457174E-03 2.69839719972701952E-01 5.83744105923178621E-04 2.88171931141069371E-03
1.28355711E+01 4.00782290261477089E-02 1.89556706228460490E-03 2.69789266753581503E-01 5.83374741426116034E-04 2.87525756975942712E-03
1.28442886E+01 4.00381278518229591E-02 1.89281536596594717E-03 2.69738599660312162E-01 5.83006847171969140E-04 2.86884249151059473E-03
1.28530045E+01 3.99981145810899483E-02 1.89007934053414192E-03 2.69687724904883797E-01 5.82640432771448172E-04 2.86247364135813276E-03
1.28617187E+01 3.99581880755413218E-02 1.88735887656859094E-03 2.69636648702276882E-01 5.82275521353894454E-04 2.85615058866673256E-03
1.28704316E+01 3.99183471805640150E-02 1.88465386072133689E-03 2.69585377270796622E-01 5.81912116386233951E-04 2.84987290493164290E-03
1.28791431E+01 3.98785907275914162E-02 1.88196417745221749E-03 2.69533916818276931E-01 5.81550179849064149E-04 2.84364016200696918E-03
1.28878535E+01 3.98389175400573059E-02 1.87928971417252637E-03 2.69482273534261074E-01 5.81189680646531617E-04 2.83745193082941393E-03
1.28965628E+01 3.97993264346497497E-02 1.87663036273279802E-03 2.69430453610535137E-01 5.80830608421519282E-04 2.83130778173964429E-03
1.29052713E+01 3.97598162190807777E-02 1.87398601766532473E-03 2.69378463240555865E-01 5.80472963564927780E-04 2.82520728726858451E-03
1.29139790E+01 3.97203856896627891E-02 1.87135657369037734E-03 2.69326308620961241E-01 5.80116753514058319E-04 2.81915002597956776E-03
1.29226862E+01 3.96810336292654706E-02 1.86874192304890461E-03 2.69273995959177281E-01 5.79761996245786314E-04 2.81313558528314142E-03
1.29313929E+01 3.96417588052633968E-02 1.86614195252299102E-03 2.69221531477015164E-01 5.79408703496104367E-04 2.80716356230441147E-03
1.29400994E+01 3.96025599697657632E-02 1.86355654231531087E-03 2.69168921405064654E-01 5.79056841127506615E-04 2.80123356201782830E-03
1.29488057E+01 3.95634358654708695E-02 1.86098557009575826E-03 2.69116171969459805E-01 5.78706360992097229E-04 2.79534519170349148E-03
1.29575122E+01 3.95243852302018250E-02 1.85842891462994347E-03 2.69063289403665140E-01 5.78357235635334533E-04 2.78949805371598138E-03
1.29662184E+01 3.94854090106406264E-02 1.85588660028306322E-03 2.69010282988331018E-01 5.78009473901048925E-04 2.78369206930415176E-03
1.29749239E+01 3.94465088719051643E-02 1.85335869699331445E-03 2.68957163088202056E-01 5.77663102263458296E-04 2.77792724871670817E-03
1.29836288E+01 3.94076835550671647E-02 1.85084508292764549E-03 2.68903936079135986E-01 5.77318134643652081E-04 2.77220315561599318E-03
1.29923333E+01 3.93689317912412282E-02 1.84834563376754988E-03 2.68850608301034188E-01 5.76974591828010815E-04 2.76651935067357291E-03
1.30010376E+01 3.93302522998584120E-02 1.84586022045680077E-03 2.68797186163366397E-01 5.76632460052181671E-04 2.76087539811625555E-03
1.30097419E+01 3.92916437914195629E-02 1.84338871058206005E-03 2.68743676079077953E-01 5.76291694599703102E-04 2.75527086931904230E-03
1.30184463E+01 3.92531049716831060E-02 1.84093097108299002E-03 2.68690084468237778E-01 5.75952262629202149E-04 2.74970534160687025E-03
1.30271510E+01 3.92146345423493164E-02 1.83848686790663725E-03 2.68636417775665548E-01 5.75614146754705185E-04 2.74417839390523211E-03
1.30358562E+01 3.91762312005476884E-02 1.83605626460407213E-03 2.68582682469060308E-01 5.75277339077622115E-04 2.73868960131990217E-03
1.30445622E+01 3.91378936386546222E-02 1.83363902137743430E-03 2.68528885040819176E-01 5.74941842595188103E-04 2.73323853013864504E-03
1.30532690E+01 3.90996205439906597E-02 1.83123499425973417E-03 2.68475032010659087E-01 5.74607671595422703E-04 2.72782473487696592E-03
1.30619770E+01 3.90614105982107843E-02 1.82884403418606006E-03 2.68421129926516844E-01 5.74274820385012146E-04 2.72244775858821115E-03
1.30706862E+01 3.90232624793198438E-02 1.82646598853963230E-03 2.68367185355447457E-01 5.73943246689142899E-04 2.71710713485281757E-03
1.30793969E+01 3.89851748659297559E-02 1.82410070490143057E-03 2.68313204882700662E-01 5.73612913153911464E-04 2.71180238946517162E-03
1.30881094E+01 3.89471464382731766E-02 1.82174803176453782E-03 2.68259195130760963E-01 5.73283800133272525E-04 2.70653304213627852E-03
1.30968237E+01 3.89091758770182886E-02 1.81940781684156649E-03 2.68205162762519045E-01 5.72955898249735869E-04 2.70129860834695873E-03
1.31055401E+01 3.88712618621954303E-02 1.81707990511358942E-03 2.68151114484542541E-01 5.72629206357935794E-04 2.69609860043059073E-03
1.31142589E+01 3.88334030725240795E-02 1.81476413707564095E-03 2.68097057050940946E-01 5.72303733085659802E-04 2.69093252747966286E-03
1.31229799E+01 3.87955997378208184E-02 1.81246044160755077E-03 2.68042999507270896E-01 5.71979488769077857E-04 2.68580010507678095E-03
1.31317020E+01 3.87578555344752912E-02 1.81016894943442867E-03 2.67988955946422303E-01 5.71656473537234195E-04 2.68070150364401166E-03
1.31404228E+01 3.87201812120785138E-02 1.80789021172693149E-03 2.67934950750477352E-01 5.71334741343479716E-04 2.67563781926346850E-03
1.31491418E+01 3.86825784007113274E-02 1.80562422008448474E-03 2.67880995146608569E-01 5.71014286006253950E-04 2.67060888584827374E-03
1.31578591E+01 3.86450457769492856E-02 1.80337078616552818E-03 2.67827095949374150E-01 5.70695090384276747E-04 2.66561412419979386E-03
1.31665750E+01 3.86075820205247361E-02 1.80112972046790826E-03 2.67773260139406777E-01 5.70377148310736038E-04 2.66065294391893813E-03
1.31752891E+01 3.85701880727220489E-02 1.79890096544591959E-03 2.67719498069730333E-01 5.70060484684306091E-04 2.65572504318971813E-03
1.31840015E+01 3.85328631460590959E-02 1.79668435493102012E-03 2.67665817619659130E-01 5.69745107507209380E-04 2.65082988302620332E-03
1.31927123E+01 3.84956059269794051E-02 1.79447968647190566E-03 2.67612225881579568E-01 5.69430984995272305E-04 2.64596685243075232E-03
1.32014219E+01 3.84584151057189433E-02 1.79228675531986625E-03 2.67558729989587685E-01 5.69118067483191312E-04 2.64113533816160784E-03
1.32101304E+01 3.84212893790807364E-02 1.79010535672439195E-03 2.67505337115481800E-01 5.68806318032816379E-04 2.63633472213660371E-03
1.32188380E+01 3.83842274507566819E-02 1.78793528593266865E-03 2.67452054465796396E-01 5.68495712878742390E-04 2.63156437876797735E-03
1.32275449E+01 3.83472280308464891E-02 1.78577633740879555E-03 2.67398889280137719E-01 5.68186238316668196E-04 2.62682367338179816E-03
1.32362513E+01 3.83102898353396906E-02 1.78362830403001492E-03 2.67345848834845745E-01 5.67877892471207665E-04 2.62211196217543643E-03
1.32449574E+01 3.82734115854374488E-02 1.78149097610998185E-03 2.67292940445053917E-01 5.67570678905171436E-04 2.61742859409080366E-03
1.32536635E+01 3.82365920072713292E-02 1.77936414075206763E-03 2.67240171463627496E-01 5.67264576198570352E-04 2.61277291401874499E-03
1.32623697E+01 3.81998298338854445E-02 1.77724758344330910E-03 2.67187549274087832E-01 5.66959538642208111E-04 2.60814426486741116E-03
1.32710762E+01 3.81631238078311216E-02 1.77514109036565164E-03 2.67135081296019317E-01 5.66655527797556096E-04 2.60354198765968626E-03
1.32797833E+01 3.81264726817467578E-02 1.77304444869315434E-03 2.67082774996316830E-01 5.66352517608010057E-04 2.59896542091532902E-03
1.32884912E+01 3.80898752179836680E-02 1.77095744585371471E-03 2.67030637887833655E-01 5.66050490352307169E-04 2.59441389993724306E-03
1.32972001E+01 3.80533301882377897E-02 1.76887986878616920E-03 2.66978677530699815E-01 5.65749437466197755E-04 2.58988675626491268E-03
1.33059102E+01 3.80168363731561640E-02 1.76681150321843510E-03 2.66926901534401351E-01 5.65449358360798271E-04 2.58538331796600435E-03
1.33146217E+01 3.79803925620359403E-02 1.76475213308250516E-03 2.66875317557054903E-01 5.65150237913023424E-04 2.58090291121723181E-03
1.33233348E+01 3.79439975539814928E-02 1.76270154147383428E-03 2.66823933299495331E-01 5.64852034771093142E-04 2.57644486185719650E-03
1.33320497E+01 3.79076501601842905E-02 1.76065951288729115E-03 2.66772756506258313E-01 5.64554709439457690E-04 2.57200849588184923E-03
1.33407667E+01 3.78713492047321673E-02 1.75862583398265961E-03 2.66721794976151172E-01 5.64258235874518367E-04 2.56759313978117271E-03
1.33494855E+01 3.78350956824179130E-02 1.75660041347503251E-03 2.66671059618811712E-01 5.63962615014628734E-04 2.56319838235648549E-03
1.33582057E+01 3.77988904467644882E-02 1.75458315110647032E-03 2.66620561142602519E-01 5.63667854622220332E-04 2.55882379194363394E-03
1.33669276E+01 3.77627323435316894E-02 1.75257383355439163E-03 2.66570307390772698E-01 5.63373954644608632E-04 2.55446869293394444E-03
1.33756514E+01 3.77266202290378466E-02 1.75057224710990387E-03 2.66520306256523287E-01 5.63080909306366514E-04 2.55013241281167036E-03
1.33843774E+01 3.76905529706446987E-02 1.74857817802636772E-03 2.66470565716467545E-01 5.62788688172371999E-04 2.54581428312557678E-03
1.33931056E+01 3.76545294485665302E-02 1.74659141435880966E-03 2.66421093791133767E-01 5.62497255140755438E-04 2.54151363961460436E-03
1.34018364E+01 3.76185485569486486E-02 1.74461174712189308E-03 2.66371898550778086E-01 5.62206586241180157E-04 2.53722982230360173E-03
1.34105699E+01 3.75826092036883885E-02 1.74263897006525894E-03 2.66322988119112258E-01 5.61916667514911379E-04 2.53296217622254452E-03
1.34193063E+01 3.75467103099543162E-02 1.74067287903608477E-03 2.66274370671388649E-01 5.61627491993864792E-04 2.52871005234131746E-03
1.34280459E+01 3.75108508097714149E-02 1.73871327136269037E-03 2.66226054435011683E-01 5.61339059971923370E-04 2.52447280840901274E-03
1.34367889E+01 3.74750296496432558E-02 1.73675994527465482E-03 2.66178047690113773E-01 5.61051371333932047E-04 2.52024980988916269E-03
1.34455355E+01 3.74392457886316490E-02 1.73481269983404235E-03 2.66130358765112929E-01 5.60764405713587021E-04 2.51604043083123461E-03
1.34542858E+01 3.74034981995837942E-02 1.73287133617971273E-03 2.66082996033380814E-01 5.60478129414260879E-04 2.51184405386815782E-03
1.34630401E+01 3.73677858703173882E-02 1.73093565883478758E-03 2.66035967917624905E-01 5.60192516791704312E-04 2.50766006985807775E-03
1.34717987E+01 3.73321078036992007E-02 1.72900547582221045E-03 2.65989282892781675E-01 5.59907552571307725E-04 2.50348787816671468E-03
1.34805616E+01 3.72964630172426051E-02 1.72708059818588730E-03 2.65942949484063107E-01 5.59623228317175582E-04 2.49932688748225051E-03
1.34893280E+01 3.72608551547391684E-02 1.72516108793768991E-03 2.65896982294980433E-01 5.59339578637560670E-04 2.49517705400587129E-03
1.34980937E+01 3.72253009633622262E-02 1.72324771144708897E-03 2.65851412790624519E-01 5.59056745120720382E-04 2.49103986443379192E-03
1.35068582E+01 3.71898024959133877E-02 1.72134044089640773E-03 2.65806252736022153E-01 5.58774738878005058E-04 2.48691509785143715E-03
1.35156216E+01 3.71543586999698167E-02 1.71943908299943167E-03 2.65761509551757258E-01 5.58493528846460297E-04 2.48280218367838553E-03
1.35243841E+01 3.71189685342975181E-02 1.71754344827147526E-03 2.65717190943974335E-01 5.58213086033626624E-04 2.47870056456491209E-03
1.35331460E+01 3.70836309689996507E-02 1.71565335136738542E-03 2.65673304688476830E-01 5.57933391303744655E-04 2.47460969608206396E-03
1.35419074E+01 3.70483449851796223E-02 1.71376861074798328E-03 2.65629858556827081E-01 5.57654432403478133E-04 2.47052904704486839E-03
1.35506686E+01 3.70131095745716288E-02 1.71188904822183155E-03 2.65586860317430506E-01 5.57376202033443412E-04 2.46645810011180897E-03
1.35594298E+01 3.69779237392355645E-02 1.71001448851492896E-03 2.65544317734340507E-01 5.57098696388063979E-04 2.46239635246020766E-03
1.35681911E+01 3.69427864913465381E-02 1.70814475892803021E-03 2.65502238565858584E-01 5.56821905015409823E-04 2.45834331648361144E-03
1.35769529E+01 3.69076968534377478E-02 1.70627968950432690E-03 2.65460630560212463E-01 5.56545799665657671E-04 2.45429852006319796E-03
1.35857152E+01 3.68726538592029501E-02 1.70441911387232627E-03 2.65419501454186524E-01 5.56270346009491985E-04 2.45026150606337438E-03
1.35944783E+01 3.68376565539966436E-02 1.70256286979680546E-03 2.65378858975368337E-01 5.55995516862856001E-04 2.44623183172861663E-03
1.36032423E+01 3.68027039947528625E-02 1.70071079905597940E-03 2.65338710842020209E-01 5.55721292673889262E-04 2.44220906851434424E-03
1.36120076E+01 3.67677952497280358E-02 1.69886274707536553E-03 2.65299064760324721E-01 5.55447659688956168E-04 2.43819280222313823E-03
1.36207742E+01 3.67329293982756391E-02 1.69701856256625119E-03 2.65259928422509395E-01 5.55174609461871020E-04 2.43418263326374354E-03
1.36295425E+01 3.66981055306725146E-02 1.69517809720623751E-03 2.65221309504550418E-01 5.54902134422736310E-04 2.43017817700835444E-03
1.36383125E+01 3.66633227481433233E-02 1.69334120553833734E-03 2.65183215662268434E-01 5.54630216500856164E-04 2.42617906407590050E-03
1.36470845E+01 3.66285801633361649E-02 1.69150774540115733E-03 2.65145654528332775E-01 5.54358827687322997E-04 2.42218494012961779E-03
1.36558587E+01 3.65938769008855858E-02 1.68967757849397939E-03 2.65108633712404451E-01 5.54087943159909096E-04 2.41819546538436488E-03
1.36646353E+01 3.65592120975478871E-02 1.68785057045121802E-03 2.65072160801312018E-01 5.53817545489855502E-04 2.41421031438307640E-03
1.36734145E+01 3.65245849020676069E-02 1.68602659056836870E-03 2.65036243356304158E-01 5.53547622336903302E-04 2.41022917608982789E-03
1.36821965E+01 3.64899944750345720E-02 1.68420551147768402E-03 2.65000888910982113E-01 5.53278164605118853E-04 2.40625175409419408E-03
1.36909802E+01 3.64554446133077553E-02 1.68238745222575579E-03 2.64966109703450969E-01 5.53009200319963231E-04 2.40227829892079251E-03
1.36997659E+01 3.64209346381846669E-02 1.68057229826077520E-03 2.64931913102648686E-01 5.52740716343377327E-04 2.39830856012865573E-03
1.37085538E+01 3.63864637088989612E-02 1.67875992890047189E-03 2.64898306174329301E-01 5.52472685640814989E-04 2.39434228224028912E-03
1.37173440E+01 3.63520309963125537E-02 1.67695022687441874E-03 2.64865296030582287E-01 5.52205076369841931E-04 2.39037922404625961E-03
1.37261367E+01 3.63176356832536837E-02 1.67514307858368755E-03 2.64832889744259559E-01 5.51937861347936726E-04 2.38641915795412144E-03
1.37349322E+01 3.62832769645748746E-02 1.67333837400055721E-03 2.64801094339766119E-01 5.51671019640548733E-04 2.38246186959116405E-03
1.37437306E+01 3.62489540471117103E-02 1.67153600641846227E-03 2.64769916791546711E-01 5.51404535721150080E-04 2.37850715759769247E-03
1.37525321E+01 3.62146661496602351E-02 1.66973587220301000E-03 2.64739364020519230E-01 5.51138398906863875E-04 2.37455483352051917E-03
1.37613369E+01 3.61804125029969517E-02 1.66793787058244097E-03 2.64709442891871705E-01 5.50872600580066467E-04 2.37060472178837831E-03
1.37701452E+01 3.61461923499969279E-02 1.66614190355163986E-03 2.64680160210392312E-01 5.50607127376338910E-04 2.36665665968800992E-03
1.37789571E+01 3.61120049459478162E-02 1.66434787601441730E-03 2.64651522717945620E-01 5.50341959177746000E-04 2.36271049714988166E-03
1.37877730E+01 3.60778495589357678E-02 1.66255569602887236E-03 2.64623537091657979E-01 5.50077075534193211E-04 2.35876609638046046E-03
1.37965928E+01 3.60437254700568602E-02 1.66076527484960816E-03 2.64596209942555338E-01 5.49812459145275511E-04 2.35482333157649741E-03
1.38054169E+01 3.60096319734706724E-02 1.65897652676438054E-03 2.64569547812936678E-01 5.49548094739185969E-04 2.35088208875066729E-03
1.38142454E+01 3.59755683764269932E-02 1.65718936888085500E-03 2.64543557173417099E-01 5.49283968104193618E-04 2.34694226555788197E-03
1.38230767E+01 3.59415411190803225E-02 1.65540409460747514E-03 2.64518249846077247E-01 5.49020121086342991E-04 2.34300459551498898E-03
1.38319070E+01 3.59075643179141632E-02 1.65362140213243226E-03 2.64493642675132312E-01 5.48756653735870412E-04 2.33907071279713897E-03
1.38407365E+01 3.58736370992376874E-02 1.65184120488407176E-03 2.64469740198203518E-01 5.48493545003074295E-04 2.33514052667661018E-03
1.38495655E+01 3.58397586004748289E-02 1.65006341893687478E-03 2.64446546749690259E-01 5.48230770454277119E-04 2.33121395633201223E-03
1.38583937E+01 3.58059299165705905E-02 1.64828806530292358E-03 2.64424068243765964E-01 5.47968322842688803E-04 2.32729115609623099E-03
1.38672211E+01 3.57721505210605861E-02 1.64651508204780484E-03 2.64402309248121803E-01 5.47706186718842337E-04 2.32337210006576533E-03
1.38760481E+01 3.57384195550699627E-02 1.64474439179162157E-03 2.64381273940288042E-01 5.47444347621910219E-04 2.31945673103704656E-03
1.38848747E+01 3.57047361710258956E-02 1.64297591957482739E-03 2.64360966435367106E-01 5.47182793456705945E-04 2.31554500010146226E-03
1.38937012E+01 3.56710995327659125E-02 1.64120959270669148E-03 2.64341390754307293E-01 5.46921513121120155E-04 2.31163686642746335E-03
1.39025278E+01 3.56375088156859546E-02 1.63944534065503219E-03 2.64322550813280988E-01 5.46660494050214938E-04 2.30773229704482087E-03
1.39113547E+01 3.56039632069405851E-02 1.63768309500729545E-03 2.64304450423346438E-01 5.46399719578746020E-04 2.30383126658495994E-03
1.39201821E+01 3.55704619056927684E-02 1.63592278950735505E-03 2.64287093289176545E-01 5.46139169499528843E-04 2.29993375694493218E-03
1.39290090E+01 3.55370084403342917E-02 1.63416458707981750E-03 2.64270485232261654E-01 5.45878856806673537E-04 2.29604025966564408E-03
1.39378347E+01 3.55036059268183796E-02 1.63240863068682494E-03 2.64254631368533222E-01 5.45618792808656716E-04 2.29215122407838657E-03
1.39466591E+01 3.54702540821527079E-02 1.63065488610241610E-03 2.64239534641529938E-01 5.45358964098349676E-04 2.28826670871788143E-03
1.39554825E+01 3.54369520344029604E-02 1.62890328943209235E-03 2.64225197586109684E-01 5.45099354094235548E-04 2.28438670781758732E-03
1.39643051E+01 3.54036989216404696E-02 1.62715377848938352E-03 2.64211622724668582E-01 5.44839947178365233E-04 2.28051122066524978E-03
1.39731271E+01 3.53704938920291895E-02 1.62540629272092847E-03 2.64198812489493118E-01 5.44580727726765696E-04 2.27664025123049075E-03
1.39819487E+01 3.53373361039520800E-02 1.62366077317003545E-03 2.64186769208787753E-01 5.44321679138584950E-04 2.27277380778887709E-03
1.39907701E+01 3.53042247261554365E-02 1.62191716247368496E-03 2.64175495108195102E-01 5.44062784131048283E-04 2.26891190255045731E-03
1.39995911E+01 3.52711605898491931E-02 1.62017549192352444E-03 2.64164992863659021E-01 5.43804039185361498E-04 2.26505474414073066E-03
1.40084112E+01 3.52381454203770303E-02 1.61843584106271805E-03 2.64155265179463916E-01 5.43545449625653428E-04 2.26120264777309680E-03
1.40172306E+01 3.52051783680191951E-02 1.61669815473916719E-03 2.64146313638236041E-01 5.43287002270092254E-04 2.25735562999477548E-03
1.40260495E+01 3.51722587271350653E-02 1.61496238624163997E-03 2.64138139712973785E-01 5.43028685892327722E-04 2.25351372575748965E-03
1.40348678E+01 3.51393871269303631E-02 1.61322856007333252E-03 2.64130745159873448E-01 5.42770499779278437E-04 2.24967712727933145E-03
1.40436855E+01 3.51065627314567918E-02 1.61149662419443683E-03 2.64124131156091013E-01 5.42512431107564346E-04 2.24584585688422612E-03
1.40525030E+01 3.50737847152985116E-02 1.60976652777177344E-03 2.64118298623572667E-01 5.42254466030365600E-04 2.24201993903499824E-03
1.40613203E+01 3.50410522635979174E-02 1.60803822115049917E-03 2.64113248238368847E-01 5.41996589556326602E-04 2.23819940007706063E-03
1.40701379E+01 3.50083645720868919E-02 1.60631165583426973E-03 2.64111436986056158E-01 5.41738785959599428E-04 2.23438426795090220E-03
1.40789558E+01 3.49757208470998990E-02 1.60458678447061159E-03 2.64102210707675422E-01 5.41481039524691586E-04 2.23057457194158820E-03
1.40877742E+01 3.49431203056108433E-02 1.60286356081493784E-03 2.64102056345513592E-01 5.41223335248697691E-04 2.22677034231231813E-03
1.40965933E+01 3.49105621751722092E-02 1.60114193970818317E-03 2.64101750654005873E-01 5.40965659261824841E-04 2.22297161010012994E-03
1.41054134E+01 3.48780456939350308E-02 1.59942187704525409E-03 2.64101074746223630E-01 5.40707998891521119E-04 2.21917840686976448E-03
1.41142347E+01 3.48455701106243007E-02 1.59770332974778400E-03 2.64100127238004634E-01 5.40450342447047869E-04 2.21539076452236363E-03
1.41230572E+01 3.48131346845120399E-02 1.59598625574007601E-03 2.64099250297290367E-01 5.40192678948154094E-04 2.21160871515176669E-03
1.41318813E+01 3.47807386853762612E-02 1.59427061392492875E-03 2.64098891177097783E-01 5.39934998035010156E-04 2.20783229093831366E-03
1.41407071E+01 3.47483813934361535E-02 1.59255636415345150E-03 2.64102748596386161E-01 5.39677290104642257E-04 2.20406152405832993E-03
1.41495348E+01 3.47160620992478103E-02 1.59084346719254072E-03 2.64103286671250992E-01 5.39419546445187785E-04 2.20029644665541754E-03
1.41583628E+01 3.46837865585495134E-02 1.58913222711796944E-03 2.64112603720817296E-01 5.39161810590383359E-04 2.19653784265188634E-03
1.41671876E+01 3.46515676951318213E-02 1.58742332928209218E-03 2.64112455119482059E-01 5.38904183461322403E-04 2.19278732810567704E-03
1.41760087E+01 3.46194071960739397E-02 1.58571686389926986E-03 2.64119066006878955E-01 5.38646675161391685E-04 2.18904520688894925E-03
1.41848258E+01 3.45873061965627018E-02 1.58401289239703570E-03 2.64124470419621282E-01 5.38389289664398490E-04 2.18531171622332555E-03
1.41936390E+01 3.45552637327274439E-02 1.58231136520583029E-03 2.64131394132089470E-01 5.38132013065200266E-04 2.18158684672812350E-03
1.42024486E+01 3.45232788526121104E-02 1.58061223378930010E-03 2.64138751682673256E-01 5.37874831688170624E-04 2.17787058818861342E-03
1.42112548E+01 3.44913506160741401E-02 1.57891545065631106E-03 2.64147008711297759E-01 5.37617732996111724E-04 2.17416292943122457E-03
1.42200579E+01 3.44594784029826628E-02 1.57722098575062029E-03 2.64155986110744034E-01 5.37360708484164963E-04 2.17046389403207805E-03
1.42288559E+01 3.44276688235437764E-02 1.57552919421623835E-03 2.64165742588481411E-01 5.37103809643559591E-04 2.16677434185081176E-03
1.42376479E+01 3.43959250987245155E-02 1.57384025178119937E-03 2.64176252156312630E-01 5.36847062271133798E-04 2.16309473519019383E-03
1.42464342E+01 3.43642460890140680E-02 1.57215410264808239E-03 2.64187517785228254E-01 5.36590457967523046E-04 2.15942502737919220E-03
1.42552151E+01 3.43326306657078528E-02 1.57047069192457105E-03 2.64199534245715462E-01 5.36333988681698091E-04 2.15576517058097428E-03
1.42639908E+01 3.43010777107132514E-02 1.56878996561793729E-03 2.64212298700692405E-01 5.36077646023514127E-04 2.15211511588180417E-03
1.42727616E+01 3.42695861163919008E-02 1.56711187063063545E-03 2.64225807664856038E-01 5.35821421016300726E-04 2.14847481335995105E-03
1.42815278E+01 3.42381547854064133E-02 1.56543635475584679E-03 2.64240057827464903E-01 5.35565304495799668E-04 2.14484421213455897E-03
1.42902897E+01 3.42067826305538988E-02 1.56376336667059658E-03 2.64255045843283631E-01 5.35309287963578093E-04 2.14122326039824923E-03
1.42990475E+01 3.41754685745710510E-02 1.56209285592272631E-03 2.64270768386150157E-01 5.35053364661523703E-04 2.13761190544295042E-03
1.43078015E+01 3.41442115498894819E-02 1.56042477290487111E-03 2.64287222140716538E-01 5.34797530794409886E-04 2.13401009369133593E-03
1.43165521E+01 3.41130104983139240E-02 1.55875906880698122E-03 2.64304403808387489E-01 5.34541785990590569E-04 2.13041777075440942E-03
1.43252992E+01 3.40818647763632687E-02 1.55709571724485930E-03 2.64322309904340302E-01 5.34286132808632608E-04 2.12683492822333606E-03
1.43340430E+01 3.40507740060295022E-02 1.55543470638273037E-03 2.64340936758744594E-01 5.34030568704230092E-04 2.12326158652318287E-03
1.43427839E+01 3.40197371163012824E-02 1.55377598791879372E-03 2.64360281035193379E-01 5.33775080043086747E-04 2.11969768490153374E-03
1.43515220E+01 3.39887530459984447E-02 1.55211951479902505E-03 2.64380339485667804E-01 5.33519654287726414E-04 2.11614316256425287E-03
1.43602576E+01 3.39578207436837531E-02 1.55046524123812366E-03 2.64401108896293424E-01 5.33264281495848965E-04 2.11259795876787186E-03
1.43689910E+01 3.39269391673408943E-02 1.54881312265125960E-03 2.64422586091831391E-01 5.33008953415892855E-04 2.10906201285743916E-03
1.43777225E+01 3.38961072840554198E-02 1.54716311558814349E-03 2.64444767940523795E-01 5.32753662802063735E-04 2.10553526429310255E-03
1.43864523E+01 3.38653240697614141E-02 1.54551517769202116E-03 2.64467651357665534E-01 5.32498403197886926E-04 2.10201765268217856E-03
1.43951808E+01 3.38345885090453116E-02 1.54386926767937954E-03 2.64491233308774221E-01 5.32243168934484301E-04 2.09850911782013703E-03
1.44039072E+01 3.38039026311911170E-02 1.54222550807063888E-03 2.64515508618996031E-01 5.31987980416846599E-04 2.09500994595089368E-03
1.44126315E+01 3.37732669846050812E-02 1.54058394281090432E-03 2.64540472758006129E-01 5.31732846499331064E-04 2.09152025248947673E-03
1.44213540E+01 3.37426805517966333E-02 1.53894453258072474E-03 2.64566122435657303E-01 5.31477763494343411E-04 2.08803997327595406E-03
1.44300747E+01 3.37121423240672874E-02 1.53730723915364016E-03 2.64592454548800093E-01 5.31222728000619888E-04 2.08456904458292338E-03
1.44387940E+01 3.36816519607031351E-02 1.53567206078522936E-03 2.64619465528257769E-01 5.30967742225338076E-04 2.08110747802040062E-03
1.44475103E+01 3.36512141711533264E-02 1.53403926748744328E-03 2.64647147536140603E-01 5.30712850669551425E-04 2.07765585705392119E-03
1.44562235E+01 3.36208296358675163E-02 1.53240891394932710E-03 2.64675495362228896E-01 5.30458064240228407E-04 2.07421430541756017E-03
1.44649333E+01 3.35904988036857186E-02 1.53078104315422601E-03 2.64704504243609862E-01 5.30203392047099461E-04 2.07078291931204030E-03
1.44736402E+01 3.35602204134737431E-02 1.52915560696072856E-03 2.64734170952187320E-01 5.29948829090842234E-04 2.06736160056443909E-03
1.44823445E+01 3.35299932129928674E-02 1.52753255834509310E-03 2.64764492513251959E-01 5.29694370774406228E-04 2.06395025180344934E-03
1.44910465E+01 3.34998159587688651E-02 1.52591185140773990E-03 2.64795466075705255E-01 5.29440012958260929E-04 2.06054877650047041E-03
1.44997465E+01 3.34696874159745306E-02 1.52429344137494692E-03 2.64827088911125441E-01 5.29185751916235272E-04 2.05715707900227867E-03
1.45084449E+01 3.34396063583211195E-02 1.52267728459618825E-03 2.64859358416056567E-01 5.28931584186717835E-04 2.05377506455590216E-03
1.45171420E+01 3.34095715679556399E-02 1.52106333853699793E-03 2.64892272114387983E-01 5.28677506353703399E-04 2.05040263932170863E-03
1.45258382E+01 3.33795818353629370E-02 1.51945156176771959E-03 2.64925827659844570E-01 5.28423514832553629E-04 2.04703971037078309E-03
1.45345336E+01 3.33496359592746275E-02 1.51784191394970500E-03 2.64960022838496512E-01 5.28169605745686457E-04 2.04368618566440688E-03
1.45432288E+01 3.33197327465893645E-02 1.51623435582109349E-03 2.64994855571151489E-01 5.27915774930835216E-04 2.04034197401627279E-03
1.45519240E+01 3.32898710123091107E-02 1.51462884918466449E-03 2.65030323916707222E-01 5.27662018057937338E-04 2.03700698504054138E-03
1.45606195E+01 3.32600495794967907E-02 1.51302535689956967E-03 2.65066426073206018E-01 5.27408330798600144E-04 2.03368112908961255E-03
1.45693157E+01 3.32302672792570697E-02 1.51142384287728448E-03 2.65103160381632064E-01 5.27154709009723600E-04 2.03036431718463337E-03
1.45780129E+01 3.32005229507384148E-02 1.50982427208005456E-03 2.65140525327464460E-01 5.26901148921089303E-04 2.02705646093996432E-03
1.45867115E+01 3.31708154411500949E-02 1.50822661051823242E-03 2.65178519543488811E-01 5.26647647318363504E-04 2.02375747248171580E-03
1.45954116E+01 3.31411436057861483E-02 1.50663082524249165E-03 2.65217141812048307E-01 5.26394201690873437E-04 2.02046726436035020E-03
1.46041138E+01 3.31115063080497096E-02 1.50503688432823538E-03 2.65256391066950370E-01 5.26140810298893766E-04 2.01718574945805237E-03
1.46128178E+01 3.30819035981068238E-02 1.50344482026892119E-03 2.65296264901920320E-01 5.25887482223427044E-04 2.01391297116264691E-03
1.46215242E+01 3.30523344189565457E-02 1.50185460651569634E-03 2.65336762299731688E-01 5.25634217600757809E-04 2.01064884912234869E-03
1.46302331E+01 3.30227976253601174E-02 1.50026621225929011E-03 2.65377882613040017E-01 5.25381016116097826E-04 2.00739329233644856E-03
1.46389449E+01 3.29932920803329560E-02 1.49867960758764398E-03 2.65419625370207135E-01 5.25127877636441835E-04 2.00414620974958060E-03
1.46476543E+01 3.29638356570191374E-02 1.49709578558012866E-03 2.65461964490476876E-01 5.24874965341210115E-04 2.00090959740016616E-03
1.46563601E+01 3.29344321300790652E-02 1.49551498100482932E-03 2.65504890164347307E-01 5.24622321602706033E-04 1.99768389078921679E-03
1.46650620E+01 3.29050830160628124E-02 1.49393730723847390E-03 2.65548396627575234E-01 5.24369969379004158E-04 1.99446927325064825E-03
1.46737597E+01 3.28757886307753031E-02 1.49236281313821248E-03 2.65592480025089450E-01 5.24117921246508166E-04 1.99126579342977445E-03
1.46824535E+01 3.28465476847320942E-02 1.49079146129665863E-03 2.65637138993729260E-01 5.23866175851266168E-04 1.98807332211054779E-03
1.46911440E+01 3.28173588997298857E-02 1.48922321496737183E-03 2.65682372509540854E-01 5.23614731744705348E-04 1.98489172972168794E-03
1.46998313E+01 3.27882210087669865E-02 1.48765803803452821E-03 2.65728179744365633E-01 5.23363587363451926E-04 1.98172088627387001E-03
1.47085158E+01 3.27591327559606030E-02 1.48609589497719868E-03 2.65774560061105281E-01 5.23112741127027860E-04 1.97856066129631011E-03
1.47171979E+01 3.27300928964677634E-02 1.48453675083158685E-03 2.65821513012876098E-01 5.22862191677063350E-04 1.97541092377829988E-03
1.47258778E+01 3.27011001964132367E-02 1.48298057115251857E-03 2.65869038343444331E-01 5.22611938178910618E-04 1.97227154211795409E-03
1.47345561E+01 3.26721534328241678E-02 1.48142732197472922E-03 2.65917135988007702E-01 5.22361980533269212E-04 1.96914238408019441E-03
1.47432329E+01 3.26432513935719718E-02 1.47987696977443088E-03 2.65965806073229116E-01 5.22112319313868347E-04 1.96602331676519818E-03
1.47519086E+01 3.26143928773231020E-02 1.47832948143185902E-03 2.66015048917603802E-01 5.21862955286912181E-04 1.96291420658628287E-03
1.47605835E+01 3.25855766935013863E-02 1.47678482419604852E-03 2.66064865032348719E-01 5.21613888627837745E-04 1.95981491925204454E-03
1.47692580E+01 3.25568016622634210E-02 1.47524296565330459E-03 2.66115255121012029E-01 5.21365118382412359E-04 1.95672531974510613E-03
1.47779324E+01 3.25280666144854708E-02 1.47370387369891555E-03 2.66166220079838090E-01 5.21116642626457544E-04 1.95364527229439705E-03
1.47866070E+01 3.24993703917514851E-02 1.47216751650941220E-03 2.66217760997686737E-01 5.20868459021201543E-04 1.95057464034824172E-03
1.47952822E+01 3.24707118463346545E-02 1.47063386251318701E-03 2.66269879156199873E-01 5.20620565345457581E-04 1.94751328656002430E-03
1.48039582E+01 3.24420898411724098E-02 1.46910288035977978E-03 2.66322576029186520E-01 5.20372960049197541E-04 1.94446107279458175E-03
1.48126355E+01 3.24135032498383338E-02 1.46757453888975479E-03 2.66375853282645403E-01 5.20125642661652490E-04 1.94141786015835966E-03
1.48213142E+01 3.23849509565172292E-02 1.46604880710696499E-03 2.66429712775056615E-01 5.19878613715187487E-04 1.93838350905268728E-03
1.48299948E+01 3.23564318559883476E-02 1.46452565415465768E-03 2.66484156555997775E-01 5.19631874237379645E-04 1.93535787924613420E-03
1.48386776E+01 3.23279448536183470E-02 1.46300504929629499E-03 2.66539186867099265E-01 5.19385425119567833E-04 1.93234082995945473E-03
1.48473628E+01 3.22994889666138110E-02 1.46148696730385476E-03 2.66594805952510505E-01 5.19139267528800387E-04 1.92933223065673391E-03
1.48560496E+01 3.22710667890161382E-02 1.45997157321136554E-03 2.66651009501898406E-01 5.18893432756614053E-04 1.92633232662728338E-03
1.48647378E+01 3.22426788706499795E-02 1.45845892216574496E-03 2.66707796641533101E-01 5.18647933738220542E-04 1.92334114382742096E-03
1.48734274E+01 3.22143253831757501E-02 1.45694904844880001E-03 2.66765167463922537E-01 5.18402779705065000E-04 1.92035866599929070E-03
1.48821187E+01 3.21860054419363106E-02 1.45544192943225406E-03 2.66823124268849354E-01 5.18157970471390741E-04 1.91738476394101836E-03
1.48908112E+01 3.21577202739989285E-02 1.45393765426386139E-03 2.66881665479407948E-01 5.17913523912708735E-04 1.91441952855164873E-03
1.48995044E+01 3.21294712741863261E-02 1.45243632016747986E-03 2.66940788982392818E-01 5.17669459223717219E-04 1.91146306572206079E-03
1.49081988E+01 3.21012571483127868E-02 1.45093788064996594E-03 2.67000498053295177E-01 5.17425772311796831E-04 1.90851519795101057E-03
1.49168947E+01 3.20730766144350712E-02 1.44944228936655741E-03 2.67060796433651604E-01 5.17182459245907940E-04 1.90557574847625196E-03
1.49255926E+01 3.20449284028359663E-02 1.44794950013865014E-03 2.67121688082771647E-01 5.16939516420175833E-04 1.90264454139115629E-03
1.49342927E+01 3.20168112559848228E-02 1.44645946696812279E-03 2.67183177161100904E-01 5.16696940849028542E-04 1.89972140175235561E-03
1.49429954E+01 3.19887239284920369E-02 1.44497214405217935E-03 2.67245268027930138E-01 5.16454730565163661E-04 1.89680615568756181E-03
1.49517012E+01 3.19606651870600889E-02 1.44348748579953344E-03 2.67307965240897061E-01 5.16212884828881440E-04 1.89389863050868799E-03
1.49604103E+01 3.19326338104357135E-02 1.44200544684876665E-03 2.67371273553989597E-01 5.15971403411172465E-04 1.89099865483334756E-03
1.49691232E+01 3.19046285893709453E-02 1.44052598209228858E-03 2.67435197915335210E-01 5.15730284812268656E-04 1.88810605870845289E-03
1.49778401E+01 3.18766483266083173E-02 1.43904904671039312E-03 2.67499743466918405E-01 5.15489525616384995E-04 1.88522067371944433E-03
1.49865616E+01 3.18486918368794600E-02 1.43757459621113976E-03 2.67564915542691517E-01 5.15249122077440346E-04 1.88234233308227613E-03
1.49932808E+01 3.18271799394751059E-02 1.43644103255883356E-03 2.67616242263452153E-01 5.15064259241076062E-04 1.88013088101850884E-03
1.50000000E+01 3.18056896763981856E-02 1.43530905197125744E-03 2.67666190421096961E-01 5.14879502071546977E-04 1.87792521001985580E-03
