#  time, MeanKE MeanKEDR MeanP 
0 1.24981176168378685E-01 4.68679415828199297E-04 3.58063961071907322E-18
7.36310778E-03 1.24976973582543990E-01 4.68666301859538303E-04 6.23617049979103866E-05
1.47275167E-02 1.24973051443736480E-01 4.68659532363426142E-04 7.33454873980157154E-05
2.20921482E-02 1.24969222601255328E-01 4.68658405308246490E-04 7.26451621541889816E-05
2.94570547E-02 1.24965424415136750E-01 4.68662685937138910E-04 6.79287859487635133E-05
3.68222961E-02 1.24961635930255291E-01 4.68672296243651356E-04 5.90047783770668684E-05
4.41879350E-02 1.24957850092781722E-01 4.68687210794347818E-04 4.57219701036939952E-05
5.15540343E-02 1.24954064485900296E-01 4.68707421987574018E-04 2.81044867907105283E-05
5.89205461E-02 1.24950278297864717E-01 4.68732928042020589E-04 6.15017553594448566E-06
6.62873124E-02 1.24946491290809036E-01 4.68763728737773763E-04 -2.01379587315533688E-05
7.36543968E-02 1.24942703286373469E-01 4.68799825475013589E-04 -5.07557903202392698E-05
8.10218629E-02 1.24938914164641840E-01 4.68841220314049941E-04 -8.56985748398708045E-05
8.83897742E-02 1.24935123825700614E-01 4.68887915830547763E-04 -1.24961593158710529E-04
9.57581943E-02 1.24931332176786425E-01 4.68939915066561238E-04 -1.68540147178695320E-04
1.03127186E-01 1.24927539127969445E-01 4.68997221513509218E-04 -2.16429279379677837E-04
1.10496814E-01 1.24923744590678079E-01 4.69059839105769212E-04 -2.68623706395197876E-04
1.17867139E-01 1.24919948477164061E-01 4.69127772217710847E-04 -3.25117846401700502E-04
1.25238226E-01 1.24916150700297157E-01 4.69201025661943744E-04 -3.85905842717717358E-04
1.32610136E-01 1.24912351173455685E-01 4.69279604687897374E-04 -4.50981572031694566E-04
1.39982933E-01 1.24908549810481648E-01 4.69363514980652508E-04 -5.20338637456295178E-04
1.47356677E-01 1.24904746525624666E-01 4.69452762659735743E-04 -5.93970366091940163E-04
1.54731431E-01 1.24900941233512960E-01 4.69547354278101005E-04 -6.71869812607335548E-04
1.62106956E-01 1.24897134004407093E-01 4.69647292634871154E-04 -7.54026399562051828E-04
1.69483289E-01 1.24893324766212857E-01 4.69752584139957472E-04 -8.40431748477913970E-04
1.76860491E-01 1.24889513434165128E-01 4.69863235949743736E-04 -9.31056270110475312E-04
1.84238625E-01 1.24885699923788812E-01 4.69979255652012182E-04 -1.02595929870826744E-03
1.91617753E-01 1.24881884150879557E-01 4.70100651264681603E-04 -1.12505389309566382E-03
1.98997935E-01 1.24878066031486823E-01 4.70227431234564641E-04 -1.22836780257871937E-03
2.06379233E-01 1.24874245481886761E-01 4.70359604436120296E-04 -1.33588598546057835E-03
2.13761706E-01 1.24870422418577376E-01 4.70497180170240386E-04 -1.44759852903509722E-03
2.21145417E-01 1.24866596758258161E-01 4.70640168163060713E-04 -1.56349532483812995E-03
2.28530424E-01 1.24862768417816003E-01 4.70788578564815664E-04 -1.68356596008232629E-03
2.35916788E-01 1.24858937314317187E-01 4.70942421948657673E-04 -1.80779970835364821E-03
2.43304567E-01 1.24855103364988604E-01 4.71101709309501462E-04 -1.93618552601498525E-03
2.50693820E-01 1.24851266487210205E-01 4.71266452062846328E-04 -2.06871204822462211E-03
2.58084547E-01 1.24847426629469196E-01 4.71436660648455366E-04 -2.20536648081210047E-03
2.65476553E-01 1.24843583840908171E-01 4.71612341083396875E-04 -2.34613187348581623E-03
2.72869898E-01 1.24839738038796749E-01 4.71793505381774055E-04 -2.49099531732132262E-03
2.80264639E-01 1.24835889140533882E-01 4.71980165976180761E-04 -2.63994361774263749E-03
2.87660836E-01 1.24832037063626833E-01 4.72172335716184593E-04 -2.79296325550063874E-03
2.95058548E-01 1.24828181725686785E-01 4.72370027866747815E-04 -2.95004036771988765E-03
3.02457831E-01 1.24824323044426838E-01 4.72573256106585270E-04 -3.11116074222107190E-03
3.09858744E-01 1.24820460937656294E-01 4.72782034526462894E-04 -3.27630981044555640E-03
3.17261343E-01 1.24816595323281876E-01 4.72996377627434635E-04 -3.44547264375845560E-03
3.24665685E-01 1.24812726119299500E-01 4.73216300319064692E-04 -3.61863394597817904E-03
3.32071826E-01 1.24808853243798604E-01 4.73441817917624914E-04 -3.79577804764179468E-03
3.39479821E-01 1.24804976614958374E-01 4.73672946144290099E-04 -3.97688889990480653E-03
3.46889726E-01 1.24801096151040389E-01 4.73909701123356752E-04 -4.16195006841389020E-03
3.54301594E-01 1.24797211770388411E-01 4.74152099380468085E-04 -4.35094472643548971E-03
3.61715481E-01 1.24793323391417868E-01 4.74400157840878915E-04 -4.54385564909592053E-03
3.69131173E-01 1.24789431072408585E-01 4.74653884612258889E-04 -4.74065813710425766E-03
3.76548698E-01 1.24785534745205456E-01 4.74913295932340954E-04 -4.94133300966652800E-03
3.83968111E-01 1.24781634327660346E-01 4.75178409325978368E-04 -5.14586140165421233E-03
3.91389466E-01 1.24777729737687207E-01 4.75449242714629558E-04 -5.35422405168143635E-03
3.98812816E-01 1.24773820893261084E-01 4.75725814414186402E-04 -5.56640127870824345E-03
4.06238215E-01 1.24769907712412184E-01 4.76008143132806917E-04 -5.78237297089667559E-03
4.13665714E-01 1.24765990113225589E-01 4.76296247968798782E-04 -6.00211858305782931E-03
4.21095365E-01 1.24762068013832730E-01 4.76590148408547864E-04 -6.22561712403385710E-03
4.28527221E-01 1.24758141332418304E-01 4.76889864324475416E-04 -6.45284715546480103E-03
4.35961330E-01 1.24754209987204184E-01 4.77195415973055508E-04 -6.68378677801266703E-03
4.43397743E-01 1.24750273896456959E-01 4.77506823992863896E-04 -6.91841363009425541E-03
4.50836510E-01 1.24746332978473345E-01 4.77824109402656921E-04 -7.15670487603639691E-03
4.58277679E-01 1.24742387151583464E-01 4.78147293599441906E-04 -7.39863720137840918E-03
4.65721298E-01 1.24738436334139724E-01 4.78476398356521846E-04 -7.64418680371314017E-03
4.73167415E-01 1.24734480444515017E-01 4.78811445821380837E-04 -7.89332938603336254E-03
4.80615894E-01 1.24730519498335246E-01 4.79152450069433866E-04 -8.14603394231786480E-03
4.88066700E-01 1.24726553457030265E-01 4.79499429783892379E-04 -8.40227211014861475E-03
4.95519882E-01 1.24722582238085092E-01 4.79852407715552413E-04 -8.66201776477044591E-03
5.02975487E-01 1.24718605759008505E-01 4.80211406985557370E-04 -8.92524429077179438E-03
5.10433562E-01 1.24714623937322203E-01 4.80576451082959371E-04 -9.19192454932354387E-03
5.17894153E-01 1.24710636690556959E-01 4.80947563862278715E-04 -9.46203087380227507E-03
5.25357306E-01 1.24706643936254705E-01 4.81324769541022256E-04 -9.73553505810884588E-03
5.32823065E-01 1.24702645591961828E-01 4.81708092697169564E-04 -1.00124083486737778E-02
5.40291474E-01 1.24698641575234026E-01 4.82097558266632266E-04 -1.02926214384215023E-02
5.47762577E-01 1.24694631803633160E-01 4.82493191540705026E-04 -1.05761444554677009E-02
5.55236416E-01 1.24690616194720633E-01 4.82895018163488892E-04 -1.08629469573483170E-02
5.62713034E-01 1.24686594666064382E-01 4.83303064129272670E-04 -1.11529979229758949E-02
5.70192471E-01 1.24682567135232653E-01 4.83717355779888342E-04 -1.14462657407593937E-02
5.77674768E-01 1.24678533519796284E-01 4.84137919801994271E-04 -1.17427182049951225E-02
5.85159965E-01 1.24674493737322978E-01 4.84564783224309022E-04 -1.20423225052617485E-02
5.92648101E-01 1.24670447705383491E-01 4.84997973414818618E-04 -1.23450452179725018E-02
6.00139213E-01 1.24666395341545749E-01 4.85437518077969652E-04 -1.26508522980985430E-02
6.07633139E-01 1.24662336672301532E-01 4.85883433200764048E-04 -1.29597007788438082E-02
6.15129892E-01 1.24658271628170794E-01 4.86335745239029190E-04 -1.32715541195441867E-02
6.22629510E-01 1.24654200125529191E-01 4.86794482509446706E-04 -1.35863762299966353E-02
6.30132032E-01 1.24650122080749298E-01 4.87259673660796070E-04 -1.39041303887868957E-02
6.37637494E-01 1.24646037410193922E-01 4.87731347671101581E-04 -1.42247792227636408E-02
6.45145935E-01 1.24641946030212405E-01 4.88209533844798853E-04 -1.45482847034115494E-02
6.52657389E-01 1.24637847857137496E-01 4.88694261809917516E-04 -1.48746081387484286E-02
6.60171891E-01 1.24633742807283551E-01 4.89185561515275520E-04 -1.52037101597601674E-02
6.67689475E-01 1.24629630796944293E-01 4.89683463227646217E-04 -1.55355507212011339E-02
6.75210176E-01 1.24625511742389242E-01 4.90187997528887510E-04 -1.58700890877572880E-02
6.82734024E-01 1.24621385559864045E-01 4.90699195313047893E-04 -1.62072838278569734E-02
6.90261053E-01 1.24617252165586709E-01 4.91217087783396718E-04 -1.65470928086759519E-02
6.97791293E-01 1.24613111475747884E-01 4.91741706449418895E-04 -1.68894731848971552E-02
7.05324775E-01 1.24608963406508386E-01 4.92273083123736946E-04 -1.72343813936975121E-02
7.12861526E-01 1.24604807873997220E-01 4.92811249918980268E-04 -1.75817731507054743E-02
7.20401577E-01 1.24600644794314680E-01 4.93356239244601043E-04 -1.79316034344408314E-02
7.27944955E-01 1.24596474083526476E-01 4.93908083803648416E-04 -1.82838264865874400E-02
7.35491685E-01 1.24592295657666122E-01 4.94466816589473061E-04 -1.86383958043429797E-02
7.43041796E-01 1.24588109432734698E-01 4.95032470882426218E-04 -1.89952641321671639E-02
7.50595307E-01 1.24583915326826583E-01 4.95605079953973546E-04 -1.93543832704016691E-02
7.58152072E-01 1.24579713350676510E-01 4.96184664488430851E-04 -1.97156962760230980E-02
7.65712119E-01 1.24575503418797626E-01 4.96771258388543761E-04 -2.00791536003665887E-02
7.73275472E-01 1.24571285445676846E-01 4.97364895838993512E-04 -2.04447049452392247E-02
7.80842158E-01 1.24567059345766548E-01 4.97965611302953956E-04 -2.08122992407828722E-02
7.88412199E-01 1.24562825033473393E-01 4.98573439518588284E-04 -2.11818846385838644E-02
7.95985619E-01 1.24558582423165698E-01 4.99188415495549552E-04 -2.15534085087360633E-02
8.03562441E-01 1.24554331429163306E-01 4.99810574511439236E-04 -2.19268174326987114E-02
8.11142686E-01 1.24550071965743567E-01 5.00439952108270355E-04 -2.23020571999640385E-02
8.18726374E-01 1.24545803947138350E-01 5.01076584088935677E-04 -2.26790728015626823E-02
8.26313525E-01 1.24541527287533968E-01 5.01720506513649587E-04 -2.30578084294663747E-02
8.33904157E-01 1.24537241901064563E-01 5.02371755696423019E-04 -2.34382074686030582E-02
8.41498290E-01 1.24532947701819371E-01 5.03030368201515081E-04 -2.38202124969760787E-02
8.49095940E-01 1.24528644603834990E-01 5.03696380839894760E-04 -2.42037652767956996E-02
8.56697123E-01 1.24524332521094766E-01 5.04369830665678991E-04 -2.45888067595924388E-02
8.64301854E-01 1.24520011367529063E-01 5.05050754972557938E-04 -2.49752770771734835E-02
8.71910148E-01 1.24515681057011968E-01 5.05739191290179285E-04 -2.53631155409954137E-02
8.79522018E-01 1.24511341503359699E-01 5.06435177380525590E-04 -2.57522606418581039E-02
8.87137477E-01 1.24506992620332629E-01 5.07138751234212392E-04 -2.61426500468894991E-02
8.94756537E-01 1.24502634321627850E-01 5.07849951066755186E-04 -2.65342205975916713E-02
9.02379208E-01 1.24498266520883749E-01 5.08568815314787621E-04 -2.69269083137750713E-02
9.10005501E-01 1.24493889131677346E-01 5.09295382632211392E-04 -2.73206483837633643E-02
9.17635425E-01 1.24489502067521282E-01 5.10029691886298639E-04 -2.77153751770900202E-02
9.25268988E-01 1.24485105241868510E-01 5.10771782153747510E-04 -2.81110222327628397E-02
9.32906197E-01 1.24480698568105785E-01 5.11521692716689373E-04 -2.85075222686908027E-02
9.40547059E-01 1.24476281959556734E-01 5.12279463058655147E-04 -2.89048071783465747E-02
9.48191580E-01 1.24471855329480588E-01 5.13045132860517569E-04 -2.93028080360393899E-02
9.55839763E-01 1.24467418591071563E-01 5.13818741996405377E-04 -2.97014550956362748E-02
9.63491613E-01 1.24462971657459967E-01 5.14600330529605679E-04 -3.01006777959741262E-02
9.71147086E-01 1.24458514469436052E-01 5.15389933774230893E-04 -3.05004022725319790E-02
9.78806141E-01 1.24454046964300069E-01 5.16187587683769253E-04 -3.09005541722038174E-02
9.86468784E-01 1.24449569053419931E-01 5.16993332927800334E-04 -3.13010606760908694E-02
9.94135017E-01 1.24445080648098824E-01 5.17807210357710862E-04 -3.17018481694183590E-02
1.00180484E+00 1.24440581659571156E-01 5.18629261002480314E-04 -3.21028422467740243E-02
1.00947826E+00 1.24436071998999906E-01 5.19459526064434203E-04 -3.25039677174918037E-02
1.01715528E+00 1.24431551577478761E-01 5.20298046915003008E-04 -3.29051486173760482E-02
1.02483589E+00 1.24427020306027883E-01 5.21144865090469173E-04 -3.33063082086829110E-02
1.03252010E+00 1.24422478095592121E-01 5.22000022287706080E-04 -3.37073689980629185E-02
1.04020790E+00 1.24417924857044060E-01 5.22863560359935575E-04 -3.41082527333136237E-02
1.04789929E+00 1.24413360501179029E-01 5.23735521312450997E-04 -3.45088804213396910E-02
1.05559426E+00 1.24408784938715850E-01 5.24615947298330576E-04 -3.49091723350572203E-02
1.06329282E+00 1.24404198080294195E-01 5.25504880614150491E-04 -3.53090480209902399E-02
1.07099495E+00 1.24399599836474001E-01 5.26402363695644923E-04 -3.57084263117244949E-02
1.07870065E+00 1.24394990117736470E-01 5.27308439113349618E-04 -3.61072253443189758E-02
1.08640992E+00 1.24390368834477766E-01 5.28223149568203716E-04 -3.65053625583967589E-02
1.09412274E+00 1.24385735897016153E-01 5.29146537887115144E-04 -3.69027547246641371E-02
1.10183911E+00 1.24381091215579748E-01 5.30078647018474946E-04 -3.72993179456384133E-02
1.10955901E+00 1.24376434700317812E-01 5.31019520027639093E-04 -3.76949676809731210E-02
1.11728244E+00 1.24371766261290678E-01 5.31969200092363335E-04 -3.80896187527816829E-02
1.12500938E+00 1.24367085808475775E-01 5.32927730498207919E-04 -3.84831853692518891E-02
1.13273983E+00 1.24362393251759906E-01 5.33895154633913689E-04 -3.88755811367998347E-02
1.14047377E+00 1.24357688500946598E-01 5.34871515986740337E-04 -3.92667190781025369E-02
1.14821118E+00 1.24352971465747419E-01 5.35856858137808128E-04 -3.96565116518762598E-02
1.15595205E+00 1.24348242055788274E-01 5.36851224757416427E-04 -4.00448707694843684E-02
1.16369637E+00 1.24343500180602987E-01 5.37854659600360053E-04 -4.04317078157650292E-02
1.17144412E+00 1.24338745749634008E-01 5.38867206501250618E-04 -4.08169336685055076E-02
1.17919528E+00 1.24333978672235168E-01 5.39888909369842210E-04 -4.12004587202193795E-02
1.18694984E+00 1.24329198857660347E-01 5.40919812186355770E-04 -4.15821929001344986E-02
1.19470777E+00 1.24324406215074151E-01 5.41959958996830250E-04 -4.19620456959818658E-02
1.20246906E+00 1.24319600653542806E-01 5.43009393908451435E-04 -4.23399261773043656E-02
1.21023368E+00 1.24314782082030423E-01 5.44068161084900392E-04 -4.27157430203985999E-02
1.21800162E+00 1.24309950409407691E-01 5.45136304741714929E-04 -4.30894045327628039E-02
1.22577286E+00 1.24305105544436162E-01 5.46213869141601066E-04 -4.34608186780612235E-02
1.23354736E+00 1.24300247395778843E-01 5.47300898589783984E-04 -4.38298931030588618E-02
1.24132512E+00 1.24295375871988467E-01 5.48397437429308868E-04 -4.41965351660155506E-02
1.24910609E+00 1.24290490881512200E-01 5.49503530036340136E-04 -4.45606519607772353E-02
1.25689027E+00 1.24285592332686198E-01 5.50619220815440282E-04 -4.49221503495389821E-02
1.26467762E+00 1.24280680133735999E-01 5.51744554194819764E-04 -4.52809369894013464E-02
1.27246812E+00 1.24275754192771204E-01 5.52879574621578228E-04 -4.56369183625231906E-02
1.28026175E+00 1.24270814417785619E-01 5.54024326556921227E-04 -4.59900008084045825E-02
1.28805846E+00 1.24265860716656990E-01 5.55178854471367824E-04 -4.63400905523604217E-02
1.29585824E+00 1.24260892997141340E-01 5.56343202839961349E-04 -4.66870937410714115E-02
1.30366106E+00 1.24255911166872540E-01 5.57517416137458580E-04 -4.70309164713615183E-02
1.31146689E+00 1.24250915133359452E-01 5.58701538833552744E-04 -4.73714648279021516E-02
1.31927569E+00 1.24245904803985244E-01 5.59895615388088502E-04 -4.77086449099128410E-02
1.32708744E+00 1.24240880086001884E-01 5.61099690246312380E-04 -4.80423628771091266E-02
1.33490211E+00 1.24235840886528129E-01 5.62313807834132319E-04 -4.83725249724904910E-02
1.34271966E+00 1.24230787112548285E-01 5.63538012553425134E-04 -4.86990375638528608E-02
1.35054005E+00 1.24225718670907148E-01 5.64772348777365122E-04 -4.90218071854809437E-02
1.35836327E+00 1.24220635468308221E-01 5.66016860845777064E-04 -4.93407405615712488E-02
1.36618927E+00 1.24215537411307558E-01 5.67271593060547229E-04 -4.96557446575083550E-02
1.37401802E+00 1.24210424406312470E-01 5.68536589681028310E-04 -4.99667267069779375E-02
1.38184949E+00 1.24205296359575806E-01 5.69811894919523181E-04 -5.02735942576491221E-02
1.38968363E+00 1.24200153177193989E-01 5.71097552936738724E-04 -5.05762552064448617E-02
1.39752042E+00 1.24194994765098432E-01 5.72393607837315670E-04 -5.08746178358304851E-02
1.40535981E+00 1.24189821029058095E-01 5.73700103665338696E-04 -5.11685908612763279E-02
1.41320177E+00 1.24184631874667328E-01 5.75017084399889029E-04 -5.14580834629535730E-02
1.42104626E+00 1.24179427207346343E-01 5.76344593950618407E-04 -5.17430053295951861E-02
1.42889325E+00 1.24174206932335773E-01 5.77682676153334646E-04 -5.20232667009569785E-02
1.43674269E+00 1.24168970954688332E-01 5.79031374765607903E-04 -5.22987784020977967E-02
1.44459455E+00 1.24163719179269050E-01 5.80390733462424657E-04 -5.25694518909171973E-02
1.45244879E+00 1.24158451510746559E-01 5.81760795831844178E-04 -5.28351992957861935E-02
1.46030536E+00 1.24153167853588015E-01 5.83141605370723838E-04 -5.30959334570660219E-02
1.46816423E+00 1.24147868112054374E-01 5.84533205480473493E-04 -5.33515679679654603E-02
1.47602535E+00 1.24142552190196223E-01 5.85935639462862429E-04 -5.36020314383259949E-02
1.48388869E+00 1.24137219991842948E-01 5.87348950515895175E-04 -5.38471941448595767E-02
1.49175421E+00 1.24131871420600892E-01 5.88773181729752783E-04 -5.40870229348080420E-02
1.49962185E+00 1.24126506379846319E-01 5.90208376082790613E-04 -5.43214113450532707E-02
1.50749159E+00 1.24121124772715405E-01 5.91654576437644522E-04 -5.45502806920410352E-02
1.51536337E+00 1.24115726502102730E-01 5.93111825537380867E-04 -5.47735500975902595E-02
1.52323713E+00 1.24110311484985247E-01 5.94580162103629717E-04 -5.49911389941879214E-02
1.53111280E+00 1.24104879651274411E-01 5.96059621059296242E-04 -5.52029674683960567E-02
1.53899032E+00 1.24099430903756969E-01 5.97550244429561088E-04 -5.54089579072965382E-02
1.54686966E+00 1.24093965144913859E-01 5.99052074112589312E-04 -5.56090338553616656E-02
1.55475076E+00 1.24088482276904319E-01 6.00565151876576372E-04 -5.58031200561437402E-02
1.56263359E+00 1.24082982201563413E-01 6.02089519356880298E-04 -5.59911425026835066E-02
1.57051810E+00 1.24077464820381775E-01 6.03625218053199081E-04 -5.61730284792081452E-02
1.57840425E+00 1.24071930034505992E-01 6.05172289326861798E-04 -5.63487065947891747E-02
1.58629198E+00 1.24066377744720527E-01 6.06730774398199740E-04 -5.65181068260395131E-02
1.59418126E+00 1.24060807851440094E-01 6.08300714344036275E-04 -5.66811605507534996E-02
1.60207204E+00 1.24055220254698839E-01 6.09882150095276878E-04 -5.68378005875275275E-02
1.60996428E+00 1.24049614854139664E-01 6.11475122434637511E-04 -5.69879612297004290E-02
1.61785792E+00 1.24043991549001240E-01 6.13079671994486847E-04 -5.71315782827910359E-02
1.62575294E+00 1.24038350238107775E-01 6.14695839254843961E-04 -5.72685890977749704E-02
1.63364927E+00 1.24032690819858335E-01 6.16323664541488896E-04 -5.73989326054952856E-02
1.64154688E+00 1.24027013192212585E-01 6.17963188024248642E-04 -5.75225493498288179E-02
1.64944572E+00 1.24021317252677732E-01 6.19614449715380163E-04 -5.76393815193326567E-02
1.65734574E+00 1.24015602898296079E-01 6.21277489468143583E-04 -5.77493729790530680E-02
1.66524691E+00 1.24009870025629271E-01 6.22952346975478698E-04 -5.78524692994367984E-02
1.67314917E+00 1.24004118530744292E-01 6.24639061768833071E-04 -5.79486177857032048E-02
1.68105248E+00 1.23998348309195663E-01 6.26337673217141028E-04 -5.80377675042298494E-02
1.68895679E+00 1.23992559256010201E-01 6.28048220525928764E-04 -5.81198693098050750E-02
1.69686207E+00 1.23986751265667827E-01 6.29770742736613623E-04 -5.81948758697663493E-02
1.70476827E+00 1.23980924232089923E-01 6.31505278725942153E-04 -5.82627416870745984E-02
1.71267534E+00 1.23975078048620471E-01 6.33251867205654982E-04 -5.83234231249585289E-02
1.72058324E+00 1.23969212608012219E-01 6.35010546722329606E-04 -5.83768784261821799E-02
1.72849192E+00 1.23963327802414008E-01 6.36781355657429615E-04 -5.84230677356360473E-02
1.73640135E+00 1.23957423523354426E-01 6.38564332227552320E-04 -5.84619531132404072E-02
1.74431147E+00 1.23951499661730843E-01 6.40359514484849213E-04 -5.84934985315845243E-02
1.75222225E+00 1.23945556107788291E-01 6.42166940317574460E-04 -5.85176698154145775E-02
1.76013365E+00 1.23939592751097755E-01 6.43986647450730761E-04 -5.85344342980386456E-02
1.76804562E+00 1.23933609480537874E-01 6.45818673446823198E-04 -5.85437583819412716E-02
1.77595811E+00 1.23927606184258521E-01 6.47663055706705127E-04 -5.85455382519736930E-02
1.78387110E+00 1.23921582749658421E-01 6.49519831470654900E-04 -5.85402096755174711E-02
1.79178453E+00 1.23915539063366581E-01 6.51389037819881281E-04 -5.85268041099932107E-02
1.79969837E+00 1.23909475011215395E-01 6.53270711678261853E-04 -5.85062077659305180E-02
1.80761257E+00 1.23903390478235897E-01 6.55164889814652479E-04 -5.84779805195171157E-02
1.81552710E+00 1.23897285348642819E-01 6.57071608845360912E-04 -5.84421826253213525E-02
1.82344191E+00 1.23891159505822940E-01 6.58990905237102648E-04 -5.83987964859759359E-02
1.83135698E+00 1.23885012832332900E-01 6.60922815310422242E-04 -5.83478086857721970E-02
1.83927225E+00 1.23878845209887761E-01 6.62867375243166653E-04 -5.82892077830304348E-02
1.84718769E+00 1.23872656519321930E-01 6.64824621073545298E-04 -5.82229844356095330E-02
1.85510327E+00 1.23866446640539474E-01 6.66794588702687902E-04 -5.81491313838317231E-02
1.86301894E+00 1.23860215452433420E-01 6.68777313896446986E-04 -5.80676434486504245E-02
1.87093468E+00 1.23853962832759651E-01 6.70772832285329123E-04 -5.79785175274151118E-02
1.87885044E+00 1.23847688658084237E-01 6.72781179367259443E-04 -5.78817525856284085E-02
1.88676619E+00 1.23841392803937675E-01 6.74802390518289643E-04 -5.77773496956665925E-02
1.89468190E+00 1.23835075144904855E-01 6.76836501001677857E-04 -5.76653120295848101E-02
1.90259753E+00 1.23828735554644756E-01 6.78883545975168313E-04 -5.75456447835774598E-02
1.91051306E+00 1.23822373905834712E-01 6.80943560495974871E-04 -5.74183551834222053E-02
1.91842844E+00 1.23815990070029608E-01 6.83016579522666015E-04 -5.72834525014911181E-02
1.92634364E+00 1.23809583917305371E-01 6.85102637908710597E-04 -5.71409480420444552E-02
1.93425865E+00 1.23803155316340507E-01 6.87201770411787990E-04 -5.69908551950001063E-02
1.94217342E+00 1.23796704134777308E-01 6.89314011714991181E-04 -5.68331892372645892E-02
1.95008793E+00 1.23790230239193916E-01 6.91439396433559338E-04 -5.66679675720303741E-02
1.95800214E+00 1.23783733494962245E-01 6.93577959118215855E-04 -5.64952094785166614E-02
1.96591604E+00 1.23777213765552646E-01 6.95729734238033077E-04 -5.63149362878496568E-02
1.97382959E+00 1.23770670913220970E-01 6.97894756212866425E-04 -5.61271710300643989E-02
1.98174278E+00 1.23764104799181152E-01 7.00073059430548106E-04 -5.59319388047316360E-02
1.98965556E+00 1.23757515283294955E-01 7.02264678246300998E-04 -5.57293061016542676E-02
1.99756793E+00 1.23750902223758161E-01 7.04469646981400631E-04 -5.55191738692888126E-02
2.00547986E+00 1.23744265477060050E-01 7.06687999930680362E-04 -5.53017216582891574E-02
2.01339133E+00 1.23737604898273998E-01 7.08919771381929706E-04 -5.50769108459175094E-02
2.02130231E+00 1.23730920341130063E-01 7.11164995629966841E-04 -5.48447864045243094E-02
2.02921278E+00 1.23724211657868025E-01 7.13423706983535113E-04 -5.46053847259414943E-02
2.03712273E+00 1.23717478698972871E-01 7.15695939767700207E-04 -5.43587436947812475E-02
2.04503214E+00 1.23710721313075714E-01 7.17981728331967893E-04 -5.41049029114386848E-02
2.05294100E+00 1.23703939347056494E-01 7.20281107067392520E-04 -5.38439036248198055E-02
2.06084927E+00 1.23697132645440591E-01 7.22594110398750052E-04 -5.35757888409882851E-02
2.06875696E+00 1.23690301051008478E-01 7.24920772815921058E-04 -5.33006030115871221E-02
2.07666405E+00 1.23683444405450482E-01 7.27261128911190521E-04 -5.30183922945243608E-02
2.08457052E+00 1.23676562549140598E-01 7.29615213387173355E-04 -5.27292046144480775E-02
2.09247637E+00 1.23669655320828867E-01 7.31983061060751251E-04 -5.24330891629061074E-02
2.10038158E+00 1.23662722557408386E-01 7.34364706868959353E-04 -5.21300967031964949E-02
2.10828615E+00 1.23655764093623888E-01 7.36760185872755379E-04 -5.18202794658438881E-02
2.11619006E+00 1.23648779760205926E-01 7.39169533205338196E-04 -5.15036910982368604E-02
2.12409332E+00 1.23641769385721426E-01 7.41592784146687589E-04 -5.11803869035858811E-02
2.13199590E+00 1.23634732797693020E-01 7.44029974182329533E-04 -5.08504230388532180E-02
2.13989782E+00 1.23627669822216055E-01 7.46481139010004798E-04 -5.05138574389276118E-02
2.14779907E+00 1.23620580283676562E-01 7.48946314547915284E-04 -5.01707491510354417E-02
2.15569964E+00 1.23613464004636686E-01 7.51425536947999528E-04 -4.98211585235503671E-02
2.16359954E+00 1.23606320803933981E-01 7.53918842547601580E-04 -4.94651471351321911E-02
2.17149876E+00 1.23599150496194451E-01 7.56426267862153937E-04 -4.91027778146688881E-02
2.17939731E+00 1.23591952895034121E-01 7.58947849714031934E-04 -4.87341141095119085E-02
2.18729520E+00 1.23584727812678347E-01 7.61483625243331908E-04 -4.83592214421048536E-02
2.19519242E+00 1.23577475059641284E-01 7.64033631918327244E-04 -4.79781657233712133E-02
2.20308898E+00 1.23570194444475756E-01 7.66597907547510605E-04 -4.75910141383821539E-02
2.21098489E+00 1.23562885770947734E-01 7.69176490201323431E-04 -4.71978352328701195E-02
2.21888017E+00 1.23555548838927734E-01 7.71769418253063968E-04 -4.67986974182512949E-02
2.22677481E+00 1.23548183447073134E-01 7.74376730492350217E-04 -4.63936706564047827E-02
2.23466880E+00 1.23540789413249447E-01 7.76998458785249256E-04 -4.59828277038540137E-02
2.24256206E+00 1.23533366642300760E-01 7.79634603752769537E-04 -4.55662461750694081E-02
2.25045457E+00 1.23525914931387662E-01 7.82285203301003279E-04 -4.51439992418687444E-02
2.25834637E+00 1.23518434073152023E-01 7.84950295688681085E-04 -4.47161610224413100E-02
2.26623745E+00 1.23510923857481900E-01 7.87629919605082273E-04 -4.42828062896138963E-02
2.27412783E+00 1.23503384072341266E-01 7.90324114224572093E-04 -4.38440102268615392E-02
2.28201753E+00 1.23495814503581519E-01 7.93032919227472832E-04 -4.33998489640297844E-02
2.28990657E+00 1.23488214933947335E-01 7.95756374791799269E-04 -4.29503992497054787E-02
2.29779496E+00 1.23480585142556859E-01 7.98494521596498485E-04 -4.24957385865249171E-02
2.30568273E+00 1.23472924905453488E-01 8.01247400861898953E-04 -4.20359449706838376E-02
2.31356989E+00 1.23465233995869533E-01 8.04015054384357849E-04 -4.15710967399855608E-02
2.32145647E+00 1.23457512183714743E-01 8.06797524546520308E-04 -4.11012728812000586E-02
2.32934249E+00 1.23449759235673889E-01 8.09594854346289963E-04 -4.06265530215829881E-02
2.33722797E+00 1.23441974915264124E-01 8.12407087423129299E-04 -4.01470169910347410E-02
2.34511295E+00 1.23434158982803716E-01 8.15234268082099781E-04 -3.96627450836255571E-02
2.35299745E+00 1.23426311195404634E-01 8.18076441321328378E-04 -3.91738180302463948E-02
2.36088151E+00 1.23418431307154061E-01 8.20933652866409950E-04 -3.86803169006996184E-02
2.36876515E+00 1.23410519068504226E-01 8.23805949177427023E-04 -3.81823231649795203E-02
2.37664840E+00 1.23402574225825012E-01 8.26693377458776455E-04 -3.76799185200959730E-02
2.38453131E+00 1.23394596522089825E-01 8.29595985709761781E-04 -3.71731848957945823E-02
2.39241390E+00 1.23386585697683751E-01 8.32513822784052481E-04 -3.66622043946672332E-02
2.40029621E+00 1.23378541488669558E-01 8.35446938360035504E-04 -3.61470593782207278E-02
2.40817807E+00 1.23370463847439132E-01 8.38395301857130029E-04 -3.56278468073597879E-02
2.41605951E+00 1.23362352515021201E-01 8.41358959840385833E-04 -3.51046504387883679E-02
2.42394055E+00 1.23354207225245524E-01 8.44337961908803278E-04 -3.45775534189226991E-02
2.43182125E+00 1.23346027702745414E-01 8.47332358413212207E-04 -3.40466397184723685E-02
2.43970165E+00 1.23337813668519550E-01 8.50342200662344621E-04 -3.35119925835322546E-02
2.44758177E+00 1.23329564842093689E-01 8.53367541041903503E-04 -3.29736955049434108E-02
2.45546168E+00 1.23321280939719516E-01 8.56408432989679718E-04 -3.24318323573537931E-02
2.46334140E+00 1.23312961672874533E-01 8.59464930976365981E-04 -3.18864867465783880E-02
2.47122099E+00 1.23304606749003134E-01 8.62537090559612352E-04 -3.13377423337567740E-02
2.47910050E+00 1.23296215871840670E-01 8.65624968429909675E-04 -3.07856825241957649E-02
2.48697997E+00 1.23287788741126933E-01 8.68728622435932366E-04 -3.02303907695237739E-02
2.49485945E+00 1.23279325052440755E-01 8.71848111612423234E-04 -2.96719504541878183E-02
2.50273900E+00 1.23270824497212245E-01 8.74983496214788302E-04 -2.91104448273890280E-02
2.51061867E+00 1.23262286762599649E-01 8.78134837750607416E-04 -2.85459569924630570E-02
2.51849851E+00 1.23253711531311094E-01 8.81302199009029673E-04 -2.79785699140467428E-02
2.52637846E+00 1.23245098615714768E-01 8.84485594481020793E-04 -2.74083752578305299E-02
2.53425841E+00 1.23236447866057308E-01 8.87685023985434443E-04 -2.68354673872590876E-02
2.54213842E+00 1.23227758958184830E-01 8.90900551158773919E-04 -2.62599293105173041E-02
2.55001855E+00 1.23219031564256593E-01 8.94132241074522172E-04 -2.56818436618113967E-02
2.55789885E+00 1.23210265344719794E-01 8.97380159999194805E-04 -2.51012926809876108E-02
2.56577938E+00 1.23201459956347473E-01 9.00644375707872397E-04 -2.45183599376792467E-02
2.57366020E+00 1.23192615053937637E-01 9.03924957596187310E-04 -2.39331260369331743E-02
2.58154138E+00 1.23183730287508841E-01 9.07221976626636705E-04 -2.33456728058786742E-02
2.58942298E+00 1.23174805303387383E-01 9.10535505401494278E-04 -2.27560817358402681E-02
2.59730505E+00 1.23165839744124539E-01 9.13865618205034831E-04 -2.21644336540928744E-02
2.60518768E+00 1.23156833247918096E-01 9.17212391024956053E-04 -2.15708092010225526E-02
2.61307091E+00 1.23147785448991590E-01 9.20575901602334974E-04 -2.09752887264503807E-02
2.62095483E+00 1.23138695976955773E-01 9.23956229455462959E-04 -2.03779522067628026E-02
2.62883941E+00 1.23129564573061914E-01 9.27353412350550308E-04 -1.97788869797505505E-02
2.63672447E+00 1.23120391121105691E-01 9.30767434978018219E-04 -1.91781895903679576E-02
2.64461011E+00 1.23111175243635129E-01 9.34198379020087359E-04 -1.85759393534827115E-02
2.65249637E+00 1.23101916555940369E-01 9.37646327988002955E-04 -1.79722152646010561E-02
2.66038335E+00 1.23092614664032082E-01 9.41111367176238858E-04 -1.73670959728362412E-02
2.66827110E+00 1.23083269160144712E-01 9.44593583517250551E-04 -1.67606599459526051E-02
2.67615971E+00 1.23073879623782981E-01 9.48093065667960765E-04 -1.61529854108286679E-02
2.68404925E+00 1.23064445631428362E-01 9.51609904447014640E-04 -1.55441493191132690E-02
2.69193979E+00 1.23054966757177864E-01 9.55144192925181474E-04 -1.49342278733309505E-02
2.69983141E+00 1.23045442572898941E-01 9.58696026496374306E-04 -1.43232976334891696E-02
2.70772420E+00 1.23035872647405772E-01 9.62265502922329125E-04 -1.37114345328634285E-02
2.71561822E+00 1.23026256545305787E-01 9.65852722359247947E-04 -1.30987140603209158E-02
2.72351337E+00 1.23016594070327195E-01 9.69457696779836369E-04 -1.24852267288356050E-02
2.73140955E+00 1.23006884985312065E-01 9.73080454413561440E-04 -1.18710600130654039E-02
2.73930686E+00 1.22997128851541168E-01 9.76721099470153091E-04 -1.12562883333153455E-02
2.74720537E+00 1.22987325224609270E-01 9.80379738694785651E-04 -1.06409857282831876E-02
2.75510516E+00 1.22977473653369571E-01 9.84056481370161260E-04 -1.00252258313242738E-02
2.76300632E+00 1.22967573676704592E-01 9.87751439235790138E-04 -9.40908197026097542E-03
2.77090893E+00 1.22957624813817890E-01 9.91464726123510338E-04 -8.79262737686539383E-03
2.77881309E+00 1.22947626568439258E-01 9.95196458170362818E-04 -8.17593472604529782E-03
2.78671887E+00 1.22937578441599832E-01 9.98946754428069400E-04 -7.55907516395122950E-03
2.79462636E+00 1.22927479932248340E-01 1.00271573696287261E-03 -6.94211936949607356E-03
2.80253565E+00 1.22917330536566297E-01 1.00650353089560499E-03 -6.32513810380796234E-03
2.81044657E+00 1.22907130080513335E-01 1.01031013988432303E-03 -5.70822176403843525E-03
2.81835909E+00 1.22896878229293779E-01 1.01413562912037319E-03 -5.09145039828697975E-03
2.82627328E+00 1.22886574475194119E-01 1.01798012963182343E-03 -4.47489335959085424E-03
2.83418925E+00 1.22876218304514992E-01 1.02184377560602811E-03 -3.85861961940110352E-03
2.84210707E+00 1.22865809196193013E-01 1.02572670438059056E-03 -3.24269772915234062E-03
2.85002685E+00 1.22855346619469605E-01 1.02962905638741297E-03 -2.62719588861815402E-03
2.85794868E+00 1.22844830030100494E-01 1.03355097502220192E-03 -2.01218201166280218E-03
2.86587265E+00 1.22834258865990031E-01 1.03749260650042138E-03 -1.39772372347668722E-03
2.87379885E+00 1.22823632550137965E-01 1.04145410005615480E-03 -7.83887759098623191E-04
2.88172739E+00 1.22812950495274575E-01 1.04543560821615555E-03 -1.70740345894272624E-04
2.88965819E+00 1.22802212321873216E-01 1.04943720912088843E-03 4.41641111258350293E-04
2.89759111E+00 1.22791417794114954E-01 1.05345893010621921E-03 1.05317193984782553E-03
2.90552623E+00 1.22780566324422094E-01 1.05750093161419514E-03 1.66378757831263315E-03
2.91346366E+00 1.22769657319142481E-01 1.06156337789116884E-03 2.27342378073461899E-03
2.92140348E+00 1.22758690177403110E-01 1.06564643703905377E-03 2.88201669669819289E-03
2.92934581E+00 1.22747664289011446E-01 1.06975028101570762E-03 3.48950267911188198E-03
2.93729074E+00 1.22736579031535870E-01 1.07387508559445965E-03 4.09581807100418190E-03
2.94523837E+00 1.22725433769010905E-01 1.07802103034432815E-03 4.70090036891246312E-03
2.95318880E+00 1.22714227850897278E-01 1.08218829864655669E-03 5.30468739892151278E-03
2.96114213E+00 1.22702960610729120E-01 1.08637707768179624E-03 5.90711722874054899E-03
2.96909824E+00 1.22691631686386693E-01 1.09058744204882296E-03 6.50811231001616371E-03
2.97705703E+00 1.22680240707669058E-01 1.09481947316665161E-03 7.10759643809213710E-03
2.98501859E+00 1.22668786995082310E-01 1.09907336808632108E-03 7.70550873298072800E-03
2.99298303E+00 1.22657269858506751E-01 1.10334932819648778E-03 8.30178920591256170E-03
3.00095045E+00 1.22645688605245537E-01 1.10764755974096778E-03 8.89637953063816649E-03
3.00892095E+00 1.22634042534715756E-01 1.11196827358151884E-03 9.48922079658544998E-03
3.01689465E+00 1.22622330933669518E-01 1.11631168506611477E-03 1.00802543862872525E-02
3.02487164E+00 1.22610553073870948E-01 1.12067801412465843E-03 1.06694218916999501E-02
3.03285203E+00 1.22598708212451529E-01 1.12506748546941835E-03 1.12566652253264267E-02
3.04083593E+00 1.22586795593996711E-01 1.12948032882074297E-03 1.18419267870559664E-02
3.04882302E+00 1.22574815090678371E-01 1.13391654237867279E-03 1.24251181286222923E-02
3.05681337E+00 1.22562765966457210E-01 1.13837635058373931E-03 1.30061815726404371E-02
3.06480710E+00 1.22550647440286445E-01 1.14285999497428501E-03 1.35850614012912631E-02
3.07280432E+00 1.22538458724891497E-01 1.14736772259629448E-03 1.41617024970475715E-02
3.08080514E+00 1.22526199026435689E-01 1.15189978613066562E-03 1.47360494377456307E-02
3.08880965E+00 1.22513867540318400E-01 1.15645644358936201E-03 1.53080477393440825E-02
3.09681797E+00 1.22501463436059707E-01 1.16103795715702830E-03 1.58776419440430187E-02
3.10483021E+00 1.22488985860781802E-01 1.16564459350367911E-03 1.64447779941998135E-02
3.11284648E+00 1.22476433959227332E-01 1.17027662572786800E-03 1.70094030356875807E-02
3.12086660E+00 1.22463807309730777E-01 1.17493416884743005E-03 1.75714424196273845E-02
3.12889051E+00 1.22451105318533926E-01 1.17961740204215976E-03 1.81308313340806625E-02
3.13691832E+00 1.22438327100251640E-01 1.18432661204677229E-03 1.86875175693139127E-02
3.14495013E+00 1.22425471752935625E-01 1.18906209096654491E-03 1.92414491386152034E-02
3.15298606E+00 1.22412538358161280E-01 1.19382413654719349E-03 1.97925743655961092E-02
3.16102622E+00 1.22399525983527532E-01 1.19861305264074534E-03 2.03408416605999794E-02
3.16907071E+00 1.22386433683249432E-01 1.20342914941072490E-03 2.08861993820275461E-02
3.17711966E+00 1.22373260501104489E-01 1.20827274359153452E-03 2.14285974070867816E-02
3.18517317E+00 1.22360005468391528E-01 1.21314415838960719E-03 2.19679854024126056E-02
3.19323115E+00 1.22346667937882042E-01 1.21804359856311946E-03 2.25042992298849741E-02
3.20129344E+00 1.22333247344525942E-01 1.22297123625798800E-03 2.30374713027685050E-02
3.20936016E+00 1.22319742661318329E-01 1.22792740762140188E-03 2.35674518379540010E-02
3.21743143E+00 1.22306152835841717E-01 1.23291245390106134E-03 2.40941918516656868E-02
3.22550735E+00 1.22292476809614067E-01 1.23792672379209210E-03 2.46176436809075749E-02
3.23358803E+00 1.22278713520123497E-01 1.24297057390927181E-03 2.51377586855537974E-02
3.24167360E+00 1.22264861896011948E-01 1.24804436826395407E-03 2.56544891474388796E-02
3.24976415E+00 1.22250920851507405E-01 1.25314847743495652E-03 2.61677872988480102E-02
3.25785981E+00 1.22236889280663452E-01 1.25828327765880503E-03 2.66776051969830376E-02
3.26596051E+00 1.22222766358725407E-01 1.26344903800468191E-03 2.71838833610411681E-02
3.27406607E+00 1.22208551448824351E-01 1.26864595165662643E-03 2.76865555279385868E-02
3.28217659E+00 1.22194243355320142E-01 1.27387440420409135E-03 2.81855749948580724E-02
3.29029220E+00 1.22179840891368574E-01 1.27913479167390104E-03 2.86808984949998673E-02
3.29841301E+00 1.22165342867381121E-01 1.28442751989121871E-03 2.91724791317719695E-02
3.30653912E+00 1.22150748080818009E-01 1.28975300348192789E-03 2.96602714298327512E-02
3.31467067E+00 1.22136055309026811E-01 1.29511166492539539E-03 3.01442292053857759E-02
3.32280775E+00 1.22121263305513414E-01 1.30050393368316502E-03 3.06243068960106862E-02
3.33095048E+00 1.22106370798903574E-01 1.30593024566231283E-03 3.11004594304891413E-02
3.33909879E+00 1.22091376829615003E-01 1.31139092162713329E-03 3.15726312663148975E-02
3.34725250E+00 1.22076280639680304E-01 1.31688620949120083E-03 3.20407608441337782E-02
3.35541173E+00 1.22061080907988659E-01 1.32241656204949536E-03 3.25048044329422359E-02
3.36357658E+00 1.22045776281170873E-01 1.32798243635065105E-03 3.29647179291608361E-02
3.37174718E+00 1.22030365368078195E-01 1.33358429176124327E-03 3.34204572305381586E-02
3.37992363E+00 1.22014846761076004E-01 1.33922259336321592E-03 3.38719793988712589E-02
3.38810606E+00 1.21999219034127970E-01 1.34489781288254389E-03 3.43192416878331658E-02
3.39629457E+00 1.21983480737205552E-01 1.35061042885653267E-03 3.47622004972406168E-02
3.40448928E+00 1.21967630392089507E-01 1.35636092600787956E-03 3.52008124969062988E-02
3.41269008E+00 1.21951666896717187E-01 1.36214964658704085E-03 3.56350234481413730E-02
3.42089684E+00 1.21935589253487853E-01 1.36797689011670075E-03 3.60647767964377211E-02
3.42910965E+00 1.21919395915712103E-01 1.37384315324069924E-03 3.64900312386413767E-02
3.43732863E+00 1.21903085314256213E-01 1.37974893831611478E-03 3.69107450262805628E-02
3.44555390E+00 1.21886655852035258E-01 1.38569475194913016E-03 3.73268762956166858E-02
3.45378557E+00 1.21870105898906247E-01 1.39168110298453222E-03 3.77383836394092551E-02
3.46202375E+00 1.21853433787945387E-01 1.39770850093379260E-03 3.81452255565159840E-02
3.47026856E+00 1.21836637815393833E-01 1.40377745561336685E-03 3.85473605198548841E-02
3.47852011E+00 1.21819716242759266E-01 1.40988847740880084E-03 3.89447470209538585E-02
3.48677826E+00 1.21802667808152632E-01 1.41604189174281505E-03 3.93373309668002616E-02
3.49504290E+00 1.21785491192783743E-01 1.42223803083269592E-03 3.97250593469574004E-02
3.50331414E+00 1.21768184577222896E-01 1.42847740560341418E-03 4.01078926724048879E-02
3.51159209E+00 1.21750746144608554E-01 1.43476053962233031E-03 4.04857910157665410E-02
3.51987686E+00 1.21733174080216375E-01 1.44108797072135266E-03 4.08587140819013789E-02
3.52816857E+00 1.21715466563009092E-01 1.44746024899474173E-03 4.12266211426473642E-02
3.53646733E+00 1.21697621759354627E-01 1.45387793473316209E-03 4.15894712344038395E-02
3.54477326E+00 1.21679637819544550E-01 1.46034159727511108E-03 4.19472230327057952E-02
3.55308646E+00 1.21661512880110290E-01 1.46685181459432225E-03 4.22998367820718105E-02
3.56140676E+00 1.21643245703911843E-01 1.47340894188013037E-03 4.26472600111131375E-02
3.56973407E+00 1.21624834825068182E-01 1.48001341576413045E-03 4.29894451806634090E-02
3.57806852E+00 1.21606278335829945E-01 1.48666582467318399E-03 4.33263529547211132E-02
3.58641021E+00 1.21587574291850756E-01 1.49336675311419111E-03 4.36579436836743440E-02
3.59475925E+00 1.21568720695135052E-01 1.50011677290867403E-03 4.39841775546443853E-02
3.60311577E+00 1.21549715476153342E-01 1.50691643355359219E-03 4.43050151461059777E-02
3.61147986E+00 1.21530556485930780E-01 1.51376625779552662E-03 4.46204176536445160E-02
3.61985164E+00 1.21511241502908832E-01 1.52066674568932664E-03 4.49303463101176775E-02
3.62823123E+00 1.21491768251343876E-01 1.52761838405865652E-03 4.52347617979007716E-02
3.63661839E+00 1.21472135214861832E-01 1.53462138035505660E-03 4.55336119468013195E-02
3.64501310E+00 1.21452340463466743E-01 1.54167610932527482E-03 4.58268518923405990E-02
3.65341546E+00 1.21432381755398985E-01 1.54878309405727279E-03 4.61144418073059295E-02
3.66182559E+00 1.21412242537289286E-01 1.55594274947293276E-03 4.63954792190766491E-02
3.67024359E+00 1.21391929910211999E-01 1.56315574183611694E-03 4.66718162373436912E-02
3.67866958E+00 1.21371444939048820E-01 1.57042270468396952E-03 4.69423838288783313E-02
3.68710367E+00 1.21350786519519638E-01 1.57774424957772379E-03 4.72071425630229274E-02
3.69554596E+00 1.21329952793221965E-01 1.58512096930613533E-03 4.74660538064372098E-02
3.70399657E+00 1.21308941597705527E-01 1.59255342675386556E-03 4.77190787440006023E-02
3.71245524E+00 1.21287751540301303E-01 1.60004181362724865E-03 4.79661670023775258E-02
3.72092144E+00 1.21266381795341605E-01 1.60758605591390983E-03 4.82072620197356444E-02
3.72938062E+00 1.21244867429292205E-01 1.61517341281509517E-03 4.84419110655769786E-02
3.73783318E+00 1.21223206157036703E-01 1.62280438166538944E-03 4.86701275581743198E-02
3.74627951E+00 1.21201395726829350E-01 1.63047947683128561E-03 4.88919151502927030E-02
3.75472001E+00 1.21179433893009350E-01 1.63819921358654050E-03 4.91072744855650806E-02
3.76315507E+00 1.21157318366692135E-01 1.64596407859280672E-03 4.93162055777016176E-02
3.77158504E+00 1.21135046759482251E-01 1.65377449267425664E-03 4.95187078819920024E-02
3.78000995E+00 1.21112617487808605E-01 1.66163044298802179E-03 4.97147716237789292E-02
3.78842740E+00 1.21090035284648914E-01 1.66952952533171400E-03 4.99043322412112134E-02
3.79683781E+00 1.21067297362252274E-01 1.67747180128028695E-03 5.00873976479838875E-02
3.80524156E+00 1.21044400825074935E-01 1.68545724577384205E-03 5.02639733876809672E-02
3.81363905E+00 1.21021342678139743E-01 1.69348576288153203E-03 5.04340638587365414E-02
3.82203066E+00 1.20998119849043018E-01 1.70155719416194328E-03 5.05976718785439636E-02
3.83041676E+00 1.20974729298458386E-01 1.70967139373733230E-03 5.07547983260472901E-02
3.83879771E+00 1.20951168103946571E-01 1.71782828867982876E-03 5.09054425135708616E-02
3.84717388E+00 1.20927433450540564E-01 1.72602786981570209E-03 5.10496026111052978E-02
3.85554561E+00 1.20903522598358390E-01 1.73427016732178099E-03 5.11872761352418493E-02
3.86391326E+00 1.20879432910172377E-01 1.74255528192071053E-03 5.13184599199200259E-02
3.87227716E+00 1.20855161879007106E-01 1.75088341898345053E-03 5.14431505247594512E-02
3.88063486E+00 1.20830715310465658E-01 1.75925204301750860E-03 5.15613024363135580E-02
3.88898671E+00 1.20806090856542064E-01 1.76766141228855683E-03 5.16729210254596033E-02
3.89733308E+00 1.20781285985920320E-01 1.77611167273393055E-03 5.17780104496799176E-02
3.90567435E+00 1.20756297943014207E-01 1.78460279809936214E-03 5.18765743134417603E-02
3.91401085E+00 1.20731123814277919E-01 1.79313464250762072E-03 5.19686155325665214E-02
3.92234295E+00 1.20705760659583494E-01 1.80170702674663881E-03 5.20541345700135730E-02
3.93067099E+00 1.20680205664711673E-01 1.81031983932135863E-03 5.21331297686145750E-02
3.93899531E+00 1.20654456202897997E-01 1.81897308020548439E-03 5.22055987446012545E-02
3.94731625E+00 1.20628509761689318E-01 1.82766680596254121E-03 5.22715383914770376E-02
3.95563414E+00 1.20602363871441770E-01 1.83640108243272957E-03 5.23309452420636714E-02
3.96394795E+00 1.20576020482482490E-01 1.84517462315050645E-03 5.23838068980385513E-02
3.97225680E+00 1.20549481377187517E-01 1.85398643531135918E-03 5.24301159070796191E-02
3.98056107E+00 1.20522744647630090E-01 1.86283699446401080E-03 5.24698723710714937E-02
3.98886111E+00 1.20495808538311960E-01 1.87172689331971918E-03 5.25030751831272596E-02
3.99715727E+00 1.20468671310430459E-01 1.88065673307849924E-03 5.25297226607887371E-02
4.00544992E+00 1.20441331007191399E-01 1.88962693565598210E-03 5.25498096801045519E-02
4.01373939E+00 1.20413785267207848E-01 1.89863760477369152E-03 5.25633077302167101E-02
4.02202603E+00 1.20386031414465078E-01 1.90768863819417399E-03 5.25653197524031182E-02
4.03031019E+00 1.20358066646065118E-01 1.91677991436211941E-03 5.25777527849541487E-02
4.03859220E+00 1.20329888171014712E-01 1.92591140749200887E-03 5.25653663965311019E-02
4.04687241E+00 1.20301493285221064E-01 1.93508323252188216E-03 5.25520031866704498E-02
4.05515107E+00 1.20272879625790599E-01 1.94429552861380829E-03 5.25333394697087633E-02
4.06342612E+00 1.20244052946769528E-01 1.95354584137391943E-03 5.25078338911325951E-02
4.07169793E+00 1.20215010613237916E-01 1.96283430026275747E-03 5.24757796722987446E-02
4.07996683E+00 1.20185749986616131E-01 1.97216100662699371E-03 5.24371826350544523E-02
4.08823320E+00 1.20156268557161702E-01 1.98152617068472021E-03 5.23920817010043519E-02
4.09649738E+00 1.20126563868302047E-01 1.99093006616238430E-03 5.23404881081722118E-02
4.10475973E+00 1.20096633397191760E-01 2.00037291827690790E-03 5.22824178959374955E-02
4.11302059E+00 1.20066474627439912E-01 2.00985493049467496E-03 5.22178823857713734E-02
4.12128032E+00 1.20036085223066288E-01 2.01937640606487164E-03 5.21468865145721730E-02
4.12953925E+00 1.20005462943935146E-01 2.02893767717936919E-03 5.20694414501049266E-02
4.13779775E+00 1.19974605399505482E-01 2.03853889903923835E-03 5.19855686352453036E-02
4.14605440E+00 1.19943516797563557E-01 2.04817812335646599E-03 5.18953037493077515E-02
4.15430906E+00 1.19912197086187944E-01 2.05785508554747832E-03 5.17986649029220370E-02
4.16256211E+00 1.19880644639504250E-01 2.06757041483556685E-03 5.16956717045673197E-02
4.17081392E+00 1.19848858022422497E-01 2.07732487248830314E-03 5.15863477748306001E-02
4.17906486E+00 1.19816835680483069E-01 2.08711908244034157E-03 5.14707194984198105E-02
4.18729233E+00 1.19784665916101790E-01 2.09692578119956676E-03 5.13491431344583332E-02
4.19548855E+00 1.19752380267692124E-01 2.10673448295537911E-03 5.12218554366673309E-02
4.20365442E+00 1.19719975883492147E-01 2.11654443061695284E-03 5.10889743870271210E-02
4.21179091E+00 1.19687449176762606E-01 2.12635478124762736E-03 5.09505941493377870E-02
4.21989909E+00 1.19654796361423094E-01 2.13616504063979078E-03 5.08067999667132855E-02
4.22798009E+00 1.19622013668267344E-01 2.14597527641084349E-03 5.06576838735876417E-02
4.23602927E+00 1.19589121265301787E-01 2.15577893330321868E-03 5.05034389279926180E-02
4.24404513E+00 1.19556127159171660E-01 2.16557334925109859E-03 5.03442261751374590E-02
4.25202870E+00 1.19523029086982521E-01 2.17535893862877503E-03 5.01801609338722310E-02
4.25998106E+00 1.19489824638988038E-01 2.18513641648323143E-03 5.00113474533849314E-02
4.26790340E+00 1.19456511214434902E-01 2.19490679421845960E-03 4.98378895598127689E-02
4.27579696E+00 1.19423085564757087E-01 2.20467101614806385E-03 4.96599022695222575E-02
4.28366310E+00 1.19389543757156311E-01 2.21442987899466955E-03 4.94774935716767728E-02
4.29150323E+00 1.19355881331958694E-01 2.22418418216766434E-03 4.92907642384941141E-02
4.29931887E+00 1.19322093684564701E-01 2.23393513750055157E-03 4.90998093761713106E-02
4.30711160E+00 1.19288176181110386E-01 2.24368453066270011E-03 4.89047139600170336E-02
4.31488313E+00 1.19254123934373873E-01 2.25343455808729200E-03 4.87055712588652240E-02
4.32263522E+00 1.19219931513079871E-01 2.26318760673457431E-03 4.85024739442230443E-02
4.33035803E+00 1.19185644892160048E-01 2.27293115495195769E-03 4.82958233147086358E-02
4.33805278E+00 1.19151261119520957E-01 2.28266616759134925E-03 4.80857633855503036E-02
4.34572108E+00 1.19116774900677860E-01 2.29239387291102926E-03 4.78724154463548365E-02
4.35336463E+00 1.19082179995763926E-01 2.30211539320266398E-03 4.76559020184324084E-02
4.36098524E+00 1.19047469654161020E-01 2.31183208987205922E-03 4.74363332026804460E-02
4.36858478E+00 1.19012636764273427E-01 2.32154566942307595E-03 4.72138098591158087E-02
4.37616523E+00 1.18977673697031786E-01 2.33125801062932089E-03 4.69884404672276934E-02
4.38372864E+00 1.18942572028659030E-01 2.34097086700923822E-03 4.67603366299390449E-02
4.39127714E+00 1.18907322794432321E-01 2.35068608644413250E-03 4.65296024335978206E-02
4.39881296E+00 1.18871916889374207E-01 2.36040599173560541E-03 4.62963283264341066E-02
4.40633836E+00 1.18836344980234557E-01 2.37013329243707755E-03 4.60606109316450130E-02
4.41384661E+00 1.18800640765181986E-01 2.37985908927007593E-03 4.58228333080191938E-02
4.42133310E+00 1.18764828289722846E-01 2.38957707743560387E-03 4.55833326286853580E-02
4.42879992E+00 1.18728899398345564E-01 2.39928924738492437E-03 4.53422441061818379E-02
4.43624922E+00 1.18692845067621705E-01 2.40899734004703563E-03 4.50996898311736699E-02
4.44368324E+00 1.18656655625400634E-01 2.41870294534797092E-03 4.48558000913605176E-02
4.45110424E+00 1.18620321077869378E-01 2.42840781495163487E-03 4.46106934753761689E-02
4.45851455E+00 1.18583831100803352E-01 2.43811387585879955E-03 4.43644908478607047E-02
4.46591652E+00 1.18547174941835851E-01 2.44782316225762141E-03 4.41173144476774484E-02
4.47331256E+00 1.18510341375749215E-01 2.45753775028709990E-03 4.38692875543901170E-02
4.48070508E+00 1.18473318748807982E-01 2.46725976994082580E-03 4.36205355088570279E-02
4.48809651E+00 1.18436095037172451E-01 2.47699139865563845E-03 4.33711852612042176E-02
4.49546366E+00 1.18398788266068533E-01 2.48670093949197087E-03 4.31222296512529732E-02
4.50280425E+00 1.18361411867233063E-01 2.49638404377255105E-03 4.28739755105328538E-02
4.51011936E+00 1.18323962407359026E-01 2.50604078775534204E-03 4.26266035058225287E-02
4.51741001E+00 1.18286436656837080E-01 2.51567136504716711E-03 4.23802897678305437E-02
4.52467719E+00 1.18248831542114144E-01 2.52527599509028882E-03 4.21352143661566717E-02
4.53192186E+00 1.18211144228142453E-01 2.53485496872822395E-03 4.18915536671902664E-02
4.53914496E+00 1.18173372166613833E-01 2.54440873009122506E-03 4.16494836779552832E-02
4.54634736E+00 1.18135513051811955E-01 2.55393784857911718E-03 4.14091813882459109E-02
4.55352995E+00 1.18097564706616920E-01 2.56344291678583256E-03 4.11708250040173432E-02
4.56069356E+00 1.18059524977448232E-01 2.57292444339041627E-03 4.09345927845951932E-02
4.56783900E+00 1.18021391624156327E-01 2.58238275358405262E-03 4.07006641235435548E-02
4.57496707E+00 1.17983162270083167E-01 2.59181797996086653E-03 4.04692198425757182E-02
4.58207855E+00 1.17944834550366667E-01 2.60123021123879897E-03 4.02404354402346176E-02
4.58917417E+00 1.17906406251423249E-01 2.61061963121998102E-03 4.00144794243456545E-02
4.59625467E+00 1.17867875260033853E-01 2.61998646782835064E-03 3.97915234820684222E-02
4.60332077E+00 1.17829239475839745E-01 2.62933091551288169E-03 3.95717372292781200E-02
4.61037315E+00 1.17790496733413200E-01 2.63865307323808739E-03 3.93552883468147666E-02
4.61741251E+00 1.17751644790165352E-01 2.64795293460765458E-03 3.91423420091712507E-02
4.62443950E+00 1.17712681381753753E-01 2.65723045160672251E-03 3.89330586284820993E-02
4.63145478E+00 1.17673604275252322E-01 2.66648558142054508E-03 3.87275961745212408E-02
4.63845900E+00 1.17634411294367552E-01 2.67571829343721517E-03 3.85261102229383853E-02
4.64545278E+00 1.17595100309215689E-01 2.68492855397986464E-03 3.83287529393038229E-02
4.65243676E+00 1.17555669188086645E-01 2.69411629181969588E-03 3.81356732943010021E-02
4.65941154E+00 1.17516115738177426E-01 2.70328133951574807E-03 3.79470179836131974E-02
4.66637773E+00 1.17476437589779603E-01 2.71242333761220322E-03 3.77629322995402320E-02
4.67333595E+00 1.17436632207235200E-01 2.72154173564927940E-03 3.75835571955624517E-02
4.68028678E+00 1.17396697040473619E-01 2.73063593971550325E-03 3.74090239644496725E-02
4.68723083E+00 1.17356629602914278E-01 2.73970541913191781E-03 3.72394593454484432E-02
4.69416869E+00 1.17316427454308772E-01 2.74874972838018298E-03 3.70749878850083342E-02
4.70110096E+00 1.17276088193619593E-01 2.75776851917085329E-03 3.69157290884171707E-02
4.70802822E+00 1.17235609387394357E-01 2.76676148538138912E-03 3.67617981878156155E-02
4.71495108E+00 1.17194988489455670E-01 2.77572827699174192E-03 3.66133075208756320E-02
4.72187013E+00 1.17154222927369475E-01 2.78466859265874382E-03 3.64703631774608988E-02
4.72878598E+00 1.17113310125938938E-01 2.79358221595889505E-03 3.63330674630558681E-02
4.73569923E+00 1.17072247470644028E-01 2.80246898877348780E-03 3.62015186941386721E-02
4.74261050E+00 1.17031032262139262E-01 2.81132876880008879E-03 3.60758115428925358E-02
4.74952040E+00 1.16989661710779139E-01 2.82016141312977199E-03 3.59560365207293661E-02
4.75642956E+00 1.16948132948575464E-01 2.82896680256602582E-03 3.58422781311866154E-02
4.76333813E+00 1.16906445969436390E-01 2.83774425997937712E-03 3.57346230460529532E-02
4.77024629E+00 1.16864600739240085E-01 2.84649316225823968E-03 3.56331520505482960E-02
4.77715472E+00 1.16822594047750292E-01 2.85521356039247515E-03 3.55379324143678330E-02
4.78406412E+00 1.16780422561641284E-01 2.86390549644412488E-03 3.54490270720319994E-02
4.79097519E+00 1.16738082825909348E-01 2.87256900501117090E-03 3.53664947575227651E-02
4.79788866E+00 1.16695571263544864E-01 2.88120413290959094E-03 3.52903824119551665E-02
4.80480379E+00 1.16652893166184740E-01 2.88980916536965430E-03 3.52207275766689698E-02
4.81171622E+00 1.16610076579504354E-01 2.89837793753978468E-03 3.51576488054080802E-02
4.81862640E+00 1.16567119939541788E-01 2.90691034688545652E-03 3.51011768897672924E-02
4.82553478E+00 1.16524021608240019E-01 2.91540631354892180E-03 3.50513306639058941E-02
4.83244184E+00 1.16480779826078143E-01 2.92386575610706443E-03 3.50081271600944377E-02
4.83934804E+00 1.16437392712045562E-01 2.93228857924675420E-03 3.49715791953794861E-02
4.84625388E+00 1.16393858212692727E-01 2.94067464674121907E-03 3.49416951910420173E-02
4.85315986E+00 1.16350174089329420E-01 2.94902376366813854E-03 3.49184770794826321E-02
4.86006646E+00 1.16306337926413664E-01 2.95733566509029594E-03 3.49019065810350151E-02
4.86697422E+00 1.16262347158480869E-01 2.96561002413085490E-03 3.48992000467753943E-02
4.87388367E+00 1.16218199104627690E-01 2.97384649975509716E-03 3.48778009476807052E-02
4.88079533E+00 1.16173890979646116E-01 2.98204479190180812E-03 3.48805687710404544E-02
4.88770977E+00 1.16129419928235111E-01 2.99020467322640279E-03 3.49125248983263373E-02
4.89462756E+00 1.16084782997249711E-01 2.99832597672787136E-03 3.49139480177795905E-02
4.90154926E+00 1.16039977147599102E-01 3.00640859100463100E-03 3.49422141728958635E-02
4.90847548E+00 1.15994999244874150E-01 3.01445245414812919E-03 3.49696660727033953E-02
4.91540681E+00 1.15949846055326808E-01 3.02245755473493343E-03 3.50066939522415271E-02
4.92234389E+00 1.15904514222705632E-01 3.03042393208704510E-03 3.50487336013000569E-02
4.92928733E+00 1.15859000256271466E-01 3.03835167839287650E-03 3.50978518436414616E-02
4.93623780E+00 1.15813300563972460E-01 3.04624094632870287E-03 3.51531773108239853E-02
4.94319595E+00 1.15767411410630877E-01 3.05409193088361682E-03 3.52149817630343573E-02
4.95016246E+00 1.15721328874293164E-01 3.06190485167612573E-03 3.52831266199323187E-02
4.95713801E+00 1.15675048883266282E-01 3.06967995638127893E-03 3.53575852683273364E-02
4.96412333E+00 1.15628567250832953E-01 3.07741752510007913E-03 3.54383196064679343E-02
4.97111911E+00 1.15581879693746364E-01 3.08511787414546225E-03 3.55253244866984841E-02
4.97812611E+00 1.15534981808799272E-01 3.09278135080546948E-03 3.56185688921953625E-02
4.98514506E+00 1.15487869083202924E-01 3.10040833237211185E-03 3.57180189711142002E-02
4.99217673E+00 1.15440536889397136E-01 3.10799921686448054E-03 3.58236393579293086E-02
4.99922189E+00 1.15392980494092731E-01 3.11555441789214014E-03 3.59353951816889020E-02
5.00628132E+00 1.15345195051725566E-01 3.12307435744637631E-03 3.60532520158221084E-02
5.01335583E+00 1.15297175606686800E-01 3.13055946223433825E-03 3.61771761086597879E-02
5.02044623E+00 1.15248917088544095E-01 3.13801015554265265E-03 3.63071347051639945E-02
5.02755333E+00 1.15200414275159507E-01 3.14542683166207579E-03 3.64430965839039958E-02
5.03467798E+00 1.15151661778841757E-01 3.15280983121155132E-03 3.65850322414302126E-02
5.04182100E+00 1.15102654041118482E-01 3.16015943648012337E-03 3.67329131636508002E-02
5.04898325E+00 1.15053385366541180E-01 3.16747591048108712E-03 3.68867116794740213E-02
5.05616558E+00 1.15003849952936277E-01 3.17475953756942396E-03 3.70464010956588624E-02
5.06336886E+00 1.14954041919987593E-01 3.18201064138097772E-03 3.72119561278047711E-02
5.07059395E+00 1.14903955351458101E-01 3.18922959486288727E-03 3.73833533196834267E-02
5.07784171E+00 1.14853584285768126E-01 3.19641681095475571E-03 3.75605710307358592E-02
5.08511302E+00 1.14802922706596686E-01 3.20357272402405514E-03 3.77435891788025848E-02
5.09240875E+00 1.14751964543869253E-01 3.21069777137778043E-03 3.79323891280017519E-02
5.09971874E+00 1.14700780895162793E-01 3.21778174459090918E-03 3.81266693053976050E-02
5.10703120E+00 1.14649455177056145E-01 3.22481318653516404E-03 3.83260431278445723E-02
5.11434692E+00 1.14597982759923778E-01 3.23179304226993381E-03 3.85304329836331227E-02
5.12166671E+00 1.14546359197193512E-01 3.23872226897857149E-03 3.87397768973770235E-02
5.12899131E+00 1.14494580204111629E-01 3.24560182629048816E-03 3.89540146004989513E-02
5.13632145E+00 1.14442641654351612E-01 3.25243266733392855E-03 3.91730865295656094E-02
5.14365784E+00 1.14390539564585447E-01 3.25921572707804251E-03 3.93969318261680121E-02
5.15100116E+00 1.14338270087810931E-01 3.26595190928744309E-03 3.96254882631530692E-02
5.15835206E+00 1.14285829491473950E-01 3.27264207551911795E-03 3.98587023069130603E-02
5.16571117E+00 1.14233214174275316E-01 3.27928707299545309E-03 4.00965264399434779E-02
5.17307909E+00 1.14180420689171017E-01 3.28588776748520725E-03 4.03388865235106836E-02
5.18045639E+00 1.14127445777933365E-01 3.29244505194212179E-03 4.05857911442551525E-02
5.18784365E+00 1.14074286346322037E-01 3.29895982116439491E-03 4.08372133326742603E-02
5.19524140E+00 1.14020939419634176E-01 3.30543293386647858E-03 4.10931163455955997E-02
5.20265017E+00 1.13967402090079120E-01 3.31186518544580692E-03 4.13534602046529975E-02
5.21006010E+00 1.13913746401890739E-01 3.31824844432449624E-03 4.16178434775741138E-02
5.21747182E+00 1.13859969188539245E-01 3.32458372994744438E-03 4.18862114714612099E-02
5.22488590E+00 1.13806067328701258E-01 3.33087205356145510E-03 4.21585250802207212E-02
5.23230292E+00 1.13752037816298265E-01 3.33711442752707447E-03 4.24347457733381325E-02
5.23972343E+00 1.13697877743298870E-01 3.34331186161573521E-03 4.27148346163824522E-02
5.24714796E+00 1.13643584287478089E-01 3.34946535838632608E-03 4.29987534296492682E-02
5.25457702E+00 1.13589154739426615E-01 3.35557592786024476E-03 4.32864647100992053E-02
5.26201109E+00 1.13534586506965060E-01 3.36164460074146135E-03 4.35779316723103258E-02
5.26945067E+00 1.13479877117213704E-01 3.36767243078707956E-03 4.38731192615636340E-02
5.27689620E+00 1.13425024200085725E-01 3.37366048040624138E-03 4.41719941189574195E-02
5.28434814E+00 1.13370025473014183E-01 3.37960980411420361E-03 4.44745249860186639E-02
5.29180689E+00 1.13314878754462126E-01 3.38552144799801266E-03 4.47806829845933743E-02
5.29927289E+00 1.13259581957391220E-01 3.39139645784472836E-03 4.50904400505416220E-02
5.30674651E+00 1.13204133074996563E-01 3.39723589221682925E-03 4.54037693509532075E-02
5.31422816E+00 1.13148530186436752E-01 3.40304083087146709E-03 4.57206452840319619E-02
5.32171821E+00 1.13092771428005612E-01 3.40881236258666316E-03 4.60410423395604465E-02
5.32921702E+00 1.13036854975851725E-01 3.41455156932633482E-03 4.63649371121803502E-02
5.33672493E+00 1.12980779055843680E-01 3.42025952503256922E-03 4.66923073150245366E-02
5.34424230E+00 1.12924541957686184E-01 3.42593729832420127E-03 4.70231312797809442E-02
5.35176946E+00 1.12868142047944792E-01 3.43158595751251808E-03 4.73573881699334773E-02
5.35930673E+00 1.12811577739867649E-01 3.43720655708721007E-03 4.76950576805559717E-02
5.36685393E+00 1.12754851178160045E-01 3.44279974227771745E-03 4.80360967777981110E-02
5.37441108E+00 1.12697962813289823E-01 3.44836630735647970E-03 4.83804729976855669E-02
5.38197854E+00 1.12640910743363562E-01 3.45390727071479085E-03 4.87281685463887976E-02
5.38955662E+00 1.12583693112587951E-01 3.45942365984606461E-03 4.90791670747290978E-02
5.39714565E+00 1.12526308066138142E-01 3.46491649919798998E-03 4.94334510351260789E-02
5.40474504E+00 1.12468760718182181E-01 3.47038618140274417E-03 4.97909621684576517E-02
5.41234897E+00 1.12411095807805783E-01 3.47582938113845776E-03 5.01513946596124360E-02
5.41995777E+00 1.12353311376255038E-01 3.48124723428689352E-03 5.05147237805881125E-02
5.42757180E+00 1.12295405382980745E-01 3.48664079905761440E-03 5.08809263354619776E-02
5.43519138E+00 1.12237375813341242E-01 3.49201110751510592E-03 5.12499840501846465E-02
5.44281683E+00 1.12179220602256116E-01 3.49735913386418863E-03 5.16218773422603416E-02
5.45044846E+00 1.12120937674103471E-01 3.50268582232616827E-03 5.19965835920834785E-02
5.45808657E+00 1.12062524908638120E-01 3.50799206667388400E-03 5.23740817039685808E-02
5.46573144E+00 1.12003980265183628E-01 3.51327877765473390E-03 5.27543554387238309E-02
5.47338336E+00 1.11945301794539182E-01 3.51854688577253518E-03 5.31373874403629487E-02
5.48104259E+00 1.11886487587091465E-01 3.52379732327034838E-03 5.35231582641929188E-02
5.48870939E+00 1.11827535785847532E-01 3.52903101946461413E-03 5.39116487072694439E-02
5.49638402E+00 1.11768444552942436E-01 3.53424889283389778E-03 5.43028389921522414E-02
5.50406671E+00 1.11709212138069627E-01 3.53945188343600088E-03 5.46967106452586616E-02
5.51175769E+00 1.11649836804161393E-01 3.54464091585907082E-03 5.50932418135025651E-02
5.51945720E+00 1.11590316817295671E-01 3.54981688496455120E-03 5.54924107397970837E-02
5.52716545E+00 1.11530650367369477E-01 3.55498061057352285E-03 5.58941947969585490E-02
5.53488265E+00 1.11470835750605637E-01 3.56013292918965808E-03 5.62985768918683460E-02
5.54260900E+00 1.11410871252365123E-01 3.56527463758832524E-03 5.67055348761256392E-02
5.55034470E+00 1.11350755306011018E-01 3.57040659476616940E-03 5.71150483146255980E-02
5.55808863E+00 1.11290496711426240E-01 3.57552885776122762E-03 5.75270212235961809E-02
5.56583268E+00 1.11230158713276600E-01 3.58063692858189746E-03 5.79409864948954509E-02
5.57357692E+00 1.11169741215046317E-01 3.58573178326404866E-03 5.83569021564770349E-02
5.58132147E+00 1.11109243776685518E-01 3.59081441353453074E-03 5.87747288018498834E-02
5.58906644E+00 1.11048665972528965E-01 3.59588578794612507E-03 5.91944291095476763E-02
5.59681193E+00 1.10988007314819878E-01 3.60094681344823309E-03 5.96159665126027374E-02
5.60455804E+00 1.10927267163976426E-01 3.60599828074470007E-03 6.00393032524075415E-02
5.61230487E+00 1.10866444896989325E-01 3.61104095210466967E-03 6.04644145533069083E-02
5.62005253E+00 1.10805539835701711E-01 3.61607553108650882E-03 6.08912703112698128E-02
5.62780111E+00 1.10744551280713893E-01 3.62110267591228161E-03 6.13198370103531995E-02
5.63555069E+00 1.10683478482984946E-01 3.62612297449370954E-03 6.17500834012243358E-02
5.64330137E+00 1.10622320672677618E-01 3.63113697093827561E-03 6.21819775709362838E-02
5.65105324E+00 1.10561076992083868E-01 3.63614513521735806E-03 6.26154794606376824E-02
5.65880637E+00 1.10499746546097052E-01 3.64114787863059662E-03 6.30505527109801039E-02
5.66656086E+00 1.10438328394653965E-01 3.64614556186529902E-03 6.34871636844515086E-02
5.67431678E+00 1.10376821603769187E-01 3.65113851207359485E-03 6.39252734694905761E-02
5.68207420E+00 1.10315225270693443E-01 3.65612703944263786E-03 6.43648390577858664E-02
5.68983322E+00 1.10253538412435279E-01 3.66111139880639187E-03 6.48058183573280988E-02
5.69759389E+00 1.10191760021743856E-01 3.66609179243959854E-03 6.52481765873879765E-02
5.70535629E+00 1.10129889137038611E-01 3.67106839597816648E-03 6.56918760794557022E-02
5.71312049E+00 1.10067924695001471E-01 3.67604129720666738E-03 6.61368738508510134E-02
5.72088655E+00 1.10005865573087516E-01 3.68101050634206525E-03 6.65831256155405282E-02
5.72865422E+00 1.09943713227496812E-01 3.68597580234644815E-03 6.70305745561002170E-02
5.73642296E+00 1.09881471466347580E-01 3.69093681939131665E-03 6.74791445197144707E-02
5.74419283E+00 1.09819139284451361E-01 3.69589359117066061E-03 6.79287914028387230E-02
5.75196391E+00 1.09756715649900666E-01 3.70084609068833600E-03 6.83794677054057609E-02
5.75973625E+00 1.09694199478524532E-01 3.70579421849323272E-03 6.88311288951140299E-02
5.76750992E+00 1.09631589833851892E-01 3.71073791724663583E-03 6.92837363432209224E-02
5.77528499E+00 1.09568885834198840E-01 3.71567714278399613E-03 6.97372436080377356E-02
5.78306150E+00 1.09506086518393927E-01 3.72061179033589175E-03 7.01916020433663301E-02
5.79083952E+00 1.09443190940619842E-01 3.72554171434514875E-03 7.06467638517359747E-02
5.79861910E+00 1.09380198199055770E-01 3.73046673742242606E-03 7.11026848122795069E-02
5.80640028E+00 1.09317107458312524E-01 3.73538667560436742E-03 7.15593244343323970E-02
5.81418312E+00 1.09253918028464042E-01 3.74030138452762775E-03 7.20166369259212513E-02
5.82196766E+00 1.09190629120619165E-01 3.74521062247525505E-03 7.24745720261419507E-02
5.82975394E+00 1.09127240081238489E-01 3.75011418471224390E-03 7.29330823621895663E-02
5.83754201E+00 1.09063750389016390E-01 3.75501190527665436E-03 7.33921177323961504E-02
5.84533190E+00 1.09000159418306070E-01 3.75990349292735625E-03 7.38516356000136626E-02
5.85312365E+00 1.08936466581813177E-01 3.76478867031168358E-03 7.43115853477196719E-02
5.86091730E+00 1.08872671282303116E-01 3.76966713203434351E-03 7.47719174872210207E-02
5.86871286E+00 1.08808773044180143E-01 3.77453861008817402E-03 7.52325845816001482E-02
5.87651037E+00 1.08744771410741625E-01 3.77940281888200676E-03 7.56935333477603139E-02
5.88430986E+00 1.08680665879003255E-01 3.78425939100497828E-03 7.61547162821979151E-02
5.89211135E+00 1.08616455877000834E-01 3.78910786630775936E-03 7.66160880887038348E-02
5.89991485E+00 1.08552140944763967E-01 3.79394786631332510E-03 7.70775954546041864E-02
5.90772039E+00 1.08487720652149136E-01 3.79877901156900049E-03 7.75391895977117496E-02
5.91552797E+00 1.08423194654841820E-01 3.80360093833686467E-03 7.80008228399451248E-02
5.92333704E+00 1.08358567466427760E-01 3.80841285280196203E-03 7.84624115329648486E-02
5.93114741E+00 1.08293839938070860E-01 3.81321400353941018E-03 7.89238986667086251E-02
5.93895911E+00 1.08229011355583715E-01 3.81800369691301681E-03 7.93852317383312855E-02
5.94677214E+00 1.08164081292989697E-01 3.82278141928846498E-03 7.98463629369718791E-02
5.95458652E+00 1.08099049394954641E-01 3.82754670532574684E-03 8.03072439889898210E-02
5.96240226E+00 1.08033914637171380E-01 3.83229859541409567E-03 8.07678309888385654E-02
5.97021936E+00 1.07968675857836136E-01 3.83703602837392934E-03 8.12280676397210549E-02
5.97803782E+00 1.07903332067147806E-01 3.84175804510283447E-03 8.16879083885570928E-02
5.98585764E+00 1.07837882696919574E-01 3.84646400853383853E-03 8.21473011771379213E-02
5.99367882E+00 1.07772327308078453E-01 3.85115340496318143E-03 8.26061949045719113E-02
6.00150135E+00 1.07706665648685321E-01 3.85582583009092764E-03 8.30645420607413337E-02
6.00932522E+00 1.07640897544963435E-01 3.86048094643641872E-03 8.35222933369725307E-02
6.01715043E+00 1.07575022677593779E-01 3.86511834902433012E-03 8.39793986727090935E-02
6.02497695E+00 1.07509040765009389E-01 3.86973761221602900E-03 8.44358107905913008E-02
6.03280477E+00 1.07442951844334597E-01 3.87433849630669904E-03 8.48914824790694134E-02
6.04063386E+00 1.07376755982491537E-01 3.87892079228600948E-03 8.53463650441069199E-02
6.04846422E+00 1.07310453187490371E-01 3.88348426147523207E-03 8.58004101056552143E-02
6.05629581E+00 1.07244043483226054E-01 3.88802866962027109E-03 8.62535715224923005E-02
6.06412860E+00 1.07177526863945494E-01 3.89255376132376096E-03 8.67058064689802954E-02
6.07196256E+00 1.07110903136995214E-01 3.89705914736059641E-03 8.71570709560093998E-02
6.07979765E+00 1.07044172163762552E-01 3.90154445920594178E-03 8.76073163095220930E-02
6.08763385E+00 1.06977334161861268E-01 3.90600951874810155E-03 8.80564993307903221E-02
6.09547111E+00 1.06910389499897812E-01 3.91045422005624043E-03 8.85045765858053640E-02
6.10330938E+00 1.06843338580107222E-01 3.91487843451243742E-03 8.89515047848172119E-02
6.11114862E+00 1.06776181935451325E-01 3.91928211619855908E-03 8.93972407786533946E-02
6.11898878E+00 1.06708919835721297E-01 3.92366506350741440E-03 8.98417482525608740E-02
6.12682980E+00 1.06641552600241468E-01 3.92802706017089144E-03 9.02849844393094764E-02
6.13467164E+00 1.06574080718373834E-01 3.93236800818187824E-03 9.07269090878047718E-02
6.14251423E+00 1.06506504851873018E-01 3.93668800676381589E-03 9.11674809864733288E-02
6.15035751E+00 1.06438825704304685E-01 3.94098718406719027E-03 9.16066631914819740E-02
6.15820142E+00 1.06371044037983142E-01 3.94526570673362637E-03 9.20444164740667481E-02
6.16604566E+00 1.06303162610194540E-01 3.94952367630131522E-03 9.24806950253860283E-02
6.17388988E+00 1.06235184613519648E-01 3.95376106721907327E-03 9.29154526891661642E-02
6.18173402E+00 1.06167110937275030E-01 3.95797813832860033E-03 9.33486544229797932E-02
6.18957800E+00 1.06098942715180389E-01 3.96217532038305002E-03 9.37802682501987367E-02
6.19742176E+00 1.06030681122138440E-01 3.96635310000619922E-03 9.42102637433831630E-02
6.20526522E+00 1.05962327189816227E-01 3.97051189264264418E-03 9.46386126875440464E-02
6.21310831E+00 1.05893881810475501E-01 3.97465201051635988E-03 9.50652886057225394E-02
6.22095094E+00 1.05825345632073881E-01 3.97877359011265547E-03 9.54902678360642215E-02
6.22879304E+00 1.05756718993453416E-01 3.98287657535483213E-03 9.59135254545502580E-02
6.23663451E+00 1.05688002183688040E-01 3.98696087026450836E-03 9.63350336468281609E-02
6.24447527E+00 1.05619195687455092E-01 3.99102647530048208E-03 9.67547679449039799E-02
6.25231523E+00 1.05550300235988756E-01 3.99507354144123996E-03 9.71727057883459699E-02
6.26015429E+00 1.05481316577163906E-01 3.99910225091848048E-03 9.75888254338069111E-02
6.26799235E+00 1.05412245374731331E-01 4.00311276092871291E-03 9.80031066456704542E-02
6.27582931E+00 1.05343087311014202E-01 4.00710524130463899E-03 9.84155321558048551E-02
6.28366507E+00 1.05273843273934700E-01 4.01108002050884569E-03 9.88260812345139045E-02
6.29149952E+00 1.05204514379567196E-01 4.01503757870407072E-03 9.92347347774541477E-02
6.29933255E+00 1.05135101590952879E-01 4.01897825776309069E-03 9.96414779196469341E-02
6.30716405E+00 1.05065605667794396E-01 4.02290219791301938E-03 1.00046303090878280E-01
6.31499391E+00 1.04996027348937385E-01 4.02680952097867872E-03 1.00449203093492853E-01
6.32282199E+00 1.04926367559475625E-01 4.03070045767274336E-03 1.00850168179982533E-01
6.33064818E+00 1.04856627370132738E-01 4.03457536750537627E-03 1.01249184528208594E-01
6.33847236E+00 1.04786808162288997E-01 4.03843477697353112E-03 1.01646238792355847E-01
6.34629440E+00 1.04716911578615970E-01 4.04227933177477884E-03 1.02041320949971120E-01
6.35411416E+00 1.04646939418911178E-01 4.04610973418856670E-03 1.02434426051168745E-01
6.36193152E+00 1.04576893348394484E-01 4.04992660885085051E-03 1.02825552311028565E-01
6.36974633E+00 1.04506775102418958E-01 4.05373056119073989E-03 1.03214701730531239E-01
6.37755845E+00 1.04436586459582093E-01 4.05752215787865550E-03 1.03601877240767457E-01
6.38536775E+00 1.04366329074770559E-01 4.06130186579097257E-03 1.03987079149339107E-01
6.39317408E+00 1.04296004572993567E-01 4.06507011453013673E-03 1.04370303239528048E-01
6.40097729E+00 1.04225614843764358E-01 4.06882744070428785E-03 1.04751549130819216E-01
6.40877723E+00 1.04155161944011920E-01 4.07257443050056123E-03 1.05130821171815270E-01
6.41657375E+00 1.04084647811972644E-01 4.07631154636679122E-03 1.05508124325668279E-01
6.42436669E+00 1.04014074260585121E-01 4.08003917173488211E-03 1.05883466716615263E-01
6.43215590E+00 1.03943442972371750E-01 4.08375760318867038E-03 1.06256863648354280E-01
6.43994122E+00 1.03872755410108750E-01 4.08746699551552906E-03 1.06628328726883020E-01
6.44772248E+00 1.03802012912651634E-01 4.09116741696402986E-03 1.06997874816504621E-01
6.45549953E+00 1.03731216681138369E-01 4.09485883607234487E-03 1.07365514556286498E-01
6.46327220E+00 1.03660367874079118E-01 4.09854115700794379E-03 1.07731258939457036E-01
6.47104032E+00 1.03589467898949197E-01 4.10221439619472099E-03 1.08095119269847384E-01
6.47880373E+00 1.03518518375045956E-01 4.10587870750494990E-03 1.08457108192330579E-01
6.48656226E+00 1.03447520950127742E-01 4.10953426677007714E-03 1.08817242605429285E-01
6.49431575E+00 1.03376477320269874E-01 4.11318123818527059E-03 1.09175541015813796E-01
6.50206401E+00 1.03305389309653828E-01 4.11681979867937423E-03 1.09532018883546037E-01
6.50980689E+00 1.03234258699126266E-01 4.12045002172590092E-03 1.09886690447946078E-01
6.51754422E+00 1.03163087239894619E-01 4.12407187795936145E-03 1.10239577695666099E-01
6.52527581E+00 1.03091876762351597E-01 4.12768534705973932E-03 1.10590706679616430E-01
6.53300151E+00 1.03020629099643851E-01 4.13129042805075123E-03 1.10940103083591673E-01
6.54072115E+00 1.02949346034278577E-01 4.13488714053413670E-03 1.11287789483083710E-01
6.54843456E+00 1.02878029565046630E-01 4.13847566687914389E-03 1.11633785664397189E-01
6.55614157E+00 1.02806681886477652E-01 4.14205631773400910E-03 1.11978112507335248E-01
6.56384202E+00 1.02735305077504335E-01 4.14562926748500253E-03 1.12320793156632640E-01
6.57153574E+00 1.02663901363726204E-01 4.14919482957860127E-03 1.12661860661801325E-01
6.57922259E+00 1.02592473022153838E-01 4.15275331814888345E-03 1.13001345838395245E-01
6.58690239E+00 1.02521022345106155E-01 4.15630500320755825E-03 1.13339279859522857E-01
6.59457501E+00 1.02449551439079148E-01 4.15985003756070941E-03 1.13675692585315305E-01
6.60224028E+00 1.02378062332554781E-01 4.16338849993199908E-03 1.14010614328894200E-01
6.60989806E+00 1.02306557051639380E-01 4.16692043619018224E-03 1.14344075498343994E-01
6.61754822E+00 1.02235037557915021E-01 4.17044582897037937E-03 1.14676107493036361E-01
6.62519060E+00 1.02163505382072625E-01 4.17396444260489680E-03 1.15006747361866946E-01
6.63282510E+00 1.02091961682185331E-01 4.17747582071846361E-03 1.15336033888439049E-01
6.64045157E+00 1.02020407221503559E-01 4.18097930444815899E-03 1.15664006381282047E-01
6.64806991E+00 1.01948842051154773E-01 4.18447389290935341E-03 1.15990698063354658E-01
6.65568000E+00 1.01877266716879342E-01 4.18795892405873175E-03 1.16316145306265523E-01
6.66328174E+00 1.01805681959991109E-01 4.19143391758298057E-03 1.16640379981623535E-01
6.67087503E+00 1.01734088665336259E-01 4.19489853201859830E-03 1.16963436810230498E-01
6.67845980E+00 1.01662487727961853E-01 4.19835249522611167E-03 1.17285350725940471E-01
6.68603595E+00 1.01590879991780320E-01 4.20179557840105918E-03 1.17606157103184394E-01
6.69360342E+00 1.01519266333803704E-01 4.20522761374613179E-03 1.17925893141085925E-01
6.70116216E+00 1.01447647703072116E-01 4.20864851016821816E-03 1.18244596395128895E-01
6.70871213E+00 1.01376025080148632E-01 4.21205825589473105E-03 1.18562301187763036E-01
6.71625327E+00 1.01304399342641058E-01 4.21545680859305126E-03 1.18879047036088356E-01
6.72378559E+00 1.01232771237076830E-01 4.21884405309850066E-03 1.19194873019610306E-01
6.73130905E+00 1.01161141443657593E-01 4.22221981742147527E-03 1.19509820206237544E-01
6.73882367E+00 1.01089510461914334E-01 4.22558391847544911E-03 1.19823930716480662E-01
6.74632946E+00 1.01017878728104110E-01 4.22893623197652651E-03 1.20137243990460843E-01
6.75382646E+00 1.00946246590412514E-01 4.23227666243094006E-03 1.20449805495312867E-01
6.76131471E+00 1.00874614477017829E-01 4.23560527052682829E-03 1.20761652770101341E-01
6.76879426E+00 1.00802982662450177E-01 4.23892214071892003E-03 1.21072828343644620E-01
6.77626520E+00 1.00731351186822346E-01 4.24222731085795082E-03 1.21383375261266011E-01
6.78372762E+00 1.00659719638946515E-01 4.24552064042459359E-03 1.21693340624805524E-01
6.79118160E+00 1.00588087169459925E-01 4.24880168389283556E-03 1.22002772816989208E-01
6.79862601E+00 1.00516464490988944E-01 4.25206927502492105E-03 1.22311667599679694E-01
6.80606090E+00 1.00444850731967336E-01 4.25532273924321327E-03 1.22620073910521640E-01
6.81348634E+00 1.00373244926496463E-01 4.25856144294927200E-03 1.22928032455105890E-01
6.82090242E+00 1.00301645744206830E-01 4.26178467272659081E-03 1.23235587698618504E-01
6.82830923E+00 1.00230051902825273E-01 4.26499186135755656E-03 1.23542777645649318E-01
6.83570690E+00 1.00158462200668458E-01 4.26818262899403365E-03 1.23849642678543731E-01
6.84309555E+00 1.00086875458366933E-01 4.27135676669847860E-03 1.24156217516105685E-01
6.85047533E+00 1.00015290465981080E-01 4.27451420380449681E-03 1.24462540037424241E-01
6.85784641E+00 9.99437059062572575E-02 4.27765493134616304E-03 1.24768656605448405E-01
6.86520897E+00 9.98721204214237379E-02 4.28077900849456981E-03 1.25074611885923587E-01
6.87256320E+00 9.98005325981482921E-02 4.28388659605092367E-03 1.25380445394515538E-01
6.87990934E+00 9.97289408817687573E-02 4.28697788968006657E-03 1.25686197485121609E-01
6.88724760E+00 9.96573434719938284E-02 4.29005304367312441E-03 1.25991912694670222E-01
6.89457825E+00 9.95857383944025731E-02 4.29311222740664730E-03 1.26297634142121334E-01
6.90190155E+00 9.95141236755154174E-02 4.29615573400062793E-03 1.26603406920299311E-01
6.90921778E+00 9.94424971761186383E-02 4.29918389452696361E-03 1.26909277966092415E-01
6.91652725E+00 9.93708564579181552E-02 4.30219698729597273E-03 1.27215294741382268E-01
6.92383027E+00 9.92991989349329279E-02 4.30519529346832120E-03 1.27521502021519489E-01
6.93112719E+00 9.92275218443769425E-02 4.30817911051298557E-03 1.27827943187457799E-01
6.93841836E+00 9.91558221404355705E-02 4.31114869837753885E-03 1.28134664276874977E-01
6.94570414E+00 9.90840962645085782E-02 4.31410414217240322E-03 1.28441714181428218E-01
6.95298492E+00 9.90123402132028346E-02 4.31704534182560194E-03 1.28749141349337209E-01
6.96026109E+00 9.89405496337183027E-02 4.31997209337265341E-03 1.29056995031727156E-01
6.96753308E+00 9.88687199825155488E-02 4.32288421724951518E-03 1.29365322474121275E-01
6.97479862E+00 9.87968732144125505E-02 4.32578050285405830E-03 1.29674057465117176E-01
6.98205785E+00 9.87250073951102258E-02 4.32866076777589995E-03 1.29983233971877249E-01
6.98931114E+00 9.86531184958434892E-02 4.33152495505573915E-03 1.30292894291510752E-01
6.99655887E+00 9.85812023413599470E-02 4.33437304622904303E-03 1.30603078170470760E-01
7.00380142E+00 9.85092546650451623E-02 4.33720508033636366E-03 1.30913827654785042E-01
7.01103921E+00 9.84372710914573623E-02 4.34002116232770716E-03 1.31225181188043605E-01
7.01827264E+00 9.83652473046505577E-02 4.34282152608411916E-03 1.31537180100984419E-01
7.02550215E+00 9.82931789502661385E-02 4.34560648858099609E-03 1.31849867817697364E-01
7.03272818E+00 9.82210614590839498E-02 4.34837637874500339E-03 1.32163291625232659E-01
7.03995120E+00 9.81488901744841657E-02 4.35113160438306383E-03 1.32477494736016166E-01
7.04717168E+00 9.80766604464575892E-02 4.35387270016536661E-03 1.32792517887894923E-01
7.05439009E+00 9.80043675498691313E-02 4.35660027569669938E-03 1.33108403777206841E-01
7.06160694E+00 9.79320065809095724E-02 4.35931494132747819E-03 1.33425197550079117E-01
7.06882272E+00 9.78595722916121291E-02 4.36201722754420065E-03 1.33742943685795757E-01
7.07603797E+00 9.77870594779480795E-02 4.36470778776661822E-03 1.34061686981792300E-01
7.08325320E+00 9.77144629701381384E-02 4.36738742326971737E-03 1.34381473389929645E-01
7.09046896E+00 9.76417773867775673E-02 4.37005698035605131E-03 1.34702351827694605E-01
7.09768579E+00 9.75689972407477041E-02 4.37271735664001172E-03 1.35024368666961742E-01
7.10490428E+00 9.74961168814098417E-02 4.37536946178465440E-03 1.35347574284433253E-01
7.11212316E+00 9.74231487495090809E-02 4.37801353513493294E-03 1.35671933704644809E-01
7.11934110E+00 9.73501064523375204E-02 4.38064968249058957E-03 1.35997405937542476E-01
7.12655861E+00 9.72769843511124555E-02 4.38327861874161697E-03 1.36324032050073679E-01
7.13377624E+00 9.72037765136664483E-02 4.38590097937236086E-03 1.36651853469525603E-01
7.14099454E+00 9.71304768788902179E-02 4.38851749287110481E-03 1.36980911086293566E-01
7.14821408E+00 9.70570793063294385E-02 4.39112904503872244E-03 1.37311248897438065E-01
7.15543544E+00 9.69835774556560976E-02 4.39373660376751133E-03 1.37642910915457994E-01
7.16265920E+00 9.69099648369562694E-02 4.39634120286081995E-03 1.37975941434276245E-01
7.16988597E+00 9.68362349425414964E-02 4.39894399487107852E-03 1.38310382698849293E-01
7.17711636E+00 9.67623809480029073E-02 4.40154601293032358E-03 1.38646279593679644E-01
7.18435099E+00 9.66883960396472814E-02 4.40414846609525623E-03 1.38983675987319671E-01
7.19159051E+00 9.66142735866995089E-02 4.40675288702777231E-03 1.39322614984340898E-01
7.19883554E+00 9.65400070012251421E-02 4.40936099673752691E-03 1.39663141682095676E-01
7.20608677E+00 9.64655895110167749E-02 4.41197456793795788E-03 1.40005305683615300E-01
7.21334485E+00 9.63910141059184516E-02 4.41459538749164934E-03 1.40349155909998080E-01
7.22061048E+00 9.63162736300675060E-02 4.41722533182665935E-03 1.40694741435391318E-01
7.22788434E+00 9.62413606942527922E-02 4.41986623767778430E-03 1.41042113622312948E-01
7.23516715E+00 9.61662676397604527E-02 4.42251991776854494E-03 1.41391319868461846E-01
7.24245964E+00 9.60909867283608610E-02 4.42518831861195804E-03 1.41742411590724343E-01
7.24976254E+00 9.60155103263927584E-02 4.42787365777344046E-03 1.42095440082184582E-01
7.25707303E+00 9.59398676982791965E-02 4.43057703251559850E-03 1.42450287025597200E-01
7.26439104E+00 9.58640599996245513E-02 4.43330067729664525E-03 1.42806963139066573E-01
7.27171622E+00 9.57880910178307982E-02 4.43604673598658843E-03 1.43165465244576101E-01
7.27904928E+00 9.57119534058068350E-02 4.43881761327128734E-03 1.43525840649755959E-01
7.28639093E+00 9.56356391797942157E-02 4.44161545835000757E-03 1.43888138404924093E-01
7.29374191E+00 9.55591399666859964E-02 4.44444230133611822E-03 1.44252406283978757E-01
7.30110296E+00 9.54824471233377270E-02 4.44730018249121176E-03 1.44618693164559720E-01
7.30847486E+00 9.54055515733967657E-02 4.45019111245044743E-03 1.44987047200326652E-01
7.31585838E+00 9.53284441908939240E-02 4.45311734715840221E-03 1.45357516930221392E-01
7.32325433E+00 9.52511152959103491E-02 4.45608104438500845E-03 1.45730156178562220E-01
7.33066352E+00 9.51735548379607083E-02 4.45908428968206684E-03 1.46105016494908674E-01
7.33808679E+00 9.50957523349020423E-02 4.46212908844598188E-03 1.46482150662878063E-01
7.34552498E+00 9.50176969850869690E-02 4.46521747901620653E-03 1.46861615575748394E-01
7.35297898E+00 9.49393777024477442E-02 4.46835157349084310E-03 1.47243468807344735E-01
7.36044237E+00 9.48608601539315949E-02 4.47153048189428103E-03 1.47627391670874880E-01
7.36791587E+00 9.47821353354593721E-02 4.47475633880797981E-03 1.48013423657567478E-01
7.37540031E+00 9.47031931523707876E-02 4.47803146359279473E-03 1.48401613950203848E-01
7.38289656E+00 9.46240234053795093E-02 4.48135837137073143E-03 1.48792011285748288E-01
7.39040546E+00 9.45446158200632519E-02 4.48473978573222902E-03 1.49184666112858771E-01
7.39792792E+00 9.44649597960280085E-02 4.48817851138581282E-03 1.49579624674852613E-01
7.40546484E+00 9.43850441618359487E-02 4.49167705084329780E-03 1.49976946064752786E-01
7.41301713E+00 9.43048575416009505E-02 4.49523788596476164E-03 1.50376685159989476E-01
7.42058573E+00 9.42243886548244508E-02 4.49886375347606591E-03 1.50778897166229664E-01
7.42817158E+00 9.41436263793363204E-02 4.50255768399636901E-03 1.51183637159477385E-01
7.43577566E+00 9.40625595548948840E-02 4.50632289270417371E-03 1.51590961609771840E-01
7.44339789E+00 9.39811878511450649E-02 4.51016207800452370E-03 1.52000871903061385E-01
7.45103217E+00 9.38995753646447023E-02 4.51407480717319100E-03 1.52413043180820995E-01
7.45867951E+00 9.38177103937348211E-02 4.51806398070619258E-03 1.52827522232073049E-01
7.46633523E+00 9.37356415853545094E-02 4.52212915881763759E-03 1.53244055843076488E-01
7.47397990E+00 9.36535756387412155E-02 4.52626115231442427E-03 1.53661578833580531E-01
7.48161464E+00 9.35714988639643752E-02 4.53046119096037724E-03 1.54080128853302661E-01
7.48923658E+00 9.34894406406927836E-02 4.53472792818069691E-03 1.54499523864110089E-01
7.49684502E+00 9.34074065785723412E-02 4.53906085643935447E-03 1.54919703516102014E-01
7.50444138E+00 9.33253802854399628E-02 4.54346111680578070E-03 1.55340723979471323E-01
7.51202701E+00 9.32433459238675849E-02 4.54792997519525358E-03 1.55762634163249897E-01
7.51960324E+00 9.31612880187929204E-02 4.55246865491780797E-03 1.56185484622887311E-01
7.52717135E+00 9.30791911649751363E-02 4.55707807996538240E-03 1.56609324073464812E-01
7.53473259E+00 9.29970404676259826E-02 4.56175920505061307E-03 1.57034203472597444E-01
7.54228817E+00 9.29148212860613637E-02 4.56651290660481900E-03 1.57460168147875168E-01
7.54983924E+00 9.28325191437164160E-02 4.57133991843491731E-03 1.57887260205903268E-01
7.55738696E+00 9.27501201209385562E-02 4.57624111391887953E-03 1.58315520298442841E-01
7.56493190E+00 9.26676158581121179E-02 4.58121654708474289E-03 1.58744959887839959E-01
7.57247015E+00 9.25850470727413305E-02 4.58626314300569857E-03 1.59175325223370689E-01
7.58000290E+00 9.25023988006119374E-02 4.59138095055032676E-03 1.59606661289330987E-01
7.58753129E+00 9.24196566039297840E-02 4.59657011430640149E-03 1.60039004515897393E-01
7.59505643E+00 9.23368065804651000E-02 4.60183092740610797E-03 1.60472394098592513E-01
7.60257937E+00 9.22538352442747872E-02 4.60716371151840328E-03 1.60906861546779051E-01
7.61010117E+00 9.21707293798459809E-02 4.61256863842445658E-03 1.61342439701024160E-01
7.61762282E+00 9.20874764640522148E-02 4.61804612943267183E-03 1.61779155274161757E-01
7.62514529E+00 9.20040642812529341E-02 4.62359662467785783E-03 1.62217039003814373E-01
7.63266954E+00 9.19204806025084725E-02 4.62922029142733352E-03 1.62656112456429108E-01
7.64019464E+00 9.18367339566263929E-02 4.63491579148449500E-03 1.63096289055312760E-01
7.64771920E+00 9.17528384012365472E-02 4.64068120391609822E-03 1.63537453491476553E-01
7.65524421E+00 9.16687812198789115E-02 4.64651614301278548E-03 1.63979628949230571E-01
7.66277031E+00 9.15845533984219612E-02 4.65241973876783475E-03 1.64422816871335448E-01
7.67029827E+00 9.15001442709096335E-02 4.65839092440109657E-03 1.64867024043079347E-01
7.67782901E+00 9.14155414557028673E-02 4.66442842164516494E-03 1.65312267572177735E-01
7.68536342E+00 9.13307326390915414E-02 4.67053060224977522E-03 1.65758562836489570E-01
7.69290234E+00 9.12457058782238373E-02 4.67669577515037512E-03 1.66205925440083224E-01
7.70044612E+00 9.11604552215100339E-02 4.68292198990314518E-03 1.66654330363920744E-01
7.70799464E+00 9.10749801248584290E-02 4.68920694999370915E-03 1.67103743246883402E-01
7.71554644E+00 9.09892951360771335E-02 4.69554694996875306E-03 1.67554041922671065E-01
7.72310243E+00 9.09033879929764810E-02 4.70194009932591288E-03 1.68005241112140657E-01
7.73066348E+00 9.08172469048812436E-02 4.70838452933494776E-03 1.68457351350754514E-01
7.73823044E+00 9.07308606351175106E-02 4.71487841571771420E-03 1.68910381454513175E-01
7.74580392E+00 9.06442207245881093E-02 4.72141966708845232E-03 1.69364325313459407E-01
7.75338437E+00 9.05573202274612687E-02 4.72800576183329303E-03 1.69819166569573243E-01
7.76097261E+00 9.04701482041031513E-02 4.73463431937362622E-03 1.70274906077805960E-01
7.76856716E+00 9.03827198091908673E-02 4.74130079712866553E-03 1.70731413896842876E-01
7.77616683E+00 9.02950474224461508E-02 4.74800077220640347E-03 1.71188572872200601E-01
7.78377254E+00 9.02071189389128392E-02 4.75473155581365627E-03 1.71646394508348316E-01
7.79138519E+00 9.01189226234852814E-02 4.76149030294357404E-03 1.72104883305731954E-01
7.79900567E+00 9.00304364672383367E-02 4.76827213948764934E-03 1.72562347948061245E-01
7.80663484E+00 8.99416569344235889E-02 4.77507560776579531E-03 1.73022158112388968E-01
7.81427306E+00 8.98525815528941341E-02 4.78189777169111402E-03 1.73482611145729160E-01
7.82191977E+00 8.97632167817554866E-02 4.78873422335529021E-03 1.73943627983206256E-01
7.82957278E+00 8.96735875121047188E-02 4.79557856786470577E-03 1.74405027599561058E-01
7.83723299E+00 8.95836820465258782E-02 4.80242687572650286E-03 1.74866809732756645E-01
7.84490132E+00 8.94934885771751093E-02 4.80927515352089652E-03 1.75328979469577317E-01
7.85257869E+00 8.94029958120709650E-02 4.81611934141735164E-03 1.75791537618476656E-01
7.86026596E+00 8.93121927234138968E-02 4.82295516022029653E-03 1.76254479961448662E-01
7.86796399E+00 8.92210686121935881E-02 4.82977812309005970E-03 1.76717808198284393E-01
7.87567189E+00 8.91296334286085651E-02 4.83658197435712922E-03 1.77181411675329636E-01
7.88338938E+00 8.90378900722358785E-02 4.84336098787969353E-03 1.77645227139862583E-01
7.89111443E+00 8.89458625534468583E-02 4.85010770480163653E-03 1.78109083477886482E-01
7.89884799E+00 8.88535392843980004E-02 4.85681713006224768E-03 1.78572981771976197E-01
7.90659101E+00 8.87609092878783312E-02 4.86348426462348844E-03 1.79036924442994627E-01
7.91434440E+00 8.86679617542997928E-02 4.87010384168638615E-03 1.79500909863356650E-01
7.92210905E+00 8.85746866570286812E-02 4.87667070719300603E-03 1.79964951699323417E-01
7.92988583E+00 8.84810742978909270E-02 4.88317956633387354E-03 1.80429043057556804E-01
7.93767527E+00 8.83871195905573670E-02 4.88962489000664517E-03 1.80893162683812253E-01
7.94547651E+00 8.82928342505261976E-02 4.89600001321336548E-03 1.81357208953800558E-01
7.95328966E+00 8.81982180355977419E-02 4.90229880045437924E-03 1.81821135956663799E-01
7.96111294E+00 8.81032940647731022E-02 4.90851350184801430E-03 1.82284790088732551E-01
7.96894626E+00 8.80080654431183163E-02 4.91463795142509357E-03 1.82748110121671914E-01
7.97679053E+00 8.79125230345709774E-02 4.92066684724458067E-03 1.83211097641063608E-01
7.98464669E+00 8.78166581435727428E-02 4.92659489370573384E-03 1.83673755969112035E-01
7.99251562E+00 8.77204623327305227E-02 4.93241664874889078E-03 1.84136086095462892E-01
8.00039819E+00 8.76239273587923195E-02 4.93812641654056608E-03 1.84598087298479319E-01
8.00829526E+00 8.75270448042212434E-02 4.94371797978276038E-03 1.85059760277680313E-01
8.01620767E+00 8.74298067707209442E-02 4.94918526086385487E-03 1.85521103977045076E-01
8.02413624E+00 8.73322055038195377E-02 4.95452206535711061E-03 1.85982120181287486E-01
8.03208011E+00 8.72342544629297334E-02 4.95972145272813650E-03 1.86442705493226002E-01
8.04003963E+00 8.71359530440240226E-02 4.96477776716027115E-03 1.86902827960839985E-01
8.04801435E+00 8.70373115666469993E-02 4.96968546475737988E-03 1.87362408717773432E-01
8.05600347E+00 8.69383436745478910E-02 4.97443829925587819E-03 1.87821360916167329E-01
8.06400735E+00 8.68390484320373801E-02 4.97903061098293326E-03 1.88279640163871859E-01
8.07202573E+00 8.67394332677396268E-02 4.98345692056173864E-03 1.88737190938000399E-01
8.08005946E+00 8.66394917041083817E-02 4.98771212673112044E-03 1.89194029076267700E-01
8.08810936E+00 8.65392178367840048E-02 4.99179138529715072E-03 1.89650145959726929E-01
8.09617624E+00 8.64386062107770081E-02 4.99569012577092807E-03 1.90105538841700811E-01
8.10426089E+00 8.63376520405963188E-02 4.99940412607556475E-03 1.90560204696831215E-01
8.11236409E+00 8.62363514422120336E-02 5.00292975665912742E-03 1.91014136306325882E-01
8.12048658E+00 8.61347011265685136E-02 5.00626389081982193E-03 1.91467328873975828E-01
8.12862911E+00 8.60326979242327095E-02 5.00940353697421677E-03 1.91919788972276933E-01
8.13679240E+00 8.59303387094832866E-02 5.01234575295030765E-03 1.92371508700330096E-01
8.14497717E+00 8.58276203177641139E-02 5.01508762042573737E-03 1.92822480340698099E-01
8.15318411E+00 8.57245392091606911E-02 5.01762600635436741E-03 1.93272698544124155E-01
8.16141355E+00 8.56210970659654208E-02 5.01995812407186968E-03 1.93722135194633410E-01
8.16966463E+00 8.55173112956080783E-02 5.02208201923748116E-03 1.94170700127608065E-01
8.17793805E+00 8.54131803467585438E-02 5.02399668486133450E-03 1.94618381518440686E-01
8.18623449E+00 8.53087021699053816E-02 5.02570095604877327E-03 1.95065171612547966E-01
8.19455095E+00 8.52039207364697210E-02 5.02719322042235670E-03 1.95510869050361108E-01
8.20288890E+00 8.50988246309185570E-02 5.02847354338650018E-03 1.95955505736606861E-01
8.21125227E+00 8.49933712651392004E-02 5.02954215978786926E-03 1.96399246527505816E-01
8.21963843E+00 8.48876004642150350E-02 5.03039872134159079E-03 1.96841904147098012E-01
8.22803053E+00 8.47817313449328869E-02 5.03104242561114561E-03 1.97282572235763759E-01
8.23642587E+00 8.46758053459848864E-02 5.03147543811200988E-03 1.97721070675435207E-01
8.24482804E+00 8.45697846268015779E-02 5.03170027359470598E-03 1.98157548731883487E-01
8.25323350E+00 8.44637208593052718E-02 5.03171914336406415E-03 1.98591806026440276E-01
8.26164752E+00 8.43575553493977198E-02 5.03153533454603688E-03 1.99024072416222303E-01
8.27007563E+00 8.42512257730832215E-02 5.03115156951259527E-03 1.99454601311337215E-01
8.27851526E+00 8.41447704501105814E-02 5.03056995497196905E-03 1.99883246214627663E-01
8.28692180E+00 8.40387571389664134E-02 5.02979696604722529E-03 2.00307769055955570E-01
8.29530092E+00 8.39331201622256357E-02 5.02883792171166921E-03 2.00728402680735551E-01
8.30366045E+00 8.38277670266146246E-02 5.02769802948108396E-03 2.01145559496489296E-01
8.31200301E+00 8.37226711001291535E-02 5.02638278189562922E-03 2.01559357329117006E-01
8.32033421E+00 8.36177678560606069E-02 5.02489695956060724E-03 2.01970067676268350E-01
8.32866128E+00 8.35129717440801639E-02 5.02324461830290850E-03 2.02378041439446266E-01
8.33697469E+00 8.34084083569065354E-02 5.02143326148307700E-03 2.02782810326987167E-01
8.34527482E+00 8.33040786692752638E-02 5.01946908819633775E-03 2.03184376765345037E-01
8.35356792E+00 8.31999101228972915E-02 5.01735684198301949E-03 2.03583033493223819E-01
8.36183130E+00 8.30961930615297661E-02 5.01510881572537950E-03 2.03977723417335388E-01
8.37006340E+00 8.29929518845538700E-02 5.01273233677985378E-03 2.04368349864234661E-01
8.37826464E+00 8.28901847117148177E-02 5.01023340305483973E-03 2.04754953922897803E-01
8.38643548E+00 8.27878881476310502E-02 5.00761744309551841E-03 2.05137573051803912E-01
8.39457642E+00 8.26860575607295256E-02 5.00488940572524701E-03 2.05516247549962949E-01
8.40268802E+00 8.25846887229007287E-02 5.00205457164404257E-03 2.05891015722380055E-01
8.41077085E+00 8.24837773122362450E-02 4.99911844267146143E-03 2.06261919815640071E-01
8.41882328E+00 8.23833467768293470E-02 4.99608773102482029E-03 2.06628896025889158E-01
8.42684576E+00 8.22833950490545335E-02 4.99296885524788160E-03 2.06991986319497889E-01
8.43483891E+00 8.21839169414955162E-02 4.98976785682467977E-03 2.07351229326618508E-01
8.44280344E+00 8.20849059628570854E-02 4.98649001694871034E-03 2.07706668775529402E-01
8.45073812E+00 8.19863784276469998E-02 4.98314049880369848E-03 2.08058281431299535E-01
8.45864254E+00 8.18883396356333143E-02 4.97972372517341624E-03 2.08406093536856046E-01
8.46651723E+00 8.17907835948814277E-02 4.97624413167387092E-03 2.08750110626248958E-01
8.47436278E+00 8.16937048983435027E-02 4.97270707517543775E-03 2.09090395607250262E-01
8.48217979E+00 8.15970978990858270E-02 4.96911808942242413E-03 2.09426989166372590E-01
8.48996889E+00 8.15009563286912125E-02 4.96548238392600060E-03 2.09759924338707632E-01
8.49773079E+00 8.14052727839256335E-02 4.96180461223407095E-03 2.10089270366852848E-01
8.50546618E+00 8.13100393468391275E-02 4.95808931444862051E-03 2.10415051151336685E-01
8.51317584E+00 8.12152469497510882E-02 4.95434038681576237E-03 2.10737338925748918E-01
8.52086054E+00 8.11208857693693219E-02 4.95056116127685214E-03 2.11056185098495747E-01
8.52852111E+00 8.10269458164855627E-02 4.94675484243111384E-03 2.11371651390385606E-01
8.53615841E+00 8.09334164027376290E-02 4.94292422422878269E-03 2.11683789821662083E-01
8.54377267E+00 8.08402942138120167E-02 4.93907174061363353E-03 2.11992617259338018E-01
8.55136252E+00 8.07475957069364036E-02 4.93520096108407413E-03 2.12298105978639823E-01
8.55892893E+00 8.06553098074183905E-02 4.93131511323305610E-03 2.12600313376883843E-01
8.56647288E+00 8.05634249529662561E-02 4.92741745504126933E-03 2.12899299295765010E-01
8.57399542E+00 8.04719290695646849E-02 4.92351114782377947E-03 2.13195134661331553E-01
8.58149760E+00 8.03808089455198965E-02 4.91959847567985647E-03 2.13487871567929394E-01
8.58898054E+00 8.02900502903610286E-02 4.91568090935467703E-03 2.13777582442787745E-01
8.59644535E+00 8.01996379675697230E-02 4.91175925743056203E-03 2.14064326647729120E-01
8.60389322E+00 8.01095559817988218E-02 4.90783375665812798E-03 2.14348171504536944E-01
8.61132532E+00 8.00197884037158191E-02 4.90390489612634473E-03 2.14629189053983649E-01
8.61874289E+00 7.99303195761652818E-02 4.89997366527353696E-03 2.14907444607231768E-01
8.62614157E+00 7.98412023386543129E-02 4.89604466384989823E-03 2.15182817939752413E-01
8.63351979E+00 7.97524556806110119E-02 4.89212111702867856E-03 2.15455251454123947E-01
8.64087856E+00 7.96640675344744975E-02 4.88820460758718125E-03 2.15724813723000702E-01
8.64821892E+00 7.95760249830971128E-02 4.88429611382073473E-03 2.15991563869529890E-01
8.65554193E+00 7.94883152890818595E-02 4.88039671219070610E-03 2.16255579472241499E-01
8.66284719E+00 7.94009426549091846E-02 4.87650763139754057E-03 2.16516857764396775E-01
8.67013461E+00 7.93139066391685410E-02 4.87262947090527816E-03 2.16775430392164042E-01
8.67740543E+00 7.92271913912881015E-02 4.86876191076059117E-03 2.17031366077315685E-01
8.68466087E+00 7.91407800355879432E-02 4.86490376639006194E-03 2.17284738983959197E-01
8.69190218E+00 7.90546546924215804E-02 4.86105301088587179E-03 2.17535602965166858E-01
8.69913065E+00 7.89687978864501289E-02 4.85720797116153628E-03 2.17784041989568827E-01
8.70634757E+00 7.88831917936069632E-02 4.85336693478166485E-03 2.18030147407970915E-01
8.71355426E+00 7.87978188735677515E-02 4.84952846228606065E-03 2.18273972771790198E-01
8.72075207E+00 7.87126625934665980E-02 4.84569182012840102E-03 2.18515590179314462E-01
8.72794237E+00 7.86277070516216287E-02 4.84185678896379042E-03 2.18755067880717080E-01
8.73512656E+00 7.85429361581966162E-02 4.83802310688425524E-03 2.18992476713769701E-01
8.74230261E+00 7.84583732206795281E-02 4.83419159567516788E-03 2.19227776199404839E-01
8.74946428E+00 7.83740993069734215E-02 4.83036774840630428E-03 2.19462166572041067E-01
8.75661277E+00 7.82900938353327941E-02 4.82654946650115484E-03 2.19692937385711107E-01
8.76374929E+00 7.82063406359954916E-02 4.82273592299036890E-03 2.19921602909473768E-01
8.77087507E+00 7.81228253612463036E-02 4.81892679766911507E-03 2.20148168189558818E-01
8.77799132E+00 7.80395345189105610E-02 4.81512209763706577E-03 2.20372729989531113E-01
8.78509856E+00 7.79564640181720364E-02 4.81132268589837611E-03 2.20595327191019208E-01
8.79219694E+00 7.78736141124099501E-02 4.80752980310201680E-03 2.20815995527832598E-01
8.79928784E+00 7.77909678969700008E-02 4.80374190782709501E-03 2.21034800846940299E-01
8.80637261E+00 7.77085086300802613E-02 4.79995732880781484E-03 2.21251829543753414E-01
8.81345262E+00 7.76262168572349892E-02 4.79617244171696468E-03 2.21467128526842694E-01
8.82052927E+00 7.75440697657296396E-02 4.79238146005759365E-03 2.21680787181140593E-01
8.82760394E+00 7.74620464827663197E-02 4.78858006309581825E-03 2.21892922902307194E-01
8.83467804E+00 7.73801273771679426E-02 4.78476460913962193E-03 2.22103519911861197E-01
8.84175297E+00 7.72982946115330916E-02 4.78093256395282877E-03 2.22312701398850232E-01
8.84882682E+00 7.72165705406290676E-02 4.77708445060752180E-03 2.22520439048195739E-01
8.85589176E+00 7.71350462978541290E-02 4.77322468254381526E-03 2.22726524224029249E-01
8.86294907E+00 7.70537085630811636E-02 4.76935322304821146E-03 2.22931001507452070E-01
8.87000006E+00 7.69725442363739104E-02 4.76547016619223614E-03 2.23133959739256066E-01
8.87704601E+00 7.68915411242789976E-02 4.76157625384795308E-03 2.23335470325417035E-01
8.88408824E+00 7.68106877402331689E-02 4.75767280188828853E-03 2.23535587553142456E-01
8.89112806E+00 7.67299720391542150E-02 4.75376101014982847E-03 2.23734378330520123E-01
8.89816677E+00 7.66493806849912473E-02 4.74984143035270170E-03 2.23931910330921163E-01
8.90520571E+00 7.65688996348004858E-02 4.74591406845806685E-03 2.24128257701556061E-01
8.91224619E+00 7.64885136481481959E-02 4.74197789188767274E-03 2.24323481763776422E-01
8.91928956E+00 7.64082055421177742E-02 4.73803020798352261E-03 2.24517643399765598E-01
8.92633713E+00 7.63279573306601677E-02 4.73406745509387470E-03 2.24710817755960413E-01
8.93339023E+00 7.62477486973509588E-02 4.73008383488385514E-03 2.24903059805475009E-01
8.94045018E+00 7.61675633281737319E-02 4.72607652970147545E-03 2.25094425293552197E-01
8.94751830E+00 7.60873859963704935E-02 4.72204350872046895E-03 2.25284985267320131E-01
8.95459014E+00 7.60072668356105846E-02 4.71798627785969659E-03 2.25474656839300791E-01
8.96165890E+00 7.59272838499780861E-02 4.71390918561687394E-03 2.25663279386144638E-01
8.96872592E+00 7.58474234630730493E-02 4.70981305515727217E-03 2.25850898935582578E-01
8.97579257E+00 7.57676725239019300E-02 4.70569899790640369E-03 2.26037603252229408E-01
8.98286018E+00 7.56880184574693360E-02 4.70156837452447626E-03 2.26223452101578570E-01
8.98993010E+00 7.56084478087403200E-02 4.69742176092662750E-03 2.26408536536811089E-01
8.99700366E+00 7.55289378120212046E-02 4.69325614596593273E-03 2.26591755754995794E-01
9.00408222E+00 7.54494796027572467E-02 4.68907265852422372E-03 2.26775440656364319E-01
9.01116709E+00 7.53700624894262650E-02 4.68487279292427450E-03 2.26958399217062318E-01
9.01825961E+00 7.52906711662757466E-02 4.68065455469232009E-03 2.27140910234712251E-01
9.02536108E+00 7.52112924730031079E-02 4.67641806746665369E-03 2.27322784939608585E-01
9.03247281E+00 7.51319133194544714E-02 4.67216377128746620E-03 2.27504324049428275E-01
9.03959610E+00 7.50525175976406445E-02 4.66788923015882488E-03 2.27685412552021682E-01
9.04673222E+00 7.49730924097895129E-02 4.66359473361227517E-03 2.27866125867890013E-01
9.05388245E+00 7.48936262606508391E-02 4.65928173511845345E-03 2.28046616482479259E-01
9.06104201E+00 7.48141727330154799E-02 4.65495362702641503E-03 2.28226750336968459E-01
9.06820450E+00 7.47348027252100616E-02 4.65061443545182820E-03 2.28406320605881924E-01
9.07537121E+00 7.46555029398059955E-02 4.64626464002485147E-03 2.28585377156193287E-01
9.08254343E+00 7.45762600258288999E-02 4.64190466286150145E-03 2.28764058213756394E-01
9.08972243E+00 7.44970608754683128E-02 4.63753511653625106E-03 2.28942320479442962E-01
9.09690947E+00 7.44178924889743881E-02 4.63315666737800468E-03 2.29120270995444353E-01
9.10410581E+00 7.43387425179380529E-02 4.62877065810590824E-03 2.29297958598661061E-01
9.11131269E+00 7.42595980798205629E-02 4.62437785599953757E-03 2.29475419704242456E-01
9.11853136E+00 7.41804458521696936E-02 4.61997851306564494E-03 2.29652664883513075E-01
9.12576305E+00 7.41012736174957720E-02 4.61557392188278060E-03 2.29829806038619300E-01
9.13300899E+00 7.40220691921476132E-02 4.61116533053936972E-03 2.30006853405114037E-01
9.14027042E+00 7.39428193850288212E-02 4.60675281809954252E-03 2.30183841584103349E-01
9.14754855E+00 7.38635109123363665E-02 4.60233631411872436E-03 2.30360803061814862E-01
9.15484459E+00 7.37841315180840923E-02 4.59791675351855101E-03 2.30537772956462717E-01
9.16215975E+00 7.37046693447224177E-02 4.59349549220344853E-03 2.30714833211329295E-01
9.16949522E+00 7.36251123337240271E-02 4.58907372066480468E-03 2.30892001024844445E-01
9.17685076E+00 7.35454641679222226E-02 4.58465393268878401E-03 2.31069269372715214E-01
9.18421488E+00 7.34658494101726040E-02 4.58024467592428770E-03 2.31246406542734567E-01
9.19158882E+00 7.33862552238239707E-02 4.57584721508913928E-03 2.31423418570001871E-01
9.19897377E+00 7.33066691149038968E-02 4.57146308101425997E-03 2.31600357032947596E-01
9.20637097E+00 7.32270782215469068E-02 4.56709335811987180E-03 2.31777236545287868E-01
9.21378162E+00 7.31474696857826595E-02 4.56273916685019480E-03 2.31954087290413974E-01
9.22120692E+00 7.30678311516072404E-02 4.55840218730615282E-03 2.32130950637095490E-01
9.22864807E+00 7.29881502934489057E-02 4.55408410085193349E-03 2.32307862496400924E-01
9.23610628E+00 7.29084147057646320E-02 4.54978647172323090E-03 2.32484846409430679E-01
9.24358271E+00 7.28286121911353723E-02 4.54551099676002608E-03 2.32661933245264047E-01
9.25107854E+00 7.27487309804432658E-02 4.54125963297566729E-03 2.32839146591191093E-01
9.25859494E+00 7.26687594018132488E-02 4.53703422501162534E-03 2.33016521609193894E-01
9.26613306E+00 7.25886856301025396E-02 4.53283625534170367E-03 2.33194080900459622E-01
9.27369402E+00 7.25084978840555283E-02 4.52866715540575088E-03 2.33371833540234386E-01
9.28127893E+00 7.24281845347444775E-02 4.52452849288904630E-03 2.33549789242733313E-01
9.28888846E+00 7.23477386129944278E-02 4.52042202567839047E-03 2.33727958442470518E-01
9.29652164E+00 7.22671699675689061E-02 4.51635023011218769E-03 2.33906312310505571E-01
9.30417952E+00 7.21864675964267039E-02 4.51231461510599990E-03 2.34084855226777688E-01
9.31186309E+00 7.21056207508399410E-02 4.50831675579580621E-03 2.34263601339030153E-01
9.31956760E+00 7.20246791082850973E-02 4.50436085101620434E-03 2.34442445536729049E-01
9.32728846E+00 7.19436897858365676E-02 4.50045061806573794E-03 2.34621263867120178E-01
9.33502681E+00 7.18626399590008985E-02 4.49658700640946912E-03 2.34800053590652397E-01
9.34278377E+00 7.17815168971869116E-02 4.49277091976623636E-03 2.34978836304325006E-01
9.35056045E+00 7.17003078376528130E-02 4.48900305442013949E-03 2.35157616780835105E-01
9.35835794E+00 7.16190000934995297E-02 4.48528393012687879E-03 2.35336400348111985E-01
9.36617733E+00 7.15375813685969614E-02 4.48161416989238410E-03 2.35515198088013161E-01
9.37401968E+00 7.14560397119191892E-02 4.47799455173073565E-03 2.35694019211883321E-01
9.38188604E+00 7.13743633137712552E-02 4.47442586477973889E-03 2.35872855216547411E-01
9.38977745E+00 7.12925405142490753E-02 4.47090887450418001E-03 2.36051714298114945E-01
9.39769495E+00 7.12105594084198185E-02 4.46744393669306749E-03 2.36230602462462996E-01
9.40563953E+00 7.11284082177742610E-02 4.46403138074789440E-03 2.36409507167832739E-01
9.41361184E+00 7.10460791680133097E-02 4.46067161135701041E-03 2.36588414734360791E-01
9.42160974E+00 7.09635928349412748E-02 4.45736622708203453E-03 2.36767253946420592E-01
9.42963418E+00 7.08809380867952421E-02 4.45411543308858564E-03 2.36946010681804153E-01
9.43768610E+00 7.07981038084856823E-02 4.45091928004534652E-03 2.37124690177476116E-01
9.44576641E+00 7.07150792173747988E-02 4.44777790916591094E-03 2.37303261923315856E-01
9.45387602E+00 7.06318534088394429E-02 4.44469109274299706E-03 2.37481729151733850E-01
9.46201585E+00 7.05484159556186013E-02 4.44165883071158049E-03 2.37660076139127707E-01
9.47018679E+00 7.04647565936298570E-02 4.43868115176926023E-03 2.37838277309125767E-01
9.47838972E+00 7.03808650445199163E-02 4.43575800716742696E-03 2.38016311709743716E-01
9.48662552E+00 7.02967309249163674E-02 4.43288926517884478E-03 2.38194162694276651E-01
9.49489505E+00 7.02123434674644109E-02 4.43007441837145206E-03 2.38371804046458080E-01
9.50319428E+00 7.01277412230756625E-02 4.42731402423851821E-03 2.38549132445158990E-01
9.51151996E+00 7.00429546123749608E-02 4.42460800678701281E-03 2.38726034688596128E-01
9.51987308E+00 6.99579708762580882E-02 4.42195481328312191E-03 2.38902475546934612E-01
9.52825464E+00 6.98727777770522113E-02 4.41935321265868580E-03 2.39078440877881104E-01
9.53666561E+00 6.97873635880078003E-02 4.41680231791375527E-03 2.39253913327751672E-01
9.54510696E+00 6.97017167972814600E-02 4.41430130371789700E-03 2.39428866046288630E-01
9.55357964E+00 6.96158259960089482E-02 4.41184926289847276E-03 2.39603280149917774E-01
9.56208461E+00 6.95296792139631498E-02 4.40944474174991257E-03 2.39777138830240599E-01
9.57061981E+00 6.94432944224715881E-02 4.40708661861558167E-03 2.39950364516550441E-01
9.57918475E+00 6.93566745319026123E-02 4.40477359782116915E-03 2.40122893502470902E-01
9.58778032E+00 6.92698086085341003E-02 4.40250416472151400E-03 2.40294701843057151E-01
9.59640741E+00 6.91826859850228210E-02 4.40027692735801834E-03 2.40465777315683027E-01
9.60506691E+00 6.90952959785952475E-02 4.39809047079976843E-03 2.40636076721621822E-01
9.61375970E+00 6.90076280981948009E-02 4.39594345333503642E-03 2.40805580373751965E-01
9.62248666E+00 6.89196713976441833E-02 4.39383405318147149E-03 2.40974244128816073E-01
9.63124865E+00 6.88314142682264485E-02 4.39175969794285744E-03 2.41142053333833151E-01
9.64004655E+00 6.87428455274299854E-02 4.38971786819130315E-03 2.41308982208193690E-01
9.64888122E+00 6.86539544701907228E-02 4.38770621633109616E-03 2.41474990372081616E-01
9.65775351E+00 6.85647305927164358E-02 4.38572246123549846E-03 2.41640049056156936E-01
9.66666429E+00 6.84751636709843292E-02 4.38376446569422457E-03 2.41804136101999939E-01
9.67561442E+00 6.83852434580673740E-02 4.38183011676295323E-03 2.41967196809014573E-01
9.68460473E+00 6.82949596785492608E-02 4.37991723930933677E-03 2.42129227848691758E-01
9.69363610E+00 6.82043020622104951E-02 4.37802355257884031E-03 2.42290177498698273E-01
9.70270937E+00 6.81132606196198642E-02 4.37614692388524351E-03 2.42450033933329590E-01
9.71182539E+00 6.80218254773160280E-02 4.37428534729466384E-03 2.42608744037953683E-01
9.72098500E+00 6.79299866662706475E-02 4.37243671003458446E-03 2.42766276139134485E-01
9.73018906E+00 6.78377342908965120E-02 4.37059882072475276E-03 2.42922600433884833E-01
9.73943417E+00 6.77451015389402417E-02 4.36877080286501851E-03 2.43077626147724768E-01
9.74872062E+00 6.76520847093043109E-02 4.36695129744451085E-03 2.43231297492748744E-01
9.75804921E+00 6.75586751556382370E-02 4.36513866096043413E-03 2.43383585149980042E-01
9.76742072E+00 6.74648643869761866E-02 4.36333119002101956E-03 2.43534464733918043E-01
9.77683597E+00 6.73706443964178642E-02 4.36152749027235616E-03 2.43683925777081728E-01
9.78629572E+00 6.72760076045792743E-02 4.35972643036432617E-03 2.43831918921300128E-01
9.79580078E+00 6.71809462675368035E-02 4.35792656982101397E-03 2.43978432156332081E-01
9.80535192E+00 6.70854523150947041E-02 4.35612593693502931E-03 2.44123442980405642E-01
9.81494994E+00 6.69895178346864018E-02 4.35432250290802587E-03 2.44266940401040966E-01
9.82459561E+00 6.68931350767236338E-02 4.35251427227982025E-03 2.44408881290640950E-01
9.83428971E+00 6.67962960756346008E-02 4.35069905389511707E-03 2.44549267561223110E-01
9.84403303E+00 6.66989929633588774E-02 4.34887456077131043E-03 2.44688072712543614E-01
9.85382313E+00 6.66012508443971918E-02 4.34703969335533888E-03 2.44825233598512521E-01
9.86364252E+00 6.65032451130556368E-02 4.34519628060947224E-03 2.44960509737431803E-01
9.87346401E+00 6.64052479475727847E-02 4.34334777417730560E-03 2.45093539233507740E-01
9.88328838E+00 6.63072521967248280E-02 4.34149224967470080E-03 2.45224308742191588E-01
9.89311640E+00 6.62092510699056336E-02 4.33962782631285536E-03 2.45352856178745138E-01
9.90294882E+00 6.61112378152849955E-02 4.33775244624269585E-03 2.45479198093534023E-01
9.91277594E+00 6.60133094848954355E-02 4.33586539450511212E-03 2.45603267900426497E-01
9.92258923E+00 6.59155510908893405E-02 4.33396574241768414E-03 2.45725010708467057E-01
9.93238565E+00 6.58179936863267090E-02 4.33205221153696706E-03 2.45844370719757177E-01
9.94216617E+00 6.57206286258828903E-02 4.33012310496247617E-03 2.45961428887034178E-01
9.95193174E+00 6.56234473493472192E-02 4.32817649756146988E-03 2.46076260040932776E-01
9.96168325E+00 6.55264418959728145E-02 4.32621053363062454E-03 2.46188883108286349E-01
9.97142161E+00 6.54296050371198645E-02 4.32422379109100204E-03 2.46299343137982768E-01
9.98114769E+00 6.53329297297808448E-02 4.32221467153623071E-03 2.46407721758216958E-01
9.99086232E+00 6.52364090584323236E-02 4.32018122377790959E-03 2.46514036051082186E-01
1.00005663E+01 6.51400361562212010E-02 4.31812119489010521E-03 2.46618353928879486E-01
1.00102605E+01 6.50438045288088407E-02 4.31603260791057868E-03 2.46720767831782151E-01
1.00199457E+01 6.49477081544975604E-02 4.31391386574909216E-03 2.46821303815272369E-01
1.00296226E+01 6.48517411702403401E-02 4.31176322198448432E-03 2.46920014981617530E-01
1.00392920E+01 6.47558975512289303E-02 4.30957836789832432E-03 2.47016955827667833E-01
1.00489545E+01 6.46601718687825483E-02 4.30735732270958772E-03 2.47112188510639624E-01
1.00586110E+01 6.45645596757685736E-02 4.30509912473716824E-03 2.47205783108948168E-01
1.00682621E+01 6.44690565714102770E-02 4.30280283672321469E-03 2.47297783172055363E-01
1.00779084E+01 6.43736576537458360E-02 4.30046666113758497E-03 2.47388247789295079E-01
1.00875507E+01 6.42783577885136376E-02 4.29808811837051330E-03 2.47477243718786322E-01
1.00971896E+01 6.41831526514231171E-02 4.29566555090811833E-03 2.47564811964407328E-01
1.01068257E+01 6.40880385729893642E-02 4.29319774121969880E-03 2.47651032544285055E-01
1.01164595E+01 6.39930121804685448E-02 4.29068353009294176E-03 2.47735939644137537E-01
1.01260918E+01 6.38980701124798600E-02 4.28812171596038277E-03 2.47819605685385053E-01
1.01357231E+01 6.38032088981163176E-02 4.28551075480751702E-03 2.47902084842548082E-01
1.01453540E+01 6.37084245914977393E-02 4.28284861824171359E-03 2.47983431056786802E-01
1.01549850E+01 6.36137139645561317E-02 4.28013395990152565E-03 2.48063693754397963E-01
1.01646166E+01 6.35190734456892309E-02 4.27736493239768128E-03 2.48142931500141467E-01
1.01742495E+01 6.34244990422903887E-02 4.27453936431662802E-03 2.48221243572320144E-01
1.01838841E+01 6.33299863402188579E-02 4.27165473622683443E-03 2.48298667740789625E-01
1.01935210E+01 6.32355316305873438E-02 4.26870915637373935E-03 2.48375250870165237E-01
1.02031607E+01 6.31411316251725974E-02 4.26570112802452436E-03 2.48451046013650784E-01
1.02128036E+01 6.30467832626617763E-02 4.26262937210223833E-03 2.48526123877566479E-01
1.02224503E+01 6.29524841755931819E-02 4.25949333792684931E-03 2.48600522484356462E-01
1.02321013E+01 6.28582315566637156E-02 4.25629171240039014E-03 2.48674277410233735E-01
1.02417568E+01 6.27640242044755214E-02 4.25302374760113278E-03 2.48747463230662963E-01
1.02514172E+01 6.26698631644138776E-02 4.24968899258476845E-03 2.48820126521959895E-01
1.02610827E+01 6.25757464274109415E-02 4.24628701774184408E-03 2.48892322149614209E-01
1.02707540E+01 6.24816715589147989E-02 4.24281693714544106E-03 2.48964090951037553E-01
1.02804308E+01 6.23876423906878086E-02 4.23927777708820158E-03 2.49035480658675257E-01
1.02901113E+01 6.22936765385502592E-02 4.23566828678062675E-03 2.49106548759524898E-01
1.02997962E+01 6.21997707578486533E-02 4.23198689010608180E-03 2.49177309689933874E-01
1.03094852E+01 6.21059276148540965E-02 4.22823340190119686E-03 2.49247844596918122E-01
1.03191778E+01 6.20121570328863864E-02 4.22440833677004569E-03 2.49318178994572703E-01
1.03288743E+01 6.19184568946163222E-02 4.22051189799375632E-03 2.49388344653395155E-01
1.03385752E+01 6.18248249441389827E-02 4.21654407807421465E-03 2.49458423909956872E-01
1.03482811E+01 6.17312576420973869E-02 4.21250311870104404E-03 2.49528467585829805E-01
1.03579923E+01 6.16377518458928464E-02 4.20838762302350525E-03 2.49598490401131329E-01
1.03677093E+01 6.15443050737594297E-02 4.20419696617780822E-03 2.49668569780535532E-01
1.03774325E+01 6.14509155764781934E-02 4.19993143642677889E-03 2.49738726918594223E-01
1.03871625E+01 6.13575813458037411E-02 4.19559100246300835E-03 2.49809021524610014E-01
1.03968986E+01 6.12643099652378162E-02 4.19117513716057641E-03 2.49879509914302689E-01
1.04066412E+01 6.11710990675809543E-02 4.18668241519121187E-03 2.49950198085870767E-01
1.04163906E+01 6.10779452576660706E-02 4.18211110307843085E-03 2.50021150749692778E-01
1.04261465E+01 6.09848540560725336E-02 4.17746013566295833E-03 2.50092399154335399E-01
1.04359092E+01 6.08918240947144279E-02 4.17272941532533751E-03 2.50163982907470661E-01
1.04456791E+01 6.07988525817420716E-02 4.16791799482083523E-03 2.50235948280557507E-01
1.04554569E+01 6.07059369278541289E-02 4.16302506093316552E-03 2.50308335498030110E-01
1.04652428E+01 6.06130743982340806E-02 4.15804979898137285E-03 2.50381182804653490E-01
1.04750370E+01 6.05202668967879942E-02 4.15299100743001057E-03 2.50454530208932102E-01
1.04848397E+01 6.04275140068642053E-02 4.14784835898517577E-03 2.50528429680450415E-01
1.04946514E+01 6.03348133470109974E-02 4.14262127752221872E-03 2.50602892606369032E-01
1.05044726E+01 6.02421634086549723E-02 4.13731018249364080E-03 2.50677983916634872E-01
1.05143039E+01 6.01495635558076530E-02 4.13191652195229412E-03 2.50753721677913877E-01
1.05241458E+01 6.00570101415929467E-02 4.12643809828813247E-03 2.50830155826164025E-01
1.05339988E+01 5.99644996643556513E-02 4.12087264604955872E-03 2.50907329957090586E-01
1.05438637E+01 5.98720296655200629E-02 4.11521892003979903E-03 2.50985262553445221E-01
1.05537408E+01 5.97795977235261594E-02 4.10947562289122950E-03 2.51063997879648559E-01
1.05636309E+01 5.96872016619009252E-02 4.10364177023594089E-03 2.51143565364747856E-01
1.05735345E+01 5.95948391065362140E-02 4.09771621214705725E-03 2.51223989483946253E-01
1.05834523E+01 5.95025083834418086E-02 4.09169867555813933E-03 2.51305284536501916E-01
1.05933849E+01 5.94102070767402249E-02 4.08558803246588439E-03 2.51387497564437290E-01
1.06033330E+01 5.93179319165503469E-02 4.07938246558684457E-03 2.51470670542006502E-01
1.06132972E+01 5.92256795350324661E-02 4.07307988436572677E-03 2.51554782614214822E-01
1.06232783E+01 5.91334472178070905E-02 4.06667888014258707E-03 2.51639907886635317E-01
1.06332770E+01 5.90412314822451323E-02 4.06017751526146706E-03 2.51726036387330210E-01
1.06432941E+01 5.89490287200686511E-02 4.05357389980535391E-03 2.51813189243623115E-01
1.06533304E+01 5.88568356641838430E-02 4.04686681139505757E-03 2.51901380017165055E-01
1.06633868E+01 5.87646490945338759E-02 4.04005531218543969E-03 2.51990627410587475E-01
1.06734638E+01 5.86724677722118629E-02 4.03313835592790122E-03 2.52080948068108768E-01
1.06835598E+01 5.85803128070523788E-02 4.02611635959504530E-03 2.52172328512870414E-01
1.06936746E+01 5.84881887851531057E-02 4.01898768799990175E-03 2.52264754367279243E-01
1.07038066E+01 5.83961144170132285E-02 4.01175113403289159E-03 2.52358207487973496E-01
1.07139547E+01 5.83041041812120478E-02 4.00440504294338317E-03 2.52452666832155448E-01
1.07241156E+01 5.82121908759573176E-02 3.99695090698541904E-03 2.52548090341933706E-01
1.07342903E+01 5.81203729722557308E-02 3.98938859801650347E-03 2.52644443944094077E-01
1.07444794E+01 5.80286494125142951E-02 3.98171907854410079E-03 2.52741729509100732E-01
1.07546838E+01 5.79370179738114624E-02 3.97394216572089561E-03 2.52839937597878484E-01
1.07649043E+01 5.78454762496445271E-02 3.96605700364708116E-03 2.52939031778562029E-01
1.07751420E+01 5.77540207577619535E-02 3.95806219480516770E-03 2.53039014010813523E-01
1.07853963E+01 5.76626605013815796E-02 3.94995845934912552E-03 2.53139849190698374E-01
1.07956664E+01 5.75714086307856782E-02 3.94174668862799695E-03 2.53241493316324062E-01
1.08059532E+01 5.74802627891750975E-02 3.93342725678785463E-03 2.53343913947353283E-01
1.08162566E+01 5.73892291987324332E-02 3.92500164839453252E-03 2.53447100194435837E-01
1.08265770E+01 5.72983107539118963E-02 3.91647069183029273E-03 2.53551003002641551E-01
1.08369155E+01 5.72075041266238496E-02 3.90783514572248282E-03 2.53655581245592399E-01
1.08472730E+01 5.71168053014149621E-02 3.89909519129761750E-03 2.53760819306207142E-01
1.08576508E+01 5.70262085224126497E-02 3.89024888238928513E-03 2.53866671034779556E-01
1.08680103E+01 5.69360535526907061E-02 3.88132934809456986E-03 2.53972721462564777E-01
1.08783450E+01 5.68463985821765494E-02 3.87234440787259226E-03 2.54078815992457963E-01
1.08886555E+01 5.67572405669041699E-02 3.86329623210535577E-03 2.54184900825132565E-01
1.08989423E+01 5.66685757842595034E-02 3.85418702201652079E-03 2.54290917490348323E-01
1.09092061E+01 5.65804002974715087E-02 3.84501905638513428E-03 2.54396801029495467E-01
1.09194475E+01 5.64927101595817382E-02 3.83579491468156791E-03 2.54502505816814939E-01
1.09296670E+01 5.64055019161525673E-02 3.82651802521620336E-03 2.54607965356218602E-01
1.09398618E+01 5.63188035060451717E-02 3.81719500043077153E-03 2.54713070206752379E-01
1.09500284E+01 5.62326517663133893E-02 3.80783527724922301E-03 2.54818356242321575E-01
1.09601674E+01 5.61470382180831937E-02 3.79844132211412146E-03 2.54922437158603077E-01
1.09702794E+01 5.60619568650878586E-02 3.78901609547356837E-03 2.55025985231292496E-01
1.09803649E+01 5.59774013803525927E-02 3.77956094779949726E-03 2.55128889219927990E-01
1.09904245E+01 5.58933654813103947E-02 3.77007707836979084E-03 2.55231106959236842E-01
1.10004589E+01 5.58098437300314637E-02 3.76056717235826029E-03 2.55332595869626977E-01
1.10104687E+01 5.57268307791489725E-02 3.75103467617316898E-03 2.55433309194731728E-01
1.10204548E+01 5.56443210337054656E-02 3.74148327270750749E-03 2.55533185584321976E-01
1.10304177E+01 5.55623083779406765E-02 3.73191658475424074E-03 2.55632186395430727E-01
1.10403584E+01 5.54807846166103305E-02 3.72233644683643387E-03 2.55730271729147030E-01
1.10502776E+01 5.53997417775728140E-02 3.71274473338310861E-03 2.55827380206567645E-01
1.10601761E+01 5.53191721906707012E-02 3.70314404911895522E-03 2.55923480088241673E-01
1.10700549E+01 5.52390684654301758E-02 3.69353790955317561E-03 2.56018521420143974E-01
1.10799147E+01 5.51594235597335572E-02 3.68393048103297363E-03 2.56112454997821093E-01
1.10897567E+01 5.50802297589503206E-02 3.67432523447979581E-03 2.56205239311497524E-01
1.10995816E+01 5.50014783272563465E-02 3.66472424936727320E-03 2.56296833889167963E-01
1.11093904E+01 5.49231598664684587E-02 3.65512817587039084E-03 2.56387189320213427E-01
1.11191843E+01 5.48452647991509931E-02 3.64553778352035961E-03 2.56476260490390739E-01
1.11289641E+01 5.47677838505222295E-02 3.63595475116789378E-03 2.56564006993397542E-01
1.11387310E+01 5.46907081059391995E-02 3.62638175331075722E-03 2.56650383787985048E-01
1.11484861E+01 5.46140284427984180E-02 3.61682174878320091E-03 2.56735351886155982E-01
1.11582285E+01 5.45377498581161163E-02 3.60727862535255642E-03 2.56818868441804460E-01
1.11679488E+01 5.44619439879939424E-02 3.59776410710655001E-03 2.56900815545266559E-01
1.11776481E+01 5.43866004928579491E-02 3.58828002485324718E-03 2.56981155745359402E-01
1.11873274E+01 5.43117091445914010E-02 3.57882883670365389E-03 2.57059872549349699E-01
1.11969878E+01 5.42372593937450673E-02 3.56941285376746612E-03 2.57136943744305402E-01
1.12066305E+01 5.41632402947587188E-02 3.56003398303263380E-03 2.57212345623337169E-01
1.12162567E+01 5.40896396897645806E-02 3.55069259625165595E-03 2.57286066785211376E-01
1.12258675E+01 5.40164454250149015E-02 3.54138872441299348E-03 2.57358075132411157E-01
1.12354642E+01 5.39436456682896789E-02 3.53212268005970165E-03 2.57428360794742739E-01
1.12450481E+01 5.38712285047298275E-02 3.52289474300286577E-03 2.57496889837739718E-01
1.12546204E+01 5.37991823192336613E-02 3.51370601602141999E-03 2.57563640981107178E-01
1.12641825E+01 5.37274952653806481E-02 3.50455776155430025E-03 2.57628618444151913E-01
1.12737357E+01 5.36561546819071603E-02 3.49545032694765015E-03 2.57691785391005068E-01
1.12832813E+01 5.35851477033232604E-02 3.48638375594222116E-03 2.57753128220798378E-01
1.12928207E+01 5.35144616155860328E-02 3.47735826034061349E-03 2.57812624496877862E-01
1.13023553E+01 5.34440839936113563E-02 3.46837438534257315E-03 2.57870251217864888E-01
1.13118813E+01 5.33740421510730811E-02 3.45943818216796171E-03 2.57925964235684202E-01
1.13213901E+01 5.33043962451969569E-02 3.45055990536528552E-03 2.57979691743499884E-01
1.13308832E+01 5.32351334424641803E-02 3.44173996945891774E-03 2.58031415859494573E-01
1.13403619E+01 5.31662403024220215E-02 3.43297823058191223E-03 2.58081141891553734E-01
1.13498279E+01 5.30977033349834607E-02 3.42427450494659728E-03 2.58128847795639382E-01
1.13592826E+01 5.30295090286087567E-02 3.41562861115751217E-03 2.58174535613291900E-01
1.13687276E+01 5.29616435541692132E-02 3.40704012077847279E-03 2.58218188210379174E-01
1.13781644E+01 5.28940929954990896E-02 3.39850859894915260E-03 2.58259807517920659E-01
1.13875946E+01 5.28268435248166329E-02 3.39003356019790172E-03 2.58299376689674620E-01
1.13970199E+01 5.27598808014672072E-02 3.38161356405319337E-03 2.58336878733063324E-01
1.14064419E+01 5.26931908293461551E-02 3.37324747009456550E-03 2.58372342506736796E-01
1.14158622E+01 5.26267598880401852E-02 3.36493455336272281E-03 2.58405715263571922E-01
1.14252826E+01 5.25605741475495200E-02 3.35667412775424384E-03 2.58437002860072373E-01
1.14347002E+01 5.24946521808270922E-02 3.34846937386481299E-03 2.58466190321616274E-01
1.14441039E+01 5.24290674878612473E-02 3.34033017232412835E-03 2.58493224661851984E-01
1.14534956E+01 5.23638052652948133E-02 3.33225566425302162E-03 2.58518100239975457E-01
1.14628770E+01 5.22988502792576249E-02 3.32424472806237955E-03 2.58540828373999609E-01
1.14722499E+01 5.22341871379622610E-02 3.31629612168137140E-03 2.58548847118613867E-01
1.14816163E+01 5.21698003091338389E-02 3.30840836524747776E-03 2.58597855714469194E-01
1.14909779E+01 5.21056740026317883E-02 3.30057965619452113E-03 2.58597880879303577E-01
1.15003368E+01 5.20417926238352854E-02 3.29280835927650822E-03 2.58599964511421809E-01
1.15096949E+01 5.19781407862508274E-02 3.28509283259331751E-03 2.58626661325592033E-01
1.15190541E+01 5.19147030942928855E-02 3.27743113843374833E-03 2.58628968620510880E-01
1.15284164E+01 5.18514643100894332E-02 3.26982186760258050E-03 2.58633026717874581E-01
1.15377839E+01 5.17884090968290384E-02 3.26226373198379525E-03 2.58657578419349610E-01
1.15471419E+01 5.17256345533621265E-02 3.25476873852305207E-03 2.58656712647626408E-01
1.15564900E+01 5.16631397770028825E-02 3.24733667537942770E-03 2.58654186093110638E-01
1.15658304E+01 5.16009078630604925E-02 3.23996527426086665E-03 2.58650845354622627E-01
1.15751652E+01 5.15389217912379932E-02 3.23265225217525759E-03 2.58646579999669002E-01
1.15844967E+01 5.14771645104621645E-02 3.22539530701876744E-03 2.58641994840860368E-01
1.15938270E+01 5.14156187773139664E-02 3.21819192907766725E-03 2.58619927554141649E-01
1.16031585E+01 5.13542675576259752E-02 3.21103986451772884E-03 2.58620751074537414E-01
1.16124935E+01 5.12930942454513997E-02 3.20393732423226779E-03 2.58620110681896775E-01
1.16218342E+01 5.12320813473327238E-02 3.19688177971525021E-03 2.58596805608752423E-01
1.16311830E+01 5.11712114395094925E-02 3.18987073868415034E-03 2.58593359370743681E-01
1.16405282E+01 5.11105595769881030E-02 3.18291260619499739E-03 2.58547824842805307E-01
1.16498654E+01 5.10501505711276268E-02 3.17601003712870630E-03 2.58547352510064943E-01
1.16591973E+01 5.09899662489941355E-02 3.16916078132584112E-03 2.58522459025745888E-01
1.16685263E+01 5.09299884215404022E-02 3.16236260683539112E-03 2.58496271445938619E-01
1.16778550E+01 5.08701988660995724E-02 3.15561324080910945E-03 2.58470235090703382E-01
1.16871860E+01 5.08105792567250872E-02 3.14891029532746993E-03 2.58441360965318612E-01
1.16965218E+01 5.07511113395801919E-02 3.14225132879542794E-03 2.58410833081099856E-01
1.17058652E+01 5.06917768631417465E-02 3.13563384183099996E-03 2.58377988637292666E-01
1.17152188E+01 5.06325573278907648E-02 3.12905494389416425E-03 2.58343186266346225E-01
1.17245766E+01 5.05734898719074830E-02 3.12251842754206112E-03 2.58306282650448416E-01
1.17339278E+01 5.05146401809206738E-02 3.11603065792269559E-03 2.58267421653133100E-01
1.17432753E+01 5.04559882462530737E-02 3.10958843243256148E-03 2.58226602576153097E-01
1.17526219E+01 5.03975140284237469E-02 3.10318868098866411E-03 2.58183824431920395E-01
1.17619704E+01 5.03391975756059887E-02 3.09682848273478773E-03 2.58139098327970329E-01
1.17713240E+01 5.02810192926328309E-02 3.09050527871843105E-03 2.58092424786516561E-01
1.17806854E+01 5.02229600208723218E-02 3.08421696101418129E-03 2.58043799270973040E-01
1.17900578E+01 5.01650006094226941E-02 3.07796125310028047E-03 2.57993219232527049E-01
1.17994440E+01 5.01071218260186468E-02 3.07173571881693818E-03 2.57940685471162168E-01
1.18088282E+01 5.00494212533029656E-02 3.06555026521182277E-03 2.57886290526669171E-01
1.18182089E+01 4.99919052974045694E-02 3.05940477068435785E-03 2.57830095533995440E-01
1.18275894E+01 4.99345529616541592E-02 3.05329623016506457E-03 2.57772091169770234E-01
1.18369729E+01 4.98773433446666539E-02 3.04722175957888603E-03 2.57712283499913652E-01
1.18463627E+01 4.98202552432751508E-02 3.04117820911062407E-03 2.57650677295445107E-01
1.18557620E+01 4.97632675858914741E-02 3.03516251548834916E-03 2.57587268594072438E-01
1.18651742E+01 4.97063597796341891E-02 3.02917202363107898E-03 2.57522061765306509E-01
1.18746026E+01 4.96495113080653583E-02 3.02320400044283049E-03 2.57455065817168705E-01
1.18840308E+01 4.95928197193233958E-02 3.01726834653113368E-03 2.57386419157348167E-01
1.18934575E+01 4.95362931410220919E-02 3.01136568224676148E-03 2.57316163946231413E-01
1.19028861E+01 4.94799094766698311E-02 3.00549328678445917E-03 2.57244297413644796E-01
1.19123203E+01 4.94236465238594505E-02 2.99964826513022826E-03 2.57170816320493156E-01
1.19217636E+01 4.93674824119410965E-02 2.99382781963212921E-03 2.57095715423567905E-01
1.19312196E+01 4.93113951512313339E-02 2.98802887153883263E-03 2.57019000733830716E-01
1.19406919E+01 4.92553628311413610E-02 2.98224817211056783E-03 2.56940657232433589E-01
1.19501778E+01 4.91994011070758450E-02 2.97648628862438955E-03 2.56860731358181604E-01
1.19596619E+01 4.91436002081705181E-02 2.97075168555897915E-03 2.56779374331578158E-01
1.19691480E+01 4.90879366868310213E-02 2.96504147911758964E-03 2.56696609247155483E-01
1.19786400E+01 4.90323873877295327E-02 2.95935311909669308E-03 2.56612406966191475E-01
1.19881418E+01 4.89769294144219783E-02 2.95368411395888729E-03 2.56526781773641188E-01
1.19976573E+01 4.89215400630371167E-02 2.94803183000007761E-03 2.56439724201198982E-01
1.20071903E+01 4.88661966893602362E-02 2.94239342662968315E-03 2.56351220690855752E-01
1.20167427E+01 4.88108891112262050E-02 2.93676716239245654E-03 2.56261282420348013E-01
1.20262943E+01 4.87557335406780187E-02 2.93116419435697105E-03 2.56170121023093778E-01
1.20358492E+01 4.87007046803767316E-02 2.92558104219412755E-03 2.56077766188284095E-01
1.20454116E+01 4.86457777617444881E-02 2.92001451599988677E-03 2.55984202095805746E-01
1.20549858E+01 4.85909285423020004E-02 2.91446175710287142E-03 2.55889440344444441E-01
1.20645759E+01 4.85361333205162754E-02 2.90892019237863706E-03 2.55793464142863247E-01
1.20741861E+01 4.84813690217142171E-02 2.90338751043966743E-03 2.55696259036076567E-01
1.20838143E+01 4.84266477815967142E-02 2.89786488321556145E-03 2.55597866648703875E-01
1.20934441E+01 4.83720630518413228E-02 2.89236140273222211E-03 2.55498478232687010E-01
1.21030800E+01 4.83175889135572245E-02 2.88687409400922640E-03 2.55398095977778405E-01
1.21127264E+01 4.82631996876474942E-02 2.88140002347950577E-03 2.55296699792660120E-01
1.21223879E+01 4.82088701793355265E-02 2.87593636368863557E-03 2.55194270862506178E-01
1.21320687E+01 4.81545759109021504E-02 2.87048051237560409E-03 2.55090791346794243E-01
1.21417734E+01 4.81002931501445935E-02 2.86503001900367555E-03 2.54986246363588576E-01
1.21514889E+01 4.80460950596340308E-02 2.85959239229726953E-03 2.54880797289150529E-01
1.21612098E+01 4.79920118320225908E-02 2.85417098198162975E-03 2.54774539495846664E-01
1.21709410E+01 4.79380170042555745E-02 2.84876330849804463E-03 2.54667454000528926E-01
1.21806871E+01 4.78840840868565917E-02 2.84336646094406889E-03 2.54559516233160310E-01
1.21904529E+01 4.78301870791343273E-02 2.83797737816178638E-03 2.54450702026036091E-01
1.22002428E+01 4.77763009853161072E-02 2.83259330169250822E-03 2.54340986333177033E-01
1.22100546E+01 4.77224396008696580E-02 2.82721563336139252E-03 2.54230420288310388E-01
1.22198721E+01 4.76686914498429468E-02 2.82185344536312272E-03 2.54119211733116634E-01
1.22297004E+01 4.76150291297307224E-02 2.81650441303802571E-03 2.54007336392673977E-01
1.22395444E+01 4.75614261102381905E-02 2.81116653348609941E-03 2.53894756057939541E-01
1.22494091E+01 4.75078563651619157E-02 2.80583767752315026E-03 2.53781441849368627E-01
1.22592992E+01 4.74542943392868774E-02 2.80051539399595907E-03 2.53667360359410343E-01
1.22692183E+01 4.74007206035856540E-02 2.79519757620528631E-03 2.53552490217435367E-01
1.22791444E+01 4.73472543397031390E-02 2.78989601677575401E-03 2.53437104587615814E-01
1.22890826E+01 4.72938668109926727E-02 2.78460802816137649E-03 2.53321180282251202E-01
1.22990383E+01 4.72405303540583757E-02 2.77933133875309882E-03 2.53204661810513154E-01
1.23090164E+01 4.71872186177655709E-02 2.77406416412730606E-03 2.53087511722652481E-01
1.23190219E+01 4.71339061359989028E-02 2.76880467469383306E-03 2.52969684124838223E-01
1.23290596E+01 4.70805682648852905E-02 2.76355083938517512E-03 2.52851143571039771E-01
1.23391070E+01 4.70273231573392347E-02 2.75831447545615100E-03 2.52732158662570039E-01
1.23491689E+01 4.69741457892247222E-02 2.75309325541707103E-03 2.52612700905618270E-01
1.23592507E+01 4.69210076656689720E-02 2.74788460634552666E-03 2.52492711544719972E-01
1.23693575E+01 4.68678818204673053E-02 2.74268643628415446E-03 2.52372140931869493E-01
1.23794942E+01 4.68147428407571231E-02 2.73749705631445460E-03 2.52250938377540423E-01
1.23896651E+01 4.67615699153764233E-02 2.73231525731200018E-03 2.52129064149371751E-01
1.23998479E+01 4.67084796292960569E-02 2.72715299588104998E-03 2.52006792910281385E-01
1.24100481E+01 4.66554422203092414E-02 2.72200775561223882E-03 2.51884073209188097E-01
1.24202713E+01 4.66024292586219649E-02 2.71687721370313584E-03 2.51760839334614850E-01
1.24305226E+01 4.65494138714084224E-02 2.71175933164003510E-03 2.51637031570391079E-01
1.24408070E+01 4.64963708394545427E-02 2.70665241059806329E-03 2.51512596953041567E-01
1.24511244E+01 4.64433018104705303E-02 2.70155753756364100E-03 2.51387546192284372E-01
1.24614572E+01 4.63902968954841080E-02 2.69648421870464063E-03 2.51262092758706312E-01
1.24718111E+01 4.63373266491587110E-02 2.69143031717504087E-03 2.51136173775980520E-01
1.24821916E+01 4.62843631302975803E-02 2.68639381337849696E-03 2.51009722455838913E-01
1.24926039E+01 4.62313800433390432E-02 2.68137281639466369E-03 2.50882676164783491E-01
1.25030526E+01 4.61783529907281234E-02 2.67636565632267979E-03 2.50754977508066801E-01
1.25135313E+01 4.61253162920971238E-02 2.67137635521877892E-03 2.50626713316017102E-01
1.25240294E+01 4.60723216504479588E-02 2.66641054094653510E-03 2.50498017356917402E-01
1.25345529E+01 4.60193402709558330E-02 2.66146621709373267E-03 2.50368819717723345E-01
1.25451068E+01 4.59663451307663062E-02 2.65654152709709178E-03 2.50239052809248796E-01
1.25556963E+01 4.59133111881916411E-02 2.65163474754520016E-03 2.50108662497475986E-01
1.25663258E+01 4.58602156363400459E-02 2.64674438512044630E-03 2.49977596062536639E-01
1.25769807E+01 4.58071315089482942E-02 2.64187797929553523E-03 2.49846038422956829E-01
1.25876598E+01 4.57540652749043250E-02 2.63703697797215220E-03 2.49714012904644012E-01
1.25983683E+01 4.57009895491301485E-02 2.63221970803732830E-03 2.49581453613001214E-01
1.26091115E+01 4.56478793391092846E-02 2.62742482589380663E-03 2.49448303072075162E-01
1.26198938E+01 4.55947120589044533E-02 2.62265122942301025E-03 2.49314508455472317E-01
1.26307168E+01 4.55414803945502558E-02 2.61789896609933943E-03 2.49180064250881045E-01
1.26415630E+01 4.54882700658258976E-02 2.61317643867391364E-03 2.49045207971041349E-01
1.26524378E+01 4.54350535210829784E-02 2.60848196898949124E-03 2.48909879211689944E-01
1.26633465E+01 4.53818055813404592E-02 2.60381407579788823E-03 2.48774025300672247E-01
1.26742935E+01 4.53285035633397212E-02 2.59917142828558923E-03 2.48637604164219428E-01
1.26852830E+01 4.52751278130120519E-02 2.59455315871811101E-03 2.48500582399655084E-01
1.26963064E+01 4.52217193912097318E-02 2.58996345153537444E-03 2.48363088421651890E-01
1.27073578E+01 4.51683065649010410E-02 2.58540531086103855E-03 2.48225227717177893E-01
1.27184422E+01 4.51148643877173489E-02 2.58087729246425776E-03 2.48086949565858084E-01
1.27295643E+01 4.50613703345331129E-02 2.57637790534334795E-03 2.47948226063999300E-01
1.27407279E+01 4.50078050410920791E-02 2.57190596510349081E-03 2.47809043126802631E-01
1.27519364E+01 4.49541523265142851E-02 2.56746059300654592E-03 2.47669388388223888E-01
1.27631732E+01 4.49004918902915079E-02 2.56304896951178602E-03 2.47529510774063710E-01
1.27744423E+01 4.48468034640669838E-02 2.55866995840564170E-03 2.47389393615727038E-01
1.27857482E+01 4.47930656311016917E-02 2.55432226592639281E-03 2.47249018216548072E-01
1.27970947E+01 4.47392600467397122E-02 2.55000471715088146E-03 2.47108383258696107E-01
1.28084849E+01 4.46853717246853341E-02 2.54571641580375032E-03 2.46967498079457809E-01
1.28199143E+01 4.46314214870199982E-02 2.54145920459431266E-03 2.46826470134758474E-01
1.28313754E+01 4.45774439586569329E-02 2.53723584242472600E-03 2.46685443967933543E-01
1.28428724E+01 4.45234186747662658E-02 2.53304481310357831E-03 2.46544419584369984E-01
1.28544089E+01 4.44693286177002822E-02 2.52888486813856008E-03 2.46403407838811650E-01
1.28659876E+01 4.44151603096098260E-02 2.52475502485632972E-03 2.46262437695817432E-01
1.28776106E+01 4.43609035389753506E-02 2.52065434070978265E-03 2.46121549467260475E-01
1.28892694E+01 4.43065977584405912E-02 2.51658559611903955E-03 2.45980916790928594E-01
1.29009631E+01 4.42522461332528899E-02 2.51254879655238598E-03 2.45840615505978438E-01
1.29126949E+01 4.41978331860692492E-02 2.50854258641760447E-03 2.45700669843056857E-01
1.29244672E+01 4.41433472169628222E-02 2.50456596105758577E-03 2.45561124147915227E-01
1.29362818E+01 4.40887802242999269E-02 2.50061824182022793E-03 2.45422033075799129E-01
1.29481395E+01 4.40341277880931109E-02 2.49669906275882918E-03 2.45283462007258396E-01
1.29600339E+01 4.39794187599321790E-02 2.49281033599743108E-03 2.45145565492793732E-01
1.29719649E+01 4.39246537630242698E-02 2.48895170605087281E-03 2.45008423697830963E-01
1.29839343E+01 4.38698229434996007E-02 2.48512189461483476E-03 2.44872089247307995E-01
1.29959435E+01 4.38149201486331893E-02 2.48131983701089858E-03 2.44736630149379075E-01
1.30079927E+01 4.37599428779895383E-02 2.47754477675352948E-03 2.44602123908241625E-01
1.30200817E+01 4.37048919338012890E-02 2.47379619745342763E-03 2.44468658194499200E-01
1.30322096E+01 4.36497711054898013E-02 2.47007379784667169E-03 2.44336327209764059E-01
1.30443742E+01 4.35945896554765025E-02 2.46637749491819070E-03 2.44205237888820842E-01
1.30565636E+01 4.35394010496922487E-02 2.46271010065518981E-03 2.44075601614406779E-01
1.30687762E+01 4.34842116521806168E-02 2.45907135667569089E-03 2.43947508955789122E-01
1.30810107E+01 4.34290273621072906E-02 2.45546119077946160E-03 2.43821044423259026E-01
1.30932656E+01 4.33738531841877453E-02 2.45187932393598797E-03 2.43696292536286524E-01
1.31055396E+01 4.33186952316040597E-02 2.44832546511860715E-03 2.43573344055728558E-01
1.31178305E+01 4.32635616311373913E-02 2.44479941152029364E-03 2.43452287059382017E-01
1.31301375E+01 4.32084561418609320E-02 2.44130059985388833E-03 2.43333194876582531E-01
1.31424594E+01 4.31533821690226541E-02 2.43782837448841896E-03 2.43216141027668892E-01
1.31547956E+01 4.30983425636950537E-02 2.43438184213502209E-03 2.43101191245768344E-01
1.31671450E+01 4.30433397051750155E-02 2.43096002982915111E-03 2.42988411305523455E-01
1.31795072E+01 4.29883756853396554E-02 2.42756218020815555E-03 2.42877861396510575E-01
1.31918816E+01 4.29334520346381365E-02 2.42418762176666502E-03 2.42769600780287836E-01
1.32042677E+01 4.28785693829835113E-02 2.42083535874284368E-03 2.42663678976583169E-01
1.32166654E+01 4.28237279854868091E-02 2.41750460013637723E-03 2.42560147940224846E-01
1.32290746E+01 4.27689275801044141E-02 2.41419472493072671E-03 2.42459046896581765E-01
1.32414954E+01 4.27141670634018783E-02 2.41090475898210000E-03 2.42360411456165270E-01
1.32539281E+01 4.26594447818401251E-02 2.40763388873776801E-03 2.42264290504503849E-01
1.32663729E+01 4.26047584091187870E-02 2.40438128954648025E-03 2.42170696067225522E-01
1.32788305E+01 4.25501051986929488E-02 2.40114604955067807E-03 2.42079670581956813E-01
1.32913015E+01 4.24954818898883729E-02 2.39792716510247444E-03 2.41991229607410485E-01
1.33037854E+01 4.24408897294371867E-02 2.39472365714545879E-03 2.41905408080752449E-01
1.33162808E+01 4.23863341829240903E-02 2.39153485165171861E-03 2.41822237929902567E-01
1.33287884E+01 4.23318123087754808E-02 2.38835976708300394E-03 2.41741730815847961E-01
1.33413087E+01 4.22773208377835927E-02 2.38519755927431775E-03 2.41663894235352256E-01
1.33538427E+01 4.22228561326686985E-02 2.38204738831602906E-03 2.41588737564211647E-01
1.33663911E+01 4.21684142377064738E-02 2.37890832550473547E-03 2.41516270027325036E-01
1.33789545E+01 4.21139930715173777E-02 2.37577956041552059E-03 2.41446492727663581E-01
1.33915301E+01 4.20596041818022334E-02 2.37266107012400109E-03 2.41379427257803369E-01
1.34041187E+01 4.20052437209224236E-02 2.36955182152514144E-03 2.41315066558899755E-01
1.34167213E+01 4.19509076342309828E-02 2.36645080209398756E-03 2.41253410148453584E-01
1.34293388E+01 4.18965918440511106E-02 2.36335721243454344E-03 2.41194445084570719E-01
1.34419723E+01 4.18422920379502225E-02 2.36027016328356010E-03 2.41138165803600507E-01
1.34546212E+01 4.17880107123091635E-02 2.35718914072837512E-03 2.41084574978583377E-01
1.34672835E+01 4.17337559402368441E-02 2.35411350970243663E-03 2.41033669211675211E-01
1.34799603E+01 4.16795231328144777E-02 2.35104199717541418E-03 2.40985421051535170E-01
1.34926525E+01 4.16253075011834908E-02 2.34797314645444552E-03 2.40939825030171861E-01
1.35053612E+01 4.15711050024387338E-02 2.34490631621120122E-03 2.40896858426722454E-01
1.35180875E+01 4.15169120037568798E-02 2.34184117959027136E-03 2.40856502052636839E-01
1.35308289E+01 4.14627398043856260E-02 2.33877823938133866E-03 2.40818752876404613E-01
1.35435852E+01 4.14085895865408671E-02 2.33571680105648877E-03 2.40783582689659548E-01
1.35563574E+01 4.13544564463585382E-02 2.33265522794353763E-03 2.40750983065782076E-01
1.35691467E+01 4.13003359112586871E-02 2.32959225712154336E-03 2.40720914586613904E-01
1.35819540E+01 4.12462240528274279E-02 2.32652700836633378E-03 2.40693378150499848E-01
1.35947800E+01 4.11921189911913094E-02 2.32345897736091229E-03 2.40668323351776486E-01
1.36076213E+01 4.11380356361228730E-02 2.32038857948743509E-03 2.40645748831518597E-01
1.36204789E+01 4.10839698814859655E-02 2.31731471124946775E-03 2.40625629258274326E-01
1.36333539E+01 4.10299177334059392E-02 2.31423623703330434E-03 2.40607939782903651E-01
1.36462472E+01 4.09758755509553943E-02 2.31115218376240711E-03 2.40592645927756921E-01
1.36591598E+01 4.09218399683073733E-02 2.30806157827282950E-03 2.40579713844051496E-01
1.36720916E+01 4.08678119289989164E-02 2.30496383625414117E-03 2.40575974325663328E-01
1.36850399E+01 4.08138028857172458E-02 2.30185903113689369E-03 2.40551454160329664E-01
1.36980057E+01 4.07598095140022723E-02 2.29874636327554544E-03 2.40551227429025516E-01
1.37109898E+01 4.07058287476158714E-02 2.29562496948022441E-03 2.40551266593041851E-01
1.37239931E+01 4.06518577165088310E-02 2.29249376912020377E-03 2.40551014677366309E-01
1.37370162E+01 4.05978944603097303E-02 2.28935212838467629E-03 2.40550618980044734E-01
1.37500596E+01 4.05439377791358482E-02 2.28619978224682639E-03 2.40550794349875918E-01
1.37631212E+01 4.04899983676510061E-02 2.28303719422571876E-03 2.40561348156530158E-01
1.37762008E+01 4.04360772621264325E-02 2.27986395212707730E-03 2.40561892711059711E-01
1.37892990E+01 4.03821724316244662E-02 2.27667921757908516E-03 2.40580864679464823E-01
1.38023988E+01 4.03283546263659767E-02 2.27348676116058499E-03 2.40581546831992760E-01
1.38154932E+01 4.02746529905800357E-02 2.27028826611030791E-03 2.40607693456776073E-01
1.38285828E+01 4.02210654799159961E-02 2.26708341864337260E-03 2.40609086441912701E-01
1.38416686E+01 4.01675886762051584E-02 2.26387168371035502E-03 2.40644025864970967E-01
1.38547514E+01 4.01142191944915405E-02 2.26065265365777649E-03 2.40645608981206433E-01
1.38678322E+01 4.00609538748277552E-02 2.25742628439596369E-03 2.40687062189125445E-01
1.38809120E+01 4.00077891763649593E-02 2.25419228045047829E-03 2.40697767326448625E-01
1.38939918E+01 3.99547214174042972E-02 2.25095025240072341E-03 2.40728946660990373E-01
1.39070726E+01 3.99017469193058902E-02 2.24769995658578078E-03 2.40754828323552855E-01
1.39201554E+01 3.98488620752997999E-02 2.24444132556727910E-03 2.40785555713970867E-01
1.39332414E+01 3.97960631852885965E-02 2.24117432041758902E-03 2.40817194233920867E-01
1.39463315E+01 3.97433463704660594E-02 2.23789881696592145E-03 2.40851145947591022E-01
1.39594258E+01 3.96907124427390012E-02 2.23461501248144959E-03 2.40886928299357289E-01
1.39725225E+01 3.96381690497552563E-02 2.23132385813701924E-03 2.40924696186081255E-01
1.39856220E+01 3.95857152059699985E-02 2.22802572521549726E-03 2.40964408564036947E-01
1.39987255E+01 3.95333466646116752E-02 2.22472052769023777E-03 2.41006081186223131E-01
1.40118340E+01 3.94810589440006202E-02 2.22140803245030657E-03 2.41049715822600541E-01
1.40249484E+01 3.94288493024981396E-02 2.21808845970360895E-03 2.41095319114766699E-01
1.40380699E+01 3.93767140021154885E-02 2.21476236400306890E-03 2.41142907925145200E-01
1.40511997E+01 3.93246488456896193E-02 2.21143008930777072E-03 2.41192506452862832E-01
1.40643387E+01 3.92726508930528254E-02 2.20809182260569767E-03 2.41244127902911637E-01
1.40774880E+01 3.92207156450499958E-02 2.20474773915039883E-03 2.41297788827709886E-01
1.40906490E+01 3.91688386016863024E-02 2.20139816022670628E-03 2.41353512078396365E-01
1.41038228E+01 3.91170154021671518E-02 2.19804350963546773E-03 2.41411324221975920E-01
1.41170110E+01 3.90652415662136529E-02 2.19468413270051130E-03 2.41471258242063919E-01
1.41302146E+01 3.90135126913059016E-02 2.19132048664871532E-03 2.41533342730299139E-01
1.41434351E+01 3.89618242057563277E-02 2.18795295647605456E-03 2.41597609776013966E-01
1.41566635E+01 3.89102113190442009E-02 2.18458435305670393E-03 2.41664045096044555E-01
1.41698937E+01 3.88586977439690298E-02 2.18121682175997835E-03 2.41732646600989726E-01
1.41831273E+01 3.88072783265979021E-02 2.17785068796460439E-03 2.41803449566641404E-01
1.41963655E+01 3.87559473711212091E-02 2.17448592430509024E-03 2.41876491138689587E-01
1.42096098E+01 3.87046986479945357E-02 2.17112206053746365E-03 2.41951804622051014E-01
1.42228616E+01 3.86535261162977498E-02 2.16775879151856910E-03 2.42029447605159653E-01
1.42361163E+01 3.86024476311646950E-02 2.16439769669295439E-03 2.42109422884943276E-01
1.42493694E+01 3.85514807602937090E-02 2.16104069888029904E-03 2.42191729235009923E-01
1.42626223E+01 3.85006197765532035E-02 2.15768814299780896E-03 2.42276411666174363E-01
1.42758631E+01 3.84499108938219231E-02 2.15434374787571575E-03 2.42363442318036221E-01
1.42890904E+01 3.83993580684879876E-02 2.15100819504113324E-03 2.42452840643645806E-01
1.43023008E+01 3.83489745246337332E-02 2.14768282647797041E-03 2.42544604202605651E-01
1.43154914E+01 3.82987703559229398E-02 2.14436903649373178E-03 2.42638744698004699E-01
1.43286649E+01 3.82487359375939875E-02 2.14106699380820159E-03 2.42735322253780333E-01
1.43418195E+01 3.81988766093974558E-02 2.13777747116580949E-03 2.42834355867437207E-01
1.43549560E+01 3.81491891105551276E-02 2.13450034140366847E-03 2.42935888010741952E-01
1.43680767E+01 3.80996631628336274E-02 2.13123504760959117E-03 2.43039976265492730E-01
1.43811825E+01 3.80502951765335773E-02 2.12798170615745340E-03 2.43146659625022465E-01
1.43942761E+01 3.80010746044320141E-02 2.12474021965130405E-03 2.43255992853322417E-01
1.44073602E+01 3.79519906791169204E-02 2.12151046928085209E-03 2.43368038878897519E-01
1.44204377E+01 3.79030319552078887E-02 2.11829192181628087E-03 2.43482876009407323E-01
1.44335117E+01 3.78541867109873850E-02 2.11508393299977577E-03 2.43600567661281742E-01
1.44465851E+01 3.78054433051427732E-02 2.11188604766100740E-03 2.43721164981799243E-01
1.44596610E+01 3.77567900372884416E-02 2.10869793536868494E-03 2.43844722937463620E-01
1.44727425E+01 3.77082156781355787E-02 2.10551939567822470E-03 2.43971298502300343E-01
1.44858284E+01 3.76597242115434827E-02 2.10235102467289017E-03 2.44100890425295314E-01
1.44989140E+01 3.76113326679016410E-02 2.09919398808571835E-03 2.44233443164171282E-01
1.45119959E+01 3.75630527620803914E-02 2.09604911500595875E-03 2.44368893120874842E-01
1.45250708E+01 3.75148962180453932E-02 2.09291733727646600E-03 2.44507150802017043E-01
1.45381209E+01 3.74669280483959019E-02 2.08980323500025005E-03 2.44647961730808661E-01
1.45511440E+01 3.74191555130408554E-02 2.08670759909899669E-03 2.44791252449450825E-01
1.45641389E+01 3.73715810661738312E-02 2.08363060480430294E-03 2.44936993004358811E-01
1.45771078E+01 3.73241964257773201E-02 2.08057182406593769E-03 2.45085214254338463E-01
1.45900513E+01 3.72769983040884753E-02 2.07753115138926579E-03 2.45235984899100395E-01
1.46029696E+01 3.72299842953325785E-02 2.07450838343313038E-03 2.45389407044461355E-01
1.46158649E+01 3.71831458916958152E-02 2.07150299284277221E-03 2.45545619044332447E-01
1.46287393E+01 3.71364737173336262E-02 2.06851435553152179E-03 2.45704767129668156E-01
1.46415956E+01 3.70899572449669701E-02 2.06554192576338582E-03 2.45866987258966024E-01
1.46544367E+01 3.70435850188452001E-02 2.06258541589230500E-03 2.46032390767152997E-01
1.46672643E+01 3.69973507497300055E-02 2.05964493650110780E-03 2.46201063257755343E-01
1.46800807E+01 3.69512457511861972E-02 2.05672041179229010E-03 2.46373086690512916E-01
1.46928894E+01 3.69052566252843356E-02 2.05381139695656875E-03 2.46548563299238244E-01
1.47056944E+01 3.68593692112649945E-02 2.05091728596977062E-03 2.46727581051801675E-01
1.47184980E+01 3.68135741448374909E-02 2.04803787124133684E-03 2.46910200936905522E-01
1.47312920E+01 3.67679011245214959E-02 2.04517553496842957E-03 2.47096318485246269E-01
1.47440713E+01 3.67223679360791921E-02 2.04233189215948397E-03 2.47285874058333188E-01
1.47568353E+01 3.66769754123904695E-02 2.03950735238227947E-03 2.47478875130619697E-01
1.47695882E+01 3.66317077409776259E-02 2.03670106821273941E-03 2.47675407184139107E-01
1.47823345E+01 3.65865487137384399E-02 2.03391229598646204E-03 2.47875544088207000E-01
1.47950786E+01 3.65414818290817137E-02 2.03114051455127514E-03 2.48079371685762190E-01
1.48078253E+01 3.64964902473868258E-02 2.02838536489553843E-03 2.48286990195973195E-01
1.48205795E+01 3.64515565642062750E-02 2.02564647452829890E-03 2.48498510407809015E-01
1.48333464E+01 3.64066626162460397E-02 2.02292335317777201E-03 2.48714047988425058E-01
1.48461313E+01 3.63617892485291055E-02 2.02021526793047437E-03 2.48933714676305012E-01
1.48589399E+01 3.63169163575199974E-02 2.01752133702127676E-03 2.49157617891085148E-01
1.48717750E+01 3.62720336793220938E-02 2.01484116396311377E-03 2.49385809958008076E-01
1.48845851E+01 3.62273209048235081E-02 2.01218575267650239E-03 2.49617338702928210E-01
1.48973592E+01 3.61828147751409035E-02 2.00955757096361919E-03 2.49851937764784121E-01
1.49101007E+01 3.61385027087691296E-02 2.00695604750706757E-03 2.50089574733070197E-01
1.49228128E+01 3.60943719313939412E-02 2.00438068056784692E-03 2.50330205978135933E-01
1.49354989E+01 3.60504094680793100E-02 2.00183105100908316E-03 2.50573794936891248E-01
1.49481627E+01 3.60066016801572561E-02 1.99930641333593683E-03 2.50820310889997400E-01
1.49608078E+01 3.59629341845214834E-02 1.99680537838036300E-03 2.51069722105212223E-01
1.49734378E+01 3.59193933147875094E-02 1.99432741226821366E-03 2.51322008436083988E-01
1.49860571E+01 3.58759638898853497E-02 1.99187220552861800E-03 2.51577161109284242E-01
1.49930285E+01 3.58520010759964189E-02 1.99052380999539076E-03 2.51720055635030249E-01
1.50000000E+01 3.58280600964231491E-02 1.98918171782073777E-03 2.51863438132004180E-01
