#  time, MeanKE MeanKEDR MeanP
0 1.24981176168718400E-01 4.68679415829478764E-04 3.58063961072883229E-18
7.36310778E-03 1.24977302098136109E-01 4.68667534327232339E-04 2.39947361291733250E-05
1.47275078E-02 1.24973709073554942E-01 4.68662000746281190E-04 3.22624650719837423E-05
2.20921335E-02 1.24970209550221575E-01 4.68662111650738357E-04 3.60421447343700762E-05
2.94570413E-02 1.24966740767433832E-01 4.68667631887006563E-04 3.55577955330721351E-05
3.68222922E-02 1.24963281758651276E-01 4.68678483471997125E-04 3.07366961117352627E-05
4.41879490E-02 1.24959825489335458E-01 4.68694641116276518E-04 2.16055870437204760E-05
5.15540748E-02 1.24956369568947262E-01 4.68716097389318929E-04 8.09774273750067939E-06
5.89206239E-02 1.24952913205880312E-01 4.68742850672639662E-04 -9.75308855168914381E-06
6.62874366E-02 1.24949456178136492E-01 4.68774900871399215E-04 -3.19461321509814577E-05
7.36545763E-02 1.24945998330926303E-01 4.68812249546061044E-04 -5.84811025036135798E-05
8.10221062E-02 1.24942539566761199E-01 4.68854898911878412E-04 -8.93546214328696121E-05
8.83900897E-02 1.24939079807242295E-01 4.68902851695133681E-04 -1.24562780349739001E-04
9.57585898E-02 1.24935618980324348E-01 4.68956111084932784E-04 -1.64101249349788504E-04
1.03127670E-01 1.24932157016074352E-01 4.69014680716719828E-04 -2.07965384334203167E-04
1.10497392E-01 1.24928693845259384E-01 4.69078564666364174E-04 -2.56150264107928634E-04
1.17867819E-01 1.24925229398876153E-01 4.69147767447746248E-04 -3.08650698287782138E-04
1.25239015E-01 1.24921763607994354E-01 4.69222294011505505E-04 -3.65461227156491618E-04
1.32611040E-01 1.24918296403712367E-01 4.69302149744090121E-04 -4.26576120800115696E-04
1.39983958E-01 1.24914827717130736E-01 4.69387340466934089E-04 -4.91989375936333030E-04
1.47357830E-01 1.24911357479360149E-01 4.69477872435669923E-04 -5.61694714027235835E-04
1.54732718E-01 1.24907885621512879E-01 4.69573752339247580E-04 -6.35685577868583913E-04
1.62108395E-01 1.24904412210679688E-01 4.69674983231807227E-04 -7.13953590314920020E-04
1.69484886E-01 1.24900937195001560E-01 4.69781571507382441E-04 -7.96489571663816813E-04
1.76862254E-01 1.24897460505323882E-01 4.69893524457062884E-04 -8.83285374441480030E-04
1.84240559E-01 1.24893982072497758E-01 4.70010849803498330E-04 -9.74311103546550406E-04
1.91619863E-01 1.24890501827371131E-01 4.70133555699969513E-04 -1.06962730938951560E-03
1.99000228E-01 1.24887019700799698E-01 4.70261650729327332E-04 -1.16914613172433525E-03
2.06381715E-01 1.24883535623640671E-01 4.70395143902965632E-04 -1.27289571429261704E-03
2.13764383E-01 1.24880049526757547E-01 4.70534044659728869E-04 -1.38086110400028900E-03
2.21148294E-01 1.24876561341021139E-01 4.70678362864815651E-04 -1.49303244695797501E-03
2.28533508E-01 1.24873070997310515E-01 4.70828108808580593E-04 -1.60939970390094715E-03
2.35920083E-01 1.24869578426511224E-01 4.70983293205380453E-04 -1.72995253006555036E-03
2.43308080E-01 1.24866083559527580E-01 4.71143927192343884E-04 -1.85468026357002457E-03
2.50697557E-01 1.24862586327271582E-01 4.71310022328086495E-04 -1.98357192333430002E-03
2.58088526E-01 1.24859086682688983E-01 4.71481589495109567E-04 -2.11661578434593160E-03
2.65480780E-01 1.24855584682704079E-01 4.71658634523706381E-04 -2.25379727052306758E-03
2.72874378E-01 1.24852080257776554E-01 4.71841169574113782E-04 -2.39510159860757818E-03
2.80269379E-01 1.24848573338396274E-01 4.72029207225770834E-04 -2.54051597277533308E-03
2.87665842E-01 1.24845063855060959E-01 4.72222760475910928E-04 -2.69002726745532503E-03
2.95063824E-01 1.24841551738288314E-01 4.72421842738114260E-04 -2.84362201353101926E-03
3.02463384E-01 1.24838036918607967E-01 4.72626467840869097E-04 -3.00128639531216075E-03
3.09864578E-01 1.24834519326563045E-01 4.72836650026036331E-04 -3.16300624415848022E-03
3.17267463E-01 1.24830998892715039E-01 4.73052403947351219E-04 -3.32876703398597663E-03
3.24672097E-01 1.24827475547644923E-01 4.73273744668807161E-04 -3.49855387731301277E-03
3.32078534E-01 1.24823949221948699E-01 4.73500687663101446E-04 -3.67235151583904934E-03
3.39486831E-01 1.24820419846247879E-01 4.73733248809959722E-04 -3.85014431889180771E-03
3.46897042E-01 1.24816887351183750E-01 4.73971444394481831E-04 -4.03191627455528560E-03
3.54309221E-01 1.24813351667422481E-01 4.74215291105418361E-04 -4.21765098369796410E-03
3.61723424E-01 1.24809812725651170E-01 4.74464806033470779E-04 -4.40733165546264554E-03
3.69139452E-01 1.24806270576276121E-01 4.74719997953382061E-04 -4.60093782303900006E-03
3.76557318E-01 1.24802725169603335E-01 4.74980882744640794E-04 -4.79844783392001459E-03
3.83977077E-01 1.24799176435702402E-01 4.75247478101186881E-04 -4.99984273615388351E-03
3.91398783E-01 1.24795624304674585E-01 4.75519802115876309E-04 -5.20510372105872834E-03
3.98822488E-01 1.24792068706644582E-01 4.75797873278643868E-04 -5.41421155991189933E-03
4.06248247E-01 1.24788509571758688E-01 4.76081710474587254E-04 -5.62714660331334500E-03
4.13676110E-01 1.24784946830192658E-01 4.76371332982038762E-04 -5.84388877137293188E-03
4.21106130E-01 1.24781380412148341E-01 4.76666760470615672E-04 -6.06441754808714675E-03
4.28538358E-01 1.24777810247849924E-01 4.76968012999196206E-04 -6.28871197414566756E-03
4.35972844E-01 1.24774236267556279E-01 4.77275111013895166E-04 -6.51675064098326384E-03
4.43409639E-01 1.24770658401548565E-01 4.77588075346026221E-04 -6.74851168011297940E-03
4.50848791E-01 1.24767076580145672E-01 4.77906927209967823E-04 -6.98397276085054725E-03
4.58290350E-01 1.24763490733695623E-01 4.78231688201057850E-04 -7.22311107698988403E-03
4.65734364E-01 1.24759900792577663E-01 4.78562380293435987E-04 -7.46590334515340702E-03
4.73180880E-01 1.24756306687205581E-01 4.78899025837827344E-04 -7.71232579292315066E-03
4.80629777E-01 1.24752708429051520E-01 4.79241639780925870E-04 -7.96235133330718686E-03
4.88081006E-01 1.24749105995040105E-01 4.79590240309854326E-04 -8.21595060778609367E-03
4.95534615E-01 1.24745499314791800E-01 4.79944850385372903E-04 -8.47309643106750922E-03
5.02990651E-01 1.24741888317964816E-01 4.80305493341302153E-04 -8.73376273314671256E-03
5.10449161E-01 1.24738272934257433E-01 4.80672192882235488E-04 -8.99792292982763697E-03
5.17910191E-01 1.24734653093399539E-01 4.81044973081181521E-04 -9.26554991444490834E-03
5.25373786E-01 1.24731028725156498E-01 4.81423858377206366E-04 -9.53661604673811635E-03
5.32839991E-01 1.24727399759325785E-01 4.81808873573052619E-04 -9.81109315026418294E-03
5.40308851E-01 1.24723766125741084E-01 4.82200043832674210E-04 -1.00889524979182119E-02
5.47780408E-01 1.24720127754276822E-01 4.82597394678792172E-04 -1.03701648109440162E-02
5.55254705E-01 1.24716484574839748E-01 4.83000951990394587E-04 -1.06547002453025799E-02
5.62731784E-01 1.24712836517376927E-01 4.83410742000214561E-04 -1.09425283855986103E-02
5.70211685E-01 1.24709183511874627E-01 4.83826791292165715E-04 -1.12336182379628290E-02
5.77694451E-01 1.24705525488359628E-01 4.84249126798764486E-04 -1.15279382190985828E-02
5.85180119E-01 1.24701862376899841E-01 4.84677775798504683E-04 -1.18254561505406388E-02
5.92668730E-01 1.24698194107603785E-01 4.85112765913222168E-04 -1.21261392492360218E-02
6.00160321E-01 1.24694520610624346E-01 4.85554125105403108E-04 -1.24299541195339400E-02
6.07654743E-01 1.24690841907639197E-01 4.86001870467259970E-04 -1.27368629248455559E-02
6.15151995E-01 1.24687157947983907E-01 4.86456027831422570E-04 -1.30468262850342246E-02
6.22652116E-01 1.24683468660847813E-01 4.86916625781163323E-04 -1.33598079412570701E-02
6.30155143E-01 1.24679773975472766E-01 4.87383693236292622E-04 -1.36757718389283484E-02
6.37661115E-01 1.24676073821140737E-01 4.87857259450386429E-04 -1.39946812855010830E-02
6.45170066E-01 1.24672368127174610E-01 4.88337354008005239E-04 -1.43164989320827205E-02
6.52682034E-01 1.24668656822944535E-01 4.88824006821807558E-04 -1.46411867815926279E-02
6.60197052E-01 1.24664939837861394E-01 4.89317248129737641E-04 -1.49687061615545874E-02
6.67715156E-01 1.24661217101380367E-01 4.89817108492083728E-04 -1.52990177344706334E-02
6.75236378E-01 1.24657488543002695E-01 4.90323618788568102E-04 -1.56320814760120864E-02
6.82760751E-01 1.24653754092272057E-01 4.90836810215386238E-04 -1.59678566765776020E-02
6.90288306E-01 1.24650013678780466E-01 4.91356714282208985E-04 -1.63063019279247566E-02
6.97819075E-01 1.24646267232163488E-01 4.91883362809180844E-04 -1.66473751190288448E-02
7.05353088E-01 1.24642514682109865E-01 4.92416787923861867E-04 -1.69910334242344210E-02
7.12890374E-01 1.24638755958352734E-01 4.92957022058172268E-04 -1.73372333045134358E-02
7.20430960E-01 1.24634990990672115E-01 4.93504097945259078E-04 -1.76859304889150776E-02
7.27974876E-01 1.24631219708902341E-01 4.94058048616408769E-04 -1.80370799751620702E-02
7.35522147E-01 1.24627442042923753E-01 4.94618907397853524E-04 -1.83906360219459851E-02
7.43072799E-01 1.24623657922668593E-01 4.95186707907605147E-04 -1.87465521372229306E-02
7.50626857E-01 1.24619867278121702E-01 4.95761484052230535E-04 -1.91047810788453030E-02
7.58184181E-01 1.24616070122634828E-01 4.96343257189876819E-04 -1.94652708818569206E-02
7.65744787E-01 1.24612266389416623E-01 4.96932060909122423E-04 -1.98279686229965307E-02
7.73308701E-01 1.24608456007332696E-01 4.97527929750688543E-04 -2.01928245633672086E-02
7.80875948E-01 1.24604638905299922E-01 4.98130898539001074E-04 -2.05597884075144101E-02
7.88446552E-01 1.24600815012296209E-01 4.98741002378818524E-04 -2.09288090915975521E-02
7.96020536E-01 1.24596984257344556E-01 4.99358276651960874E-04 -2.12998347656237381E-02
8.03597922E-01 1.24593146569521876E-01 4.99982757013918183E-04 -2.16728127999009298E-02
8.11178732E-01 1.24589301877957040E-01 5.00614479390437748E-04 -2.20476897696954555E-02
8.18762985E-01 1.24585450111833404E-01 5.01253479974107558E-04 -2.24244114590529710E-02
8.26350702E-01 1.24581591200386935E-01 5.01899795220898991E-04 -2.28029228478040108E-02
8.33941901E-01 1.24577725072906195E-01 5.02553461846697047E-04 -2.31831681164273336E-02
8.41536601E-01 1.24573851658737481E-01 5.03214516823771480E-04 -2.35650906318761420E-02
8.49134817E-01 1.24569970887278919E-01 5.03882997377258350E-04 -2.39486329553685942E-02
8.56736566E-01 1.24566082687986482E-01 5.04558940981592670E-04 -2.43337368247589711E-02
8.64341864E-01 1.24562186990372054E-01 5.05242385356908315E-04 -2.47203431661276590E-02
8.71950724E-01 1.24558283724004806E-01 5.05933368465448985E-04 -2.51083920797749716E-02
8.79563160E-01 1.24554372818509965E-01 5.06631928507915636E-04 -2.54978228426288103E-02
8.87179184E-01 1.24550454203571553E-01 5.07338103919795593E-04 -2.58885739068638009E-02
8.94798808E-01 1.24546527808929469E-01 5.08051933367683955E-04 -2.62805828954556404E-02
9.02422043E-01 1.24542593564386156E-01 5.08773455745568579E-04 -2.66737866001409141E-02
9.10048899E-01 1.24538651399800221E-01 5.09502710171073968E-04 -2.70681209867827642E-02
9.17679384E-01 1.24534701245091195E-01 5.10239735981727715E-04 -2.74635211864002853E-02
9.25313506E-01 1.24530743030238727E-01 5.10984572731142052E-04 -2.78599215008449967E-02
9.32951274E-01 1.24526776685280671E-01 5.11737260185218487E-04 -2.82572553996023462E-02
9.40592692E-01 1.24522802140319258E-01 5.12497838318305612E-04 -2.86554555247337597E-02
9.48237767E-01 1.24518819325514535E-01 5.13266347309356582E-04 -2.90544536861774769E-02
9.55886502E-01 1.24514828171088818E-01 5.14042827538016447E-04 -2.94541808709131887E-02
9.63538902E-01 1.24510828607327609E-01 5.14827319580757402E-04 -2.98545672361342287E-02
9.71194932E-01 1.24506820583920111E-01 5.15619860366098933E-04 -3.02555411522300449E-02
9.78854542E-01 1.24502804058728517E-01 5.16420485262679614E-04 -3.06570288091022186E-02
9.86517736E-01 1.24498778960793477E-01 5.17229235477575824E-04 -3.10589566264044097E-02
9.94184518E-01 1.24494745219220382E-01 5.18046152407876338E-04 -3.14612516575983603E-02
1.00185489E+00 1.24490702763180514E-01 5.18871277636677279E-04 -3.18638401528397314E-02
1.00952885E+00 1.24486651521913086E-01 5.19704652929007149E-04 -3.22666475704690772E-02
1.01720640E+00 1.24482591424718902E-01 5.20546320227779067E-04 -3.26695985757056231E-02
1.02488755E+00 1.24478522400963978E-01 5.21396321649663643E-04 -3.30726170473565617E-02
1.03257228E+00 1.24474444380081664E-01 5.22254699480990915E-04 -3.34756260910467202E-02
1.04026060E+00 1.24470357291568384E-01 5.23121496173582887E-04 -3.38785480373496595E-02
1.04795251E+00 1.24466261064985290E-01 5.23996754340580765E-04 -3.42813044591105814E-02
1.05564800E+00 1.24462155629962726E-01 5.24880516752273488E-04 -3.46838161718596300E-02
1.06334706E+00 1.24458040916195278E-01 5.25772826331881589E-04 -3.50860032520028051E-02
1.07104970E+00 1.24453916853443244E-01 5.26673726151314389E-04 -3.54877850377662632E-02
1.07875590E+00 1.24449783371536282E-01 5.27583259426947135E-04 -3.58890801481874036E-02
1.08646565E+00 1.24445640400368332E-01 5.28501469515326263E-04 -3.62898064868333106E-02
1.09417895E+00 1.24441487869898962E-01 5.29428399908913141E-04 -3.66898812605439550E-02
1.10189580E+00 1.24437325710159211E-01 5.30364094231765694E-04 -3.70892209905614723E-02
1.10961617E+00 1.24433153851243608E-01 5.31308596235221435E-04 -3.74877415205513084E-02
1.11734006E+00 1.24428972223315393E-01 5.32261949793564997E-04 -3.78853580409189220E-02
1.12506746E+00 1.24424780756602432E-01 5.33224198899692075E-04 -3.82819850922429955E-02
1.13279835E+00 1.24420579381405272E-01 5.34195387660727850E-04 -3.86775365907325655E-02
1.14053272E+00 1.24416368028085825E-01 5.35175560293653851E-04 -3.90719258412096163E-02
1.14827056E+00 1.24412146627075601E-01 5.36164761120922688E-04 -3.94650655504224374E-02
1.15601185E+00 1.24407915108871198E-01 5.37163034566067246E-04 -3.98568678495108478E-02
1.16375658E+00 1.24403673404039045E-01 5.38170425149257846E-04 -4.02472443148019152E-02
1.17150473E+00 1.24399421443208119E-01 5.39186977482911220E-04 -4.06361059782609502E-02
1.17925628E+00 1.24395159157077315E-01 5.40212736267233471E-04 -4.10233633575386586E-02
1.18701121E+00 1.24390886476406920E-01 5.41247746285795982E-04 -4.14089264700105569E-02
1.19476951E+00 1.24386603332028528E-01 5.42292052401074898E-04 -4.17927048596288611E-02
1.20253116E+00 1.24382309654831241E-01 5.43345699550002760E-04 -4.21746076148643637E-02
1.21029613E+00 1.24378005375775966E-01 5.44408732739506355E-04 -4.25545433936260348E-02
1.21806440E+00 1.24373690425882116E-01 5.45481197042044902E-04 -4.29324204500291587E-02
1.22583595E+00 1.24369364736236124E-01 5.46563137591133492E-04 -4.33081466541600929E-02
1.23361077E+00 1.24365028237985328E-01 5.47654599576882350E-04 -4.36816295211267178E-02
1.24138881E+00 1.24360680862338605E-01 5.48755628241538382E-04 -4.40527762361675040E-02
1.24917007E+00 1.24356322540567221E-01 5.49866268874979773E-04 -4.44214936822135559E-02
1.25695451E+00 1.24351953204004148E-01 5.50986566810277045E-04 -4.47876884670614789E-02
1.26474212E+00 1.24347572784037907E-01 5.52116567419223435E-04 -4.51512669524289645E-02
1.27253285E+00 1.24343181212119153E-01 5.53256316107873835E-04 -4.55121352821398206E-02
1.28032669E+00 1.24338778419753979E-01 5.54405858312085578E-04 -4.58701994134585178E-02
1.28812361E+00 1.24334364338507003E-01 5.55565239493074404E-04 -4.62253651474188385E-02
1.29592358E+00 1.24329938899995551E-01 5.56734505132975297E-04 -4.65775381585761261E-02
1.30372657E+00 1.24325502035891322E-01 5.57913700730422739E-04 -4.69266240320877145E-02
1.31153255E+00 1.24321053677920235E-01 5.59102871796128683E-04 -4.72725282880515074E-02
1.31934149E+00 1.24316593757856308E-01 5.60302063848474837E-04 -4.76151564238823932E-02
1.32715335E+00 1.24312122207526424E-01 5.61511322409152542E-04 -4.79544139416299073E-02
1.33496811E+00 1.24307638958803812E-01 5.62730692998754303E-04 -4.82902063876929841E-02
1.34278574E+00 1.24303143943607405E-01 5.63960221132463213E-04 -4.86224393837450392E-02
1.35060619E+00 1.24298637093901973E-01 5.65199952315699992E-04 -4.89510186670613495E-02
1.35842944E+00 1.24294118341691753E-01 5.66449932039835512E-04 -4.92758501215499536E-02
1.36625546E+00 1.24289587619024589E-01 5.67710205777886183E-04 -4.95968398214574266E-02
1.37408420E+00 1.24285044857985111E-01 5.68980818980284811E-04 -4.99138940638707632E-02
1.38191563E+00 1.24280489990695894E-01 5.70261817070637786E-04 -5.02269194087303431E-02
1.38974972E+00 1.24275922949310891E-01 5.71553245441545595E-04 -5.05358227154983145E-02
1.39758643E+00 1.24271343666018191E-01 5.72855149450431133E-04 -5.08405111878559857E-02
1.40542572E+00 1.24266752073032088E-01 5.74167574415421905E-04 -5.11408924048879707E-02
1.41326755E+00 1.24262148102594713E-01 5.75490565611249684E-04 -5.14368743671919926E-02
1.42111189E+00 1.24257531686971193E-01 5.76824168265232238E-04 -5.17283655379320861E-02
1.42895870E+00 1.24252902758447054E-01 5.78168427553228496E-04 -5.20152748730999953E-02
1.43680793E+00 1.24248261249324740E-01 5.79523388595717319E-04 -5.22975118789862845E-02
1.44465955E+00 1.24243607091924196E-01 5.80889096453857069E-04 -5.25749866372144450E-02
1.45251352E+00 1.24238940218571986E-01 5.82265596125651009E-04 -5.28476098587798773E-02
1.46036980E+00 1.24234260561607066E-01 5.83652932542105319E-04 -5.31152929164453516E-02
1.46822834E+00 1.24229568053366463E-01 5.85051150563507686E-04 -5.33779478908805588E-02
1.47608911E+00 1.24224862626194199E-01 5.86460294975708050E-04 -5.36354876134602504E-02
1.48395206E+00 1.24220144212426678E-01 5.87880410486504097E-04 -5.38878257062497465E-02
1.49181715E+00 1.24215412744393183E-01 5.89311541722068052E-04 -5.41348993925817729E-02
1.49968434E+00 1.24210668154413673E-01 5.90753733223418139E-04 -5.43765511358400011E-02
1.50755359E+00 1.24205910374789411E-01 5.92207029443024926E-04 -5.46127805699299571E-02
1.51542484E+00 1.24201139342756645E-01 5.93671473217569122E-04 -5.48434656223054859E-02
1.52329800E+00 1.24196355023056801E-01 5.95147098746352647E-04 -5.50685293076797130E-02
1.53117301E+00 1.24191557348540205E-01 5.96633949835410687E-04 -5.52878904187755482E-02
1.53904985E+00 1.24186746251999894E-01 5.98132070195061052E-04 -5.55014694104698295E-02
1.54692846E+00 1.24181921666160669E-01 5.99641503437466018E-04 -5.57091878766789381E-02
1.55480879E+00 1.24177083523670712E-01 6.01162293074197535E-04 -5.59109685910928397E-02
1.56269081E+00 1.24172231757098586E-01 6.02694482513872905E-04 -5.61067355363353906E-02
1.57057447E+00 1.24167366298926093E-01 6.04238115059884577E-04 -5.62964139529074023E-02
1.57845971E+00 1.24162487081540762E-01 6.05793233908246266E-04 -5.64799303754729420E-02
1.58634650E+00 1.24157594037227204E-01 6.07359882145518874E-04 -5.66572126722067956E-02
1.59423479E+00 1.24152687098167222E-01 6.08938102746879313E-04 -5.68281900832763934E-02
1.60212453E+00 1.24147766196422649E-01 6.10527938574280827E-04 -5.69927932611697524E-02
1.61001568E+00 1.24142831263940101E-01 6.12129432374754591E-04 -5.71509543063472153E-02
1.61790819E+00 1.24137882232529348E-01 6.13742626778823199E-04 -5.73026068040280792E-02
1.62580202E+00 1.24132919033868916E-01 6.15367564299040891E-04 -5.74476858633375664E-02
1.63369711E+00 1.24127941599490893E-01 6.17004287328679936E-04 -5.75861281487511437E-02
1.64159342E+00 1.24122949860771783E-01 6.18652838140547443E-04 -5.77178719195539994E-02
1.64949091E+00 1.24117943748929538E-01 6.20313258885919587E-04 -5.78428570588077479E-02
1.65738953E+00 1.24112923195009786E-01 6.21985591593656362E-04 -5.79610251118846675E-02
1.66528923E+00 1.24107888129881938E-01 6.23669878169433745E-04 -5.80723193130875948E-02
1.67318997E+00 1.24102838484225195E-01 6.25366160395154653E-04 -5.81766846208125257E-02
1.68109170E+00 1.24097774188523316E-01 6.27074479928482948E-04 -5.82740677445200972E-02
1.68899437E+00 1.24092695173049869E-01 6.28794878302559599E-04 -5.83644171758377420E-02
1.69689794E+00 1.24087601367868491E-01 6.30527396925886882E-04 -5.84476832128290116E-02
1.70480237E+00 1.24082492702809910E-01 6.32272077082357662E-04 -5.85238179891167803E-02
1.71270760E+00 1.24077369107472302E-01 6.34028959931483066E-04 -5.85927754955333988E-02
1.72061360E+00 1.24072230511204015E-01 6.35798086508769142E-04 -5.86545116054443330E-02
1.72852031E+00 1.24067076843097965E-01 6.37579497726305472E-04 -5.87089840958426937E-02
1.73642769E+00 1.24061908031976656E-01 6.39373234373501881E-04 -5.87561526674364593E-02
1.74433570E+00 1.24056724006383970E-01 6.41179337118048397E-04 -5.87959789579660524E-02
1.75224430E+00 1.24051524694570911E-01 6.42997846507053659E-04 -5.88284265435937079E-02
1.76015343E+00 1.24046310024485518E-01 6.44828802968365586E-04 -5.88534608848090210E-02
1.76806305E+00 1.24041079923760025E-01 6.46672246812134144E-04 -5.88710490406234438E-02
1.77597313E+00 1.24035834319701138E-01 6.48528218232534578E-04 -5.88811577174042367E-02
1.78388362E+00 1.24030573139272016E-01 6.50396757309726348E-04 -5.88837111912751121E-02
1.79179447E+00 1.24025296309087235E-01 6.52277904012022076E-04 -5.88790167046625013E-02
1.79970564E+00 1.24020003755392225E-01 6.54171698198315076E-04 -5.88663160819626469E-02
1.80761709E+00 1.24014695404052105E-01 6.56078179620612698E-04 -5.88463375777269759E-02
1.81552878E+00 1.24009371180538869E-01 6.57997387926941338E-04 -5.88186901373115023E-02
1.82344067E+00 1.24004031009922799E-01 6.59929362664408233E-04 -5.87834315781579630E-02
1.83135272E+00 1.23998674816843443E-01 6.61874143282487342E-04 -5.87405435563130227E-02
1.83926488E+00 1.23993302525512702E-01 6.63831769136595919E-04 -5.86900125082870303E-02
1.84717711E+00 1.23987914059686760E-01 6.65802279491880438E-04 -5.86318269334005493E-02
1.85508939E+00 1.23982509342660946E-01 6.67785713527258820E-04 -5.85659774718974013E-02
1.86300166E+00 1.23977088297240676E-01 6.69782110339725806E-04 -5.84924568801035646E-02
1.87091389E+00 1.23971650845743506E-01 6.71791508948903346E-04 -5.84112600302833865E-02
1.87882605E+00 1.23966196909969642E-01 6.73813948301873111E-04 -5.83223839098635580E-02
1.88673809E+00 1.23960726411189395E-01 6.75849467278255870E-04 -5.82258276193691401E-02
1.89464997E+00 1.23955239270129192E-01 6.77898104695562787E-04 -5.81215923687238359E-02
1.90256167E+00 1.23949735406950853E-01 6.79959899314838039E-04 -5.80096814705171673E-02
1.91047315E+00 1.23944214741238568E-01 6.82034889846565664E-04 -5.78901003335555650E-02
1.91838438E+00 1.23938677191976140E-01 6.84123114956864797E-04 -5.77628564535295277E-02
1.92629531E+00 1.23933122677533994E-01 6.86224613273971572E-04 -5.76279594035124312E-02
1.93420592E+00 1.23927551115647974E-01 6.88339423395013328E-04 -5.74854208215140050E-02
1.94211617E+00 1.23921962423404655E-01 6.90467583893063837E-04 -5.73352543985489044E-02
1.95002604E+00 1.23916356517216109E-01 6.92609133324532901E-04 -5.71774758634058522E-02
1.95793549E+00 1.23910733312807747E-01 6.94764110236813660E-04 -5.70121029680807148E-02
1.96584449E+00 1.23905092725196148E-01 6.96932553176270132E-04 -5.68391554708245067E-02
1.97375302E+00 1.23899434668666777E-01 6.99114500696511299E-04 -5.66586551180280756E-02
1.98166104E+00 1.23893759056760824E-01 7.01309991367004767E-04 -5.64706256239655979E-02
1.98956853E+00 1.23888065802245331E-01 7.03519063781980454E-04 -5.62750926534364010E-02
1.99747546E+00 1.23882354817103149E-01 7.05741756569667881E-04 -5.60720837963148214E-02
2.00538181E+00 1.23876626012503793E-01 7.07978108401864908E-04 -5.58616285484160452E-02
2.01328755E+00 1.23870879298788483E-01 7.10228158003819911E-04 -5.56437582854326790E-02
2.02119265E+00 1.23865114585444455E-01 7.12491944164442693E-04 -5.54185062402321807E-02
2.02909711E+00 1.23859331781081897E-01 7.14769505746864608E-04 -5.51859074736080896E-02
2.03700088E+00 1.23853530793420458E-01 7.17060881699333711E-04 -5.49459988531671717E-02
2.04490396E+00 1.23847711529257637E-01 7.19366111066421180E-04 -5.46988190196358373E-02
2.05280632E+00 1.23841873894449964E-01 7.21685233000610789E-04 -5.44444404437202517E-02
2.06070794E+00 1.23836017793889849E-01 7.24018286774216020E-04 -5.41828009853817377E-02
2.06860881E+00 1.23830143131483369E-01 7.26365311791635020E-04 -5.39140657426663769E-02
2.07650891E+00 1.23824249810125145E-01 7.28726347601967137E-04 -5.36382221642775076E-02
2.08440823E+00 1.23818337731677108E-01 7.31101433911970650E-04 -5.33553259672383956E-02
2.09230674E+00 1.23812406796942082E-01 7.33490610599409629E-04 -5.30654260387556156E-02
2.10020444E+00 1.23806456905639045E-01 7.35893917726719755E-04 -5.27685726114988790E-02
2.10810132E+00 1.23800487956383154E-01 7.38311395555053406E-04 -5.24648174407479490E-02
2.11599735E+00 1.23794499846655109E-01 7.40743084558703117E-04 -5.21542137733209815E-02
2.12389255E+00 1.23788492472781606E-01 7.43189025439843160E-04 -5.18368163107288601E-02
2.13178688E+00 1.23782465729905131E-01 7.45649259143677467E-04 -5.15126811764108281E-02
2.13968036E+00 1.23776419511963318E-01 7.48123826873959663E-04 -5.11818658812898536E-02
2.14757296E+00 1.23770353711660105E-01 7.50612770108867304E-04 -5.08444292834608347E-02
2.15546469E+00 1.23764268220440191E-01 7.53116130617220670E-04 -5.05004315561130915E-02
2.16335555E+00 1.23758162928463533E-01 7.55633950475150863E-04 -5.01499341492325779E-02
2.17124552E+00 1.23752037724578615E-01 7.58166272083078078E-04 -4.97929997498577637E-02
2.17913461E+00 1.23745892496297930E-01 7.60713138183094517E-04 -4.94296922513645584E-02
2.18702283E+00 1.23739727129767607E-01 7.63274591876723831E-04 -4.90600767077754504E-02
2.19491016E+00 1.23733541509743403E-01 7.65850676643058852E-04 -4.86842193043050125E-02
2.20279661E+00 1.23727335519564358E-01 7.68441436357293530E-04 -4.83021873146356681E-02
2.21068219E+00 1.23721109041119548E-01 7.71046915309621557E-04 -4.79140490634149818E-02
2.21856690E+00 1.23714861954828892E-01 7.73667158224536789E-04 -4.75198738930607129E-02
2.22645075E+00 1.23708594139610592E-01 7.76302210280514337E-04 -4.71197321190098134E-02
2.23433375E+00 1.23702305472853352E-01 7.78952117130090856E-04 -4.67136950010723848E-02
2.24221590E+00 1.23695995830390065E-01 7.81616924920310865E-04 -4.63018346948406503E-02
2.25009722E+00 1.23689665086471390E-01 7.84296680313600674E-04 -4.58842242270720360E-02
2.25797764E+00 1.23683313172420942E-01 7.86991405604719747E-04 -4.54609393948375434E-02
2.26585711E+00 1.23676940019860696E-01 7.89701122614916450E-04 -4.50320589299803564E-02
2.27373564E+00 1.23670545502812021E-01 7.92425877370235413E-04 -4.45976606314882201E-02
2.28161323E+00 1.23664129493651520E-01 7.95165716454615274E-04 -4.41578211540557680E-02
2.28948990E+00 1.23657691863095762E-01 7.97920687036858534E-04 -4.37126178402499760E-02
2.29736567E+00 1.23651232480165768E-01 8.00690836895550642E-04 -4.32621286755522153E-02
2.30524055E+00 1.23644751212160744E-01 8.03476214443552667E-04 -4.28064322592015753E-02
2.31311456E+00 1.23638247924631600E-01 8.06276868752622985E-04 -4.23456077738662562E-02
2.32098772E+00 1.23631722481348377E-01 8.09092849578351868E-04 -4.18797349315674708E-02
2.32886005E+00 1.23625174744271829E-01 8.11924207385563367E-04 -4.14088939638935019E-02
2.33673157E+00 1.23618604573523722E-01 8.14770993374039311E-04 -4.09331655620219156E-02
2.34460230E+00 1.23612011827358134E-01 8.17633259504784208E-04 -4.04526308671214405E-02
2.35247227E+00 1.23605396362127654E-01 8.20511058526665941E-04 -3.99673714190570753E-02
2.36034151E+00 1.23598758032264083E-01 8.23404444003523529E-04 -3.94774691343085515E-02
2.36821004E+00 1.23592096690233272E-01 8.26313470341702395E-04 -3.89830062662246124E-02
2.37607789E+00 1.23585412186519583E-01 8.29238192818106904E-04 -3.84840653814266936E-02
2.38394510E+00 1.23578704369588177E-01 8.32178667608608519E-04 -3.79807293241429603E-02
2.39181169E+00 1.23571973085855422E-01 8.35134951817015792E-04 -3.74730811824233109E-02
2.39967770E+00 1.23565218179663927E-01 8.38107103504464484E-04 -3.69612042734959109E-02
2.40754317E+00 1.23558439493248781E-01 8.41095181719261203E-04 -3.64451820939344640E-02
2.41540812E+00 1.23551636866710460E-01 8.44099246527255055E-04 -3.59250983056986703E-02
2.42327238E+00 1.23544810330368154E-01 8.47119273956311106E-04 -3.54010440666142970E-02
2.43113598E+00 1.23537959731404523E-01 8.50155320738592269E-04 -3.48731112710372257E-02
2.43899895E+00 1.23531084909134614E-01 8.53207447165520681E-04 -3.43413847283655510E-02
2.44686133E+00 1.23524185700652753E-01 8.56275714634974227E-04 -3.38059490841554552E-02
2.45472316E+00 1.23517261940813181E-01 8.59360185689952657E-04 -3.32668889907838244E-02
2.46258448E+00 1.23510313462200663E-01 8.62460924054383364E-04 -3.27242891143934428E-02
2.47044534E+00 1.23503340095099653E-01 8.65577994668297566E-04 -3.21782340771343267E-02
2.47830577E+00 1.23496341667464885E-01 8.68711463723138323E-04 -3.16288084652921048E-02
2.48616583E+00 1.23489318004894294E-01 8.71861398697541161E-04 -3.10760967844870180E-02
2.49402555E+00 1.23482268930593095E-01 8.75027868393550329E-04 -3.05201834447764581E-02
2.50188500E+00 1.23475194265350044E-01 8.78210942973483514E-04 -2.99611527499761623E-02
2.50974422E+00 1.23468093827505315E-01 8.81410693997328361E-04 -2.93990888602231881E-02
2.51760325E+00 1.23460967432917082E-01 8.84627194460717086E-04 -2.88340757845884157E-02
2.52546216E+00 1.23453814894939354E-01 8.87860518833580130E-04 -2.82661973642383824E-02
2.53332100E+00 1.23446636024381745E-01 8.91110743099377900E-04 -2.76955372415825032E-02
2.54117961E+00 1.23439430826954050E-01 8.94377855325034451E-04 -2.71221866890616649E-02
2.54903796E+00 1.23432199179494384E-01 8.97661902007581051E-04 -2.65462396705897392E-02
2.55689612E+00 1.23424940891390306E-01 9.00962960540230848E-04 -2.59677823065486944E-02
2.56475414E+00 1.23417655769383960E-01 9.04281109954450002E-04 -2.53868978389646081E-02
2.57261208E+00 1.23410343617547560E-01 9.07616430975815886E-04 -2.48036692349713345E-02
2.58046999E+00 1.23403004237265634E-01 9.10969006072267985E-04 -2.42181791540705127E-02
2.58832794E+00 1.23395637427202595E-01 9.14338919500317575E-04 -2.36305099441063149E-02
2.59618599E+00 1.23388242983278482E-01 9.17726257351033172E-04 -2.30407436344023456E-02
2.60404421E+00 1.23380820698633029E-01 9.21131107596462610E-04 -2.24489619058553455E-02
2.61190264E+00 1.23373370363604920E-01 9.24553560136753654E-04 -2.18552461093934128E-02
2.61976137E+00 1.23365891765688435E-01 9.27993706848074433E-04 -2.12596772228394425E-02
2.62762046E+00 1.23358384689523370E-01 9.31451641631333917E-04 -2.06623358686118322E-02
2.63547998E+00 1.23350848916846889E-01 9.34927460461839233E-04 -2.00633022930430706E-02
2.64333971E+00 1.23343284503401582E-01 9.38421133681888631E-04 -1.94626673082123405E-02
2.65119966E+00 1.23335691275156631E-01 9.41932738040544512E-04 -1.88605233563081190E-02
2.65905992E+00 1.23328069011648167E-01 9.45462372453070767E-04 -1.82569516610494899E-02
2.66692055E+00 1.23320417489385617E-01 9.49010138081093891E-04 -1.76520312784951873E-02
2.67478162E+00 1.23312736481838450E-01 9.52576138403367551E-04 -1.70458408291109254E-02
2.68264321E+00 1.23305025759413489E-01 9.56160479277020693E-04 -1.64384585031345752E-02
2.69050539E+00 1.23297285089426140E-01 9.59763268996318580E-04 -1.58299620390724184E-02
2.69836823E+00 1.23289514236070083E-01 9.63384618351293960E-04 -1.52204287392431279E-02
2.70623182E+00 1.23281712960385773E-01 9.67024640687147896E-04 -1.46099354519490660E-02
2.71409622E+00 1.23273881020240075E-01 9.70683451964653816E-04 -1.39985585767737584E-02
2.72196153E+00 1.23266018170287608E-01 9.74361170821733255E-04 -1.33863740591490064E-02
2.72982769E+00 1.23258124279950185E-01 9.78057863450690346E-04 -1.27734619587796493E-02
2.73769454E+00 1.23250199354567103E-01 9.81773533482134140E-04 -1.21599117704832369E-02
2.74556216E+00 1.23242243145782762E-01 9.85508304308539479E-04 -1.15458081337506575E-02
2.75343063E+00 1.23234255401863252E-01 9.89262302191553982E-04 -1.09312254028000790E-02
2.76130003E+00 1.23226235867679779E-01 9.93035656370268001E-04 -1.03162374545077516E-02
2.76917045E+00 1.23218184284705198E-01 9.96828499144588025E-04 -9.70091767317117146E-03
2.77704196E+00 1.23210100390980043E-01 1.00064096595107207E-03 -9.08533896258478281E-03
2.78491466E+00 1.23201983921083918E-01 1.00447319543735974E-03 -8.46957375667937128E-03
2.79278863E+00 1.23193834606105737E-01 1.00832532953714434E-03 -7.85369399991128758E-03
2.80066396E+00 1.23185652173613394E-01 1.01219751354651439E-03 -7.23777117466293390E-03
2.80854074E+00 1.23177436347617936E-01 1.01608989620190692E-03 -6.62187628135465622E-03
2.81641879E+00 1.23169187117898926E-01 1.02000250222477901E-03 -6.00608987884511565E-03
2.82429807E+00 1.23160904356851494E-01 1.02393541344582392E-03 -5.39049771175718635E-03
2.83217866E+00 1.23152587784401524E-01 1.02788878566770236E-03 -4.77517507603087907E-03
2.84006066E+00 1.23144237116729352E-01 1.03186277840081834E-03 -4.16019117570873634E-03
2.84794416E+00 1.23135852066254686E-01 1.03585755498819955E-03 -3.54561473748049583E-03
2.85582924E+00 1.23127432341625973E-01 1.03987328270738482E-03 -2.93151400920486655E-03
2.86371600E+00 1.23118977647673850E-01 1.04391013286604141E-03 -2.31795676950577760E-03
2.87160454E+00 1.23110487685396272E-01 1.04796828089697802E-03 -1.70501033402688956E-03
2.87949495E+00 1.23101962151904776E-01 1.05204790645449736E-03 -1.09274156877232453E-03
2.88738733E+00 1.23093400740399234E-01 1.05614919351290789E-03 -4.81216878674892688E-04
2.89528153E+00 1.23084803402571649E-01 1.06027220485655025E-03 1.29488477897559692E-04
2.90317746E+00 1.23076170029724222E-01 1.06441703442938232E-03 7.39292585598767403E-04
2.91107523E+00 1.23067500309778644E-01 1.06858387602071507E-03 1.34812329310311221E-03
2.91897492E+00 1.23058793926508134E-01 1.07277292807274739E-03 1.95591605205105165E-03
2.92687665E+00 1.23050050559528390E-01 1.07698439384232921E-03 2.56260676036296209E-03
2.93478050E+00 1.23041269884271262E-01 1.08121848153187091E-03 3.16813175690539061E-03
2.94268657E+00 1.23032451571954540E-01 1.08547540441163029E-03 3.77242780497010800E-03
2.95059498E+00 1.23023595289532883E-01 1.08975538094135353E-03 4.37543209142744055E-03
2.95850581E+00 1.23014700699659363E-01 1.09405863489375429E-03 4.97708221357315468E-03
2.96641918E+00 1.23005767460638654E-01 1.09838539548106490E-03 5.57731616826638143E-03
2.97433477E+00 1.22996795691969127E-01 1.10273567222844769E-03 6.17605687995366123E-03
2.98225264E+00 1.22987785089564525E-01 1.10710968267362943E-03 6.77322643829035391E-03
2.99017292E+00 1.22978735304912767E-01 1.11150766928967042E-03 7.36876293910662065E-03
2.99809569E+00 1.22969645984888826E-01 1.11592988045359706E-03 7.96260622146973893E-03
3.00602106E+00 1.22960516771730741E-01 1.12037657062796434E-03 8.55469651632393899E-03
3.01394914E+00 1.22951347303007635E-01 1.12484800052072985E-03 9.14497443558408632E-03
3.02188003E+00 1.22942137211557917E-01 1.12934443724053198E-03 9.73338095837630000E-03
3.02981385E+00 1.22932886125442509E-01 1.13386615445333584E-03 1.03198574199309511E-02
3.03775068E+00 1.22923593667888492E-01 1.13841343254256124E-03 1.09043455096708899E-02
3.04569038E+00 1.22914259778211063E-01 1.14298640188821533E-03 1.14867772784916604E-02
3.05363285E+00 1.22904884297443187E-01 1.14758524506954214E-03 1.20670783506230065E-02
3.06157821E+00 1.22895466840321363E-01 1.15221025977004063E-03 1.26451848571908741E-02
3.06952656E+00 1.22886007016401594E-01 1.15686175093661597E-03 1.32210402528444380E-02
3.07747802E+00 1.22876504430042374E-01 1.16154003103232056E-03 1.37945883307323443E-02
3.08543268E+00 1.22866958680352301E-01 1.16624542024661832E-03 1.43657731950815049E-02
3.09339067E+00 1.22857369361124319E-01 1.17097824669470745E-03 1.49345392646799118E-02
3.10135209E+00 1.22847736060774135E-01 1.17573884661696334E-03 1.55008312540738363E-02
3.10931705E+00 1.22838058362257724E-01 1.18052756458205278E-03 1.60645941651918617E-02
3.11728542E+00 1.22828336128755267E-01 1.18534461247150370E-03 1.66257650665809185E-02
3.12525708E+00 1.22818569231147076E-01 1.19019020379415542E-03 1.71842730282809782E-02
3.13323214E+00 1.22808757241767805E-01 1.19506470542606676E-03 1.77400558877065864E-02
3.14121071E+00 1.22798899727063371E-01 1.19996849324937455E-03 1.82930603124960810E-02
3.14919290E+00 1.22788996247560428E-01 1.20490195247297417E-03 1.88432332384920014E-02
3.15717882E+00 1.22779046357801735E-01 1.20986547789819353E-03 1.93905218551681940E-02
3.16516860E+00 1.22769049606258493E-01 1.21485947416983902E-03 1.99348735985015284E-02
3.17316233E+00 1.22759005535237900E-01 1.21988435602667371E-03 2.04762361303147261E-02
3.18116013E+00 1.22748913680786442E-01 1.22494054855614375E-03 2.10145573382172247E-02
3.18916184E+00 1.22738773921026278E-01 1.23002831307745804E-03 2.15497761658865646E-02
3.19716736E+00 1.22728586051212493E-01 1.23514795929834131E-03 2.20818250075816985E-02
3.20517681E+00 1.22718349594022752E-01 1.24029994076967141E-03 2.26106459664443399E-02
3.21319030E+00 1.22708064065346345E-01 1.24548472224612992E-03 2.31361884633461100E-02
3.22120794E+00 1.22697728974220113E-01 1.25070278006657147E-03 2.36584021225928476E-02
3.22922986E+00 1.22687343822737008E-01 1.25595460247539758E-03 2.41772367488995721E-02
3.23725616E+00 1.22676908105920648E-01 1.26124068992827841E-03 2.46926423231244099E-02
3.24528695E+00 1.22666421311612817E-01 1.26656155539687457E-03 2.52045689859360864E-02
3.25332236E+00 1.22655882920328502E-01 1.27191772467748860E-03 2.57129670318994551E-02
3.26136212E+00 1.22645292902126973E-01 1.27730948434172007E-03 2.62177751058689096E-02
3.26940623E+00 1.22634650881144405E-01 1.28273730514576580E-03 2.67189287451013724E-02
3.27745481E+00 1.22623956321004646E-01 1.28820174870324143E-03 2.72163757972344184E-02
3.28550797E+00 1.22613208677371854E-01 1.29370339049851655E-03 2.77100679294487034E-02
3.29356582E+00 1.22602407397836760E-01 1.29924282030518048E-03 2.81999569431537998E-02
3.30162849E+00 1.22591551921783032E-01 1.30482064255051252E-03 2.86859947433820914E-02
3.30969608E+00 1.22580641680226865E-01 1.31043747666472268E-03 2.91681333357898601E-02
3.31776872E+00 1.22569676095652780E-01 1.31609395742748447E-03 2.96463248136030651E-02
3.32584650E+00 1.22558654616879412E-01 1.32179071724900909E-03 3.01205205954326732E-02
3.33392905E+00 1.22547577298376134E-01 1.32752808702850020E-03 3.05906584882219730E-02
3.34201649E+00 1.22536443541911025E-01 1.33330674496730901E-03 3.10566776457712468E-02
3.35010894E+00 1.22525252739861118E-01 1.33912738558284719E-03 3.15185313664235536E-02
3.35820652E+00 1.22514004275116162E-01 1.34499072025049326E-03 3.19761729990658550E-02
3.36630934E+00 1.22502697520905771E-01 1.35089747761693840E-03 3.24295559377725320E-02
3.37441753E+00 1.22491331840611450E-01 1.35684840396927916E-03 3.28786336041085245E-02
3.38253118E+00 1.22479906587560292E-01 1.36284426358786225E-03 3.33233594342031009E-02
3.39065043E+00 1.22468421104798095E-01 1.36888583909172386E-03 3.37636868706158444E-02
3.39877519E+00 1.22456875011700272E-01 1.37497378094182795E-03 3.41995639618798558E-02
3.40690526E+00 1.22445268062896101E-01 1.38110868045264261E-03 3.46309310244870897E-02
3.41504077E+00 1.22433599575194105E-01 1.38729137177456179E-03 3.50577342775304848E-02
3.42318184E+00 1.22421868854126203E-01 1.39352270828121375E-03 3.54799281151987611E-02
3.43132858E+00 1.22410075193766427E-01 1.39980356304073581E-03 3.58974668992996793E-02
3.43948110E+00 1.22398217876513712E-01 1.40613482916771937E-03 3.63103049393887073E-02
3.44763953E+00 1.22386296172845521E-01 1.41251742012726291E-03 3.67183964808908136E-02
3.45580398E+00 1.22374309341055379E-01 1.41895227001444810E-03 3.71216956867033085E-02
3.46397457E+00 1.22362256626976210E-01 1.42544033381604711E-03 3.75201566364110964E-02
3.47215101E+00 1.22350137855497559E-01 1.43198226902441369E-03 3.79137237444991046E-02
3.48033331E+00 1.22337952410178016E-01 1.43857898271377736E-03 3.83023393169059714E-02
3.48852159E+00 1.22325699503926646E-01 1.44523148738172130E-03 3.86859555930438789E-02
3.49671596E+00 1.22313378336067133E-01 1.45194081686867327E-03 3.90645272878185415E-02
3.50491655E+00 1.22300988092092777E-01 1.45870802663991940E-03 3.94380089770500278E-02
3.51312346E+00 1.22288527943396258E-01 1.46553419396585434E-03 3.98063550804884300E-02
3.52133682E+00 1.22275997046984386E-01 1.47242041805151279E-03 4.01695198403394307E-02
3.52955674E+00 1.22263394545163356E-01 1.47936782013195593E-03 4.05274573228195101E-02
3.53778322E+00 1.22250719722334505E-01 1.48637745688146613E-03 4.08801192127463617E-02
3.54601599E+00 1.22237972319081276E-01 1.49345014520292033E-03 4.12274486354834921E-02
3.55425516E+00 1.22225151438306076E-01 1.50058706548120363E-03 4.15693913186369682E-02
3.56250084E+00 1.22212256166945005E-01 1.50778941956043917E-03 4.19059016286762592E-02
3.57075315E+00 1.22199285575758834E-01 1.51505843092109645E-03 4.22369336893980360E-02
3.57901220E+00 1.22186238719080478E-01 1.52239534466099111E-03 4.25624413600112078E-02
3.58727811E+00 1.22173114634516383E-01 1.52980142738528028E-03 4.28823782328344796E-02
3.59555100E+00 1.22159912342658702E-01 1.53727796703972031E-03 4.31966976052739066E-02
3.60383097E+00 1.22146630846780485E-01 1.54482627269777648E-03 4.35053524708107348E-02
3.61211783E+00 1.22133269642559023E-01 1.55244738412546059E-03 4.38082897622242146E-02
3.62041150E+00 1.22119828012114504E-01 1.56014246972315754E-03 4.41054531375793951E-02
3.62871208E+00 1.22106304912071792E-01 1.56791289148020636E-03 4.43967922357543579E-02
3.63701971E+00 1.22092699280632780E-01 1.57576003060380687E-03 4.46822599321941225E-02
3.64533449E+00 1.22079010037417390E-01 1.58368528725287279E-03 4.49618087288483070E-02
3.65365654E+00 1.22065236083227155E-01 1.59169008009602572E-03 4.52353907458732246E-02
3.66198596E+00 1.22051376299832093E-01 1.59977584577281019E-03 4.55029577006671460E-02
3.67032288E+00 1.22037429549730403E-01 1.60794403828357947E-03 4.57644608971341793E-02
3.67865469E+00 1.22023416107160540E-01 1.61618355981923024E-03 4.60196576391461928E-02
3.68697881E+00 1.22009339734651348E-01 1.62449286732357120E-03 4.62682825090263983E-02
3.69529565E+00 1.21995199137371196E-01 1.63287335032033239E-03 4.65102831082341572E-02
3.70360563E+00 1.21980993011361435E-01 1.64132639326941879E-03 4.67456530713093871E-02
3.71190917E+00 1.21966720045487614E-01 1.64985338026498092E-03 4.69743848311487203E-02
3.72020664E+00 1.21952378921955332E-01 1.65845569618680035E-03 4.71964695939060194E-02
3.72849844E+00 1.21937968316208595E-01 1.66713472661875000E-03 4.74118973102603952E-02
3.73678494E+00 1.21923486896619748E-01 1.67589185731924629E-03 4.76206566686780824E-02
3.74506651E+00 1.21908933324100952E-01 1.68472847351072231E-03 4.78227351181746696E-02
3.75334266E+00 1.21894307739440905E-01 1.69364505454801988E-03 4.80181090327767221E-02
3.76161156E+00 1.21879612705890608E-01 1.70264058114837145E-03 4.82067300638866145E-02
3.76987362E+00 1.21864846845790090E-01 1.71171640645387344E-03 4.83885632024378537E-02
3.77812922E+00 1.21850008774660498E-01 1.72087387403888894E-03 4.85635995731685949E-02
3.78637876E+00 1.21835097101875386E-01 1.73011431894101210E-03 4.87318289115508327E-02
3.79462261E+00 1.21820110430874110E-01 1.73943906725981335E-03 4.88932396656284948E-02
3.80286113E+00 1.21805047359193258E-01 1.74884943523444659E-03 4.90478189812944484E-02
3.81109469E+00 1.21789906478442969E-01 1.75834672811548244E-03 4.91955527147377794E-02
3.81932364E+00 1.21774686374281557E-01 1.76793223894341762E-03 4.93364254404978775E-02
3.82754832E+00 1.21759375322253130E-01 1.77760711976914518E-03 4.94704339271240176E-02
3.83576827E+00 1.21743979983983203E-01 1.78737174732780972E-03 4.95975799279923871E-02
3.84398176E+00 1.21728505130923439E-01 1.79722492249812936E-03 4.97178093580567249E-02
3.85218917E+00 1.21712950056442240E-01 1.80716788309635574E-03 4.98310719046009473E-02
3.86039088E+00 1.21697313534433235E-01 1.81720183288295711E-03 4.99373523981337802E-02
3.86858726E+00 1.21681594160162374E-01 1.82732794997780639E-03 5.00366347910007128E-02
3.87677869E+00 1.21665790463934012E-01 1.83754739001900378E-03 5.01289023443206652E-02
3.88496553E+00 1.21649900949103523E-01 1.84786128672467364E-03 5.02141371371483958E-02
3.89314814E+00 1.21633924104950053E-01 1.85827075128787021E-03 5.02923199267520660E-02
3.90132688E+00 1.21617858411217764E-01 1.86877687126721240E-03 5.03634300921034506E-02
3.90950209E+00 1.21601702339938500E-01 1.87938070925996385E-03 5.04274455962449158E-02
3.91767411E+00 1.21585454356384501E-01 1.89008330147957099E-03 5.04843429383254536E-02
3.92584102E+00 1.21569117498891752E-01 1.90088264546287955E-03 5.05340902281213242E-02
3.93400265E+00 1.21552691310235300E-01 1.91177898164204591E-03 5.05766563406893285E-02
3.94215937E+00 1.21536174270452019E-01 1.92277320722120354E-03 5.06120180361505842E-02
3.95031155E+00 1.21519564850794903E-01 1.93386618739553227E-03 5.06401504645804315E-02
3.95845956E+00 1.21502861515712587E-01 1.94505875576470098E-03 5.06610215608535516E-02
3.96660376E+00 1.21486062724068603E-01 1.95635171365964771E-03 5.06687111428925710E-02
3.97474449E+00 1.21469166930183087E-01 1.96774582907476535E-03 5.06886708466156855E-02
3.98288213E+00 1.21452172584728152E-01 1.97924183545345389E-03 5.06869787450075493E-02
3.99101702E+00 1.21435078135959190E-01 1.99084043042358676E-03 5.06613446414534291E-02
3.99914950E+00 1.21417882030820809E-01 2.00254227454459187E-03 5.06611512538871628E-02
4.00727993E+00 1.21400582715883762E-01 2.01434799006681726E-03 5.06294510515360244E-02
4.01540792E+00 1.21383180216241698E-01 2.02625708748731736E-03 5.06032700735874613E-02
4.02353180E+00 1.21365677344847253E-01 2.03826713156823229E-03 5.05641960579936989E-02
4.03165192E+00 1.21348072636916826E-01 2.05037855094848112E-03 5.05187919678532563E-02
4.03976864E+00 1.21330364616085401E-01 2.06259173581913209E-03 5.04657015832167613E-02
4.04788231E+00 1.21312551797227663E-01 2.07490704168579454E-03 5.04050916607137814E-02
4.05599330E+00 1.21294632687562978E-01 2.08732479087377467E-03 5.03368886916596148E-02
4.06410195E+00 1.21276605787224490E-01 2.09984527322358517E-03 5.02610648424299256E-02
4.07220865E+00 1.21258469589730175E-01 2.11246874648871909E-03 5.01775848171342187E-02
4.08031374E+00 1.21240222582507176E-01 2.12519543662260122E-03 5.00864129701927147E-02
4.08841761E+00 1.21221863247513578E-01 2.13802553803175413E-03 4.99875123443850738E-02
4.09652062E+00 1.21203390061940641E-01 2.15095921383975540E-03 4.98808449024301589E-02
4.10462240E+00 1.21184803189667040E-01 2.16399542029167315E-03 4.97663766675866537E-02
4.11272153E+00 1.21166105338452304E-01 2.17713130746265138E-03 4.96440877967137123E-02
4.12080924E+00 1.21147316415370451E-01 2.19035199143353433E-03 4.95140289200616882E-02
4.12885464E+00 1.21128508918452990E-01 2.20360581065352648E-03 4.93765193386438428E-02
4.13685858E+00 1.21109682234599364E-01 2.21689216636426116E-03 4.92318820728627343E-02
4.14482203E+00 1.21090835374253331E-01 2.23021055238430826E-03 4.90801902079344640E-02
4.15274608E+00 1.21071966992929519E-01 2.24356065949285087E-03 4.89215107870642346E-02
4.16063194E+00 1.21053075368536239E-01 2.25694243589469540E-03 4.87559082211153419E-02
4.16848100E+00 1.21034158358755611E-01 2.27035613416303904E-03 4.85834411959269116E-02
4.17629480E+00 1.21015213347914791E-01 2.28380235554199573E-03 4.84041620257136193E-02
4.18406533E+00 1.20996261073336039E-01 2.29726529022539466E-03 4.82182285927707441E-02
4.19179247E+00 1.20977303348769383E-01 2.31074251776071252E-03 4.80258408993409491E-02
4.19947744E+00 1.20958338677986083E-01 2.32423393234075125E-03 4.78270959315041863E-02
4.20712163E+00 1.20939365068450058E-01 2.33773978064704020E-03 4.76220700972847175E-02
4.21472660E+00 1.20920379980766504E-01 2.35126071332736721E-03 4.74108338985301248E-02
4.22229416E+00 1.20901380268492745E-01 2.36479783225833741E-03 4.71934500557370379E-02
4.22982631E+00 1.20882362111953232E-01 2.37835273757274921E-03 4.69699722864345207E-02
4.23732532E+00 1.20863320947492081E-01 2.39192757577723130E-03 4.67404440033624136E-02
4.24479371E+00 1.20844251392732305E-01 2.40552508932289450E-03 4.65048969000539450E-02
4.25223430E+00 1.20825147168170888E-01 2.41914866762541619E-03 4.62633494383766983E-02
4.25965002E+00 1.20806001612738856E-01 2.43280197779755306E-03 4.60158089462948602E-02
4.26702505E+00 1.20786856724463362E-01 2.44645435898424059E-03 4.57625850629946734E-02
4.27436168E+00 1.20767708066140914E-01 2.46010813801242519E-03 4.55040524821085576E-02
4.28166246E+00 1.20748550261539980E-01 2.47376619403819401E-03 4.52402706542392730E-02
4.28893027E+00 1.20729376974845010E-01 2.48743204012145773E-03 4.49712838830542277E-02
4.29616827E+00 1.20710180866061986E-01 2.50110987300265547E-03 4.46971245814368201E-02
4.30337996E+00 1.20690953539572196E-01 2.51480460872325262E-03 4.44178085277540657E-02
4.31056916E+00 1.20671685493702607E-01 2.52852190977649735E-03 4.41333341092565792E-02
4.31774005E+00 1.20652366075301179E-01 2.54226820490956185E-03 4.38436812132503850E-02
4.32489715E+00 1.20632983442203343E-01 2.55605070090447143E-03 4.35488103278562008E-02
4.33203328E+00 1.20613557516594805E-01 2.56985420937145496E-03 4.32489042957818690E-02
4.33914173E+00 1.20594107358939592E-01 2.58366427884839083E-03 4.29444106686246510E-02
4.34622317E+00 1.20574632161043610E-01 2.59748043757477643E-03 4.26356418238594131E-02
4.35326504E+00 1.20555167644031541E-01 2.61127648625846757E-03 4.23230348069533885E-02
4.36026608E+00 1.20535718895200275E-01 2.62504785530001975E-03 4.20071204010396826E-02
4.36723009E+00 1.20516276705187234E-01 2.63879985500436662E-03 4.16880745873676045E-02
4.37416138E+00 1.20496830294558502E-01 2.65253872042716657E-03 4.13659403852147320E-02
4.38106469E+00 1.20477367302317548E-01 2.66627165992686793E-03 4.10407370684937392E-02
4.38794524E+00 1.20457873771296339E-01 2.68000686955731241E-03 4.07124570424386156E-02
4.39480871E+00 1.20438334145680628E-01 2.69375352494215367E-03 4.03810650078962330E-02
4.40166122E+00 1.20418731287776526E-01 2.70752175378297490E-03 4.00464985400499351E-02
4.40849887E+00 1.20399076668946434E-01 2.72130168933397421E-03 3.97089155602771277E-02
4.41530131E+00 1.20379429815289166E-01 2.73505033136356868E-03 3.93691320414330873E-02
4.42207422E+00 1.20359775619801559E-01 2.74877673973548215E-03 3.90277967775354354E-02
4.42882371E+00 1.20340097262412016E-01 2.76249081046162775E-03 3.86848757897320442E-02
4.43555629E+00 1.20320376409049745E-01 2.77620326828962195E-03 3.83403079542731645E-02
4.44226757E+00 1.20300626506086680E-01 2.78990287110919772E-03 3.79942887143441196E-02
4.44895658E+00 1.20280851193503305E-01 2.80358529261957607E-03 3.76472233474682907E-02
4.45562446E+00 1.20261047912316732E-01 2.81725047567774490E-03 3.72993789040486079E-02
4.46226994E+00 1.20241221112872637E-01 2.83089357751448514E-03 3.69510257881567883E-02
4.46889301E+00 1.20221371702357763E-01 2.84451225648481125E-03 3.66024710293242211E-02
4.47549485E+00 1.20201496819970416E-01 2.85810677783270278E-03 3.62539590908192086E-02
4.48207663E+00 1.20181593666823031E-01 2.87167739533749538E-03 3.59057010970365229E-02
4.48863943E+00 1.20161659504971013E-01 2.88522437514094872E-03 3.55579098167417978E-02
4.49518434E+00 1.20141691657934244E-01 2.89874800919328029E-03 3.52107991895339797E-02
4.50171234E+00 1.20121687515098871E-01 2.91224862159747975E-03 3.48645839042768663E-02
4.50822442E+00 1.20101644540097349E-01 2.92572656965085212E-03 3.45194792673850018E-02
4.51472148E+00 1.20081560282373961E-01 2.93918224088280267E-03 3.41757010860651717E-02
4.52120438E+00 1.20061432390802150E-01 2.95261604721123398E-03 3.38334655348348778E-02
4.52767391E+00 1.20041258628164837E-01 2.96602841721199445E-03 3.34929889903890637E-02
4.53413081E+00 1.20021036885357826E-01 2.97941978734090869E-03 3.31544878310060659E-02
4.54057576E+00 1.20000765194262143E-01 2.99279059276508263E-03 3.28181782029352484E-02
4.54700936E+00 1.19980441738388802E-01 3.00614125828598542E-03 3.24842757483695607E-02
4.55343214E+00 1.19960064860512278E-01 3.01947218971061315E-03 3.21529952811998587E-02
4.55984457E+00 1.19939633066662527E-01 3.03278376595962542E-03 3.18245504034267296E-02
4.56624707E+00 1.19919145025998014E-01 3.04607633217782300E-03 3.14991530638281184E-02
4.57263999E+00 1.19898599566250444E-01 3.05935019407690793E-03 3.11770130257229619E-02
4.57902360E+00 1.19877995664628340E-01 3.07260561365305237E-03 3.08583372879344016E-02
4.58539817E+00 1.19857332434326391E-01 3.08584280627745766E-03 3.05433294395780174E-02
4.59176389E+00 1.19836609107098258E-01 3.09906193899629192E-03 3.02321889784173854E-02
4.59812093E+00 1.19815825012652477E-01 3.11226312976507465E-03 2.99251106341037292E-02
4.60446943E+00 1.19794979555976192E-01 3.12544644731024964E-03 2.96222837024760939E-02
4.61080954E+00 1.19774072193910980E-01 3.13861191134152950E-03 2.93238914216676812E-02
4.61714137E+00 1.19753102412485546E-01 3.15175949286410984E-03 2.90301103993798881E-02
4.62346504E+00 1.19732069706561126E-01 3.16488911431577662E-03 2.87411100865366288E-02
4.62978070E+00 1.19710973563257425E-01 3.17800064918968145E-03 2.84570523155498849E-02
4.63608849E+00 1.19689813450443799E-01 3.19109392076964097E-03 2.81780909194253443E-02
4.64238856E+00 1.19668588811209384E-01 3.20416869968548259E-03 2.79043714792031640E-02
4.64868109E+00 1.19647299064712678E-01 3.21722470021313257E-03 2.76360312405952678E-02
4.65496627E+00 1.19625943613162963E-01 3.23026157554954152E-03 2.73731992353918943E-02
4.66124429E+00 1.19604521853951595E-01 3.24327891258395290E-03 2.71159966051770923E-02
4.66751536E+00 1.19583033195299712E-01 3.25627622688825970E-03 2.68645370833808100E-02
4.67377967E+00 1.19561477073250030E-01 3.26925295874895333E-03 2.66189275622438840E-02
4.68003743E+00 1.19539852967571927E-01 3.28220847110689178E-03 2.63792686817927030E-02
4.68628882E+00 1.19518160414141456E-01 3.29514205031194562E-03 2.61456553243740800E-02
4.69253405E+00 1.19496399011633392E-01 3.30805291062939320E-03 2.59181768406640499E-02
4.69877327E+00 1.19474568420852231E-01 3.32094020338443525E-03 2.56969166726180379E-02
4.70500665E+00 1.19452668355702493E-01 3.33380303139078600E-03 2.54819511222614294E-02
4.71123437E+00 1.19430698565613433E-01 3.34664046881791430E-03 2.52733476112273342E-02
4.71745660E+00 1.19408658810096130E-01 3.35945158593725125E-03 2.50711636955691722E-02
4.72367351E+00 1.19386548827024125E-01 3.37223547738333242E-03 2.48754479653463846E-02
4.72988532E+00 1.19364368296981410E-01 3.38499129187017382E-03 2.46862422395493913E-02
4.73609226E+00 1.19342116806626000E-01 3.39771826089081078E-03 2.45035832160415620E-02
4.74229461E+00 1.19319793814259237E-01 3.41041572390838590E-03 2.43275026320494137E-02
4.74849268E+00 1.19297398620690359E-01 3.42308314791842441E-03 2.41580265630125558E-02
4.75468685E+00 1.19274930347978217E-01 3.43572013993195032E-03 2.39951748035875517E-02
4.76087754E+00 1.19252387927782144E-01 3.44832645175743640E-03 2.38389606835238271E-02
4.76706521E+00 1.19229770099943747E-01 3.46090197730205065E-03 2.36893912442219072E-02
4.77325039E+00 1.19207075420682609E-01 3.47344674336084796E-03 2.35464676008671145E-02
4.77943363E+00 1.19184302278555587E-01 3.48596089545333840E-03 2.34101853849652264E-02
4.78561552E+00 1.19161448915233933E-01 3.49844468067744699E-03 2.32805352115103142E-02
4.79179667E+00 1.19138513447318600E-01 3.51089842977877565E-03 2.31575031437366227E-02
4.79797771E+00 1.19115493884975512E-01 3.52332254068674165E-03 2.30410711333953362E-02
4.80415930E+00 1.19092388143111752E-01 3.53571746564835133E-03 2.29312174224755479E-02
4.81034210E+00 1.19069194041262802E-01 3.54808370380151365E-03 2.28279168987306526E-02
4.81652679E+00 1.19045909289195034E-01 3.56042180057610305E-03 2.27311414089963366E-02
4.82271411E+00 1.19022531456455999E-01 3.57273235471556282E-03 2.26408600545479621E-02
4.82890479E+00 1.18999057925553237E-01 3.58501603300978361E-03 2.25570395051371692E-02
4.83509964E+00 1.18975485830013605E-01 3.59727359208151989E-03 2.24796443948218939E-02
4.84129956E+00 1.18951811980076108E-01 3.60950590584754264E-03 2.24086378457904710E-02
4.84750551E+00 1.18928032780017956E-01 3.62171399666194518E-03 2.23439821140669348E-02
4.85371860E+00 1.18904144142008866E-01 3.63389906771992635E-03 2.22856391255338154E-02
4.85994004E+00 1.18880141401813438E-01 3.64606253411315804E-03 2.22335702165717825E-02
4.86617122E+00 1.18856019241517716E-01 3.65820605000810378E-03 2.21877338561599288E-02
4.87241370E+00 1.18831771623903903E-01 3.67033152975545542E-03 2.21480804401386969E-02
4.87866920E+00 1.18807391742034668E-01 3.68244116128920015E-03 2.21145458833746679E-02
4.88493962E+00 1.18782871986325603E-01 3.69453741085830128E-03 2.21058780470823578E-02
4.89122708E+00 1.18758203929890185E-01 3.70662301887876577E-03 2.20384225672523096E-02
4.89753385E+00 1.18733378331952757E-01 3.71870098739094171E-03 2.20399491758406611E-02
4.90386237E+00 1.18708385156464286E-01 3.73077456014387536E-03 2.20422542023344693E-02
4.91021527E+00 1.18683213604654142E-01 3.74284719687834619E-03 2.20433161899702759E-02
4.91659532E+00 1.18657852157075194E-01 3.75492254340762483E-03 2.20431727926540116E-02
4.92299778E+00 1.18632319031977213E-01 3.76699009976806838E-03 2.20437362466012476E-02
4.92939865E+00 1.18606710052657813E-01 3.77900341273873508E-03 2.20479794046982598E-02
4.93579907E+00 1.18581021018738880E-01 3.79096375324946763E-03 2.20862630107955295E-02
4.94220037E+00 1.18555247077302514E-01 3.80287262025335226E-03 2.20950803830861527E-02
4.94860402E+00 1.18529382646538076E-01 3.81473178347748994E-03 2.21591078272153318E-02
4.95501167E+00 1.18503421358530966E-01 3.82654330828547393E-03 2.21656011210214776E-02
4.96142516E+00 1.18477356021681940E-01 3.83830956449212300E-03 2.22275481792983190E-02
4.96784649E+00 1.18451178604661894E-01 3.85003322127973856E-03 2.22634499273976424E-02
4.97427787E+00 1.18424880245352943E-01 3.86171722955353609E-03 2.23224893393484669E-02
4.98072165E+00 1.18398451284170633E-01 3.87336479293302893E-03 2.23781115478571963E-02
4.98718034E+00 1.18371881321699221E-01 3.88497932877249035E-03 2.24434426145446488E-02
4.99365658E+00 1.18345159298479288E-01 3.89656442083917507E-03 2.25114245857354657E-02
5.00015313E+00 1.18318273594706799E-01 3.90812376542407514E-03 2.25859649806975961E-02
5.00667280E+00 1.18291212146860752E-01 3.91966111271892584E-03 2.26648622306307584E-02
5.01321846E+00 1.18263962578246756E-01 3.93118020524005785E-03 2.27493163101697080E-02
5.01979296E+00 1.18236512340341354E-01 3.94268471496063509E-03 2.28386585440676255E-02
5.02639917E+00 1.18208848861987972E-01 3.95417818064499986E-03 2.29332528932555992E-02
5.03303986E+00 1.18180959703682753E-01 3.96566394669333605E-03 2.30329182321501007E-02
5.03971771E+00 1.18152832714404840E-01 3.97714510462325761E-03 2.31377704523087584E-02
5.04643389E+00 1.18124461992301616E-01 3.98862209976474837E-03 2.32477707209021202E-02
5.05318309E+00 1.18095868980872196E-01 4.00008442461154395E-03 2.33628972626636726E-02
5.05996823E+00 1.18067040517152777E-01 4.01153563059044715E-03 2.34830592531034589E-02
5.06677399E+00 1.18038040962696461E-01 4.02294874959963859E-03 2.36081731886463586E-02
5.07358965E+00 1.18008915645301721E-01 4.03430519711407091E-03 2.37378953843757172E-02
5.08041625E+00 1.17979660152227189E-01 4.04560624998252620E-03 2.38720587082829720E-02
5.08725476E+00 1.17950270264115226E-01 4.05685311487876277E-03 2.40106409341712887E-02
5.09410611E+00 1.17920741922430558E-01 4.06804693836669302E-03 2.41535981635578566E-02
5.10097119E+00 1.17891071214278970E-01 4.07918881662356052E-03 2.43008858618566394E-02
5.10785085E+00 1.17861254360425646E-01 4.09027980353279114E-03 2.44524635054457172E-02
5.11474043E+00 1.17831311498035829E-01 4.10131218402186564E-03 2.46082384315901431E-02
5.12163757E+00 1.17801252933520006E-01 4.11228215546176248E-03 2.47680587353180277E-02
5.12854327E+00 1.17771074413947296E-01 4.12319135842545599E-03 2.49318463766457638E-02
5.13545849E+00 1.17740771822049395E-01 4.13404138074682098E-03 2.50995726729593659E-02
5.14238392E+00 1.17710342266635640E-01 4.14483336969630016E-03 2.52712037621686952E-02
5.14931836E+00 1.17679791088231941E-01 4.15556559852365160E-03 2.54466830995453037E-02
5.15626271E+00 1.17649114457710605E-01 4.16623963137916289E-03 2.56259532595515156E-02
5.16321783E+00 1.17618308655684747E-01 4.17685698437612364E-03 2.58089939936194251E-02
5.17018455E+00 1.17587370063512234E-01 4.18741912679427078E-03 2.59957869594613575E-02
5.17716370E+00 1.17556295160160043E-01 4.19792748181606942E-03 2.61863164283456760E-02
5.18415605E+00 1.17525080522939598E-01 4.20838342636167036E-03 2.63805702166360484E-02
5.19116235E+00 1.17493722831825784E-01 4.21878829004711502E-03 2.65785392197950970E-02
5.19818182E+00 1.17462225695050049E-01 4.22914112126283274E-03 2.67801966454045449E-02
5.20521434E+00 1.17430589701610660E-01 4.23944201849880877E-03 2.69855017035237621E-02
5.21226061E+00 1.17398811833916511E-01 4.24969227205662225E-03 2.71944392915656370E-02
5.21932127E+00 1.17366889217048839E-01 4.25989311524961351E-03 2.74070103823413798E-02
5.22639696E+00 1.17334819131729606E-01 4.27004572202973470E-03 2.76232174679956338E-02
5.23348824E+00 1.17302599029656257E-01 4.28015120502668947E-03 2.78430652646221334E-02
5.24059164E+00 1.17270244865085554E-01 4.29020494603676254E-03 2.80665003638263695E-02
5.24770303E+00 1.17237775601919489E-01 4.30020160981349573E-03 2.82933876503497772E-02
5.25482309E+00 1.17205188462934998E-01 4.31014270170892826E-03 2.85236535997636619E-02
5.26195248E+00 1.17172480786112518E-01 4.32002968153027446E-03 2.87573119674712913E-02
5.26909182E+00 1.17139650016205604E-01 4.32986396511039328E-03 2.89943755446688926E-02
5.27624101E+00 1.17106696921873948E-01 4.33964597579745634E-03 2.92348467018418018E-02
5.28339966E+00 1.17073623625491327E-01 4.34937576665425218E-03 2.94787125440593677E-02
5.29056839E+00 1.17040427567478483E-01 4.35905479009779905E-03 2.97259735754638495E-02
5.29774780E+00 1.17007106307161143E-01 4.36868445546960416E-03 2.99766515722870580E-02
5.30493846E+00 1.16973657518939664E-01 4.37826613164445187E-03 3.02307694948740109E-02
5.31214092E+00 1.16940078986705470E-01 4.38780115067583399E-03 3.04883516259840358E-02
5.31935567E+00 1.16906368594685825E-01 4.39729081240706945E-03 3.07494238789774825E-02
5.32658323E+00 1.16872524314432791E-01 4.40673639006052258E-03 3.10140136308062545E-02
5.33382407E+00 1.16838544188321361E-01 4.41613913671632871E-03 3.12821496889052475E-02
5.34107821E+00 1.16804428315456593E-01 4.42549974505897920E-03 3.15538545367265652E-02
5.34834535E+00 1.16770178475267911E-01 4.43481847446757383E-03 3.18291367172293047E-02
5.35562596E+00 1.16735792723279802E-01 4.44409662195387016E-03 3.21080131177808800E-02
5.36292049E+00 1.16701269141980521E-01 4.45333548250027942E-03 3.23905180582512164E-02
5.37022567E+00 1.16666623534054978E-01 4.46253167985350644E-03 3.26766157674749716E-02
5.37754002E+00 1.16631863329341473E-01 4.47168419503974224E-03 3.29662241022249877E-02
5.38486409E+00 1.16596986222361282E-01 4.48079462792428437E-03 3.32593367959919672E-02
5.39219845E+00 1.16561989933995941E-01 4.48986457844501897E-03 3.35559912281536699E-02
5.39954365E+00 1.16526872183313993E-01 4.49889565800046416E-03 3.38562241885586174E-02
5.40690025E+00 1.16491630669102508E-01 4.50788949904229116E-03 3.41600730150671481E-02
5.41426881E+00 1.16456263058035012E-01 4.51684776271210967E-03 3.44675760806995024E-02
5.42164987E+00 1.16420766979170476E-01 4.52577214459849980E-03 3.47787725886205684E-02
5.42904215E+00 1.16385149000179156E-01 4.53466215157325835E-03 3.50936637626830181E-02
5.43643507E+00 1.16349460394864157E-01 4.54350637647295708E-03 3.54120132994870454E-02
5.44382874E+00 1.16313701131012359E-01 4.55230638153257799E-03 3.57335897528437627E-02
5.45122329E+00 1.16277871206269728E-01 4.56106375534944680E-03 3.60584009992706359E-02
5.45861882E+00 1.16241970619770096E-01 4.56978012044426292E-03 3.63864528405510174E-02
5.46601490E+00 1.16206001998284028E-01 4.57845650632332079E-03 3.67177356297110694E-02
5.47341116E+00 1.16169967669401963E-01 4.58709406864984785E-03 3.70522275527292513E-02
5.48080772E+00 1.16133867547927191E-01 4.59569458554713942E-03 3.73899176170484071E-02
5.48820470E+00 1.16097701540952711E-01 4.60425987121226409E-03 3.77308053675050603E-02
5.49560220E+00 1.16061469545593238E-01 4.61279177486754923E-03 3.80748890374964649E-02
5.50300033E+00 1.16025171447954142E-01 4.62129217894573143E-03 3.84221655680612798E-02
5.51039921E+00 1.15988807122481885E-01 4.62976299672156460E-03 3.87726306757858671E-02
5.51779894E+00 1.15952376431451121E-01 4.63820616958105381E-03 3.91262787751165200E-02
5.52519962E+00 1.15915879224512477E-01 4.64662366406015919E-03 3.94831029347061588E-02
5.53260135E+00 1.15879315338266758E-01 4.65501746875169806E-03 3.98430948378033084E-02
5.54000422E+00 1.15842684595843293E-01 4.66338959115639509E-03 4.02062447442057824E-02
5.54740833E+00 1.15805986806476011E-01 4.67174205453654411E-03 4.05725414564135425E-02
5.55481376E+00 1.15769221765058328E-01 4.68007689481320793E-03 4.09419722916419815E-02
5.56222062E+00 1.15732389251683651E-01 4.68839615753522451E-03 4.13145230463636062E-02
5.56962897E+00 1.15695489031159809E-01 4.69670189494486752E-03 4.16901779662861779E-02
5.57703891E+00 1.15658520852505553E-01 4.70499616316647981E-03 4.20689197239432350E-02
5.58445051E+00 1.15621484448426751E-01 4.71328101954725850E-03 4.24507293829409285E-02
5.59186386E+00 1.15584379534790671E-01 4.72155852017497671E-03 4.28355863727320416E-02
5.59927903E+00 1.15547205810089398E-01 4.72983071758706266E-03 4.32234684617682635E-02
5.60669610E+00 1.15509962954912671E-01 4.73809965867488456E-03 4.36143517279222320E-02
5.61411513E+00 1.15472650631427434E-01 4.74636738278318929E-03 4.40082105272919799E-02
5.62153620E+00 1.15435268482872416E-01 4.75463592000139983E-03 4.44050174696526134E-02
5.62895912E+00 1.15397817456560747E-01 4.76290699929529746E-03 4.48047364748604404E-02
5.63638336E+00 1.15360300046039824E-01 4.77118199667078430E-03 4.52073139140657457E-02
5.64380902E+00 1.15322715802500433E-01 4.77946291794487457E-03 4.56127005648366765E-02
5.65123616E+00 1.15285064258554754E-01 4.78775175158021715E-03 4.60208615673582330E-02
5.65866485E+00 1.15247344926687714E-01 4.79605046855999598E-03 4.64317601490153789E-02
5.66609515E+00 1.15209557298728643E-01 4.80436102191883051E-03 4.68453575470584860E-02
5.67352712E+00 1.15171700845644098E-01 4.81268534609534046E-03 4.72616131313529364E-02
5.68096084E+00 1.15133775017498538E-01 4.82102535623004074E-03 4.76804843585108967E-02
5.68839635E+00 1.15095779243535284E-01 4.82938294746111489E-03 4.81019267518357704E-02
5.69583371E+00 1.15057712932362152E-01 4.83775999423155176E-03 4.85258938950312371E-02
5.70327298E+00 1.15019575472228353E-01 4.84615834960606257E-03 4.89523374096628855E-02
5.71071421E+00 1.14981366231380583E-01 4.85457984459222724E-03 4.93812069646829971E-02
5.71815744E+00 1.14943084558485675E-01 4.86302628745772549E-03 4.98124502558659754E-02
5.72560273E+00 1.14904729783109755E-01 4.87149946303160140E-03 5.02460130252909212E-02
5.73305010E+00 1.14866301216246441E-01 4.88000113197066977E-03 5.06818390513817524E-02
5.74049961E+00 1.14827798150888782E-01 4.88853302996949002E-03 5.11198701685896956E-02
5.74795130E+00 1.14789219862650005E-01 4.89709686689550252E-03 5.15600462756270472E-02
5.75540519E+00 1.14750565610432384E-01 4.90569432584095962E-03 5.20023053548219483E-02
5.76286133E+00 1.14711834637156646E-01 4.91432706209636149E-03 5.24465834883558538E-02
5.77031974E+00 1.14673026170562659E-01 4.92299670206274281E-03 5.28928148886970151E-02
5.77778045E+00 1.14634139424093617E-01 4.93170484213111080E-03 5.33409319191485570E-02
5.78524349E+00 1.14595173597875119E-01 4.94045304756623570E-03 5.37908651310591776E-02
5.79270888E+00 1.14556127879801142E-01 4.94924285143666983E-03 5.42425432900936685E-02
5.80017665E+00 1.14517001446728328E-01 4.95807575363495494E-03 5.46958934167785515E-02
5.80764680E+00 1.14477793465780589E-01 4.96695322002423632E-03 5.51508408202185801E-02
5.81511936E+00 1.14438503095754637E-01 4.97587668173569628E-03 5.56073091446777149E-02
5.82259382E+00 1.14399132218299171E-01 4.98484691717968487E-03 5.60652049428380511E-02
5.83007006E+00 1.14359680718852219E-01 4.99386511546245568E-03 5.65244278910117040E-02
5.83754809E+00 1.14320147722864390E-01 5.00293259857613904E-03 5.69848925519968463E-02
5.84502791E+00 1.14280532353176936E-01 5.01205065103167615E-03 5.74465166771692057E-02
5.85250955E+00 1.14240833730740995E-01 5.02122052071790094E-03 5.79092165017123239E-02
5.85999301E+00 1.14201050975692595E-01 5.03044341948322322E-03 5.83761198594190123E-02
5.86747828E+00 1.14161183208541170E-01 5.03972052367152555E-03 5.88366628215452533E-02
5.87496538E+00 1.14121229551557166E-01 5.04905297475376821E-03 5.93030125771363964E-02
5.88245430E+00 1.14081189130069177E-01 5.05844188010219284E-03 5.97691739035026356E-02
5.88994503E+00 1.14041061074003733E-01 5.06788831396599252E-03 6.02359554982552364E-02
5.89743756E+00 1.14000844519436040E-01 5.07739331861317787E-03 6.07032834042134234E-02
5.90493190E+00 1.13960538610202791E-01 5.08695790559240187E-03 6.11710673466963548E-02
5.91242801E+00 1.13920142499548696E-01 5.09658305701491190E-03 6.16392148306868781E-02
5.91992588E+00 1.13879655351778117E-01 5.10626972671413080E-03 6.21076326275934038E-02
5.92742549E+00 1.13839076343890330E-01 5.11601884110829148E-03 6.25762268273662992E-02
5.93492682E+00 1.13798404667181122E-01 5.12583129958319849E-03 6.30449029233372260E-02
5.94242983E+00 1.13757639528800747E-01 5.13570797423648379E-03 6.35135658996908853E-02
5.94993449E+00 1.13716780153269484E-01 5.14564970888088842E-03 6.39821203207552452E-02
5.95744076E+00 1.13675825783952009E-01 5.15565731728567702E-03 6.44504704314655674E-02
5.96494861E+00 1.13634775684499770E-01 5.16573158071739844E-03 6.49185202394156335E-02
5.97245798E+00 1.13593629140271282E-01 5.17587324490678333E-03 6.53861736317502829E-02
5.97996883E+00 1.13552385459733285E-01 5.18608301659930545E-03 6.58533344595439163E-02
5.98748111E+00 1.13511043975861300E-01 5.19636155983653394E-03 6.63199066426795325E-02
5.99499475E+00 1.13469604047528191E-01 5.20670949207442668E-03 6.67857942776449026E-02
6.00250970E+00 1.13428065060913255E-01 5.21712738018663153E-03 6.72509017247801405E-02
6.01002590E+00 1.13386426430937201E-01 5.22761573634591276E-03 6.77151337209424969E-02
6.01754327E+00 1.13344687602750752E-01 5.23817501373542889E-03 6.81783954622169064E-02
6.02506175E+00 1.13302848053318694E-01 5.24880560202866438E-03 6.86405927135437938E-02
6.03258126E+00 1.13260907293114832E-01 5.25950782258715645E-03 6.91016318844593358E-02
6.04010171E+00 1.13218864867969948E-01 5.27028192336647001E-03 6.95614201318647818E-02
6.04762303E+00 1.13176720361067032E-01 5.28112807357901740E-03 7.00198654320280112E-02
6.05514513E+00 1.13134473395081606E-01 5.29204635823781085E-03 7.04768766732358359E-02
6.06266791E+00 1.13092123634434563E-01 5.30303677277994476E-03 7.09323637277883279E-02
6.07019128E+00 1.13049670787598283E-01 5.31409921803365718E-03 7.13862375330484300E-02
6.07771514E+00 1.13007114609398676E-01 5.32523349582997210E-03 7.18384101625801352E-02
6.08523937E+00 1.12964454903233841E-01 5.33643930556543071E-03 7.22887949015726949E-02
6.09276377E+00 1.12921692063862100E-01 5.34771610069344119E-03 7.27373035166825471E-02
6.10028801E+00 1.12878827250030261E-01 5.35906304127192670E-03 7.31838427058971869E-02
6.10781197E+00 1.12835843462643234E-01 5.37047488244941397E-03 7.36295607672072111E-02
6.11533554E+00 1.12792751800242383E-01 5.38195393089598625E-03 7.40719118125176407E-02
6.12285860E+00 1.12749555999416509E-01 5.39350039753444185E-03 7.45120509061231728E-02
6.13038102E+00 1.12706257355247016E-01 5.40511373724629658E-03 7.49498953697398523E-02
6.13790269E+00 1.12662856384423068E-01 5.41679309174855367E-03 7.53806905815145589E-02
6.14542345E+00 1.12619353381190779E-01 5.42853744508487151E-03 7.58198044207897132E-02
6.15294318E+00 1.12575748603447698E-01 5.44034568242128883E-03 7.62487278648682903E-02
6.16046173E+00 1.12532042335536528E-01 5.45221661617287419E-03 7.66767903936953488E-02
6.16797894E+00 1.12488234909504742E-01 5.46414900113881535E-03 7.71020322926578433E-02
6.17549466E+00 1.12444326712469622E-01 5.47614154610296180E-03 7.75246157952333842E-02
6.18300872E+00 1.12400318189110490E-01 5.48819292449276731E-03 7.79444116856072428E-02
6.19052095E+00 1.12356209842348675E-01 5.50030178501184890E-03 7.83613694796859578E-02
6.19803118E+00 1.12312002233243544E-01 5.51246676255057102E-03 7.87754282317108673E-02
6.20553922E+00 1.12267695980474189E-01 5.52468648944088540E-03 7.91865316757699306E-02
6.21304488E+00 1.12223291759558030E-01 5.53695960700455528E-03 7.95946253649859048E-02
6.22054797E+00 1.12178790301905473E-01 5.54928477727170862E-03 7.99996573441353054E-02
6.22804828E+00 1.12134192393796614E-01 5.56166069469503886E-03 8.04015780889280191E-02
6.23554561E+00 1.12089498875358295E-01 5.57408609765285175E-03 8.08003405983938744E-02
6.24303973E+00 1.12044710639626080E-01 5.58655977952085027E-03 8.11959004391758915E-02
6.25053043E+00 1.11999828631769480E-01 5.59908059909672035E-03 8.15882158206295838E-02
6.25801749E+00 1.11954853848545921E-01 5.61164749017522592E-03 8.19772476278618212E-02
6.26550066E+00 1.11909787338038372E-01 5.62425947008727677E-03 8.23629594870211312E-02
6.27297970E+00 1.11864630199716125E-01 5.63691564702737194E-03 8.27453178072766748E-02
6.28045439E+00 1.11819383584832802E-01 5.64961522600024562E-03 8.31242918248503021E-02
6.28792445E+00 1.11774048697178691E-01 5.66235751322026037E-03 8.34998536466858982E-02
6.29538963E+00 1.11728626794167049E-01 5.67514191880891423E-03 8.38719783025816956E-02
6.30284967E+00 1.11683119188240379E-01 5.68796795765603384E-03 8.42406437731861857E-02
6.31030430E+00 1.11637527248557869E-01 5.70083524834682186E-03 8.46058310494013921E-02
6.31775323E+00 1.11591852402918496E-01 5.71374351010165132E-03 8.49675241583447566E-02
6.32519619E+00 1.11546096139868670E-01 5.72669255772500791E-03 8.53257101934757206E-02
6.33263287E+00 1.11500260010925445E-01 5.73968229460199326E-03 8.56803793298991645E-02
6.34006299E+00 1.11454345632850574E-01 5.75271270381538368E-03 8.60315248036368357E-02
6.34748623E+00 1.11408354689908284E-01 5.76578383748058403E-03 8.63791428858528554E-02
6.35490227E+00 1.11362288936033893E-01 5.77889580441112629E-03 8.67232328299371857E-02
6.36231080E+00 1.11316150196857186E-01 5.79204875623376327E-03 8.70637968190949157E-02
6.36971149E+00 1.11269940371516454E-01 5.80524287206773872E-03 8.74008399164479255E-02
6.37710399E+00 1.11223661434228710E-01 5.81847834186574250E-03 8.77343700286966066E-02
6.38448797E+00 1.11177315435583277E-01 5.83175534849659886E-03 8.80643978733801625E-02
6.39186307E+00 1.11130904503550343E-01 5.84507404863733072E-03 8.83909369523281918E-02
6.39922892E+00 1.11084430844212961E-01 5.85843455255364697E-03 8.87140035200484900E-02
6.40658505E+00 1.11037897556052589E-01 5.87183667191470537E-03 8.90336138660410698E-02
6.41393085E+00 1.10991308399181060E-01 5.88527996325274687E-03 8.93497822401504854E-02
6.42126594E+00 1.10944665889769603E-01 5.89876424683009361E-03 8.96625280554109172E-02
6.42858993E+00 1.10897972618177201E-01 5.91228920663971862E-03 8.99718783220551932E-02
6.43590241E+00 1.10851231249677870E-01 5.92585436840074257E-03 9.02778624754924097E-02
6.44320298E+00 1.10804444524866069E-01 5.93945907724946400E-03 9.05805122774384908E-02
6.45049123E+00 1.10757615259602274E-01 5.95310247573708519E-03 9.08798618540792580E-02
6.45776675E+00 1.10710746344465066E-01 5.96678348251850586E-03 9.11759475595427249E-02
6.46502913E+00 1.10663840743706637E-01 5.98050077194210369E-03 9.14688078909350472E-02
6.47227793E+00 1.10616901493653316E-01 5.99425275463775706E-03 9.17584833676809430E-02
6.47951274E+00 1.10569931700562757E-01 6.00803755912927406E-03 9.20450164339576826E-02
6.48673312E+00 1.10522934537916395E-01 6.02185301446012643E-03 9.23284513366173371E-02
6.49393865E+00 1.10475913243171117E-01 6.03569663381558433E-03 9.26088340101685614E-02
6.50112889E+00 1.10428871113993299E-01 6.04956559914339269E-03 9.28862119517521734E-02
6.50830340E+00 1.10381811504011565E-01 6.06345674680775978E-03 9.31606340967689184E-02
6.51546175E+00 1.10334737818135881E-01 6.07736655435460720E-03 9.34321506846800820E-02
6.52260350E+00 1.10287653507487593E-01 6.09129112851111276E-03 9.37008131314878007E-02
6.52972822E+00 1.10240562063996975E-01 6.10522619459025282E-03 9.39666738986099370E-02
6.53683548E+00 1.10193467014719201E-01 6.11916708752215099E-03 9.42297863642781036E-02
6.54392484E+00 1.10146371915914545E-01 6.13310874478436088E-03 9.44902047066332185E-02
6.55099588E+00 1.10099280346941636E-01 6.14704570154767007E-03 9.47479837865406183E-02
6.55804817E+00 1.10052195903985295E-01 6.16097208838254327E-03 9.50031790475553001E-02
6.56508131E+00 1.10005122193658406E-01 6.17488163187907262E-03 9.52558464195453897E-02
6.57209486E+00 1.09958062826479894E-01 6.18876765851748226E-03 9.55060422309193940E-02
6.57908845E+00 1.09911021410239243E-01 6.20262310209793426E-03 9.57538231200431161E-02
6.58606166E+00 1.09864001543245673E-01 6.21644051500746652E-03 9.59992459458596653E-02
6.59301413E+00 1.09817006807448214E-01 6.23021208358283396E-03 9.62423676718042048E-02
6.59994547E+00 1.09770040761400664E-01 6.24392964782414205E-03 9.64832452234930527E-02
6.60685532E+00 1.09723106933035774E-01 6.25758472571735346E-03 9.67219352871679788E-02
6.61374334E+00 1.09676208812195294E-01 6.27116854241915184E-03 9.69584940551033170E-02
6.62060921E+00 1.09629349842852108E-01 6.28467206451848413E-03 9.71929769376008168E-02
6.62745260E+00 1.09582533414950292E-01 6.29808603950256316E-03 9.74254383591097173E-02
6.63427323E+00 1.09535762855791266E-01 6.31140104041143755E-03 9.76559318567755824E-02
6.64107081E+00 1.09489060844269390E-01 6.32461383732050002E-03 9.78838948529142383E-02
6.64784510E+00 1.09442417410113124E-01 6.33771063780730164E-03 9.81107526839753025E-02
6.65459587E+00 1.09395831296462326E-01 6.35068041348539353E-03 9.83355448471019133E-02
6.66132291E+00 1.09349304041868031E-01 6.36351310499668962E-03 9.85587401971211446E-02
6.66802604E+00 1.09302838034166627E-01 6.37619907772439716E-03 9.87802174908836012E-02
6.67470513E+00 1.09256435854271514E-01 6.38872898249331477E-03 9.90000917447596135E-02
6.68136006E+00 1.09210100048768702E-01 6.40109375273260721E-03 9.92184080499379367E-02
6.68799074E+00 1.09163833044479575E-01 6.41328464711421378E-03 9.94352290467008237E-02
6.69459713E+00 1.09117637109592797E-01 6.42529330619883658E-03 9.96506069025955427E-02
6.70117922E+00 1.09071514329656005E-01 6.43711181126671063E-03 9.98645949712902575E-02
6.70773695E+00 1.09025467244465185E-01 6.44873257946635640E-03 1.00077244243203925E-01
6.71426867E+00 1.08979509675025676E-01 6.46014582133561804E-03 1.00288582051780345E-01
6.72077431E+00 1.08933644486933115E-01 6.47134510314916964E-03 1.00498624162619329E-01
6.72725383E+00 1.08887874366549647E-01 6.48232460698679788E-03 1.00707421355237386E-01
6.73370724E+00 1.08842201802841140E-01 6.49307916518674332E-03 1.00915022713507857E-01
6.74013457E+00 1.08796629068519612E-01 6.50360428194405801E-03 1.01121476374839592E-01
6.74653591E+00 1.08751158199412931E-01 6.51389614815320664E-03 1.01326830927786160E-01
6.75291139E+00 1.08705790972032465E-01 6.52395165502617572E-03 1.01531135039554965E-01
6.75926118E+00 1.08660528879293700E-01 6.53376841117112028E-03 1.01734437580963274E-01
6.76558553E+00 1.08615373104250804E-01 6.54334476655449304E-03 1.01936787583444849E-01
6.77188469E+00 1.08570324491754466E-01 6.55267984488725960E-03 1.02138234287585547E-01
6.77815901E+00 1.08525383518040169E-01 6.56177358359398381E-03 1.02338827171101321E-01
6.78440886E+00 1.08480550258447883E-01 6.57062677802089032E-03 1.02538616020753592E-01
6.79063470E+00 1.08435824353728893E-01 6.57924112439159901E-03 1.02737651025202992E-01
6.79683703E+00 1.08391204975645375E-01 6.58761925469360590E-03 1.02935982906314533E-01
6.80301641E+00 1.08346690792827466E-01 6.59576475651587647E-03 1.03133663076636253E-01
6.80917346E+00 1.08302279938016624E-01 6.60368217197527130E-03 1.03330743813022624E-01
6.81530889E+00 1.08257969977895649E-01 6.61137697213829648E-03 1.03527278441618284E-01
6.82142345E+00 1.08213757886635745E-01 6.61885550638719160E-03 1.03723321528539802E-01
6.82751363E+00 1.08169671416779536E-01 6.62611997698764159E-03 1.03918872676467100E-01
6.83357935E+00 1.08125713466794782E-01 6.63317761374745875E-03 1.04113880745847834E-01
6.83962124E+00 1.08081881601314600E-01 6.64003701877935795E-03 1.04308390704110132E-01
6.84564002E+00 1.08038172768283786E-01 6.64670727809471042E-03 1.04502456816310221E-01
6.85163645E+00 1.07994583295241683E-01 6.65319787793535421E-03 1.04696131685628580E-01
6.85761136E+00 1.07951108888312552E-01 6.65951862730767164E-03 1.04889470590793607E-01
6.86356566E+00 1.07907744633493646E-01 6.66567959489444174E-03 1.05082531455192821E-01
6.86950030E+00 1.07864485000195673E-01 6.67169106358053102E-03 1.05275374624497861E-01
6.87541632E+00 1.07821323846873568E-01 6.67756350212495280E-03 1.05468062363287693E-01
6.88131482E+00 1.07778254428639114E-01 6.68330755106126984E-03 1.05660658477864558E-01
6.88719695E+00 1.07735269406855044E-01 6.68893401853945437E-03 1.05853228102173014E-01
6.89306394E+00 1.07692360860882602E-01 6.69445388137333668E-03 1.06045837757924033E-01
6.89891562E+00 1.07649531010212990E-01 6.69987698727390283E-03 1.06238535757884001E-01
6.90474742E+00 1.07606814004491069E-01 6.70520955863748627E-03 1.06431279074984828E-01
6.91056046E+00 1.07564202564725986E-01 6.71046312874562078E-03 1.06624006223172807E-01
6.91635591E+00 1.07521688829299841E-01 6.71564926586799837E-03 1.06816794641159993E-01
6.92213498E+00 1.07479264375546210E-01 6.72077957636557644E-03 1.07009711687216166E-01
6.92789896E+00 1.07436920245800788E-01 6.72586568620159222E-03 1.07202823612437326E-01
6.93364917E+00 1.07394646975633570E-01 6.73091920904491606E-03 1.07396200090570923E-01
6.93938701E+00 1.07352434625014398E-01 6.73595170728385866E-03 1.07589913157672093E-01
6.94511388E+00 1.07310272812772306E-01 6.74097465004518115E-03 1.07784037325439022E-01
6.95083127E+00 1.07268131218903176E-01 6.74599206040251559E-03 1.07979248840828740E-01
6.95654067E+00 1.07226011458275178E-01 6.75101972659527920E-03 1.08174200519000979E-01
6.96224360E+00 1.07183906227489176E-01 6.75607010196985908E-03 1.08370262725224001E-01
6.96793423E+00 1.07141859860246491E-01 6.76114801559548305E-03 1.08566676303383750E-01
6.97361291E+00 1.07099869960125077E-01 6.76626293735875951E-03 1.08763703286133731E-01
6.97928108E+00 1.07057925634973822E-01 6.77142471825926875E-03 1.08961286069366767E-01
6.98494024E+00 1.07016015577203569E-01 6.77664276953434883E-03 1.09159557728173678E-01
6.99059188E+00 1.06974128188588452E-01 6.78192611079515579E-03 1.09358577583957520E-01
6.99623751E+00 1.06932251653998431E-01 6.78728339052388913E-03 1.09558434460828524E-01
7.00187867E+00 1.06890373997521451E-01 6.79272289582270004E-03 1.09759208272275297E-01
7.00751688E+00 1.06848483132502267E-01 6.79825255799970402E-03 1.09960984461638309E-01
7.01315366E+00 1.06806566909119605E-01 6.80387995694157165E-03 1.10163848132784473E-01
7.01879055E+00 1.06764613160325483E-01 6.80961232625355937E-03 1.10367886089485681E-01
7.02442905E+00 1.06722609745965896E-01 6.81545656082952356E-03 1.10573185862599566E-01
7.03006636E+00 1.06680576517412598E-01 6.82141482378656201E-03 1.10779766668953894E-01
7.03570001E+00 1.06638531103173437E-01 6.82748903424125995E-03 1.10987553070150805E-01
7.04133150E+00 1.06596461406384180E-01 6.83368478880617015E-03 1.11196547819414737E-01
7.04696232E+00 1.06554355343246698E-01 6.84000734429768102E-03 1.11406847847579815E-01
7.05259392E+00 1.06512200896279927E-01 6.84646168339278667E-03 1.11618541584741271E-01
7.05822776E+00 1.06469986156920229E-01 6.85305256252407430E-03 1.11831714992357112E-01
7.06386526E+00 1.06427699359854050E-01 6.85978455092424878E-03 1.12046455098250272E-01
7.06950779E+00 1.06385328911203239E-01 6.86666206551115807E-03 1.12262848837224122E-01
7.07515669E+00 1.06342863411671304E-01 6.87368940248500680E-03 1.12480983140329685E-01
7.08080878E+00 1.06300325653399405E-01 6.88086516738046963E-03 1.12700866875298886E-01
7.08646221E+00 1.06257728218564967E-01 6.88818931024467920E-03 1.12922420941705445E-01
7.09211312E+00 1.06215099166893395E-01 6.89565881400261513E-03 1.13145569241700217E-01
7.09775531E+00 1.06172484188976790E-01 6.90326710812046163E-03 1.13370141791156800E-01
7.10339038E+00 1.06129870246347624E-01 6.91101737390102753E-03 1.13596044058292808E-01
7.10901993E+00 1.06087244356049382E-01 6.91891265026716579E-03 1.13823379528878055E-01
7.11464549E+00 1.06044593652521793E-01 6.92695591982891122E-03 1.14052237796844216E-01
7.12026860E+00 1.06001905431569468E-01 6.93515016088035348E-03 1.14282701073582238E-01
7.12588286E+00 1.05959227265605110E-01 6.94348690530386444E-03 1.14514709158844125E-01
7.13148756E+00 1.05916563554037460E-01 6.95196556797799195E-03 1.14748097520817896E-01
7.13708433E+00 1.05873901038412196E-01 6.96058890833351363E-03 1.14982903599693195E-01
7.14267477E+00 1.05831226608801773E-01 6.96935973850074456E-03 1.15219220022858879E-01
7.14825926E+00 1.05788536201697106E-01 6.97827916047922842E-03 1.15457104644015665E-01
7.15383828E+00 1.05745825275695579E-01 6.98734844926526127E-03 1.15696585144628133E-01
7.15941334E+00 1.05703081218319450E-01 6.99657065965368988E-03 1.15937713047159260E-01
7.16498590E+00 1.05660291669004897E-01 7.00594895387585993E-03 1.16180568618805657E-01
7.17055740E+00 1.05617444528168569E-01 7.01548662171175199E-03 1.16425228320759036E-01
7.17612922E+00 1.05574527960676845E-01 7.02518709633622677E-03 1.16671766588716350E-01
7.18170257E+00 1.05531531382029489E-01 7.03505374255185625E-03 1.16920254480753188E-01
7.18727208E+00 1.05488495123879020E-01 7.04507850549327980E-03 1.17170626320948726E-01
7.19283791E+00 1.05445416971255659E-01 7.05526285026250241E-03 1.17422742281143577E-01
7.19840148E+00 1.05402284991758161E-01 7.06561051051150975E-03 1.17676651146332148E-01
7.20396423E+00 1.05359086937072549E-01 7.07612538888056572E-03 1.17932432519128799E-01
7.20952755E+00 1.05315810829107681E-01 7.08681142625202515E-03 1.18190156559055903E-01
7.21509282E+00 1.05272444954774738E-01 7.09767258707816491E-03 1.18449893061984834E-01
7.22066134E+00 1.05228977853268985E-01 7.10871283992149054E-03 1.18711710442272522E-01
7.22623440E+00 1.05185398298535224E-01 7.11993614030329187E-03 1.18975676088665369E-01
7.23181324E+00 1.05141695278968078E-01 7.13134641895539576E-03 1.19241856083576486E-01
7.23739729E+00 1.05097872118343191E-01 7.14294390358656897E-03 1.19510275810276956E-01
7.24298347E+00 1.05053951695884468E-01 7.15472353992571784E-03 1.19780851734757374E-01
7.24857324E+00 1.05009921479937124E-01 7.16668935243459752E-03 1.20053528175103980E-01
7.25416801E+00 1.04965769133912451E-01 7.17884527305474602E-03 1.20328384570832156E-01
7.25976917E+00 1.04921482516483616E-01 7.19119518735560417E-03 1.20605492591553495E-01
7.26537805E+00 1.04877049676563291E-01 7.20374294928391706E-03 1.20884917394190064E-01
7.27099597E+00 1.04832458843276369E-01 7.21649237421000903E-03 1.21166724710876222E-01
7.27662422E+00 1.04787698412869210E-01 7.22944721690815979E-03 1.21450979019194522E-01
7.28226404E+00 1.04742756933980150E-01 7.24261113921247871E-03 1.21737744083815908E-01
7.28791667E+00 1.04697623092335670E-01 7.25598767147198932E-03 1.22027082857171856E-01
7.29357810E+00 1.04652327285721047E-01 7.26956792436981355E-03 1.22318933127895296E-01
7.29924914E+00 1.04606861870269727E-01 7.28335375144052635E-03 1.22613187844448648E-01
7.30493127E+00 1.04561213447196266E-01 7.29734840389912459E-03 1.22909907391001286E-01
7.31062595E+00 1.04515368771487732E-01 7.31155480934610712E-03 1.23209170949539260E-01
7.31633460E+00 1.04469314753138601E-01 7.32597556577757603E-03 1.23511049377211940E-01
7.32205862E+00 1.04423038455697878E-01 7.34061292086710376E-03 1.23815613650553227E-01
7.32779938E+00 1.04376527094145868E-01 7.35546874714033613E-03 1.24122933330771984E-01
7.33355819E+00 1.04329768033710676E-01 7.37054451884681418E-03 1.24433076447835148E-01
7.33933635E+00 1.04282748790440569E-01 7.38584129261796521E-03 1.24746109148385242E-01
7.34513514E+00 1.04235457033696396E-01 7.40135969083271453E-03 1.25062095696190229E-01
7.35095578E+00 1.04187880590210044E-01 7.41709988414806891E-03 1.25381098548530523E-01
7.35679947E+00 1.04140007449017760E-01 7.43306156869071467E-03 1.25703178490278400E-01
7.36266739E+00 1.04091825766670268E-01 7.44924393455647770E-03 1.26028394728600029E-01
7.36856066E+00 1.04043323872648197E-01 7.46564562527617537E-03 1.26356804921777727E-01
7.37448038E+00 1.03994490275737470E-01 7.48226469153002137E-03 1.26688465127336281E-01
7.38042762E+00 1.03945313672743581E-01 7.49909854486917934E-03 1.27023429698926327E-01
7.38640339E+00 1.03895782960810756E-01 7.51614391716519739E-03 1.27361751139081797E-01
7.39240870E+00 1.03845887253584776E-01 7.53339682879558808E-03 1.27703479910262319E-01
7.39844449E+00 1.03795615899879928E-01 7.55085256450017950E-03 1.28048664203391838E-01
7.40451167E+00 1.03744958502236501E-01 7.56850565264954693E-03 1.28397349623564000E-01
7.41061112E+00 1.03693904932696576E-01 7.58634984338525404E-03 1.28749578813954185E-01
7.41674367E+00 1.03642445344584319E-01 7.60437808434960821E-03 1.29105391071754616E-01
7.42291011E+00 1.03590570181435790E-01 7.62258249819556307E-03 1.29464822063857482E-01
7.42911121E+00 1.03538270186164599E-01 7.64095437095650698E-03 1.29827903717056187E-01
7.43534767E+00 1.03485536413696622E-01 7.65948416181139440E-03 1.30194664279741801E-01
7.44162017E+00 1.03432360248211244E-01 7.67816154153377114E-03 1.30565128469003228E-01
7.44792935E+00 1.03378733422665153E-01 7.69697546017114077E-03 1.30939317555526430E-01
7.45427581E+00 1.03324648035323888E-01 7.71591423745573123E-03 1.31317249277772496E-01
7.46066013E+00 1.03270096557530569E-01 7.73496566560482983E-03 1.31698937568059088E-01
7.46708284E+00 1.03215071829614188E-01 7.75411711543234298E-03 1.32084392159385194E-01
7.47354444E+00 1.03159567046577333E-01 7.77335564234781125E-03 1.32473618277257288E-01
7.48004541E+00 1.03103575739555156E-01 7.79266809588890878E-03 1.32866616581634289E-01
7.48658621E+00 1.03047091760380197E-01 7.81204124126872162E-03 1.33263383439055694E-01
7.49316727E+00 1.02990109273809957E-01 7.83146190145547934E-03 1.33663911463948265E-01
7.49978899E+00 1.02932622756171405E-01 7.85091712324285755E-03 1.34068190090291445E-01
7.50645179E+00 1.02874626993361931E-01 7.87039436255101456E-03 1.34476205908359986E-01
7.51315605E+00 1.02816117068587259E-01 7.88988167599697851E-03 1.34887942552728318E-01
7.51987741E+00 1.02757304980874237E-01 7.90929818573437443E-03 1.35302674715186116E-01
7.52659436E+00 1.02698380358678787E-01 7.92857467863615148E-03 1.35718853068663436E-01
7.53330857E+00 1.02639330881761207E-01 7.94770960940407653E-03 1.36135720358232598E-01
7.54002167E+00 1.02580144311619423E-01 7.96670186068244683E-03 1.36553381783252159E-01
7.54673527E+00 1.02520808565187388E-01 7.98555103010962879E-03 1.36971876098272161E-01
7.55345091E+00 1.02461311791146814E-01 8.00425753464159388E-03 1.37391213526619010E-01
7.56016610E+00 1.02401678245124306E-01 8.02281176151333625E-03 1.37811295727617938E-01
7.56687969E+00 1.02341920239800849E-01 8.04120918508679887E-03 1.38231909071401704E-01
7.57357985E+00 1.02282145655226142E-01 8.05941814451746272E-03 1.38652594725900052E-01
7.58026504E+00 1.02222371226894676E-01 8.07743648779328180E-03 1.39072785633853363E-01
7.58693975E+00 1.02162559666777106E-01 8.09527876832324446E-03 1.39492495806718797E-01
7.59360796E+00 1.02102678000122418E-01 8.11295849835535349E-03 1.39911939220282805E-01
7.60027320E+00 1.02042696510770539E-01 8.13048865250273582E-03 1.40331265410338218E-01
7.60693872E+00 1.01982587777617179E-01 8.14788199484982670E-03 1.40750599599545501E-01
7.61358035E+00 1.01922571911231816E-01 8.16508260281470846E-03 1.41169273637001436E-01
7.62017668E+00 1.01862845599048263E-01 8.18204476305858970E-03 1.41585668308599061E-01
7.62673654E+00 1.01803332762901710E-01 8.19880004181360728E-03 1.41999205455493216E-01
7.63326779E+00 1.01743964967619421E-01 8.21537641803873724E-03 1.42410446024177628E-01
7.63977743E+00 1.01684681047511036E-01 8.23179899181169551E-03 1.42819793673977680E-01
7.64627166E+00 1.01625426506154651E-01 8.24809052827560514E-03 1.43227566897024011E-01
7.65275597E+00 1.01566152677211197E-01 8.26427188243772891E-03 1.43634049465913516E-01
7.65923528E+00 1.01506815734008160E-01 8.28036234142874757E-03 1.44039483006100449E-01
7.66571406E+00 1.01447375650542890E-01 8.29637989238002534E-03 1.44444076072521077E-01
7.67219642E+00 1.01387795212821485E-01 8.31234142016650315E-03 1.44848009285555274E-01
7.67868622E+00 1.01328039164061828E-01 8.32826284583400127E-03 1.45251441411294480E-01
7.68518716E+00 1.01268073542128356E-01 8.34415922124206837E-03 1.45654513774280153E-01
7.69170280E+00 1.01207865236028330E-01 8.36004479356537884E-03 1.46057353601818152E-01
7.69823661E+00 1.01147381755734372E-01 8.37593304654671300E-03 1.46460076052481875E-01
7.70475267E+00 1.01086955443845938E-01 8.39174407788491165E-03 1.46861717283698845E-01
7.71125476E+00 1.01026552576361256E-01 8.40749295242494178E-03 1.47260899040618787E-01
7.71775701E+00 1.00966042434550304E-01 8.42321777309695645E-03 1.47658169393840022E-01
7.72427327E+00 1.00905295892156327E-01 8.43895447590877791E-03 1.48054370909062788E-01
7.73078979E+00 1.00844440627453499E-01 8.45467333436697270E-03 1.48449493608675237E-01
7.73727796E+00 1.00783744321823923E-01 8.47031041699745739E-03 1.48842093042545559E-01
7.74375782E+00 1.00723020343301078E-01 8.48591627651736763E-03 1.49231543643577158E-01
7.75024996E+00 1.00662075766896453E-01 8.50154069622287983E-03 1.49619176558911826E-01
7.75677577E+00 1.00600708442330752E-01 8.51723416691327513E-03 1.50006165556936355E-01
7.76332173E+00 1.00539043450556809E-01 8.53296518257448330E-03 1.50392740883202508E-01
7.76987064E+00 1.00477241951033594E-01 8.54869477776901317E-03 1.50777731427867573E-01
7.77643033E+00 1.00415229457799529E-01 8.56444298503141258E-03 1.51160600412948820E-01
7.78297785E+00 1.00353222303610198E-01 8.58015776978819644E-03 1.51541055895267757E-01
7.78950298E+00 1.00291317872134772E-01 8.59581775247493518E-03 1.51917863280092741E-01
7.79601082E+00 1.00229468372785485E-01 8.61143729086973411E-03 1.52290752047873290E-01
7.80250958E+00 1.00167595973555817E-01 8.62703749771509543E-03 1.52660095705748455E-01
7.80900779E+00 1.00105619234378801E-01 8.64264000437791648E-03 1.53026289997108517E-01
7.81551411E+00 1.00043454548811001E-01 8.65826683710372094E-03 1.53389707635043865E-01
7.82203723E+00 9.99810176354601621E-02 8.67394015837925914E-03 1.53750708776154960E-01
7.82853999E+00 9.99186634126409817E-02 8.68957596736658414E-03 1.54108607172648071E-01
7.83502299E+00 9.98563864918751154E-02 8.70518003612394051E-03 1.54461890680502145E-01
7.84149479E+00 9.97941053319199439E-02 8.72077605667930314E-03 1.54810859097342435E-01
7.84796417E+00 9.97317351736927427E-02 8.73638815013648949E-03 1.55156005814438419E-01
7.85444005E+00 9.96691896042532222E-02 8.75204104180091202E-03 1.55497732351638329E-01
7.86093127E+00 9.96063822072256605E-02 8.76775993386577808E-03 1.55836434877815816E-01
7.86743296E+00 9.95433589904015648E-02 8.78353860763140919E-03 1.56172212253931519E-01
7.87391766E+00 9.94803858266527785E-02 8.79931875471614763E-03 1.56504218307810833E-01
7.88039384E+00 9.94173810617631909E-02 8.81512729656475265E-03 1.56831546092776108E-01
7.88687007E+00 9.93542613596340857E-02 8.83099029959727791E-03 1.57154789205112194E-01
7.89335488E+00 9.92909431145748422E-02 8.84693310795663795E-03 1.57474364631036257E-01
7.89985658E+00 9.92273440949513197E-02 8.86298026582177205E-03 1.57790626567076236E-01
7.90637526E+00 9.91634623067433191E-02 8.87913655097508081E-03 1.58103785255125695E-01
7.91288384E+00 9.90995623333659065E-02 8.89534183511612661E-03 1.58413295802542820E-01
7.91939108E+00 9.90355585864093335E-02 8.91162259181584732E-03 1.58718248740812529E-01
7.92590551E+00 9.89713669742753738E-02 8.92800405001113219E-03 1.59019302206270502E-01
7.93243530E+00 9.89069062754626555E-02 8.94451042439613035E-03 1.59316872165867846E-01
7.93898811E+00 9.88420997323960770E-02 8.96116468473029913E-03 1.59611308719971395E-01
7.94556596E+00 9.87769258590164706E-02 8.97797578452130297E-03 1.59902855136235589E-01
7.95214110E+00 9.87116587587777428E-02 8.99487844191983882E-03 1.60191130837424117E-01
7.95872313E+00 9.86462028611637676E-02 9.01189924019546798E-03 1.60475246658348530E-01
7.96528424E+00 9.85808350058826610E-02 9.02896864959242505E-03 1.60755452371908109E-01
7.97182404E+00 9.85155599127116310E-02 9.04608422333120880E-03 1.61030752195651633E-01
7.97834951E+00 9.84503088560865630E-02 9.06325940192084442E-03 1.61301557060205186E-01
7.98486745E+00 9.83850141467157574E-02 9.08050504378015572E-03 1.61568347740785739E-01
7.99137637E+00 9.83196905148463196E-02 9.09780928382952596E-03 1.61831433854628420E-01
7.99787459E+00 9.82543512507527000E-02 9.11515920761743655E-03 1.62090975436699702E-01
8.00436943E+00 9.81889245265060162E-02 9.13256269458146037E-03 1.62346735858544727E-01
8.01086778E+00 9.81233409055314587E-02 9.15002599693964802E-03 1.62599543752213083E-01
8.01737587E+00 9.80575366204840537E-02 9.16755275516369095E-03 1.62849553397861530E-01
8.02388416E+00 9.79916066159149390E-02 9.18510534539980841E-03 1.63097072114488290E-01
8.03039115E+00 9.79255654307162882E-02 9.20266744666121440E-03 1.63341704440322727E-01
8.03690352E+00 9.78593440798201514E-02 9.22024441564823875E-03 1.63583699029935997E-01
8.04342700E+00 9.77928829081649575E-02 9.23783959053132465E-03 1.63823463489649129E-01
8.04996614E+00 9.77261338271659952E-02 9.25545445371174676E-03 1.64061315250148970E-01
8.05650888E+00 9.76592178386807425E-02 9.27304951203622961E-03 1.64297366098295788E-01
8.06306056E+00 9.75920789044914666E-02 9.29063265786978128E-03 1.64531272800589989E-01
8.06962150E+00 9.75247118880747110E-02 9.30819973090871861E-03 1.64763475779150015E-01
8.07619310E+00 9.74571005614775637E-02 9.32575043758262709E-03 1.64994050784072949E-01
8.08277811E+00 9.73892145130095394E-02 9.34328873128899978E-03 1.65223186719141352E-01
8.08937483E+00 9.73210693701799662E-02 9.36080782271686562E-03 1.65451058348755203E-01
8.09596656E+00 9.72528360376648249E-02 9.37826431039388321E-03 1.65677566667564113E-01
8.10251108E+00 9.71849515478225290E-02 9.39555331471730176E-03 1.65901918485009292E-01
8.10900763E+00 9.71174259897739367E-02 9.41267769901879721E-03 1.66122770160310684E-01
8.11546403E+00 9.70501802963898985E-02 9.42966056407427977E-03 1.66340731483020476E-01
8.12188848E+00 9.69831307114235458E-02 9.44652473904740442E-03 1.66556267357897303E-01
8.12828200E+00 9.69162676963215008E-02 9.46327450066142273E-03 1.66769733513674967E-01
8.13462679E+00 9.68497790862076491E-02 9.47986738382658976E-03 1.66981049240095714E-01
8.14092946E+00 9.67835980890696806E-02 9.49632237425173699E-03 1.67189628811620639E-01
8.14719727E+00 9.67176538382381740E-02 9.51265740715599717E-03 1.67395895872390815E-01
8.15343803E+00 9.66518640220012382E-02 9.52889159573178275E-03 1.67600576505859328E-01
8.15965980E+00 9.65861442376197699E-02 9.54504268032608898E-03 1.67803657143773460E-01
8.16587067E+00 9.65204099331385817E-02 9.56112730807764065E-03 1.68005688428831484E-01
8.17207202E+00 9.64546473440865970E-02 9.57714492357255621E-03 1.68206815037080154E-01
8.17826545E+00 9.63888405986900176E-02 9.59309549287593218E-03 1.68407137942616608E-01
8.18446130E+00 9.63228805954847445E-02 9.60900004822208380E-03 1.68606752339547056E-01
8.19067028E+00 9.62566539422062134E-02 9.62487928116750532E-03 1.68806168981009558E-01
8.19687096E+00 9.61903896902016053E-02 9.64067606078336525E-03 1.69005646111811930E-01
8.20306574E+00 9.61240638722448831E-02 9.65639291383613325E-03 1.69204222082499633E-01
8.20926200E+00 9.60575990931112067E-02 9.67204300376359356E-03 1.69402319528834250E-01
8.21546568E+00 9.59909328011894214E-02 9.68763466769294139E-03 1.69600271835434219E-01
8.22166021E+00 9.59242444290319130E-02 9.70312269467939366E-03 1.69798239440030224E-01
8.22781789E+00 9.58578349544802200E-02 9.71843832472586017E-03 1.69995394667693700E-01
8.23394222E+00 9.57916702321462005E-02 9.73358799958101706E-03 1.70190805355021957E-01
8.24003623E+00 9.57257214758717029E-02 9.74857518254564244E-03 1.70385041315602087E-01
8.24610387E+00 9.56599489397166741E-02 9.76340500083099951E-03 1.70578245699474329E-01
8.25214946E+00 9.55943089130938395E-02 9.77808320351489409E-03 1.70770591163375257E-01
8.25817754E+00 9.55287546510025648E-02 9.79261624469178645E-03 1.70962236989850525E-01
8.26419279E+00 9.54632374304929254E-02 9.80701119379234765E-03 1.71153359667965105E-01
8.27019846E+00 9.53977240119748549E-02 9.82127225752248839E-03 1.71344131737120736E-01
8.27617149E+00 9.53324681213078839E-02 9.83534685748710218E-03 1.71534639200702499E-01
8.28211589E+00 9.52674288186062534E-02 9.84924563020195612E-03 1.71723787169332454E-01
8.28803593E+00 9.52025620643009024E-02 9.86297886137987856E-03 1.71912120282442960E-01
8.29393608E+00 9.51378212063605372E-02 9.87655699117517133E-03 1.72099828842367630E-01
8.29982095E+00 9.50731576289068764E-02 9.88999077317551448E-03 1.72287081584459406E-01
8.30569522E+00 9.50085213940810441E-02 9.90329127030830161E-03 1.72474044560629591E-01
8.31156361E+00 9.49438618292553077E-02 9.91646980857958590E-03 1.72660897644801942E-01
8.31743084E+00 9.48791280388805031E-02 9.92953793946195831E-03 1.72847821985365607E-01
8.32330156E+00 9.48142693393569796E-02 9.94250742051167209E-03 1.73035002225270185E-01
8.32918032E+00 9.47492356316317064E-02 9.95539019917286543E-03 1.73222622399910597E-01
8.33505067E+00 9.46842091952695558E-02 9.96815662261269463E-03 1.73410873160319223E-01
8.34090642E+00 9.46192593648732400E-02 9.98080082847318042E-03 1.73598920436747406E-01
8.34675267E+00 9.45543302338588271E-02 9.99333979091773968E-03 1.73786728328912871E-01
8.35259458E+00 9.44893649361215476E-02 1.00057893061897534E-02 1.73974704029936728E-01
8.35843726E+00 9.44243063287907025E-02 1.00181641932485382E-02 1.74163057353999035E-01
8.36428575E+00 9.43590977481653242E-02 1.00304781496876397E-02 1.74351974370526436E-01
8.37014495E+00 9.42936837912066728E-02 1.00427434726810521E-02 1.74541644942190877E-01
8.37601034E+00 9.42281137236502114E-02 1.00549532702254966E-02 1.74732270790181832E-01
8.38188530E+00 9.41623491737432761E-02 1.00671154425730127E-02 1.74923564567617484E-01
8.38777378E+00 9.40963449323847789E-02 1.00792373924422259E-02 1.75115787216219398E-01
8.39367948E+00 9.40300582799278584E-02 1.00913246157680637E-02 1.75309144985303728E-01
8.39959648E+00 9.39635546065352295E-02 1.01033634483116315E-02 1.75503810244177688E-01
8.40551562E+00 9.38969360512541540E-02 1.01153344669119606E-02 1.75699465188535631E-01
8.41143625E+00 9.38302096923778611E-02 1.01272341069343283E-02 1.75895744854672714E-01
8.41736122E+00 9.37633429413846226E-02 1.01390640308681983E-02 1.76092809945438383E-01
8.42328229E+00 9.36964282420057054E-02 1.01508045619145091E-02 1.76290903364771739E-01
8.42920265E+00 9.36294295958555595E-02 1.01624572649482436E-02 1.76489553274389754E-01
8.43512512E+00 9.35623147261685634E-02 1.01740219518021580E-02 1.76689078001925293E-01
8.44105213E+00 9.34950559177809420E-02 1.01854970967998320E-02 1.76889650191882991E-01
8.44698563E+00 9.34276274340068158E-02 1.01968807127110345E-02 1.77091544613684732E-01
8.45292346E+00 9.33600553531847704E-02 1.02081626042101123E-02 1.77294522129774867E-01
8.45886597E+00 9.32923365541748623E-02 1.02193387852587778E-02 1.77498701381214929E-01
8.46481459E+00 9.32244547678846847E-02 1.02304081374208870E-02 1.77704093671792990E-01
8.47077044E+00 9.31563971444179101E-02 1.02413700692556096E-02 1.77910869355499351E-01
8.47673433E+00 9.30881541130181428E-02 1.02522248017619718E-02 1.78119080970176730E-01
8.48270679E+00 9.30197189472877634E-02 1.02629734757524807E-02 1.78328796519838795E-01
8.48868741E+00 9.29510956347283090E-02 1.02736169776266751E-02 1.78540066039098555E-01
8.49466730E+00 9.28823851548825491E-02 1.02841440890549148E-02 1.78752918963768936E-01
8.50064765E+00 9.28135734294504022E-02 1.02945618156672601E-02 1.78966879897242581E-01
8.50662922E+00 9.27446508088286825E-02 1.03048767132096191E-02 1.79182201010028824E-01
8.51261245E+00 9.26756115758195359E-02 1.03150951055254042E-02 1.79398986813523231E-01
8.51859749E+00 9.26064532316530770E-02 1.03252231100981404E-02 1.79617265053958586E-01
8.52458431E+00 9.25371755503447135E-02 1.03352665385524674E-02 1.79837072212805593E-01
8.53057279E+00 9.24677794740774717E-02 1.03452307836439834E-02 1.80058432569339566E-01
8.53656282E+00 9.23982659534703932E-02 1.03551208013594673E-02 1.80281369814840692E-01
8.54255439E+00 9.23286348538269325E-02 1.03649412679805153E-02 1.80505908034266277E-01
8.54854766E+00 9.22588840469872329E-02 1.03746969171661652E-02 1.80732077453455153E-01
8.55454302E+00 9.21890087842021227E-02 1.03843929657601326E-02 1.80959916579653518E-01
8.56054107E+00 9.21190014029154014E-02 1.03940354796902314E-02 1.81189473609369767E-01
8.56654268E+00 9.20488513706555489E-02 1.04036315493213679E-02 1.81420806156935593E-01
8.57254892E+00 9.19785456248857214E-02 1.04131892161300043E-02 1.81653980173772184E-01
8.57856101E+00 9.19080691370645492E-02 1.04227171751189156E-02 1.81889068232772844E-01
8.58458029E+00 9.18374056149126317E-02 1.04322243459805293E-02 1.82126147594381477E-01
8.59060816E+00 9.17665382565724524E-02 1.04417194501695444E-02 1.82365298391246572E-01
8.59663665E+00 9.16955599420003625E-02 1.04511976936977769E-02 1.82606630155216776E-01
8.60266158E+00 9.16245200875980131E-02 1.04606600363215951E-02 1.82849624473763239E-01
8.60868454E+00 9.15533999468588211E-02 1.04701152122701011E-02 1.83094165945056481E-01
8.61470603E+00 9.14821939718744176E-02 1.04795694610824216E-02 1.83340505530178777E-01
8.62072741E+00 9.14108862590599230E-02 1.04890297453647200E-02 1.83588666564715369E-01
8.62675005E+00 9.13394608129580038E-02 1.04985024332309353E-02 1.83838732867897592E-01
8.63277528E+00 9.12679023534683220E-02 1.05079931020751471E-02 1.84090782956567250E-01
8.63880433E+00 9.11961969811972417E-02 1.05175063073921684E-02 1.84344884134462900E-01
8.64483829E+00 9.11243326318685737E-02 1.05270453720413253E-02 1.84601099589336320E-01
8.65087810E+00 9.10522992820807647E-02 1.05366122102614826E-02 1.84859485711259180E-01
8.65692457E+00 9.09800888988043094E-02 1.05462071840096636E-02 1.85120094814407832E-01
8.66297837E+00 9.09076951535042060E-02 1.05558289958405296E-02 1.85382976581259296E-01
8.66904011E+00 9.08351129447155792E-02 1.05654746356964400E-02 1.85648179874583513E-01
8.67511034E+00 9.07623377883397253E-02 1.05751394050133205E-02 1.85915753342912354E-01
8.68117876E+00 9.06894957356610409E-02 1.05848015796508634E-02 1.86185758675695867E-01
8.68724515E+00 9.06165923401236334E-02 1.05944534576464661E-02 1.86457479327210657E-01
8.69331029E+00 9.05436215947123951E-02 1.06040870964773867E-02 1.86731127532356378E-01
8.69937483E+00 9.04705786618704849E-02 1.06136931991225487E-02 1.87006796691125549E-01
8.70543938E+00 9.03974594196481768E-02 1.06232616137603708E-02 1.87284499075580591E-01
8.71150450E+00 9.03242599451173217E-02 1.06327815802324081E-02 1.87564248193728855E-01
8.71757080E+00 9.02509759844430104E-02 1.06422417078725698E-02 1.87846054397464962E-01
8.72363895E+00 9.01776024656266301E-02 1.06516297313891863E-02 1.88129931212250634E-01
8.72970969E+00 9.01041331000902584E-02 1.06609321716524524E-02 1.88415895707369441E-01
8.73578393E+00 9.00305601088025320E-02 1.06701340861693195E-02 1.88703971753932775E-01
8.74186269E+00 8.99568740961020907E-02 1.06792190821844192E-02 1.88994190550894420E-01
8.74794712E+00 8.98830640773487233E-02 1.06881696772005100E-02 1.89286590886618894E-01
8.75403849E+00 8.98091176467286506E-02 1.06969679686598970E-02 1.89581218124145690E-01
8.76013817E+00 8.97350212543420317E-02 1.07055964765677709E-02 1.89878122504803210E-01
8.76623238E+00 8.96609451215603509E-02 1.07140208857680226E-02 1.90177308219841162E-01
8.77232179E+00 8.95868840563902730E-02 1.07222291007991709E-02 1.90477764704428121E-01
8.77840736E+00 8.95128295733109564E-02 1.07302112562873073E-02 1.90779814910178341E-01
8.78449011E+00 8.94387715549827961E-02 1.07379598818753523E-02 1.91083479446615606E-01
8.79057120E+00 8.93646982727611811E-02 1.07454699265000647E-02 1.91388774068054573E-01
8.79665184E+00 8.92905965133532487E-02 1.07527385419134685E-02 1.91695700126944174E-01
8.80273332E+00 8.92164517800905360E-02 1.07597648938802509E-02 1.92004273538303599E-01
8.80881700E+00 8.91422485421047295E-02 1.07665502089120454E-02 1.92314505801059910E-01
8.81490422E+00 8.90679705033151359E-02 1.07730981173096846E-02 1.92626412503522165E-01
8.82099637E+00 8.89936008652974370E-02 1.07794151750527853E-02 1.92940011274623263E-01
8.82707672E+00 8.89193429735273821E-02 1.07854966704079482E-02 1.93255225557464883E-01
8.83314351E+00 8.88452176469177318E-02 1.07913570131595825E-02 1.93570842602896392E-01
8.83917970E+00 8.87714323639068881E-02 1.07970015324038333E-02 1.93886969370916096E-01
8.84517228E+00 8.86981449971151054E-02 1.08024428128430366E-02 1.94202353079135137E-01
8.85112533E+00 8.86253055541239426E-02 1.08077063083224668E-02 1.94516426606801685E-01
8.85704782E+00 8.85528035915575384E-02 1.08128170487339359E-02 1.94829702812339356E-01
8.86294990E+00 8.84805140698368131E-02 1.08177963596642820E-02 1.95142696620384665E-01
8.86884285E+00 8.84082978410773990E-02 1.08226623050059617E-02 1.95455884017053383E-01
8.87473905E+00 8.83360021116297994E-02 1.08274302899187321E-02 1.95769810181051801E-01
8.88062981E+00 8.82637317281447370E-02 1.08320999570604686E-02 1.96084995910839222E-01
8.88648500E+00 8.81918549863212747E-02 1.08366588259450093E-02 1.96400326176192297E-01
8.89231461E+00 8.81202494246793727E-02 1.08411210886189373E-02 1.96713754333885132E-01
8.89812905E+00 8.80487872955115908E-02 1.08454967217369493E-02 1.97026692870493791E-01
8.90393929E+00 8.79773332761820404E-02 1.08497925289578398E-02 1.97339663617295658E-01
8.90975708E+00 8.79057425680704052E-02 1.08540128703273411E-02 1.97653221070874352E-01
8.91559506E+00 8.78338590505373801E-02 1.08581601625903652E-02 1.97967929838598816E-01
8.92143035E+00 8.77619636143536497E-02 1.08622159922421406E-02 1.98284305393958804E-01
8.92724018E+00 8.76903365572656440E-02 1.08661655644930032E-02 1.98600186054155969E-01
8.93303772E+00 8.76188169182951643E-02 1.08700140384981516E-02 1.98914396853830805E-01
8.93883628E+00 8.75472411536347139E-02 1.08737626084584298E-02 1.99228483433543657E-01
8.94464965E+00 8.74754399615035871E-02 1.08774096664769771E-02 1.99543155690228680E-01
8.95049223E+00 8.74032354828372660E-02 1.08809514329087330E-02 1.99859109088732334E-01
8.95637935E+00 8.73304386294274232E-02 1.08843822638240387E-02 2.00177068961533977E-01
8.96227509E+00 8.72574932143352355E-02 1.08876747852603706E-02 2.00497680850099752E-01
8.96814656E+00 8.71848067026348428E-02 1.08908111757217447E-02 2.00817674531690249E-01
8.97401039E+00 8.71121759129990930E-02 1.08937964104101129E-02 2.01135352333393969E-01
8.97988334E+00 8.70393949861644201E-02 1.08966315238964214E-02 2.01452842585457620E-01
8.98578267E+00 8.69662514621001304E-02 1.08993153631664706E-02 2.01771067326141668E-01
8.99172639E+00 8.68925229078739009E-02 1.09018451524823621E-02 2.02090897243295570E-01
8.99773358E+00 8.68179736905744792E-02 1.09042160800709876E-02 2.02413248574580512E-01
9.00376938E+00 8.67430363709401492E-02 1.09064103279150927E-02 2.02739027912642200E-01
9.00980367E+00 8.66680860405734388E-02 1.09084191469549733E-02 2.03064909950443101E-01
9.01583872E+00 8.65930972949410516E-02 1.09102420621906247E-02 2.03389301749832524E-01
9.02187686E+00 8.65180436226229560E-02 1.09118748131364299E-02 2.03713161214936794E-01
9.02792053E+00 8.64428971559884629E-02 1.09133111062693338E-02 2.04036623355501517E-01
9.03397225E+00 8.63676286995099518E-02 1.09145442215699204E-02 2.04359743155856033E-01
9.04003463E+00 8.62922078028911799E-02 1.09155681444304369E-02 2.04682596670840794E-01
9.04610183E+00 8.62167090232326822E-02 1.09163785078415336E-02 2.05005275081412780E-01
9.05215999E+00 8.61413070633568478E-02 1.09169746748796759E-02 2.05327197431128206E-01
9.05821171E+00 8.60659718974856464E-02 1.09173576742808334E-02 2.05647382815615842E-01
9.06425972E+00 8.59906722220072223E-02 1.09175265040119800E-02 2.05966382275979965E-01
9.07030684E+00 8.59153753501711304E-02 1.09174778208170585E-02 2.06284347392842127E-01
9.07635600E+00 8.58400472300655387E-02 1.09172061013201420E-02 2.06601397604605108E-01
9.08241024E+00 8.57646524901351098E-02 1.09167043842279023E-02 2.06917657972052721E-01
9.08847265E+00 8.56891545400422644E-02 1.09159654771731167E-02 2.07233266864663174E-01
9.09454242E+00 8.56135656348961938E-02 1.09149845954853181E-02 2.07548361578887203E-01
9.10062165E+00 8.55378614924277164E-02 1.09137587947354519E-02 2.07862774987670113E-01
9.10671352E+00 8.54620044705989845E-02 1.09122868688647078E-02 2.08176665689299017E-01
9.11282124E+00 8.53859569058303541E-02 1.09105690125354624E-02 2.08490207686183315E-01
9.11892946E+00 8.53099115354967047E-02 1.09086150282506379E-02 2.08803523506868538E-01
9.12502968E+00 8.52339763760222857E-02 1.09064351747796117E-02 2.09115334928900887E-01
9.13112509E+00 8.51581140045914176E-02 1.09040341670997593E-02 2.09425364697936378E-01
9.13721899E+00 8.50822857203741151E-02 1.09014150230144786E-02 2.09734091866959904E-01
9.14331472E+00 8.50064516700982098E-02 1.08985802916153895E-02 2.10041697434824343E-01
9.14941570E+00 8.49305711346664133E-02 1.08955330995959901E-02 2.10348336716506490E-01
9.15552540E+00 8.48546028684932091E-02 1.08922776683931313E-02 2.10654171174257165E-01
9.16164730E+00 8.47785054495439339E-02 1.08888192297279043E-02 2.10959366715593899E-01
9.16778487E+00 8.47022375845425807E-02 1.08851634958267544E-02 2.11264088614274509E-01
9.17394160E+00 8.46257583161894172E-02 1.08813159957835293E-02 2.11568501695165972E-01
9.18012095E+00 8.45490271102137536E-02 1.08772815801064654E-02 2.11872769389595067E-01
9.18631315E+00 8.44721674938722911E-02 1.08730749930667468E-02 2.12177027902261200E-01
9.19250113E+00 8.43953927489591166E-02 1.08687184121182435E-02 2.12480460081768519E-01
9.19868852E+00 8.43186631958610378E-02 1.08642179688051514E-02 2.12781896947027815E-01
9.20487902E+00 8.42419323533235981E-02 1.08595788785418763E-02 2.13082397467755563E-01
9.21107638E+00 8.41651544493789705E-02 1.08548040974240003E-02 2.13381963390324725E-01
9.21728280E+00 8.40883032611704773E-02 1.08498970498898326E-02 2.13680804108977579E-01
9.22349040E+00 8.40114777773730836E-02 1.08448699535504973E-02 2.13978960293018772E-01
9.22970229E+00 8.39346409568558910E-02 1.08397252503956796E-02 2.14275860193931050E-01
9.23592162E+00 8.38577552490717831E-02 1.08344640194931348E-02 2.14571909419545376E-01
9.24215160E+00 8.37807822818430886E-02 1.08290861253209966E-02 2.14867279640396314E-01
9.24839548E+00 8.37036827605021211E-02 1.08235905950019220E-02 2.15162122698001723E-01
9.25465658E+00 8.36264165105425061E-02 1.08179761443441026E-02 2.15456582760237492E-01
9.26093828E+00 8.35489426157241394E-02 1.08122417052119897E-02 2.15750811848641033E-01
9.26724401E+00 8.34712195767382675E-02 1.08063866947368022E-02 2.16044963557225522E-01
9.27356934E+00 8.33933029872164916E-02 1.08004190974994498E-02 2.16339177791570192E-01
9.27989076E+00 8.33154827239832863E-02 1.07943675733712732E-02 2.16633024812540043E-01
9.28621172E+00 8.32377170692497753E-02 1.07882334881145500E-02 2.16925054709346699E-01
9.29253573E+00 8.31599635984787006E-02 1.07820155436663748E-02 2.17216023082798443E-01
9.29886642E+00 8.30821788403299649E-02 1.07757099851610149E-02 2.17506117263543131E-01
9.30520748E+00 8.30043182325781587E-02 1.07693112772689059E-02 2.17795505755130653E-01
9.31156270E+00 8.29263361539949589E-02 1.07628128218361339E-02 2.18084335949761010E-01
9.31793595E+00 8.28481859813164773E-02 1.07562075153460005E-02 2.18372774748580356E-01
9.32433121E+00 8.27698201399979377E-02 1.07494880598889200E-02 2.18660982935636211E-01
9.33073029E+00 8.26914620144431622E-02 1.07426726712545606E-02 2.18949047574213185E-01
9.33713602E+00 8.26130781130096775E-02 1.07357574992686493E-02 2.19235760975546146E-01
9.34355189E+00 8.25346271263567854E-02 1.07287376766221250E-02 2.19521672923189637E-01
9.34998153E+00 8.24560662941908884E-02 1.07216079905837029E-02 2.19806947130467417E-01
9.35642871E+00 8.23773514303394183E-02 1.07143630470236274E-02 2.20091754351967539E-01
9.36289736E+00 8.22984369284785050E-02 1.07069973308927431E-02 2.20376235035921381E-01
9.36939153E+00 8.22192757162126253E-02 1.06995052700979837E-02 2.20660551414504302E-01
9.37591543E+00 8.21398191561151930E-02 1.06918814306362301E-02 2.20944855493382913E-01
9.38245319E+00 8.20602623843967455E-02 1.06841463090800760E-02 2.21229212844132300E-01
9.38899043E+00 8.19807817820135537E-02 1.06763215889429611E-02 2.21512532213911206E-01
9.39553118E+00 8.19013301220831574E-02 1.06684080578421086E-02 2.21794279737396155E-01
9.40207957E+00 8.18218586856270386E-02 1.06604069080733846E-02 2.22074941960493488E-01
9.40863993E+00 8.17423171324843240E-02 1.06523195343494019E-02 2.22354681398633819E-01
9.41521669E+00 8.16626534611247512E-02 1.06441471574374637E-02 2.22633652562821638E-01
9.42181449E+00 8.15828138888879673E-02 1.06358903861765892E-02 2.22912004055713014E-01
9.42843815E+00 8.15027426211487882E-02 1.06275489649868809E-02 2.23189899420441512E-01
9.43509270E+00 8.14223815078966989E-02 1.06191218214080237E-02 2.23467503846484672E-01
9.44178345E+00 8.13416695983532612E-02 1.06106073578494196E-02 2.23744991092168444E-01
9.44848611E+00 8.12609015426885573E-02 1.06020438185646711E-02 2.24022385004662788E-01
9.45520087E+00 8.11800770422449469E-02 1.05934388096919994E-02 2.24298281612967609E-01
9.46193218E+00 8.10991442216041636E-02 1.05847944151882586E-02 2.24573093398490131E-01
9.46868473E+00 8.10180485461567679E-02 1.05761123111902996E-02 2.24847033450862488E-01
9.47546344E+00 8.09367326443437701E-02 1.05673937449359753E-02 2.25120282331371269E-01
9.48227348E+00 8.08551361243494970E-02 1.05586394776424793E-02 2.25392983350671872E-01
9.48912030E+00 8.07731953201778208E-02 1.05498497551577853E-02 2.25665308877663368E-01
9.49599112E+00 8.06910641583497984E-02 1.05410491751290070E-02 2.25937341286607057E-01
9.50286155E+00 8.06090339229096203E-02 1.05322783878557848E-02 2.26208196751152446E-01
9.50973668E+00 8.05270438005134814E-02 1.05235394077721183E-02 2.26476832009494616E-01
9.51662181E+00 8.04450306387113068E-02 1.05148334306079862E-02 2.26743891436972711E-01
9.52352247E+00 8.03629285092104240E-02 1.05061612198700249E-02 2.27009570596540727E-01
9.53044443E+00 8.02806683752659012E-02 1.04975235770908455E-02 2.27274060476636314E-01
9.53739378E+00 8.01981776578019473E-02 1.04889216741843802E-02 2.27537534265952357E-01
9.54437696E+00 8.01153796823067949E-02 1.04803572710656014E-02 2.27800186823109818E-01
9.55140079E+00 8.00321930084614969E-02 1.04718328337197741E-02 2.28062212294622979E-01
9.55847259E+00 7.99485306415575192E-02 1.04633515537068244E-02 2.28323817122107225E-01
9.56560024E+00 7.98642991221894666E-02 1.04549172787255680E-02 2.28585216166177357E-01
9.57278252E+00 7.97795087937915037E-02 1.04465473623342395E-02 2.28846829654816841E-01
9.57998707E+00 7.96945413376015793E-02 1.04382952209308190E-02 2.29107862967821485E-01
9.58722027E+00 7.96093202074846518E-02 1.04301690827133843E-02 2.29367014443823375E-01
9.59448881E+00 7.95237649918059952E-02 1.04221764610072654E-02 2.29624866403685401E-01
9.60179969E+00 7.94377912420270726E-02 1.04143240621080175E-02 2.29881774774432335E-01
9.60916027E+00 7.93513102547350885E-02 1.04066179884163210E-02 2.30137845844662625E-01
9.61657835E+00 7.92642286777341387E-02 1.03990638727072832E-02 2.30393275843340711E-01
9.62401109E+00 7.91770459405196775E-02 1.03917204280094908E-02 2.30648206248864063E-01
9.63146198E+00 7.90897183841940410E-02 1.03845960781323542E-02 2.30900268044454432E-01
9.63893883E+00 7.90021526617624981E-02 1.03776935533296377E-02 2.31150248536493935E-01
9.64644965E+00 7.89142530086868743E-02 1.03710142120186921E-02 2.31398510993664180E-01
9.65400274E+00 7.88259208299643271E-02 1.03645582662847385E-02 2.31645239083632465E-01
9.66157771E+00 7.87373924645469458E-02 1.03583503961963645E-02 2.31890622143168662E-01
9.66917244E+00 7.86486905940891740E-02 1.03523966982725195E-02 2.32133435469810800E-01
9.67680361E+00 7.85596197652809053E-02 1.03466858457955252E-02 2.32373796284052136E-01
9.68448992E+00 7.84699613973335458E-02 1.03412043941367819E-02 2.32612504848482310E-01
9.69225245E+00 7.83794701301266244E-02 1.03359374860602787E-02 2.32850076665579664E-01
9.70001448E+00 7.82890378715589835E-02 1.03309410879237496E-02 2.33087129788014047E-01
9.70776720E+00 7.81987659876654806E-02 1.03262195055085718E-02 2.33319594691986959E-01
9.71551897E+00 7.81085569912940425E-02 1.03217627522408546E-02 2.33548058431321037E-01
9.72327900E+00 7.80183034287635635E-02 1.03175583349184950E-02 2.33773225134198792E-01
9.73105746E+00 7.79278867941911174E-02 1.03135924402703964E-02 2.33995277555661157E-01
9.73886559E+00 7.78371766026734052E-02 1.03098508428777109E-02 2.34214420852505073E-01
9.74670278E+00 7.77461796472976863E-02 1.03063262270765617E-02 2.34430895152842961E-01
9.75456878E+00 7.76548984331287412E-02 1.03030112919949447E-02 2.34644386003413280E-01
9.76247891E+00 7.75631559168991902E-02 1.02998910237963089E-02 2.34854711867926752E-01
9.77043467E+00 7.74709348266021669E-02 1.02969562887565928E-02 2.35062433959943168E-01
9.77842620E+00 7.73783494097377567E-02 1.02942022702195383E-02 2.35267308266496583E-01
9.78646688E+00 7.72852449746213865E-02 1.02916139026559238E-02 2.35468659841283762E-01
9.79456339E+00 7.71915444571070752E-02 1.02891782383302006E-02 2.35667024768306116E-01
9.80270705E+00 7.70973478251208016E-02 1.02868882588326264E-02 2.35745157910432823E-01
9.81091715E+00 7.70024324069320393E-02 1.02847276780691065E-02 2.36224277625288415E-01
9.81919419E+00 7.69067923171804363E-02 1.02826864047892291E-02 2.36235108647086106E-01
9.82751953E+00 7.68106417686200416E-02 1.02807607827920637E-02 2.36283987828174474E-01
9.83590769E+00 7.67138131670654089E-02 1.02789371707315350E-02 2.36748997561560731E-01
9.84432584E+00 7.66166839201349731E-02 1.02772149070224795E-02 2.36765394588765471E-01
9.85270754E+00 7.65200167259339481E-02 1.02756042470605533E-02 2.36820691906090869E-01
9.86106997E+00 7.64236121686763664E-02 1.02740943898995771E-02 2.37291101160260642E-01
9.86942944E+00 7.63272805320457104E-02 1.02726722261153851E-02 2.37296497888486224E-01
9.87780133E+00 7.62308433537715047E-02 1.02713237284299125E-02 2.37324967806952891E-01
9.88619978E+00 7.61341357615155645E-02 1.02700347714759898E-02 2.37652621822848520E-01
9.89463764E+00 7.60370086761720798E-02 1.02687912008909421E-02 2.37681178093656242E-01
9.90312620E+00 7.59393307670017809E-02 1.02675788435388545E-02 2.37911546268039703E-01
9.91162880E+00 7.58415213329242943E-02 1.02663943049842513E-02 2.37944316367751957E-01
9.92009811E+00 7.57441218192800858E-02 1.02652393853496504E-02 2.38197402345203091E-01
9.92854522E+00 7.56470036946470525E-02 1.02641049375694141E-02 2.38221398395171563E-01
9.93698050E+00 7.55500473153413454E-02 1.02629791189802304E-02 2.38274988709964552E-01
9.94541207E+00 7.54531585164779500E-02 1.02618490765368914E-02 2.38623905058364921E-01
9.95382053E+00 7.53565591523307488E-02 1.02607081282446670E-02 2.38623081933032666E-01
9.96221681E+00 7.52601227617823165E-02 1.02595458126512693E-02 2.38628162224312323E-01
9.97061083E+00 7.51637353360668781E-02 1.02583522162954625E-02 2.38660118671102400E-01
9.97901147E+00 7.50672943599887954E-02 1.02571181631234392E-02 2.38940531375175735E-01
9.98742672E+00 7.49707080334061082E-02 1.02558351537882508E-02 2.38950341861477400E-01
9.99586366E+00 7.48738944814529434E-02 1.02544950974444767E-02 2.38966195041958374E-01
1.00043225E+01 7.47768506172029890E-02 1.02530917046593176E-02 2.39000105557486159E-01
1.00127556E+01 7.46801220761097034E-02 1.02516316778513729E-02 2.39214668546234327E-01
1.00211719E+01 7.45836044704620421E-02 1.02501119536222551E-02 2.39221289273097160E-01
1.00295732E+01 7.44872763059881843E-02 1.02485299119309745E-02 2.39226313224077280E-01
1.00379674E+01 7.43910470360545500E-02 1.02468805786428575E-02 2.39239962659847011E-01
1.00463358E+01 7.42951302727877516E-02 1.02451655446806518E-02 2.39267427447356240E-01
1.00546778E+01 7.41995312270476853E-02 1.02433828742337345E-02 2.39312678461244571E-01
1.00630022E+01 7.41041469739460723E-02 1.02415277589042383E-02 2.39363752029344234E-01
1.00713204E+01 7.40088475554791653E-02 1.02395942169479764E-02 2.39410684644076277E-01
1.00796458E+01 7.39134785527469917E-02 1.02375755877408790E-02 2.39441491396747030E-01
1.00879663E+01 7.38181770554559580E-02 1.02354738291061155E-02 2.39458825145770271E-01
1.00962439E+01 7.37233758517254201E-02 1.02333023903308853E-02 2.39462099242028631E-01
1.01044865E+01 7.36289845023941764E-02 1.02310629090183996E-02 2.39453124263060424E-01
1.01127018E+01 7.35349137991697099E-02 1.02287557929455538E-02 2.39435307847843670E-01
1.01208975E+01 7.34410728729041201E-02 1.02263806267962176E-02 2.39412472096983658E-01
1.01290820E+01 7.33473674370769685E-02 1.02239367677897808E-02 2.39387758821457686E-01
1.01372638E+01 7.32536988547461410E-02 1.02214236959811636E-02 2.39362914437795810E-01
1.01454518E+01 7.31599639479124930E-02 1.02188411665361453E-02 2.39338081358949517E-01
1.01536554E+01 7.30660554247261756E-02 1.02161892330844151E-02 2.39312061717157215E-01
1.01618420E+01 7.29723458405669156E-02 1.02134854854998916E-02 2.39282815618912209E-01
1.01700114E+01 7.28788355503194180E-02 1.02107375944386954E-02 2.39248340027090223E-01
1.01781712E+01 7.27854404099784746E-02 1.02079498709403173E-02 2.39202241238128499E-01
1.01863289E+01 7.26920746780923971E-02 1.02051258231486766E-02 2.39150429076324667E-01
1.01944919E+01 7.25986533979955106E-02 1.02022688185984430E-02 2.39077711503229096E-01
1.02026674E+01 7.25050945034232813E-02 1.01993827147636839E-02 2.39025530894320021E-01
1.02108624E+01 7.24113202482446344E-02 1.01964723775968876E-02 2.38971038428496735E-01
1.02190529E+01 7.23176050047255881E-02 1.01935571385320632E-02 2.38766656593867366E-01
1.02272354E+01 7.22239882982088910E-02 1.01906503153400638E-02 2.38769992927299890E-01
1.02354224E+01 7.21303300092899224E-02 1.01877591273619519E-02 2.38773121519812670E-01
1.02436264E+01 7.20364866412811777E-02 1.01848902329064548E-02 2.38755417897960648E-01
1.02518603E+01 7.19423132742752214E-02 1.01820499889253534E-02 2.38681658025698323E-01
1.02600351E+01 7.18488270969410842E-02 1.01792860737520800E-02 2.38333833461603944E-01
1.02681515E+01 7.17560208675661615E-02 1.01766119977136187E-02 2.38343020010212597E-01
1.02762186E+01 7.16637917551036646E-02 1.01740345917083717E-02 2.38351545799083270E-01
1.02842458E+01 7.15720330849944214E-02 1.01715577278680431E-02 2.38333756713821454E-01
1.02922426E+01 7.14806364895803070E-02 1.01691834605718099E-02 2.38091171977696470E-01
1.03002028E+01 7.13896729065620905E-02 1.01669179591545311E-02 2.38065000333075510E-01
1.03081253E+01 7.12991545571583646E-02 1.01647641924356626E-02 2.37879798867351278E-01
1.03160228E+01 7.12089362453274671E-02 1.01627184778813363E-02 2.37855907873341932E-01
1.03239078E+01 7.11188758906550200E-02 1.01607745857128177E-02 2.37788353255099338E-01
1.03317925E+01 7.10288334854314030E-02 1.01589238505018897E-02 2.37464680494219760E-01
1.03396889E+01 7.09386701191870722E-02 1.01571553399758610E-02 2.37464343176128134E-01
1.03476015E+01 7.08483365433392187E-02 1.01554581822854428E-02 2.37451099551404976E-01
1.03555160E+01 7.07579942183166749E-02 1.01538246793097878E-02 2.37264211033067857E-01
1.03634444E+01 7.06675069123774841E-02 1.01522390771019329E-02 2.37220882090154711E-01
1.03713986E+01 7.05767389224341429E-02 1.01506835222566066E-02 2.36902870226652018E-01
1.03793907E+01 7.04855537738645205E-02 1.01491384109571245E-02 2.36894438285068787E-01
1.03873232E+01 7.03950614849228190E-02 1.01476108704325312E-02 2.36862176951436604E-01
1.03951729E+01 7.03055270659935644E-02 1.01460941209180738E-02 2.36566168559701251E-01
1.04029646E+01 7.02166710058409888E-02 1.01445686707442220E-02 2.36546528493294106E-01
1.04107217E+01 7.01282253126920690E-02 1.01430125243974108E-02 2.36374990445023497E-01
1.04184672E+01 7.00399294922769283E-02 1.01414025403720985E-02 2.36334183787669710E-01
1.04262238E+01 6.99515267787768485E-02 1.01397151609588058E-02 2.36019679915782404E-01
1.04340142E+01 6.98627606944363794E-02 1.01379267416111547E-02 2.36006914733532330E-01
1.04418612E+01 6.97733722045687788E-02 1.01360138465181066E-02 2.35964222780873867E-01
1.04497884E+01 6.96830977192672840E-02 1.01339536729416965E-02 2.35596625509536611E-01
1.04576282E+01 6.95938453595123657E-02 1.01317894477335971E-02 2.35586341594787141E-01
1.04652904E+01 6.95066439395422148E-02 1.01295605270687282E-02 2.35547046110603175E-01
1.04727804E+01 6.94214360922258827E-02 1.01272803660001666E-02 2.35187198838989753E-01
1.04801055E+01 6.93381369329465064E-02 1.01249600431066369E-02 2.35176722449518288E-01
1.04872746E+01 6.92566428547709556E-02 1.01226080306062831E-02 2.35137987673514737E-01
1.04942983E+01 6.91768323869837026E-02 1.01202314534402458E-02 2.34785869607986003E-01
1.05011887E+01 6.90985675590767567E-02 1.01178359747739009E-02 2.34777700645734166E-01
1.05079588E+01 6.90216956777537638E-02 1.01154255041378659E-02 2.34743372543721185E-01
1.05146233E+01 6.89460513694816618E-02 1.01130020165924994E-02 2.34416675935161606E-01
1.05211973E+01 6.88714588194885569E-02 1.01105655633850749E-02 2.34405658672187517E-01
1.05276969E+01 6.87977341326417718E-02 1.01081144523624700E-02 2.34366373786380894E-01
1.05341388E+01 6.87246877185518357E-02 1.01056455279737462E-02 2.34016506696613807E-01
1.05405397E+01 6.86521265770449196E-02 1.01031544737751628E-02 2.34012441232863355E-01
1.05469167E+01 6.85798563439859177E-02 1.01006360818709437E-02 2.33985097022347460E-01
1.05532868E+01 6.85076829472540255E-02 1.00980844617206186E-02 2.33693029213456999E-01
1.05596670E+01 6.84354137079796476E-02 1.00954931799809890E-02 2.33675612182824316E-01
1.05660739E+01 6.83628577176185609E-02 1.00928553267344550E-02 2.33495436080556173E-01
1.05725242E+01 6.82898253351697238E-02 1.00901634963632709E-02 2.33459454082918072E-01
1.05789475E+01 6.82171124197809564E-02 1.00874497470928391E-02 2.33153167890576246E-01
1.05853114E+01 6.81450849174649181E-02 1.00847320819550165E-02 2.33142717899882612E-01
1.05916279E+01 6.80736063022970433E-02 1.00820079232055021E-02 2.33102614053478513E-01
1.05979082E+01 6.80025478814284406E-02 1.00792728814083389E-02 2.32733642637368759E-01
1.06041632E+01 6.79317863618605355E-02 1.00765213733797921E-02 2.32732250010624531E-01
1.06104036E+01 6.78612007762725566E-02 1.00737469434642752E-02 2.32710094374951354E-01
1.06166402E+01 6.77906689293607534E-02 1.00709422759940152E-02 2.32407757856171071E-01
1.06228842E+01 6.77200637658243315E-02 1.00680990431386910E-02 2.32390652046893575E-01
1.06291476E+01 6.76492500779014433E-02 1.00652076969315815E-02 2.32195757356193522E-01
1.06354433E+01 6.75780819131188704E-02 1.00622572682727007E-02 2.32162292154129757E-01
1.06417855E+01 6.75064009440607821E-02 1.00592351948662687E-02 2.31858795341848389E-01
1.06481894E+01 6.74340359701761094E-02 1.00561271706592695E-02 2.31847076675705005E-01
1.06546714E+01 6.73608036408764599E-02 1.00529170047573228E-02 2.31692220929639453E-01
1.06612486E+01 6.72865104439490797E-02 1.00495864940961816E-02 2.31542790404376558E-01
1.06677792E+01 6.72127600951784726E-02 1.00462033871957235E-02 2.31488637680011655E-01
1.06742737E+01 6.71394335241108781E-02 1.00427602860450379E-02 2.31135622067079355E-01
1.06807479E+01 6.70663545381559728E-02 1.00392447463350694E-02 2.31130792179714967E-01
1.06872180E+01 6.69933418895707761E-02 1.00356418807707008E-02 2.31096464891582448E-01
1.06937003E+01 6.69202131821658996E-02 1.00319351249514854E-02 2.30726130405031316E-01
1.07002109E+01 6.68467887864448440E-02 1.00281066565985396E-02 2.30717999095308962E-01
1.07067654E+01 6.67728954433517014E-02 1.00241375831922417E-02 2.30676865493094657E-01
1.07133784E+01 6.66983693914170173E-02 1.00200080376090326E-02 2.30268415042740954E-01
1.07200637E+01 6.66230588446300592E-02 1.00156972440172878E-02 2.30266347919660136E-01
1.07268339E+01 6.65468256106865330E-02 1.00111835534060292E-02 2.30234597373488337E-01
1.07337003E+01 6.64695456269760038E-02 1.00064444185496305E-02 2.29862356337753510E-01
1.07406731E+01 6.63911082327622304E-02 1.00014562854628709E-02 2.29847674255022894E-01
1.07476537E+01 6.63126245583250673E-02 9.99627894689892119E-03 2.29647198821184673E-01
1.07546215E+01 6.62343278352852394E-02 9.99092241767336048E-03 2.29589820894824964E-01
1.07615907E+01 6.61560615581766875E-02 9.98536964867333295E-03 2.29200795212924135E-01
1.07685741E+01 6.60776857240462645E-02 9.97960193460238273E-03 2.29193726350549659E-01
1.07755834E+01 6.59990729410083882E-02 9.97359946648990539E-03 2.29150645955049193E-01
1.07826294E+01 6.59201045000178815E-02 9.96734167630498186E-03 2.28701615207606290E-01
1.07897227E+01 6.58406665295399318E-02 9.96080727179133978E-03 2.28697620726428713E-01
1.07968737E+01 6.57606466324873323E-02 9.95397410950822278E-03 2.28658373427752998E-01
1.08040929E+01 6.56799314200344209E-02 9.94681901793875722E-03 2.28217052170107099E-01
1.08113914E+01 6.55984052763245590E-02 9.93931764706885643E-03 2.28207132313287347E-01
1.08187800E+01 6.55159505799158270E-02 9.93144441453546259E-03 2.28030523053794149E-01
1.08262699E+01 6.54324494934846596E-02 9.92317261944196220E-03 2.27816534638259988E-01
1.08338520E+01 6.53480107642560037E-02 9.91449894997643161E-03 2.27646971770542855E-01
1.08414256E+01 6.52637582895751467E-02 9.90553683789747660E-03 2.27453210781376397E-01
1.08490072E+01 6.51795114073414339E-02 9.89627035400417708E-03 2.27269519479391419E-01
1.08566128E+01 6.50950973225292023E-02 9.88668055906841668E-03 2.27078607746755146E-01
1.08642575E+01 6.50103526507573859E-02 9.87674622086897984E-03 2.26887913483242165E-01
1.08719554E+01 6.49251267262620502E-02 9.86644507609533636E-03 2.26693088986663183E-01
1.08797191E+01 6.48392855341571595E-02 9.85575492739908070E-03 2.26495830402231618E-01
1.08875594E+01 6.47527125568066880E-02 9.84465535713065915E-03 2.26294842211044400E-01
1.08954848E+01 6.46653206158644134E-02 9.83312672258948237E-03 2.26090252014958887E-01
1.09035017E+01 6.45770490835647915E-02 9.82115345325912381E-03 2.25881641636401065E-01
1.09116135E+01 6.44878662972802608E-02 9.80872432307554332E-03 2.25669031970486794E-01
1.09198212E+01 6.43977700525786151E-02 9.79583311215606427E-03 2.25452291705275948E-01
1.09281230E+01 6.43067859414724746E-02 9.78247891902685358E-03 2.25231500664984402E-01
1.09364736E+01 6.42154159911918626E-02 9.76873704444600373E-03 2.25006769727736922E-01
1.09448520E+01 6.41238926687255351E-02 9.75464959589252868E-03 2.24779914809725118E-01
1.09532646E+01 6.40321502321001407E-02 9.74021362285671169E-03 2.24551290699068373E-01
1.09617148E+01 6.39401549427981858E-02 9.72542975014419227E-03 2.24320528002625585E-01
1.09702036E+01 6.38478997594238151E-02 9.71030276169641826E-03 2.24087685710891826E-01
1.09787301E+01 6.37553981445399265E-02 9.69484166959673661E-03 2.23852925460557767E-01
1.09872918E+01 6.36626773193179341E-02 9.67905908940723189E-03 2.23616463907908930E-01
1.09958859E+01 6.35697716907133725E-02 9.66297014617168402E-03 2.23378555982259891E-01
1.10045092E+01 6.34767171705060695E-02 9.64659122348040556E-03 2.23139485490437467E-01
1.10131586E+01 6.33835469095455073E-02 9.62993886753177666E-03 2.22899550917218692E-01
1.10218317E+01 6.32902886777523682E-02 9.61302905038569772E-03 2.22659056614435941E-01
1.10305265E+01 6.31969638206935219E-02 9.59587680400697009E-03 2.22418306739293137E-01
1.10392417E+01 6.31035874867996172E-02 9.57849605915855884E-03 2.22177603538517537E-01
1.10479763E+01 6.30101696786424664E-02 9.56089947616468004E-03 2.21937247695326301E-01
1.10567298E+01 6.29167166359296537E-02 9.54309816983204585E-03 2.21697540201771542E-01
1.10655019E+01 6.28232320885028089E-02 9.52510140827056082E-03 2.21458784188066415E-01
1.10742924E+01 6.27297180053026093E-02 9.50691643859516780E-03 2.21221285435507453E-01
1.10831013E+01 6.26361745955440891E-02 9.48854847277648406E-03 2.20985350267880937E-01
1.10919291E+01 6.25425994767243032E-02 9.47000064108995468E-03 2.20751280876456651E-01
1.11007765E+01 6.24489860885012946E-02 9.45127359790786693E-03 2.20519369258882297E-01
1.11096306E+01 6.23554714970230295E-02 9.43239598304033977E-03 2.20289896657724776E-01
1.11184764E+01 6.22622152181453795E-02 9.41340022742189093E-03 2.20063625606850527E-01
1.11273147E+01 6.21692097438713565E-02 9.39428159488231440E-03 2.19841211382947127E-01
1.11361464E+01 6.20764486175019309E-02 9.37503155503469597E-03 2.19622706190862105E-01
1.11449724E+01 6.19839241550017919E-02 9.35563817034507431E-03 2.19408321459499372E-01
1.11537941E+01 6.18916250126915479E-02 9.33608689197005896E-03 2.19198251723268345E-01
1.11626135E+01 6.17995337766242547E-02 9.31636137074269739E-03 2.18992675695178302E-01
1.11714333E+01 6.17076248623802601E-02 9.29644412380407383E-03 2.18791737299379008E-01
1.11802574E+01 6.16158629608724584E-02 9.27631707137702849E-03 2.18595552543936422E-01
1.11890907E+01 6.15242021629114344E-02 9.25596208725426757E-03 2.18404203773738759E-01
1.11979389E+01 6.14325857833198305E-02 9.23536171098291586E-03 2.18217742041341478E-01
1.12068092E+01 6.13409468061200044E-02 9.21450004470963230E-03 2.18036188116448149E-01
1.12157028E+01 6.12492768528550974E-02 9.19337994678407801E-03 2.17859520403891616E-01
1.12245682E+01 6.11581075917766517E-02 9.17214092167733391E-03 2.17793962591685597E-01
1.12334112E+01 6.10673793817686217E-02 9.15079180756665951E-03 2.17367283706409758E-01
1.12422385E+01 6.09770234231994668E-02 9.12934158043278605E-03 2.17364501786427994E-01
1.12510577E+01 6.08869628540608873E-02 9.10779905576960744E-03 2.17331235030974512E-01
1.12598769E+01 6.07971146419524280E-02 9.08617314043514562E-03 2.16957686934824062E-01
1.12687047E+01 6.07073915267394293E-02 9.06447316328564366E-03 2.16945131131165259E-01
1.12775498E+01 6.06177037100016289E-02 9.04270918712921958E-03 2.16898945946618543E-01
1.12864213E+01 6.05279601090688846E-02 9.02089215827084172E-03 2.16495383899039856E-01
1.12953282E+01 6.04380690537326681E-02 8.99903380112474297E-03 2.16499237500862834E-01
1.13042060E+01 6.03486787715488485E-02 8.97733079220040635E-03 2.16487326515988815E-01
1.13130603E+01 6.02597280088462417E-02 8.95580394732633893E-03 2.16274379687067669E-01
1.13219014E+01 6.01711102395329211E-02 8.93445933730020736E-03 2.16240890541784969E-01
1.13307393E+01 6.00827216057652630E-02 8.91330034779374766E-03 2.15981625881025402E-01
1.13395838E+01 5.99944619369240581E-02 8.89232857393981897E-03 2.15973863795990817E-01
1.13484444E+01 5.99062350862674398E-02 8.87154431795520240E-03 2.15949854083240161E-01
1.13573302E+01 5.98179485202559730E-02 8.85094667682829843E-03 2.15713891147638920E-01
1.13662503E+01 5.97295122651779406E-02 8.83053325327311407E-03 2.15703562375329533E-01
1.13751736E+01 5.96412328803454239E-02 8.81039140780601887E-03 2.15675255052689446E-01
1.13840722E+01 5.95533819986951013E-02 8.79059453026618566E-03 2.15464267274151272E-01
1.13929576E+01 5.94658427413912519E-02 8.77112098754315520E-03 2.15455972868226681E-01
1.14018406E+01 5.93785059300531506E-02 8.75194634692594634E-03 2.15436877984931996E-01
1.14107315E+01 5.92912692390226911E-02 8.73304381122599893E-03 2.15278903074491712E-01
1.14196400E+01 5.92040361539777280E-02 8.71438483998488757E-03 2.15264889734837261E-01
1.14285754E+01 5.91167145791111140E-02 8.69593969626460822E-03 2.15236097896406714E-01
1.14375468E+01 5.90292152450859892E-02 8.67767793546187459E-03 2.15066716171032957E-01
1.14465270E+01 5.89418021109743007E-02 8.65964278370289289E-03 2.15060811324999740E-01
1.14554864E+01 5.88547614283595338E-02 8.64188032348335404E-03 2.15049717620707681E-01
1.14644368E+01 5.87679743809585917E-02 8.62435166741395975E-03 2.15020756600897089E-01
1.14733895E+01 5.86813317982960506E-02 8.60702014787212422E-03 2.14846729690955834E-01
1.14823547E+01 5.85947327576709365E-02 8.58985134112812132E-03 2.14844458664986748E-01
1.14913421E+01 5.85080833331456038E-02 8.57281313728132377E-03 2.14840973863155010E-01
1.15003610E+01 5.84212953032821267E-02 8.55587562976923600E-03 2.14826096451178034E-01
1.15094201E+01 5.83342848895522237E-02 8.53901089950244961E-03 2.14790502875175038E-01
1.15184726E+01 5.82475013400558655E-02 8.52229707400252445E-03 2.14594276688409552E-01
1.15275122E+01 5.81610036942828354E-02 8.50573644015155221E-03 2.14600949469473806E-01
1.15365507E+01 5.80746799902119026E-02 8.48929809418772635E-03 2.14612896717757878E-01
1.15455986E+01 5.79884296718411393E-02 8.47295321140988100E-03 2.14616277571816227E-01
1.15546655E+01 5.79021622968099031E-02 8.45667487522876356E-03 2.14601652864250037E-01
1.15637603E+01 5.78157962985466692E-02 8.44043785295974479E-03 2.14468149090731169E-01
1.15728909E+01 5.77292576831466495E-02 8.42421825010980854E-03 2.14457554907334341E-01
1.15820491E+01 5.76426288606651377E-02 8.40802191066123382E-03 2.14443352365463635E-01
1.15911923E+01 5.75563114947394774E-02 8.39191578633370974E-03 2.14417887247320527E-01
1.16003323E+01 5.74701965740970835E-02 8.37586985512564150E-03 2.14372892216022515E-01
1.16094794E+01 5.73841893562525573E-02 8.35985554350618214E-03 2.14238629527299967E-01
1.16186424E+01 5.72982077020033967E-02 8.34384570791992138E-03 2.14239876855462447E-01
1.16278292E+01 5.72121805670272321E-02 8.32781483460761848E-03 2.14244086925467203E-01
1.16370469E+01 5.71260463155123313E-02 8.31173910361268989E-03 2.14239982471952140E-01
1.16463015E+01 5.70397508398558656E-02 8.29559634404090744E-03 2.14217599317540253E-01
1.16555545E+01 5.69536552324681131E-02 8.27944494304870202E-03 2.14077886367295717E-01
1.16648026E+01 5.68677916538080294E-02 8.26328290317253529E-03 2.14070345510411764E-01
1.16740551E+01 5.67820750949131134E-02 8.24708633683955174E-03 2.14060303071434865E-01
1.16833200E+01 5.66964345566290592E-02 8.23083424356670090E-03 2.14037996728361712E-01
1.16926038E+01 5.66108108913515248E-02 8.21450851893407684E-03 2.13921623569143404E-01
1.17019122E+01 5.65251544574458878E-02 8.19809377893654899E-03 2.13911251052753076E-01
1.17112501E+01 5.64394225344132805E-02 8.18157696089404432E-03 2.13895545843645229E-01
1.17206118E+01 5.63536713518130242E-02 8.16496565525879139E-03 2.13864461262081029E-01
1.17299667E+01 5.62681797715112800E-02 8.14831366447743045E-03 2.13701333786758679E-01
1.17393229E+01 5.61828746786004612E-02 8.13160707626633950E-03 2.13699183390291286E-01
1.17486872E+01 5.60976969014375451E-02 8.11483460209278321E-03 2.13695056952820206E-01
1.17580648E+01 5.60125982059890420E-02 8.09798722966536405E-03 2.13675108569794991E-01
1.17674603E+01 5.59275382463561566E-02 8.08105788654261102E-03 2.13533435948809053E-01
1.17768778E+01 5.58424813827472916E-02 8.06404090490505515E-03 2.13520236549607750E-01
1.17863213E+01 5.57573935309550808E-02 8.04693137250198087E-03 2.13494450099513122E-01
1.17957772E+01 5.56723976140641869E-02 8.02975728646774037E-03 2.13345253634937004E-01
1.18052309E+01 5.55876235152123963E-02 8.01254949901785904E-03 2.13335608039280339E-01
1.18146880E+01 5.55030225985814057E-02 7.99530263160426989E-03 2.13314479210959945E-01
1.18241528E+01 5.54185548614668233E-02 7.97801267476310264E-03 2.13176006162173859E-01
1.18336292E+01 5.53341852925114328E-02 7.96067644059216505E-03 2.13161019302218674E-01
1.18431211E+01 5.52498804458033538E-02 7.94329102520539149E-03 2.13128977699771377E-01
1.18526325E+01 5.51656053452635811E-02 7.92585321362512807E-03 2.12925096712828416E-01
1.18621678E+01 5.50813209272023457E-02 7.90835890424212290E-03 2.12921741645600737E-01
1.18717121E+01 5.49971600774057309E-02 7.89084050885048398E-03 2.12909837215839892E-01
1.18812552E+01 5.49132101958795527E-02 7.87332147871482035E-03 2.12784114704120231E-01
1.18908013E+01 5.48294354695566394E-02 7.85579897614204978E-03 2.12756911085778211E-01
1.19003542E+01 5.47458016591904836E-02 7.83826965410708114E-03 2.12575643910990292E-01
1.19099179E+01 5.46622729164378193E-02 7.82072904069374721E-03 2.12564821878535287E-01
1.19194972E+01 5.45788093154573675E-02 7.80317108288176853E-03 2.12536451134987203E-01
1.19290972E+01 5.44953651652450577E-02 7.78558781881788422E-03 2.12322562073095050E-01
1.19387242E+01 5.44118881656147843E-02 7.76796922406204713E-03 2.12313560669285806E-01
1.19483498E+01 5.43286241741203352E-02 7.75036907685095530E-03 2.12286849015342671E-01
1.19579751E+01 5.42455630622743420E-02 7.73278668739780378E-03 2.12069915697569805E-01
1.19676044E+01 5.41626677492856382E-02 7.71521490914243470E-03 2.12058946764138084E-01
1.19772426E+01 5.40798973464254873E-02 7.69764516391650833E-03 2.12027524523763611E-01
1.19868951E+01 5.39972056550424434E-02 7.68006734672796367E-03 2.11776360569422090E-01
1.19965682E+01 5.39145405472055556E-02 7.66246980028191006E-03 2.11770879476357338E-01
1.20062643E+01 5.38318825116011410E-02 7.64484769536738235E-03 2.11747476273956181E-01
1.20159329E+01 5.37496624820761881E-02 7.62729425450384222E-03 2.11524814346663315E-01
1.20255713E+01 5.36679009130675427E-02 7.60981480596395216E-03 2.11510391664227998E-01
1.20351769E+01 5.35866188885760555E-02 7.59241389431331449E-03 2.11376107311522926E-01
1.20447473E+01 5.35058360739026004E-02 7.57509483905641906E-03 2.11346353250937008E-01
1.20542803E+01 5.34255690414538048E-02 7.55785954546090051E-03 2.11109543592384430E-01
1.20637744E+01 5.33458298097805594E-02 7.54070826538746995E-03 2.11100044731565822E-01
1.20732285E+01 5.32666246267397975E-02 7.52363934103824922E-03 2.11067541719108465E-01
1.20826426E+01 5.31879530477306767E-02 7.50664898820809987E-03 2.10784410123664584E-01
1.20920165E+01 5.31098155732815033E-02 7.48973298559074685E-03 2.10779543607417380E-01
1.21013467E+01 5.30322404802340622E-02 7.47289271554379877E-03 2.10754316761275595E-01
1.21106354E+01 5.29552070311191669E-02 7.45611835415506841E-03 2.10500730819896009E-01
1.21198859E+01 5.28786871312867529E-02 7.43939791313565774E-03 2.10487679144812284E-01
1.21291024E+01 5.28026455573990042E-02 7.42271736820010637E-03 2.10350904588107790E-01
1.21382899E+01 5.27270403498147841E-02 7.40606082288038179E-03 2.10309620763253019E-01
1.21474542E+01 5.26518233030351251E-02 7.38941068799445818E-03 2.10046712249800094E-01
1.21566014E+01 5.25769456587044867E-02 7.37274904521075750E-03 2.10038571889956255E-01
1.21657283E+01 5.25024320658749807E-02 7.35607472019666944E-03 2.09996570289636142E-01
1.21748425E+01 5.24282217208146134E-02 7.33936754863024916E-03 2.09696937519570470E-01
1.21839521E+01 5.23542495588667223E-02 7.32260638228422224E-03 2.09690961943035908E-01
1.21930656E+01 5.22804468358760571E-02 7.30576932369884652E-03 2.09659231567959098E-01
1.22021840E+01 5.22068079361625095E-02 7.28884954772590372E-03 2.09337224515566689E-01
1.22113101E+01 5.21333109673086867E-02 7.27183732983657967E-03 2.09331765357216204E-01
1.22204404E+01 5.20599850453792451E-02 7.25473594651322717E-03 2.09291372914370388E-01
1.22295615E+01 5.19869388489790710E-02 7.23756920906018682E-03 2.08970772970482582E-01
1.22386821E+01 5.19141015238137049E-02 7.22031954313372398E-03 2.08963008959768298E-01
1.22478115E+01 5.18414010117715582E-02 7.20296918904665164E-03 2.08834190138121600E-01
1.22569580E+01 5.17687720192182288E-02 7.18550227801632337E-03 2.08676037274867138E-01
1.22661200E+01 5.16962288314848500E-02 7.16792310506313753E-03 2.08552995571632704E-01
1.22753069E+01 5.16236967535106811E-02 7.15021501088422204E-03 2.08411957272965048E-01
1.22845285E+01 5.15511022616656628E-02 7.13236186620791468E-03 2.08276786622438315E-01
1.22937939E+01 5.14783753658279372E-02 7.11434872502868503E-03 2.08134972833304260E-01
1.23030996E+01 5.14055464179642499E-02 7.09618661168749925E-03 2.07992908220057976E-01
1.23124552E+01 5.13325428765294620E-02 7.07786145191702590E-03 2.07847467561362798E-01
1.23218699E+01 5.12592955600512726E-02 7.05936015920645334E-03 2.07700235651186949E-01
1.23313500E+01 5.11857595199206317E-02 7.04067611764133856E-03 2.07550217875999504E-01
1.23408935E+01 5.11119541328292903E-02 7.02181993092157886E-03 2.07397918327067610E-01
1.23505072E+01 5.10378311597774192E-02 7.00278535220304893E-03 2.07243250011330565E-01
1.23601807E+01 5.09634729932269062E-02 6.98360073694198179E-03 2.07086314542435257E-01
1.23699210E+01 5.08888298190863300E-02 6.96426056984563151E-03 2.06927412835903740E-01
1.23797319E+01 5.08138759609483154E-02 6.94476559658685575E-03 2.06766494066190382E-01
1.23896176E+01 5.07385828338220851E-02 6.92511581417043758E-03 2.06603643334948378E-01
1.23995838E+01 5.06629127109074068E-02 6.90530874796550700E-03 2.06438947752622642E-01
1.24096350E+01 5.05868342347471286E-02 6.88534352448948953E-03 2.06272479594544339E-01
1.24197733E+01 5.05103369304147135E-02 6.86522484058365787E-03 2.06104352840185662E-01
1.24299617E+01 5.04337014281725782E-02 6.84503574502975595E-03 2.05934816524441788E-01
1.24402048E+01 5.03568961308440283E-02 6.82477661229761827E-03 2.05764848685122348E-01
1.24505064E+01 5.02798950009153423E-02 6.80444853840684281E-03 2.05594335054669952E-01
1.24608340E+01 5.02029399986690592E-02 6.78412419320228825E-03 2.05423518818430406E-01
1.24711840E+01 5.01260587314230135E-02 6.76381907697698979E-03 2.05253292467798915E-01
1.24815614E+01 5.00492135192940682E-02 6.74353060545809790E-03 2.05083755752141106E-01
1.24919375E+01 4.99726150000007821E-02 6.72332231627516697E-03 2.04915060323972248E-01
1.25023168E+01 4.98962277479179997E-02 6.70319171597327790E-03 2.04747984516051196E-01
1.25127047E+01 4.98200107001827985E-02 6.68313394966153860E-03 2.04582460693258000E-01
1.25231064E+01 4.97439239102975411E-02 6.66314384883273225E-03 2.04418597707677507E-01
1.25335271E+01 4.96679289156547674E-02 6.64321639911982006E-03 2.04256490371468341E-01
1.25439717E+01 4.95919889506849579E-02 6.62334704261601133E-03 2.04096260448661942E-01
1.25544232E+01 4.95162261650861774E-02 6.60357347660720309E-03 2.03938058955615648E-01
1.25648757E+01 4.94406812177065405E-02 6.58391182355109583E-03 2.03782425760788449E-01
1.25753345E+01 4.93653144706759917E-02 6.56435665006532831E-03 2.03629546111821325E-01
1.25858047E+01 4.92900876123797682E-02 6.54490246996265995E-03 2.03479471017636221E-01
1.25962913E+01 4.92149638847002857E-02 6.52554402153807112E-03 2.03332306235955135E-01
1.26067991E+01 4.91399082000446713E-02 6.50627648830113831E-03 2.03188171984169830E-01
1.26173191E+01 4.90649848345466530E-02 6.48712092494588364E-03 2.03047202709822128E-01
1.26278386E+01 4.89902812224441569E-02 6.46810420998052485E-03 2.02909774824776595E-01
1.26383629E+01 4.89157596992666824E-02 6.44922056140222535E-03 2.02776226819238709E-01
1.26488940E+01 4.88414045769855060E-02 6.43046939195751101E-03 2.02646572431286642E-01
1.26594060E+01 4.87673955981301685E-02 6.41189948365820592E-03 2.02520968461076117E-01
1.26699041E+01 4.86936952927984334E-02 6.39350382850346986E-03 2.02400010921226253E-01
1.26803940E+01 4.86202605616661981E-02 6.37527358394640066E-03 2.02283623481339131E-01
1.26908827E+01 4.85470422000108467E-02 6.35719806281313717E-03 2.02171876077741536E-01
1.27013778E+01 4.84739848608691445E-02 6.33926485622509587E-03 2.02064833693848533E-01
1.27118881E+01 4.84010272785594942E-02 6.32145998692728358E-03 2.01962573250554195E-01
1.27224039E+01 4.83282363628695991E-02 6.30380094419052787E-03 2.01865142378206575E-01
1.27329049E+01 4.82557505666704814E-02 6.28632225046024326E-03 2.01772852989791751E-01
1.27433995E+01 4.81835102160466169E-02 6.26900954459905756E-03 2.01686106876635213E-01
1.27538865E+01 4.81115221403539961E-02 6.25186422187925563E-03 2.01652878351985865E-01
1.27643736E+01 4.80397312649344654E-02 6.23487240663080002E-03 2.01460124340869268E-01
1.27748705E+01 4.79680706288855285E-02 6.21801720908422752E-03 2.01455781073602957E-01
1.27853877E+01 4.78964685055760994E-02 6.20128051739901251E-03 2.01441635784998546E-01
1.27959363E+01 4.78248497319149826E-02 6.18464337397945860E-03 2.01306513497010009E-01
1.28065083E+01 4.77532681118362015E-02 6.16811691123764130E-03 2.01295214965178076E-01
1.28170774E+01 4.76819003768747599E-02 6.15174029624575812E-03 2.01272459129628628E-01
1.28276540E+01 4.76106749855423270E-02 6.13549444035247499E-03 2.01143716724887178E-01
1.28382490E+01 4.75395182040407316E-02 6.11935938341652726E-03 2.01142017924556327E-01
1.28488734E+01 4.74683554191424398E-02 6.10331463853436545E-03 2.01141115881685928E-01
1.28595341E+01 4.73971416589368949E-02 6.08734619474465399E-03 2.01135350213278108E-01
1.28702329E+01 4.73258649737012538E-02 6.07144719626115815E-03 2.01122792972222159E-01
1.28808926E+01 4.72550372525846543E-02 6.05572788884190753E-03 2.01103447689428422E-01
1.28915334E+01 4.71845210618525579E-02 6.04015207167549716E-03 2.01084762914376797E-01
1.29021749E+01 4.71141844699540374E-02 6.02468436304383088E-03 2.01074257131450218E-01
1.29128363E+01 4.70439011209580690E-02 6.00929030821704697E-03 2.01074075578390715E-01
1.29235145E+01 4.69736902793846320E-02 5.99396748870023328E-03 2.01088395638360701E-01
1.29341549E+01 4.69039091944124520E-02 5.97878772847801158E-03 2.01193047758735505E-01
1.29447776E+01 4.68344233443160687E-02 5.96371488352937396E-03 2.01195987065325377E-01
1.29554019E+01 4.67651053010577633E-02 5.94871427070318027E-03 2.01203357656976833E-01
1.29660462E+01 4.66958348465388098E-02 5.93375280912558992E-03 2.01232304032819470E-01
1.29767279E+01 4.66264992693175562E-02 5.91879930363195875E-03 2.01390730068558288E-01
1.29873719E+01 4.65575855820324000E-02 5.90395357549743961E-03 2.01391424031618305E-01
1.29979981E+01 4.64889619759698072E-02 5.88918204821596396E-03 2.01402380511044421E-01
1.30086255E+01 4.64205052420924233E-02 5.87445318348134553E-03 2.01558757008265144E-01
1.30192721E+01 4.63521007693631498E-02 5.85973753359252895E-03 2.01570450808386176E-01
1.30299543E+01 4.62836425993390782E-02 5.84500795076401021E-03 2.01719751883861376E-01
1.30406240E+01 4.62154401853315522E-02 5.83032822768110408E-03 2.01736291766127507E-01
1.30512747E+01 4.61475360985752064E-02 5.81570487491942390E-03 2.01925159728231107E-01
1.30619251E+01 4.60798088766279992E-02 5.80111074080779873E-03 2.01939135663537689E-01
1.30725926E+01 4.60121479470301936E-02 5.78652058411431146E-03 2.02125915740203971E-01
1.30832931E+01 4.59444528373541411E-02 5.77191155054532137E-03 2.02145518586862527E-01
1.30940096E+01 4.58768329811358871E-02 5.75730700108378467E-03 2.02391215419434500E-01
1.31047046E+01 4.58095236513230211E-02 5.74275876373005287E-03 2.02404726749927877E-01
1.31153966E+01 4.57424075175371578E-02 5.72824264107007868E-03 2.02619763023789728E-01
1.31261027E+01 4.56753780205241891E-02 5.71373661561834761E-03 2.02700322447986608E-01
1.31368385E+01 4.56083390759874016E-02 5.69922087593747670E-03 2.02870593618965811E-01
1.31476179E+01 4.55412046384129562E-02 5.68467785169347092E-03 2.03002999342147994E-01
1.31583762E+01 4.54743779410587273E-02 5.67019720345907259E-03 2.03163756580979266E-01
1.31691279E+01 4.54077682444098130E-02 5.65576151867986168E-03 2.03316055865923245E-01
1.31798897E+01 4.53412712357447040E-02 5.64134991208822562E-03 2.03479716074913164E-01
1.31906770E+01 4.52747936947191301E-02 5.62694338285135882E-03 2.03644461697555762E-01
1.32015034E+01 4.52082529682677689E-02 5.61252483063873382E-03 2.03816001509820460E-01
1.32123432E+01 4.51418070864971419E-02 5.59812948420509646E-03 2.03991318290278278E-01
1.32231716E+01 4.50756081594655897E-02 5.58379134973315070E-03 2.04171325277715365E-01
1.32340054E+01 4.50095530345797704E-02 5.56948839512003135E-03 2.04354958539281900E-01
1.32448597E+01 4.49435501834792722E-02 5.55520030196090652E-03 2.04542952178744325E-01
1.32557480E+01 4.48775189906656310E-02 5.54090848177693756E-03 2.04735303573473110E-01
1.32666822E+01 4.48113888280339337E-02 5.52659607219301886E-03 2.04932304231177143E-01
1.32776039E+01 4.47455119516561375E-02 5.51233845530426422E-03 2.05133600817433620E-01
1.32885254E+01 4.46798150245105372E-02 5.49811860588325131E-03 2.05338410062610693E-01
1.32994618E+01 4.46142069752862996E-02 5.48391516554208678E-03 2.05547100513567227E-01
1.33104265E+01 4.45486078194447868E-02 5.46970884257633357E-03 2.05759971913670875E-01
1.33214315E+01 4.44829476781063091E-02 5.45548246412349679E-03 2.05977264738072263E-01
1.33324632E+01 4.44173082156631843E-02 5.44125220076831836E-03 2.06199018545813101E-01
1.33434880E+01 4.43518895078878761E-02 5.42706085144083195E-03 2.06424738136175984E-01
1.33545213E+01 4.42865994375994318E-02 5.41288791210106385E-03 2.06654086282971022E-01
1.33655768E+01 4.42213571591009089E-02 5.39871528148950803E-03 2.06887480993853595E-01
1.33766666E+01 4.41560919756330411E-02 5.38452721113922943E-03 2.07125229189671356E-01
1.33878016E+01 4.40907420707066927E-02 5.37031024956269049E-03 2.07367599546814024E-01
1.33989434E+01 4.40255315235549144E-02 5.35611447617033182E-03 2.07614403004751341E-01
1.34100885E+01 4.39604803514410808E-02 5.34194630122851368E-03 2.07865034013309830E-01
1.34212491E+01 4.38955169458685873E-02 5.32779244139905232E-03 2.08119634936078352E-01
1.34324378E+01 4.38305683464629142E-02 5.31363959838029344E-03 2.08378562759047009E-01
1.34436656E+01 4.37655705696476591E-02 5.29947689122405377E-03 2.08642129920177666E-01
1.34549323E+01 4.37005262121315727E-02 5.28530869003435155E-03 2.08910519444583581E-01
1.34661996E+01 4.36356542487678079E-02 5.27118775899139153E-03 2.09183340586831745E-01
1.34774807E+01 4.35708787384489274E-02 5.25710274403561051E-03 2.09460162813023765E-01
1.34887830E+01 4.35061559510347209E-02 5.24304937292270016E-03 2.09741349160119411E-01
1.35001183E+01 4.34414186274732494E-02 5.22901825403946762E-03 2.10027176594008019E-01
1.35114970E+01 4.33766073259072849E-02 5.21500176773818849E-03 2.10317960504163515E-01
1.35228981E+01 4.33118410545167351E-02 5.20103134317138026E-03 2.10613645469444555E-01
1.35343073E+01 4.32472004249990910E-02 5.18713005450226368E-03 2.10913733050252544E-01
1.35457371E+01 4.31826138916357183E-02 5.17328766589346834E-03 2.11218179552039670E-01
1.35571947E+01 4.31180395872043445E-02 5.15949998185008616E-03 2.11527324731870248E-01
1.35686898E+01 4.30534235156803322E-02 5.14575988427322818E-03 2.11841418993573755E-01
1.35802314E+01 4.29887151427362016E-02 5.13206074675497028E-03 2.12160746362382385E-01
1.35917837E+01 4.29241149374001291E-02 5.11844922125469746E-03 2.12485010112375389E-01
1.36033503E+01 4.28596011962890100E-02 5.10492410224019748E-03 2.12813658586116589E-01
1.36149432E+01 4.27951075886009655E-02 5.09147416860444586E-03 2.13146951116297556E-01
1.36265707E+01 4.27305839742942867E-02 5.07809180207210911E-03 2.13485450253912273E-01
1.36382402E+01 4.26659929504684884E-02 5.06477045825182246E-03 2.13828948157046700E-01
1.36499531E+01 4.26013267464693604E-02 5.05151001120016183E-03 2.14177868155641604E-01
1.36616732E+01 4.25367857135226166E-02 5.03835310883629997E-03 2.14531657701901746E-01
1.36734134E+01 4.24722987321743267E-02 5.02528600917129514E-03 2.14889892028394702E-01
1.36851850E+01 4.24078031347936840E-02 5.01229648783352386E-03 2.15252976385552547E-01
1.36969981E+01 4.23432446700282850E-02 4.99937397482554721E-03 2.15621268932550819E-01
1.37088576E+01 4.22785979265669770E-02 4.98651383586876020E-03 2.15994997675260120E-01
1.37207267E+01 4.22140623003617044E-02 4.97375659193516253E-03 2.16373682534116374E-01
1.37325570E+01 4.21499004703697194E-02 4.96115495205063598E-03 2.16755881015941620E-01
1.37443584E+01 4.20860559603319223E-02 4.94869779765902754E-03 2.17140829302224503E-01
1.37561118E+01 4.20226295913889991E-02 4.93640473241228200E-03 2.17528396463596285E-01
1.37678120E+01 4.19596470404309946E-02 4.92428029150096275E-03 2.17918070357604104E-01
1.37794613E+01 4.18970926444084332E-02 4.91232081783638756E-03 2.18309697249373186E-01
1.37910623E+01 4.18349504536710132E-02 4.90052255980806279E-03 2.18703283261173331E-01
1.38026174E+01 4.17732069177690485E-02 4.88888169443420662E-03 2.19098591815145433E-01
1.38141292E+01 4.17118439866548951E-02 4.87739466742323838E-03 2.19496084008997755E-01
1.38256004E+01 4.16508446621034409E-02 4.86605772788657048E-03 2.19895485912364269E-01
1.38370336E+01 4.15901923653630365E-02 4.85486719992449418E-03 2.20296865483050136E-01
1.38484315E+01 4.15298707164704836E-02 4.84381949976981068E-03 2.20700209487200649E-01
1.38597967E+01 4.14698634939215313E-02 4.83291112463327382E-03 2.21105540492607444E-01
1.38711319E+01 4.14101546504049289E-02 4.82213863648731610E-03 2.21512875633452649E-01
1.38824398E+01 4.13507283424657743E-02 4.81149864721383373E-03 2.21922237164742492E-01
1.38937228E+01 4.12915689595800620E-02 4.80098780694926570E-03 2.22333649168755032E-01
1.39049837E+01 4.12326611473539870E-02 4.79060279406998048E-03 2.22747138065494149E-01
1.39162249E+01 4.11739898227716089E-02 4.78034030308705990E-03 2.23162732076840287E-01
1.39274489E+01 4.11155401805290421E-02 4.77019702741113619E-03 2.23580460957724242E-01
1.39386583E+01 4.10572976897836880E-02 4.76016963718534341E-03 2.24000355724629313E-01
1.39498554E+01 4.09992480806144477E-02 4.75025475555585028E-03 2.24422448480796177E-01
1.39610427E+01 4.09413773194195058E-02 4.74044893723470865E-03 2.24846772363189312E-01
1.39722224E+01 4.08836715724765903E-02 4.73074865068386433E-03 2.25273361600544619E-01
1.39833970E+01 4.08261171571306092E-02 4.72115026194150182E-03 2.25702251699368944E-01
1.39945689E+01 4.07687004802009187E-02 4.71165001671097587E-03 2.26133479731877418E-01
1.40057403E+01 4.07114079633613193E-02 4.70224401886782349E-03 2.26567084720584261E-01
1.40169136E+01 4.06542259553129282E-02 4.69292820657986852E-03 2.27003108151344279E-01
1.40280914E+01 4.05971406306736768E-02 4.68369832932373151E-03 2.27441594608258857E-01
1.40392760E+01 4.05401378758212805E-02 4.67454992875421596E-03 2.27882592606802159E-01
1.40504702E+01 4.04832031625008068E-02 4.66547832426097986E-03 2.28326155573845169E-01
1.40616766E+01 4.04263214107300137E-02 4.65647860221123089E-03 2.28772342999144923E-01
1.40728982E+01 4.03694768430568549E-02 4.64754560811158745E-03 2.29221221704464490E-01
1.40841380E+01 4.03126528322030955E-02 4.63867394317629168E-03 2.29672867190883506E-01
1.40953993E+01 4.02558317435018770E-02 4.62985796902792238E-03 2.30127365105934206E-01
1.41066859E+01 4.01989947725667901E-02 4.62109182389876076E-03 2.30584812734011962E-01
1.41180014E+01 4.01421217784339521E-02 4.61236944984032629E-03 2.31045320575781254E-01
1.41293502E+01 4.00851911124737864E-02 4.60368462472184308E-03 2.31509013932544555E-01
1.41407367E+01 4.00281794443204733E-02 4.59503098898364493E-03 2.31976034534789849E-01
1.41521662E+01 3.99710615866206986E-02 4.58640205801055280E-03 2.32446542173451315E-01
1.41636256E+01 3.99139017369483720E-02 4.57780515289350244E-03 2.32920338013764078E-01
1.41751035E+01 3.98567563727386179E-02 4.56924652969578279E-03 2.33396860039950443E-01
1.41866039E+01 3.97996050317172140E-02 4.56072088284827874E-03 2.33875899593138259E-01
1.41981312E+01 3.97424253871650132E-02 4.55222271577889349E-03 2.34357596274222341E-01
1.42096904E+01 3.96851930653031801E-02 4.54374632625479183E-03 2.34842100199242482E-01
1.42212869E+01 3.96278815083411229E-02 4.53528580106899327E-03 2.35329578251100929E-01
1.42329266E+01 3.95704618507076306E-02 4.52683500109841552E-03 2.35820221839202343E-01
1.42446159E+01 3.95129028023626025E-02 4.51838754602901845E-03 2.36314246743578593E-01
1.42563620E+01 3.94551705375375053E-02 4.50993680337315270E-03 2.36811894278550150E-01
1.42681725E+01 3.93972285886588017E-02 4.50147587555572125E-03 2.37313432326801799E-01
1.42800556E+01 3.93390386451361942E-02 4.49299770554733441E-03 2.37819152469194245E-01
1.42920141E+01 3.92805883565904498E-02 4.48449915118087714E-03 2.38329244332885298E-01
1.43040563E+01 3.92218396278962711E-02 4.47597330390639772E-03 2.38843894774635024E-01
1.43161388E+01 3.91630053919925988E-02 4.46745020313443243E-03 2.39362299649141963E-01
1.43282114E+01 3.91043307207422225E-02 4.45896472198332658E-03 2.39882350805219913E-01
1.43402741E+01 3.90458149740949834E-02 4.45051557784241925E-03 2.40402876176913166E-01
1.43523331E+01 3.89874280761816142E-02 4.44209678371492844E-03 2.40923966686281493E-01
1.43643950E+01 3.89291380341438981E-02 4.43370176488530263E-03 2.41445838082657405E-01
1.43764524E+01 3.88709817700923846E-02 4.42533387903405653E-03 2.41968389892192437E-01
1.43884905E+01 3.88130299879340668E-02 4.41700144131643678E-03 2.42491050799327229E-01
1.44005133E+01 3.87552629932481491E-02 4.40869958730625428E-03 2.43013502764158895E-01
1.44125179E+01 3.86976953388474890E-02 4.40042837381528044E-03 2.43535694984091888E-01
1.44245107E+01 3.86402954403144913E-02 4.39218109471825862E-03 2.44057622071237018E-01
1.44364988E+01 3.85830295866625220E-02 4.38395065573829804E-03 2.44579500889459678E-01
1.44484898E+01 3.85258616443018634E-02 4.37572954414340576E-03 2.45101571440497296E-01
1.44604921E+01 3.84687527263543119E-02 4.36750977928229613E-03 2.45624096701358069E-01
1.44724955E+01 3.84117513910523789E-02 4.35929617034286690E-03 2.46146951048847318E-01
1.44844725E+01 3.83549876504708717E-02 4.35110567548590774E-03 2.46669219887354435E-01
1.44964301E+01 3.82984277491207128E-02 4.34293140864756497E-03 2.47190362360051430E-01
1.45083760E+01 3.82420355661703265E-02 4.33476595279304495E-03 2.47710624718608996E-01
1.45203184E+01 3.81857722065502905E-02 4.32660136937214855E-03 2.48230270784801588E-01
1.45322662E+01 3.81295956151217405E-02 4.31842920132733798E-03 2.48749583723484186E-01
1.45442293E+01 3.80734601549985868E-02 4.31024043055895385E-03 2.49268880575696711E-01
1.45562080E+01 3.80173643228062658E-02 4.30203260068496521E-03 2.49788289713128803E-01
1.45681826E+01 3.79614008758993732E-02 4.29381750428682943E-03 2.50307290429304996E-01
1.45801394E+01 3.79056331930977056E-02 4.28560292948547330E-03 2.50825053159443534E-01
1.45920875E+01 3.78500186432610131E-02 4.27738087065004935E-03 2.51341387213624534E-01
1.46040368E+01 3.77945110952050481E-02 4.26914256686853309E-03 2.51856621688756055E-01
1.46159931E+01 3.77390835330163391E-02 4.26088198909635452E-03 2.52371004318106884E-01
1.46279574E+01 3.76837322024033278E-02 4.25259662116048501E-03 2.52884578868192100E-01
1.46399428E+01 3.76283963402798752E-02 4.24427528107054666E-03 2.53397546580549138E-01
1.46519639E+01 3.75730094888223204E-02 4.23590577486638101E-03 2.53910405739504574E-01
1.46639900E+01 3.75177142922377069E-02 4.22750825742704978E-03 2.54422703958271101E-01
1.46760134E+01 3.74625457308307847E-02 4.21908705559555838E-03 2.54933501677768792E-01
1.46880311E+01 3.74075178120590324E-02 4.21064355134934468E-03 2.55442478802183570E-01
1.47000567E+01 3.73525682880101115E-02 4.20216734213911362E-03 2.55949772036102086E-01
1.47121051E+01 3.72976296255165610E-02 4.19364705493554483E-03 2.56455891342960152E-01
1.47241928E+01 3.72426284721802739E-02 4.18507029461650387E-03 2.56961390630429776E-01
1.47363377E+01 3.71874850756060832E-02 4.17642358011933567E-03 2.57466871853017087E-01
1.47485104E+01 3.71323339702206712E-02 4.16772786522449663E-03 2.57971976115336621E-01
1.47606788E+01 3.70773211184528967E-02 4.15900702818855147E-03 2.58475294256681143E-01
1.47728583E+01 3.70223770422733259E-02 4.15025092278342375E-03 2.58976370115669319E-01
1.47850658E+01 3.69674271263706333E-02 4.14144839638683985E-03 2.59475784569205392E-01
1.47973194E+01 3.69123910609057276E-02 4.13258727159114027E-03 2.59974148488073598E-01
1.48096389E+01 3.68571822859402667E-02 4.12365430655927540E-03 2.60472108898548937E-01
1.48220456E+01 3.68017073331155450E-02 4.11463510658358587E-03 2.60970364256257359E-01
1.48344703E+01 3.67462784345491678E-02 4.10558274979523890E-03 2.61467812467182759E-01
1.48469122E+01 3.66908985052705194E-02 4.09650037310331852E-03 2.61962891392512887E-01
1.48593902E+01 3.66354858294525160E-02 4.08737697934846364E-03 2.62455865559190038E-01
1.48719241E+01 3.65799533882093034E-02 4.07820040791465575E-03 2.62947405643095100E-01
1.48845355E+01 3.65242082552814790E-02 4.06895733196320410E-03 2.63438196056672624E-01
1.48971662E+01 3.64685089240074922E-02 4.05969376389888822E-03 2.63927395040123358E-01
1.49097922E+01 3.64129615263154224E-02 4.05043092467738744E-03 2.64413263238176210E-01
1.49224273E+01 3.63575056985420003E-02 4.04116194751526388E-03 2.64895511819131790E-01
1.49350631E+01 3.63021778574521489E-02 4.03189605666595414E-03 2.65374192266711773E-01
1.49476943E+01 3.62470021459649003E-02 4.02264033750049897E-03 2.65848960548233260E-01
1.49603339E+01 3.61919210929927543E-02 4.01338783480810393E-03 2.66319880848571056E-01
1.49729753E+01 3.61369636699412633E-02 4.00414604352782293E-03 2.66787017011412164E-01
1.49856283E+01 3.60820877495481168E-02 3.99491020592928573E-03 2.67250348906704016E-01
1.49928142E+01 3.60509733191577003E-02 3.98971555813559028E-03 2.67612591758800811E-01
1.50000000E+01 3.60198998109729912E-02 3.98454117410267789E-03 2.67868082953185649E-01
