#  time, MeanKE MeanKEDR MeanP
0 1.24924716013033330E-01 1.10382327782461453E-03 -5.53602782891480650E-18
1.47262156E-02 1.24902338449509667E-01 1.10365301722667474E-03 2.59956239925424948E-04
2.94624534E-02 1.24881063449571922E-01 1.10362476119040312E-03 3.36408384151757668E-04
4.42000902E-02 1.24860156322815496E-01 1.10372847332952965E-03 3.55401566171435453E-04
5.89395601E-02 1.24839367025672818E-01 1.10396061668698617E-03 3.59327384364788909E-04
7.36813610E-02 1.24818610770719887E-01 1.10431986765165027E-03 3.46306307072477093E-04
8.84260132E-02 1.24797857912426577E-01 1.10480565483118574E-03 3.16287995276374936E-04
1.03174045E-01 1.24777097190244796E-01 1.10541767239772824E-03 2.69290691198528743E-04
1.17924878E-01 1.24756325033709911E-01 1.10615565237195111E-03 2.05358317008942962E-04
1.32677392E-01 1.24735540679134727E-01 1.10701929199695948E-03 1.24559472537912768E-04
1.47432113E-01 1.24714741724322051E-01 1.10800836514959172E-03 2.69650943223435726E-05
1.62189572E-01 1.24693925988810975E-01 1.10912265406754962E-03 -8.73500568774877411E-05
1.76950297E-01 1.24673091363641811E-01 1.11036194883814307E-03 -2.18306942407950024E-04
1.91714816E-01 1.24652235762324745E-01 1.11172604934414395E-03 -3.65821937923699108E-04
2.06483654E-01 1.24631357104534726E-01 1.11321476713134885E-03 -5.29806854148927439E-04
2.21257331E-01 1.24610453310241523E-01 1.11482792680710121E-03 -7.10168904648875729E-04
2.36036367E-01 1.24589522297915339E-01 1.11656536663883163E-03 -9.06810558061577391E-04
2.50821274E-01 1.24568561985062415E-01 1.11842693791320918E-03 -1.11962942784562831E-03
2.65612557E-01 1.24547570290149096E-01 1.12041250279238075E-03 -1.34851814061471382E-03
2.80410713E-01 1.24526545134450911E-01 1.12252193193820024E-03 -1.59336414264743954E-03
2.95216226E-01 1.24505484442852032E-01 1.12475510349075184E-03 -1.85404951138461106E-03
3.10029351E-01 1.24484386457619473E-01 1.12711186718424702E-03 -2.13044666199544179E-03
3.24848222E-01 1.24463252432620686E-01 1.12959171110708434E-03 -2.42237971980607510E-03
3.39673335E-01 1.24442080252854123E-01 1.13219447964306766E-03 -2.72970556260300218E-03
3.54505177E-01 1.24420867805535837E-01 1.13492002388296265E-03 -3.05227616816065384E-03
3.69344222E-01 1.24399612979847932E-01 1.13776820082417580E-03 -3.38993786160074516E-03
3.84190937E-01 1.24378313666805823E-01 1.14073887336877864E-03 -3.74253083988459719E-03
3.99045775E-01 1.24356967758602208E-01 1.14383191017737649E-03 -4.10988896355693988E-03
4.13909178E-01 1.24335573146997377E-01 1.14704718501252895E-03 -4.49183958287338505E-03
4.28781581E-01 1.24314127721638898E-01 1.15038457559779269E-03 -4.88820336400543499E-03
4.43663407E-01 1.24292629369066848E-01 1.15384396206866203E-03 -5.29879408834945352E-03
4.58555071E-01 1.24271075972762102E-01 1.15742522485856418E-03 -5.72341843968943251E-03
4.73456975E-01 1.24249465413834581E-01 1.16112824218155800E-03 -6.16187578065160134E-03
4.88369513E-01 1.24227795571380792E-01 1.16495288818012485E-03 -6.61395791308098946E-03
5.03293066E-01 1.24206064322215065E-01 1.16889903208112393E-03 -7.07944883852495641E-03
5.18228004E-01 1.24184269540438458E-01 1.17296653763188899E-03 -7.55812454377016111E-03
5.33174259E-01 1.24162409720769279E-01 1.17715514083986889E-03 -8.04973874605967137E-03
5.48130544E-01 1.24140485130332420E-01 1.18146420360204030E-03 -8.55399438830932619E-03
5.63097241E-01 1.24118493588873571E-01 1.18589353166057964E-03 -9.07063816046859914E-03
5.78074718E-01 1.24096432914243326E-01 1.19044292371071349E-03 -9.59940878082708379E-03
5.93063334E-01 1.24074300921436717E-01 1.19511217154560380E-03 -1.01400363444226586E-02
6.08063438E-01 1.24052095422018283E-01 1.19990106003046320E-03 -1.06922420287205149E-02
6.23075366E-01 1.24029814223513737E-01 1.20480936663777661E-03 -1.12557378948073394E-02
6.38099446E-01 1.24007455128979760E-01 1.20983686064992735E-03 -1.18302266857316027E-02
6.53135993E-01 1.23985015937128781E-01 1.21498330216719360E-03 -1.24154016076189720E-02
6.68185311E-01 1.23962494443236787E-01 1.22024844087527395E-03 -1.30109461004317226E-02
6.83247693E-01 1.23939888440570689E-01 1.22563201473951900E-03 -1.36165335965192421E-02
6.98323417E-01 1.23917195721707271E-01 1.23113374912139266E-03 -1.42318272768877426E-02
7.13412749E-01 1.23894414079405588E-01 1.23675335643574523E-03 -1.48564798501811136E-02
7.28515938E-01 1.23871541307142924E-01 1.24249053607171302E-03 -1.54901333649420971E-02
7.43633221E-01 1.23848575199488678E-01 1.24834497449394623E-03 -1.61324190338962871E-02
7.58764819E-01 1.23825513552432195E-01 1.25431634573908808E-03 -1.67829570660523557E-02
7.73910940E-01 1.23802354163623965E-01 1.26040431232071152E-03 -1.74413565106002165E-02
7.89071775E-01 1.23779094832539266E-01 1.26660852609447334E-03 -1.81072151221024630E-02
8.04247503E-01 1.23755733360506145E-01 1.27292862865691233E-03 -1.87801192472176991E-02
8.19438048E-01 1.23732267917847485E-01 1.27936414971630517E-03 -1.94596330556588981E-02
8.34642542E-01 1.23708697890732980E-01 1.28591426265933545E-03 -2.01452734498249776E-02
8.49861179E-01 1.23685021012710755E-01 1.29257857702551803E-03 -2.08365934159969735E-02
8.65094138E-01 1.23661235020609606E-01 1.29935669255798621E-03 -2.15331346914815341E-02
8.80341585E-01 1.23637337654319571E-01 1.30624819859732747E-03 -2.22344274470681474E-02
8.95603669E-01 1.23613326656943995E-01 1.31325267385020241E-03 -2.29399903022976595E-02
9.10880525E-01 1.23589199774969433E-01 1.32036968653584017E-03 -2.36493303167914608E-02
9.26172273E-01 1.23564954758360893E-01 1.32759879489885500E-03 -2.43619430160753221E-02
9.41479018E-01 1.23540589360519010E-01 1.33493954827754342E-03 -2.50773124490489031E-02
9.56800850E-01 1.23516101338196627E-01 1.34239148871367398E-03 -2.57949112762436983E-02
9.72137845E-01 1.23491488451357795E-01 1.34995415240187519E-03 -2.65142008894253718E-02
9.87490067E-01 1.23466748463061576E-01 1.35762707036842802E-03 -2.72346315575985945E-02
1.00285756E+00 1.23441879139364372E-01 1.36540976867579895E-03 -2.79556425977030738E-02
1.01824037E+00 1.23416878249275525E-01 1.37330176862752638E-03 -2.86766625714245764E-02
1.03363851E+00 1.23391743564767953E-01 1.38130258703979768E-03 -2.93971095083345527E-02
1.04905198E+00 1.23366472860838933E-01 1.38941173644397385E-03 -3.01163911643282760E-02
1.06448079E+00 1.23341063915639662E-01 1.39762872527298874E-03 -3.08339053056984960E-02
1.07992492E+00 1.23315514510618673E-01 1.40595305829663893E-03 -3.15490400320827952E-02
1.09538433E+00 1.23289822430719065E-01 1.41438423753893045E-03 -3.22611741338871688E-02
1.11085899E+00 1.23263985464583337E-01 1.42292176377780571E-03 -3.29696774861290912E-02
1.12634883E+00 1.23238001404747652E-01 1.43156513854551001E-03 -3.36739114871464629E-02
1.14185379E+00 1.23211868047826134E-01 1.44031386593132050E-03 -3.43732295375423838E-02
1.15737378E+00 1.23185583194634074E-01 1.44916745345004955E-03 -3.50669775598008437E-02
1.17290871E+00 1.23159144650294622E-01 1.45812541231416198E-03 -3.57544945517437526E-02
1.18845848E+00 1.23132550224269013E-01 1.46718725753192873E-03 -3.64351131771738918E-02
1.20402296E+00 1.23105797730373917E-01 1.47635250799404093E-03 -3.71081603953721736E-02
1.21960203E+00 1.23078884986736151E-01 1.48562068666693208E-03 -3.77729581308768672E-02
1.23519554E+00 1.23051809815707416E-01 1.49499132089547207E-03 -3.84288239791454114E-02
1.25080334E+00 1.23024570043750128E-01 1.50446394269610037E-03 -3.90750719547034234E-02
1.26642527E+00 1.22997163501282536E-01 1.51403808920307146E-03 -3.97110132713743708E-02
1.28206115E+00 1.22969588022519574E-01 1.52371330395992786E-03 -4.03359571665009298E-02
1.29771080E+00 1.22941841445293937E-01 1.53348913939353130E-03 -4.09492117593732510E-02
1.31337402E+00 1.22913921610864826E-01 1.54336515890987278E-03 -4.15500849507052933E-02
1.32905061E+00 1.22885826363708636E-01 1.55334093736132512E-03 -4.21378853542062615E-02
1.34474035E+00 1.22857553551312129E-01 1.56341606096244731E-03 -4.27119232476645266E-02
1.36044302E+00 1.22829101023984616E-01 1.57359012724666192E-03 -4.32715115473416775E-02
1.37615839E+00 1.22800466634681971E-01 1.58386274495951585E-03 -4.38159668101912800E-02
1.39188622E+00 1.22771648238822792E-01 1.59423353370968476E-03 -4.43446102595468628E-02
1.40762627E+00 1.22742643694099832E-01 1.60470212375417092E-03 -4.48567688315011509E-02
1.42337826E+00 1.22713450860268802E-01 1.61526815655318578E-03 -4.53517762404292840E-02
1.43914195E+00 1.22684067598894123E-01 1.62593128604015397E-03 -4.58289740634366047E-02
1.45491707E+00 1.22654491773025329E-01 1.63669118053587121E-03 -4.62877128423277995E-02
1.47070333E+00 1.22624721246809357E-01 1.64754752545521609E-03 -4.67273531993062999E-02
1.48650046E+00 1.22594753885015811E-01 1.65850002573228396E-03 -4.71472669644147774E-02
1.50230816E+00 1.22564587552449922E-01 1.66954840677052685E-03 -4.75468383025618099E-02
1.51812615E+00 1.22534220113318396E-01 1.68069241436787629E-03 -4.79254648304705752E-02
1.53395413E+00 1.22503649430528147E-01 1.69193181412179172E-03 -4.82825587248511406E-02
1.54979180E+00 1.22472873364935606E-01 1.70326639104340354E-03 -4.86175478195063626E-02
1.56563885E+00 1.22441889774574195E-01 1.71469594975434941E-03 -4.89298766877471619E-02
1.58149497E+00 1.22410696513821124E-01 1.72622031474599629E-03 -4.92190077118968353E-02
1.59735987E+00 1.22379291432530082E-01 1.73783933117619381E-03 -4.94844221340573834E-02
1.61323322E+00 1.22347672375107783E-01 1.74955286669361675E-03 -4.97256210844531435E-02
1.62911472E+00 1.22315837179546874E-01 1.76136081387419201E-03 -4.99421265839775988E-02
1.64500406E+00 1.22283783676407881E-01 1.77326309259769792E-03 -5.01334825047316454E-02
1.66090092E+00 1.22251509687761148E-01 1.78525965200353577E-03 -5.02992554801023964E-02
1.67680500E+00 1.22219013026091214E-01 1.79735047191808541E-03 -5.04390357529130307E-02
1.69271599E+00 1.22186291493190879E-01 1.80953556378364317E-03 -5.05524379579875352E-02
1.70863358E+00 1.22153342879043031E-01 1.82181497111461553E-03 -5.06391018084110869E-02
1.72455747E+00 1.22120164960690294E-01 1.83418876973933634E-03 -5.06986924755296747E-02
1.74048736E+00 1.22086755501071592E-01 1.84665706828781467E-03 -5.07308987673688108E-02
1.75642296E+00 1.22053112247844556E-01 1.85922000922621330E-03 -5.07353217226574407E-02
1.77236398E+00 1.22019232932106744E-01 1.87187777033667149E-03 -5.07123292194517697E-02
1.78831012E+00 1.21985115267104899E-01 1.88463056738783484E-03 -5.06605362418381666E-02
1.80426111E+00 1.21950756946718142E-01 1.89747865653149537E-03 -5.05807745245311219E-02
1.82021668E+00 1.21916155643981838E-01 1.91042233747917628E-03 -5.04724476596259894E-02
1.83617655E+00 1.21881309009402014E-01 1.92346195617338505E-03 -5.03354840209496654E-02
1.85214048E+00 1.21846214669171282E-01 1.93659790711055873E-03 -5.01697767125755534E-02
1.86810820E+00 1.21810870223301851E-01 1.94983063529549790E-03 -4.99752478550328227E-02
1.88407947E+00 1.21775273243617685E-01 1.96316063803436388E-03 -4.97518492809386204E-02
1.90005406E+00 1.21739421271677556E-01 1.97658846685289883E-03 -4.94995625585043508E-02
1.91603175E+00 1.21703311816558427E-01 1.99011472981551647E-03 -4.92183988979504258E-02
1.93201233E+00 1.21666942352545174E-01 2.00374009441896045E-03 -4.89083989908606631E-02
1.94799559E+00 1.21630310316714757E-01 2.01746529107929735E-03 -4.85696327819576112E-02
1.96398134E+00 1.21593413106388590E-01 2.03129111707894524E-03 -4.82021991728630375E-02
1.97996940E+00 1.21556248076515688E-01 2.04521844077206697E-03 -4.78061919227659934E-02
1.99595962E+00 1.21518812536928367E-01 2.05924820563575459E-03 -4.73818743574022927E-02
2.01195185E+00 1.21481103749526045E-01 2.07338143441954722E-03 -4.69293070607962326E-02
2.02794594E+00 1.21443118925391530E-01 2.08761923282157385E-03 -4.64487575857593649E-02
2.04394177E+00 1.21404855221815974E-01 2.10196279324435190E-03 -4.59404548969634674E-02
2.05993925E+00 1.21366309739269360E-01 2.11641339870030643E-03 -4.54046614346844887E-02
2.07593828E+00 1.21327479518281878E-01 2.13097242710286227E-03 -4.48416650037650952E-02
2.09193879E+00 1.21288361536246503E-01 2.14564135600744683E-03 -4.42517777267724954E-02
2.10794072E+00 1.21248952704143959E-01 2.16042176768288475E-03 -4.36353352084131590E-02
2.12394404E+00 1.21209249863160562E-01 2.17531535429089972E-03 -4.29926956759186726E-02
2.13994871E+00 1.21169249781226174E-01 2.19032392300914361E-03 -4.23242390862509782E-02
2.15595475E+00 1.21128949149464205E-01 2.20544940109257967E-03 -4.16303662002196345E-02
2.17196216E+00 1.21088344578554705E-01 2.22069384100466883E-03 -4.09114976310885614E-02
2.18797098E+00 1.21047432595022458E-01 2.23605942576219751E-03 -4.01680728637486897E-02
2.20398125E+00 1.21006209637459297E-01 2.25154847445817362E-03 -3.94005492557703701E-02
2.21999305E+00 1.20964672052612715E-01 2.26716344764549358E-03 -3.86094010214267508E-02
2.23600648E+00 1.20922816091457816E-01 2.28290695224732604E-03 -3.77951182037694275E-02
2.25202164E+00 1.20880637905139518E-01 2.29878174614967694E-03 -3.69582056441078721E-02
2.26803865E+00 1.20838133540887224E-01 2.31479074314271940E-03 -3.60991819497820526E-02
2.28405768E+00 1.20795298937874065E-01 2.33093701881140637E-03 -3.52185784651027969E-02
2.30007888E+00 1.20752129923014304E-01 2.34722381776577161E-03 -3.43169382505634918E-02
2.31610246E+00 1.20708622206696828E-01 2.36365456258802844E-03 -3.33948150708893027E-02
2.33212861E+00 1.20664771378420729E-01 2.38023286274906655E-03 -3.24527723951286498E-02
2.34815758E+00 1.20620572902322892E-01 2.39696252096239159E-03 -3.14913824132931897E-02
2.36418960E+00 1.20576022112625761E-01 2.41384753830342158E-03 -3.05112250695724757E-02
2.38022496E+00 1.20531114209071102E-01 2.43089211897577978E-03 -2.95128871173163561E-02
2.39626394E+00 1.20485844252295762E-01 2.44810067492102351E-03 -2.84969611987457815E-02
2.41230685E+00 1.20440207159253007E-01 2.46547782952951430E-03 -2.74640449467579914E-02
2.42835296E+00 1.20394200732946210E-01 2.48302726086639365E-03 -2.64148089940866790E-02
2.44440203E+00 1.20347821404563515E-01 2.50075331927582419E-03 -2.53499015537895049E-02
2.46045437E+00 1.20301063905787084E-01 2.51866115293647441E-03 -2.42699386701900159E-02
2.47651031E+00 1.20253922812142547E-01 2.53675611402517237E-03 -2.31755374858204875E-02
2.49257021E+00 1.20206392538714818E-01 2.55504375800148786E-03 -2.20673155957056971E-02
2.50863445E+00 1.20158467336148142E-01 2.57352984881372478E-03 -2.09458904974724955E-02
2.52470342E+00 1.20110141286629515E-01 2.59222036909664659E-03 -1.98118788983100702E-02
2.54077752E+00 1.20061408299729097E-01 2.61112153504591089E-03 -1.86658960668696465E-02
2.55685720E+00 1.20012262107897338E-01 2.63023981708109846E-03 -1.75085552340885041E-02
2.57294289E+00 1.19962696261461985E-01 2.64958196603697809E-03 -1.63404670387549619E-02
2.58903508E+00 1.19912704123023781E-01 2.66915504091967508E-03 -1.51622390092280221E-02
2.60513424E+00 1.19862278861209343E-01 2.68896643197902210E-03 -1.39744750853963255E-02
2.62124087E+00 1.19811413443945886E-01 2.70902387221338189E-03 -1.27777751602640727E-02
2.63735551E+00 1.19760100631618377E-01 2.72933543093197353E-03 -1.15727346441633523E-02
2.65347867E+00 1.19708332970625012E-01 2.74990948561583924E-03 -1.03599440363922775E-02
2.66961085E+00 1.19656102994296160E-01 2.77075459034277277E-03 -9.13999332912258239E-03
2.68575031E+00 1.19603410336778390E-01 2.79187655071234464E-03 -7.91363701701952409E-03
2.70189761E+00 1.19550247196050632E-01 2.81328415540093701E-03 -6.68145313192051050E-03
2.71805329E+00 1.19496605549141974E-01 2.83498625950816176E-03 -5.44401335893598612E-03
2.73421794E+00 1.19442477153328896E-01 2.85699176433527489E-03 -4.20188158166846445E-03
2.75039215E+00 1.19387853547366460E-01 2.87930964976884944E-03 -2.95561407340868892E-03
2.76657651E+00 1.19332726050978249E-01 2.90194906942416262E-03 -1.70575936088702648E-03
2.78277164E+00 1.19277085760778237E-01 2.92491950192646979E-03 -4.52858176324824851E-04
2.79897818E+00 1.19220923541441051E-01 2.94823093287149189E-03 8.02556521461270816E-04
2.81519676E+00 1.19164230011743033E-01 2.97189402780852468E-03 2.05995949168133853E-03
2.83142804E+00 1.19106995526500239E-01 2.99592025137289820E-03 3.31883317279980938E-03
2.84767269E+00 1.19049210156506380E-01 3.02032189165954553E-03 4.57866769616566919E-03
2.86393139E+00 1.18990863669694261E-01 3.04511196221404897E-03 5.83896098703370892E-03
2.88020327E+00 1.18931951113331116E-01 3.07030157876999211E-03 7.09909902783634542E-03
2.89648778E+00 1.18872466390014669E-01 3.09590233282789522E-03 8.35849917748939832E-03
2.91278559E+00 1.18812398651781198E-01 3.12192751136588934E-03 9.61668481795408328E-03
2.92909742E+00 1.18751736749812986E-01 3.14838989550318086E-03 1.08731882825993786E-02
2.94542396E+00 1.18690469256035908E-01 3.17530154255776624E-03 1.21275517424337606E-02
2.96176593E+00 1.18628584487581776E-01 3.20267373960566020E-03 1.33793272252328618E-02
2.97812406E+00 1.18566070527773140E-01 3.23051719506254253E-03 1.46280765440132427E-02
2.99449907E+00 1.18502915236246467E-01 3.25884251507570786E-03 1.58733710215916736E-02
3.01089171E+00 1.18439106240520217E-01 3.28766094814171485E-03 1.71147909793038407E-02
3.02730271E+00 1.18374630902570319E-01 3.31698528428127186E-03 1.83519250250488049E-02
3.04373283E+00 1.18309476258007862E-01 3.34683069895236806E-03 1.95843692629714509E-02
3.06018191E+00 1.18243632582041208E-01 3.37721358128329754E-03 2.08116583048208147E-02
3.07664858E+00 1.18177094800925073E-01 3.40815065701342715E-03 2.20332431630126946E-02
3.09313359E+00 1.18109848847945134E-01 3.43966425837424631E-03 2.32487460731306689E-02
3.10963771E+00 1.18041880103610039E-01 3.47177655745233319E-03 2.44577958524422219E-02
3.12616173E+00 1.17973173461920225E-01 3.50450732058231809E-03 2.56600308418984124E-02
3.14270640E+00 1.17903713448937075E-01 3.53787228651839501E-03 2.68551003693023142E-02
3.15919479E+00 1.17833815235139222E-01 3.57172210404941475E-03 2.80370344370002404E-02
3.17558968E+00 1.17763635892986746E-01 3.60597686532077282E-03 2.92029790667551678E-02
3.19189394E+00 1.17693165098855593E-01 3.64063615387949036E-03 3.03530159852989680E-02
3.20811027E+00 1.17622393029809411E-01 3.67570112111875388E-03 3.14871917499527504E-02
3.22424122E+00 1.17551310251572699E-01 3.71117633555521085E-03 3.26055524628643956E-02
3.24028919E+00 1.17479907601883107E-01 3.74707063400187002E-03 3.37081452464008183E-02
3.25625630E+00 1.17408176853950844E-01 3.78339662503012451E-03 3.47950055257881599E-02
3.27212373E+00 1.17336204433777389E-01 3.82012176200067447E-03 3.58647514885306121E-02
3.28789329E+00 1.17263985127196851E-01 3.85726095526550900E-03 3.69174806988196019E-02
3.30356769E+00 1.17191509019858531E-01 3.89483052043439019E-03 3.79533444234703490E-02
3.31914948E+00 1.17118766375426148E-01 3.93284264526195908E-03 3.89724908600862785E-02
3.33464108E+00 1.17045747812637907E-01 3.97130291106390001E-03 3.99750699601638740E-02
3.35004477E+00 1.16972444483118790E-01 4.01020973814628784E-03 4.09612347354340808E-02
3.36536271E+00 1.16898848183898743E-01 4.04955611140626545E-03 4.19311413867310412E-02
3.38059692E+00 1.16824951373471861E-01 4.08933293347600504E-03 4.28849482220915179E-02
3.39574933E+00 1.16750747094805749E-01 4.12953289791787980E-03 4.38228137126645614E-02
3.41082174E+00 1.16676228827650760E-01 4.17015373262396346E-03 4.47448942963761948E-02
3.42581586E+00 1.16601390300866553E-01 4.21119986170247380E-03 4.56513426222488819E-02
3.44073329E+00 1.16526225303185224E-01 4.25268211039787816E-03 4.65423067924096920E-02
3.45557556E+00 1.16450727536732079E-01 4.29461574711425230E-03 4.74179307897939772E-02
3.47034409E+00 1.16374890554585150E-01 4.33701746135935467E-03 4.82783558371155386E-02
3.48504024E+00 1.16298707805724294E-01 4.37990185197935020E-03 4.91237222513453489E-02
3.49966529E+00 1.16222172777530428E-01 4.42327803901388251E-03 4.99541713710619298E-02
3.51422042E+00 1.16145279190127945E-01 4.46714730282775363E-03 5.07698472437756523E-02
3.52870536E+00 1.16068028840205256E-01 4.51149825649084946E-03 5.15708171455637535E-02
3.54311989E+00 1.15990423577004564E-01 4.55631325283387990E-03 5.23571662151122649E-02
3.55746499E+00 1.15912459193877160E-01 4.60157539582632582E-03 5.31290558413188146E-02
3.57174160E+00 1.15834132023715383E-01 4.64726864257485484E-03 5.38866474270412385E-02
3.58595063E+00 1.15755438837909369E-01 4.69338113091458120E-03 5.46301017981747836E-02
3.60009291E+00 1.15676376697005659E-01 4.73990727346880122E-03 5.53595777767786346E-02
3.61416639E+00 1.15596958916592968E-01 4.78683870794082127E-03 5.60750834959150152E-02
3.62816591E+00 1.15517216999789243E-01 4.83416175033854305E-03 5.67764783380628468E-02
3.64209215E+00 1.15437149619671525E-01 4.88188513645721085E-03 5.74639374706072126E-02
3.65594575E+00 1.15356755275221684E-01 4.93001745075111446E-03 5.81376288463923765E-02
3.66972736E+00 1.15276032367170753E-01 4.97856357910569057E-03 5.87977204841654277E-02
3.68343758E+00 1.15194979336066108E-01 5.02752192798873888E-03 5.94443827201910496E-02
3.69707701E+00 1.15113594805635572E-01 5.07688324530398711E-03 6.00777891348032375E-02
3.71064622E+00 1.15031877683933914E-01 5.12663136884140575E-03 6.06981167872184535E-02
3.72414579E+00 1.14949827203688890E-01 5.17674554553259128E-03 6.13055456844864080E-02
3.73757626E+00 1.14867442910807832E-01 5.22720348054660569E-03 6.19002576159266155E-02
3.75093817E+00 1.14784724621812759E-01 5.27798421656620019E-03 6.24824346821494514E-02
3.76423207E+00 1.14701672367203911E-01 5.32907020336325764E-03 6.30522579082449519E-02
3.77745846E+00 1.14618286328940194E-01 5.38044822152612245E-03 6.36099062706362434E-02
3.79061787E+00 1.14534566776658520E-01 5.43210909989905698E-03 6.41555563164260406E-02
3.80371082E+00 1.14450514011696064E-01 5.48404647409314865E-03 6.46893823947499030E-02
3.81673780E+00 1.14366128332854103E-01 5.53625501443257353E-03 6.52115573213114808E-02
3.82969933E+00 1.14281410035167577E-01 5.58872854736538333E-03 6.57222532087243655E-02
3.84259589E+00 1.14196359442537282E-01 5.64145846005964513E-03 6.62216422188430520E-02
3.85542801E+00 1.14110976960948560E-01 5.69443273503127990E-03 6.67098970676171799E-02
3.86819616E+00 1.14025263129646254E-01 5.74763581971543189E-03 6.71871912018484896E-02
3.88090086E+00 1.13939218649905666E-01 5.80104929881424067E-03 6.76536986451644062E-02
3.89354259E+00 1.13852844383897936E-01 5.85465310730868323E-03 6.81095935799792135E-02
3.90612187E+00 1.13766141330080506E-01 5.90842690439814799E-03 6.85550497740069903E-02
3.91863919E+00 1.13679110588001731E-01 5.96235126002498273E-03 6.89902399856519022E-02
3.93109343E+00 1.13591764793520761E-01 6.01640132960586972E-03 6.94152783615786667E-02
3.94348506E+00 1.13504105638777414E-01 6.07056111084047865E-03 6.98303383810715272E-02
3.95581401E+00 1.13416138810151668E-01 6.12481402944219187E-03 7.02355714361333483E-02
3.96807997E+00 1.13327871867486385E-01 6.17914376569497943E-03 7.06311211590127108E-02
3.98028346E+00 1.13239306458113295E-01 6.23353834227056459E-03 7.10171594218095142E-02
3.99242503E+00 1.13150444205875972E-01 6.28798571470959387E-03 7.13938561734097088E-02
4.00450519E+00 1.13061286714535011E-01 6.34247312259824010E-03 7.17613805276245131E-02
4.01652448E+00 1.12971835583071334E-01 6.39698666568204455E-03 7.21199010087603953E-02
4.02848345E+00 1.12882092429515288E-01 6.45151115451656192E-03 7.24695854988703786E-02
4.04038263E+00 1.12792058916982393E-01 6.50603021909499160E-03 7.28106010043709090E-02
4.05222255E+00 1.12701736775377911E-01 6.56052660536618482E-03 7.31431132960793096E-02
4.06399708E+00 1.12611179352922461E-01 6.61495157146881063E-03 7.34670972726508276E-02
4.07570341E+00 1.12520415733357790E-01 6.66927135114513559E-03 7.37826403429696492E-02
4.08734215E+00 1.12429449218844860E-01 6.72346812963750019E-03 7.40899245051987038E-02
4.09891391E+00 1.12338283177843196E-01 6.77752456358702432E-03 7.43891247526439620E-02
4.11041929E+00 1.12246921032528355E-01 6.83142383066701660E-03 7.46804123767782768E-02
4.12185020E+00 1.12155436009998818E-01 6.88510865169447359E-03 7.49637334408599643E-02
4.13320414E+00 1.12063858408503872E-01 6.93854809183082431E-03 7.52391967573286524E-02
4.14448180E+00 1.11972193081264479E-01 6.99172669294202079E-03 7.55069885808171831E-02
4.15568391E+00 1.11880444812824789E-01 7.04462934065877480E-03 7.57672885171192939E-02
4.16681120E+00 1.11788618308117024E-01 7.09724122273071995E-03 7.60202731521711500E-02
4.17786439E+00 1.11696718187089081E-01 7.14954784491013233E-03 7.62661167275362067E-02
4.18884423E+00 1.11604748980518170E-01 7.20153508986379632E-03 7.65049914895435251E-02
4.19975146E+00 1.11512715125356890E-01 7.25318929610358713E-03 7.67370679865091720E-02
4.21058684E+00 1.11420620958892325E-01 7.30449733195531921E-03 7.69625152927769368E-02
4.22134929E+00 1.11328486486432052E-01 7.35543793260679934E-03 7.71814625705702084E-02
4.23203854E+00 1.11236325099352704E-01 7.40599425600358807E-03 7.73940590560823205E-02
4.24265542E+00 1.11144140675538003E-01 7.45615530779557799E-03 7.76004760754051837E-02
4.25320079E+00 1.11051936941183274E-01 7.50591063802538271E-03 7.78008822449753196E-02
4.26367549E+00 1.10959717463616256E-01 7.55525026951348998E-03 7.79954441799673576E-02
4.27408039E+00 1.10867485647893560E-01 7.60416462401949760E-03 7.81843263382143300E-02
4.28441633E+00 1.10775244736163833E-01 7.65264445572194727E-03 7.83676907608306800E-02
4.29468420E+00 1.10682997809172456E-01 7.70068079840899138E-03 7.85456968124828431E-02
4.30488448E+00 1.10590751070201734E-01 7.74826324047410073E-03 7.87184946113264616E-02
4.31501776E+00 1.10498510096055699E-01 7.79538190011750971E-03 7.88862330291101727E-02
4.32508491E+00 1.10406277539839823E-01 7.84202857466297434E-03 7.90490632446052555E-02
4.33508682E+00 1.10314055895624832E-01 7.88819530302558095E-03 7.92071328079116538E-02
4.34502438E+00 1.10221847502274858E-01 7.93387438481176974E-03 7.93605858051265461E-02
4.35489849E+00 1.10129654546707367E-01 7.97905840746917713E-03 7.95095628830276568E-02
4.36471003E+00 1.10037479066183941E-01 8.02374027820352935E-03 7.96542013056519560E-02
4.37445992E+00 1.09945322949516047E-01 8.06791325755702206E-03 7.97946350537876159E-02
4.38414904E+00 1.09853187937253238E-01 8.11157099189011369E-03 7.99309949601296477E-02
4.39377830E+00 1.09761075621046020E-01 8.15470754259736523E-03 8.00634088731866506E-02
4.40334861E+00 1.09668987442362323E-01 8.19731741065047280E-03 8.01920018442915106E-02
4.41286087E+00 1.09576924690768629E-01 8.23939555584062705E-03 8.03168963315501333E-02
4.42231599E+00 1.09484888502027367E-01 8.28093741070668084E-03 8.04382124152477618E-02
4.43171487E+00 1.09392879856074710E-01 8.32193888950959713E-03 8.05560680192825007E-02
4.44105843E+00 1.09300899575102792E-01 8.36239639268714086E-03 8.06705791320374149E-02
4.45034757E+00 1.09208948321736179E-01 8.40230680708894430E-03 8.07818600212594912E-02
4.45958320E+00 1.09117026597438674E-01 8.44166750204458465E-03 8.08900234354976572E-02
4.46876623E+00 1.09025134741170704E-01 8.48047632106892560E-03 8.09951807859270317E-02
4.47789756E+00 1.08933272928338459E-01 8.51873156886038402E-03 8.10974423033909986E-02
4.48697811E+00 1.08841441170112546E-01 8.55643199323039352E-03 8.11969171630455844E-02
4.49600879E+00 1.08749639313159813E-01 8.59357676175905028E-03 8.12937135752413720E-02
4.50499048E+00 1.08657867039865547E-01 8.63016543322865648E-03 8.13879388360687211E-02
4.51392411E+00 1.08566123869138997E-01 8.66619792422754914E-03 8.14796993397375324E-02
4.52281058E+00 1.08474409157864493E-01 8.70167447164763019E-03 8.15691005500154553E-02
4.53165078E+00 1.08382722103092258E-01 8.73659559211626725E-03 8.16562469351610754E-02
4.54044562E+00 1.08291061745031503E-01 8.77096203962491466E-03 8.17412418689849318E-02
4.54919598E+00 1.08199426970927479E-01 8.80477476279669345E-03 8.18241875053788842E-02
4.55790278E+00 1.08107816519810343E-01 8.83803486331541550E-03 8.19051846328619354E-02
4.56656688E+00 1.08016228988192464E-01 8.87074355705110007E-03 8.19843325196286804E-02
4.57518920E+00 1.07924662836635973E-01 8.90290213931613054E-03 8.20617287584186755E-02
4.58377060E+00 1.07833116397215198E-01 8.93451195550561822E-03 8.21374691220176090E-02
4.59231196E+00 1.07741587881750506E-01 8.96557437808268888E-03 8.22116474387637741E-02
4.60081417E+00 1.07650075390777533E-01 8.99609079054377106E-03 8.22843554970638935E-02
4.60927809E+00 1.07558576923113935E-01 9.02606257861381968E-03 8.23556829836467885E-02
4.61770459E+00 1.07467090385935785E-01 9.05549112859128230E-03 8.24257174601973341E-02
4.62609452E+00 1.07375613605258630E-01 9.08437783244574019E-03 8.24945443778816873E-02
4.63444875E+00 1.07284144336697349E-01 9.11272409901438783E-03 8.25622471279646164E-02
4.64276810E+00 1.07192680276476396E-01 9.14053137043753516E-03 8.26289071238089368E-02
4.65105343E+00 1.07101219072566464E-01 9.16780114280054889E-03 8.26946039079756584E-02
4.65930556E+00 1.07009758335941674E-01 9.19453498980329388E-03 8.27594152765954855E-02
4.66752532E+00 1.06918295651934059E-01 9.22073458818105374E-03 8.28234174145978108E-02
4.67571351E+00 1.06826828591649450E-01 9.24640174354796410E-03 8.28866850319548293E-02
4.68387095E+00 1.06735354723472536E-01 9.27153841536919321E-03 8.29492914967584760E-02
4.69199842E+00 1.06643871624701694E-01 9.29614673988237231E-03 8.30113089577165092E-02
4.70009670E+00 1.06552376893283840E-01 9.32022905000519201E-03 8.30728084521596272E-02
4.70816656E+00 1.06460868159721792E-01 9.34378789152742403E-03 8.31338599976443327E-02
4.71620876E+00 1.06369343099121452E-01 9.36682603520538372E-03 8.31945326660198381E-02
4.72422403E+00 1.06277799443387791E-01 9.38934648465797501E-03 8.32548946386901245E-02
4.73221310E+00 1.06186234993442236E-01 9.41135248021939159E-03 8.33150132480846711E-02
4.74017667E+00 1.06094647631395964E-01 9.43284749907195505E-03 8.33749550042190840E-02
4.74811544E+00 1.06003035332456336E-01 9.45383525208802825E-03 8.34347856125831761E-02
4.75603008E+00 1.05911396176327444E-01 9.47431967783525335E-03 8.34945699846021266E-02
4.76392125E+00 1.05819728357813239E-01 9.49430493421469894E-03 8.35543722455887317E-02
4.77178958E+00 1.05728030196315770E-01 9.51379538821157771E-03 8.36142557413131621E-02
4.77963568E+00 1.05636300143914633E-01 9.53279560430034950E-03 8.36742830469438814E-02
4.78746016E+00 1.05544536791721794E-01 9.55131033214837687E-03 8.37345159783060566E-02
4.79526359E+00 1.05452738874265761E-01 9.56934449436073163E-03 8.37950156075612101E-02
4.80304652E+00 1.05360905271716349E-01 9.58690317504098423E-03 8.38558422823274391E-02
4.81080951E+00 1.05269035009789555E-01 9.60399160973188400E-03 8.39170556494008013E-02
4.81855305E+00 1.05177127257288450E-01 9.62061517680090454E-03 8.39787146814325591E-02
4.82627766E+00 1.05085181321276144E-01 9.63677938945808540E-03 8.40408777065838053E-02
4.83398381E+00 1.04993196640028819E-01 9.65248988649294350E-03 8.41036024389797826E-02
4.84167197E+00 1.04901172774015380E-01 9.66775241860767451E-03 8.41669460078865866E-02
4.84934259E+00 1.04809109395409841E-01 9.68257282624153393E-03 8.42309649816904565E-02
4.85699608E+00 1.04717006276783070E-01 9.69695700440016510E-03 8.42957153810081350E-02
4.86463219E+00 1.04624871633621788E-01 9.71090960204223225E-03 8.43612467663415050E-02
4.87225114E+00 1.04532707380430551E-01 9.72443628055995150E-03 8.44276123978719012E-02
4.87985279E+00 1.04440520287900157E-01 9.73754191931047904E-03 8.44948612563211077E-02
4.88743703E+00 1.04348316250653009E-01 9.75023142550535300E-03 8.45630420086828233E-02
4.89500439E+00 1.04256093622631746E-01 9.76251054006157561E-03 8.46322077853904203E-02
4.90255523E+00 1.04163852763630299E-01 9.77438446586981029E-03 8.47024092687522073E-02
4.91009004E+00 1.04071592334991289E-01 9.78585844189110154E-03 8.47736973541163424E-02
4.91760929E+00 1.03979310976059391E-01 9.79693764857644638E-03 8.48461218002506401E-02
4.92511347E+00 1.03887007470488721E-01 9.80762736656796627E-03 8.49197310778816022E-02
4.93260302E+00 1.03794680726373503E-01 9.81793316001800496E-03 8.49945723522612384E-02
4.94007839E+00 1.03702329748728214E-01 9.82786102398300852E-03 8.50706915060306240E-02
4.94754002E+00 1.03609953606304955E-01 9.83741746767854454E-03 8.51481331810989978E-02
4.95498832E+00 1.03517551395714794E-01 9.84660951321267817E-03 8.52269408236428772E-02
4.96242373E+00 1.03425122206682540E-01 9.85544459808976314E-03 8.53071567121200525E-02
4.96984666E+00 1.03332665092142131E-01 9.86393038715582642E-03 8.53888219485955252E-02
4.97725752E+00 1.03240179046205749E-01 9.87207452809818996E-03 8.54719763984546493E-02
4.98465674E+00 1.03147662991455655E-01 9.87988441415097243E-03 8.55566585871492119E-02
4.99204472E+00 1.03055115774871628E-01 9.88736703109900812E-03 8.56429055881735152E-02
4.99942189E+00 1.02962536169931118E-01 9.89452894993210486E-03 8.57307529521367517E-02
5.00678866E+00 1.02869922881174081E-01 9.90137648015136304E-03 8.58202347287713163E-02
5.01414545E+00 1.02777274547874609E-01 9.90791593511157129E-03 8.59113836078692905E-02
5.02149268E+00 1.02684589744824223E-01 9.91415390657627779E-03 8.60042311625516809E-02
5.02883076E+00 1.02591866980533353E-01 9.92009743110431816E-03 8.60988081385155313E-02
5.03616011E+00 1.02499104695008517E-01 9.92575397045331216E-03 8.61951447102557305E-02
5.04348114E+00 1.02406301260446697E-01 9.93113120579342847E-03 8.62932706367743746E-02
5.05079428E+00 1.02313454987613239E-01 9.93623672153388406E-03 8.63932152919288376E-02
5.05809992E+00 1.02220564139128070E-01 9.94107769234808987E-03 8.64950075815298369E-02
5.06539848E+00 1.02127626948608011E-01 9.94566067458320900E-03 8.65986758033268217E-02
5.07269036E+00 1.02034641642862439E-01 9.94999155356038334E-03 8.67042475069349505E-02
5.07997595E+00 1.01941606463399184E-01 9.95407563719044944E-03 8.68117494067369155E-02
5.08725565E+00 1.01848519683999786E-01 9.95791784185816320E-03 8.69212073698335808E-02
5.09452984E+00 1.01755379622092079E-01 9.96152290761913133E-03 8.70326464784876297E-02
5.10179891E+00 1.01662184643134298E-01 9.96489560116284485E-03 8.71460911561978135E-02
5.10906323E+00 1.01568933158127733E-01 9.96804088552385829E-03 8.72615653476255804E-02
5.11632318E+00 1.01475623615345290E-01 9.97096402978193963E-03 8.73790927399385325E-02
5.12357911E+00 1.01382254488174603E-01 9.97367061665868464E-03 8.74986969917861540E-02
5.13083138E+00 1.01288824261219101E-01 9.97616642554159487E-03 8.76204019093794750E-02
5.13808034E+00 1.01195331416468984E-01 9.97845723279400069E-03 8.77442315194280203E-02
5.14532634E+00 1.01101774419754098E-01 9.98054862813403838E-03 8.78702100384706197E-02
5.15256971E+00 1.01008151706352009E-01 9.98244593398532436E-03 8.79983617975450411E-02
5.15981080E+00 1.00914461664403321E-01 9.98415422970469653E-03 8.81287111948391294E-02
5.16704992E+00 1.00820702616607943E-01 9.98567838164861506E-03 8.82612826981205717E-02
5.17428740E+00 1.00726872803737058E-01 9.98702293505381380E-03 8.83961008415956456E-02
5.18152353E+00 1.00632970605877073E-01 9.98819177353399597E-03 8.85331897684603769E-02
5.18875856E+00 1.00538995124771671E-01 9.98918760505008822E-03 8.86725719998424783E-02
5.19599277E+00 1.00444944385193538E-01 9.99001155885937721E-03 8.88142704157950102E-02
5.20322593E+00 1.00350823666753464E-01 9.99066317369164646E-03 8.89582953402713733E-02
5.21045826E+00 1.00256631827915721E-01 9.99114125572632232E-03 8.91046640198996792E-02
5.21768970E+00 1.00162371494027583E-01 9.99144483692984177E-03 8.92533863130082344E-02
5.22492046E+00 1.00068041926404228E-01 9.99157370967292471E-03 8.94044760627853013E-02
5.23215082E+00 9.99736414731103862E-02 9.99152794837068932E-03 8.95579483081897776E-02
5.23938105E+00 9.98791686060807454E-02 9.99130723407227160E-03 8.97138176486278333E-02
5.24661143E+00 9.97846219401818946E-02 9.99091102735182382E-03 8.98720978090876282E-02
5.25384222E+00 9.96900002363110549E-02 9.99033959693740488E-03 9.00328018098734278E-02
5.26107369E+00 9.95953023869742965E-02 9.98959480616106246E-03 9.01959428519505113E-02
5.26830608E+00 9.95005273944587071E-02 9.98867979984055521E-03 9.03615351271500195E-02
5.27553967E+00 9.94056743548731303E-02 9.98759791256570786E-03 9.05295937824589919E-02
5.28277470E+00 9.93107424539313721E-02 9.98635176364091534E-03 9.07001341067888850E-02
5.29001140E+00 9.92157309704963380E-02 9.98494314732449074E-03 9.08731706244822190E-02
5.29725003E+00 9.91206392782974927E-02 9.98337368461015007E-03 9.10487166613814791E-02
5.30449082E+00 9.90254668364689145E-02 9.98164582453688574E-03 9.12267845309604614E-02
5.31173399E+00 9.89302131652140815E-02 9.97976362294384495E-03 9.14073861704234325E-02
5.31897979E+00 9.88348778110725718E-02 9.97773279439189038E-03 9.15905338552799458E-02
5.32622842E+00 9.87394603125484743E-02 9.97555997975884193E-03 9.17762405664479392E-02
5.33347979E+00 9.86439645655598496E-02 9.97325181222504312E-03 9.19645113448974150E-02
5.34073349E+00 9.85483980492032757E-02 9.97081411469710223E-03 9.21553435677559957E-02
5.34798936E+00 9.84527651128036252E-02 9.96825131044895042E-03 9.23487392747061042E-02
5.35524764E+00 9.83570650232533372E-02 9.96556614660623619E-03 9.25447093762814532E-02
5.36250853E+00 9.82612970841034578E-02 9.96275976959952632E-03 9.27432637206338367E-02
5.36977226E+00 9.81654606826779241E-02 9.95983197939251039E-03 9.29444105327387610E-02
5.37703870E+00 9.80695597933832486E-02 9.95678200798002372E-03 9.31481469288728825E-02
5.38430795E+00 9.79735956272666658E-02 9.95360905471642278E-03 9.33544739954388081E-02
5.39158022E+00 9.78775678804067462E-02 9.95031278802387467E-03 9.35633953443442412E-02
5.39885571E+00 9.77814763893485595E-02 9.94689348045552264E-03 9.37749143026186116E-02
5.40613465E+00 9.76853211120282117E-02 9.94335196922842106E-03 9.39890341457531170E-02
5.41341723E+00 9.75891021015011240E-02 9.93968976475629977E-03 9.42057582653336445E-02
5.42070366E+00 9.74928194740728032E-02 9.93590925643094910E-03 9.44250903818060344E-02
5.42799414E+00 9.73964733748910738E-02 9.93201373763643799E-03 9.46470347570770865E-02
5.43528887E+00 9.73000639451280791E-02 9.92800710023845207E-03 9.48715962189997791E-02
5.44258804E+00 9.72035912934569452E-02 9.92389336912268515E-03 9.50987798919222388E-02
5.44989185E+00 9.71070554714281303E-02 9.91967639912801590E-03 9.53285907703790153E-02
5.45720049E+00 9.70104564508066786E-02 9.91535987142919302E-03 9.55610334249816645E-02
5.46451416E+00 9.69137941027733429E-02 9.91094739466231826E-03 9.57961120121727794E-02
5.47183304E+00 9.68170681823783269E-02 9.90644239121886080E-03 9.60338304731812586E-02
5.47915734E+00 9.67202783231092267E-02 9.90184766727427411E-03 9.62741926473478365E-02
5.48648723E+00 9.66234240435263902E-02 9.89716489926496107E-03 9.65172021247237555E-02
5.49382292E+00 9.65265047626055334E-02 9.89239440463993321E-03 9.67628619243510041E-02
5.50116458E+00 9.64295198163534067E-02 9.88753541304030620E-03 9.70111742443251907E-02
5.50851241E+00 9.63324684686043681E-02 9.88258675290589264E-03 9.72621404931434674E-02
5.51586660E+00 9.62353499135526758E-02 9.87754761680079314E-03 9.75157616052316906E-02
5.52322733E+00 9.61381632741761388E-02 9.87241801978822574E-03 9.77720384263122549E-02
5.53059479E+00 9.60409076055935840E-02 9.86719874761558986E-03 9.80309718480916192E-02
5.53796917E+00 9.59435819127543027E-02 9.86189087412493726E-03 9.82925624533524250E-02
5.54535065E+00 9.58461851871436760E-02 9.85649513740008941E-03 9.85568096407622718E-02
5.55273942E+00 9.57487164581718730E-02 9.85101155208436587E-03 9.88237104325400545E-02
5.56013566E+00 9.56511748452179289E-02 9.84543960792101831E-03 9.90932583981940368E-02
5.56753955E+00 9.55535595921325476E-02 9.83977912226334170E-03 9.93654432820888778E-02
5.57495127E+00 9.54558700735080451E-02 9.83403122167945433E-03 9.96402517312579422E-02
5.58237101E+00 9.53581057779541025E-02 9.82819858644776861E-03 9.99176687977441080E-02
5.58979893E+00 9.52602662841537245E-02 9.82228469314722422E-03 1.00197679202040202E-01
5.59723521E+00 9.51623512403097782E-02 9.81629284778451523E-03 1.00480267632662934E-01
5.60468003E+00 9.50643603434779272E-02 9.81022600440861932E-03 1.00765418459257086E-01
5.61213355E+00 9.49662933089165523E-02 9.80408745151736642E-03 1.01053115843182578E-01
5.61959595E+00 9.48681498273286627E-02 9.79788154819279285E-03 1.01343344622149736E-01
5.62706741E+00 9.47699295206384101E-02 9.79161375243257047E-03 1.01636091369074491E-01
5.63454808E+00 9.46716319122796746E-02 9.78528991419148376E-03 1.01931344782518293E-01
5.64203813E+00 9.45732564230734735E-02 9.77891532909424578E-03 1.02229095128098968E-01
5.64953774E+00 9.44748023935788467E-02 9.77249402924009261E-03 1.02529333061375599E-01
5.65704706E+00 9.43762691253668268E-02 9.76602851484034001E-03 1.02832048351801958E-01
5.66456626E+00 9.42776559294517535E-02 9.75951990369698652E-03 1.03137228898797229E-01
5.67209550E+00 9.41789621707856128E-02 9.75296834044929797E-03 1.03444860228706914E-01
5.67963494E+00 9.40801873012681450E-02 9.74637345652886594E-03 1.03754925468768688E-01
5.68718475E+00 9.39813308783101486E-02 9.73973476127910215E-03 1.04067405638040830E-01
5.69474507E+00 9.38823925685915023E-02 9.73305201739989474E-03 1.04382280098132732E-01
5.70231606E+00 9.37833721383489749E-02 9.72632566974965598E-03 1.04699527143093149E-01
5.70989788E+00 9.36842694337323700E-02 9.71955717962617177E-03 1.05019124746191933E-01
5.71749067E+00 9.35850843575014302E-02 9.71274898916709220E-03 1.05341051290686369E-01
5.72509459E+00 9.34858168490511759E-02 9.70590407255325638E-03 1.05665285938037951E-01
5.73270978E+00 9.33864668716886809E-02 9.69902536879550976E-03 1.05991808471600335E-01
5.74033639E+00 9.32870344058333578E-02 9.69211543577985953E-03 1.06320598818694212E-01
5.74797457E+00 9.31875194438346877E-02 9.68517643513523013E-03 1.06651636613339762E-01
5.75562445E+00 9.30879219821793974E-02 9.67821033495339621E-03 1.06984901011530950E-01
5.76328617E+00 9.29882420095629325E-02 9.67121914444288820E-03 1.07320370751178590E-01
5.77095989E+00 9.28884794922825580E-02 9.66420503831651005E-03 1.07658024330687552E-01
5.77864574E+00 9.27886343599728658E-02 9.65717032302433262E-03 1.07997840171223172E-01
5.78634386E+00 9.26887064947731210E-02 9.65011728550519213E-03 1.08339796692450377E-01
5.79405438E+00 9.25886957259490634E-02 9.64304800375647905E-03 1.08683872298292961E-01
5.80177745E+00 9.24886018306508989E-02 9.63596418196333709E-03 1.09030045315737997E-01
5.80951319E+00 9.23884245403707172E-02 9.62886703469092130E-03 1.09378293913230867E-01
5.81726176E+00 9.22881635518390669E-02 9.62175721970920557E-03 1.09728596007721571E-01
5.82502327E+00 9.21878185406259237E-02 9.61463481766854609E-03 1.10080929161467819E-01
5.83279787E+00 9.20873891757249957E-02 9.60749936783621833E-03 1.10435270491134413E-01
5.84058567E+00 9.19868751335461560E-02 9.60034997287022469E-03 1.10791596627416444E-01
5.84838683E+00 9.18862761101468112E-02 9.59318546984014135E-03 1.11149883755844503E-01
5.85620145E+00 9.17855918306671598E-02 9.58600463853929129E-03 1.11510107733053532E-01
5.86402968E+00 9.16848220551796655E-02 9.57880640472758005E-03 1.11872244235265692E-01
5.87187163E+00 9.15839665799384472E-02 9.57159000256125117E-03 1.12236268865622713E-01
5.87972744E+00 9.14830252333095478E-02 9.56435507178286792E-03 1.12602157184924057E-01
5.88759722E+00 9.13819978669611066E-02 9.55710167298622938E-03 1.12969884690559672E-01
5.89548110E+00 9.12808843446360207E-02 9.54983021513282002E-03 1.13339426800345131E-01
5.90337919E+00 9.11796845317290605E-02 9.54254130289165087E-03 1.13710758873154974E-01
5.91129161E+00 9.10783982884883353E-02 9.53523552464410548E-03 1.14083856262792591E-01
5.91921849E+00 9.09770254682021884E-02 9.52791322583424263E-03 1.14458694391424143E-01
5.92715993E+00 9.08755659198399041E-02 9.52057434391321948E-03 1.14835248819820643E-01
5.93511606E+00 9.07740194925134580E-02 9.51321837694434243E-03 1.15213495291454651E-01
5.94308697E+00 9.06723860383820968E-02 9.50584447807724560E-03 1.15593409760467072E-01
5.95107278E+00 9.05706654125767036E-02 9.49845155837571696E-03 1.15974968442699639E-01
5.95907360E+00 9.04688574726844608E-02 9.49103826062320903E-03 1.16358147942633203E-01
5.96708954E+00 9.03669620833519038E-02 9.48360279378749477E-03 1.16742925438208911E-01
5.97512069E+00 9.02649791297312765E-02 9.47614277374132265E-03 1.17129278800312098E-01
5.98316717E+00 9.01629085378416600E-02 9.46865522513960778E-03 1.17517186508523885E-01
5.99122907E+00 9.00607502963961942E-02 9.46113678160558774E-03 1.17906627404257933E-01
5.99930649E+00 8.99585044758516583E-02 9.45358403118560023E-03 1.18297580434856692E-01
6.00739953E+00 8.98561712416098002E-02 9.44599391396439871E-03 1.18690024446816450E-01
6.01550829E+00 8.97537508584758531E-02 9.43836404514669138E-03 1.19083938016284113E-01
6.02363285E+00 8.96512436848704436E-02 9.43069286955015677E-03 1.19479299333585032E-01
6.03177333E+00 8.95486501573196508E-02 9.42297965501923997E-03 1.19876086170530444E-01
6.03992980E+00 8.94459707681031641E-02 9.41522436003184617E-03 1.20274275953420648E-01
6.04810235E+00 8.93432060419057233E-02 9.40742738812398553E-03 1.20673845959237205E-01
6.05629108E+00 8.92403565179949454E-02 9.39958934893534923E-03 1.21074773580763406E-01
6.06449597E+00 8.91374239648769495E-02 9.39171107505809392E-03 1.21477031718565345E-01
6.07271684E+00 8.90344122553264894E-02 9.38379366420612204E-03 1.21880585248950082E-01
6.08095378E+00 8.89313219399814059E-02 9.37583789582339261E-03 1.22285412106175870E-01
6.08920664E+00 8.88281562637040639E-02 9.36784452761051621E-03 1.22691480450327739E-01
6.09747516E+00 8.87249201266363668E-02 9.35981426476442148E-03 1.23098752342321191E-01
6.10575941E+00 8.86216141244471900E-02 9.35174746017197744E-03 1.23507206618392373E-01
6.11405940E+00 8.85182394943580392E-02 9.34364452451109939E-03 1.23916819595525446E-01
6.12237516E+00 8.84147973760092687E-02 9.33550562699003370E-03 1.24327567696076793E-01
6.13070675E+00 8.83112883524232034E-02 9.32733020697899297E-03 1.24739429326872001E-01
6.13905425E+00 8.82077130044108260E-02 9.31911657853141950E-03 1.25152382914159699E-01
6.14741770E+00 8.81040719283369134E-02 9.31086187473052600E-03 1.25566407061778851E-01
6.15579719E+00 8.80003657591518357E-02 9.30256265085255100E-03 1.25981480685747410E-01
6.16419276E+00 8.78965951914180837E-02 9.29421588196832800E-03 1.26397583012464426E-01
6.17260448E+00 8.77927609944650911E-02 9.28581962397109599E-03 1.26814693492619923E-01
6.18103241E+00 8.76888640282472570E-02 9.27737302289689814E-03 1.27232791851461108E-01
6.18947660E+00 8.75849052625378155E-02 9.26887613873093874E-03 1.27651858099702115E-01
6.19793711E+00 8.74808857832357623E-02 9.26032996190164631E-03 1.28071872089630029E-01
6.20641399E+00 8.73768067765031825E-02 9.25173641820437390E-03 1.28492813082621449E-01
6.21490731E+00 8.72726694995564350E-02 9.24309816745746450E-03 1.28914659719388175E-01
6.22341711E+00 8.71684752462529161E-02 9.23441830981834751E-03 1.29337390165962435E-01
6.23194345E+00 8.70642253117472342E-02 9.22570021302838474E-03 1.29760982284205434E-01
6.24048638E+00 8.69599209544858476E-02 9.21694753347669302E-03 1.30185413684645895E-01
6.24904595E+00 8.68555633523826476E-02 9.20816424298886126E-03 1.30610661717762644E-01
6.25762221E+00 8.67511535618680496E-02 9.19935454095446685E-03 1.31036703729441539E-01
6.26621523E+00 8.66466924869311456E-02 9.19052234200663613E-03 1.31463517351359999E-01
6.27482504E+00 8.65421808633022316E-02 9.18166996290513578E-03 1.31891080858894977E-01
6.28345170E+00 8.64376192843332170E-02 9.17279735329466425E-03 1.32319374200106338E-01
6.29209526E+00 8.63330082428204193E-02 9.16390280609028114E-03 1.32748378881440143E-01
6.30075578E+00 8.62283481399793855E-02 9.15498322015394043E-03 1.33178076676397944E-01
6.30943330E+00 8.61236393167089942E-02 9.14603288366496424E-03 1.33608450243746651E-01
6.31812788E+00 8.60188821803352099E-02 9.13704385285354394E-03 1.34039485066538788E-01
6.32683956E+00 8.59140773470866148E-02 9.12800938886187789E-03 1.34471168747018005E-01
6.33556840E+00 8.58092256645271168E-02 9.11892670289606543E-03 1.34903487923654364E-01
6.34431445E+00 8.57043281356974773E-02 9.10979656229224735E-03 1.35336427053593611E-01
6.35307776E+00 8.55993858442933853E-02 9.10062133736713914E-03 1.35769969351612008E-01
6.36185839E+00 8.54943999236885549E-02 9.09140422349958947E-03 1.36204097860173401E-01
6.37065637E+00 8.53893715346454307E-02 9.08215024894506832E-03 1.36638795251474321E-01
6.37947177E+00 8.52843017843657181E-02 9.07286540890393095E-03 1.37074042352677034E-01
6.38830463E+00 8.51791916664954296E-02 9.06355429851436571E-03 1.37509819528191579E-01
6.39715501E+00 8.50740421017347065E-02 9.05421996394525225E-03 1.37946109010632090E-01
6.40602294E+00 8.49688539606034687E-02 9.04486540453128436E-03 1.38382893442408145E-01
6.41490849E+00 8.48636280046197594E-02 9.03549412974533929E-03 1.38820154291582759E-01
6.42381171E+00 8.47583648085384611E-02 9.02610938586251126E-03 1.39257872408440925E-01
6.43273263E+00 8.46530647350690196E-02 9.01671381395903124E-03 1.39696029507989206E-01
6.44167131E+00 8.45477279440689095E-02 9.00730861142521808E-03 1.40134608318671861E-01
6.45062754E+00 8.44423573236285085E-02 8.99789153733156731E-03 1.40573580426910927E-01
6.45960131E+00 8.43369536807285491E-02 8.98845564158239421E-03 1.41012927337864663E-01
6.46859264E+00 8.42315170244620076E-02 8.97899129567763903E-03 1.41452635883470651E-01
6.47760158E+00 8.41260475311547129E-02 8.96948961057685186E-03 1.41892694053373292E-01
6.48662816E+00 8.40205456096689424E-02 8.95994567830307384E-03 1.42333089886795161E-01
6.49567242E+00 8.39150118490235436E-02 8.95035769031920711E-03 1.42773809330230261E-01
6.50473441E+00 8.38094469813565196E-02 8.94072575196294683E-03 1.43214838164573588E-01
6.51381402E+00 8.37038532698217153E-02 8.93105231885129962E-03 1.43656156993325984E-01
6.52291071E+00 8.35982386368649966E-02 8.92134239935037099E-03 1.44097721549138691E-01
6.53202413E+00 8.34926081644475349E-02 8.91160175286469583E-03 1.44539497925748578E-01
6.54115417E+00 8.33869645302590945E-02 8.90183610743706423E-03 1.44981462265739436E-01
6.55030081E+00 8.32813087652960332E-02 8.89205073438740015E-03 1.45423597507788049E-01
6.55946408E+00 8.31756418216873517E-02 8.88224998974198113E-03 1.45865886613068513E-01
6.56864396E+00 8.30699645617887922E-02 8.87243657860047226E-03 1.46308312801958607E-01
6.57784046E+00 8.29642777458299702E-02 8.86261077551652073E-03 1.46750859601246952E-01
6.58705356E+00 8.28585820226335479E-02 8.85277103284557061E-03 1.47193511114808911E-01
6.59628328E+00 8.27528779294376404E-02 8.84291707408871482E-03 1.47636252333373019E-01
6.60552959E+00 8.26471658218132788E-02 8.83304810972800926E-03 1.48079067532401493E-01
6.61479249E+00 8.25414459127362526E-02 8.82315842664960041E-03 1.48521942809011515E-01
6.62407197E+00 8.24357185351217298E-02 8.81323884940275228E-03 1.48964869047330806E-01
6.63336802E+00 8.23299843119154606E-02 8.80328003836696078E-03 1.49407838360214817E-01
6.64268064E+00 8.22242442020161973E-02 8.79327485888905039E-03 1.49850842428488035E-01
6.65200982E+00 8.21184994544768843E-02 8.78322005431265464E-03 1.50293871584110172E-01
6.66135555E+00 8.20127514551796111E-02 8.77311474527680581E-03 1.50736913840034098E-01
6.67071782E+00 8.19070016482440488E-02 8.76295775428748147E-03 1.51179957016972011E-01
6.68009665E+00 8.18012515707301768E-02 8.75274831600551285E-03 1.51622989994432578E-01
6.68949203E+00 8.16955027957707719E-02 8.74248811138733130E-03 1.52066000781018784E-01
6.69890397E+00 8.15897567553563324E-02 8.73218077420753400E-03 1.52508975851107786E-01
6.70833249E+00 8.14840146259647458E-02 8.72183026161533689E-03 1.52951902321700944E-01
6.71777761E+00 8.13782773567023054E-02 8.71144068559206487E-03 1.53394769732774300E-01
6.72723934E+00 8.12725457389410488E-02 8.70101580046185250E-03 1.53837569713921124E-01
6.73671772E+00 8.11668204383649006E-02 8.69055786527081660E-03 1.54280295218397645E-01
6.74621277E+00 8.10611020131023347E-02 8.68006769800686549E-03 1.54722940161607425E-01
6.75572454E+00 8.09553909571058550E-02 8.66954669822716552E-03 1.55165499520640654E-01
6.76525307E+00 8.08496877068289738E-02 8.65899764361192925E-03 1.55607968326848228E-01
6.77479840E+00 8.07439925808526304E-02 8.64842345832716151E-03 1.56050340873967491E-01
6.78436058E+00 8.06383057774801987E-02 8.63782632577710097E-03 1.56492612371539913E-01
6.79393931E+00 8.05326312805291350E-02 8.62720718686954720E-03 1.56934762683990481E-01
6.80353450E+00 8.04269706121962524E-02 8.61656578398556361E-03 1.57376782054468256E-01
6.81314623E+00 8.03213237486541110E-02 8.60590280866594531E-03 1.57818667944164104E-01
6.82277455E+00 8.02156906255587082E-02 8.59522106383999243E-03 1.58260417953139942E-01
6.83241951E+00 8.01100710383258058E-02 8.58452265838237881E-03 1.58702029120252830E-01
6.84208120E+00 8.00044646430594919E-02 8.57380730641303483E-03 1.59143499475677214E-01
6.85175968E+00 7.98988710851529782E-02 8.56307285563060600E-03 1.59584828702131060E-01
6.86145501E+00 7.97932901002702533E-02 8.55231818002036639E-03 1.60026016920324365E-01
6.87116728E+00 7.96877214421952973E-02 8.54154458982843250E-03 1.60467062797174514E-01
6.88089655E+00 7.95821647112144315E-02 8.53075285446841351E-03 1.60907963337656418E-01
6.89064291E+00 7.94766193555167255E-02 8.51994098606512207E-03 1.61348717015158877E-01
6.90040643E+00 7.93710848261975910E-02 8.50910766263492623E-03 1.61789324685872399E-01
6.91018719E+00 7.92655605741363345E-02 8.49825440492260609E-03 1.62229786419215205E-01
6.91998527E+00 7.91600459573034293E-02 8.48738329950635660E-03 1.62670101651516463E-01
6.92980076E+00 7.90545402708640460E-02 8.47649537807705286E-03 1.63110271593918110E-01
6.93963373E+00 7.89490428569117886E-02 8.46559188318486699E-03 1.63550299275452865E-01
6.94948427E+00 7.88435531465545708E-02 8.45467419833109170E-03 1.63990187798128073E-01
6.95935246E+00 7.87380706520646040E-02 8.44374220076549338E-03 1.64429940100268263E-01
6.96923840E+00 7.86325950206263335E-02 8.43279559766698522E-03 1.64869560286779071E-01
6.97914217E+00 7.85271260182092423E-02 8.42183640138432707E-03 1.65309052295639608E-01
6.98906386E+00 7.84216633517613865E-02 8.41086810623680077E-03 1.65748418165881678E-01
6.99900356E+00 7.83162065324078671E-02 8.39989483238209877E-03 1.66187659633655727E-01
7.00896136E+00 7.82107548741599878E-02 8.38892034519552257E-03 1.66626779774539518E-01
7.01893735E+00 7.81053075690871373E-02 8.37794720850639288E-03 1.67065783610453794E-01
7.02893163E+00 7.79998637391121352E-02 8.36697673067853150E-03 1.67504677354944842E-01
7.03894429E+00 7.78944224452706169E-02 8.35600981372294077E-03 1.67943467280583569E-01
7.04897543E+00 7.77889827242633503E-02 8.34504795815995196E-03 1.68382160155912175E-01
7.05902514E+00 7.76835436253336953E-02 8.33409347391645544E-03 1.68820763189438838E-01
7.06909353E+00 7.75781041796356485E-02 8.32314881708132517E-03 1.69259283212381290E-01
7.07918068E+00 7.74726633637700945E-02 8.31221720240504260E-03 1.69697726966031304E-01
7.08928671E+00 7.73672200678981598E-02 8.30130364258281801E-03 1.70136101115506394E-01
7.09941171E+00 7.72617730357730709E-02 8.29041258277136636E-03 1.70574412035636336E-01
7.10955578E+00 7.71563208629077874E-02 8.27954491340059280E-03 1.71012666804419233E-01
7.11971904E+00 7.70508620909409053E-02 8.26869874473112713E-03 1.71450873847558694E-01
7.12990157E+00 7.69453952752962439E-02 8.25787151821738737E-03 1.71889041884254662E-01
7.14010349E+00 7.68399189882505163E-02 8.24706087920475117E-03 1.72327179514342399E-01
7.15032490E+00 7.67344318179420948E-02 8.23626468029618232E-03 1.72765295643849820E-01
7.16056592E+00 7.66289323989784305E-02 8.22548028544311041E-03 1.73203399797962093E-01
7.17082664E+00 7.65234194994607042E-02 8.21470428055375533E-03 1.73641502838911971E-01
7.18110709E+00 7.64178929635358495E-02 8.20393372796170660E-03 1.74079613095565716E-01
7.19140587E+00 7.63123674524206763E-02 8.19316846959612828E-03 1.74517678647140545E-01
7.20172161E+00 7.62068573637160462E-02 8.18240918664532926E-03 1.74955649289711329E-01
7.21205421E+00 7.61013640374761241E-02 8.17165596610378540E-03 1.75393530105470957E-01
7.22240374E+00 7.59958869961746414E-02 8.16090991022059599E-03 1.75831334719288079E-01
7.23277030E+00 7.58904256547752176E-02 8.15017352833937239E-03 1.76269077302181554E-01
7.24315397E+00 7.57849792915107207E-02 8.13945008898630043E-03 1.76706773031253511E-01
7.25355484E+00 7.56795470979347018E-02 8.12874286776144907E-03 1.77144438622587136E-01
7.26397302E+00 7.55741282415833687E-02 8.11805550699384870E-03 1.77582091965243966E-01
7.27440861E+00 7.54687218608049576E-02 8.10739255793329651E-03 1.78019751092860196E-01
7.28486171E+00 7.53633270140297157E-02 8.09675900827619421E-03 1.78457433847323987E-01
7.29533246E+00 7.52579426381556893E-02 8.08615921268010691E-03 1.78895158016247835E-01
7.30582097E+00 7.51525675280171057E-02 8.07559578988699227E-03 1.79332941560605308E-01
7.31632738E+00 7.50472003650696912E-02 8.06506936974052922E-03 1.79770803643477722E-01
7.32685182E+00 7.49418397798718161E-02 8.05457999580988515E-03 1.80208765149889261E-01
7.33739445E+00 7.48364843537809715E-02 8.04412836290131078E-03 1.80646847400268928E-01
7.34795541E+00 7.47311325494741246E-02 8.03371517847840250E-03 1.81085071024110200E-01
7.35853487E+00 7.46257826844824862E-02 8.02334032587088963E-03 1.81523456685125179E-01
7.36913298E+00 7.45204329741979282E-02 8.01300279682269460E-03 1.81962026018747169E-01
7.37974992E+00 7.44150815831552959E-02 8.00270140999546561E-03 1.82400801856935663E-01
7.39038586E+00 7.43097266468198403E-02 7.99243556004823087E-03 1.82839807928200343E-01
7.40104099E+00 7.42043662532181764E-02 7.98220524841048058E-03 1.83279068003725426E-01
7.41171549E+00 7.40989984029493121E-02 7.97201063133975985E-03 1.83718605246542654E-01
7.42240954E+00 7.39936209958853564E-02 7.96185170078656315E-03 1.84158442695240177E-01
7.43312334E+00 7.38882318617753303E-02 7.95172839381327358E-03 1.84598604222110690E-01
7.44385709E+00 7.37828287976868280E-02 7.94164089514067667E-03 1.85039114657790632E-01
7.45461100E+00 7.36774095820837971E-02 7.93158986394478654E-03 1.85479999228346404E-01
7.46538525E+00 7.35719719626753421E-02 7.92157649604076190E-03 1.85921283035559604E-01
7.47618007E+00 7.34665136236369448E-02 7.91160217128323955E-03 1.86362990914902688E-01
7.48699566E+00 7.33610321519794911E-02 7.90166787801337145E-03 1.86805147766925195E-01
7.49783224E+00 7.32555250278743020E-02 7.89177393722269825E-03 1.87247778831394374E-01
7.50869002E+00 7.31499896528792354E-02 7.88191995057367124E-03 1.87690909680730378E-01
7.51956923E+00 7.30444234059220154E-02 7.87210465623480737E-03 1.88134566093651201E-01
7.53046990E+00 7.29388255257611140E-02 7.86232577007255073E-03 1.88578766127252911E-01
7.54139184E+00 7.28331974415076938E-02 7.85257965092274121E-03 1.89023518258428669E-01
7.55233529E+00 7.27275367001169737E-02 7.84286090770410296E-03 1.89468846299375160E-01
7.56330048E+00 7.26218409766317130E-02 7.83316374208845902E-03 1.89914772680557897E-01
7.57428764E+00 7.25161081056518581E-02 7.82348309285157625E-03 1.90361318464994933E-01
7.58529701E+00 7.24103361040528137E-02 7.81381551763470766E-03 1.90808503467727347E-01
7.59632883E+00 7.23045231552201101E-02 7.80415967895975709E-03 1.91256346159681179E-01
7.60738334E+00 7.21986675447431475E-02 7.79451608922916879E-03 1.91704863578780749E-01
7.61846079E+00 7.20927675869576928E-02 7.78488644627324533E-03 1.92154072064128351E-01
7.62956141E+00 7.19868215843936232E-02 7.77527300978336951E-03 1.92603988333210324E-01
7.64068545E+00 7.18808278148069663E-02 7.76567798946659841E-03 1.93054629844453873E-01
7.65183317E+00 7.17747845294487985E-02 7.75610314523245657E-03 1.93506014688808153E-01
7.66300480E+00 7.16686899619151524E-02 7.74654943769118032E-03 1.93958161450889593E-01
7.67420061E+00 7.15625423513652215E-02 7.73701644122037468E-03 1.94411088810806515E-01
7.68542084E+00 7.14563399823090056E-02 7.72750249336888375E-03 1.94864814786863932E-01
7.69666574E+00 7.13500812235946247E-02 7.71800600380182639E-03 1.95319355677986140E-01
7.70793558E+00 7.12437645450567925E-02 7.70852661226576960E-03 1.95774725486511175E-01
7.71923059E+00 7.11373884972148068E-02 7.69906513340580176E-03 1.96230936131774419E-01
7.73055106E+00 7.10309516363410443E-02 7.68962226782900909E-03 1.96687997621054017E-01
7.74189722E+00 7.09244524226466944E-02 7.68019699410492709E-03 1.97145918384264623E-01
7.75326934E+00 7.08178891668745925E-02 7.67078638814596564E-03 1.97604706552869880E-01
7.76466768E+00 7.07112600345994602E-02 7.66138690970427551E-03 1.98064371295247121E-01
7.77609250E+00 7.06045630552362413E-02 7.65199521080294886E-03 1.98524923274895210E-01
7.78754406E+00 7.04977961420101829E-02 7.64260750860097562E-03 1.98986374516530007E-01
7.79902263E+00 7.03909571872086276E-02 7.63321845261274220E-03 1.99448738203096804E-01
7.81052846E+00 7.02840442361185591E-02 7.62382100118963110E-03 1.99912028285167381E-01
7.82206183E+00 7.01770556380552912E-02 7.61440798537237409E-03 2.00376257953552184E-01
7.83362300E+00 7.00699900780818175E-02 7.60497441061194681E-03 2.00841437554100277E-01
7.84521223E+00 6.99628464832295349E-02 7.59551839924924466E-03 2.01307573896460534E-01
7.85682981E+00 6.98556238628694620E-02 7.58603988464412720E-03 2.01774671399090832E-01
7.86847599E+00 6.97483211679704035E-02 7.57653854494249029E-03 2.02242734020123688E-01
7.88015107E+00 6.96409372260244491E-02 7.56701301292615237E-03 2.02711766456963816E-01
7.89185531E+00 6.95334707413583775E-02 7.55746181482318171E-03 2.03181773941554955E-01
7.90358887E+00 6.94259214857607249E-02 7.54788458992686293E-03 2.03652756306321375E-01
7.91535198E+00 6.93182884197244137E-02 7.53828123483604902E-03 2.04124715564430126E-01
7.92714434E+00 6.92105755426976610E-02 7.52865036086570669E-03 2.04597630618200299E-01
7.93896443E+00 6.91027977116095704E-02 7.51898860552459043E-03 2.05071432454506153E-01
7.95081187E+00 6.89949599500136596E-02 7.50928935746405807E-03 2.05546094403156521E-01
7.96268679E+00 6.88870627043101369E-02 7.49954513249819973E-03 2.06021608736892264E-01
7.97458946E+00 6.87791051840341700E-02 7.48974968059930302E-03 2.06497971430886496E-01
7.98652018E+00 6.86710865276806970E-02 7.47989865775668637E-03 2.06975177568720997E-01
7.99847924E+00 6.85630057183882896E-02 7.46998970372490974E-03 2.07453222864923098E-01
8.01046693E+00 6.84548615858545928E-02 7.46002296022903622E-03 2.07932103418570324E-01
8.02248356E+00 6.83466527980342159E-02 7.45000132474751744E-03 2.08411813123961204E-01
8.03452944E+00 6.82383778092839899E-02 7.43992849625279857E-03 2.08892341172318058E-01
8.04660487E+00 6.81300349032876729E-02 7.42980453957771750E-03 2.09373673541603161E-01
8.05871017E+00 6.80216223927166824E-02 7.41962256272027040E-03 2.09855795947640089E-01
8.07084563E+00 6.79131390502351329E-02 7.40936991500473069E-03 2.10338691725379057E-01
8.08301153E+00 6.78045841984541708E-02 7.39903247807334984E-03 2.10822338504286472E-01
8.09520820E+00 6.76959570404594702E-02 7.38859901719090932E-03 2.11306711349121212E-01
8.10743595E+00 6.75872570261582400E-02 7.37806293293732582E-03 2.11791783643555775E-01
8.11969513E+00 6.74784837591184822E-02 7.36742240713318414E-03 2.12277529481792210E-01
8.13198606E+00 6.73696368577220289E-02 7.35668185309911425E-03 2.12763920802866380E-01
8.14430908E+00 6.72607157667503563E-02 7.34584957681243180E-03 2.13250923420250371E-01
8.15666452E+00 6.71517196456828253E-02 7.33492978606829597E-03 2.13738499360751372E-01
8.16905272E+00 6.70426473930382932E-02 7.32391694759510284E-03 2.14226609139003710E-01
8.18147403E+00 6.69334978143507758E-02 7.31279744407825269E-03 2.14715210350721997E-01
8.19392879E+00 6.68242699339473972E-02 7.30155476423396434E-03 2.15204255790105631E-01
8.20641733E+00 6.67149632814022508E-02 7.29017442179477962E-03 2.15693691732962656E-01
8.21894000E+00 6.66055779295159633E-02 7.27864631628987596E-03 2.16183458469428075E-01
8.23149714E+00 6.64961143731426091E-02 7.26696625502971320E-03 2.16673495591278714E-01
8.24408910E+00 6.63865689049764757E-02 7.25513557799645908E-03 2.17163712861282610E-01
8.25671627E+00 6.62769451061778758E-02 7.24316456818625398E-03 2.17654102074551520E-01
8.26937900E+00 6.61672450202031720E-02 7.23106398015050788E-03 2.18144579207948386E-01
8.28207764E+00 6.60574701160488026E-02 7.21884114626481378E-03 2.18635080389482955E-01
8.29481254E+00 6.59476215422377110E-02 7.20649641470527680E-03 2.19125534573294506E-01
8.30758404E+00 6.58377001803265027E-02 7.19402339879146591E-03 2.19615867148652250E-01
8.32039250E+00 6.57277065719936715E-02 7.18141181404499240E-03 2.20106000444601296E-01
8.33323783E+00 6.56176444950620497E-02 7.16865340104361377E-03 2.20595845397372897E-01
8.34612024E+00 6.55075150640179321E-02 7.15574629669827027E-03 2.21085330341487252E-01
8.35903972E+00 6.53973212595930636E-02 7.14269729407251020E-03 2.21574375748517072E-01
8.37198030E+00 6.52872017261326015E-02 7.12953814109210278E-03 2.22062296959520789E-01
8.38494253E+00 6.51771535011029107E-02 7.11628672314149925E-03 2.22549018836076917E-01
8.39792696E+00 6.50671732043756473E-02 7.10295117206843039E-03 2.23034462068482514E-01
8.41093222E+00 6.49572737040221837E-02 7.08952632720309586E-03 2.23518481142663761E-01
8.42395030E+00 6.48475235173272407E-02 7.07600431107590407E-03 2.24000699320349661E-01
8.43696025E+00 6.47381001516336985E-02 7.06239527933492407E-03 2.24480273818927184E-01
8.44996152E+00 6.46290083227818168E-02 7.04869664485425953E-03 2.24957112010811505E-01
8.46295575E+00 6.45202346366592350E-02 7.03491447032759086E-03 2.25431200062338549E-01
8.47594459E+00 6.44117659248048813E-02 7.02106487343690921E-03 2.25902520864181472E-01
8.48892961E+00 6.43035889417236800E-02 7.00716501310776063E-03 2.26371051632433845E-01
8.50191239E+00 6.41956902971874827E-02 6.99322838084894243E-03 2.26836767527797967E-01
8.51489445E+00 6.40880566047295486E-02 6.97925557732826957E-03 2.27299644682078306E-01
8.52787725E+00 6.39806749475363284E-02 6.96524250441536187E-03 2.27759668898859263E-01
8.54085932E+00 6.38735570134973119E-02 6.95119985936074915E-03 2.28216711553190454E-01
8.55384157E+00 6.37666946766587417E-02 6.93714037105375245E-03 2.28670715172258010E-01
8.56682544E+00 6.36600752025162503E-02 6.92307177670104749E-03 2.29121645922798961E-01
8.57981233E+00 6.35536864956224301E-02 6.90900272241011266E-03 2.29569477551301498E-01
8.59280358E+00 6.34475170183317894E-02 6.89495103554201797E-03 2.30014178794766877E-01
8.60580046E+00 6.33415554450414003E-02 6.88093281058849236E-03 2.30455701370961108E-01
8.61880417E+00 6.32357905240212570E-02 6.86695127257572896E-03 2.30893991050427627E-01
8.63181584E+00 6.31302114101035261E-02 6.85300479417625796E-03 2.31329003963000046E-01
8.64483657E+00 6.30248080667466237E-02 6.83909840446734942E-03 2.31760698203690357E-01
8.65786735E+00 6.29195712791546513E-02 6.82524949179070216E-03 2.32189020316336342E-01
8.67090917E+00 6.28144922143701323E-02 6.81147760638475992E-03 2.32613906809536447E-01
8.68396292E+00 6.27095623192838458E-02 6.79779877835773663E-03 2.33035298784539047E-01
8.69702944E+00 6.26047734461498001E-02 6.78422930294424794E-03 2.33453132652547080E-01
8.71010954E+00 6.25001174537931636E-02 6.77077412455114741E-03 2.33867322161103230E-01
8.72320379E+00 6.23955876159743503E-02 6.75742845613955083E-03 2.34277783875745688E-01
8.73631226E+00 6.22911813488953789E-02 6.74419988668549433E-03 2.34684434093450439E-01
8.74943555E+00 6.21868917750089678E-02 6.73110572526455526E-03 2.35087203277732887E-01
8.76257424E+00 6.20827123929236779E-02 6.71816499461555007E-03 2.35486021517159999E-01
8.77572884E+00 6.19786370107857920E-02 6.70539634272368772E-03 2.35880823317974636E-01
8.78889980E+00 6.18746595096331536E-02 6.69281149234854378E-03 2.36271533949597462E-01
8.80208756E+00 6.17707737988019423E-02 6.68042897523107165E-03 2.36658072784779988E-01
8.81529248E+00 6.16669737368391105E-02 6.66826202878573540E-03 2.37040363023146960E-01
8.82851488E+00 6.15632534683566227E-02 6.65632390806926953E-03 2.37418344594381880E-01
8.84175475E+00 6.14596096241806361E-02 6.64463578147319461E-03 2.37791936207658178E-01
8.85500969E+00 6.13560567112805891E-02 6.63321669500112343E-03 2.38160983439027168E-01
8.86827992E+00 6.12525884038367732E-02 6.62207211566197274E-03 2.38525414321047458E-01
8.88156558E+00 6.11491983665748279E-02 6.61119732590429061E-03 2.38885163461491801E-01
8.89486678E+00 6.10458807343474269E-02 6.60059332654273911E-03 2.39240169986853962E-01
8.90818358E+00 6.09426303065744926E-02 6.59027461009087639E-03 2.39590368705336065E-01
8.92151598E+00 6.08394421718392031E-02 6.58026122378175485E-03 2.39935693264906907E-01
8.93486231E+00 6.07363241095496692E-02 6.57056982258979409E-03 2.40276035066864735E-01
8.94822103E+00 6.06332819863227082E-02 6.56121150579864684E-03 2.40611287569960780E-01
8.96159213E+00 6.05303095698398255E-02 6.55218863394684600E-03 2.40941384261879471E-01
8.97497556E+00 6.04274007135253699E-02 6.54349952061063396E-03 2.41266271210298561E-01
8.98837123E+00 6.03245496497425218E-02 6.53515740850183716E-03 2.41585905299747633E-01
9.00177904E+00 6.02217510224512323E-02 6.52717464835411969E-03 2.41900241126040944E-01
9.01519887E+00 6.01189997956270844E-02 6.51957194981238157E-03 2.42209232707082750E-01
9.02863057E+00 6.00162904630898442E-02 6.51234705077295955E-03 2.42512823041357989E-01
9.04207400E+00 5.99136175349557071E-02 6.50549913432370373E-03 2.42810963750328124E-01
9.05552900E+00 5.98109756641070009E-02 6.49904497018999328E-03 2.43103606979034326E-01
9.06899543E+00 5.97083597039384448E-02 6.49299554571471614E-03 2.43390711498622792E-01
9.08247311E+00 5.96057645642498746E-02 6.48736435933404236E-03 2.43672245781649061E-01
9.09595467E+00 5.95032403829966472E-02 6.48218188885804451E-03 2.43948026041055421E-01
9.10943142E+00 5.94008467106948990E-02 6.47747654610137790E-03 2.44217856773756153E-01
9.12289765E+00 5.92986194219819115E-02 6.47325648663816568E-03 2.44481607181262078E-01
9.13635108E+00 5.91965677025783690E-02 6.46951877339845948E-03 2.44739228709224321E-01
9.14979170E+00 5.90946841476978346E-02 6.46627868751130982E-03 2.44990728953199954E-01
9.16321808E+00 5.89929724427241953E-02 6.46357335869358202E-03 2.45236091690093194E-01
9.17662329E+00 5.88914771696060213E-02 6.46143581065106512E-03 2.45475204321035950E-01
9.19000578E+00 5.87902017425893514E-02 6.45986673487929444E-03 2.45708057605122765E-01
9.20336104E+00 5.86891711748753139E-02 6.45885558439981879E-03 2.45934593885322655E-01
9.21668714E+00 5.85883913027523268E-02 6.45841685722298078E-03 2.46154808051269880E-01
9.22998217E+00 5.84878679492379164E-02 6.45856455312346193E-03 2.46368705684771844E-01
9.24324647E+00 5.83875897656072687E-02 6.45930125237415692E-03 2.46576338598096162E-01
9.25647440E+00 5.82875909346592461E-02 6.46065144709170782E-03 2.46777675330035390E-01
9.26966799E+00 5.81878476023070176E-02 6.46263163135682005E-03 2.46972802194105390E-01
9.28282917E+00 5.80883356155047492E-02 6.46523236383927426E-03 2.47161796335745643E-01
9.29595983E+00 5.79890311506616810E-02 6.46843747735633291E-03 2.47344731301348569E-01
9.30906177E+00 5.78899112707491614E-02 6.47223776177479910E-03 2.47521686981713895E-01
9.32213671E+00 5.77909540873913358E-02 6.47663710156822729E-03 2.47692742051130926E-01
9.33518631E+00 5.76921386666273198E-02 6.48164185243865505E-03 2.47857971329169618E-01
9.34821088E+00 5.75934543396002252E-02 6.48724856103479255E-03 2.48017434904591272E-01
9.36120852E+00 5.74949067374624020E-02 6.49341857806153607E-03 2.48171160177925149E-01
9.37416063E+00 5.73966282960148080E-02 6.50010620038357807E-03 2.48318982880159772E-01
9.38706221E+00 5.72986494401617891E-02 6.50728113617438271E-03 2.48460925477125782E-01
9.39991599E+00 5.72009427867987280E-02 6.51491463423871462E-03 2.48597107157332464E-01
9.41272350E+00 5.71034911402786838E-02 6.52298991178590706E-03 2.48727627331394779E-01
9.42548298E+00 5.70063025172269089E-02 6.53148614924978742E-03 2.48852553504555984E-01
9.43819714E+00 5.69093561620094279E-02 6.54037130251202119E-03 2.48971122415104357E-01
9.45086513E+00 5.68126502711744641E-02 6.54959347016509548E-03 2.49085156919045869E-01
9.46348936E+00 5.67161615139629635E-02 6.55910702980106158E-03 2.49193867287753418E-01
9.47607234E+00 5.66198674565159682E-02 6.56888347294202601E-03 2.49297347905162170E-01
9.48861651E+00 5.65237470513284199E-02 6.57888934932728767E-03 2.49395687711798569E-01
9.50112423E+00 5.64277806233470930E-02 6.58909970635812581E-03 2.49488974586329182E-01
9.51359778E+00 5.63319493656938008E-02 6.59949353615300102E-03 2.49577293106276465E-01
9.52603941E+00 5.62362348508285842E-02 6.61003335681820126E-03 2.49660721660377505E-01
9.53845130E+00 5.61406192683673658E-02 6.62067031614485633E-03 2.49739329473732979E-01
9.55083559E+00 5.60450857137107517E-02 6.63135935140038522E-03 2.49813180603878249E-01
9.56319439E+00 5.59496183338101249E-02 6.64205958097783492E-03 2.49882337341250621E-01
9.57552723E+00 5.58542220986415483E-02 6.65273938532307593E-03 2.49946851259033515E-01
9.58783410E+00 5.57588988334772814E-02 6.66336741167649228E-03 2.50006776721291735E-01
9.60011559E+00 5.56636463160907688E-02 6.67390368437134444E-03 2.50062167700741300E-01
9.61237055E+00 5.55684761613400927E-02 6.68430810311415949E-03 2.50113068102556513E-01
9.62458880E+00 5.54734705144110732E-02 6.69451649081165626E-03 2.50159488287078791E-01
9.63676696E+00 5.53786595453617594E-02 6.70447903826502066E-03 2.50201470699078499E-01
9.64890787E+00 5.52840258978409757E-02 6.71415590987652251E-03 2.50239085108126702E-01
9.66101430E+00 5.51895533713654407E-02 6.72351609797733254E-03 2.50272397164324367E-01
9.67308891E+00 5.50952265413869741E-02 6.73252633538451700E-03 2.50301468096243873E-01
9.68513432E+00 5.50010308192645445E-02 6.74115467029157752E-03 2.50326355886535401E-01
9.69715306E+00 5.49069522958593459E-02 6.74937305841035850E-03 2.50347115822459776E-01
9.70914759E+00 5.48129775591676763E-02 6.75714743613756771E-03 2.50363797683039513E-01
9.72112032E+00 5.47190938870641477E-02 6.76443835845454491E-03 2.50376441137370287E-01
9.73307358E+00 5.46252894341959436E-02 6.77121123082415413E-03 2.50385077968330094E-01
9.74500673E+00 5.45315761991278375E-02 6.77744047995489964E-03 2.50387734991117328E-01
9.75692091E+00 5.44379527277888062E-02 6.78310910041029103E-03 2.50393139801073861E-01
9.76881832E+00 5.43444094024828073E-02 6.78820464160413261E-03 2.50387328205706139E-01
9.78070013E+00 5.42509448118071377E-02 6.79271672079139778E-03 2.50380320317189931E-01
9.79256733E+00 5.41575588367310956E-02 6.79662920256870508E-03 2.50369665338040559E-01
9.80442203E+00 5.40642426408385959E-02 6.79991761741512418E-03 2.50355130211703913E-01
9.81626628E+00 5.39709882668061511E-02 6.80257004470610077E-03 2.50336787339340561E-01
9.82810209E+00 5.38777884168969573E-02 6.80458158777184473E-03 2.50314688218221670E-01
9.83993142E+00 5.37846363534967842E-02 6.80594640154917694E-03 2.50288854801409832E-01
9.85175618E+00 5.36915259326719296E-02 6.80666486084080969E-03 2.50259303069945760E-01
9.86357823E+00 5.35984513975173507E-02 6.80674217770413283E-03 2.50226048033031112E-01
9.87539939E+00 5.35054070995010789E-02 6.80618492403334881E-03 2.50189102283362441E-01
9.88722144E+00 5.34123874055654202E-02 6.80499088633145996E-03 2.50148472539045208E-01
9.89904613E+00 5.33193869272230309E-02 6.80315675691322425E-03 2.50104159496001621E-01
9.91087098E+00 5.32264332169517448E-02 6.80068473421893346E-03 2.50056181320643611E-01
9.92269096E+00 5.31335741827445446E-02 6.79758585405468210E-03 2.50004572985741635E-01
9.93450736E+00 5.30408076040896417E-02 6.79387275957865199E-03 2.49949345644221665E-01
9.94632172E+00 5.29481290244822461E-02 6.78956080814977544E-03 2.49890507595586925E-01
9.95813479E+00 5.28555400001097866E-02 6.78466969492685056E-03 2.49828070124134022E-01
9.96994589E+00 5.27630528010499880E-02 6.77921775293560853E-03 2.49762050689626730E-01
9.98175645E+00 5.26706626235931147E-02 6.77321473065161349E-03 2.49692450945134564E-01
9.99356786E+00 5.25783647850045846E-02 6.76667121721322758E-03 2.49619269330784155E-01
1.00053815E+01 5.24861548160426850E-02 6.75960370529950835E-03 2.49542504597031450E-01
1.00171929E+01 5.23940721371354903E-02 6.75203659955431450E-03 2.49462195316458607E-01
1.00290021E+01 5.23021231625108787E-02 6.74399347805937355E-03 2.49378356593675105E-01
1.00408104E+01 5.22103028697270821E-02 6.73549623913181298E-03 2.49290993129351601E-01
1.00526179E+01 5.21186136341156708E-02 6.72656565920185575E-03 2.49200115249284648E-01
1.00644225E+01 5.20270764639948272E-02 6.71722336260938829E-03 2.49105751875319165E-01
1.00762255E+01 5.19356856532568190E-02 6.70748316353853968E-03 2.49007904604592434E-01
1.00880281E+01 5.18444356740163786E-02 6.69736035866977560E-03 2.48906573772321255E-01
1.00998313E+01 5.17533211342064495E-02 6.68687247768957275E-03 2.48801761795742676E-01
1.01116363E+01 5.16623367852019066E-02 6.67603903339178059E-03 2.48693471156483326E-01
1.01234443E+01 5.15714774795321754E-02 6.66488163668958310E-03 2.48581704827089883E-01
1.01352562E+01 5.14807380721615387E-02 6.65342096297603762E-03 2.48466466437101352E-01
1.01470732E+01 5.13901133836349583E-02 6.64167647056545553E-03 2.48347759047136601E-01
1.01588961E+01 5.12995982098875744E-02 6.62966488221195058E-03 2.48225584805479599E-01
1.01707261E+01 5.12091873989656901E-02 6.61740082071264179E-03 2.48099944924335236E-01
1.01825640E+01 5.11188759208593274E-02 6.60489908928799888E-03 2.47970841174444734E-01
1.01944104E+01 5.10286622831384179E-02 6.59217419299021334E-03 2.47838281878151573E-01
1.02062636E+01 5.09385599866881561E-02 6.57924393416821612E-03 2.47702299214323962E-01
1.02181248E+01 5.08485639159825600E-02 6.56612367130870751E-03 2.47562900068835884E-01
1.02299948E+01 5.07586690494341922E-02 6.55282755907031240E-03 2.47420091609151266E-01
1.02418744E+01 5.06688704322550559E-02 6.53936888393947310E-03 2.47273880583274680E-01
1.02537646E+01 5.05791631597240152E-02 6.52575833827531791E-03 2.47124272818297075E-01
1.02656662E+01 5.04895424168553195E-02 6.51200203435620302E-03 2.46971272392015356E-01
1.02775801E+01 5.04000035793915890E-02 6.49810463736736309E-03 2.46814882151443704E-01
1.02895070E+01 5.03105422634906804E-02 6.48407258900279317E-03 2.46655105408341790E-01
1.03014477E+01 5.02211542908827177E-02 6.46991248487521677E-03 2.46491946426719039E-01
1.03134030E+01 5.01318356635138823E-02 6.45562988845049032E-03 2.46325409084762526E-01
1.03253738E+01 5.00425825473270400E-02 6.44122919984037572E-03 2.46155496577404181E-01
1.03373606E+01 4.99533912614898157E-02 6.42671427861210131E-03 2.45982211684973695E-01
1.03493642E+01 4.98642582692820496E-02 6.41208732137575534E-03 2.45805556805577280E-01
1.03613854E+01 4.97751802088637549E-02 6.39734768921352854E-03 2.45625533456312550E-01
1.03734248E+01 4.96861539540996572E-02 6.38249457468921619E-03 2.45442142542251523E-01
1.03854831E+01 4.95971766212163281E-02 6.36752789375908540E-03 2.45255385783120089E-01
1.03975610E+01 4.95082455486944573E-02 6.35244665936279297E-03 2.45065266178001784E-01
1.04096590E+01 4.94193582989929034E-02 6.33724891984668165E-03 2.44871787579716532E-01
1.04217777E+01 4.93305126587423523E-02 6.32193299103524405E-03 2.44674954567273978E-01
1.04339179E+01 4.92417066154011152E-02 6.30649764037705726E-03 2.44474772641429111E-01
1.04460800E+01 4.91529383325270200E-02 6.29094226151946049E-03 2.44271248002725122E-01
1.04582647E+01 4.90642061247749534E-02 6.27526675161169719E-03 2.44064387519923875E-01
1.04704724E+01 4.89755084340754987E-02 6.25947008892620196E-03 2.43854198809701633E-01
1.04827037E+01 4.88868438345918671E-02 6.24355057013946044E-03 2.43640690137781446E-01
1.04949592E+01 4.87982110379948653E-02 6.22750718348278904E-03 2.43423870992899943E-01
1.05072393E+01 4.87096088678393227E-02 6.21134001017593310E-03 2.43203752881557489E-01
1.05195445E+01 4.86210362178906980E-02 6.19504933334831098E-03 2.42980349368346782E-01
1.05318751E+01 4.85324930563157397E-02 6.17863505996148372E-03 2.42753677989962391E-01
1.05442316E+01 4.84439789885867875E-02 6.16209656585131604E-03 2.42523756231998289E-01
1.05566144E+01 4.83554929915161608E-02 6.14543252056223670E-03 2.42290600801905315E-01
1.05690239E+01 4.82670341682840745E-02 6.12864044180540073E-03 2.42054229474704091E-01
1.05814605E+01 4.81786018005326486E-02 6.11171737083377169E-03 2.41814661162165823E-01
1.05939247E+01 4.80901953726419543E-02 6.09466075934685710E-03 2.41571916645322987E-01
1.06064169E+01 4.80018147512458609E-02 6.07746860737758306E-03 2.41326019615639903E-01
1.06189360E+01 4.79134703038685411E-02 6.06014133855480117E-03 2.41077025521774096E-01
1.06314823E+01 4.78251615755481210E-02 6.04267762179375514E-03 2.40824962259917202E-01
1.06440564E+01 4.77368882420293392E-02 6.02507643723194670E-03 2.40569859929634505E-01
1.06566585E+01 4.76486500996426005E-02 6.00733690005887666E-03 2.40311750839830834E-01
1.06692893E+01 4.75604470665753343E-02 5.98945805588571405E-03 2.40050669364433034E-01
1.06819489E+01 4.74722791905855326E-02 5.97143892041916008E-03 2.39786651997530964E-01
1.06946378E+01 4.73841466550953688E-02 5.95327871119762531E-03 2.39519737791376225E-01
1.07073565E+01 4.72960497806738378E-02 5.93497703281908786E-03 2.39249968898116283E-01
1.07201052E+01 4.72079890207519892E-02 5.91653383007888570E-03 2.38977390802165401E-01
1.07328842E+01 4.71199649527263564E-02 5.89794920559966879E-03 2.38702052130928322E-01
1.07456941E+01 4.70319782701170835E-02 5.87922337659836213E-03 2.38424004387448429E-01
1.07585350E+01 4.69440297795142639E-02 5.86035662819757962E-03 2.38143301998840512E-01
1.07714073E+01 4.68561204048281374E-02 5.84134924744103817E-03 2.37860002611555377E-01
1.07843114E+01 4.67682511923626573E-02 5.82220157110198335E-03 2.37574167416019166E-01
1.07972476E+01 4.66804237973660122E-02 5.80291426625262775E-03 2.37285862946260806E-01
1.08102158E+01 4.65926410755822945E-02 5.78348867542445317E-03 2.36995163183006230E-01
1.08232165E+01 4.65049042828915918E-02 5.76392634548216713E-03 2.36702140424647961E-01
1.08362499E+01 4.64172147425188572E-02 5.74422941939073135E-03 2.36406871173849592E-01
1.08493164E+01 4.63295737865132978E-02 5.72440062873571728E-03 2.36109436479179119E-01
1.08624163E+01 4.62419826892579919E-02 5.70444321978249257E-03 2.35809921829421176E-01
1.08755499E+01 4.61544426209869810E-02 5.68436078140973668E-03 2.35508416866490183E-01
1.08887175E+01 4.60669546335819996E-02 5.66415704376375517E-03 2.35205015273596163E-01
1.09019194E+01 4.59795196753040453E-02 5.64383564579173935E-03 2.34899814931829737E-01
1.09151561E+01 4.58921386245157437E-02 5.62339973407866879E-03 2.34592918272245571E-01
1.09284276E+01 4.58048123315858355E-02 5.60285150261985096E-03 2.34284432498839262E-01
1.09417344E+01 4.57175416577062024E-02 5.58219194230748922E-03 2.33974469561554460E-01
1.09550769E+01 4.56303275000913000E-02 5.56142101255126513E-03 2.33663146123554905E-01
1.09684551E+01 4.55431707976980266E-02 5.54053821993048812E-03 2.33350583613998741E-01
1.09818696E+01 4.54560725212499323E-02 5.51954332466116429E-03 2.33036908183450464E-01
1.09953206E+01 4.53690336573324068E-02 5.49843691405759241E-03 2.32722250790031393E-01
1.10088084E+01 4.52820551925026266E-02 5.47722072979562203E-03 2.32406747652755319E-01
1.10223333E+01 4.51951380975666450E-02 5.45589785310714517E-03 2.32090540450747757E-01
1.10358957E+01 4.51082833072338762E-02 5.43447274318884128E-03 2.31773776121375646E-01
1.10494959E+01 4.50214916922855798E-02 5.41295097528621868E-03 2.31456606693312944E-01
1.10631341E+01 4.49347640316064278E-02 5.39133867873790862E-03 2.31139189240313986E-01
1.10768108E+01 4.48481009968632535E-02 5.36964177554911416E-03 2.30821685660115072E-01
1.10905262E+01 4.47615031580903891E-02 5.34786522270603009E-03 2.30504262144291844E-01
1.11042808E+01 4.46749710124320215E-02 5.32601260571486951E-03 2.30187088467607964E-01
1.11180743E+01 4.45885073379815866E-02 5.30408689234436025E-03 2.29870345899838124E-01
1.11319073E+01 4.45021127920855047E-02 5.28208989615371917E-03 2.29554210452420970E-01
1.11457800E+01 4.44157880248122611E-02 5.26002353056906780E-03 2.29238860755116292E-01
1.11596927E+01 4.43295337108366230E-02 5.23789051563266009E-03 2.28924478184700464E-01
1.11736458E+01 4.42433505156788615E-02 5.21569464305902519E-03 2.28611246862564649E-01
1.11876396E+01 4.41572390722287655E-02 5.19344035997733842E-03 2.28299353666473109E-01
1.12016746E+01 4.40711999788131539E-02 5.17113212138611052E-03 2.27988988002240711E-01
1.12157509E+01 4.39852338038036889E-02 5.14877408540306315E-03 2.27680341354319998E-01
1.12298692E+01 4.38993410742929899E-02 5.12637012002371308E-03 2.27373606806261980E-01
1.12440296E+01 4.38135222433251592E-02 5.10392381390046158E-03 2.27068978624712481E-01
1.12582326E+01 4.37277776479835234E-02 5.08143839385593633E-03 2.26766651961220700E-01
1.12724785E+01 4.36421074745695983E-02 5.05891651784598148E-03 2.26466822606445045E-01
1.12867679E+01 4.35565117464422127E-02 5.03635990189681138E-03 2.26169686588042512E-01
1.13011011E+01 4.34709903563155545E-02 5.01376906571241333E-03 2.25875439733787320E-01
1.13154784E+01 4.33855431561014152E-02 4.99114350804617021E-03 2.25584277404303674E-01
1.13299005E+01 4.33001700651631932E-02 4.96848252277804023E-03 2.25296394144810758E-01
1.13443676E+01 4.32148711179333456E-02 4.94578624615300052E-03 2.25011983216317740E-01
1.13588802E+01 4.31296464325359452E-02 4.92305607969022521E-03 2.24731236221771102E-01
1.13734388E+01 4.30444961503823123E-02 4.90029446018722722E-03 2.24454342964438253E-01
1.13880333E+01 4.29594823741224971E-02 4.87752104300789510E-03 2.24181695450006352E-01
1.14026290E+01 4.28748067975118011E-02 4.85479329309401655E-03 2.23914121419120704E-01
1.14172047E+01 4.27905917456493576E-02 4.83214757568068299E-03 2.23652142686501548E-01
1.14317637E+01 4.27068171659203202E-02 4.80958206438006092E-03 2.23395806425416510E-01
1.14463020E+01 4.26235029775134389E-02 4.78710599821155925E-03 2.23145294382317921E-01
1.14608143E+01 4.25406786276585971E-02 4.76473147677881383E-03 2.22900808605009382E-01
1.14753045E+01 4.24583188635899722E-02 4.74245587032934551E-03 2.22662374554183057E-01
1.14897768E+01 4.23763987619594426E-02 4.72027675433763210E-03 2.22430022658490628E-01
1.15042305E+01 4.22949199771258111E-02 4.69819929710045547E-03 2.22203861121131496E-01
1.15186645E+01 4.22138870683412548E-02 4.67622981434098403E-03 2.21983998271341215E-01
1.15330803E+01 4.21332896632712686E-02 4.65437055853813210E-03 2.21770493713213585E-01
1.15474759E+01 4.20531366072442458E-02 4.63262874104728144E-03 2.21563456020370253E-01
1.15618541E+01 4.19734103014183305E-02 4.61100418295991559E-03 2.21362915241703151E-01
1.15762177E+01 4.18940937723661158E-02 4.58949674748337748E-03 2.21168903159863567E-01
1.15905696E+01 4.18151691414545765E-02 4.56810582620537781E-03 2.20981448617571324E-01
1.16049127E+01 4.17366185136348183E-02 4.54683028676614726E-03 2.20800579462581664E-01
1.16192501E+01 4.16584240596581667E-02 4.52566817912738225E-03 2.20626322794304330E-01
1.16335841E+01 4.15805713831081253E-02 4.50461750849004590E-03 2.20458712736730594E-01
1.16479159E+01 4.15030528243252317E-02 4.48367726189677265E-03 2.20297796556841896E-01
1.16622364E+01 4.14259161181963695E-02 4.46286083068087557E-03 2.20143733334391578E-01
1.16765475E+01 4.13491495924369207E-02 4.44216527692892823E-03 2.19996538181347179E-01
1.16908519E+01 4.12727364927845744E-02 4.42158647710762156E-03 2.19856217843659524E-01
1.17051526E+01 4.11966604256072816E-02 4.40112127573258002E-03 2.19722781196933475E-01
1.17194524E+01 4.11209053331535110E-02 4.38076786548104689E-03 2.19596236703742148E-01
1.17337534E+01 4.10454593353371880E-02 4.36052657022357928E-03 2.19476598563648095E-01
1.17480541E+01 4.09703293958488188E-02 4.34040317674625874E-03 2.19363908109186184E-01
1.17623572E+01 4.08955001956474024E-02 4.32039726341559762E-03 2.19258163583940791E-01
1.17766656E+01 4.08209565791291806E-02 4.30050788920434586E-03 2.19159365079843932E-01
1.17909820E+01 4.07466835965561922E-02 4.28073393740125048E-03 2.19067514893663939E-01
1.18053090E+01 4.06726665381982808E-02 4.26107494349011080E-03 2.18982617903296373E-01
1.18196495E+01 4.05988909315974783E-02 4.24153156852768130E-03 2.18904682381424770E-01
1.18340062E+01 4.05253425100842099E-02 4.22210535524563356E-03 2.18833720130726106E-01
1.18483817E+01 4.04520071769131143E-02 4.20279818609709845E-03 2.18769746005800347E-01
1.18627735E+01 4.03788980827820762E-02 4.18361887725027509E-03 2.18712800065853030E-01
1.18771717E+01 4.03060637540387998E-02 4.16458474337555711E-03 2.18662937690628723E-01
1.18915782E+01 4.02334940747239439E-02 4.14569665538003229E-03 2.18620148500836525E-01
1.19059954E+01 4.01611755666650139E-02 4.12695341516127259E-03 2.18584421918624150E-01
1.19204257E+01 4.00890949195932822E-02 4.10835250695287119E-03 2.18555749385349635E-01
1.19348714E+01 4.00172390354606652E-02 4.08989007501264247E-03 2.18534123585261142E-01
1.19493351E+01 3.99455950812931740E-02 4.07156124761592908E-03 2.18519541605310619E-01
1.19638189E+01 3.98741505323047737E-02 4.05336080466543215E-03 2.18512022334215267E-01
1.19783254E+01 3.98028931875151273E-02 4.03528381926761444E-03 2.18511622330515798E-01
1.19928568E+01 3.97318111554503667E-02 4.01732598606163900E-03 2.18517254099062086E-01
1.20074138E+01 3.96609011549990606E-02 3.99948575118403218E-03 2.18531649941341999E-01
1.20219981E+01 3.95901547397688319E-02 3.98176069180159256E-03 2.18551867469314237E-01
1.20366098E+01 3.95195710608608752E-02 3.96415041925137802E-03 2.18579360320186433E-01
1.20512508E+01 3.94491408463334831E-02 3.94665217773053877E-03 2.18613811308786626E-01
1.20659234E+01 3.93788534982265764E-02 3.92926238460069438E-03 2.18655224630574907E-01
1.20806298E+01 3.93086987026122561E-02 3.91197700704256236E-03 2.18703583633513748E-01
1.20953714E+01 3.92386706265889784E-02 3.89479281798094015E-03 2.18758871113334363E-01
1.21101356E+01 3.91688280217143900E-02 3.87772265155010652E-03 2.18821013144138488E-01
1.21249247E+01 3.90991614903044918E-02 3.86076365169492949E-03 2.18889966433217786E-01
1.21397406E+01 3.90296613236273057E-02 3.84391462449233494E-03 2.18965691487604031E-01
1.21545855E+01 3.89603180668820145E-02 3.82717620409970052E-03 2.19048152042269600E-01
1.21694614E+01 3.88911224718884938E-02 3.81055033959428087E-03 2.19137313496339164E-01
1.21843703E+01 3.88220654462404571E-02 3.79403966590815319E-03 2.19233143129980795E-01
1.21993144E+01 3.87531380007513429E-02 3.77764717118142350E-03 2.19335609704554152E-01
1.22142956E+01 3.86843311911604232E-02 3.76137604593975404E-03 2.19444682460448376E-01
1.22293160E+01 3.86156360556219602E-02 3.74522925542627354E-03 2.19560330004070381E-01
1.22443775E+01 3.85470435639353251E-02 3.72920856619407028E-03 2.19682519604008586E-01
1.22594822E+01 3.84785446058498529E-02 3.71331308008575681E-03 2.19811216882043026E-01
1.22746320E+01 3.84101300474678636E-02 3.69753780741773107E-03 2.19946385552266394E-01
1.22898263E+01 3.83418032907038783E-02 3.68187620024011241E-03 2.20087961796008230E-01
1.23050649E+01 3.82735642977266727E-02 3.66631813786220126E-03 2.20235881139746015E-01
1.23203498E+01 3.82054045487733238E-02 3.65085199609586518E-03 2.20390092841892815E-01
1.23356830E+01 3.81373159794223884E-02 3.63546936973794393E-03 2.20550545635378153E-01
1.23510664E+01 3.80692909408574948E-02 3.62016583652942240E-03 2.20717188563446715E-01
1.23664968E+01 3.80013448421727892E-02 3.60494521692680770E-03 2.20889914880079086E-01
1.23819725E+01 3.79334861764692860E-02 3.58981140295554311E-03 2.21068627434454323E-01
1.23974944E+01 3.78657116423053719E-02 3.57476617226922672E-03 2.21253256053075359E-01
1.24130647E+01 3.77980134434916515E-02 3.55981035187084502E-03 2.21443743235456736E-01
1.24286848E+01 3.77303860138343966E-02 3.54494525149126084E-03 2.21640025991210327E-01
1.24443552E+01 3.76628280395276474E-02 3.53017302627180824E-03 2.21842027886665405E-01
1.24600781E+01 3.75953320678683589E-02 3.51549419130979058E-03 2.22049688215888608E-01
1.24758544E+01 3.75278938603147913E-02 3.50090957429802273E-03 2.22262936156784302E-01
1.24916840E+01 3.74605158780562317E-02 3.48642123979070852E-03 2.22481677914588616E-01
1.25075687E+01 3.73931907039713601E-02 3.47202917244862934E-03 2.22705847926469552E-01
1.25235105E+01 3.73259108727621650E-02 3.45773321653707706E-03 2.22935380824284546E-01
1.25395113E+01 3.72586688415576447E-02 3.44353219446120800E-03 2.23170210916979334E-01
1.25555717E+01 3.71914621301770304E-02 3.42942382198982952E-03 2.23410253532489472E-01
1.25716902E+01 3.71242977897146692E-02 3.41540471831948455E-03 2.23655386584093396E-01
1.25878666E+01 3.70571774202942544E-02 3.40146742462552141E-03 2.23905501936917495E-01
1.26041019E+01 3.69900962692394711E-02 3.38760179735271430E-03 2.24160512497003028E-01
1.26203950E+01 3.69230601875283407E-02 3.37380043029227852E-03 2.24420290873873940E-01
1.26367467E+01 3.68560666494754247E-02 3.36005609126704486E-03 2.24684739201058609E-01
1.26531590E+01 3.67891088345247211E-02 3.34636336856482036E-03 2.24953777535240762E-01
1.26696339E+01 3.67221803495034194E-02 3.33271983294696969E-03 2.25227326948478718E-01
1.26861734E+01 3.66552751190834594E-02 3.31912544158833494E-03 2.25505309790945019E-01
1.27027795E+01 3.65883872771181964E-02 3.30558135641046595E-03 2.25787650110630844E-01
1.27194541E+01 3.65215110791032790E-02 3.29208901442258920E-03 2.26074273801629810E-01
1.27361994E+01 3.64546408346286197E-02 3.27864968797422036E-03 2.26365108538938486E-01
1.27530171E+01 3.63877708682355944E-02 3.26526399992547274E-03 2.26660083524550776E-01
1.27699095E+01 3.63208955074673309E-02 3.25193175509258005E-03 2.26959128955542738E-01
1.27868783E+01 3.62540090690857408E-02 3.23865253595819781E-03 2.27262175638406089E-01
1.28039257E+01 3.61871058239832122E-02 3.22542616012305326E-03 2.27569155147012370E-01
1.28210532E+01 3.61201819340012317E-02 3.21225254471761267E-03 2.27879991127840853E-01
1.28382626E+01 3.60532321742124337E-02 3.19913014263905476E-03 2.28194613923395823E-01
1.28555559E+01 3.59862504600083136E-02 3.18605574811365406E-03 2.28512958428700425E-01
1.28729352E+01 3.59192306820581841E-02 3.17302518082616903E-03 2.28834960289407946E-01
1.28903934E+01 3.58522023394037409E-02 3.16004076056413752E-03 2.29160384776509241E-01
1.29079298E+01 3.57851686072927014E-02 3.14709910668752122E-03 2.29489117141107812E-01
1.29255467E+01 3.57181234543449966E-02 3.13419420827692162E-03 2.29821088804746165E-01
1.29432458E+01 3.56510611642237504E-02 3.12131964970872866E-03 2.30156233074275768E-01
1.29610294E+01 3.55839755737737337E-02 3.10846948846936564E-03 2.30494488505969125E-01
1.29788998E+01 3.55168608165989941E-02 3.09563961661671197E-03 2.30835795579035996E-01
1.29968591E+01 3.54497112470529979E-02 3.08282814323678237E-03 2.31180097616774660E-01
1.30149092E+01 3.53825227056742200E-02 3.07003443225237899E-03 2.31527334431497506E-01
1.30330517E+01 3.53152920474205587E-02 3.05725746091850418E-03 2.31877443769785613E-01
1.30512889E+01 3.52480136272270705E-02 3.04449497608054063E-03 2.32230379016388988E-01
1.30696232E+01 3.51806819160801823E-02 3.03174464074307910E-03 2.32586096252001218E-01
1.30880551E+01 3.51132982028222462E-02 3.01900544649544907E-03 2.32944518341508783E-01
1.31065866E+01 3.50458588985495256E-02 3.00627562157930635E-03 2.33305594855368031E-01
1.31252097E+01 3.49783957212493682E-02 2.99356127071825863E-03 2.33669089701855764E-01
1.31439018E+01 3.49109927765956576E-02 2.98087982603935158E-03 2.34034483057557585E-01
1.31626597E+01 3.48436639009424912E-02 2.96823509532169200E-03 2.34401624598174207E-01
1.31814839E+01 3.47764075660987673E-02 2.95562635409048462E-03 2.34770450417341403E-01
1.32003753E+01 3.47092222266366240E-02 2.94305260248033237E-03 2.35140899687866639E-01
1.32193308E+01 3.46421198974309480E-02 2.93051677862544427E-03 2.35512840348743230E-01
1.32383430E+01 3.45751282798941253E-02 2.91802508534812297E-03 2.35886055994102117E-01
1.32574091E+01 3.45082570123069407E-02 2.90557886848335188E-03 2.36260430479110495E-01
1.32765292E+01 3.44415066999430100E-02 2.89317728447208893E-03 2.36635900874040572E-01
1.32957040E+01 3.43748753010144903E-02 2.88082076898728712E-03 2.37012422916654947E-01
1.33149342E+01 3.43083607081504441E-02 2.86851062150218078E-03 2.37389957143497282E-01
1.33342206E+01 3.42419607603344153E-02 2.85624571900002172E-03 2.37768469666752219E-01
1.33535639E+01 3.41756733573877550E-02 2.84402246047270237E-03 2.38147931891909609E-01
1.33729649E+01 3.41094965309217818E-02 2.83183899119724596E-03 2.38528319001091837E-01
1.33924244E+01 3.40434283765837023E-02 2.81969740625621565E-03 2.38909608584387478E-01
1.34119431E+01 3.39774669341989938E-02 2.80760011591290074E-03 2.39291781331067710E-01
1.34315216E+01 3.39116110162582390E-02 2.79554527038532131E-03 2.39674818965922076E-01
1.34511605E+01 3.38458595214951724E-02 2.78352898788748792E-03 2.40058709643156676E-01
1.34708606E+01 3.37802107527842566E-02 2.77155200346422201E-03 2.40443450439770806E-01
1.34906219E+01 3.37146653055075823E-02 2.75962018232541470E-03 2.40829027857363459E-01
1.35104446E+01 3.36492231632191524E-02 2.74773634541829789E-03 2.41215433451806571E-01
1.35303293E+01 3.35838832106804472E-02 2.73589580689512051E-03 2.41602668935860160E-01
1.35502769E+01 3.35186436404527402E-02 2.72409313696122656E-03 2.41990746875529683E-01
1.35702881E+01 3.34535028057661166E-02 2.71232983392638658E-03 2.42379683151486114E-01
1.35903615E+01 3.33884661454050338E-02 2.70061192079968856E-03 2.42769449996504350E-01
1.36104974E+01 3.33235337159254602E-02 2.68893894636645751E-03 2.43160050404403499E-01
1.36306966E+01 3.32587035301780201E-02 2.67730471080606259E-03 2.43551504322487899E-01
1.36509561E+01 3.31939860004458326E-02 2.66570747813698944E-03 2.43943762391924973E-01
1.36712730E+01 3.31293917034889834E-02 2.65415103135843407E-03 2.44336772925701912E-01
1.36916459E+01 3.30649253905899512E-02 2.64263963874541378E-03 2.44730513711514025E-01
1.37120725E+01 3.30005947307968478E-02 2.63117336478281951E-03 2.45124942333546231E-01
1.37325536E+01 3.29363976789004073E-02 2.61974798850008036E-03 2.45520079003256064E-01
1.37530900E+01 3.28723323529867967E-02 2.60836256351083167E-03 2.45915945182988011E-01
1.37736826E+01 3.28083968725664046E-02 2.59701886670663136E-03 2.46312557865821902E-01
1.37943321E+01 3.27445892371073938E-02 2.58571771880518374E-03 2.46709930874261962E-01
1.38150394E+01 3.26809074139642192E-02 2.57445746517880134E-03 2.47108079799861546E-01
1.38358051E+01 3.26173498095054526E-02 2.56323702773120698E-03 2.47507020842452491E-01
1.38566297E+01 3.25539161600694182E-02 2.55205657246816231E-03 2.47906761250279134E-01
1.38775139E+01 3.24906047350334640E-02 2.54091520965362251E-03 2.48307314988485128E-01
1.38984583E+01 3.24274145748924547E-02 2.52981121729978090E-03 2.48708691742827420E-01
1.39194628E+01 3.23643467108305494E-02 2.51874301466815465E-03 2.49110890345079994E-01
1.39405280E+01 3.23013997051775290E-02 2.50770940590422462E-03 2.49513926031058514E-01
1.39616548E+01 3.22385721505515505E-02 2.49670982078579020E-03 2.49917817751036025E-01
1.39828439E+01 3.21758626677548856E-02 2.48574330140466371E-03 2.50322587061798829E-01
1.40040960E+01 3.21132698992162985E-02 2.47480706605774205E-03 2.50728253715553351E-01
1.40254087E+01 3.20508019911288702E-02 2.46389844968873239E-03 2.51134774811623718E-01
1.40467778E+01 3.19884721186700985E-02 2.45301710411916906E-03 2.51542074123702053E-01
1.40681858E+01 3.19263312592663814E-02 2.44217126365508077E-03 2.51949825707975139E-01
1.40896336E+01 3.18643776099489309E-02 2.43135986320396113E-03 2.52358040255808380E-01
1.41111031E+01 3.18026624394663823E-02 2.42058954260418501E-03 2.52766375450302894E-01
1.41325806E+01 3.17412246475859278E-02 2.40986339667171147E-03 2.53174562587393792E-01
1.41540518E+01 3.16801039447664398E-02 2.39918441137543671E-03 2.53582320665199201E-01
1.41755164E+01 3.16192997112012750E-02 2.38855034258175693E-03 2.53989630270946676E-01
1.41969755E+01 3.15588068922317139E-02 2.37796099943864137E-03 2.54396496788421023E-01
1.42184306E+01 3.14986205178590176E-02 2.36741697005755144E-03 2.54802917067248891E-01
1.42398829E+01 3.14387356438382698E-02 2.35691760816808581E-03 2.55208879787307441E-01
1.42613337E+01 3.13791473371263854E-02 2.34646047412466864E-03 2.55614368616272458E-01
1.42827844E+01 3.13198507208061194E-02 2.33604337380489968E-03 2.56019365625981765E-01
1.43042363E+01 3.12608410055501412E-02 2.32566699860071785E-03 2.56423852207825875E-01
1.43256907E+01 3.12021134239862975E-02 2.31533334418943838E-03 2.56827805686144328E-01
1.43471490E+01 3.11436631793819974E-02 2.30504210088363758E-03 2.57231199256619580E-01
1.43686124E+01 3.10854854986214908E-02 2.29479082667300924E-03 2.57634004914895576E-01
1.43900824E+01 3.10275757006670677E-02 2.28457728477425787E-03 2.58036195934768120E-01
1.44115603E+01 3.09699292070060792E-02 2.27440031684087883E-03 2.58437747268383644E-01
1.44330474E+01 3.09125415297143852E-02 2.26425946293016276E-03 2.58838628989582598E-01
1.44545451E+01 3.08554082487387145E-02 2.25415358938216856E-03 2.59238801580658484E-01
1.44760549E+01 3.07985250259208733E-02 2.24408037814498784E-03 2.59638223869812057E-01
1.44975779E+01 3.07418876405474682E-02 2.23403799615273400E-03 2.60036862075507580E-01
1.45191158E+01 3.06854919764819913E-02 2.22402589227798644E-03 2.60434689325435786E-01
1.45406669E+01 3.06293412272492238E-02 2.21404525580016966E-03 2.60831627965725787E-01
1.45622325E+01 3.05734323772731895E-02 2.20409653066371480E-03 2.61227639299219661E-01
1.45838136E+01 3.05177616420357518E-02 2.19418022204983772E-03 2.61622683719300642E-01
1.46054116E+01 3.04623252509764915E-02 2.18429664977791297E-03 2.62016716300595087E-01
1.46270199E+01 3.04071397746929831E-02 2.17444940285764412E-03 2.62409542943611740E-01
1.46486370E+01 3.03522083664873946E-02 2.16463925148542785E-03 2.62801059631082690E-01
1.46702642E+01 3.02975267234566886E-02 2.15486551192299808E-03 2.63191211373511369E-01
1.46919016E+01 3.02430941898378068E-02 2.14512856126586370E-03 2.63579918120918189E-01
1.47135454E+01 3.01889194095093204E-02 2.13543042655144587E-03 2.63967036221788409E-01
1.47351970E+01 3.01349979263073227E-02 2.12577036253949790E-03 2.64352513506879994E-01
1.47568581E+01 3.00813253779821724E-02 2.11614760206957180E-03 2.64736290603223345E-01
1.47785299E+01 3.00278974862431165E-02 2.10656195767541668E-03 2.65118307780717266E-01
1.48002140E+01 2.99747100368981043E-02 2.09701337923394286E-03 2.65498511599530918E-01
1.48219118E+01 2.99217588862894270E-02 2.08750103601492223E-03 2.65876857016988044E-01
1.48436247E+01 2.98690399886780110E-02 2.07802365073760922E-03 2.66253310721514536E-01
1.48653541E+01 2.98165493943949519E-02 2.06858072095469740E-03 2.66627850078433148E-01
1.48871014E+01 2.97642832163575490E-02 2.05917227882662516E-03 2.67000454065070891E-01
1.49088680E+01 2.97122376270413276E-02 2.04979807507630262E-03 2.67371093808195293E-01
1.49306554E+01 2.96604088811571673E-02 2.04045754371758774E-03 2.67739730423635469E-01
1.49524648E+01 2.96087933173958262E-02 2.03114990663919416E-03 2.68106319832706885E-01
1.49742977E+01 2.95573873522043777E-02 2.02187414663939800E-03 2.68470818314777926E-01
1.49871489E+01 2.95272619215948794E-02 2.01643632826673143E-03 2.68683774920210672E-01
1.50000000E+01 2.94972298511457613E-02 2.01101316611351126E-03 2.68896318404596213E-01
