#  time, MeanKE MeanKEDR MeanP MeanNuT MeanLesProduction
0 1.24924716012900311E-01 4.68467768164149449E-04 -5.45960823770080033E-18 3.00583884018344792E-04 3.22597368540288390E-04
1.47262156E-02 1.24912567458329071E-01 4.68432777036161181E-04 2.42750976047449263E-04 3.00584002763618552E-04 3.22556760099854036E-04
2.94625217E-02 1.24901528445122881E-01 4.68423101293229105E-04 2.81396826432354626E-04 3.00608616150042126E-04 3.22541117085858181E-04
4.42002869E-02 1.24890856084005658E-01 4.68435954252886138E-04 2.74461312742590817E-04 3.00653237947012906E-04 3.22547209202590432E-04
5.89399312E-02 1.24880299804613168E-01 4.68470401432134894E-04 2.52059983597010162E-04 3.00715340620955171E-04 3.22573999435034505E-04
7.36819333E-02 1.24869775227352611E-01 4.68526138448238313E-04 2.12754695979208811E-04 3.00793213726758017E-04 3.22621206906984533E-04
8.84267906E-02 1.24859253447064916E-01 4.68603075940206705E-04 1.56459528570728216E-04 3.00885576083062631E-04 3.22688818186703458E-04
1.03175006E-01 1.24848724072051109E-01 4.68701200933983994E-04 8.31163285449256081E-05 3.00991391966333108E-04 3.22776923415043148E-04
1.17926227E-01 1.24838183508646824E-01 4.68820523052219484E-04 -7.22046179311603626E-06 3.01109753068029519E-04 3.22885654128495262E-04
1.32679163E-01 1.24827630910972848E-01 4.68961052076833620E-04 -1.14490986796146962E-04 3.01239822327527328E-04 3.23015157443313496E-04
1.47434321E-01 1.24817064849078826E-01 4.69122818003332156E-04 -2.38634105522555394E-04 3.01380856361232650E-04 3.23165612292810190E-04
1.62192208E-01 1.24806484134003415E-01 4.69305858613050552E-04 -3.79584006531754877E-04 3.01532199014352550E-04 3.23337217150868614E-04
1.76953327E-01 1.24795887663722821E-01 4.69510218865776545E-04 -5.37270364546329387E-04 3.01693274289115522E-04 3.23530188668465549E-04
1.91718179E-01 1.24785274370917271E-01 4.69735950669841068E-04 -7.11618192788615600E-04 3.01863573585716826E-04 3.23744760817919240E-04
2.06487261E-01 1.24774643204863298E-01 4.69983112776091244E-04 -9.02547796973233465E-04 3.02042644180003806E-04 3.23981184232866688E-04
2.21261067E-01 1.24763993124834049E-01 4.70251770711231523E-04 -1.10997468309582460E-03 3.02230080583973262E-04 3.24239725634045618E-04
2.36040083E-01 1.24753323097427773E-01 4.70541996722506661E-04 -1.33380944188430501E-03 3.02425518479401060E-04 3.24520667300340218E-04
2.50824794E-01 1.24742632095283384E-01 4.70853869724600633E-04 -1.57395761926272049E-03 3.02628630684307611E-04 3.24824306568920022E-04
2.65615675E-01 1.24731919096304614E-01 4.71187475245894315E-04 -1.83031957492888419E-03 3.02839124492809404E-04 3.25150955357383497E-04
2.80413198E-01 1.24721183083092171E-01 4.71542905373413535E-04 -2.10279033261430307E-03 3.03056738569786120E-04 3.25500939704649053E-04
2.95217827E-01 1.24710423042472096E-01 4.71920258696435714E-04 -2.39125942039945631E-03 3.03281234738269050E-04 3.25874599328806829E-04
3.10030017E-01 1.24699637965074953E-01 4.72319640248933096E-04 -2.69561070369190095E-03 3.03512380670392917E-04 3.26272287197418146E-04
3.24848705E-01 1.24688827950530837E-01 4.72741117274466606E-04 -3.01568979382505582E-03 3.03749909503358716E-04 3.26694324739121159E-04
3.39673422E-01 1.24677992668323245E-01 4.73184772857988790E-04 -3.35134274156884083E-03 3.03993555858314579E-04 3.27141054379355325E-04
3.54504632E-01 1.24667131106689325E-01 4.73650721116221742E-04 -3.70242795312039370E-03 3.04243079120891365E-04 3.27612854834821872E-04
3.69342792E-01 1.24656242256057093E-01 4.74139082492100927E-04 -4.06879836113353734E-03 3.04498259086718223E-04 3.28110116200076472E-04
3.84188349E-01 1.24645325108902486E-01 4.74649983688392463E-04 -4.45030074669693857E-03 3.04758897589801881E-04 3.28633239512735975E-04
3.99041746E-01 1.24634378659558495E-01 4.75183557599512089E-04 -4.84677542094426230E-03 3.05024816755881012E-04 3.29182636328224617E-04
4.13903413E-01 1.24623401904022324E-01 4.75739943242016808E-04 -5.25805601895117970E-03 3.05295856945859241E-04 3.29758728301969930E-04
4.28773774E-01 1.24612393839751548E-01 4.76319285683902375E-04 -5.68396929008770698E-03 3.05571875266464048E-04 3.30361946777307314E-04
4.43653242E-01 1.24601353465470077E-01 4.76921735972694947E-04 -6.12433488178723475E-03 3.05852744747295909E-04 3.30992732377827822E-04
4.58542223E-01 1.24590279780974769E-01 4.77547451062158856E-04 -6.57896512028471533E-03 3.06138354046021140E-04 3.31651534603449644E-04
4.73441110E-01 1.24579171786959556E-01 4.78196593737436617E-04 -7.04766478518299103E-03 3.06428607150676172E-04 3.32338811429847415E-04
4.88350290E-01 1.24568028484849075E-01 4.78869332538355886E-04 -7.53023088107096419E-03 3.06723421524230950E-04 3.33055028911263102E-04
5.03270138E-01 1.24556848876648044E-01 4.79565841680627315E-04 -8.02645240488126209E-03 3.07022722140049529E-04 3.33800660786078181E-04
5.18201017E-01 1.24545631964813344E-01 4.80286300974573188E-04 -8.53611010864234986E-03 3.07326431624679809E-04 3.34576188081766907E-04
5.33143281E-01 1.24534376752146042E-01 4.81030895740870604E-04 -9.05897626065969505E-03 3.07634464043399561E-04 3.35382098712506439E-04
5.48096438E-01 1.24523082874689633E-01 4.81799773014413262E-04 -9.59478472782176149E-03 3.07946711292339395E-04 3.36218839369046489E-04
5.63059675E-01 1.24511750207466534E-01 4.82593063347309676E-04 -1.01432460160954478E-02 3.08263062297418390E-04 3.37086837825512152E-04
5.78033357E-01 1.24500377733830728E-01 4.83410960852501169E-04 -1.07041015336967540E-02 3.08583440853595189E-04 3.37986590270758567E-04
5.93017836E-01 1.24488964436923380E-01 4.84253664986930674E-04 -1.12770844391179154E-02 3.08907783256826072E-04 3.38918598162559045E-04
6.08013455E-01 1.24477509299619038E-01 4.85121380456646797E-04 -1.18619187051712434E-02 3.09236038144148652E-04 3.39883367824137114E-04
6.23020542E-01 1.24466011304492127E-01 4.86014317118126896E-04 -1.24583187694227958E-02 3.09568165815230932E-04 3.40881410042033278E-04
6.38039417E-01 1.24454469433801229E-01 4.86932689876221070E-04 -1.30659892941312385E-02 3.09904137564484604E-04 3.41913239665250811E-04
6.53070385E-01 1.24442882669480628E-01 4.87876718578966284E-04 -1.36846249305001191E-02 3.10243935009599020E-04 3.42979375205868257E-04
6.68113742E-01 1.24431249993140897E-01 4.88846627909545243E-04 -1.43139100858582623E-02 3.10587549145862544E-04 3.44080338441565381E-04
6.83169767E-01 1.24419570386063313E-01 4.89842647275691477E-04 -1.49535186953195492E-02 3.10934978753235212E-04 3.45216654020494686E-04
6.98238729E-01 1.24407842829195495E-01 4.90865010696825204E-04 -1.56031139995673491E-02 3.11286227958292136E-04 3.46388849068557316E-04
7.13320885E-01 1.24396066303138611E-01 4.91913956689205359E-04 -1.62623483305734014E-02 3.11641303375434400E-04 3.47597452798401475E-04
7.28416476E-01 1.24384239788133524E-01 4.92989728149239789E-04 -1.69308629046924022E-02 3.12000211998797363E-04 3.48842996118905438E-04
7.43525733E-01 1.24372362264038416E-01 4.94092572235069021E-04 -1.76082876256914815E-02 3.12362960965514955E-04 3.50126011244377474E-04
7.58648870E-01 1.24360432710304974E-01 4.95222740246538894E-04 -1.82942408999457809E-02 3.12729559160804173E-04 3.51447031304178770E-04
7.73786090E-01 1.24348450105949554E-01 4.96380487503687417E-04 -1.89883294624192227E-02 3.13100019533889176E-04 3.52806589955005525E-04
7.88937581E-01 1.24336413429511905E-01 4.97566073223927314E-04 -1.96901482176399453E-02 3.13474360987505730E-04 3.54205220998492416E-04
8.04103519E-01 1.24324321659008391E-01 4.98779760398012327E-04 -2.03992800930404110E-02 3.13852609394906000E-04 3.55643458006261385E-04
8.19284064E-01 1.24312173771875159E-01 5.00021815664788765E-04 -2.11152959113499183E-02 3.14234797837410057E-04 3.57121833953710083E-04
8.34479364E-01 1.24299968744906147E-01 5.01292509184544759E-04 -2.18377542765220249E-02 3.14620966306330518E-04 3.58640880863204340E-04
8.49689009E-01 1.24287705993044922E-01 5.02592067567384144E-04 -2.25661756821887924E-02 3.15011147057798308E-04 3.60201072979510662E-04
8.64912531E-01 1.24275384973534700E-01 5.03920712724934450E-04 -2.33000650704528883E-02 3.15405376092895426E-04 3.61802872353893322E-04
8.80150087E-01 1.24263004629785845E-01 5.05278722908869440E-04 -2.40389451448339425E-02 3.15803710166757945E-04 3.63446802559289658E-04
8.95401821E-01 1.24250563904402395E-01 5.06666379621128387E-04 -2.47823268110546509E-02 3.16206209753070735E-04 3.65133385214178768E-04
9.10667863E-01 1.24238061739066596E-01 5.08083967477928927E-04 -2.55297087407098736E-02 3.16612938398012748E-04 3.66863139686654754E-04
9.25948327E-01 1.24225497074460192E-01 5.09531774071181093E-04 -2.62805773858310471E-02 3.17023962357846885E-04 3.68636582808956300E-04
9.41243316E-01 1.24212868850211058E-01 5.11010089827208173E-04 -2.70344070093805622E-02 3.17439350525244499E-04 3.70454228603161833E-04
9.56552918E-01 1.24200176004848825E-01 5.12519207862487873E-04 -2.77906597476133554E-02 3.17859174566059884E-04 3.72316588018941459E-04
9.71877206E-01 1.24187417475773262E-01 5.14059423836126330E-04 -2.85487856967367309E-02 3.18283509142871189E-04 3.74224168684407737E-04
9.87216240E-01 1.24174592199226344E-01 5.15631035798857270E-04 -2.93082230338915228E-02 3.18712432107539332E-04 3.76177474671312673E-04
1.00257007E+00 1.24161699110281576E-01 5.17234344038424473E-04 -3.00683981660358618E-02 3.19146024586292011E-04 3.78177006275915817E-04
1.01793872E+00 1.24148737142830493E-01 5.18869650921365022E-04 -3.08287259147106384E-02 3.19584370930814908E-04 3.80223259816839492E-04
1.03332221E+00 1.24135705229580603E-01 5.20537260731284823E-04 -3.15886097321520579E-02 3.20027558548593950E-04 3.82316727451322653E-04
1.04872055E+00 1.24122602302055421E-01 5.22237479503842496E-04 -3.23474419569901722E-02 3.20475677648649512E-04 3.84457897011264253E-04
1.06413373E+00 1.24109427290590116E-01 5.23970614858785969E-04 -3.31046041032459076E-02 3.20928820946266480E-04 3.86647251860590272E-04
1.07956172E+00 1.24096179124328798E-01 5.25736975829405625E-04 -3.38594671906419578E-02 3.21387083366401365E-04 3.88885270775534482E-04
1.09500450E+00 1.24082856731211319E-01 5.27536872689886283E-04 -3.46113921128498522E-02 3.21850561774234597E-04 3.91172427849571433E-04
1.11046200E+00 1.24069459037952870E-01 5.29370616781002284E-04 -3.53597300488519631E-02 3.22319354747016811E-04 3.93509192424787153E-04
1.12593417E+00 1.24055984970007707E-01 5.31238520334605005E-04 -3.61038229120533086E-02 3.22793562387537240E-04 3.95896029051544230E-04
1.14142093E+00 1.24042433451522771E-01 5.33140896297329956E-04 -3.68430038483487030E-02 3.23273286169393147E-04 3.98333397478294645E-04
1.15692219E+00 1.24028803405270727E-01 5.35078058153815668E-04 -3.75765977693395467E-02 3.23758628799303044E-04 4.00821752673270976E-04
1.17243784E+00 1.24015093752568348E-01 5.37050319749663341E-04 -3.83039219365600841E-02 3.24249694081915347E-04 4.03361544879701555E-04
1.18796779E+00 1.24001303413176389E-01 5.39057995114286992E-04 -3.90242865844333611E-02 3.24746586776403559E-04 4.05953219705955815E-04
1.20351188E+00 1.23987431305185622E-01 5.41101398283600323E-04 -3.97369955899835384E-02 3.25249412439579074E-04 4.08597218251863161E-04
1.21907000E+00 1.23973476344887215E-01 5.43180843122502356E-04 -4.04413471834347837E-02 3.25758277255335058E-04 4.11293977272169677E-04
1.23464198E+00 1.23959437446629461E-01 5.45296643146952163E-04 -4.11366347044466174E-02 3.26273287853789224E-04 4.14043929377959255E-04
1.25022766E+00 1.23945313522665621E-01 5.47449111345435675E-04 -4.18221473982241659E-02 3.26794551125049232E-04 4.16847503276670205E-04
1.26582687E+00 1.23931103482992147E-01 5.49638559999576087E-04 -4.24971712554453249E-02 3.27322174032289618E-04 4.19705124051211829E-04
1.28143943E+00 1.23916806235177812E-01 5.51865300503686729E-04 -4.31609898897334990E-02 3.27856263427474292E-04 4.22617213478663589E-04
1.29706513E+00 1.23902420684191911E-01 5.54129643183129037E-04 -4.38128854575527138E-02 3.28396925871249899E-04 4.25584190388954612E-04
1.31270377E+00 1.23887945732221283E-01 5.56431897111412093E-04 -4.44521396123931448E-02 3.28944267456934760E-04 4.28606471063996183E-04
1.32835514E+00 1.23873380278484532E-01 5.58772369926137055E-04 -4.50780344970522287E-02 3.29498393637527422E-04 4.31684469677722220E-04
1.34401900E+00 1.23858723219038111E-01 5.61151367643976861E-04 -4.56898537698700591E-02 3.30059409054336958E-04 4.34818598777591159E-04
1.35969513E+00 1.23843973446573538E-01 5.63569194475087602E-04 -4.62868836607793974E-02 3.30627417366067872E-04 4.38009269808127338E-04
1.37538328E+00 1.23829129850203334E-01 5.66026152637446700E-04 -4.68684140598970359E-02 3.31202521077760806E-04 4.41256893677103299E-04
1.39108320E+00 1.23814191315232289E-01 5.68522542171756291E-04 -4.74337396312046189E-02 3.31784821369606180E-04 4.44561881365009351E-04
1.40679462E+00 1.23799156722911183E-01 5.71058660757678329E-04 -4.79821609507684460E-02 3.32374417926100546E-04 4.47924644578362138E-04
1.42251727E+00 1.23784024950167645E-01 5.73634803532155476E-04 -4.85129856661338163E-02 3.32971408766274675E-04 4.51345596447363365E-04
1.43825088E+00 1.23768794869314913E-01 5.76251262910722119E-04 -4.90255296745230884E-02 3.33575890075707925E-04 4.54825152268254385E-04
1.45399516E+00 1.23753465347732156E-01 5.78908328412575178E-04 -4.95191183118530304E-02 3.34187956040925521E-04 4.58363730290506659E-04
1.46974982E+00 1.23738035247514172E-01 5.81606286490210056E-04 -4.99930875572567671E-02 3.34807698686567052E-04 4.61961752548768951E-04
1.48551457E+00 1.23722503425092320E-01 5.84345420364318878E-04 -5.04467852381131551E-02 3.35435207715536641E-04 4.65619645739133513E-04
1.50128909E+00 1.23706868730817890E-01 5.87126009864542332E-04 -5.08795722416290480E-02 3.36070570352261350E-04 4.69337842139024594E-04
1.51707309E+00 1.23691130008519556E-01 5.89948331276565286E-04 -5.12908237202799808E-02 3.36713871189138231E-04 4.73116780569618803E-04
1.53286625E+00 1.23675286095022888E-01 5.92812657195933052E-04 -5.16799302939063357E-02 3.37365192036296268E-04 4.76956907399362848E-04
1.54866824E+00 1.23659335819642224E-01 5.95719256388848391E-04 -5.20462992373521283E-02 3.38024611774838119E-04 4.80858677586871671E-04
1.56447876E+00 1.23643278003640278E-01 5.98668393660141927E-04 -5.23893556546483341E-02 3.38692206213788642E-04 4.84822555761135559E-04
1.58029747E+00 1.23627111459663860E-01 6.01660329728573610E-04 -5.27085436305453833E-02 3.39368047950996303E-04 4.88849017336785404E-04
1.59612404E+00 1.23610834991146765E-01 6.04695321109568551E-04 -5.30033273607822888E-02 3.40052206238250032E-04 4.92938549661957499E-04
1.61195815E+00 1.23594447391694451E-01 6.07773620005570793E-04 -5.32731922485583653E-02 3.40744746850890189E-04 4.97091653196193601E-04
1.62779947E+00 1.23577947444440714E-01 6.10895474204247563E-04 -5.35176459688520498E-02 3.41445731962157452E-04 5.01308842715776507E-04
1.64364767E+00 1.23561333921382271E-01 6.14061126984841534E-04 -5.37362194893906825E-02 3.42155220022618797E-04 5.05590648543935125E-04
1.65950241E+00 1.23544605582691092E-01 6.17270817033162863E-04 -5.39284680421451695E-02 3.42873265644948850E-04 5.09937617803381499E-04
1.67536336E+00 1.23527761175999506E-01 6.20524778365808124E-04 -5.40939720381495917E-02 3.43599919494500222E-04 5.14350315688853212E-04
1.69123019E+00 1.23510799435665022E-01 6.23823240264358993E-04 -5.42323379155816090E-02 3.44335228186058349E-04 5.18829326757381517E-04
1.70710258E+00 1.23493719082000311E-01 6.27166427220464699E-04 -5.43431989083138223E-02 3.45079234187311288E-04 5.23375256234258281E-04
1.72298019E+00 1.23476518820479386E-01 6.30554558892802448E-04 -5.44262156804167993E-02 3.45831975729557755E-04 5.27988731332783138E-04
1.73886270E+00 1.23459197340905269E-01 6.33987850077041230E-04 -5.44810764979088563E-02 3.46593486726238923E-04 5.32670402586050279E-04
1.75474980E+00 1.23441753316544639E-01 6.37466510689954895E-04 -5.45074932673276988E-02 3.47363796699891607E-04 5.37420945189225757E-04
1.77064116E+00 1.23424185403221892E-01 6.40990745768775213E-04 -5.45055152673483215E-02 3.48142930718360253E-04 5.42241060345785824E-04
1.78653647E+00 1.23406492238387941E-01 6.44560755487488942E-04 -5.44737853301708319E-02 3.48930909339510546E-04 5.47131476647179371E-04
1.80243543E+00 1.23388672440051431E-01 6.48176735189265351E-04 -5.44138449461724558E-02 3.49727748568730149E-04 5.52092951397912613E-04
1.81833774E+00 1.23370724605866580E-01 6.51838875439399753E-04 -5.43242529731424867E-02 3.50533459824227997E-04 5.57126272021248536E-04
1.83424309E+00 1.23352647311940330E-01 6.55547362095580438E-04 -5.42053140653435198E-02 3.51348049915710262E-04 5.62232257413751955E-04
1.85015121E+00 1.23334439111741523E-01 6.59302376399068663E-04 -5.40568822822958539E-02 3.52171521034341187E-04 5.67411759322038276E-04
1.86606181E+00 1.23316098534908117E-01 6.63104095085855719E-04 -5.38788880467942072E-02 3.53003870755181455E-04 5.72665663716205565E-04
1.88197463E+00 1.23297624086019589E-01 6.66952690518500839E-04 -5.36712944082329627E-02 3.53845092052510943E-04 5.77994892161966668E-04
1.89788940E+00 1.23279014243319038E-01 6.70848330838735353E-04 -5.34340957075629119E-02 3.54695173328467984E-04 5.83400403189984307E-04
1.91380587E+00 1.23260267457392297E-01 6.74791180140900783E-04 -5.31673173020353537E-02 3.55554098455375801E-04 5.88883193661166428E-04
1.92972380E+00 1.23241382149805914E-01 6.78781398666146907E-04 -5.28710153339483208E-02 3.56421846832110072E-04 5.94444300126821686E-04
1.94564296E+00 1.23222356711700884E-01 6.82819143017327781E-04 -5.25452764316961113E-02 3.57298393454827943E-04 6.00084800182811040E-04
1.96156314E+00 1.23203189502350485E-01 6.86904566394469745E-04 -5.21902173350270934E-02 3.58183709002346399E-04 6.05805813817135810E-04
1.97748412E+00 1.23183878847674344E-01 6.91037818850731827E-04 -5.18059844501129740E-02 3.59077759936431238E-04 6.11608504750734078E-04
1.99340573E+00 1.23164423038719814E-01 6.95219047568827199E-04 -5.13927533342586618E-02 3.59980508617251268E-04 6.17494081771659872E-04
2.00932777E+00 1.23144820330101226E-01 6.99448397157920133E-04 -5.09507281149833985E-02 3.60891913434178892E-04 6.23463800063237439E-04
2.02525009E+00 1.23125068938401305E-01 7.03726009971109988E-04 -5.04801019467851775E-02 3.61811928951182005E-04 6.29518962531955533E-04
2.04117254E+00 1.23105167040539643E-01 7.08052026443679633E-04 -4.99812592773006478E-02 3.62740506072695265E-04 6.35660921108136944E-04
2.05709499E+00 1.23085112772074623E-01 7.12426585452097770E-04 -4.94543416145773601E-02 3.63677592215638529E-04 6.41891078091677992E-04
2.07301732E+00 1.23064904225500538E-01 7.16849824694525432E-04 -4.88997286175597706E-02 3.64623131506787456E-04 6.48210887451868912E-04
2.08893944E+00 1.23044539448470630E-01 7.21321881092495325E-04 -4.83177464820170044E-02 3.65577064991053243E-04 6.54621856153122443E-04
2.10486125E+00 1.23024016441981160E-01 7.25842891214253960E-04 -4.77087550371981320E-02 3.66539330856262128E-04 6.61125545481848422E-04
2.12078269E+00 1.23003333158506242E-01 7.30412991719775039E-04 -4.70731373429418495E-02 3.67509864673206321E-04 6.67723572381956126E-04
2.13670373E+00 1.22982487500080451E-01 7.35032319827461219E-04 -4.64112984676828613E-02 3.68488599650582810E-04 6.74417610802094739E-04
2.15262432E+00 1.22961477316329823E-01 7.39701013802332593E-04 -4.57236644777853848E-02 3.69475466904303220E-04 6.81209393057680807E-04
2.16854447E+00 1.22940300402448133E-01 7.44419213465383461E-04 -4.50106814145440765E-02 3.70470395740526580E-04 6.88100711210893755E-04
2.18446418E+00 1.22918954497119842E-01 7.49187060723550003E-04 -4.42728142532854627E-02 3.71473313951620112E-04 6.95093418471658727E-04
2.20038348E+00 1.22897437280391097E-01 7.54004700119588998E-04 -4.35105458435796136E-02 3.72484148124093794E-04 7.02189430622692542E-04
2.21630243E+00 1.22875746371486613E-01 7.58872279400929321E-04 -4.27243758441944732E-02 3.73502823957449093E-04 7.09390727471501939E-04
2.23222109E+00 1.22853879326574877E-01 7.63789950106465469E-04 -4.19148196474265905E-02 3.74529266592672706E-04 7.16699354332223722E-04
2.24813955E+00 1.22831833636486421E-01 7.68757868170028827E-04 -4.10824073071000759E-02 3.75563400949034752E-04 7.24117423540050396E-04
2.26405794E+00 1.22809606724380960E-01 7.73776194539290492E-04 -4.02276824648497844E-02 3.76605152067676177E-04 7.31647116001054123E-04
2.27997638E+00 1.22787195943371272E-01 7.78845095808652584E-04 -3.93512012877189066E-02 3.77654445460353608E-04 7.39290682780113133E-04
2.29589504E+00 1.22764598574100312E-01 7.83964744864798263E-04 -3.84535314140423135E-02 3.78711207461620203E-04 7.47050446729778357E-04
2.31181408E+00 1.22741811822276364E-01 7.89135321543472240E-04 -3.75352509164750339E-02 3.79775365582597129E-04 7.54928804162934681E-04
2.32773371E+00 1.22718832816166287E-01 7.94357013296200822E-04 -3.65969472818151176E-02 3.80846848864395339E-04 7.62928226572308181E-04
2.34365416E+00 1.22695658604044952E-01 7.99630015865711264E-04 -3.56392164139422707E-02 3.81925588229199697E-04 7.71051262400011686E-04
2.35957566E+00 1.22672274054860475E-01 8.04954123363488890E-04 -3.46579584476244124E-02 3.83011455494485713E-04 7.79299858007552601E-04
2.37549848E+00 1.22648683708377948E-01 8.10329802969296130E-04 -3.36633016474285410E-02 3.84104425665205416E-04 7.87677128589638910E-04
2.39142292E+00 1.22624887053781315E-01 8.15757370969630085E-04 -3.26511118128109817E-02 3.85204452311130221E-04 7.96186007779088839E-04
2.40734928E+00 1.22600881693446739E-01 8.21237094766130216E-04 -3.16219539173102013E-02 3.86311482627480103E-04 8.04829417549295014E-04
2.42327789E+00 1.22576664539680941E-01 8.26769232858596864E-04 -3.05764512921528064E-02 3.87425463974248288E-04 8.13610333425535538E-04
2.43920850E+00 1.22552233162092045E-01 8.32353831362068791E-04 -2.95152708887141749E-02 3.88546302718494182E-04 8.22531459319641067E-04
2.45514021E+00 1.22527585978888132E-01 8.37990714868901208E-04 -2.84391266716044269E-02 3.89673863098594488E-04 8.31595202179870470E-04
2.47107338E+00 1.22502719488042228E-01 8.43680131671056084E-04 -2.73486579317801619E-02 3.90808096482360651E-04 8.40804707769478234E-04
2.48700835E+00 1.22477630078525843E-01 8.49422343967423839E-04 -2.62445038713464834E-02 3.91948958780664707E-04 8.50163213369292963E-04
2.50294550E+00 1.22452314032220011E-01 8.55217628838377333E-04 -2.51273030389074468E-02 3.93096410696718664E-04 8.59674050518657667E-04
2.51888525E+00 1.22426767522416866E-01 8.61066279077350705E-04 -2.39976930865778842E-02 3.94250417922880887E-04 8.69340647635913886E-04
2.53482801E+00 1.22400986611146081E-01 8.66968603971502230E-04 -2.28563101624369262E-02 3.95410951298778748E-04 8.79166532667013923E-04
2.55077422E+00 1.22374967246062963E-01 8.72924930062579760E-04 -2.17037883440040526E-02 3.96577986934213561E-04 8.89155335816847509E-04
2.56672436E+00 1.22348705257141949E-01 8.78935601898209293E-04 -2.05407591086211663E-02 3.97751506296766943E-04 8.99310792386125092E-04
2.58267890E+00 1.22322196353256307E-01 8.85000982776669985E-04 -1.93678508497295739E-02 3.98931496262927988E-04 9.09636745725718172E-04
2.59863835E+00 1.22295436118669804E-01 8.91121455485786493E-04 -1.81856884284887534E-02 4.00117949131249795E-04 9.20137150316948358E-04
2.61460323E+00 1.22268420009445586E-01 8.97297423035642782E-04 -1.69948927698936811E-02 4.01310862595984162E-04 9.30816074985151877E-04
2.63057410E+00 1.22241143349767975E-01 9.03529309384642175E-04 -1.57960804923140997E-02 4.02510239679621602E-04 9.41677706253721985E-04
2.64655150E+00 1.22213601328183818E-01 9.09817560158222263E-04 -1.45898635808452398E-02 4.03716088622707082E-04 9.52726351845879890E-04
2.66253580E+00 1.22185789378391099E-01 9.16162555661685814E-04 -1.33768657275347442E-02 4.04928406004031538E-04 9.63966288338671102E-04
2.67852522E+00 1.22157706623727200E-01 9.22563826492992368E-04 -1.21578702111859761E-02 4.06147027662403007E-04 9.75400350162587042E-04
2.69452033E+00 1.22129348026034507E-01 9.29021844723246356E-04 -1.09334795633327098E-02 4.07371970457633429E-04 9.87033105831977087E-04
2.71052171E+00 1.22100708397700514E-01 9.35537106903833182E-04 -9.70428967359066724E-03 4.08603255679196081E-04 9.98869256076181846E-04
2.72652998E+00 1.22071782397873807E-01 9.42110134811998713E-04 -8.47088944082680963E-03 4.09840908707575894E-04 1.01091363816201217E-03
2.74254577E+00 1.22042564528310346E-01 9.48741476145177880E-04 -7.23386109031554786E-03 4.11084958615973368E-04 1.02317123035055072E-03
2.75856972E+00 1.22013049129045079E-01 9.55431705187589496E-04 -5.99378006601153802E-03 4.12335437717762700E-04 1.03564715653002549E-03
2.77460249E+00 1.21983230373933757E-01 9.62181423456791004E-04 -4.75121494563706358E-03 4.13592381063456838E-04 1.04834669104158867E-03
2.79064474E+00 1.21953102266083691E-01 9.68991260332610605E-04 -3.50672738570158944E-03 4.14855825891248618E-04 1.06127526370584382E-03
2.80669718E+00 1.21922658633181871E-01 9.75861873668965041E-04 -2.26087208740722136E-03 4.16125811035633771E-04 1.07443846505422499E-03
2.82276050E+00 1.21891893122718920E-01 9.82793950388519870E-04 -1.01419678735491367E-03 4.17402376298413639E-04 1.08784205176782754E-03
2.83883542E+00 1.21860799197105518E-01 9.89788207059899301E-04 2.32757734560079153E-04 4.18685561785188864E-04 1.10149195232615263E-03
2.85492093E+00 1.21829373557729936E-01 9.96844621419308574E-04 1.47932244618359673E-03 4.19975266922768668E-04 1.11539275069326015E-03
2.87101642E+00 1.21797612025751761E-01 1.00396336144119910E-03 2.72486812406055054E-03 4.21271421137690177E-04 1.12954947518585343E-03
2.88712263E+00 1.21765507702570164E-01 1.01114519439825289E-03 3.96887477921471516E-03 4.22574056513005264E-04 1.14396844165807273E-03
2.90324031E+00 1.21733053486052137E-01 1.01839091956036393E-03 5.21083006246076882E-03 4.23883202636553323E-04 1.15865615684390775E-03
2.91937021E+00 1.21700242065720596E-01 1.02570136871600842E-03 6.45022920669181387E-03 4.25198885792327512E-04 1.17361932496474943E-03
2.93551310E+00 1.21667065917544059E-01 1.03307740663283296E-03 7.68657481650931139E-03 4.26521128130467571E-04 1.18886485444028717E-03
2.95166976E+00 1.21633517298529864E-01 1.04051993148148131E-03 8.91937674462086466E-03 4.27849946842996263E-04 1.20439986471744748E-03
2.96784098E+00 1.21599588241182791E-01 1.04802987523083552E-03 1.01481519644163309E-02 4.29185353377788896E-04 1.22023169319744108E-03
2.98402755E+00 1.21565270547851628E-01 1.05560820401733426E-03 1.13724244315185664E-02 4.30527352726111224E-04 1.23636790222823607E-03
3.00023027E+00 1.21530555784970476E-01 1.06325591848892916E-03 1.25917249474840568E-02 4.31875942814775708E-04 1.25281628612710868E-03
3.01644923E+00 1.21495436847597102E-01 1.07097370955720316E-03 1.38055369638568747E-02 4.33231053655605146E-04 1.26958412575376074E-03
3.03268262E+00 1.21459910672530147E-01 1.07876136816730038E-03 1.50132090171156956E-02 4.34592445318947545E-04 1.28667685409563585E-03
3.04893125E+00 1.21423968322682471E-01 1.08661996143979912E-03 1.62142973067345465E-02 4.35960089186167613E-04 1.30410280534020936E-03
3.06519596E+00 1.21387600603367687E-01 1.09455059220246948E-03 1.74083644319229201E-02 4.37333948495960195E-04 1.32187056642355037E-03
3.08147759E+00 1.21350798057156872E-01 1.10255439924123724E-03 1.85949797735816061E-02 4.38713978125099551E-04 1.33998898364393873E-03
3.09777698E+00 1.21313550958061497E-01 1.11063255744480024E-03 1.97737193636382813E-02 4.40100124303541653E-04 1.35846716889549777E-03
3.11409497E+00 1.21275849305436084E-01 1.11878627788623407E-03 2.09441657156570690E-02 4.41492324267529963E-04 1.37731450550868779E-03
3.13043242E+00 1.21237682817717823E-01 1.12701680785539521E-03 2.21059076553914782E-02 4.42890505899673698E-04 1.39654065360197456E-03
3.14679019E+00 1.21199040926042542E-01 1.13532543084553651E-03 2.32585401588517697E-02 4.44294587456352740E-04 1.41615555481796338E-03
3.16316913E+00 1.21159912767762556E-01 1.14371346649302041E-03 2.44016641947427497E-02 4.45704477513687880E-04 1.43616943631463888E-03
3.17956856E+00 1.21120290932485927E-01 1.15218146994356990E-03 2.55347794448067891E-02 4.47119941825848213E-04 1.45659087289899572E-03
3.19598736E+00 1.21080168966004292E-01 1.16072977399563635E-03 2.66573660398903602E-02 4.48540697702845678E-04 1.47742801351991742E-03
3.21242641E+00 1.21039535343076196E-01 1.16935976958194702E-03 2.77690525643137405E-02 4.49966627405504551E-04 1.49869171787594783E-03
3.22888659E+00 1.20998378222130859E-01 1.17807288280605857E-03 2.88694726310000926E-02 4.51397606981811901E-04 1.52039312899772362E-03
3.24536878E+00 1.20956685439590969E-01 1.18687057461172563E-03 2.99582654452055716E-02 4.52833507473152617E-04 1.54254367187151627E-03
3.26187388E+00 1.20914444503559940E-01 1.19575434030258694E-03 3.10350758417863061E-02 4.54274195976617212E-04 1.56515505041814485E-03
3.27840278E+00 1.20871642587257647E-01 1.20472570895575719E-03 3.20995541363219422E-02 4.55719536515050640E-04 1.58823924268811198E-03
3.29495634E+00 1.20828266522345865E-01 1.21378624274334919E-03 3.31513559833548632E-02 4.57169390759076843E-04 1.61180849402475638E-03
3.31153547E+00 1.20784302792201273E-01 1.22293753616573497E-03 3.41901422404750216E-02 4.58623618711362271E-04 1.63587530791459027E-03
3.32814104E+00 1.20739737525183091E-01 1.23218121519623339E-03 3.52155788410650622E-02 4.60082079478829121E-04 1.66045243425644328E-03
3.34477051E+00 1.20694565874635576E-01 1.24151700029458589E-03 3.62271261552243248E-02 4.61544330155963804E-04 1.68554762146221298E-03
3.36142457E+00 1.20648774057831393E-01 1.25094643141191115E-03 3.72244618494212073E-02 4.63010215351433165E-04 1.71117349348932370E-03
3.37810414E+00 1.20602347385165426E-01 1.26047118815011397E-03 3.82072796590522887E-02 4.64479600150426110E-04 1.73734315428197036E-03
3.39481013E+00 1.20555270793224256E-01 1.27009297682327028E-03 3.91752775674825832E-02 4.65952353743235822E-04 1.76406986833971746E-03
3.41154343E+00 1.20507528839492617E-01 1.27981352915298909E-03 4.01281583059497557E-02 4.67428350711313544E-04 1.79136703317649094E-03
3.42830495E+00 1.20459105696966301E-01 1.28963460084720056E-03 4.10656292670531289E-02 4.68907472254053803E-04 1.81924814782733705E-03
3.44509559E+00 1.20409985148930629E-01 1.29955797010545670E-03 4.19874023871604843E-02 4.70389607402706459E-04 1.84772677716254314E-03
3.46191623E+00 1.20360150584038192E-01 1.30958543607915612E-03 4.28931940428338987E-02 4.71874654306424853E-04 1.87681651174510800E-03
3.47876777E+00 1.20309584991775340E-01 1.31971881731081484E-03 4.37827249470943911E-02 4.73362521667075760E-04 1.90653092301609024E-03
3.49564894E+00 1.20258277501934921E-01 1.32995864705314133E-03 4.46556080997126612E-02 4.74852941551162557E-04 1.93687963007410147E-03
3.51255913E+00 1.20206215226567742E-01 1.34030581676663693E-03 4.55115042485935567E-02 4.76345715690464772E-04 1.96787299350978254E-03
3.52949924E+00 1.20153380256614456E-01 1.35076216032904012E-03 4.63501627721141021E-02 4.77840798316516888E-04 1.99952389267391527E-03
3.54647018E+00 1.20099754280368828E-01 1.36132952441510909E-03 4.71713356096812864E-02 4.79338160748554872E-04 2.03184495519239403E-03
3.56347286E+00 1.20045318583143337E-01 1.37200976727971068E-03 4.79747783837865469E-02 4.80837792559293928E-04 2.06484849001874670E-03
3.58050818E+00 1.19990054047134392E-01 1.38280475761455579E-03 4.87602506614237888E-02 4.82339702415335563E-04 2.09854641630087633E-03
3.59757703E+00 1.19933941151933746E-01 1.39371637355893306E-03 4.95275158944230159E-02 4.83843918684815038E-04 2.13295018843739264E-03
3.61468029E+00 1.19876959975898256E-01 1.40474650191510443E-03 5.02763413733026687E-02 4.85350489969125988E-04 2.16807071770753817E-03
3.63181885E+00 1.19819090198492462E-01 1.41589703760688478E-03 5.10064981980614326E-02 4.86859485723777627E-04 2.20391829094041328E-03
3.64899265E+00 1.19760314332463119E-01 1.42716926563454588E-03 5.17177217281487925E-02 4.88370914658531980E-04 2.24050047179324106E-03
3.66619982E+00 1.19700620923532411E-01 1.43856326766327730E-03 5.24096832846896524E-02 4.89884651118899141E-04 2.27781996956663395E-03
3.68344128E+00 1.19639988845369902E-01 1.45008092977731273E-03 5.30821838139733798E-02 4.91400837404197977E-04 2.31588436579346999E-03
3.70071793E+00 1.19578396603804121E-01 1.46172414627710303E-03 5.37350254947488032E-02 4.92919640662811838E-04 2.35470027978758670E-03
3.71803067E+00 1.19515822346434528E-01 1.47349482077467077E-03 5.43680136476914211E-02 4.94441253911044511E-04 2.39427328556171895E-03
3.73538037E+00 1.19452243872485861E-01 1.48539486751976080E-03 5.49809575035470136E-02 4.95965896775237306E-04 2.43460783068631800E-03
3.75276793E+00 1.19387638643491820E-01 1.49742621298618256E-03 5.55736703042809602E-02 4.97493815917029146E-04 2.47570715813246519E-03
3.77019421E+00 1.19321983795005013E-01 1.50959079770150283E-03 5.61459694328264453E-02 4.99025285159016029E-04 2.51757323213150537E-03
3.78765986E+00 1.19255257034963646E-01 1.52189041546791433E-03 5.66976691014346931E-02 5.00560585144066059E-04 2.56020610251927322E-03
3.80516499E+00 1.19187437809305033E-01 1.53432650924585157E-03 5.72285735557256162E-02 5.02099978476505432E-04 2.60360310050018317E-03
3.82270654E+00 1.19118518034098259E-01 1.54689823373148827E-03 5.77384008470278320E-02 5.03643474060553199E-04 2.64775190873808549E-03
3.84022504E+00 1.19048716619830824E-01 1.55956370409419454E-03 5.82252781914084569E-02 5.05186138446246788E-04 2.69249291871242894E-03
3.85772345E+00 1.18978011907304754E-01 1.57232527782258532E-03 5.86894296506169505E-02 5.06728546228813934E-04 2.73781926666538146E-03
3.87520466E+00 1.18906382048918624E-01 1.58518532488433777E-03 5.91310106676530556E-02 5.08271282678332483E-04 2.78372295390026019E-03
3.89266599E+00 1.18833828093430433E-01 1.59814212957974460E-03 5.95500166762032643E-02 5.09814456644747224E-04 2.83018010742558303E-03
3.91009023E+00 1.18760413612568755E-01 1.61118298964791251E-03 5.99461303185946301E-02 5.11356902739527257E-04 2.87712580698134580E-03
3.92748056E+00 1.18686118923020986E-01 1.62431020367628212E-03 6.03196085443940960E-02 5.12899261917072811E-04 2.92454762783669843E-03
3.94484006E+00 1.18610924269004547E-01 1.63752608519416990E-03 6.06706790305694896E-02 5.14442175775120091E-04 2.97243230927734647E-03
3.96217176E+00 1.18534809801332602E-01 1.65083296967242403E-03 6.09995579263309176E-02 5.15986285480583471E-04 3.02076583467550831E-03
3.97947863E+00 1.18457755554239749E-01 1.66423321811846252E-03 6.13064562454463807E-02 5.17532230148450229E-04 3.06953351268223146E-03
3.99676362E+00 1.18379741427491469E-01 1.67772921756231645E-03 6.15915807142560986E-02 5.19080644838033011E-04 3.11872005815143089E-03
4.01402959E+00 1.18300747175799345E-01 1.69132337866425295E-03 6.18551346098406216E-02 5.20632158263670220E-04 3.16830967265505298E-03
4.03127942E+00 1.18220752405432214E-01 1.70501813066349824E-03 6.20973186245751818E-02 5.22187390285310167E-04 3.21828612498787844E-03
4.04851592E+00 1.18139736577089635E-01 1.71881591389599713E-03 6.23183317882991597E-02 5.23746949236500881E-04 3.26863283225637237E-03
4.06574188E+00 1.18057679013751429E-01 1.73271917011915875E-03 6.25183724705096477E-02 5.25311429155580849E-04 3.31933294214070175E-03
4.08296004E+00 1.17974558912064612E-01 1.74673033088721492E-03 6.26976394834775352E-02 5.26881406998741119E-04 3.37036941677771977E-03
4.10016227E+00 1.17890408856799231E-01 1.76084286295847387E-03 6.28562225936369345E-02 5.28456444549920594E-04 3.42169260661181899E-03
4.11733965E+00 1.17805268034457913E-01 1.77504927399316833E-03 6.29942729551490888E-02 5.30035993726269881E-04 3.47324980238163930E-03
4.13449517E+00 1.17719118134676892E-01 1.78935172198200392E-03 6.31120969579638258E-02 5.31620568127315384E-04 3.52502396004637439E-03
4.15163180E+00 1.17631940621064982E-01 1.80375231621258828E-03 6.32099881431095051E-02 5.33210654327012494E-04 3.57699847036732676E-03
4.16875252E+00 1.17543716753850391E-01 1.81825310233830161E-03 6.32882404671523402E-02 5.34806710391138684E-04 3.62915723713480879E-03
4.18586027E+00 1.17454427604128608E-01 1.83285604505213379E-03 6.33471501073702009E-02 5.36409164267553722E-04 3.68148474828792864E-03
4.20295800E+00 1.17364054068182483E-01 1.84756300907220022E-03 6.33870045716804914E-02 5.38018412213169006E-04 3.73396613914422871E-03
4.22004864E+00 1.17272576883914043E-01 1.86237573903062282E-03 6.34020968416321995E-02 5.39634817399892879E-04 3.78658724845921208E-03
4.23713510E+00 1.17179976649552972E-01 1.87729583874931562E-03 6.34116422746189012E-02 5.41258708794418097E-04 3.83933466763916511E-03
4.25422027E+00 1.17086233842154469E-01 1.89232475036827893E-03 6.34119662899903375E-02 5.42890380294319013E-04 3.89219578699944672E-03
4.27130703E+00 1.16991328838101274E-01 1.90746373369425734E-03 6.33508964809138542E-02 5.44530090083341820E-04 3.94515883762429267E-03
4.28839827E+00 1.16895241935085020E-01 1.92271384592475163E-03 6.33154441540874496E-02 5.46178059905987425E-04 3.99821292993516285E-03
4.30539895E+00 1.16798514806560283E-01 1.93798773765767990E-03 6.32463678581305783E-02 5.47824978828071038E-04 4.05104379571603283E-03
4.32231304E+00 1.16701141941553871E-01 1.95328533128908723E-03 6.31641661293477208E-02 5.49470979612452391E-04 4.10364552727174835E-03
4.33914726E+00 1.16603100558934497E-01 1.96860894733175487E-03 6.30667709393634146E-02 5.51116436899039774E-04 4.15602244403574534E-03
4.35590898E+00 1.16504362843947024E-01 1.98396139259356553E-03 6.29551121923468265E-02 5.52761762798611197E-04 4.20818225452757131E-03
4.37256553E+00 1.16405139973178959E-01 1.99930844201601622E-03 6.28301073865657617E-02 5.54403400652048184E-04 4.26000953332702787E-03
4.38910770E+00 1.16305510245319710E-01 2.01463678818119369E-03 6.26927252761311782E-02 5.56040044897599035E-04 4.31146334847932761E-03
4.40554195E+00 1.16205458577579773E-01 2.02994740439696886E-03 6.25438270582686362E-02 5.57671917169164978E-04 4.36255285257964882E-03
4.42187536E+00 1.16104964588411033E-01 2.04524181975192535E-03 6.23842481772931695E-02 5.59299298315597457E-04 4.41329023995552013E-03
4.43811567E+00 1.16004002494063396E-01 2.06052213835164174E-03 6.22148164880342511E-02 5.60922534118114260E-04 4.46369055423861873E-03
4.45427120E+00 1.15902541001993833E-01 2.07579104436285368E-03 6.20363549705183481E-02 5.62542038850113524E-04 4.51377146211667715E-03
4.47035089E+00 1.15800543246945928E-01 2.09105179421075881E-03 6.18496837267884514E-02 5.64158296739814078E-04 4.56355300282709851E-03
4.48636423E+00 1.15697966788852150E-01 2.10630819586760413E-03 6.16556226776736813E-02 5.65771861264811058E-04 4.61305731956514892E-03
4.50232126E+00 1.15594763682556168E-01 2.12156457470617614E-03 6.14549950548486726E-02 5.67383352133395006E-04 4.66230837708872178E-03
4.51823250E+00 1.15490880626319306E-01 2.13682572534754783E-03 6.12486317335927261E-02 5.68993449834358190E-04 4.71133166778659341E-03
4.53410889E+00 1.15386259195139312E-01 2.15209684906886561E-03 6.10373764243001202E-02 5.70602887834293086E-04 4.76015390485187186E-03
4.54996176E+00 1.15280836164588743E-01 2.16738347655604261E-03 6.08220917149860790E-02 5.72212442835555771E-04 4.80880269551745270E-03
4.56580271E+00 1.15174543930522469E-01 2.18269137605906285E-03 6.06036659289083748E-02 5.73822923838684896E-04 4.85730618061969328E-03
4.58157303E+00 1.15067792202764946E-01 2.19795825473562394E-03 6.03839696228065034E-02 5.75427990007255311E-04 4.90547801787678730E-03
4.59726313E+00 1.14960667646626213E-01 2.21316903496306984E-03 6.01643112228091581E-02 5.77026283048643132E-04 4.95328289995150897E-03
4.61288370E+00 1.14853118213599725E-01 2.22832823378273440E-03 5.99457018711127207E-02 5.78618513267175651E-04 5.00074687952103362E-03
4.62843767E+00 1.14745143330090893E-01 2.24343287450075703E-03 5.97292626989202394E-02 5.80204614422773581E-04 5.04787165284009253E-03
4.64391546E+00 1.14636830095217232E-01 2.25846786236918399E-03 5.95163013773873650E-02 5.81783262685480244E-04 5.09462040259728906E-03
4.65932314E+00 1.14528156485634844E-01 2.27343334929432398E-03 5.93079195203773807E-02 5.83354753865479927E-04 5.14100275972634302E-03
4.67466627E+00 1.14419102730143510E-01 2.28832901477677092E-03 5.91052226865341410E-02 5.84919352939465781E-04 5.18702535629114204E-03
4.68994994E+00 1.14309650985611314E-01 2.30315414467568893E-03 5.89093293404362034E-02 5.86477300175887906E-04 5.23269199432170682E-03
4.70517888E+00 1.14199784946978619E-01 2.31790769917857107E-03 5.87213653887296502E-02 5.88028813750370786E-04 5.27800386456290724E-03
4.72035749E+00 1.14089489447792264E-01 2.33258837148376218E-03 5.85424607524712634E-02 5.89574090470173715E-04 5.32295981342960616E-03
4.73548996E+00 1.13978750075449331E-01 2.34719463701457036E-03 5.83737455749457484E-02 5.91113306342914350E-04 5.36755662797472940E-03
4.75058027E+00 1.13867552813518666E-01 2.36172479296352681E-03 5.82163460595133339E-02 5.92646618128397592E-04 5.41178929530294461E-03
4.76563226E+00 1.13755883717376896E-01 2.37617698850437105E-03 5.80713800134580044E-02 5.94174166119950525E-04 5.45565119461746250E-03
4.78064968E+00 1.13643728625437396E-01 2.39054924671604826E-03 5.79399523590271442E-02 5.95696078007084025E-04 5.49913419526828606E-03
4.79561529E+00 1.13531231293796303E-01 2.40481961382412726E-03 5.78233166952403024E-02 5.97210361478308586E-04 5.54216892553725717E-03
4.81053442E+00 1.13418366883477104E-01 2.41898776503157069E-03 5.77224578433142912E-02 5.98717317281938482E-04 5.58475039935910165E-03
4.82541244E+00 1.13305108873355917E-01 2.43305330923106839E-03 5.76383310911058946E-02 6.00217253461095323E-04 5.62687197484670974E-03
4.84025443E+00 1.13191431435194681E-01 2.44701550902542368E-03 5.75718764382628853E-02 6.01710460438323953E-04 5.66852441511103179E-03
4.85506527E+00 1.13077309100362941E-01 2.46087332925128697E-03 5.75240160936911077E-02 6.03197220151341037E-04 5.70969597832392262E-03
4.86984968E+00 1.12962716433219632E-01 2.47462547751877088E-03 5.74956945174584719E-02 6.04677813689465278E-04 5.75037254699338994E-03
4.88461225E+00 1.12847627732094932E-01 2.48827043771138396E-03 5.74941292114549488E-02 6.06152527112262035E-04 5.79053780674702173E-03
4.89935752E+00 1.12732016763794407E-01 2.50180649677845179E-03 5.74944496302256941E-02 6.07621654140799933E-04 5.83017346672826033E-03
4.91408996E+00 1.12615856534208317E-01 2.51523176544242574E-03 5.75284059045489612E-02 6.09085494670314463E-04 5.86925950263947338E-03
4.92881402E+00 1.12499119090415350E-01 2.52854419396599406E-03 5.75931539341817123E-02 6.10544349799868732E-04 5.90777440652866161E-03
4.94353415E+00 1.12381775357309907E-01 2.54174158495799538E-03 5.76703243153220343E-02 6.11998515891280207E-04 5.94569543464673177E-03
4.95825481E+00 1.12263795006608075E-01 2.55482160516768602E-03 5.77736503978883154E-02 6.13448280212411270E-04 5.98299885445259961E-03
4.97298050E+00 1.12145146354317188E-01 2.56778179811738500E-03 5.79007703057346362E-02 6.14893918824540794E-04 6.01966020311169980E-03
4.98771576E+00 1.12025796287850199E-01 2.58061959907679959E-03 5.80523860813514231E-02 6.16335695190189459E-04 6.05565457158596752E-03
5.00246519E+00 1.11905710218843407E-01 2.59333235304297534E-03 5.82287768723747171E-02 6.17773857061811450E-04 6.09095692408377024E-03
5.01723344E+00 1.11784843939984516E-01 2.60591595886016910E-03 5.84292772776248831E-02 6.19208474772911196E-04 6.12553699296140234E-03
5.03202523E+00 1.11663165505188164E-01 2.61836855577521994E-03 5.86560759873079665E-02 6.20639847653893452E-04 6.15937439731980944E-03
5.04684538E+00 1.11540637399566434E-01 2.63068765324205858E-03 5.89083731953746331E-02 6.22068176172201103E-04 6.19244723936319789E-03
5.06169879E+00 1.11417219511276450E-01 2.64287056565163129E-03 5.91862524420563654E-02 6.23493613602439504E-04 6.22473412540330926E-03
5.07659045E+00 1.11292869834244607E-01 2.65491456173646331E-03 5.94897609242321657E-02 6.24916286828746618E-04 6.25621504665416911E-03
5.09152546E+00 1.11167544697136744E-01 2.66681692894647424E-03 5.98188876883204226E-02 6.26336299216830798E-04 6.28687187411722682E-03
5.10650901E+00 1.11041198839375521E-01 2.67857500926821021E-03 6.01735673657793693E-02 6.27753714198582536E-04 6.31668868714215393E-03
5.12154637E+00 1.10913785476464161E-01 2.69018623282483950E-03 6.05536836464726502E-02 6.29168527282220969E-04 6.34565203753662422E-03
5.13664295E+00 1.10785256451655156E-01 2.70164816720198930E-03 6.09590729342765758E-02 6.30580647875292419E-04 6.37375121580196092E-03
5.15180419E+00 1.10655562524089507E-01 2.71295859115770581E-03 6.13895279910523020E-02 6.31989916912551429E-04 6.40097855111648999E-03
5.16703565E+00 1.10524653726924937E-01 2.72411557936793908E-03 6.18448016026927130E-02 6.33396149073044211E-04 6.42732970051357669E-03
5.18234294E+00 1.10392479656134954E-01 2.73511757142028177E-03 6.23246106304409381E-02 6.34799149997805428E-04 6.45280384266739854E-03
5.19773173E+00 1.10258989632822935E-01 2.74596341337029863E-03 6.28286406742800674E-02 6.36198707283872783E-04 6.47740374782751396E-03
5.21320773E+00 1.10124132789583273E-01 2.75665238007755586E-03 6.33565511710563328E-02 6.37594600215808378E-04 6.50113576214915705E-03
5.22872244E+00 1.09988333631650795E-01 2.76714780155868636E-03 6.39061111914376451E-02 6.38981793553146209E-04 6.52393144765420294E-03
5.24423681E+00 1.09851941288800034E-01 2.77742271535069522E-03 6.44750812095330889E-02 6.40356292344535535E-04 6.54575216617403737E-03
5.25975648E+00 1.09714916308933680E-01 2.78748184536619639E-03 6.50626562168931666E-02 6.41718179947325376E-04 6.56663190299258508E-03
5.27528704E+00 1.09577219721231342E-01 2.79733032498243441E-03 6.56681129569829658E-02 6.43067550730986085E-04 6.58660675680555405E-03
5.29083393E+00 1.09438813111866026E-01 2.80697365310288854E-03 6.62907776972226914E-02 6.44404544817991074E-04 6.60571448103430391E-03
5.30640253E+00 1.09299658688711221E-01 2.81641765148235839E-03 6.69300094696836934E-02 6.45729411450995505E-04 6.62399404253877569E-03
5.32199807E+00 1.09159719334529934E-01 2.82566841686277903E-03 6.75852023395339396E-02 6.47042511860467439E-04 6.64148521483100447E-03
5.33762565E+00 1.09018958641867253E-01 2.83473226553549893E-03 6.82557872308192093E-02 6.48344245022294471E-04 6.65822820730254446E-03
5.35329021E+00 1.08877340934473099E-01 2.84361567127002684E-03 6.89412332143015394E-02 6.49634990397759417E-04 6.67426331502785249E-03
5.36899652E+00 1.08734831279632405E-01 2.85232519766951244E-03 6.96410482616392351E-02 6.50915105468605378E-04 6.68963058880018765E-03
5.38470645E+00 1.08591784643930198E-01 2.86084440906400009E-03 7.03528790835156320E-02 6.52181486979749436E-04 6.70433006103151631E-03
5.40040424E+00 1.08448355306671546E-01 2.86917069563277696E-03 7.10752752970510160E-02 6.53432911468146633E-04 6.71838747692215296E-03
5.41609463E+00 1.08304511445954488E-01 2.87731283510631389E-03 7.18077364184889350E-02 6.54669768879790216E-04 6.73184746361775617E-03
5.43178218E+00 1.08160221895766726E-01 2.88527937057221585E-03 7.25498410967341523E-02 6.55892436866610095E-04 6.74475265519980296E-03
5.44747133E+00 1.08015456315960462E-01 2.89307858011859497E-03 7.33012243255502516E-02 6.57101361010168695E-04 6.75714356802836931E-03
5.46316629E+00 1.07870185345856809E-01 2.90071845450705443E-03 7.40615667938011590E-02 6.58297045184590189E-04 6.76905860051731176E-03
5.47887115E+00 1.07724380691019847E-01 2.90820667376191213E-03 7.48305907625508721E-02 6.59479976645457465E-04 6.78053411244913806E-03
5.49458979E+00 1.07578015162300658E-01 2.91555058452883011E-03 7.56080561830840270E-02 6.60650563852725726E-04 6.79160451641425134E-03
5.51032591E+00 1.07431062699397936E-01 2.92275718354826622E-03 7.63937568795291233E-02 6.61809104956571285E-04 6.80230232125127090E-03
5.52608303E+00 1.07283498402725413E-01 2.92983311353830957E-03 7.71875166887961844E-02 6.62955778519870868E-04 6.81265810553540341E-03
5.54186449E+00 1.07135298584151814E-01 2.93678467563995198E-03 7.79891855127563538E-02 6.64090687820289866E-04 6.82270045551394266E-03
5.55767344E+00 1.06986440825971668E-01 2.94361785478426240E-03 7.87986353396598477E-02 6.65213963830980307E-04 6.83245594597490721E-03
5.57351287E+00 1.06836904019573117E-01 2.95033834684556079E-03 7.96157563524958201E-02 6.66325829174753870E-04 6.84194924912572347E-03
5.58938557E+00 1.06686668363409912E-01 2.95695157835796415E-03 8.04404532759263463E-02 6.67426552215688368E-04 6.85120339696583189E-03
5.60529417E+00 1.06535715327506372E-01 2.96346271804455441E-03 8.12726420305198288E-02 6.68516347807376074E-04 6.86024010828471722E-03
5.62124116E+00 1.06384027611142087E-01 2.96987668570831021E-03 8.21122466704676535E-02 6.69595334100851194E-04 6.86908002239210169E-03
5.63722883E+00 1.06231589118173472E-01 2.97619816449841423E-03 8.29591964587374914E-02 6.70663585254884539E-04 6.87774274112448736E-03
5.65325932E+00 1.06078384952408178E-01 2.98243161812289078E-03 8.38134230150894555E-02 6.71721225076778194E-04 6.88624672632071402E-03
5.66933464E+00 1.05924401405600069E-01 2.98858130841645701E-03 8.46748576032564926E-02 6.72768478686625840E-04 6.89460921172862715E-03
5.68545664E+00 1.05769625901247860E-01 2.99465130625147609E-03 8.55434287203536980E-02 6.73805645329064143E-04 6.90284628569847337E-03
5.70162701E+00 1.05614046881514601E-01 3.00064549198536317E-03 8.64190601087031357E-02 6.74833005229860932E-04 6.91097318905335364E-03
5.71784039E+00 1.05457720698269988E-01 3.00656501259809325E-03 8.73012958310919601E-02 6.75850276305625273E-04 6.91900125173618586E-03
5.73405702E+00 1.05301035148560790E-01 3.01239867280155092E-03 8.81878170993728172E-02 6.76854928629842356E-04 6.92692499637471547E-03
5.75027598E+00 1.05144005499750226E-01 3.01814962840280844E-03 8.90783395512392273E-02 6.77846859927425235E-04 6.93475847279468715E-03
5.76649815E+00 1.04986628934663290E-01 3.02382150502055348E-03 8.99726962219846160E-02 6.78826162829918923E-04 6.94251619776032908E-03
5.78272437E+00 1.04828902891155124E-01 3.02941768360664217E-03 9.08707235473085462E-02 6.79793091617768427E-04 6.95021191940339237E-03
5.79895542E+00 1.04670824956514807E-01 3.03494130680882638E-03 9.17722524570042664E-02 6.80748044743447129E-04 6.95785856199791081E-03
5.81519201E+00 1.04512392792883033E-01 3.04039528643853217E-03 9.26771075014037465E-02 6.81691443781372221E-04 6.96546846108967929E-03
5.83143479E+00 1.04353604071206085E-01 3.04578230827541900E-03 9.35851067661067904E-02 6.82623570059578467E-04 6.97305377449252122E-03
5.84768438E+00 1.04194456418925288E-01 3.05110483549664345E-03 9.44960621458933447E-02 6.83544465500485611E-04 6.98062681376198681E-03
5.86394139E+00 1.04034947387724050E-01 3.05636511391278601E-03 9.54097798130713742E-02 6.84453978794097003E-04 6.98820006489874173E-03
5.88020573E+00 1.03875080568992029E-01 3.06156498142676550E-03 9.63260259992251427E-02 6.85351888265587554E-04 6.99578557211291349E-03
5.89647787E+00 1.03714854179102436E-01 3.06670625773541655E-03 9.72445914304158193E-02 6.86238117273783497E-04 7.00339502076303792E-03
5.91275832E+00 1.03554265528919220E-01 3.07179060208434595E-03 9.81652670220796858E-02 6.87112757168730957E-04 7.01103922087622546E-03
5.92904760E+00 1.03393311792262993E-01 3.07681949453198714E-03 9.90878396816599200E-02 6.87975989138925131E-04 7.01872811466728620E-03
5.94534621E+00 1.03231989995187345E-01 3.08179423812852873E-03 1.00012092636506358E-01 6.88827939726530136E-04 7.02647109788317927E-03
5.96165466E+00 1.03070297024639393E-01 3.08671595674656074E-03 1.00937805953301651E-01 6.89668571798947869E-04 7.03427732246103294E-03
5.97797344E+00 1.02908229662123915E-01 3.09158559224478185E-03 1.01864757031956299E-01 6.90497692186739878E-04 7.04215569087877045E-03
5.99430303E+00 1.02745784637284787E-01 3.09640390474275268E-03 1.02792720939159449E-01 6.91315059651435339E-04 7.05011449133776270E-03
6.01064392E+00 1.02582958688517356E-01 3.10117147726877290E-03 1.03721470588895234E-01 6.92120504540509910E-04 7.05816087978608162E-03
6.02699658E+00 1.02419748618426440E-01 3.10588872298710184E-03 1.04650776877401749E-01 6.92913982241687913E-04 7.06630048860884021E-03
6.04336146E+00 1.02256151339276138E-01 3.11055589165214804E-03 1.05580408856197447E-01 6.93695546857606106E-04 7.07453731505479529E-03
6.05973898E+00 1.02092163911889286E-01 3.11517307271296775E-03 1.06510133979127466E-01 6.94465288083404692E-04 7.08287384725550095E-03
6.07612957E+00 1.01927783585640253E-01 3.11974019486433926E-03 1.07439718399566661E-01 6.95223279788314934E-04 7.09131127142445007E-03
6.09253360E+00 1.01763007845610209E-01 3.12425702410179746E-03 1.08368927300513007E-01 6.95969557685301859E-04 7.09984960855837219E-03
6.10895125E+00 1.01597836130462554E-01 3.12872311845531189E-03 1.09297516041769099E-01 6.96704114613312902E-04 7.10848760597804913E-03
6.12537614E+00 1.01432333837708111E-01 3.13313613536752786E-03 1.10224876937960667E-01 6.97426646638632953E-04 7.11721913976669056E-03
6.14180864E+00 1.01266498937458774E-01 3.13749546034496670E-03 1.11150777933111081E-01 6.98137184850272066E-04 7.12603997754460410E-03
6.15824908E+00 1.01100329677271464E-01 3.14180034910328896E-03 1.12074992204168361E-01 6.98835821955825207E-04 7.13494407197483652E-03
6.17469776E+00 1.00933824613562456E-01 3.14604994458226673E-03 1.12997296263741900E-01 6.99522721469746957E-04 7.14392354198897014E-03
6.19115497E+00 1.00766982652341908E-01 3.15024329518687239E-03 1.13917469420175888E-01 7.00198088956841317E-04 7.15296886401510425E-03
6.20762097E+00 1.00599803089817724E-01 3.15437937152476594E-03 1.14835294147415973E-01 7.00862128471803629E-04 7.16206915784154720E-03
6.22409598E+00 1.00432285648610634E-01 3.15845708083166681E-03 1.15750556486530001E-01 7.01515019527476527E-04 7.17121241362956262E-03
6.24058018E+00 1.00264430507341587E-01 3.16247528019870591E-03 1.16663046444586818E-01 7.02156918317095547E-04 7.18038559139483421E-03
6.25707373E+00 1.00096238321921410E-01 3.16643279040702092E-03 1.17572558392837159E-01 7.02787953300007691E-04 7.18957463589095253E-03
6.27357677E+00 9.99277102368415493E-02 3.17032841128719271E-03 1.18478891508427872E-01 7.03408210299514441E-04 7.19876447915622671E-03
6.29008937E+00 9.97588478850597593E-02 3.17416093823306468E-03 1.19381850283425406E-01 7.04017745614367915E-04 7.20793905712794215E-03
6.30661160E+00 9.95896533758645341E-02 3.17792917891553334E-03 1.20281245070407355E-01 7.04616639376935651E-04 7.21708134499523830E-03
6.32314348E+00 9.94201292713530332E-02 3.18163196914067426E-03 1.21176892632598246E-01 7.05205035814133216E-04 7.22617345073704904E-03
6.33968500E+00 9.92502785539211008E-02 3.18526818675244098E-03 1.22068616701316385E-01 7.05783128867448154E-04 7.23519681823911204E-03
6.35623612E+00 9.90801045883495657E-02 3.18883676261599034E-03 1.22956248567218415E-01 7.06351153626090934E-04 7.24413253083733711E-03
6.37279676E+00 9.89096110817983126E-02 3.19233668819443811E-03 1.23839627702662353E-01 7.06909389985726252E-04 7.25296163762106146E-03
6.38936684E+00 9.87388020451596682E-02 3.19576702008150413E-03 1.24718602330353825E-01 7.07458097059667813E-04 7.26166542697363835E-03
6.40594624E+00 9.85676817596731619E-02 3.19912688282560391E-03 1.25593029933170480E-01 7.07997468745210430E-04 7.27022564128549948E-03
6.42253480E+00 9.83962547509990154E-02 3.20241547148696418E-03 1.26462777734670878E-01 7.08527703569341162E-04 7.27862468209544786E-03
6.43913235E+00 9.82245257708429104E-02 3.20563205433691337E-03 1.27327723151775984E-01 7.09049091620840371E-04 7.28684582561851205E-03
6.45573871E+00 9.80524997853370606E-02 3.20877597514761291E-03 1.28187754185738745E-01 7.09561944170878029E-04 7.29487341396424342E-03
6.47235367E+00 9.78801819687893787E-02 3.21184665438503832E-03 1.29042769746627539E-01 7.10066405226798597E-04 7.30269299045511414E-03
6.48897700E+00 9.77075776998288792E-02 3.21484358917160755E-03 1.29892679962144236E-01 7.10562513028263837E-04 7.31029139414780642E-03
6.50560845E+00 9.75346925552638272E-02 3.21776635227735827E-03 1.30737406459198457E-01 7.11050354296171791E-04 7.31765686597545591E-03
6.52224777E+00 9.73615323004292099E-02 3.22061459001956674E-03 1.31576882589899719E-01 7.11530054398893633E-04 7.32477917099208162E-03
6.53889467E+00 9.71881028786163309E-02 3.22338801905544233E-03 1.32411053645897225E-01 7.12001698787337431E-04 7.33164966778350208E-03
6.55554889E+00 9.70144104012114483E-02 3.22608642267824351E-03 1.33239877082708735E-01 7.12465324096547251E-04 7.33826129372039566E-03
6.57221013E+00 9.68404611370261847E-02 3.22870964707353382E-03 1.34063322726533873E-01 7.12920953930740848E-04 7.34460852312356950E-03
6.58887808E+00 9.66662614987214425E-02 3.23125759742814728E-03 1.34881372949295031E-01 7.13368588902305967E-04 7.35068734556749113E-03
6.60555245E+00 9.64918180229722144E-02 3.23373023324462086E-03 1.35694022833128952E-01 7.13808199877275775E-04 7.35649523666923304E-03
6.62223295E+00 9.63171373386889490E-02 3.23612756174899421E-03 1.36501280338604231E-01 7.14239781426954587E-04 7.36203106164645855E-03
6.63891927E+00 9.61422261199814665E-02 3.23844962907715280E-03 1.37303166431586771E-01 7.14663413619839373E-04 7.36729490621039311E-03
6.65561115E+00 9.59670910247888143E-02 3.24069651014503640E-03 1.38099715164576531E-01 7.15079260215067351E-04 7.37228791306196365E-03
6.67230831E+00 9.57917386232502444E-02 3.24286829831290290E-03 1.38890973730405154E-01 7.15487506933100534E-04 7.37701218256623433E-03
6.68901052E+00 9.56161753223652017E-02 3.24496509622372543E-03 1.39677002501257280E-01 7.15888301957120577E-04 7.38147070908212917E-03
6.70571756E+00 9.54404072912938273E-02 3.24698700914572260E-03 1.40457875037897834E-01 7.16281735977809548E-04 7.38566730857984598E-03
6.72242925E+00 9.52644403864141565E-02 3.24893414102332776E-03 1.41233678068581281E-01 7.16667868259392485E-04 7.38960653067188399E-03
6.73914547E+00 9.50882800732514022E-02 3.25080659293435414E-03 1.42004511419913076E-01 7.17046769888820385E-04 7.39329358277551058E-03
6.75586613E+00 9.49119313427647660E-02 3.25260446370238907E-03 1.42770487915252320E-01 7.17418536432703211E-04 7.39673429639527754E-03
6.77259121E+00 9.47353986208252508E-02 3.25432785204231431E-03 1.43531733252716981E-01 7.17783275660639005E-04 7.39993511471327518E-03
6.78932073E+00 9.45586856727543140E-02 3.25597685992481045E-03 1.44288385859214136E-01 7.18141099877291815E-04 7.40290305954721759E-03
6.80605482E+00 9.43817955103650186E-02 3.25755159797555364E-03 1.45040596698010060E-01 7.18492090988348086E-04 7.40564569008283092E-03
6.82279366E+00 9.42047303229334720E-02 3.25905219452043027E-03 1.45788529022829405E-01 7.18836208532945835E-04 7.40817108318789566E-03
6.83953683E+00 9.40274988021185809E-02 3.26047874991008870E-03 1.46532327764001241E-01 7.19173233302342107E-04 7.41048770431176462E-03
6.85628256E+00 9.38501242236995659E-02 3.26183130174762361E-03 1.47272086917846906E-01 7.19502837892565129E-04 7.41260424250498109E-03
6.87303107E+00 9.36726087439516131E-02 3.26311011333339611E-03 1.48007996698830246E-01 7.19824748069558865E-04 7.41452989035305387E-03
6.88978268E+00 9.34949538203264652E-02 3.26431549768710317E-03 1.48740258614219079E-01 7.20138741997092290E-04 7.41627384763077300E-03
6.90653779E+00 9.33171600973036752E-02 3.26544782216954023E-03 1.49469084989279771E-01 7.20444647365891459E-04 7.41784517657578801E-03
6.92329690E+00 9.31392272893908357E-02 3.26650751360897185E-03 1.50194698545811717E-01 7.20742301975561112E-04 7.41925271526608018E-03
6.94006061E+00 9.29611540667798636E-02 3.26749506357897719E-03 1.50917332146022432E-01 7.21031523509366406E-04 7.42050500035188083E-03
6.95682963E+00 9.27829379493330386E-02 3.26841103571066287E-03 1.51637228491145609E-01 7.21312123209349836E-04 7.42161016507399737E-03
6.97360478E+00 9.26045752097413438E-02 3.26925607614266282E-03 1.52354639821717486E-01 7.21583940795522357E-04 7.42257584253037343E-03
6.99038700E+00 9.24260607837267961E-02 3.27003092674821869E-03 1.53069827636290567E-01 7.21846873074056357E-04 7.42340911489058029E-03
7.00717736E+00 9.22473881862054396E-02 3.27073644081556656E-03 1.53783062434282802E-01 7.22100877169279203E-04 7.42411652974475731E-03
7.02397706E+00 9.20685494339174015E-02 3.27137360075814001E-03 1.54494623491513772E-01 7.22345953258189612E-04 7.42470416350602368E-03
7.04078742E+00 9.18895349766001152E-02 3.27194353720417636E-03 1.55204798647768732E-01 7.22582142217526643E-04 7.42517768505532652E-03
7.05760992E+00 9.17103336374474193E-02 3.27244754847242064E-03 1.55913884095560062E-01 7.22809538314323060E-04 7.42554242217921632E-03
7.07444615E+00 9.15309325624148185E-02 3.27288711925025457E-03 1.56622184146606724E-01 7.23028302787251127E-04 7.42580345608505072E-03
7.09129786E+00 9.13513171779415101E-02 3.27326393826857243E-03 1.57330010970693268E-01 7.23238683373307665E-04 7.42596575022782396E-03
7.10816695E+00 9.11714711528220367E-02 3.27357991518453925E-03 1.58037684283016927E-01 7.23441041918761229E-04 7.42603429183674290E-03
7.12505545E+00 9.09913763599447672E-02 3.27383719696190201E-03 1.58745530978261579E-01 7.23635843104973022E-04 7.42601420234652310E-03
7.14196555E+00 9.08110128502099406E-02 3.27403818408442994E-03 1.59453884727792400E-01 7.23823517714409061E-04 7.42591081491184458E-03
7.15889959E+00 9.06303588677023764E-02 3.27418554436429386E-03 1.60163085786918652E-01 7.24004342831299037E-04 7.42572973221003636E-03
7.17586006E+00 9.04493908812595421E-02 3.27428221729600876E-03 1.60873481273403118E-01 7.24178487664237786E-04 7.42547689581140018E-03
7.19284961E+00 9.02680835660522457E-02 3.27433140707153849E-03 1.61585425385098402E-01 7.24346068906941195E-04 7.42515868257452669E-03
7.20987104E+00 9.00864097372510303E-02 3.27433657249717605E-03 1.62299279216587655E-01 7.24507175573879864E-04 7.42478197137467176E-03
7.22692732E+00 8.99043402695453991E-02 3.27430142054633503E-03 1.63015410452005266E-01 7.24661893519388395E-04 7.42435414771386911E-03
7.24402160E+00 8.97218440179064214E-02 3.27422990533696038E-03 1.63734193076229190E-01 7.24810374474924046E-04 7.42388303057481963E-03
7.26115717E+00 8.95388877365078245E-02 3.27412623183083668E-03 1.64456007130586307E-01 7.24952915942348505E-04 7.42337676231607461E-03
7.27833753E+00 8.93554359868066334E-02 3.27399486219736744E-03 1.65181238501058730E-01 7.25090000990553300E-04 7.42284376583724880E-03
7.29556634E+00 8.91714510320817388E-02 3.27384052351027428E-03 1.65910278757246926E-01 7.25222194979563504E-04 7.42229295421086965E-03
7.31284746E+00 8.89868927279040683E-02 3.27366821644103564E-03 1.66643525039576579E-01 7.25349876125261665E-04 7.42173418877678862E-03
7.33018495E+00 8.88017184331542642E-02 3.27348323172773920E-03 1.67381379993076396E-01 7.25473178518045965E-04 7.42117857493307300E-03
7.34758144E+00 8.86159003133610568E-02 3.27329120046440051E-03 1.68124183804180233E-01 7.25592278833921394E-04 7.42063841059441114E-03
7.36498057E+00 8.84300410260876329E-02 3.27309879541571062E-03 1.68869796342971973E-01 7.25707299802077176E-04 7.42012862017857929E-03
7.38236012E+00 8.82443779844376275E-02 3.27291262903341932E-03 1.69617430803348540E-01 7.25818933013116238E-04 7.41966381602196870E-03
7.39966693E+00 8.80594796880020958E-02 3.27273980649287442E-03 1.70364970333522242E-01 7.25927747845492581E-04 7.41926036092019001E-03
7.41694431E+00 8.78748825647558546E-02 3.27258650511501412E-03 1.71114326354125462E-01 7.26034689905647227E-04 7.41893382151704878E-03
7.43423771E+00 8.76900991814967279E-02 3.27245914518564706E-03 1.71867578393618187E-01 7.26140318676365797E-04 7.41870240558279229E-03
7.45154170E+00 8.75051853870322249E-02 3.27236486241650219E-03 1.72624681608736286E-01 7.26244671457084508E-04 7.41858750547771950E-03
7.46878176E+00 8.73209360731135864E-02 3.27231116013536544E-03 1.73382568153266164E-01 7.26347568123202037E-04 7.41861154515981603E-03
7.48600759E+00 8.71368175138258622E-02 3.27230495565284177E-03 1.74143387461563826E-01 7.26449920973176516E-04 7.41879707855467013E-03
7.50327171E+00 8.69522647150677702E-02 3.27235372696191296E-03 1.74909511904928705E-01 7.26552731380662189E-04 7.41916983357523985E-03
7.52058131E+00 8.67671962843311328E-02 3.27246538069762708E-03 1.75681414008605652E-01 7.26656527630197891E-04 7.41975836105079108E-03
7.53785927E+00 8.65824331728983348E-02 3.27264708115328814E-03 1.76455833311431304E-01 7.26761116245156543E-04 7.42058958225370446E-03
7.55514150E+00 8.63975861552391255E-02 3.27290656296772009E-03 1.77234315958527594E-01 7.26866921132058056E-04 7.42169529757646159E-03
7.57238763E+00 8.62130818928933118E-02 3.27325047384135082E-03 1.78015117998058414E-01 7.26973960799388191E-04 7.42310380079155493E-03
7.58964000E+00 8.60284608476004631E-02 3.27368674984952540E-03 1.78800092938937644E-01 7.27082795760240676E-04 7.42485041156648855E-03
7.60687406E+00 8.58439787348509592E-02 3.27422184982771938E-03 1.79588177170668301E-01 7.27193541143541112E-04 7.42696634094005236E-03
7.62409706E+00 8.56595502239134998E-02 3.27486272382288739E-03 1.80379668592857506E-01 7.27306427748634302E-04 7.42948666623078919E-03
7.64136817E+00 8.54745322676330743E-02 3.27561862503423411E-03 1.81177199651188975E-01 7.27421908991689767E-04 7.43245721897184755E-03
7.65867748E+00 8.52890206443226578E-02 3.27649651234004392E-03 1.81980372905534815E-01 7.27539865798501064E-04 7.43591659894918527E-03
7.67594846E+00 8.51038264400848371E-02 3.27749891536994326E-03 1.82785696308159495E-01 7.27659693707140851E-04 7.43988715957656557E-03
7.69324738E+00 8.49182280194321626E-02 3.27863555279212958E-03 1.83596033980956724E-01 7.27781946364640994E-04 7.44442026103134952E-03
7.71064413E+00 8.47314620743509633E-02 3.27991800710914112E-03 1.84414561469280147E-01 7.27907288460655287E-04 7.44957629666763172E-03
7.72810138E+00 8.45439150342042339E-02 3.28135073084345622E-03 1.85239618831692376E-01 7.28035359311131444E-04 7.45538967323412967E-03
7.74557378E+00 8.43560609305390452E-02 3.28293591873776757E-03 1.86069030941002439E-01 7.28165735805042891E-04 7.46188690596252639E-03
7.76303637E+00 8.41681546983662626E-02 3.28467585751528266E-03 1.86901471879888897E-01 7.28298575064831527E-04 7.46909402658684114E-03
7.78053382E+00 8.39797008837464692E-02 3.28657911943702925E-03 1.87738842770130338E-01 7.28434641507731294E-04 7.47706321180308196E-03
7.79810723E+00 8.37902398132771425E-02 3.28865473956787028E-03 1.88582970819330120E-01 7.28574226527971681E-04 7.48585164413409845E-03
7.81562627E+00 8.36011614898394123E-02 3.29089024226942445E-03 1.89427681793293806E-01 7.28716002208851720E-04 7.49542686956482761E-03
7.83316959E+00 8.34116019264727754E-02 3.29329682720167632E-03 1.90276369301374038E-01 7.28860530707837388E-04 7.50585670264696317E-03
7.85081931E+00 8.32206538006661223E-02 3.29588810863744612E-03 1.91132765990818687E-01 7.29008494202534429E-04 7.51722220378998711E-03
7.86856166E+00 8.30284448444123663E-02 3.29866451643217500E-03 1.91996185687737603E-01 7.29159549536760989E-04 7.52955027176473168E-03
7.88630066E+00 8.28359966882202675E-02 3.30161112227547911E-03 1.92861925987928562E-01 7.29312606548660771E-04 7.54279918936223877E-03
7.90403975E+00 8.26432556582256533E-02 3.30472606493922025E-03 1.93729829862783393E-01 7.29467417103970314E-04 7.55698354844027385E-03
7.92178284E+00 8.24501623686616780E-02 3.30800639155821776E-03 1.94599821226803388E-01 7.29623245041195441E-04 7.57211489432221743E-03
7.93953440E+00 8.22566512776993358E-02 3.31144801747735966E-03 1.95471884522471356E-01 7.29778921217192635E-04 7.58820247302672852E-03
7.95729952E+00 8.20626501002027636E-02 3.31504573226398510E-03 1.96346027198643441E-01 7.29933801936273239E-04 7.60524873060385107E-03
7.97508397E+00 8.18680790405160591E-02 3.31879326636065706E-03 1.97222283859173703E-01 7.30087706370690813E-04 7.62324737412372472E-03
7.99289433E+00 8.16728497113898694E-02 3.32268327864037195E-03 1.98100720298673788E-01 7.30239739598994284E-04 7.64218862390889011E-03
8.01073808E+00 8.14768638174435400E-02 3.32670725742162648E-03 1.98981438890392826E-01 7.30388183453957430E-04 7.66206178018862243E-03
8.02862378E+00 8.12800117698765090E-02 3.33085552813123381E-03 1.99864585473748024E-01 7.30532193913916166E-04 7.68284785541815691E-03
8.04656116E+00 8.10821710494935427E-02 3.33511738088868156E-03 2.00750355981091005E-01 7.30672268576115368E-04 7.70451454743977492E-03
8.06447297E+00 8.08841830158049113E-02 3.33945967939200004E-03 2.01634768853160562E-01 7.30807723765919902E-04 7.72691237585412371E-03
8.08235068E+00 8.06861353864150171E-02 3.34386349440924475E-03 2.02517041962261307E-01 7.30936848391605513E-04 7.74996788156386007E-03
8.10019975E+00 8.04879626644491586E-02 3.34831186516294701E-03 2.03397097493908940E-01 7.31058661868737693E-04 7.77361669571348911E-03
8.11800295E+00 8.02898533222965866E-02 3.35278108941197391E-03 2.04273818466060353E-01 7.31174301212982091E-04 7.79774564452293418E-03
8.13575660E+00 8.00918484661815311E-02 3.35724987307983464E-03 2.05146719458208032E-01 7.31285083929646574E-04 7.82224562927525020E-03
8.15346554E+00 7.98938957676735007E-02 3.36169808035616507E-03 2.06015728402275305E-01 7.31389823413946551E-04 7.84702033083281396E-03
8.17113561E+00 7.96959328642470183E-02 3.36610479978995906E-03 2.06880838179170495E-01 7.31486027272037435E-04 7.87197444748155735E-03
8.18877374E+00 7.94978872108172557E-02 3.37044861898029308E-03 2.07742100100319182E-01 7.31573887282265032E-04 7.89699657827261023E-03
8.20638802E+00 7.92996754587579622E-02 3.37470787136004121E-03 2.08599620436508315E-01 7.31655688826769496E-04 7.92195612365630131E-03
8.22398774E+00 7.91012021539519439E-02 3.37886050846464801E-03 2.09453560727213745E-01 7.31731575817742342E-04 7.94671918212621828E-03
8.24158353E+00 7.89023584897637631E-02 3.38288390679976998E-03 2.10304142934839539E-01 7.31798790228866693E-04 7.97115442491168856E-03
8.25918743E+00 7.87030215846200309E-02 3.38675508859485278E-03 2.11151655605214650E-01 7.31855645716126841E-04 7.99511747628916213E-03
8.27681305E+00 7.85030536371125742E-02 3.39045115422952547E-03 2.11996455348349377E-01 7.31903142966550818E-04 8.01844008881760599E-03
8.29447573E+00 7.83023001440146110E-02 3.39394941285048280E-03 2.12838967596866879E-01 7.31942150433067228E-04 8.04094053500352401E-03
8.31219084E+00 7.81006082902805099E-02 3.39722688079227781E-03 2.13679608910926855E-01 7.31969937462463734E-04 8.06243690814288823E-03
8.32992940E+00 7.78983346372266461E-02 3.40025324105181414E-03 2.14516756674159093E-01 7.31982766145608706E-04 8.08269603913464030E-03
8.34769221E+00 7.76955021447661848E-02 3.40300594180133892E-03 2.15350131855811089E-01 7.31980854931114856E-04 8.10151577138728055E-03
8.36548904E+00 7.74920355503122132E-02 3.40546578668928044E-03 2.16179875485356138E-01 7.31967207353727647E-04 8.11869851102246798E-03
8.38333936E+00 7.72877512307864195E-02 3.40761632781930906E-03 2.17006575763952075E-01 7.31942510447388317E-04 8.13406917709247161E-03
8.40126516E+00 7.70824390037825879E-02 3.40944225888557481E-03 2.17830923983937108E-01 7.31902109568440462E-04 8.14747711261311347E-03
8.41929119E+00 7.68758499868931189E-02 3.41092864514830124E-03 2.18654014391218454E-01 7.31842906856080481E-04 8.15877700565387567E-03
8.43744535E+00 7.66677191080201714E-02 3.41206362332087051E-03 2.19476227162387516E-01 7.31768573677352954E-04 8.16783918961188141E-03
8.45572965E+00 7.64580764859257300E-02 3.41283497797801412E-03 2.20297535060633848E-01 7.31681046679131457E-04 8.17454072697827369E-03
8.47414107E+00 7.62470104513172653E-02 3.41323299585300638E-03 2.21117438273931266E-01 7.31574755517280600E-04 8.17880068051106759E-03
8.49270986E+00 7.60342301779748236E-02 3.41325126276850787E-03 2.21936850276963638E-01 7.31446513877456825E-04 8.18057442681015094E-03
8.51128715E+00 7.58214980556939921E-02 3.41288982455382724E-03 2.22749100210259704E-01 7.31301136468843018E-04 8.17984348801483949E-03
8.52978800E+00 7.56098396217923796E-02 3.41216067754648768E-03 2.23550287771564521E-01 7.31142894790100034E-04 8.17668737189808544E-03
8.54823370E+00 7.53990593436006107E-02 3.41107709919550792E-03 2.24341064710756544E-01 7.30967113710814646E-04 8.17122835659682932E-03
8.56664833E+00 7.51889277293706776E-02 3.40965223367568036E-03 2.25122301180184337E-01 7.30771115266817752E-04 8.16359308151878155E-03
8.58505877E+00 7.49791822428615140E-02 3.40789913717582217E-03 2.25894993126554838E-01 7.30558065576266606E-04 8.15389394296986598E-03
8.60349477E+00 7.47695273541424121E-02 3.40583015206192934E-03 2.26660213416707751E-01 7.30332844268277779E-04 8.14223342972558370E-03
8.62198888E+00 7.45596341708501947E-02 3.40345566106837116E-03 2.27419099540681069E-01 7.30091459561733706E-04 8.12871413636252413E-03
8.64045529E+00 7.43505137188717607E-02 3.40080254722919259E-03 2.28168102062398404E-01 7.29832905374298022E-04 8.11353155090750386E-03
8.65889988E+00 7.41421307441473137E-02 3.39788833726891761E-03 2.28907293551515761E-01 7.29559654013157174E-04 8.09681121343000000E-03
8.67735908E+00 7.39341042754678990E-02 3.39472496976877657E-03 2.29637951838268434E-01 7.29276010514068622E-04 8.07863332615808838E-03
8.69584917E+00 7.37262798250622187E-02 3.39132581524394325E-03 2.30360583311715161E-01 7.28981305322383552E-04 8.05908732208836243E-03
8.71428263E+00 7.35196638268087038E-02 3.38772381537260758E-03 2.31071794666765917E-01 7.28674591762270055E-04 8.03837367948197386E-03
8.73259985E+00 7.33149383506278701E-02 3.38394957025150815E-03 2.31769309970394438E-01 7.28358315438231872E-04 8.01666706431121770E-03
8.75083267E+00 7.31117645641761044E-02 3.38001557757691739E-03 2.32453939718523600E-01 7.28035636225381547E-04 7.99402823002574175E-03
8.76901175E+00 7.29098057035493102E-02 3.37593153025271672E-03 2.33127506620334185E-01 7.27707614836923633E-04 7.97049916631435360E-03
8.78716674E+00 7.27087401907393072E-02 3.37170504500976676E-03 2.33790776183053550E-01 7.27374170560537298E-04 7.94611216331543926E-03
8.80532645E+00 7.25082589891099388E-02 3.36734222024417506E-03 2.34444746442728585E-01 7.27034763781811010E-04 7.92088785911992249E-03
8.82351892E+00 7.23080646258833365E-02 3.36284808448532270E-03 2.35090334224635100E-01 7.26691390239733552E-04 7.89483488887515392E-03
8.84177148E+00 7.21078701209947881E-02 3.35822655295222195E-03 2.35728378487554596E-01 7.26346627136940253E-04 7.86795493270998555E-03
8.86011077E+00 7.19073980609166719E-02 3.35348022375915903E-03 2.36359641256593783E-01 7.26000167473924243E-04 7.84024664648904496E-03
8.87852593E+00 7.17067807916146882E-02 3.34862031438009971E-03 2.36983609373171977E-01 7.25652647740356385E-04 7.81176081917799633E-03
8.89688200E+00 7.15074914903649911E-02 3.34369112777265637E-03 2.37595789620566517E-01 7.25308011987704586E-04 7.78274319126541752E-03
8.91518184E+00 7.13094922705437423E-02 3.33870048024720529E-03 2.38196234128405432E-01 7.24967817991186694E-04 7.75323005711806706E-03
8.93342870E+00 7.11127394807287427E-02 3.33365472807413757E-03 2.38785091882758010E-01 7.24634551221976959E-04 7.72325767668840917E-03
8.95162625E+00 7.09171842903752042E-02 3.32855874835495062E-03 2.39362557716535973E-01 7.24309483663378791E-04 7.69286677679098269E-03
8.96977853E+00 7.07227738739931167E-02 3.32341614859267033E-03 2.39928838085403856E-01 7.23991710118627963E-04 7.66210442523853740E-03
8.98789005E+00 7.05294521160971799E-02 3.31822939723491620E-03 2.40484150694428966E-01 7.23678999492234046E-04 7.63102189599510535E-03
9.00596172E+00 7.03372022620712134E-02 3.31300104441139632E-03 2.41028608691847418E-01 7.23368769316453481E-04 7.59967675928786314E-03
9.02397038E+00 7.01462635573026211E-02 3.30774000689753852E-03 2.41561643439556578E-01 7.23059345435475326E-04 7.56816362455347419E-03
9.04191817E+00 6.99566057149605125E-02 3.30244766546662497E-03 2.42083431361381218E-01 7.22749932656547005E-04 7.53652617629068603E-03
9.05980757E+00 6.97681957168477390E-02 3.29712530208860254E-03 2.42594176655007571E-01 7.22441025539189569E-04 7.50480310306760393E-03
9.07764143E+00 6.95809975140273124E-02 3.29177422582673527E-03 2.43094100399294605E-01 7.22134128206474660E-04 7.47303436622772602E-03
9.09542296E+00 6.93949719083231664E-02 3.28639569865460564E-03 2.43583435589201869E-01 7.21829901595648295E-04 7.44126620024279910E-03
9.11315572E+00 6.92100765970032894E-02 3.28099079661106803E-03 2.44062426391508769E-01 7.21526441486306826E-04 7.40954985524882974E-03
9.13084369E+00 6.90262661282136925E-02 3.27556030896509857E-03 2.44531328086416477E-01 7.21221200294201443E-04 7.37793368230040859E-03
9.14849121E+00 6.88434915338237419E-02 3.27010467880970487E-03 2.44990405903920100E-01 7.20912499340744303E-04 7.34645521147326511E-03
9.16610303E+00 6.86616998398687367E-02 3.26462400167177409E-03 2.45439933435535107E-01 7.20599532980850145E-04 7.31513852489180244E-03
9.18368431E+00 6.84808337977301507E-02 3.25911811290763602E-03 2.45880191595820030E-01 7.20282205353027049E-04 7.28399767133341720E-03
9.20124059E+00 6.83008319991051244E-02 3.25358675971086772E-03 2.46311467414242119E-01 7.19960907111384012E-04 7.25304401387243808E-03
9.21877784E+00 6.81216293019802771E-02 3.24802979502991250E-03 2.46734052323168834E-01 7.19635774947967820E-04 7.22229341656154596E-03
9.23630045E+00 6.79431770262265977E-02 3.24244789149037054E-03 2.47148196247180096E-01 7.19305975533195293E-04 7.19177218403132829E-03
9.25381214E+00 6.77654341893754869E-02 3.23684220157940484E-03 2.47554129137956797E-01 7.18969772907012555E-04 7.16151200877119046E-03
9.27132028E+00 6.75883227722191421E-02 3.23121278046417486E-03 2.47952162571281332E-01 7.18625276816074157E-04 7.13153533692781338E-03
9.28883269E+00 6.74117611258256560E-02 3.22555953210783329E-03 2.48342617238827029E-01 7.18271465864702644E-04 7.10185417934395494E-03
9.30635758E+00 6.72356642107469760E-02 3.21988226118362884E-03 2.48725813849826616E-01 7.17908749974372385E-04 7.07246615522868095E-03
9.32390357E+00 6.70599437796453313E-02 3.21418076437183934E-03 2.49102063671143292E-01 7.17538636871214281E-04 7.04335482035490287E-03
9.34147961E+00 6.68845083407147989E-02 3.20845487209602421E-03 2.49471669251389583E-01 7.17162853009750429E-04 7.01449356841171972E-03
9.35909502E+00 6.67092631217269111E-02 3.20270447054875297E-03 2.49834928962953201E-01 7.16782746111509174E-04 6.98585110188468250E-03
9.37675939E+00 6.65341103541673418E-02 3.19692958085994808E-03 2.50192137698892703E-01 7.16399102680428663E-04 6.95739663309872646E-03
9.39448256E+00 6.63589499512626385E-02 3.19113048607376059E-03 2.50543584606980174E-01 7.16012001539409471E-04 6.92910392188301073E-03
9.41227459E+00 6.61836804175334331E-02 3.18530782885385021E-03 2.50889550236841563E-01 7.15620592442783236E-04 6.90095380806744502E-03
9.43008561E+00 6.60087883335815362E-02 3.17948222338020146E-03 2.51229212436044735E-01 7.15224711153068272E-04 6.87302803867043555E-03
9.44790504E+00 6.58343704169943172E-02 3.17366175670104507E-03 2.51562484155545052E-01 7.14823735360026950E-04 6.84534987788241924E-03
9.46574111E+00 6.56603396150286928E-02 3.16784854309022992E-03 2.51889637055620508E-01 7.14417712216354321E-04 6.81791488765473054E-03
9.48360221E+00 6.54866079979235238E-02 3.16204463502071757E-03 2.52210944875996934E-01 7.14007470050861308E-04 6.79071739488658951E-03
9.50149691E+00 6.53130864722213794E-02 3.15625191927743033E-03 2.52526671540215852E-01 7.13594034401568737E-04 6.76374916336386616E-03
9.51943394E+00 6.51396846806944069E-02 3.15047207538210515E-03 2.52837069788661384E-01 7.13178389571749718E-04 6.73700009767387760E-03
9.53742214E+00 6.49663111676893057E-02 3.14470659968954210E-03 2.53142380679393819E-01 7.12761385521801238E-04 6.71046101076866550E-03
9.55546486E+00 6.47929273044582366E-02 3.13895863701276878E-03 2.53442744591456104E-01 7.12343597793965526E-04 6.68413593509603349E-03
9.57356886E+00 6.46194623260581413E-02 3.13323015268951672E-03 2.53738342723953236E-01 7.11924626682865279E-04 6.65803293197104584E-03
9.59174260E+00 6.44458297569906885E-02 3.12752238515312791E-03 2.54029369519029435E-01 7.11503102855563525E-04 6.63216797999051193E-03
9.60999467E+00 6.42719432346934572E-02 3.12183622682834019E-03 2.54316005008103696E-01 7.11077422563114229E-04 6.60656512934734361E-03
9.62833372E+00 6.40977165198058085E-02 3.11617210595703997E-03 2.54598414264832040E-01 7.10646809405946671E-04 6.58125157429647126E-03
9.64676850E+00 6.39230632834866808E-02 3.11052990514642386E-03 2.54876748103562756E-01 7.10212159434911016E-04 6.55625222639328892E-03
9.66530783E+00 6.37478967952848086E-02 3.10490893335991494E-03 2.55151143372481404E-01 7.09775331073262718E-04 6.53158656249382477E-03
9.68396058E+00 6.35721299116044081E-02 3.09930802918814609E-03 2.55421722437060683E-01 7.09337051496795315E-04 6.50726915581506353E-03
9.70273566E+00 6.33956758349712435E-02 3.09372588419990369E-03 2.55688592134695192E-01 7.08895909873315656E-04 6.48331280151848502E-03
9.72164203E+00 6.32184493256311708E-02 3.08816145991467391E-03 2.55951842643073912E-01 7.08448947726966326E-04 6.45973180035254793E-03
9.74068861E+00 6.30403674138918929E-02 3.08261420376861354E-03 2.56211546886109698E-01 7.07993170047950082E-04 6.43654376266009510E-03
9.75987034E+00 6.28614796458901587E-02 3.07708794391894956E-03 2.56467584570352680E-01 7.07527396029712175E-04 6.41378625577213469E-03
9.77918507E+00 6.26818083076383370E-02 3.07158556711046617E-03 2.56719863460945663E-01 7.07052257019176130E-04 6.39149452812702405E-03
9.79864051E+00 6.25012839896878919E-02 3.06610675254498496E-03 2.56968404825724306E-01 7.06568970032016167E-04 6.36969211349881510E-03
9.81824431E+00 6.23198374174344233E-02 3.06065051203424079E-03 2.57213218844175084E-01 7.06078652160248179E-04 6.34839939394929876E-03
9.83798269E+00 6.21375952997796563E-02 3.05522078120530442E-03 2.57454058018444842E-01 7.05581204740863307E-04 6.32765198714237056E-03
9.85782884E+00 6.19548011038690144E-02 3.04982435002443351E-03 2.57690530792251848E-01 7.05075248546637150E-04 6.30748786799503487E-03
9.87779160E+00 6.17713701472223445E-02 3.04445858398048929E-03 2.57922648032594848E-01 7.04559264730100256E-04 6.28790072271919083E-03
9.89787988E+00 6.15872188247266888E-02 3.03912132961664874E-03 2.58150422960195025E-01 7.04032570512989767E-04 6.26888195485248313E-03
9.91810262E+00 6.14022640385466223E-02 3.03381055612153257E-03 2.58373858517070176E-01 7.03494467207610853E-04 6.25042317923903568E-03
9.93846881E+00 6.12164228933279597E-02 3.02852399226549197E-03 2.58592946366247467E-01 7.02944183564148742E-04 6.23251625046939654E-03
9.95898751E+00 6.10296125848530796E-02 3.02325886770788560E-03 2.58807668180234429E-01 7.02381847239562872E-04 6.21515063081831080E-03
9.97966775E+00 6.08417502688318873E-02 3.01801179252735811E-03 2.59017996776889692E-01 7.01808749899375506E-04 6.19831036053929835E-03
1.00005149E+01 6.06527871634902974E-02 3.01277970642382714E-03 2.59223862586396792E-01 7.01226304550705832E-04 6.18197549749440693E-03
1.00214964E+01 6.04630142734118095E-02 3.00756825026559814E-03 2.59424859404940145E-01 7.00635763898937070E-04 6.16614650045262808E-03
1.00426191E+01 6.02723664279528823E-02 3.00237287549549262E-03 2.59620939973482956E-01 7.00036010706141937E-04 6.15078621085452144E-03
1.00638898E+01 6.00807730557566394E-02 2.99718863991592669E-03 2.59812465661380609E-01 6.99425657377242965E-04 6.13585355548184469E-03
1.00853153E+01 5.98881736907298304E-02 2.99201091056795201E-03 2.59998643625024617E-01 6.98804733234218811E-04 6.12130935070517336E-03
1.01069026E+01 5.96945060126915575E-02 2.98683470875595481E-03 2.60179830176959836E-01 6.98174526936935031E-04 6.10711686271776279E-03
1.01286587E+01 5.94997067757105855E-02 2.98165440346291524E-03 2.60355999269055394E-01 6.97536276911165341E-04 6.09323924345403587E-03
1.01505905E+01 5.93037119715140240E-02 2.97646355142733169E-03 2.60527144521017495E-01 6.96890464784839228E-04 6.07963425131309229E-03
1.01727017E+01 5.91064881260801381E-02 2.97125579821572736E-03 2.60693241418161969E-01 6.96236628122042802E-04 6.06625486827790193E-03
1.01948430E+01 5.89093589071900681E-02 2.96605971761195299E-03 2.60853276728537420E-01 6.95578396262237406E-04 6.05314061775429589E-03
1.02169602E+01 5.87127980305036518E-02 2.96088150871767937E-03 2.61006952531015357E-01 6.94917494748732299E-04 6.04027626325725521E-03
1.02390580E+01 5.85167560710209006E-02 2.95571393126583095E-03 2.61154427987936644E-01 6.94254687454555030E-04 6.02761872509751263E-03
1.02611512E+01 5.83210967192711038E-02 2.95054733694287289E-03 2.61295958002836504E-01 6.93590427294198402E-04 6.01511962731571433E-03
1.02832534E+01 5.81256968948257735E-02 2.94537200685930558E-03 2.61431796316570042E-01 6.92924564759171105E-04 6.00272692100030023E-03
1.03053766E+01 5.79304505502205719E-02 2.94017834594399079E-03 2.61562187125487344E-01 6.92256053861020713E-04 5.99038817757076032E-03
1.03275122E+01 5.77354316202361093E-02 2.93496147583183296E-03 2.61687272873106003E-01 6.91584249771447310E-04 5.97806664768206573E-03
1.03496518E+01 5.75407217354786046E-02 2.92971713127646418E-03 2.61806791800616723E-01 6.90909183848766690E-04 5.96573285997280354E-03
1.03718016E+01 5.73462658449838611E-02 2.92443732686269468E-03 2.61921807636505688E-01 6.90230902364864373E-04 5.95334853842270900E-03
1.03939552E+01 5.71521233668130721E-02 2.91911715652593343E-03 2.62032084486672867E-01 6.89549614474740859E-04 5.94088018415832482E-03
1.04161081E+01 5.69583381083226398E-02 2.91375128110814112E-03 2.62137838958154623E-01 6.88865091709353096E-04 5.92829273125866554E-03
1.04382657E+01 5.67648697170139716E-02 2.90833201689836987E-03 2.62239310699492523E-01 6.88176607462430488E-04 5.91554901280090441E-03
1.04604341E+01 5.65716724951292049E-02 2.90285152304928457E-03 2.62336752330810385E-01 6.87483419995111190E-04 5.90261481332932970E-03
1.04825964E+01 5.63789039921816851E-02 2.89730787000602773E-03 2.62430329180103672E-01 6.86785763459864100E-04 5.88946830134874644E-03
1.05047454E+01 5.61866354910863924E-02 2.89169712029434603E-03 2.62520242317558827E-01 6.86083529084027875E-04 5.87607717066161803E-03
1.05268921E+01 5.59947838541345472E-02 2.88601118612583909E-03 2.62606758180062461E-01 6.85376639822625998E-04 5.86239410407540882E-03
1.05490479E+01 5.58032614997973908E-02 2.88024190493400183E-03 2.62690144212112231E-01 6.84665263294111006E-04 5.84837137122873156E-03
1.05712248E+01 5.56119777969933948E-02 2.87438102170903742E-03 2.62770659673790763E-01 6.83948919282950196E-04 5.83396573794905688E-03
1.05934351E+01 5.54208413531357830E-02 2.86842035357063848E-03 2.62848551302647060E-01 6.83226498832000114E-04 5.81913961509098170E-03
1.06156792E+01 5.52298640747592856E-02 2.86235519415859244E-03 2.62924017511451003E-01 6.82497250021274634E-04 5.80386583887568166E-03
1.06379249E+01 5.50393391607052820E-02 2.85619035055579553E-03 2.62997153059566779E-01 6.81761747668165356E-04 5.78813893709984473E-03
1.06601822E+01 5.48491965435386891E-02 2.84991967940548480E-03 2.63068153122499815E-01 6.81020022614309468E-04 5.77192201713874926E-03
1.06824623E+01 5.46593603948029721E-02 2.84353689786416650E-03 2.63137218705414011E-01 6.80272329333950188E-04 5.75517550544235330E-03
1.07047768E+01 5.44697496351196700E-02 2.83703537935043291E-03 2.63204540688900757E-01 6.79518312536698177E-04 5.73786015032704162E-03
1.07271381E+01 5.42802793170319015E-02 2.83040810140437228E-03 2.63270298450609508E-01 6.78757603366743063E-04 5.71993885548024474E-03
1.07495590E+01 5.40908626918063101E-02 2.82364769884570514E-03 2.63334658493958984E-01 6.77990125242195689E-04 5.70137609020016003E-03
1.07720058E+01 5.39018028482019171E-02 2.81676075062777540E-03 2.63397667916102751E-01 6.77217441813112928E-04 5.68217585243073128E-03
1.07944839E+01 5.37130753802492061E-02 2.80974249595840895E-03 2.63459435724897995E-01 6.76439885441605052E-04 5.66231139220671129E-03
1.08170029E+01 5.35246191613885786E-02 2.80258669817028431E-03 2.63520082903976660E-01 6.75657348585173502E-04 5.64175165433450105E-03
1.08395733E+01 5.33363685102883900E-02 2.79528660949974334E-03 2.63579719197150508E-01 6.74869031113100194E-04 5.62046470936873339E-03
1.08622062E+01 5.31482536352798976E-02 2.78783486913209777E-03 2.63638441919357591E-01 6.74074004090592432E-04 5.59841765950829049E-03
1.08848893E+01 5.29604007598199408E-02 2.78023158473016986E-03 2.63696285788892815E-01 6.73272847691690755E-04 5.57560044382371910E-03
1.09076125E+01 5.27729159180902740E-02 2.77247623472792444E-03 2.63753269383633360E-01 6.72466738293535501E-04 5.55200230359875670E-03
1.09303845E+01 5.25857500576711670E-02 2.76456194111187421E-03 2.63809438171223654E-01 6.71656207452051598E-04 5.52759454721281091E-03
1.09532143E+01 5.23988529265847630E-02 2.75648143943171961E-03 2.63864832697177865E-01 6.70841237126004091E-04 5.50234947469328047E-03
1.09761117E+01 5.22121716017302645E-02 2.74822689956809307E-03 2.63919482234595992E-01 6.70020951427753543E-04 5.47624101322316190E-03
1.09990867E+01 5.20256497358625100E-02 2.73978978262003764E-03 2.63973405220086055E-01 6.69193779203551727E-04 5.44924437378245443E-03
1.10221356E+01 5.18393451576724049E-02 2.73116629926661034E-03 2.64026582176288493E-01 6.68358470746398215E-04 5.42135274016567262E-03
1.10452300E+01 5.16535119897860995E-02 2.72236207660974099E-03 2.64078933523439918E-01 6.67514960867177294E-04 5.39259204038192077E-03
1.10683790E+01 5.14681030041310231E-02 2.71336919175572781E-03 2.64130428372775783E-01 6.66662271750527403E-04 5.36294558944585761E-03
1.10915918E+01 5.12830715824966615E-02 2.70417979172181714E-03 2.64181039535265672E-01 6.65799611692450828E-04 5.33239790156675008E-03
1.11148778E+01 5.10983695538240398E-02 2.69478601359361301E-03 2.64230729672011888E-01 6.64925974917785195E-04 5.30093516462336583E-03
1.11382474E+01 5.09139458030962652E-02 2.68517991348229566E-03 2.64279453320977187E-01 6.64039937709172412E-04 5.26854521457146251E-03
1.11617115E+01 5.07297457698744278E-02 2.67535344941451569E-03 2.64327156868188307E-01 6.63140048441277679E-04 5.23521696528042330E-03
1.11851332E+01 5.05468664073497956E-02 2.66536216101287719E-03 2.64373555227872425E-01 6.62230855545241619E-04 5.20115734409038952E-03
1.12084377E+01 5.03659027449209901E-02 2.65523947334644515E-03 2.64418417034948561E-01 6.61314864999131978E-04 5.16650122343493504E-03
1.12316319E+01 5.01868049856878801E-02 2.64498546514785023E-03 2.64461666802267459E-01 6.60391461625634718E-04 5.13127030280367390E-03
1.12547247E+01 5.00095111932619824E-02 2.63460001313423715E-03 2.64503260301437337E-01 6.59460140672965957E-04 5.09548545369465939E-03
1.12777261E+01 4.98339495826828210E-02 2.62408274765294370E-03 2.64543154934566260E-01 6.58520623482337052E-04 5.05916655332600169E-03
1.13006471E+01 4.96600413989301201E-02 2.61343314193472447E-03 2.64581310555894345E-01 6.57572657124170113E-04 5.02233271825052764E-03
1.13234993E+01 4.94877040096490389E-02 2.60265069667259524E-03 2.64617687070031082E-01 6.56615841579935664E-04 4.98500304799595704E-03
1.13462862E+01 4.93169168702441291E-02 2.59173922932161944E-03 2.64652235057481922E-01 6.55649878387558663E-04 4.94721191855435668E-03
1.13689284E+01 4.91482736290395489E-02 2.58074363883566225E-03 2.64684823126611513E-01 6.54677593278951459E-04 4.90913675312538381E-03
1.13914378E+01 4.89816783927503815E-02 2.56966643854419875E-03 2.64715391452008064E-01 6.53697759382545519E-04 4.87080854705625177E-03
1.14138272E+01 4.88170300107262367E-02 2.55851004589501777E-03 2.64743927975729987E-01 6.52709296110462337E-04 4.83225785524829098E-03
1.14361101E+01 4.86542253621337836E-02 2.54727688989682790E-03 2.64760019698632665E-01 6.51711511314723765E-04 4.79351449231443360E-03
1.14582998E+01 4.84931623709213347E-02 2.53596954830040021E-03 2.64808659683942793E-01 6.50704197507293719E-04 4.75460743896031091E-03
1.14804093E+01 4.83337425194133793E-02 2.52459087779348954E-03 2.64812245498762422E-01 6.49687614171354970E-04 4.71556506783728756E-03
1.15024511E+01 4.81758727557359059E-02 2.51314411683458989E-03 2.64828511824579338E-01 6.48662340652818499E-04 4.67641568022672885E-03
1.15244368E+01 4.80194667654271282E-02 2.50163295940257491E-03 2.64868870787971666E-01 6.47628967665950760E-04 4.63718820971215171E-03
1.15463772E+01 4.78644456431865026E-02 2.49006160545849412E-03 2.64870409998226475E-01 6.46587639049839096E-04 4.59791286103765611E-03
1.15682820E+01 4.77107379982186983E-02 2.47843478710862378E-03 2.64876269168223710E-01 6.45538014193536834E-04 4.55862142091109125E-03
1.15901601E+01 4.75582795058016802E-02 2.46675775674765020E-03 2.64904673283384462E-01 6.44479652988710840E-04 4.51934709533579389E-03
1.16120195E+01 4.74070119634453641E-02 2.45503622478500817E-03 2.64906360369626226E-01 6.43412268173227221E-04 4.48012397003133556E-03
1.16338677E+01 4.72568819969750448E-02 2.44327625622500245E-03 2.64909538235554076E-01 6.42335758384015806E-04 4.44098629686158573E-03
1.16556715E+01 4.71081116680486384E-02 2.43150577871080681E-03 2.64914686072814320E-01 6.41252212956007353E-04 4.40203913769637856E-03
1.16774024E+01 4.69608862608665995E-02 2.41975048756675045E-03 2.64920254159507762E-01 6.40163746623182025E-04 4.36337693648410161E-03
1.16990700E+01 4.68151264784454138E-02 2.40801514135900686E-03 2.64923925571899144E-01 6.39070682300538055E-04 4.32502265130707466E-03
1.17206835E+01 4.66707597974619082E-02 2.39630473424198289E-03 2.64923932415156771E-01 6.37973538031033800E-04 4.28699853246211019E-03
1.17422511E+01 4.65277193720441268E-02 2.38462441437778741E-03 2.64919067322614832E-01 6.36872936561383158E-04 4.24932594808274337E-03
1.17637805E+01 4.63859427514259140E-02 2.37297937731229241E-03 2.64895853687611593E-01 6.35768455363404524E-04 4.21202511004436196E-03
1.17852792E+01 4.62453705586706940E-02 2.36137475236358231E-03 2.64897918241256802E-01 6.34659622181062296E-04 4.17511467520224541E-03
1.18067544E+01 4.61059452099441616E-02 2.34981549269307676E-03 2.64895420971350826E-01 6.33546319258758992E-04 4.13861129496063442E-03
1.18282133E+01 4.59676096873228995E-02 2.33830625173444889E-03 2.64863352790225937E-01 6.32428899770015314E-04 4.10252922325451703E-03
1.18496633E+01 4.58303064345325709E-02 2.32685125524106180E-03 2.64862043670083869E-01 6.31307995287400678E-04 4.06688004792051753E-03
1.18711124E+01 4.56939764777209434E-02 2.31545419734946510E-03 2.64832098369101487E-01 6.30184271455713047E-04 4.03167253601766258E-03
1.18925687E+01 4.55585588266370217E-02 2.30411817623697810E-03 2.64826931476810634E-01 6.29058281129626353E-04 3.99691258466914993E-03
1.19140409E+01 4.54239901562039430E-02 2.29284567888809110E-03 2.64780607212907693E-01 6.27930437833046470E-04 3.96260330134436557E-03
1.19355122E+01 4.52903667150975284E-02 2.28165217759625054E-03 2.64777426652895165E-01 6.26802465956135743E-04 3.92878607624178207E-03
1.19569397E+01 4.51579414340241916E-02 2.27056585514691291E-03 2.64728968035371381E-01 6.25677434789083907E-04 3.89553848944309677E-03
1.19783321E+01 4.50266447745165180E-02 2.25958738862091189E-03 2.64719447431608412E-01 6.24555562421207642E-04 3.86285392725740700E-03
1.19996985E+01 4.48964062770723857E-02 2.24871691793820461E-03 2.64663686337448523E-01 6.23436826801013612E-04 3.83072435122853343E-03
1.20210482E+01 4.47671542457392865E-02 2.23795404133120181E-03 2.64652280457225553E-01 6.22321043840263349E-04 3.79914051622292975E-03
1.20423913E+01 4.46388156198606195E-02 2.22729783081681470E-03 2.64589905534671932E-01 6.21207984458449470E-04 3.76809208096139971E-03
1.20637381E+01 4.45113159506187878E-02 2.21674685249087337E-03 2.64565500934860198E-01 6.20097492118080454E-04 3.73756759206660041E-03
1.20850995E+01 4.43845794115966460E-02 2.20629919014545895E-03 2.64519012539438381E-01 6.18989564789665142E-04 3.70755441693734495E-03
1.21064870E+01 4.42585288237962102E-02 2.19595247433557400E-03 2.64474805039181193E-01 6.17884286209107922E-04 3.67803870926406784E-03
1.21279124E+01 4.41330856662365545E-02 2.18570392270742457E-03 2.64427147727314016E-01 6.16781663936846747E-04 3.64900547571930496E-03
1.21493881E+01 4.40081700473678172E-02 2.17555038942993323E-03 2.64377228099028638E-01 6.15681615154931527E-04 3.62043877194184694E-03
1.21708549E+01 4.38841164335655315E-02 2.16552194656658868E-03 2.64324895491065526E-01 6.14587719756199183E-04 3.59241545139614036E-03
1.21923040E+01 4.37609612584232838E-02 2.15562382495915975E-03 2.64270233925967435E-01 6.13501158033840483E-04 3.56494170764599504E-03
1.22137479E+01 4.36386190972192362E-02 2.14585114465028507E-03 2.64213197247956055E-01 6.12421652396418718E-04 3.53799628759840024E-03
1.22351996E+01 4.35170035068171770E-02 2.13619880241094039E-03 2.64153756403807283E-01 6.11348125762053714E-04 3.51155857104483915E-03
1.22566727E+01 4.33960270874638385E-02 2.12666150207268482E-03 2.64091876151663851E-01 6.10279679019549060E-04 3.48560845294284497E-03
1.22781813E+01 4.32756014272406772E-02 2.11723376444608851E-03 2.64027514898429683E-01 6.09215572264654908E-04 3.46012590330279767E-03
1.22997402E+01 4.31556369007835075E-02 2.10790992564026522E-03 2.63960623949952178E-01 6.08155244245550631E-04 3.43509036937413676E-03
1.23213647E+01 4.30360423378075702E-02 2.09868413553179105E-03 2.63891147290187811E-01 6.07098351965681569E-04 3.41048028362364846E-03
1.23430627E+01 4.29167700572755106E-02 2.08955382999588806E-03 2.63819051030195151E-01 6.06045014832806250E-04 3.38628207033970846E-03
1.23647524E+01 4.27982606878025765E-02 2.08055329286724929E-03 2.63744630895435483E-01 6.04999472532769260E-04 3.36257820470892924E-03
1.23864498E+01 4.26804160942901509E-02 2.07167511299766269E-03 2.63667838064675586E-01 6.03961076563873161E-04 3.33933974951752897E-03
1.24081713E+01 4.25631366650715201E-02 2.06291184609615468E-03 2.63588611983714638E-01 6.02929218922373163E-04 3.31653847404947497E-03
1.24299342E+01 4.24463211483318975E-02 2.05425601365000427E-03 2.63506898746683982E-01 6.01903345381981573E-04 3.29414726099015861E-03
1.24517567E+01 4.23298664797364110E-02 2.04570009596737046E-03 2.63422635790517001E-01 6.00882921784160243E-04 3.27214015379388235E-03
1.24736575E+01 4.22136675161734615E-02 2.03723651521671564E-03 2.63335752189666150E-01 5.99867427357949614E-04 3.25049201683704847E-03
1.24956565E+01 4.20976166777533439E-02 2.02885761606909180E-03 2.63246168304181571E-01 5.98856282220517830E-04 3.22917800849214631E-03
1.25176958E+01 4.19820149582869270E-02 2.02058496428310797E-03 2.63154146391990196E-01 5.97852205890766521E-04 3.20824712598084729E-03
1.25397530E+01 4.18669714682430721E-02 2.01242566718875648E-03 2.63059805383531742E-01 5.96856023833317148E-04 3.18771046537624390E-03
1.25618487E+01 4.17523711227824473E-02 2.00437077059294763E-03 2.62963069840018604E-01 5.95866635121553349E-04 3.16753844130430572E-03
1.25840042E+01 4.16380967964236973E-02 1.99641139682045325E-03 2.62863865633654770E-01 5.94882987213860058E-04 3.14770231840030140E-03
1.26062419E+01 4.15240291982343496E-02 1.98853874462813843E-03 2.62762115915715966E-01 5.93904114788827882E-04 3.12817448521509299E-03
1.26285851E+01 4.14100467554790949E-02 1.98074408736063998E-03 2.62657735499136347E-01 5.92929198450548056E-04 3.10892848053771244E-03
1.26510447E+01 4.12960931067858847E-02 1.97302333235052293E-03 2.62550698798398430E-01 5.91957979384942772E-04 3.08994997317721485E-03
1.26735228E+01 4.11826599634754972E-02 1.96540908109621784E-03 2.62441540761040870E-01 5.90994654489007546E-04 3.07131449275355314E-03
1.26960439E+01 4.10696163367498604E-02 1.95789146991785833E-03 2.62330181824193154E-01 5.90038087765601079E-04 3.05299276733206467E-03
1.27186334E+01 4.09568295528898452E-02 1.95046088961259257E-03 2.62216535183078914E-01 5.89087254308896281E-04 3.03495644513339380E-03
1.27413175E+01 4.08441652246660722E-02 1.94310798771288101E-03 2.62100524206525798E-01 5.88141261528481196E-04 3.01717821012079329E-03
1.27641234E+01 4.07314873566047633E-02 1.93582367895158824E-03 2.61982066181642437E-01 5.87199370815105022E-04 2.99963193449183027E-03
1.27870609E+01 4.06187478231506069E-02 1.92860484231556430E-03 2.61861175065272900E-01 5.86261529167478638E-04 2.98230640940169841E-03
1.28100259E+01 4.05064537645278971E-02 1.92148352801501483E-03 2.61738510041095274E-01 5.85332026663332172E-04 2.96527482828901805E-03
1.28330475E+01 4.03944573230877318E-02 1.91444964271122791E-03 2.61613991294074588E-01 5.84409642408082277E-04 2.94850936976683541E-03
1.28561552E+01 4.02826097593885629E-02 1.90749346334128256E-03 2.61487536586420710E-01 5.83493219233000926E-04 2.93198385963456013E-03
1.28793795E+01 4.01707616854661553E-02 1.90060562596370154E-03 2.61359079583963927E-01 5.82581696502748906E-04 2.91567382194857965E-03
1.29027516E+01 4.00587635066385755E-02 1.89377713589293679E-03 2.61228552947181836E-01 5.81674098709166832E-04 2.89955655801979332E-03
1.29262195E+01 3.99468628761186217E-02 1.88702320322696742E-03 2.61096386446875162E-01 5.80772480170589937E-04 2.88366707269389769E-03
1.29497338E+01 3.98352905969204876E-02 1.88035740070866767E-03 2.60963002735981497E-01 5.79878583047164836E-04 2.86803640809208749E-03
1.29733281E+01 3.97238826359485875E-02 1.87376951209157093E-03 2.60828330739964920E-01 5.78991051269733847E-04 2.85263974444591173E-03
1.29970363E+01 3.96124754660661660E-02 1.86724976331044401E-03 2.60692313464808201E-01 5.78108668484681159E-04 2.83745349041635399E-03
1.30208931E+01 3.95009067464116223E-02 1.86078884304571759E-03 2.60554910122474392E-01 5.77230373341068538E-04 2.82245527554978934E-03
1.30449125E+01 3.93891108761840608E-02 1.85438332369524186E-03 2.60416211845198586E-01 5.76355700734858234E-04 2.80763663068834147E-03
1.30689704E+01 3.92776628389873705E-02 1.84806597547695038E-03 2.60277162390245620E-01 5.75488801928864110E-04 2.79307269444961474E-03
1.30931043E+01 3.91663834865653981E-02 1.84182602636067880E-03 2.60137705462696656E-01 5.74627981220327618E-04 2.77873792596732222E-03
1.31173519E+01 3.90550952382266239E-02 1.83565313680816400E-03 2.59997797718462154E-01 5.73771929213792221E-04 2.76460837272223979E-03
1.31417513E+01 3.89436229997436253E-02 1.82953736630245994E-03 2.59857431043235332E-01 5.72919675902237900E-04 2.75066152680456455E-03
1.31663402E+01 3.88317954631841530E-02 1.82346918423893669E-03 2.59716612703842109E-01 5.72070082817224585E-04 2.73687625241073908E-03
1.31909876E+01 3.87202058960635989E-02 1.81748000650841968E-03 2.59576382616601709E-01 5.71227170374469522E-04 2.72332397426790695E-03
1.32157097E+01 3.86087762142702309E-02 1.81156416879628347E-03 2.59436859395429875E-01 5.70389815073557615E-04 2.70999078410348810E-03
1.32405478E+01 3.84973158277292851E-02 1.80571012375525439E-03 2.59298021507158694E-01 5.69556490856450680E-04 2.69684874120192748E-03
1.32655434E+01 3.83856381639113564E-02 1.79990673977334717E-03 2.59159893570627742E-01 5.68726121850660613E-04 2.68387028804243895E-03
1.32907373E+01 3.82735624479375036E-02 1.79414333736195477E-03 2.59022527685257520E-01 5.67897713952277331E-04 2.67102869022333876E-03
1.33160176E+01 3.81615848708486000E-02 1.78844359885432271E-03 2.58886870473588993E-01 5.67074778395610757E-04 2.65837350091181496E-03
1.33413744E+01 3.80497456834257008E-02 1.78280704942081528E-03 2.58753231483853041E-01 5.66257317494693645E-04 2.64590006194215114E-03
1.33668525E+01 3.79378444194260062E-02 1.77722095967820315E-03 2.58621613807828610E-01 5.65443831415710801E-04 2.63357661499722968E-03
1.33924963E+01 3.78256860595654054E-02 1.77167299129525244E-03 2.58492075767085716E-01 5.64633159654776419E-04 2.62137243859114676E-03
1.34183492E+01 3.77130833378637315E-02 1.76615123638594910E-03 2.58364717044474168E-01 5.63824223482350343E-04 2.60925796442081429E-03
1.34443046E+01 3.76005015387521277E-02 1.76067538252693435E-03 2.58240440721770770E-01 5.63020018212276535E-04 2.59727294286573153E-03
1.34703421E+01 3.74880261872646003E-02 1.75524590654341727E-03 2.58119623170773138E-01 5.62220450268583155E-04 2.58541471412465987E-03
1.34965094E+01 3.73754508137968747E-02 1.74984910314145538E-03 2.58002294085535766E-01 5.61423523735853753E-04 2.57364950365600396E-03
1.35228534E+01 3.72625760546825835E-02 1.74447175010565428E-03 2.57888550166626873E-01 5.60627674331879897E-04 2.56194450565323676E-03
1.35494192E+01 3.71492124973521257E-02 1.73910116064643675E-03 2.57778540399725198E-01 5.59831489482156305E-04 2.55026806263925539E-03
1.35760930E+01 3.70358497442660681E-02 1.73375656115009160E-03 2.57673141536710559E-01 5.59037744177669324E-04 2.53865796056774442E-03
1.36028591E+01 3.69225542852457816E-02 1.72843680668878464E-03 2.57572688345497403E-01 5.58246180646156001E-04 2.52710780619226508E-03
1.36297670E+01 3.68091176464682285E-02 1.72312783223825062E-03 2.57477240530492202E-01 5.57455169815241291E-04 2.51558347305097518E-03
1.36568651E+01 3.66953401087006387E-02 1.71781605564379626E-03 2.57386937498330193E-01 5.56663549241142143E-04 2.50405234288797246E-03
1.36841999E+01 3.65810342875973402E-02 1.71248848020545403E-03 2.57301977933599268E-01 5.55870130029193117E-04 2.49248366201953444E-03
1.37116415E+01 3.64667473699348058E-02 1.70716625388103748E-03 2.57223179317713824E-01 5.55078385215511047E-04 2.48092154467132982E-03
1.37391901E+01 3.63524810667817388E-02 1.70184509020648942E-03 2.57150778909491395E-01 5.54288110605922319E-04 2.46935556248604679E-03
1.37668964E+01 3.62380288882750007E-02 1.69651110388225126E-03 2.57084873760140775E-01 5.53497817551879619E-04 2.45775505346853499E-03
1.37948094E+01 3.61231954092832638E-02 1.69115094951310095E-03 2.57025651916020004E-01 5.52705752508692743E-04 2.44609109031744499E-03
1.38229754E+01 3.60078005226389872E-02 1.68575194982680606E-03 2.56973363520626386E-01 5.51909831293074149E-04 2.43433667494567709E-03
1.38512500E+01 3.58924419695843197E-02 1.68033787289529994E-03 2.56928686444357957E-01 5.51112917459458318E-04 2.42254451598457538E-03
1.38796508E+01 3.57770530462725861E-02 1.67490158980238002E-03 2.56891788099442797E-01 5.50312856343271751E-04 2.41070009845176713E-03
1.39081809E+01 3.56616258803089878E-02 1.66943888289052575E-03 2.56862892396346354E-01 5.49508591278616981E-04 2.39879503844764308E-03
1.39367169E+01 3.55466617675230939E-02 1.66396997574795396E-03 2.56842401090055905E-01 5.48703483307991170E-04 2.38687404194269344E-03
1.39652852E+01 3.54320547966352484E-02 1.65848674947883102E-03 2.56835163319856730E-01 5.47896787495975412E-04 2.37492016141897843E-03
1.39938571E+01 3.53179205947526456E-02 1.65299197935458238E-03 2.56826851761372099E-01 5.47088250300409784E-04 2.36294061456831248E-03
1.40224100E+01 3.52043486265035399E-02 1.64748761451736993E-03 2.56823390659488504E-01 5.46277417525673501E-04 2.35094111253613541E-03
1.40509698E+01 3.50912369619331699E-02 1.64196665519993502E-03 2.56845190351399411E-01 5.45463413829553028E-04 2.33890793248863913E-03
1.40795624E+01 3.49784849039405377E-02 1.63642228399015735E-03 2.56867376602087416E-01 5.44645789051736995E-04 2.32682775210550554E-03
1.41082134E+01 3.48659951590512274E-02 1.63084791377288629E-03 2.56898146331190791E-01 5.43823030088749120E-04 2.31468770920621692E-03
1.41368880E+01 3.47539078529626247E-02 1.62524888201549789E-03 2.56937970680046646E-01 5.42994766935400047E-04 2.30250063150176047E-03
1.41655710E+01 3.46422844870610813E-02 1.61962694744219077E-03 2.56986791952210192E-01 5.42160783354445302E-04 2.29027102283781278E-03
1.41942884E+01 3.45310270417330464E-02 1.61397601840164743E-03 2.57044567023247184E-01 5.41320312095603350E-04 2.27798586133794124E-03
1.42230653E+01 3.44200422700181377E-02 1.60829024597579470E-03 2.57111378221018372E-01 5.40472192965166264E-04 2.26563245215427199E-03
1.42519256E+01 3.43092433648229181E-02 1.60256410034969612E-03 2.57187340196233682E-01 5.39615465388041489E-04 2.25319869070339258E-03
1.42808200E+01 3.41988249699736319E-02 1.59680676750650701E-03 2.57272411342518492E-01 5.38751818584280186E-04 2.24070436714408948E-03
1.43097510E+01 3.40887804133524139E-02 1.59101731839144636E-03 2.57366588998084012E-01 5.37881412282284954E-04 2.22814737327827524E-03
1.43387438E+01 3.39790184791307001E-02 1.58519049487880048E-03 2.57469954430716519E-01 5.37003030598257308E-04 2.21551643668868462E-03
1.43678221E+01 3.38694561377146930E-02 1.57932149793274133E-03 2.57582626120911928E-01 5.36115754975796709E-04 2.20280146524091860E-03
1.43970072E+01 3.37600197386004122E-02 1.57340606164099945E-03 2.57704741449116148E-01 5.35219219409491308E-04 2.18999361618206706E-03
1.44262317E+01 3.36509692538792052E-02 1.56745820892792561E-03 2.57836099327821588E-01 5.34315621640073235E-04 2.17712366562827862E-03
1.44555209E+01 3.35422146401090845E-02 1.56147329484095120E-03 2.57976772978167124E-01 5.33403931933825902E-04 2.16418196304645535E-03
1.44848986E+01 3.34336746230051371E-02 1.55544716229479864E-03 2.58126888934520571E-01 5.32483316138862095E-04 2.15115988311590086E-03
1.45143860E+01 3.33252787412651255E-02 1.54937627074243291E-03 2.58286600166990898E-01 5.31552880228714484E-04 2.13805006551704303E-03
1.45439835E+01 3.32170342660205523E-02 1.54326152644629518E-03 2.58455973362308133E-01 5.30612349530531872E-04 2.12485470230604169E-03
1.45736491E+01 3.31091011452806575E-02 1.53711276201914200E-03 2.58634830017410278E-01 5.29663087890749245E-04 2.11159525402503058E-03
1.46034074E+01 3.30013971830733568E-02 1.53092634797784397E-03 2.58823309520556544E-01 5.28704755570000621E-04 2.09826432034695238E-03
1.46332797E+01 3.28938527263116023E-02 1.52469943184575059E-03 2.59021588889706500E-01 5.27737343801907427E-04 2.08485660032644475E-03
1.46632841E+01 3.27864113524341597E-02 1.51842999757290857E-03 2.59229859319473677E-01 5.26760988814107883E-04 2.07136916346367401E-03
1.46934142E+01 3.26791055339024153E-02 1.51212135025005482E-03 2.59448166764020716E-01 5.25776568798261572E-04 2.05781109326696326E-03
1.47236430E+01 3.25720387013606963E-02 1.50578123164092767E-03 2.59676396655197428E-01 5.24785269573842901E-04 2.04420139422986343E-03
1.47539929E+01 3.24651392256158008E-02 1.49940725338422649E-03 2.59914760659681110E-01 5.23786350805973506E-04 2.03053748830461355E-03
1.47844823E+01 3.23583506039449090E-02 1.49299800225330664E-03 2.60163492004051311E-01 5.22779163664191049E-04 2.01681889132878690E-03
1.48151256E+01 3.22516317018604337E-02 1.48655309317040829E-03 2.60422824355179772E-01 5.21763321383733386E-04 2.00304713776709459E-03
1.48459331E+01 3.21449563285813728E-02 1.48007318252000772E-03 2.60692979679219505E-01 5.20739023708136897E-04 1.98922567121219808E-03
1.48768771E+01 3.20384294958732108E-02 1.47356710921139238E-03 2.60973866655861253E-01 5.19708164271697718E-04 1.97537500036205731E-03
1.49079716E+01 3.19320108621352350E-02 1.46703507361306573E-03 2.61265727988174434E-01 5.18671230955023398E-04 1.96149691543662458E-03
1.49392317E+01 3.18256577888473002E-02 1.46047724650310564E-03 2.61568852561295140E-01 5.17628660167009287E-04 1.94759296106375521E-03
1.49696159E+01 3.17228894853598467E-02 1.45411468762360677E-03 2.61873368699139908E-01 5.16616008891680593E-04 1.93413114771228962E-03
1.50000000E+01 3.16207166127222827E-02 1.44776657726314903E-03 2.62186791532429131E-01 5.15604696228239034E-04 1.92072772340332303E-03
