#  time, MeanKE MeanKEDR MeanP
0 1.24981176165412808E-01 4.68679415817068389E-04 -5.50482138072360219E-18
7.36310778E-03 1.24976036869823143E-01 6.96889027299841331E-04 6.46302127811765315E-05
1.47275355E-02 1.24971179774792246E-01 6.96868573583368637E-04 8.46182526954686846E-05
2.20922042E-02 1.24966416613036382E-01 6.96857803899382554E-04 8.97446814433979254E-05
2.94571665E-02 1.24961684309478308E-01 6.96856158855822957E-04 9.09465104650377727E-05
3.68224822E-02 1.24956961745046183E-01 6.96863454392466076E-04 8.78717016907256787E-05
4.41882138E-02 1.24952241792027380E-01 6.96879632913190898E-04 8.04509506227955867E-05
5.15544245E-02 1.24947521988625923E-01 6.96904680058476364E-04 6.86955241250972106E-05
5.89210659E-02 1.24942801501792281E-01 6.96938596402235135E-04 5.25970096569367405E-05
6.62879802E-02 1.24938080088723813E-01 6.96981387516296884E-04 3.21677488175917337E-05
7.36552313E-02 1.24933357539104214E-01 6.97033062417238918E-04 7.41078715023422454E-06
8.10228828E-02 1.24928633701605563E-01 6.97093632189443348E-04 -2.16701585165157511E-05
8.83909984E-02 1.24923908445272791E-01 6.97163109525752718E-04 -5.50704783001048240E-05
9.57596415E-02 1.24919181646632391E-01 6.97241508586074216E-04 -9.27850486605813290E-05
1.03128876E-01 1.24914453185353436E-01 6.97328844933794252E-04 -1.34808382958237239E-04
1.10498765E-01 1.24909722942639953E-01 6.97425135500576686E-04 -1.81134697477735294E-04
1.17869371E-01 1.24904990800776716E-01 6.97530398559960342E-04 -2.31757933085133678E-04
1.25240758E-01 1.24900256642846874E-01 6.97644653706724687E-04 -2.86671758337060255E-04
1.32612989E-01 1.24895520352644757E-01 6.97767921836415107E-04 -3.45869569732833290E-04
1.39986125E-01 1.24890781814595009E-01 6.97900225128338710E-04 -4.09344489720143956E-04
1.47360230E-01 1.24886040913695762E-01 6.98041587028380272E-04 -4.77089363793332412E-04
1.54735366E-01 1.24881297535476235E-01 6.98192032232941616E-04 -5.49096757682846588E-04
1.62111286E-01 1.24876551764494859E-01 6.98351580706532715E-04 -6.25355852580585739E-04
1.69488034E-01 1.24871803499075257E-01 6.98520257313878321E-04 -7.05857793986102615E-04
1.76865672E-01 1.24867052625766722E-01 6.98698089173196805E-04 -7.90593705908011974E-04
1.84244262E-01 1.24862299031467450E-01 6.98885104643545241E-04 -8.79533552557849462E-04
1.91623867E-01 1.24857542603462074E-01 6.99081333259688668E-04 -9.72733980541227029E-04
1.99004548E-01 1.24852783229364092E-01 6.99286805718106626E-04 -1.07011058384947591E-03
2.06386366E-01 1.24848020797117945E-01 6.99501553863585471E-04 -1.17168796219821762E-03
2.13769382E-01 1.24843255194989622E-01 6.99725610676651282E-04 -1.27745090592738418E-03
2.21153657E-01 1.24838486311495356E-01 6.99959010260367206E-04 -1.38738863732271287E-03
2.28539251E-01 1.24833714035460536E-01 7.00201787828434665E-04 -1.50149021921850540E-03
2.35926224E-01 1.24828938255939367E-01 7.00453979693051263E-04 -1.61974440929076144E-03
2.43314636E-01 1.24824158862217094E-01 7.00715623253175173E-04 -1.74213964622041222E-03
2.50704546E-01 1.24819375743810412E-01 7.00986756983225899E-04 -1.86866404547400881E-03
2.58095936E-01 1.24814588840276755E-01 7.01267417852085716E-04 -1.99930407191988273E-03
2.65488628E-01 1.24809798195301372E-01 7.01557637606079810E-04 -2.13404280427608633E-03
2.72882681E-01 1.24805003698496328E-01 7.01857455528643410E-04 -2.27286671966984988E-03
2.80278155E-01 1.24800205239561104E-01 7.02166913123470553E-04 -2.41576208947847379E-03
2.87675109E-01 1.24795402708364409E-01 7.02486052911665822E-04 -2.56271486926794257E-03
2.95073601E-01 1.24790595994882528E-01 7.02814918419900742E-04 -2.71371067176889207E-03
3.02473690E-01 1.24785784989255757E-01 7.03153554169544978E-04 -2.86873475972972570E-03
3.09875433E-01 1.24780969581731349E-01 7.03502005664175998E-04 -3.02777203900731103E-03
3.17278887E-01 1.24776149662757838E-01 7.03860319379065675E-04 -3.19080705679651013E-03
3.24684110E-01 1.24771325122857366E-01 7.04228542749265338E-04 -3.35782399147604863E-03
3.32091157E-01 1.24766495852684275E-01 7.04606724158708783E-04 -3.52880664987618390E-03
3.39500084E-01 1.24761661743056945E-01 7.04994912928649906E-04 -3.70373846004164523E-03
3.46910948E-01 1.24756822684868790E-01 7.05393159306942001E-04 -3.88260246452926420E-03
3.54323802E-01 1.24751978569163674E-01 7.05801514456735500E-04 -4.06538131509995553E-03
3.61738700E-01 1.24747129288537775E-01 7.06220030333429478E-04 -4.25205720979547012E-03
3.69155401E-01 1.24742274925797494E-01 7.06648745147790301E-04 -4.44260467567348955E-03
3.76573963E-01 1.24737415371444685E-01 7.07087709394167664E-04 -4.63700453215589673E-03
3.83994440E-01 1.24732550516047799E-01 7.07536976703795027E-04 -4.83523738181252001E-03
3.91416885E-01 1.24727680250199674E-01 7.07996601569826846E-04 -5.03728344772332460E-03
3.98841354E-01 1.24722804464597908E-01 7.08466639335866627E-04 -5.24312253308882332E-03
4.06267899E-01 1.24717923050003662E-01 7.08947146184868058E-04 -5.45273401531160429E-03
4.13696572E-01 1.24713035897241711E-01 7.09438179127070442E-04 -5.66609683660882022E-03
4.21127427E-01 1.24708142897231103E-01 7.09939795989965707E-04 -5.88318949963970248E-03
4.28560514E-01 1.24703243940945563E-01 7.10452055406076842E-04 -6.10399005863540046E-03
4.35995885E-01 1.24698338919426055E-01 7.10975016802896289E-04 -6.32847611330090987E-03
4.43433590E-01 1.24693427723737080E-01 7.11508740391279229E-04 -6.55662480004601169E-03
4.50873677E-01 1.24688510245030179E-01 7.12053287155174782E-04 -6.78841278824201221E-03
4.58316198E-01 1.24683586374495975E-01 7.12608718840530278E-04 -7.02381626716421480E-03
4.65761200E-01 1.24678656003345337E-01 7.13175097944736985E-04 -7.26281094480724261E-03
4.73208730E-01 1.24673719022835319E-01 7.13752487705038578E-04 -7.50537203709993137E-03
4.80658609E-01 1.24668775475687707E-01 7.14340936508718605E-04 -7.75146691614455197E-03
4.88110846E-01 1.24663825278179291E-01 7.14940502994216979E-04 -8.00106807536592017E-03
4.95565490E-01 1.24658868320573421E-01 7.15551251144121918E-04 -8.25414887334933317E-03
5.03022588E-01 1.24653904493132600E-01 7.16173246076569781E-04 -8.51068221777086763E-03
5.10482187E-01 1.24648933686121927E-01 7.16806553597624727E-04 -8.77064050258191848E-03
5.17944335E-01 1.24643955789833227E-01 7.17451240189983489E-04 -9.03399559571333235E-03
5.25409076E-01 1.24638970694568862E-01 7.18107373001515472E-04 -9.30071883216534827E-03
5.32876456E-01 1.24633978290620451E-01 7.18775019834167568E-04 -9.57078100329756577E-03
5.40346520E-01 1.24628978468328447E-01 7.19454249131671144E-04 -9.84415235236570790E-03
5.47819310E-01 1.24623971118007160E-01 7.20145129968832298E-04 -1.01208025639582758E-02
5.55294871E-01 1.24618956130005246E-01 7.20847732039974040E-04 -1.04007007572983201E-02
5.62773244E-01 1.24613933394662008E-01 7.21562125647368189E-04 -1.06838154775584400E-02
5.70254471E-01 1.24608902802324159E-01 7.22288381689145643E-04 -1.09701146875346416E-02
5.77738594E-01 1.24603864243343840E-01 7.23026571648512908E-04 -1.12595657631485730E-02
5.85225651E-01 1.24598817608099627E-01 7.23776767581168958E-04 -1.15521354769100668E-02
5.92715682E-01 1.24593762786925910E-01 7.24539042103834806E-04 -1.18477900004472416E-02
6.00208691E-01 1.24588699693771884E-01 7.25313465281545605E-04 -1.21464935328742737E-02
6.07704523E-01 1.24583628350473388E-01 7.26100092635477770E-04 -1.24482033139514982E-02
6.15203216E-01 1.24578548646022205E-01 7.26898994662487376E-04 -1.27528833053926292E-02
6.22704811E-01 1.24573460469349639E-01 7.27710245329988865E-04 -1.30604970260779062E-02
6.30209345E-01 1.24568363709373464E-01 7.28533919116450116E-04 -1.33710073808779861E-02
6.37716857E-01 1.24563258255001155E-01 7.29370091000436480E-04 -1.36843766388655332E-02
6.45227383E-01 1.24558143995106368E-01 7.30218836448515304E-04 -1.40005664163760785E-02
6.52740960E-01 1.24553020818543345E-01 7.31080231404233720E-04 -1.43195376779055080E-02
6.60257622E-01 1.24547888614150726E-01 7.31954352276584035E-04 -1.46412507195737805E-02
6.67777405E-01 1.24542747270744117E-01 7.32841275928382816E-04 -1.49656651709246784E-02
6.75300342E-01 1.24537596677088108E-01 7.33741079665039425E-04 -1.52927399794975556E-02
6.82826466E-01 1.24532436721941267E-01 7.34653841222716311E-04 -1.56224334103888529E-02
6.90355809E-01 1.24527267294032393E-01 7.35579638757034339E-04 -1.59547030322320614E-02
6.97888403E-01 1.24522088282038881E-01 7.36518550831234708E-04 -1.62895057180801398E-02
7.05424277E-01 1.24516899574601908E-01 7.37470656404701046E-04 -1.66267976283745456E-02
7.12963463E-01 1.24511701060343316E-01 7.38436034820977782E-04 -1.69665342164637134E-02
7.20505988E-01 1.24506492627817683E-01 7.39414765796418878E-04 -1.73086702087061096E-02
7.28051881E-01 1.24501274165567485E-01 7.40406929408330338E-04 -1.76531596106777738E-02
7.35601168E-01 1.24496045562085156E-01 7.41412606082951509E-04 -1.79999556870118586E-02
7.43153877E-01 1.24490806705827559E-01 7.42431876584085911E-04 -1.83490109696215382E-02
7.50709945E-01 1.24485557545853068E-01 7.43464811807399619E-04 -1.87002732768660612E-02
7.58269309E-01 1.24480298032561901E-01 7.44511480457853733E-04 -1.90536894334169642E-02
7.65831995E-01 1.24475028052617759E-01 7.45571961880787796E-04 -1.94092096199471216E-02
7.73398030E-01 1.24469747492638935E-01 7.46646337601254251E-04 -1.97667833654615217E-02
7.80967439E-01 1.24464456239177609E-01 7.47734689437960288E-04 -2.01263594523191161E-02
7.88540247E-01 1.24459154178735751E-01 7.48837099492100783E-04 -2.04878858976889761E-02
7.96116476E-01 1.24453841197763593E-01 7.49953650135823033E-04 -2.08513099553975095E-02
8.03696151E-01 1.24448517182642340E-01 7.51084424001119324E-04 -2.12165781023029472E-02
8.11279291E-01 1.24443182019701684E-01 7.52229503968244182E-04 -2.15836360386964486E-02
8.18865920E-01 1.24437835595226851E-01 7.53388973154916911E-04 -2.19524286890360430E-02
8.26456056E-01 1.24432477795440560E-01 7.54562914905013474E-04 -2.23229001851044002E-02
8.34049719E-01 1.24427108506490275E-01 7.55751412777659311E-04 -2.26949938774544634E-02
8.41646927E-01 1.24421727614471928E-01 7.56954550536377340E-04 -2.30686523188257352E-02
8.49247698E-01 1.24416335005435558E-01 7.58172412138405534E-04 -2.34438172724311562E-02
8.56852048E-01 1.24410930565346259E-01 7.59405081723995732E-04 -2.38204297008616436E-02
8.64459993E-01 1.24405514180109367E-01 7.60652643605968549E-04 -2.41984297690619639E-02
8.72071548E-01 1.24400085735550170E-01 7.61915182259121910E-04 -2.45777568391781706E-02
8.79686727E-01 1.24394645117458458E-01 7.63192782309798858E-04 -2.49583494718203132E-02
8.87305542E-01 1.24389192211507849E-01 7.64485528525864861E-04 -2.53401454240477393E-02
8.94928007E-01 1.24383726903321029E-01 7.65793505806364205E-04 -2.57230816451790301E-02
9.02554132E-01 1.24378249078477901E-01 7.67116799171171709E-04 -2.61070942826715537E-02
9.10183928E-01 1.24372758622414217E-01 7.68455493751073041E-04 -2.64921186766056589E-02
9.17817404E-01 1.24367255420552741E-01 7.69809674778009823E-04 -2.68780893623804841E-02
9.25454569E-01 1.24361739358204437E-01 7.71179427574736885E-04 -2.72649400733472359E-02
9.33095431E-01 1.24356210320619304E-01 7.72564837545558513E-04 -2.76526037368723630E-02
9.40739996E-01 1.24350668192977659E-01 7.73965990166025175E-04 -2.80410124822425243E-02
9.48388271E-01 1.24345112860357751E-01 7.75382970974264557E-04 -2.84300976392185649E-02
9.56040261E-01 1.24339544207783495E-01 7.76815865560902177E-04 -2.88197897391229280E-02
9.63695897E-01 1.24333962173992604E-01 7.78264747717671282E-04 -2.92100148508289692E-02
9.71355161E-01 1.24328366658867956E-01 7.79729697276816528E-04 -2.96007008346589086E-02
9.79018059E-01 1.24322757545269003E-01 7.81210799293377859E-04 -2.99917759867915183E-02
9.86684597E-01 1.24317134715963687E-01 7.82708139538272336E-04 -3.03831678536487480E-02
9.94354777E-01 1.24311498053651506E-01 7.84221803809670827E-04 -3.07748032161942776E-02
1.00202860E+00 1.24305847440958017E-01 7.85751877924512608E-04 -3.11666080855915531E-02
1.00970608E+00 1.24300182760391467E-01 7.87298447711063287E-04 -3.15585077220804991E-02
1.01738720E+00 1.24294503894381958E-01 7.88861599000594102E-04 -3.19504266284449459E-02
1.02507197E+00 1.24288810725281099E-01 7.90441417620074715E-04 -3.23422885673737004E-02
1.03276040E+00 1.24283103135355164E-01 7.92037989385357163E-04 -3.27340165638023775E-02
1.04045247E+00 1.24277381006755408E-01 7.93651400093628727E-04 -3.31255329161475043E-02
1.04814818E+00 1.24271644221561436E-01 7.95281735517273068E-04 -3.35167592052957805E-02
1.05584754E+00 1.24265892661773236E-01 7.96929081396775211E-04 -3.39076163031156244E-02
1.06355054E+00 1.24260126209257110E-01 7.98593523435389436E-04 -3.42980243844260083E-02
1.07125717E+00 1.24254344745828180E-01 8.00275147292466450E-04 -3.46879029368406047E-02
1.07896742E+00 1.24248548153174071E-01 8.01974038578329770E-04 -3.50771707749161776E-02
1.08668130E+00 1.24242736312895036E-01 8.03690282848501915E-04 -3.54657460510474851E-02
1.09439879E+00 1.24236909106501134E-01 8.05423965599170164E-04 -3.58535462663875024E-02
1.10211989E+00 1.24231066415377706E-01 8.07175172261515310E-04 -3.62404882899429320E-02
1.10984459E+00 1.24225208120844727E-01 8.08943988198004447E-04 -3.66264883681016104E-02
1.11757287E+00 1.24219334104079968E-01 8.10730498697593270E-04 -3.70114621439383493E-02
1.12530472E+00 1.24213444246194835E-01 8.12534788972094644E-04 -3.73953246686941840E-02
1.13304014E+00 1.24207538428164815E-01 8.14356944151878120E-04 -3.77779904233933941E-02
1.14077911E+00 1.24201616530877107E-01 8.16197049283539332E-04 -3.81593733316928779E-02
1.14852162E+00 1.24195678435120027E-01 8.18055189326324732E-04 -3.85393867805393850E-02
1.15626765E+00 1.24189724021572953E-01 8.19931449149579055E-04 -3.89179436391982672E-02
1.16401719E+00 1.24183753170776109E-01 8.21825913530760356E-04 -3.92949562761822288E-02
1.17177023E+00 1.24177765763182152E-01 8.23738667153360951E-04 -3.96703365816726689E-02
1.17952674E+00 1.24171761679168699E-01 8.25669794605930437E-04 -4.00439959901123035E-02
1.18728672E+00 1.24165740798914473E-01 8.27619380380618095E-04 -4.04158454960530725E-02
1.19505013E+00 1.24159703002574076E-01 8.29587508873092872E-04 -4.07857956840213601E-02
1.20281697E+00 1.24153648170110403E-01 8.31574264381987403E-04 -4.11537567447414279E-02
1.21058721E+00 1.24147576181423219E-01 8.33579731109797034E-04 -4.15196385053514805E-02
1.21836083E+00 1.24141486916248614E-01 8.35603993162989975E-04 -4.18833504488857825E-02
1.22613782E+00 1.24135380254229960E-01 8.37647134553800134E-04 -4.22448017425659586E-02
1.23391814E+00 1.24129256074850938E-01 8.39709239201356429E-04 -4.26039012626497626E-02
1.24170179E+00 1.24123114257504094E-01 8.41790390934175578E-04 -4.29605576223150640E-02
1.24948872E+00 1.24116954681422670E-01 8.43890673492542361E-04 -4.33146791970980757E-02
1.25727893E+00 1.24110777225731064E-01 8.46010170531141846E-04 -4.36661741554675228E-02
1.26507239E+00 1.24104581769371072E-01 8.48148965623010003E-04 -4.40149504847839740E-02
1.27286906E+00 1.24098368191201569E-01 8.50307142262942978E-04 -4.43609160249630111E-02
1.28066893E+00 1.24092136369892997E-01 8.52484783871998268E-04 -4.47039784945119992E-02
1.28847196E+00 1.24085886184017696E-01 8.54681973802118192E-04 -4.50440455225132666E-02
1.29627814E+00 1.24079617511959658E-01 8.56898795341688377E-04 -4.53810246809065732E-02
1.30408742E+00 1.24073330231965984E-01 8.59135331720783783E-04 -4.57148235180091927E-02
1.31189979E+00 1.24067024222133754E-01 8.61391666117821905E-04 -4.60453495857948147E-02
1.31971522E+00 1.24060699360417401E-01 8.63667881666215441E-04 -4.63725104793605569E-02
1.32753366E+00 1.24054355524573237E-01 8.65964061461423182E-04 -4.66962138666492735E-02
1.33535510E+00 1.24047992592228984E-01 8.68280288569221173E-04 -4.70163675277894474E-02
1.34317950E+00 1.24041610440826788E-01 8.70616646033519162E-04 -4.73328793799676004E-02
1.35100683E+00 1.24035208947632036E-01 8.72973216885774184E-04 -4.76456575259878307E-02
1.35883706E+00 1.24028787989756265E-01 8.75350084153839821E-04 -4.79546102818017017E-02
1.36667015E+00 1.24022347444118608E-01 8.77747330872538905E-04 -4.82596462129391973E-02
1.37450607E+00 1.24015887187433144E-01 8.80165040093872151E-04 -4.85606741758687135E-02
1.38234479E+00 1.24009407096267010E-01 8.82603294897757722E-04 -4.88576033527979015E-02
1.39018627E+00 1.24002907046927138E-01 8.85062178404596588E-04 -4.91503432881152946E-02
1.39803047E+00 1.23996386915570550E-01 8.87541773786251374E-04 -4.94388039310971333E-02
1.40587737E+00 1.23989846578144450E-01 8.90042164279425310E-04 -4.97228956666160571E-02
1.41372692E+00 1.23983285910349753E-01 8.92563433198608033E-04 -5.00025293623125103E-02
1.42157909E+00 1.23976704787715483E-01 8.95105663949493030E-04 -5.02776164041259452E-02
1.42943383E+00 1.23970103085490238E-01 8.97668940043699036E-04 -5.05480687322758596E-02
1.43729113E+00 1.23963480678715349E-01 9.00253345112813166E-04 -5.08137988860646872E-02
1.44515092E+00 1.23956837442203108E-01 9.02858962924110871E-04 -5.10747200418074643E-02
1.45301318E+00 1.23950173250532647E-01 9.05485877396096459E-04 -5.13307460520518039E-02
1.46087787E+00 1.23943487977984657E-01 9.08134172614297858E-04 -5.15818038962533240E-02
1.46874494E+00 1.23936781498622042E-01 9.10803932848859533E-04 -5.18277706836843821E-02
1.47661436E+00 1.23930053686227018E-01 9.13495242571022359E-04 -5.20686044105531931E-02
1.48448609E+00 1.23923304414290794E-01 9.16208186471267850E-04 -5.23042034089681446E-02
1.49236009E+00 1.23916533556045913E-01 9.18942849477230703E-04 -5.25344879114888821E-02
1.50023631E+00 1.23909740984428571E-01 9.21699316772918659E-04 -5.27593768224319734E-02
1.50811472E+00 1.23902926572040564E-01 9.24477673817777554E-04 -5.29787898465567883E-02
1.51599527E+00 1.23896090191220137E-01 9.27278006366450791E-04 -5.31926476956777958E-02
1.52387792E+00 1.23889231713958797E-01 9.30100400489250055E-04 -5.34008721141331286E-02
1.53176263E+00 1.23882351011922201E-01 9.32944942592890680E-04 -5.36033859234644958E-02
1.53964936E+00 1.23875447956410520E-01 9.35811719441537746E-04 -5.38001130603617053E-02
1.54753806E+00 1.23868522418436738E-01 9.38700818178951450E-04 -5.39909786182664261E-02
1.55542870E+00 1.23861574268576358E-01 9.41612326350246723E-04 -5.41759088813461090E-02
1.56332116E+00 1.23854603424111587E-01 9.44546315309250924E-04 -5.43548301818404314E-02
1.57121542E+00 1.23847609760972005E-01 9.47502867845528753E-04 -5.45276712829578722E-02
1.57911141E+00 1.23840593149216652E-01 9.50482071917431426E-04 -5.46943624237684889E-02
1.58700910E+00 1.23833553458421036E-01 9.53484016366454843E-04 -5.48548351864467931E-02
1.59490845E+00 1.23826490557748276E-01 9.56508790571285097E-04 -5.50090225352307463E-02
1.60280940E+00 1.23819404315818296E-01 9.59556484473087488E-04 -5.51568588548998970E-02
1.61071193E+00 1.23812294600774891E-01 9.62627188601570963E-04 -5.52982799839323858E-02
1.61861597E+00 1.23805161280234055E-01 9.65720994101530142E-04 -5.54332232502241645E-02
1.62652149E+00 1.23798004221286895E-01 9.68837992759417378E-04 -5.55616275035257165E-02
1.63442844E+00 1.23790823290485838E-01 9.71978277030181750E-04 -5.56834331482153125E-02
1.64233679E+00 1.23783618353778865E-01 9.75141940065275630E-04 -5.57985821747015442E-02
1.65024648E+00 1.23776389276545870E-01 9.78329075740254350E-04 -5.59070181918112433E-02
1.65815747E+00 1.23769135923571860E-01 9.81539778682446453E-04 -5.60086864539191404E-02
1.66606972E+00 1.23761858159050789E-01 9.84774144300392274E-04 -5.61035338922356158E-02
1.67398319E+00 1.23754555846459585E-01 9.88032268812026257E-04 -5.61915091399923794E-02
1.68189782E+00 1.23747228848669802E-01 9.91314249273972641E-04 -5.62725625597243345E-02
1.68981358E+00 1.23739877027863029E-01 9.94620183610818052E-04 -5.63466462669169887E-02
1.69773043E+00 1.23732500245507679E-01 9.97950170645251888E-04 -5.64137141530370659E-02
1.70564831E+00 1.23725098362378799E-01 1.00130431012738206E-03 -5.64737219080531094E-02
1.71356720E+00 1.23717671238467719E-01 1.00468270276543310E-03 -5.65266270381703309E-02
1.72148704E+00 1.23710218733025554E-01 1.00808545025613265E-03 -5.65723888864941155E-02
1.72940779E+00 1.23702740704507486E-01 1.01151265531510188E-03 -5.66109686452933164E-02
1.73732941E+00 1.23695237010562634E-01 1.01496442170795299E-03 -5.66423293561742758E-02
1.74525185E+00 1.23687707508009129E-01 1.01844085428162874E-03 -5.66664358577733604E-02
1.75317509E+00 1.23680152052775563E-01 1.02194205899517883E-03 -5.66832544933547691E-02
1.76109906E+00 1.23672570499928705E-01 1.02546814295179263E-03 -5.66927510473692678E-02
1.76902375E+00 1.23664962703632975E-01 1.02901921443024368E-03 -5.66948388376030815E-02
1.77694909E+00 1.23657328517096321E-01 1.03259538291651022E-03 -5.66898558842644923E-02
1.78487505E+00 1.23649667792591955E-01 1.03619675913672036E-03 -5.66770192579393803E-02
1.79280160E+00 1.23641980381361954E-01 1.03982345508915716E-03 -5.66570388535907327E-02
1.80072869E+00 1.23634266133654469E-01 1.04347558407581254E-03 -5.66295542313054040E-02
1.80865629E+00 1.23626524898683157E-01 1.04715326073624541E-03 -5.65946078711082393E-02
1.81658435E+00 1.23618756524562112E-01 1.05085660107989568E-03 -5.65521817272468738E-02
1.82451283E+00 1.23610960858306126E-01 1.05458572251873064E-03 -5.65022607994003848E-02
1.83244171E+00 1.23603137745803449E-01 1.05834074390120784E-03 -5.64448320418068986E-02
1.84037094E+00 1.23595287031783491E-01 1.06212178554485775E-03 -5.63798844561503656E-02
1.84830048E+00 1.23587408559743872E-01 1.06592896927002996E-03 -5.63074090773698910E-02
1.85623030E+00 1.23579502171990610E-01 1.06976241843356116E-03 -5.62273989741259514E-02
1.86416036E+00 1.23571567709529151E-01 1.07362225796232835E-03 -5.61398492489324913E-02
1.87209064E+00 1.23563605012121200E-01 1.07750861438728868E-03 -5.60447570376232038E-02
1.88002108E+00 1.23555613918147220E-01 1.08142161587728054E-03 -5.59421215048609838E-02
1.88795167E+00 1.23547594264653199E-01 1.08536139227362522E-03 -5.58319438403600127E-02
1.89588236E+00 1.23539545887285995E-01 1.08932807512383107E-03 -5.57142272528556651E-02
1.90381313E+00 1.23531468620239643E-01 1.09332179771652691E-03 -5.55889769619734991E-02
1.91174395E+00 1.23523362296261346E-01 1.09734269511588050E-03 -5.54562001900975737E-02
1.91967477E+00 1.23515226746578957E-01 1.10139090419591654E-03 -5.53159061514584965E-02
1.92760558E+00 1.23507061800873660E-01 1.10546656367640594E-03 -5.51681060421202601E-02
1.93553634E+00 1.23498867287279393E-01 1.10956981415710363E-03 -5.50128130255150352E-02
1.94346703E+00 1.23490643032247771E-01 1.11370079815293049E-03 -5.48500422203486715E-02
1.95139761E+00 1.23482388860632966E-01 1.11785966013025809E-03 -5.46798106848047083E-02
1.95932807E+00 1.23474104595549000E-01 1.12204654654161624E-03 -5.45021373999615769E-02
1.96725836E+00 1.23465790058411309E-01 1.12626160586219715E-03 -5.43170432530123079E-02
1.97518848E+00 1.23457445068810207E-01 1.13050498862541184E-03 -5.41245510194749979E-02
1.98311838E+00 1.23449069444572054E-01 1.13477684745947834E-03 -5.39246853415859886E-02
1.99104806E+00 1.23440663001610315E-01 1.13907733712395078E-03 -5.37174727106824595E-02
1.99897749E+00 1.23432225553964270E-01 1.14340661454640532E-03 -5.35029414423635677E-02
2.00690664E+00 1.23423756913727117E-01 1.14776483885931156E-03 -5.32811216565422727E-02
2.01483549E+00 1.23415256890988020E-01 1.15215217143761544E-03 -5.30520452513484342E-02
2.02276404E+00 1.23406725293798841E-01 1.15656877593603262E-03 -5.28157458821882086E-02
2.03069225E+00 1.23398161928175182E-01 1.16101481832739406E-03 -5.25722589324186876E-02
2.03862010E+00 1.23389566597950320E-01 1.16549046694008050E-03 -5.23216214882256253E-02
2.04654759E+00 1.23380939104838980E-01 1.16999589249762058E-03 -5.20639052118770027E-02
2.05447470E+00 1.23372279248298133E-01 1.17453126815538519E-03 -5.17990449273362380E-02
2.06240141E+00 1.23363586825543714E-01 1.17909676954227639E-03 -5.15272035347997329E-02
2.07032770E+00 1.23354861631511603E-01 1.18369257479888652E-03 -5.12483683870059645E-02
2.07825357E+00 1.23346103458723391E-01 1.18831886461770540E-03 -5.09625924117849613E-02
2.08617901E+00 1.23337312097339502E-01 1.19297582228329482E-03 -5.06699226390299878E-02
2.09410400E+00 1.23328487335029519E-01 1.19766363371348150E-03 -5.03704072971456474E-02
2.10202854E+00 1.23319628957003255E-01 1.20238248749961478E-03 -5.00640960634004539E-02
2.10995261E+00 1.23310736745887772E-01 1.20713257494925973E-03 -4.97510400467703409E-02
2.11787621E+00 1.23301810481725185E-01 1.21191409012748092E-03 -4.94312917586400835E-02
2.12579934E+00 1.23292849941867705E-01 1.21672722990046056E-03 -4.91049050757239869E-02
2.13372199E+00 1.23283854901004603E-01 1.22157219397757877E-03 -4.87719352112506166E-02
2.14164416E+00 1.23274825131041058E-01 1.22644918495564748E-03 -4.84324386763373624E-02
2.14956584E+00 1.23265760401082350E-01 1.23135840836336797E-03 -4.80864732486176727E-02
2.15748704E+00 1.23256660477357907E-01 1.23630007270629115E-03 -4.77340979363865617E-02
2.16540775E+00 1.23247525123200349E-01 1.24127438951140219E-03 -4.73753729434734649E-02
2.17332798E+00 1.23238354098941238E-01 1.24628157337463891E-03 -4.70103596352533723E-02
2.18124773E+00 1.23229147161904654E-01 1.25132184200644645E-03 -4.66391205018005170E-02
2.18916700E+00 1.23219904066325325E-01 1.25639541627981292E-03 -4.62617191237935030E-02
2.19708581E+00 1.23210624563302507E-01 1.26150252027843694E-03 -4.58782201365943165E-02
2.20500415E+00 1.23201308400745682E-01 1.26664338134572802E-03 -4.54886891945924798E-02
2.21292193E+00 1.23191955445690546E-01 1.27181817391030160E-03 -4.50931981233302914E-02
2.22083914E+00 1.23182565468863581E-01 1.27702710628934909E-03 -4.46918159378570518E-02
2.22875579E+00 1.23173138214869859E-01 1.28227040935708779E-03 -4.42846116452867491E-02
2.23667188E+00 1.23163673425061668E-01 1.28754831952572241E-03 -4.38716551170353838E-02
2.24458743E+00 1.23154170837399407E-01 1.29286107662186030E-03 -4.34530170727389226E-02
2.25250244E+00 1.23144630186410364E-01 1.29820892393896453E-03 -4.30287690372662887E-02
2.26041692E+00 1.23135051203135684E-01 1.30359210829144212E-03 -4.25989833176045121E-02
2.26833090E+00 1.23125433615068725E-01 1.30901088006969116E-03 -4.21637329540080208E-02
2.27624438E+00 1.23115777146069597E-01 1.31446549329533439E-03 -4.17230916998667586E-02
2.28415738E+00 1.23106081516361154E-01 1.31995620567883633E-03 -4.12771339752982733E-02
2.29206992E+00 1.23096346442389273E-01 1.32548327867678772E-03 -4.08259348383083892E-02
2.29998202E+00 1.23086571636802491E-01 1.33104697755113900E-03 -4.03695699483019727E-02
2.30789370E+00 1.23076756808397567E-01 1.33664757142834914E-03 -3.99081155375591093E-02
2.31580498E+00 1.23066901662039402E-01 1.34228533336158565E-03 -3.94416483685682412E-02
2.32371588E+00 1.23057005898574143E-01 1.34796054039213798E-03 -3.89702457102522881E-02
2.33162644E+00 1.23047069214816715E-01 1.35367347361243714E-03 -3.84939853015107067E-02
2.33953667E+00 1.23037091303436652E-01 1.35942441823108683E-03 -3.80129453203470816E-02
2.34744661E+00 1.23027071852909162E-01 1.36521366363845202E-03 -3.75272043489278534E-02
2.35535627E+00 1.23017010547446431E-01 1.37104150347314765E-03 -3.70368413494186061E-02
2.36326571E+00 1.23006907066950971E-01 1.37690823569078680E-03 -3.65419356273462143E-02
2.37117493E+00 1.22996761086905618E-01 1.38281416263277943E-03 -3.60425668048287573E-02
2.37908399E+00 1.22986572278337522E-01 1.38875959109779424E-03 -3.55388147886426115E-02
2.38699287E+00 1.22976340363975825E-01 1.39474480526320687E-03 -3.50307625554788296E-02
2.39490143E+00 1.22966065227335442E-01 1.40077000778763032E-03 -3.45185016168162023E-02
2.40280971E+00 1.22955746534316596E-01 1.40683549082609455E-03 -3.40021131391581508E-02
2.41071775E+00 1.22945383946223605E-01 1.41294157327531808E-03 -3.34816785059679281E-02
2.41862558E+00 1.22934977119655092E-01 1.41908857875555476E-03 -3.29572792174884083E-02
2.42653324E+00 1.22924525706440899E-01 1.42527683568898899E-03 -3.24289968938064610E-02
2.43444077E+00 1.22914029353540941E-01 1.43150667738103855E-03 -3.18969132353447427E-02
2.44234821E+00 1.22903487702943834E-01 1.43777844210131434E-03 -3.13611100170474166E-02
2.45025561E+00 1.22892900391681506E-01 1.44409247316917302E-03 -3.08216690462675483E-02
2.45816300E+00 1.22882267051620267E-01 1.45044911903833944E-03 -3.02786721509303580E-02
2.46607043E+00 1.22871587309514751E-01 1.45684873338470188E-03 -2.97322011542361306E-02
2.47397794E+00 1.22860860786844939E-01 1.46329167519593868E-03 -2.91823378444351356E-02
2.48188560E+00 1.22850087099779709E-01 1.46977830886160983E-03 -2.86291639690698964E-02
2.48979344E+00 1.22839265859054914E-01 1.47630900426731185E-03 -2.80727611997266188E-02
2.49770151E+00 1.22828396669961981E-01 1.48288413688826728E-03 -2.75132111156566085E-02
2.50560987E+00 1.22817479132199536E-01 1.48950408788761711E-03 -2.69505951932523698E-02
2.51351854E+00 1.22806512891237285E-01 1.49616921858334293E-03 -2.63849974374651304E-02
2.52142733E+00 1.22795497865446468E-01 1.50287975098853128E-03 -2.58165161575198317E-02
2.52933629E+00 1.22784433647259494E-01 1.50963604075537235E-03 -2.52452328505530163E-02
2.53724549E+00 1.22773319823409138E-01 1.51643848492549727E-03 -2.46712289181638296E-02
2.54515496E+00 1.22762155974739814E-01 1.52328748663492367E-03 -2.40945855217826882E-02
2.55306478E+00 1.22750941676160602E-01 1.53018345522237245E-03 -2.35153835958437363E-02
2.56097500E+00 1.22739676496526159E-01 1.53712680634119259E-03 -2.29337038340492842E-02
2.56888568E+00 1.22728359998507910E-01 1.54411796207255076E-03 -2.23496266659372229E-02
2.57679687E+00 1.22716991738588743E-01 1.55115735104308832E-03 -2.17632322569537122E-02
2.58470865E+00 1.22705571266898170E-01 1.55824540854348288E-03 -2.11746004814465510E-02
2.59262108E+00 1.22694098127147197E-01 1.56538257665046472E-03 -2.05838109216175749E-02
2.60053421E+00 1.22682571856580380E-01 1.57256930435202232E-03 -1.99909428494293023E-02
2.60844811E+00 1.22670991985808317E-01 1.57980604767359511E-03 -1.93960752194072307E-02
2.61636286E+00 1.22659358038778449E-01 1.58709326980909751E-03 -1.87992866575575727E-02
2.62427830E+00 1.22647669857379391E-01 1.59443127490638921E-03 -1.82006721663531164E-02
2.63219440E+00 1.22635927106268916E-01 1.60182042230786457E-03 -1.76003174436056044E-02
2.64011123E+00 1.22624129299591850E-01 1.60926117173920279E-03 -1.69983004407037244E-02
2.64802885E+00 1.22612275944565877E-01 1.61675400736497211E-03 -1.63946987670948972E-02
2.65594734E+00 1.22600366541312178E-01 1.62429942110405272E-03 -1.57895896262314726E-02
2.66386677E+00 1.22588400582798768E-01 1.63189791277710910E-03 -1.51830498238719643E-02
2.67178721E+00 1.22576377554692972E-01 1.63954999025806231E-03 -1.45751557536677526E-02
2.67970873E+00 1.22564296935276679E-01 1.64725616962787223E-03 -1.39659834030211177E-02
2.68763142E+00 1.22552158195353394E-01 1.65501697533286876E-03 -1.33556083375599294E-02
2.69555534E+00 1.22539960798138392E-01 1.66283294034763845E-03 -1.27441056999923474E-02
2.70348057E+00 1.22527704199110118E-01 1.67070460633867205E-03 -1.21315502114629457E-02
2.71140720E+00 1.22515387845990503E-01 1.67863252383499426E-03 -1.15180161541768300E-02
2.71933505E+00 1.22503011564583042E-01 1.68661705025775657E-03 -1.09035966562609967E-02
2.72726410E+00 1.22490574964011723E-01 1.69465861226238460E-03 -1.02883736279865360E-02
2.73519442E+00 1.22478077479306752E-01 1.70275775766687309E-03 -9.67242025082934963E-03
2.74312609E+00 1.22465518537376208E-01 1.71091506419816840E-03 -9.05580928919325935E-03
2.75105920E+00 1.22452897556901974E-01 1.71913111923723255E-03 -8.43861303189356177E-03
2.75899384E+00 1.22440213948169230E-01 1.72740652001029124E-03 -7.82090330721368909E-03
2.76693007E+00 1.22427467112936741E-01 1.73574187378439256E-03 -7.20275147020234957E-03
2.77486799E+00 1.22414656444366665E-01 1.74413779806720931E-03 -6.58422840928272329E-03
2.78280769E+00 1.22401781326882730E-01 1.75259492081182946E-03 -5.96540454758662676E-03
2.79074924E+00 1.22388841136014850E-01 1.76111388062618278E-03 -5.34634983910464972E-03
2.79869274E+00 1.22375835238345235E-01 1.76969532698571363E-03 -4.72713377097609515E-03
2.80663804E+00 1.22362763383195169E-01 1.77833971119208275E-03 -4.10784403521826519E-03
2.81458507E+00 1.22349625167874759E-01 1.78704751975863863E-03 -3.48856058655463248E-03
2.82253393E+00 1.22336419943008590E-01 1.79581939473368295E-03 -2.86935152838706546E-03
2.83048471E+00 1.22323147049932260E-01 1.80465602041203596E-03 -2.25028455180566406E-03
2.83843750E+00 1.22309805820454434E-01 1.81355809297163847E-03 -1.63142686656353019E-03
2.84639238E+00 1.22296395576724420E-01 1.82252632071084816E-03 -1.01284520218056727E-03
2.85434946E+00 1.22282915631094960E-01 1.83156142429069047E-03 -3.94605813625934605E-04
2.86230881E+00 1.22269365285983270E-01 1.84066413698236002E-03 2.23225518406945618E-04
2.87027054E+00 1.22255743833744920E-01 1.84983520492047119E-03 8.40583479489938204E-04
2.87823475E+00 1.22242050556556056E-01 1.85907538735951769E-03 1.45740322040108228E-03
2.88620145E+00 1.22228284841259388E-01 1.86838539441884716E-03 2.07361517335234551E-03
2.89417040E+00 1.22214446543784508E-01 1.87776567272574641E-03 2.68912896206147502E-03
2.90214170E+00 1.22200534926815027E-01 1.88721693261222870E-03 3.30388136871305298E-03
2.91011545E+00 1.22186549242470313E-01 1.89673997681542167E-03 3.91780947815352151E-03
2.91809174E+00 1.22172488732090564E-01 1.90633562241244894E-03 4.53085082801622449E-03
2.92607066E+00 1.22158352626007008E-01 1.91600470109785687E-03 5.14294342621728507E-03
2.93405233E+00 1.22144140143440341E-01 1.92574805946583538E-03 5.75402573351577965E-03
2.94203683E+00 1.22129850492312911E-01 1.93556655929944519E-03 6.36403666144662230E-03
2.95002426E+00 1.22115482869135331E-01 1.94546107786234342E-03 6.97291556946715105E-03
2.95801473E+00 1.22101036458774251E-01 1.95543250819519903E-03 7.58060225335318357E-03
2.96600828E+00 1.22086510543984658E-01 1.96548169881092475E-03 8.18703234570761391E-03
2.97400463E+00 1.22071904956610397E-01 1.97560918779873806E-03 8.79211873278436251E-03
2.98200390E+00 1.22057218858090039E-01 1.98581581255461445E-03 9.39580294083150469E-03
2.99000619E+00 1.22042451397763110E-01 1.99610251974237807E-03 9.99802675474370517E-03
2.99801158E+00 1.22027601712720687E-01 2.00647027317749039E-03 1.05987323765237822E-02
3.00602020E+00 1.22012668927569193E-01 2.01692005413440199E-03 1.11978624438147586E-02
3.01403214E+00 1.21997652154225186E-01 2.02745286165708109E-03 1.17953600045671344E-02
3.02204750E+00 1.21982550491815930E-01 2.03806971287429865E-03 1.23911685302188577E-02
3.03006640E+00 1.21967363026413506E-01 2.04877164331562648E-03 1.29852318939499244E-02
3.03808892E+00 1.21952088830923927E-01 2.05955970722945065E-03 1.35774943722164910E-02
3.04611500E+00 1.21936727327581582E-01 2.07043477373304759E-03 1.41678866357100221E-02
3.05414448E+00 1.21921278052001661E-01 2.08139760449687662E-03 1.47563354877754283E-02
3.06217747E+00 1.21905740049048569E-01 2.09244922854985799E-03 1.53427869207745735E-02
3.07021408E+00 1.21890112349777577E-01 2.10359076470882254E-03 1.59271871940271856E-02
3.07825441E+00 1.21874393971240724E-01 2.11482335191771507E-03 1.65094829484944000E-02
3.08629856E+00 1.21858583916311838E-01 2.12614814955588158E-03 1.70896212048607318E-02
3.09434666E+00 1.21842681173404008E-01 2.13756633774853187E-03 1.76675493616638389E-02
3.10239880E+00 1.21826684716324338E-01 2.14907911767447338E-03 1.82432151871653771E-02
3.11045508E+00 1.21810593504051712E-01 2.16068771187396050E-03 1.88165668132597511E-02
3.11851563E+00 1.21794406480533426E-01 2.17239336454981948E-03 1.93875527251710159E-02
3.12658012E+00 1.21778123432243077E-01 2.18419685015511060E-03 1.99560916956161086E-02
3.13464864E+00 1.21761743340762910E-01 2.19609928233848936E-03 2.05221316787925941E-02
3.14272128E+00 1.21745265116754056E-01 2.20810194909772670E-03 2.10856227893740054E-02
3.15079817E+00 1.21728687655097617E-01 2.22020616954382403E-03 2.16465154591619843E-02
3.15887942E+00 1.21712009834684304E-01 2.23241328565361571E-03 2.22047604521988413E-02
3.16696512E+00 1.21695230518257869E-01 2.24472466252630337E-03 2.27603088764527887E-02
3.17505540E+00 1.21678348552031940E-01 2.25714168863492800E-03 2.33131121637107121E-02
3.18315036E+00 1.21661362765595277E-01 2.26966577606673749E-03 2.38631220703379027E-02
3.19125011E+00 1.21644271971619117E-01 2.28229836075149019E-03 2.44102906691885634E-02
3.19935448E+00 1.21627075557044440E-01 2.29504055786226152E-03 2.49545515546378306E-02
3.20746340E+00 1.21609772696996341E-01 2.30789352242158482E-03 2.54958457418333374E-02
3.21557699E+00 1.21592362165392390E-01 2.32085868630868943E-03 2.60341270008523085E-02
3.22369536E+00 1.21574842718472867E-01 2.33393756701703609E-03 2.65693493082106054E-02
3.23181861E+00 1.21557213094530964E-01 2.34713170653653297E-03 2.71014669302598286E-02
3.23994686E+00 1.21539472013615729E-01 2.36044267147530974E-03 2.76304344246939802E-02
3.24808022E+00 1.21521618177312676E-01 2.37387205316268472E-03 2.81562066389933509E-02
3.25621880E+00 1.21503646649769190E-01 2.38742096400371921E-03 2.86788072865659972E-02
3.26436272E+00 1.21485558516751274E-01 2.40109115860105216E-03 2.91980670070294095E-02
3.27251189E+00 1.21467353719529186E-01 2.41488433841734488E-03 2.97139985019012343E-02
3.28066615E+00 1.21449031841848493E-01 2.42880182587612743E-03 3.02265291373704052E-02
3.28882561E+00 1.21430591603145344E-01 2.44284524405802240E-03 3.07356157069869698E-02
3.29699039E+00 1.21412031636321249E-01 2.45701632849490469E-03 3.12412153898559350E-02
3.30516058E+00 1.21393350531790026E-01 2.47131683284619597E-03 3.17432857150742112E-02
3.31333631E+00 1.21374546852082738E-01 2.48574853297678236E-03 3.22417844769612369E-02
3.32151770E+00 1.21355619136400972E-01 2.50031322813274543E-03 3.27366697256097350E-02
3.32970484E+00 1.21336565902135735E-01 2.51501274113287735E-03 3.32278997498295647E-02
3.33789786E+00 1.21317385644999914E-01 2.52984891820814571E-03 3.37154330733032900E-02
3.34609676E+00 1.21298077089560336E-01 2.54482347740935932E-03 3.41992221463646232E-02
3.35430128E+00 1.21278639556197290E-01 2.55993774063153351E-03 3.46792047528985056E-02
3.36251155E+00 1.21259071489474471E-01 2.57519345595594697E-03 3.51553411438061542E-02
3.37072767E+00 1.21239371311696181E-01 2.59059254078596382E-03 3.56275916269732651E-02
3.37894976E+00 1.21219537422651527E-01 2.60613693329461108E-03 3.60959166853937544E-02
3.38717793E+00 1.21199568199383129E-01 2.62182859175748946E-03 3.65602770146913475E-02
3.39541229E+00 1.21179461995895868E-01 2.63766949381020240E-03 3.70206335120894375E-02
3.40365296E+00 1.21159217142931763E-01 2.65366163563198788E-03 3.74769472724561237E-02
3.41190005E+00 1.21138831947666420E-01 2.66980703104604264E-03 3.79291795813981245E-02
3.42015361E+00 1.21118304827836573E-01 2.68610762786670055E-03 3.83772889637394032E-02
3.42841335E+00 1.21097635095103406E-01 2.70256479838968224E-03 3.88212145251203844E-02
3.43667937E+00 1.21076820999960325E-01 2.71918039600093590E-03 3.92609192750294975E-02
3.44495178E+00 1.21055860768599033E-01 2.73595647424567517E-03 3.96963661831612052E-02
3.45323071E+00 1.21034752602722187E-01 2.75289509815347796E-03 4.01275183528567378E-02
3.46151626E+00 1.21013494679269598E-01 2.76999834278788496E-03 4.05543390433443021E-02
3.46980854E+00 1.20992085150267464E-01 2.78726829170043711E-03 4.09767916801399984E-02
3.47810768E+00 1.20970522142587841E-01 2.80470703527707860E-03 4.13948398389213726E-02
3.48641377E+00 1.20948803757751119E-01 2.82231666897827084E-03 4.18084472420531608E-02
3.49472692E+00 1.20926928098264747E-01 2.84009927487591631E-03 4.22175772602490854E-02
3.50304679E+00 1.20904894445781078E-01 2.85805617447055854E-03 4.26221711629442904E-02
3.51137347E+00 1.20882700841269841E-01 2.87618921688667390E-03 4.30220566210944011E-02
3.51970709E+00 1.20860345299970778E-01 2.89450047647684663E-03 4.34176460349989593E-02
3.52804776E+00 1.20837825811283481E-01 2.91299202192922373E-03 4.38083868458663331E-02
3.53639559E+00 1.20815140338647334E-01 2.93166591384611073E-03 4.41944888637194472E-02
3.54475069E+00 1.20792286819451686E-01 2.95052420221871611E-03 4.45758832282996606E-02
3.55311317E+00 1.20769263164961366E-01 2.96956892379741716E-03 4.49525345176590013E-02
3.56148315E+00 1.20746067260229517E-01 2.98880209935558326E-03 4.53244084248903487E-02
3.56986073E+00 1.20722696964048873E-01 3.00822573084822678E-03 4.56914708736722297E-02
3.57824559E+00 1.20699151351122316E-01 3.02784100484294015E-03 4.60536686225276048E-02
3.58663780E+00 1.20675428336511639E-01 3.04764955693575569E-03 4.64109676177006519E-02
3.59503748E+00 1.20651525718256103E-01 3.06765327390690892E-03 4.67633351804729452E-02
3.60344473E+00 1.20627441268547853E-01 3.08785402906806101E-03 4.71107386297741695E-02
3.61185968E+00 1.20603172733695529E-01 3.10825366109599268E-03 4.74531453641533763E-02
3.62028242E+00 1.20578717834272375E-01 3.12885397067283683E-03 4.77905228633958359E-02
3.62871308E+00 1.20554074265181277E-01 3.14965671705726711E-03 4.81228386846927134E-02
3.63715175E+00 1.20529239695798415E-01 3.17066361460051132E-03 4.84500604558179351E-02
3.64559856E+00 1.20504211770122785E-01 3.19187632920592658E-03 4.87721558803480212E-02
3.65403643E+00 1.20479039493759821E-01 3.21326315898934822E-03 4.90884399594638948E-02
3.66244038E+00 1.20453797128487430E-01 3.23476522955864609E-03 4.93979881734353324E-02
3.67081139E+00 1.20428482267155523E-01 3.25636784812215760E-03 4.97009027110030532E-02
3.67915048E+00 1.20403092202282833E-01 3.27807205643936743E-03 4.99972697015182432E-02
3.68745869E+00 1.20377624241198938E-01 3.29987890936388152E-03 5.02871684996439028E-02
3.69573701E+00 1.20352075707423262E-01 3.32178940677035602E-03 5.05706754912574677E-02
3.70398640E+00 1.20326443940681677E-01 3.34380449162683313E-03 5.08478642754305876E-02
3.71220781E+00 1.20300726296668242E-01 3.36592504890372663E-03 5.11188057447008390E-02
3.72040217E+00 1.20274920146953707E-01 3.38815190475655944E-03 5.13835681592689705E-02
3.72857037E+00 1.20249022878613845E-01 3.41048582586847299E-03 5.16422172293924814E-02
3.73671329E+00 1.20223031894008070E-01 3.43292751891642990E-03 5.18948161943530231E-02
3.74483178E+00 1.20196944610395401E-01 3.45547763014563076E-03 5.21414259016796944E-02
3.75292668E+00 1.20170758459592422E-01 3.47813674505673479E-03 5.23821048800294717E-02
3.76099880E+00 1.20144470887534674E-01 3.50090538819025762E-03 5.26169094147574609E-02
3.76904893E+00 1.20118079353893487E-01 3.52378402302155804E-03 5.28458936194956819E-02
3.77707786E+00 1.20091581331604261E-01 3.54677305195584287E-03 5.30691095074217467E-02
3.78508633E+00 1.20064974306366187E-01 3.56987281643094756E-03 5.32866070561975880E-02
3.79307509E+00 1.20038255776189803E-01 3.59308359712344179E-03 5.34984342792478029E-02
3.80104486E+00 1.20011423250828378E-01 3.61640561426013543E-03 5.37046372864160362E-02
3.80899634E+00 1.19984474251272982E-01 3.63983902803604285E-03 5.39052603479895642E-02
3.81693023E+00 1.19957406309200473E-01 3.66338393913910468E-03 5.41003459575042575E-02
3.82484719E+00 1.19930216966349493E-01 3.68704038937951988E-03 5.42899348874763196E-02
3.83274789E+00 1.19902903773969435E-01 3.71080836242966648E-03 5.44740662502745457E-02
3.84063298E+00 1.19875464292233364E-01 3.73468778466894569E-03 5.46527775521306533E-02
3.84850307E+00 1.19847896089510339E-01 3.75867852614041606E-03 5.48261047478962107E-02
3.85635880E+00 1.19820196741857024E-01 3.78278040161370184E-03 5.49940822937721868E-02
3.86420077E+00 1.19792363832252044E-01 3.80699317175891335E-03 5.51567431987927473E-02
3.87202956E+00 1.19764394949990832E-01 3.83131654443217813E-03 5.53141190742693703E-02
3.87984577E+00 1.19736287689938131E-01 3.85575017607083870E-03 5.54662401823667120E-02
3.88764995E+00 1.19708039651852477E-01 3.88029367319994668E-03 5.56131354828690722E-02
3.89544268E+00 1.19679648439688507E-01 3.90494659405461958E-03 5.57548326807952785E-02
3.90322450E+00 1.19651111660822609E-01 3.92970845031040406E-03 5.58913582677389650E-02
3.91099595E+00 1.19622426925262454E-01 3.95457870893229334E-03 5.60227375691829954E-02
3.91875755E+00 1.19593591844951122E-01 3.97955679413517904E-03 5.61489947826300864E-02
3.92650984E+00 1.19564604032933230E-01 4.00464208946055798E-03 5.62701530240593689E-02
3.93425332E+00 1.19535461102540500E-01 4.02983393996820920E-03 5.63862343623343226E-02
3.94198849E+00 1.19506160666578362E-01 4.05513165454213838E-03 5.64975668181517607E-02
3.94971586E+00 1.19476700336463237E-01 4.08053450831848911E-03 5.66032091170629581E-02
3.95743592E+00 1.19447077721358721E-01 4.10604174522132166E-03 5.67042598283421795E-02
3.96514913E+00 1.19417290427319273E-01 4.13165258061985643E-03 5.68002421878556138E-02
3.97285599E+00 1.19387336056279034E-01 4.15736620410328984E-03 5.68912415281504769E-02
3.98055697E+00 1.19357212205250640E-01 4.18318178237122879E-03 5.69772771748734350E-02
3.98825252E+00 1.19326916465252772E-01 4.20909846223974007E-03 5.70583652901997113E-02
3.99594310E+00 1.19296446420399452E-01 4.23511537376737666E-03 5.71345211175898829E-02
4.00362918E+00 1.19265799646868995E-01 4.26123163349441045E-03 5.72057592000883158E-02
4.01131119E+00 1.19234973711825773E-01 4.28744634780168533E-03 5.72720934275912641E-02
4.01898959E+00 1.19203966172445025E-01 4.31375861638259601E-03 5.73335370739530628E-02
4.02666482E+00 1.19172774574764884E-01 4.34016753583138949E-03 5.73901028349938155E-02
4.03433732E+00 1.19141396452543277E-01 4.36667220334353151E-03 5.74418028601525466E-02
4.04200751E+00 1.19109829326180472E-01 4.39327172053233413E-03 5.74886487877972335E-02
4.04967584E+00 1.19078070701440539E-01 4.41996519734897102E-03 5.75306517688572994E-02
4.05734272E+00 1.19046118068327988E-01 4.44675175611898652E-03 5.75678224822099224E-02
4.06500860E+00 1.19013968899753173E-01 4.47363053567967003E-03 5.76001711199725375E-02
4.07267390E+00 1.18981620650287959E-01 4.50060069562127369E-03 5.76277073083657290E-02
4.08033904E+00 1.18949070754826039E-01 4.52766142063029415E-03 5.76504398504202181E-02
4.08800444E+00 1.18916316627210306E-01 4.55481192492731331E-03 5.76683759347064034E-02
4.09567052E+00 1.18883355658811071E-01 4.58205145680039977E-03 5.76776447576555912E-02
4.10333772E+00 1.18850185217117266E-01 4.60937930320020652E-03 5.76947050114837365E-02
4.11100645E+00 1.18816802644171743E-01 4.63679479445985431E-03 5.76947800850650255E-02
4.11867714E+00 1.18783205255078683E-01 4.66429730905696966E-03 5.76943050639337485E-02
4.12635020E+00 1.18749390336416419E-01 4.69188627842291161E-03 5.76864925463999104E-02
4.13402607E+00 1.18715355144569351E-01 4.71956119181012133E-03 5.76716581085795765E-02
4.14170517E+00 1.18681096904076328E-01 4.74732160117789445E-03 5.76666248782356505E-02
4.14938792E+00 1.18646612805740181E-01 4.77516712616597987E-03 5.76348444715158101E-02
4.15707475E+00 1.18611900005126086E-01 4.80309745895045933E-03 5.76172169587345073E-02
4.16476610E+00 1.18576955620328744E-01 4.83111236916575811E-03 5.75863703988681794E-02
4.17246240E+00 1.18541776730360177E-01 4.85921170876990778E-03 5.75523045886046913E-02
4.18016409E+00 1.18506360373050540E-01 4.88739541683890812E-03 5.75134701656359534E-02
4.18787160E+00 1.18470703542981587E-01 4.91566352430413984E-03 5.74700028797174578E-02
4.19558538E+00 1.18434803189442314E-01 4.94401615859674411E-03 5.74218853014210745E-02
4.20330588E+00 1.18398656214277601E-01 4.97245354819050855E-03 5.73691326937049578E-02
4.21103356E+00 1.18362259469622172E-01 5.00097602702525342E-03 5.73117592563734610E-02
4.21876886E+00 1.18325609755630057E-01 5.02958403878447143E-03 5.72497804512142536E-02
4.22651225E+00 1.18288703818116361E-01 5.05827814101139032E-03 5.71832128105651816E-02
4.23426420E+00 1.18251538346140717E-01 5.08705900902439809E-03 5.71120740868344828E-02
4.24202518E+00 1.18214109969520975E-01 5.11592743959295940E-03 5.70363833737388970E-02
4.24979567E+00 1.18176415256257175E-01 5.14488435433575579E-03 5.69561612369756873E-02
4.25757615E+00 1.18138450709952256E-01 5.17393080277276513E-03 5.68714298500694604E-02
4.26536712E+00 1.18100212767056165E-01 5.20306796498653298E-03 5.67822131362986718E-02
4.27316908E+00 1.18061697794173748E-01 5.23229715383742404E-03 5.66885369206543699E-02
4.28098253E+00 1.18022902085203496E-01 5.26161981665536349E-03 5.65904290851793335E-02
4.28880800E+00 1.17983821858429483E-01 5.29103753638254879E-03 5.64879197366981028E-02
4.29664599E+00 1.17944453253572445E-01 5.32055203210820334E-03 5.63810413790214598E-02
4.30449705E+00 1.17904792328760874E-01 5.35016515896484784E-03 5.62698290964927517E-02
4.31236172E+00 1.17864835057444592E-01 5.37987890734834863E-03 5.61543207447432677E-02
4.32024055E+00 1.17824577325217422E-01 5.40969540144854537E-03 5.60345571503281376E-02
4.32813408E+00 1.17784014926658465E-01 5.43961689704894075E-03 5.59105823234612512E-02
4.33604291E+00 1.17743143562013333E-01 5.46964577856711050E-03 5.57824436732977449E-02
4.34396760E+00 1.17701958834003889E-01 5.49978455528657428E-03 5.56501922409150043E-02
4.35190875E+00 1.17660456244417067E-01 5.53003585671647552E-03 5.55138829377642348E-02
4.35983253E+00 1.17618812750563295E-01 5.56030270831504077E-03 5.53741688562219905E-02
4.36773071E+00 1.17577073660371470E-01 5.59052985591580297E-03 5.52313370712019594E-02
4.37560479E+00 1.17535233361168848E-01 5.62071379441769683E-03 5.50855004145308288E-02
4.38345634E+00 1.17493285639448025E-01 5.65086029795913887E-03 5.49367641908811433E-02
4.39128701E+00 1.17451223698718021E-01 5.68097548205185807E-03 5.47852322441494816E-02
4.39909852E+00 1.17409040168478099E-01 5.71106578446205215E-03 5.46310071185779067E-02
4.40689266E+00 1.17366727112961644E-01 5.74113794363527614E-03 5.44741902488281374E-02
4.41467130E+00 1.17324276042809220E-01 5.77119897428882492E-03 5.43148821861301340E-02
4.42243635E+00 1.17281677930307693E-01 5.80125614011513680E-03 5.41531828473829357E-02
4.43018978E+00 1.17238923228865380E-01 5.83131692364623373E-03 5.39891918179396454E-02
4.43793364E+00 1.17196001896594723E-01 5.86138899341331378E-03 5.38230086925789719E-02
4.44566852E+00 1.17152911692303241E-01 5.89147579755860702E-03 5.36547652441142289E-02
4.45338317E+00 1.17109716764662516E-01 5.92154436027135522E-03 5.34848546424532764E-02
4.46107954E+00 1.17066408345013848E-01 5.95158926034186284E-03 5.33134009595878020E-02
4.46875957E+00 1.17022977137391418E-01 5.98161745570720098E-03 5.31405210974845027E-02
4.47642529E+00 1.16979413372296254E-01 6.01163600339067825E-03 5.29663327710825776E-02
4.48407875E+00 1.16935706856186816E-01 6.04165201766690071E-03 5.27909541548155711E-02
4.49172202E+00 1.16891847022940629E-01 6.07167262413566260E-03 5.26145043783912345E-02
4.49935720E+00 1.16847822989369216E-01 6.10170491027635202E-03 5.24371040829874832E-02
4.50697820E+00 1.16803671199514694E-01 6.13173136403186853E-03 5.22590658514202402E-02
4.51458620E+00 1.16759386347411884E-01 6.16174825120389263E-03 5.20805415556668261E-02
4.52218328E+00 1.16714957783913331E-01 6.19176119582595490E-03 5.19016609000306980E-02
4.52977155E+00 1.16670374363750981E-01 6.22177664051904236E-03 5.17225549603346837E-02
4.53735317E+00 1.16625624489772983E-01 6.25180101840773494E-03 5.15433562583628296E-02
4.54491602E+00 1.16580781181573737E-01 6.28179764283278829E-03 5.13645356715887735E-02
4.55246150E+00 1.16535838217044357E-01 6.31175658209874504E-03 5.11862519692432363E-02
4.55999169E+00 1.16490784893569746E-01 6.34168267718141117E-03 5.10086424378615733E-02
4.56750874E+00 1.16445610035378039E-01 6.37158138496201655E-03 5.08318464146163829E-02
4.57501187E+00 1.16400319838063607E-01 6.40144922269789401E-03 5.06560727960028226E-02
4.58249476E+00 1.16354954424571055E-01 6.43126288887522699E-03 5.04816608531230143E-02
4.58995474E+00 1.16309532117481421E-01 6.46100468161064055E-03 5.03088614810927176E-02
4.59739187E+00 1.16264054994870858E-01 6.49066836483663291E-03 5.01378591674352184E-02
4.60480713E+00 1.16218519265256739E-01 6.52025297892981550E-03 4.99688153109139749E-02
4.61220148E+00 1.16172921210783306E-01 6.54975822153590001E-03 4.98018912510157646E-02
4.61957585E+00 1.16127257183557750E-01 6.57918352377118067E-03 4.96372479201129882E-02
4.62693113E+00 1.16081523599349271E-01 6.60852806212463163E-03 4.94750455074698323E-02
4.63426820E+00 1.16035716930670316E-01 6.63779076984027765E-03 4.93154433099089740E-02
4.64158791E+00 1.15989833699626080E-01 6.66697034869266018E-03 4.91585995598402409E-02
4.64889111E+00 1.15943870470801819E-01 6.69606528171458326E-03 4.90046712619849958E-02
4.65617858E+00 1.15897823844185927E-01 6.72507384706319458E-03 4.88538140184683750E-02
4.66345113E+00 1.15851690448051284E-01 6.75399413294072021E-03 4.87061818643242037E-02
4.67070953E+00 1.15805466931909823E-01 6.78282405322499365E-03 4.85619270990250082E-02
4.67795453E+00 1.15759149959516125E-01 6.81156136335838228E-03 4.84212001208644272E-02
4.68518689E+00 1.15712736201940322E-01 6.84020367605665813E-03 4.82841492480042128E-02
4.69240732E+00 1.15666222330766108E-01 6.86874847655080147E-03 4.81509205430068754E-02
4.69961655E+00 1.15619605011412468E-01 6.89719313724969016E-03 4.80216576229697267E-02
4.70681528E+00 1.15572880896599797E-01 6.92553493192307832E-03 4.78965014789763041E-02
4.71400422E+00 1.15526046619873812E-01 6.95377104961489214E-03 4.77755902952494635E-02
4.72118405E+00 1.15479098789255122E-01 6.98189860853858611E-03 4.76590592782052333E-02
4.72835547E+00 1.15432033980984505E-01 7.00991467012364918E-03 4.75470404916119513E-02
4.73551913E+00 1.15384848733197584E-01 7.03781625327928265E-03 4.74396627019111547E-02
4.74267573E+00 1.15337539539723893E-01 7.06560034875809186E-03 4.73370512339459371E-02
4.74982593E+00 1.15290102843747466E-01 7.09326393342069213E-03 4.72393278373030717E-02
4.75697040E+00 1.15242535031499810E-01 7.12080398412294653E-03 4.71466105704343788E-02
4.76410981E+00 1.15194832425862925E-01 7.14821749096820284E-03 4.70590136982883683E-02
4.77124483E+00 1.15146991279819630E-01 7.17550146973947554E-03 4.69766476104545791E-02
4.77837612E+00 1.15099007770008741E-01 7.20265297341943396E-03 4.68996187566554576E-02
4.78550436E+00 1.15050877989917491E-01 7.22966910279770197E-03 4.68280296022291695E-02
4.79263023E+00 1.15002597943219972E-01 7.25654701623257986E-03 4.67619786091059420E-02
4.79975440E+00 1.14954163536850229E-01 7.28328393864465396E-03 4.67015602481656231E-02
4.80687565E+00 1.14905583626958394E-01 7.30987175364474634E-03 4.66468800269373776E-02
4.81399092E+00 1.14856879819994470E-01 7.33629565075103601E-03 4.65980461728591339E-02
4.82110066E+00 1.14808049801689085E-01 7.36254942839769961E-03 4.65551279722407549E-02
4.82820532E+00 1.14759091202194741E-01 7.38863012107202240E-03 4.65181891894737159E-02
4.83530536E+00 1.14710001596397063E-01 7.41453487874655162E-03 4.64872914574650034E-02
4.84240123E+00 1.14660778500622063E-01 7.44026097289717751E-03 4.64624910857717108E-02
4.84949340E+00 1.14611419368275902E-01 7.46580580113378935E-03 4.64438339843049608E-02
4.85658232E+00 1.14561921585043108E-01 7.49116689078150894E-03 4.64313292324365218E-02
4.86366846E+00 1.14512282464113310E-01 7.51634190155274062E-03 4.64296570654115087E-02
4.87075230E+00 1.14462499241255983E-01 7.54132862746616575E-03 4.64256808366746987E-02
4.87783432E+00 1.14412569070254086E-01 7.56612499805686591E-03 4.64248045936703907E-02
4.88491499E+00 1.14362489018309005E-01 7.59072907898482741E-03 4.64281453067423439E-02
4.89199482E+00 1.14312256061756184E-01 7.61513907214807391E-03 4.64741014989341339E-02
4.89907430E+00 1.14261867081785512E-01 7.63935331541006502E-03 4.64766316221602790E-02
4.90615395E+00 1.14211318861042868E-01 7.66337028181572101E-03 4.65260839835662798E-02
4.91323428E+00 1.14160608079387771E-01 7.68718857837862295E-03 4.65521989021167107E-02
4.92031584E+00 1.14109731310635315E-01 7.71080694435384920E-03 4.65999354458474999E-02
4.92739915E+00 1.14058685018457076E-01 7.73422424895098184E-03 4.66489321582304120E-02
4.93448478E+00 1.14007465552524292E-01 7.75743948838197861E-03 4.67058205369249302E-02
4.94157329E+00 1.13956069143983568E-01 7.78045178221109697E-03 4.67685358372148183E-02
4.94866525E+00 1.13904491900588420E-01 7.80326036897286031E-03 4.68376336353045486E-02
4.95576127E+00 1.13852729801173905E-01 7.82586460108604387E-03 4.69129627654516837E-02
4.96286195E+00 1.13800778689705534E-01 7.84826393916229596E-03 4.69945345684886009E-02
4.96996792E+00 1.13748634268815402E-01 7.87045794594306604E-03 4.70823198210228583E-02
4.97707980E+00 1.13696292093268328E-01 7.89244628023729432E-03 4.71762944417042848E-02
4.98419825E+00 1.13643747563636738E-01 7.91422869136989768E-03 4.72764306073543625E-02
4.99132394E+00 1.13590995920731339E-01 7.93580501472286939E-03 4.73826989088394490E-02
4.99845755E+00 1.13538032241168318E-01 7.95717516880560007E-03 4.74950684402432044E-02
5.00559978E+00 1.13484851434353370E-01 7.97833915403573478E-03 4.76135071595994233E-02
5.01275135E+00 1.13431448240693303E-01 7.99929705309747677E-03 4.77379821118204192E-02
5.01991299E+00 1.13377817231612860E-01 8.02004903278662022E-03 4.78684596225293496E-02
5.02708545E+00 1.13323952811978740E-01 8.04059534756089607E-03 4.80049054804966291E-02
5.03426950E+00 1.13269849225631838E-01 8.06093634478638466E-03 4.81472851186179607E-02
5.04146592E+00 1.13215500562510216E-01 8.08107247008267929E-03 4.82955637885122344E-02
5.04867551E+00 1.13160900764880001E-01 8.10100427035997418E-03 4.84497067333968315E-02
5.05589907E+00 1.13106043631756067E-01 8.12073239339932210E-03 4.86096793627783241E-02
5.06313744E+00 1.13050922822144850E-01 8.14025758435322176E-03 4.87754474252548934E-02
5.07039147E+00 1.12995531858181980E-01 8.15958068009729233E-03 4.89469771723295421E-02
5.07766200E+00 1.12939864128421635E-01 8.17870260216500659E-03 4.91242355092468622E-02
5.08494991E+00 1.12883912891911034E-01 8.19762434875247192E-03 4.93071901333834647E-02
5.09225609E+00 1.12827671282851955E-01 8.21634698618232788E-03 4.94958096555110152E-02
5.09958141E+00 1.12771132315992562E-01 8.23487164014950757E-03 4.96900637079908392E-02
5.10692680E+00 1.12714288892911366E-01 8.25319948706298816E-03 4.98899230379230493E-02
5.11429314E+00 1.12657133808902035E-01 8.27133174566868461E-03 5.00953595792364495E-02
5.12168137E+00 1.12599659760930351E-01 8.28926966914920495E-03 5.03063465183331768E-02
5.12909241E+00 1.12541859356564591E-01 8.30701453814509938E-03 5.05228583295230516E-02
5.13652717E+00 1.12483725124644371E-01 8.32456765556358752E-03 5.07448708132152565E-02
5.14398470E+00 1.12425264377423464E-01 8.34192694491636688E-03 5.09723044861026958E-02
5.15145510E+00 1.12366554638327065E-01 8.35907377797730569E-03 5.12048026162138653E-02
5.15893912E+00 1.12307590495901805E-01 8.37600473740504441E-03 5.14423070767871873E-02
5.16643748E+00 1.12248366452920481E-01 8.39272208556122133E-03 5.16847699575725197E-02
5.17394284E+00 1.12188941094040540E-01 8.40921442183934810E-03 5.19318838780470637E-02
5.18145010E+00 1.12129355678224962E-01 8.42547110738330572E-03 5.21833928917851894E-02
5.18896000E+00 1.12069605371683367E-01 8.44149310780597031E-03 5.24392276727318821E-02
5.19647325E+00 1.12009685535939915E-01 8.45728431901067619E-03 5.26993254886518950E-02
5.20399056E+00 1.11949591727407385E-01 8.47284866539579212E-03 5.29636259235216483E-02
5.21151257E+00 1.11889319696284392E-01 8.48819009647470285E-03 5.32320705231273464E-02
5.21903995E+00 1.11828865383393053E-01 8.50331258279175134E-03 5.35046026895167198E-02
5.22657329E+00 1.11768224914539041E-01 8.51822011131886034E-03 5.37811676174782261E-02
5.23411319E+00 1.11707394592894874E-01 8.53291668059239471E-03 5.40617122572867592E-02
5.24166022E+00 1.11646370889923019E-01 8.54740629603433465E-03 5.43461852798743511E-02
5.24921493E+00 1.11585150436292774E-01 8.56169296637451435E-03 5.46345370594150184E-02
5.25677785E+00 1.11523730014861377E-01 8.57578070208265576E-03 5.49267196395457763E-02
5.26434947E+00 1.11462106554691312E-01 8.58967351508442729E-03 5.52226867078301625E-02
5.27193028E+00 1.11400277123761479E-01 8.60337541783339800E-03 5.55223935789016035E-02
5.27952076E+00 1.11338238918775062E-01 8.61689042082952432E-03 5.58257971706752273E-02
5.28712136E+00 1.11275989253208349E-01 8.63022252945416617E-03 5.61328559945446573E-02
5.29473251E+00 1.11213525545260025E-01 8.64337574148383789E-03 5.64435301314265767E-02
5.30235463E+00 1.11150845307350213E-01 8.65635404645428291E-03 5.67577812113727875E-02
5.30998650E+00 1.11087959578485190E-01 8.66915928837469658E-03 5.70755052250934702E-02
5.31762177E+00 1.11024921838022789E-01 8.68178623413305879E-03 5.73963833345542407E-02
5.32526090E+00 1.10961729421623134E-01 8.69423713216342132E-03 5.77203721576043591E-02
5.33290435E+00 1.10898379779636347E-01 8.70651669562430737E-03 5.80474337606397134E-02
5.34055258E+00 1.10834870470833083E-01 8.71862962139464265E-03 5.83775321444109443E-02
5.34820599E+00 1.10771199160727501E-01 8.73058059455595302E-03 5.87106328939369301E-02
5.35586500E+00 1.10707363620566712E-01 8.74237429198792236E-03 5.90467030889924027E-02
5.36353000E+00 1.10643361725285147E-01 8.75401538484963868E-03 5.93857111988035508E-02
5.37120135E+00 1.10579191449733036E-01 8.76550853980461765E-03 5.97276270110362814E-02
5.37887942E+00 1.10514850863034739E-01 8.77685841868216382E-03 6.00724215732898192E-02
5.38656455E+00 1.10450338123731159E-01 8.78806967777185158E-03 6.04200671347053797E-02
5.39425708E+00 1.10385651479333644E-01 8.79914696805855594E-03 6.07705370945902379E-02
5.40195730E+00 1.10320789264757732E-01 8.81009493426414790E-03 6.11238059489367658E-02
5.40966554E+00 1.10255749894065808E-01 8.82091821201576830E-03 6.14798492524342710E-02
5.41738209E+00 1.10190531848397374E-01 8.83162142485651759E-03 6.18386435930282918E-02
5.42510723E+00 1.10125133663074595E-01 8.84220918189234859E-03 6.22001665703608500E-02
5.43284124E+00 1.10059553915337754E-01 8.85268607529283297E-03 6.25643967721225963E-02
5.44058439E+00 1.09993791213514380E-01 8.86305667641846401E-03 6.29313137515283283E-02
5.44833694E+00 1.09927844187852106E-01 8.87332553036943722E-03 6.33008979919130049E-02
5.45609915E+00 1.09861711483241309E-01 8.88349715005685991E-03 6.36731308644544747E-02
5.46387128E+00 1.09795391753863270E-01 8.89357601136738819E-03 6.40479945821910701E-02
5.47165315E+00 1.09728887238053963E-01 8.90356612435154633E-03 6.44254519729741820E-02
5.47944481E+00 1.09662198381637002E-01 8.91347157864183851E-03 6.48054762491967196E-02
5.48724652E+00 1.09595323625614111E-01 8.92329672314679488E-03 6.51880526015339717E-02
5.49505853E+00 1.09528261410476321E-01 8.93304592389150727E-03 6.55731669678596835E-02
5.50288112E+00 1.09461010172091325E-01 8.94272350011170690E-03 6.59608059069357600E-02
5.51071454E+00 1.09393568339422861E-01 8.95233372309847154E-03 6.63509565324603146E-02
5.51855903E+00 1.09325934333379782E-01 8.96188081634215900E-03 6.67436064502449772E-02
5.52641485E+00 1.09258106566739219E-01 8.97136895733483507E-03 6.71387437127712455E-02
5.53427760E+00 1.09190123498613748E-01 8.98079786440094188E-03 6.75361241033331505E-02
5.54214658E+00 1.09121991856422781E-01 8.99016969722096250E-03 6.79356837795231233E-02
5.55002205E+00 1.09053710011395716E-01 8.99948841547643444E-03 6.83374085210455978E-02
5.55790426E+00 1.08985276369337719E-01 9.00875815182035355E-03 6.87412848116917136E-02
5.56579346E+00 1.08916689370780584E-01 9.01798296728529084E-03 6.91472992523610719E-02
5.57368987E+00 1.08847947493301608E-01 9.02716684703610585E-03 6.95554384073291815E-02
5.58159373E+00 1.08779049254016547E-01 9.03631369854648175E-03 6.99656887302650687E-02
5.58950526E+00 1.08709993211736300E-01 9.04542735183338532E-03 7.03780364847667317E-02
5.59742265E+00 1.08640795472761578E-01 9.05450973154878908E-03 7.07923634898292298E-02
5.60534049E+00 1.08571503838482117E-01 9.06355896337977807E-03 7.12083605186576429E-02
5.61325829E+00 1.08502123299169098E-01 9.07257677776244359E-03 7.16259700597688398E-02
5.62117617E+00 1.08432653426708783E-01 9.08156653140803141E-03 7.20451681968493352E-02
5.62909418E+00 1.08363094186068223E-01 9.09053158407826037E-03 7.24659291427359464E-02
5.63701246E+00 1.08293445120362680E-01 9.09947522552099347E-03 7.28882295635347177E-02
5.64493110E+00 1.08223705768883668E-01 9.10840065471040308E-03 7.33120460275039632E-02
5.65285023E+00 1.08153875665973884E-01 9.11731096952959723E-03 7.37373549479042462E-02
5.66076994E+00 1.08083954340411431E-01 9.12620916533656880E-03 7.41641325542680141E-02
5.66869035E+00 1.08013941314841863E-01 9.13509813165835211E-03 7.45923548542948289E-02
5.67661154E+00 1.07943836105403021E-01 9.14398064893929066E-03 7.50219976039936121E-02
5.68453363E+00 1.07873638221511220E-01 9.15285938710608780E-03 7.54530362893285345E-02
5.69245671E+00 1.07803347165906852E-01 9.16173690618506294E-03 7.58854460924362068E-02
5.70038087E+00 1.07732962435061655E-01 9.17061565775290771E-03 7.63192018823145302E-02
5.70830620E+00 1.07662483520128388E-01 9.17949798556589973E-03 7.67542781858777251E-02
5.71623279E+00 1.07591909908107894E-01 9.18838612452480344E-03 7.71906491782313464E-02
5.72416073E+00 1.07521241083445684E-01 9.19728219835702632E-03 7.76282886674294903E-02
5.73209011E+00 1.07450476529405897E-01 9.20618821719905445E-03 7.80671700696068116E-02
5.74002100E+00 1.07379615729460365E-01 9.21510607616243989E-03 7.85072664076404830E-02
5.74795348E+00 1.07308658168516882E-01 9.22403755505208853E-03 7.89485502874811285E-02
5.75588764E+00 1.07237603333899326E-01 9.23298431832946832E-03 7.93909938948678257E-02
5.76382355E+00 1.07166450716589312E-01 9.24194791403335977E-03 7.98345689837812039E-02
5.77176127E+00 1.07095199812203529E-01 9.25092977111800600E-03 8.02792468684825344E-02
5.77970052E+00 1.07023853446344880E-01 9.25993086527322935E-03 8.07249777499172566E-02
5.78764077E+00 1.06952416475609977E-01 9.26895175493053572E-03 8.11716985974901412E-02
5.79558209E+00 1.06880888356301745E-01 9.27799335296420127E-03 8.16193794153854957E-02
5.80352455E+00 1.06809268557069417E-01 9.28705659134804878E-03 8.20679898894721288E-02
5.81146824E+00 1.06737556558981761E-01 9.29614227618861567E-03 8.25174992850969263E-02
5.81941321E+00 1.06665751856130406E-01 9.30525108718891283E-03 8.29678763978866224E-02
5.82735954E+00 1.06593853956270426E-01 9.31438357601441225E-03 8.34190895504459823E-02
5.83530728E+00 1.06521862381329102E-01 9.32354016445431297E-03 8.38711065894590518E-02
5.84325651E+00 1.06449776667990242E-01 9.33272114331143432E-03 8.43238948832214508E-02
5.85120727E+00 1.06377596367982302E-01 9.34192667229068879E-03 8.47774213193551590E-02
5.85915964E+00 1.06305321048388426E-01 9.35115678045572718E-03 8.52316523114876740E-02
5.86711365E+00 1.06232950291906561E-01 9.36041136670832594E-03 8.56865537915688508E-02
5.87506937E+00 1.06160483697171792E-01 9.36969019991823644E-03 8.61420912250447507E-02
5.88302684E+00 1.06087920879045089E-01 9.37899291876392177E-03 8.65982296105598931E-02
5.89098611E+00 1.06015261468936264E-01 9.38831903167118391E-03 8.70549334891183302E-02
5.89894723E+00 1.05942505115331834E-01 9.39766791747300052E-03 8.75121669524122764E-02
5.90691024E+00 1.05869651484325616E-01 9.40703882728103485E-03 8.79698936531555925E-02
5.91487518E+00 1.05796700260363336E-01 9.41643088764106996E-03 8.84280768192217959E-02
5.92284209E+00 1.05723651147092812E-01 9.42584310446997059E-03 8.88866792615719825E-02
5.93081100E+00 1.05650503868384246E-01 9.43527436719362317E-03 8.93456633967097819E-02
5.93878196E+00 1.05577258169507790E-01 9.44472345283762019E-03 8.98049912541445949E-02
5.94675498E+00 1.05503913818295589E-01 9.45418903033014464E-03 9.02646244985777224E-02
5.95473010E+00 1.05430470606366497E-01 9.46366966532614234E-03 9.07245244409743967E-02
5.96270734E+00 1.05356928350214138E-01 9.47316382564138137E-03 9.11846520626763551E-02
5.97068673E+00 1.05283286892262767E-01 9.48266988711847329E-03 9.16449680267901329E-02
5.97866811E+00 1.05209547825199437E-01 9.49218596826580108E-03 9.21054219857312673E-02
5.98665088E+00 1.05135716648016783E-01 9.50170967199531931E-03 9.25659392330658998E-02
5.99463507E+00 1.05061793230844219E-01 9.51123897596905729E-03 9.30264799875611531E-02
6.00262070E+00 1.04987777473816171E-01 9.52077196023262684E-03 9.34870043690475966E-02
6.01060780E+00 1.04913669306837792E-01 9.53030664506747741E-03 9.39474723290364133E-02
6.01859638E+00 1.04839468689664192E-01 9.53984099704266973E-03 9.44078436585978065E-02
6.02658645E+00 1.04765175612088965E-01 9.54937293544488690E-03 9.48680780118026229E-02
6.03457803E+00 1.04690790093979927E-01 9.55890033919373251E-03 9.53281349306352305E-02
6.04257112E+00 1.04616312185350252E-01 9.56842105422042559E-03 9.57879738712075490E-02
6.05056573E+00 1.04541741966419827E-01 9.57793290114417398E-03 9.62475542307373588E-02
6.05856187E+00 1.04467079547559960E-01 9.58743368319424014E-03 9.67068353733962771E-02
6.06655954E+00 1.04392325069362329E-01 9.59692119441411286E-03 9.71657766585877630E-02
6.07455874E+00 1.04317478702620453E-01 9.60639322810104626E-03 9.76243374674056197E-02
6.08255945E+00 1.04242540648317145E-01 9.61584758534335914E-03 9.80824772351076429E-02
6.09056168E+00 1.04167511137710500E-01 9.62528208356728567E-03 9.85401554754333081E-02
6.09856542E+00 1.04092390432260706E-01 9.63469456512020331E-03 9.89973318165816712E-02
6.10657064E+00 1.04017178823716597E-01 9.64408290593792364E-03 9.94539660258637742E-02
6.11457735E+00 1.03941876633984229E-01 9.65344502416792989E-03 9.99100180490956336E-02
6.12258552E+00 1.03866484215187113E-01 9.66277888854647285E-03 1.00365448039428221E-01
6.13059512E+00 1.03791001949516501E-01 9.67208252637191505E-03 1.00820216392405543E-01
6.13860614E+00 1.03715430249231647E-01 9.68135403103406907E-03 1.01274283781116067E-01
6.14661855E+00 1.03639769556624017E-01 9.69059156908606313E-03 1.01727611191961498E-01
6.15463233E+00 1.03564020343974147E-01 9.69979338684480615E-03 1.02180159960803832E-01
6.16264743E+00 1.03488183113706236E-01 9.70895781641633975E-03 1.02631891806339332E-01
6.17066383E+00 1.03412258398436069E-01 9.71808328118227600E-03 1.03082768871298011E-01
6.17868148E+00 1.03336246761201886E-01 9.72716830079233853E-03 1.03532753750455037E-01
6.18670035E+00 1.03260148795701154E-01 9.73621149566751901E-03 1.03981809533135461E-01
6.19472040E+00 1.03183965126626809E-01 9.74521159095599956E-03 1.04429899829978232E-01
6.20274158E+00 1.03107696410046537E-01 9.75416741984297918E-03 1.04876988815401223E-01
6.21076383E+00 1.03031343333745154E-01 9.76307792612984143E-03 1.05323041251093791E-01
6.21878711E+00 1.02954906617746700E-01 9.77194216610582575E-03 1.05768022527467906E-01
6.22681137E+00 1.02878387014575218E-01 9.78075930971500883E-03 1.06211898689986178E-01
6.23483654E+00 1.02801785309634547E-01 9.78952864099779524E-03 1.06654636474159001E-01
6.24286234E+00 1.02725104541779660E-01 9.79824936751430217E-03 1.07096190586369447E-01
6.25088843E+00 1.02648348066724210E-01 9.80692072930674022E-03 1.07536515030650412E-01
6.25891477E+00 1.02571516679197616E-01 9.81554229718214176E-03 1.07975579607594130E-01
6.26694129E+00 1.02494611205287467E-01 9.82411382569412656E-03 1.08413354956579916E-01
6.27496794E+00 1.02417632501633576E-01 9.83263517893725146E-03 1.08849812568873369E-01
6.28299465E+00 1.02340581454639770E-01 9.84110632902312869E-03 1.09284924817792076E-01
6.29102135E+00 1.02263458979704722E-01 9.84952735438412302E-03 1.09718664981662550E-01
6.29904798E+00 1.02186266020488900E-01 9.85789843784494642E-03 1.10151007275166829E-01
6.30707446E+00 1.02109003548166349E-01 9.86621986436363868E-03 1.10581926870450820E-01
6.31510072E+00 1.02031672560744247E-01 9.87449201841459658E-03 1.11011399919228565E-01
6.32312668E+00 1.01954274082345114E-01 9.88271538095884285E-03 1.11439403576028009E-01
6.33115227E+00 1.01876809162681450E-01 9.89089052593634943E-03 1.11865916015377695E-01
6.33917739E+00 1.01799278876628069E-01 9.89901811619935644E-03 1.12290916449721709E-01
6.34720196E+00 1.01721684323771822E-01 9.90709889885044159E-03 1.12714385148576651E-01
6.35522590E+00 1.01644026628206291E-01 9.91513370005906412E-03 1.13136303449597436E-01
6.36324912E+00 1.01566306938233875E-01 9.92312341952829302E-03 1.13556653775715846E-01
6.37127151E+00 1.01488526426074463E-01 9.93106902476630776E-03 1.13975419648421172E-01
6.37929300E+00 1.01410686287457447E-01 9.93897154531902562E-03 1.14392585697650970E-01
6.38731347E+00 1.01332787741149968E-01 9.94683206712519696E-03 1.14808137675655106E-01
6.39533283E+00 1.01254832028448719E-01 9.95465172708498436E-03 1.15222062463571973E-01
6.40335098E+00 1.01176820412503074E-01 9.96243170792353479E-03 1.15634348081886107E-01
6.41136781E+00 1.01098754177842629E-01 9.97017323338770904E-03 1.16044983698102483E-01
6.41938321E+00 1.01020634629731709E-01 9.97787756361441687E-03 1.16453959632228363E-01
6.42739707E+00 1.00942463093630530E-01 9.98554599059110759E-03 1.16861267358587415E-01
6.43540929E+00 1.00864240914553038E-01 9.99317983364848318E-03 1.17266899514957779E-01
6.44341975E+00 1.00785969456480884E-01 1.00007804349630056E-02 1.17670849895437774E-01
6.45142833E+00 1.00707650101689902E-01 1.00083491550376942E-02 1.18073113460373594E-01
6.45943491E+00 1.00629284250130235E-01 1.00158873681837086E-02 1.18473686325955854E-01
6.46743938E+00 1.00550873318679332E-01 1.00233964579313148E-02 1.18872565773932820E-01
6.47544162E+00 1.00472418740454386E-01 1.00308778123567137E-02 1.19269750239566291E-01
6.48344150E+00 1.00393921963964725E-01 1.00383328194075735E-02 1.19665239317188241E-01
6.49143891E+00 1.00315384452064962E-01 1.00457628624408806E-02 1.20059033752477728E-01
6.49943370E+00 1.00236807680809129E-01 1.00531693161873218E-02 1.20451135440174550E-01
6.50742577E+00 1.00158193138132817E-01 1.00605535431854912E-02 1.20841547422317702E-01
6.51541498E+00 1.00079542322327228E-01 1.00679168906446792E-02 1.21230273877567629E-01
6.52340120E+00 1.00000856740345700E-01 1.00752606877365768E-02 1.21617320119827163E-01
6.53138431E+00 9.99221379058991832E-02 1.00825862433280358E-02 1.22002692587640307E-01
6.53936418E+00 9.98433873374027919E-02 1.00898948441677464E-02 1.22386398834278112E-01
6.54734067E+00 9.97646065558114026E-02 1.00971877534344161E-02 1.22768447520069338E-01
6.55531367E+00 9.96857970823542411E-02 1.01044662094440033E-02 1.23148848398275571E-01
6.56328303E+00 9.96069604361182470E-02 1.01117314244759775E-02 1.23527612300388653E-01
6.57124864E+00 9.95280981316226665E-02 1.01189845836067681E-02 1.23904751124024257E-01
6.57921037E+00 9.94492116762109718E-02 1.01262268433159486E-02 1.24280277812626072E-01
6.58716809E+00 9.93703025675537061E-02 1.01334593298161094E-02 1.24654206344479337E-01
6.59512168E+00 9.92913722908653762E-02 1.01406831372360014E-02 1.25026551709811057E-01
6.60307101E+00 9.92124223163166202E-02 1.01478993256955610E-02 1.25397329897332127E-01
6.61101596E+00 9.91334540961827382E-02 1.01551089193113123E-02 1.25766557874982504E-01
6.61895641E+00 9.90544690619382245E-02 1.01623129043039041E-02 1.26134253571656391E-01
6.62689226E+00 9.89754686212857143E-02 1.01695122273193269E-02 1.26500435861539751E-01
6.63482337E+00 9.88964541548918163E-02 1.01767077940445125E-02 1.26865124545133601E-01
6.64274965E+00 9.88174270130901256E-02 1.01839004681764378E-02 1.27228340332263268E-01
6.65067099E+00 9.87383885123549049E-02 1.01910910708048162E-02 1.27590104830293510E-01
6.65858728E+00 9.86593399316498254E-02 1.01982803802306704E-02 1.27950440523748377E-01
6.66649843E+00 9.85802825087531143E-02 1.02054691322912942E-02 1.28309370760810754E-01
6.67440434E+00 9.85012174364709170E-02 1.02126580210553965E-02 1.28666919740890284E-01
6.68230493E+00 9.84221458589940035E-02 1.02198476997160687E-02 1.29023112495793346E-01
6.69020010E+00 9.83430688681069809E-02 1.02270387815567281E-02 1.29377974880174523E-01
6.69808979E+00 9.82639874994515605E-02 1.02342318408035638E-02 1.29731533546154409E-01
6.70597392E+00 9.81849027286435944E-02 1.02414274132290924E-02 1.30083815938926484E-01
6.71385242E+00 9.81058154671878013E-02 1.02486259965930762E-02 1.30434850267379721E-01
6.72172524E+00 9.80267265584254116E-02 1.02558280509615508E-02 1.30784665501807201E-01
6.72959233E+00 9.79476367733287945E-02 1.02630339987429802E-02 1.31133291341465202E-01
6.73745365E+00 9.78685468065132735E-02 1.02702442244764318E-02 1.31480758208921661E-01
6.74530915E+00 9.77894572722868560E-02 1.02774590744350060E-02 1.31827097228737422E-01
6.75315881E+00 9.77103687010087568E-02 1.02846788559788609E-02 1.32172340201944349E-01
6.76100262E+00 9.76312815354321017E-02 1.02919038366544990E-02 1.32516519593381094E-01
6.76884056E+00 9.75521961273111693E-02 1.02991342433099362E-02 1.32859668508934770E-01
6.77667264E+00 9.74731127338904213E-02 1.03063702614681323E-02 1.33201820670497600E-01
6.78449885E+00 9.73940315147364954E-02 1.03136120348836530E-02 1.33543010404991169E-01
6.79231924E+00 9.73149525286358952E-02 1.03208596653327420E-02 1.33883272619896826E-01
6.80013381E+00 9.72358757309180755E-02 1.03281132126892793E-02 1.34222642785151614E-01
6.80794261E+00 9.71568009710306602E-02 1.03353726949679432E-02 1.34561156918196090E-01
6.81574570E+00 9.70777279903850265E-02 1.03426380880871326E-02 1.34898851565983274E-01
6.82354313E+00 9.69986564203904333E-02 1.03499093255766828E-02 1.35235763783518204E-01
6.83133498E+00 9.69195857805304761E-02 1.03571862981622388E-02 1.35571931112467708E-01
6.83912133E+00 9.68405154764329645E-02 1.03644688531191655E-02 1.35907391571386399E-01
6.84690227E+00 9.67614447979681519E-02 1.03717567937178321E-02 1.36242183622240748E-01
6.85467792E+00 9.66823729173675733E-02 1.03790498788988526E-02 1.36576346167768092E-01
6.86244838E+00 9.66032988876862758E-02 1.03863478231355274E-02 1.36909918522589491E-01
6.87021379E+00 9.65242216416145327E-02 1.03936502966236570E-02 1.37242940411357484E-01
6.87797428E+00 9.64451399908529822E-02 1.04009569258768902E-02 1.37575451947494487E-01
6.88572983E+00 9.63660545936353280E-02 1.04082671637102265E-02 1.37907485364628407E-01
6.89347965E+00 9.62869735186886594E-02 1.04155798691149167E-02 1.38239041758840331E-01
6.90122388E+00 9.62078958536200790E-02 1.04228942513426518E-02 1.38570159842446389E-01
6.90896262E+00 9.61288205764048304E-02 1.04302097106383444E-02 1.38900878529462424E-01
6.91669602E+00 9.60497465549641910E-02 1.04375256072879209E-02 1.39231237007735736E-01
6.92442423E+00 9.59706725466586696E-02 1.04448412617764476E-02 1.39561274688618259E-01
6.93214741E+00 9.58915971974605569E-02 1.04521559551707405E-02 1.39891031188945802E-01
6.93986571E+00 9.58125190414210320E-02 1.04594689299787012E-02 1.40220546309696964E-01
6.94757932E+00 9.57334365006418803E-02 1.04667793916527318E-02 1.40549860035407426E-01
6.95528843E+00 9.56543478861731078E-02 1.04740865109628160E-02 1.40879012510243373E-01
6.96299324E+00 9.55752513999403169E-02 1.04813894269279156E-02 1.41208044033683922E-01
6.97069395E+00 9.54961451370035658E-02 1.04886872494430530E-02 1.41536995045302399E-01
6.97839078E+00 9.54170270876582988E-02 1.04959790612615955E-02 1.41865906103510631E-01
6.98608396E+00 9.53378951391190416E-02 1.05032639195762213E-02 1.42194817875427287E-01
6.99377373E+00 9.52587470766930178E-02 1.05105408572711070E-02 1.42523771119347303E-01
7.00146034E+00 9.51795805846386428E-02 1.05178088842601911E-02 1.42852806674613780E-01
7.00914403E+00 9.51003932469257490E-02 1.05250669894240267E-02 1.43181965453358095E-01
7.01682509E+00 9.50211825477934036E-02 1.05323141429034713E-02 1.43511288432435019E-01
7.02450377E+00 9.49419458724806431E-02 1.05395492984436939E-02 1.43840816648337727E-01
7.03218036E+00 9.48626805079717805E-02 1.05467713959524270E-02 1.44170591190026287E-01
7.03985517E+00 9.47833836440091088E-02 1.05539793643239753E-02 1.44500653192426248E-01
7.04752847E+00 9.47040523745052987E-02 1.05611721246627512E-02 1.44831043836450485E-01
7.05520059E+00 9.46246836991711249E-02 1.05683485943130918E-02 1.45161804344016099E-01
7.06287185E+00 9.45452745248873960E-02 1.05755076914541262E-02 1.45492975982827399E-01
7.07054256E+00 9.44658216659838151E-02 1.05826483399301223E-02 1.45824600053616221E-01
7.07821306E+00 9.43863218437054757E-02 1.05897694743942936E-02 1.46156717901723937E-01
7.08588370E+00 9.43067716851064275E-02 1.05968700457329239E-02 1.46489370914966166E-01
7.09355482E+00 9.42271677218095988E-02 1.06039490265519062E-02 1.46822600531377662E-01
7.10122590E+00 9.41475156282624154E-02 1.06110048468110157E-02 1.47156409584071113E-01
7.10889600E+00 9.40678252710786256E-02 1.06180354694973972E-02 1.47490782787234209E-01
7.11656544E+00 9.39880935516408111E-02 1.06250395890379479E-02 1.47825758513503741E-01
7.12423454E+00 9.39083172748042955E-02 1.06320163006694505E-02 1.48161375131243944E-01
7.13190364E+00 9.38284931481012385E-02 1.06389647614507695E-02 1.48497671108326873E-01
7.13957307E+00 9.37486177803965037E-02 1.06458841992483413E-02 1.48834684932740158E-01
7.14724320E+00 9.36686876801917923E-02 1.06527739214560737E-02 1.49172455128440601E-01
7.15491437E+00 9.35886992536852924E-02 1.06596333236428798E-02 1.49511020270953948E-01
7.16258695E+00 9.35086488025446416E-02 1.06664618985598397E-02 1.49850419003301344E-01
7.17026132E+00 9.34285325214218448E-02 1.06732592453331540E-02 1.50190690051916459E-01
7.17793787E+00 9.33483464952555020E-02 1.06800250786713846E-02 1.50531872248033605E-01
7.18561698E+00 9.32680866964387817E-02 1.06867592381136751E-02 1.50874004540775986E-01
7.19329907E+00 9.31877489815090831E-02 1.06934616973414671E-02 1.51217126022453352E-01
7.20098455E+00 9.31073290876315296E-02 1.07001325738718331E-02 1.51561275957274699E-01
7.20867383E+00 9.30268226283174626E-02 1.07067721387993312E-02 1.51906493800385067E-01
7.21636737E+00 9.29462250891407993E-02 1.07133808260706752E-02 1.52252819227817360E-01
7.22406560E+00 9.28655318229394816E-02 1.07199592417320695E-02 1.52600292164346230E-01
7.23176898E+00 9.27847380450408932E-02 1.07265081737318458E-02 1.52948952798513754E-01
7.23947798E+00 9.27038388285807147E-02 1.07330286018362253E-02 1.53298841620865267E-01
7.24719309E+00 9.26228290997958836E-02 1.07395217073280366E-02 1.53649999441032803E-01
7.25491478E+00 9.25417036333268522E-02 1.07459888828120281E-02 1.54002467424199541E-01
7.26264357E+00 9.24604570474381326E-02 1.07524317427674723E-02 1.54356287112978940E-01
7.27037989E+00 9.23790848576346441E-02 1.07588520778996999E-02 1.54711495845936742E-01
7.27812417E+00 9.22975820972788824E-02 1.07652519166207862E-02 1.55068132728581221E-01
7.28587703E+00 9.22159424472524664E-02 1.07716336174016065E-02 1.55426242451383229E-01
7.29363654E+00 9.21341857453895491E-02 1.07779984286949255E-02 1.55785754608511018E-01
7.30140294E+00 9.20523096077579678E-02 1.07843484278946477E-02 1.56146695067567981E-01
7.30917672E+00 9.19703084399736553E-02 1.07906866894319931E-02 1.56509103217929851E-01
7.31695842E+00 9.18881764748801511E-02 1.07970166562418677E-02 1.56873019076026632E-01
7.32474858E+00 9.18059077690687592E-02 1.08033420721589113E-02 1.57238483119386208E-01
7.33254774E+00 9.17234961992075409E-02 1.08096669910524978E-02 1.57605536285728487E-01
7.34035648E+00 9.16409354581841917E-02 1.08159957871334991E-02 1.57974219987777664E-01
7.34817536E+00 9.15582190516726346E-02 1.08223331644517577E-02 1.58344576130621195E-01
7.35600499E+00 9.14753402949982225E-02 1.08286841640348689E-02 1.58716647132445127E-01
7.36384597E+00 9.13922923103229201E-02 1.08350541688638675E-02 1.59090475937883891E-01
7.37169891E+00 9.13090680241082919E-02 1.08414489077163032E-02 1.59466106026857096E-01
7.37956446E+00 9.12256601646839332E-02 1.08478744584075189E-02 1.59843581430713644E-01
7.38742339E+00 9.11422721161586485E-02 1.08543259189902846E-02 1.60221991401437946E-01
7.39526247E+00 9.10590441261214523E-02 1.08607967764906225E-02 1.60600700566570803E-01
7.40308281E+00 9.09759646180001713E-02 1.08672903038557582E-02 1.60979755573412375E-01
7.41088549E+00 9.08930217524403089E-02 1.08738136288921931E-02 1.61359205164741282E-01
7.41867161E+00 9.08102038356558838E-02 1.08803740534118946E-02 1.61739098692954747E-01
7.42644223E+00 9.07274993236750898E-02 1.08869790287511002E-02 1.62119484610963066E-01
7.43419839E+00 9.06448968211576028E-02 1.08936361446967823E-02 1.62500410474699486E-01
7.44193733E+00 9.05624254800316136E-02 1.09003508019742193E-02 1.62881736435254720E-01
7.44965666E+00 9.04801104259127520E-02 1.09071276301281449E-02 1.63263338941586733E-01
7.45735644E+00 9.03979507714956776E-02 1.09139728434674687E-02 1.63645212777467297E-01
7.46503628E+00 9.03159504660090012E-02 1.09208930317328222E-02 1.64027329647972453E-01
7.47269502E+00 9.02341212588718133E-02 1.09278941709406597E-02 1.64409624203072702E-01
7.48033370E+00 9.01524520182554051E-02 1.09349833674965910E-02 1.64792136726687188E-01
7.48795329E+00 9.00709317066522713E-02 1.09421682971545097E-02 1.65174906880597744E-01
7.49555477E+00 8.99895494428512022E-02 1.09494566109122338E-02 1.65557973636477174E-01
7.50313909E+00 8.99082944978196325E-02 1.09568559222453996E-02 1.65941375051746665E-01
7.51070718E+00 8.98271562901303694E-02 1.09643737957451897E-02 1.66325148285171198E-01
7.51825997E+00 8.97461243812164577E-02 1.09720177335938616E-02 1.66709329599540546E-01
7.52579833E+00 8.96651884708070529E-02 1.09797951609184631E-02 1.67093954381936749E-01
7.53332241E+00 8.95843464353510976E-02 1.09877128455733424E-02 1.67479018898831572E-01
7.54083268E+00 8.95035923987269472E-02 1.09957774544970823E-02 1.67864536682070437E-01
7.54832586E+00 8.94229608427575956E-02 1.10039926612575840E-02 1.68250327981872366E-01
7.55580268E+00 8.93424430724046731E-02 1.10123637756592667E-02 1.68636417549693718E-01
7.56326400E+00 8.92620292303741708E-02 1.10208972857550117E-02 1.69022835166609903E-01
7.57071063E+00 8.91817095864585463E-02 1.10295995617466121E-02 1.69409610207989281E-01
7.57814338E+00 8.91014745362737198E-02 1.10384768135160360E-02 1.69796771204139219E-01
7.58556304E+00 8.90213145963169028E-02 1.10475350897014327E-02 1.70184345842651824E-01
7.59297039E+00 8.89412203990635614E-02 1.10567802768833639E-02 1.70572360964335507E-01
7.60036593E+00 8.88611855269114681E-02 1.10662178538112731E-02 1.70960828817854793E-01
7.60775030E+00 8.87812018966822186E-02 1.10758531682276559E-02 1.71349769313425854E-01
7.61512422E+00 8.87012605697386075E-02 1.10856915307174474E-02 1.71739206140701511E-01
7.62248842E+00 8.86213527034353521E-02 1.10957381122751258E-02 1.72129162197308005E-01
7.62984331E+00 8.85414724859161506E-02 1.11059976353317588E-02 1.72519645242170144E-01
7.63718940E+00 8.84616130731091244E-02 1.11164746189440188E-02 1.72910667616777314E-01
7.64452709E+00 8.83817691243808240E-02 1.11271732819550519E-02 1.73302233836726993E-01
7.65185703E+00 8.83019320822109599E-02 1.11380979005339092E-02 1.73694363735846236E-01
7.65917989E+00 8.82220934722949129E-02 1.11492526796619050E-02 1.74087076339335761E-01
7.66649320E+00 8.81422787682693554E-02 1.11606381023064746E-02 1.74480223299912973E-01
7.67379672E+00 8.80624894840451450E-02 1.11722553031450358E-02 1.74873772995281340E-01
7.68109106E+00 8.79827175092610519E-02 1.11841070516327332E-02 1.75267740346480211E-01
7.68837607E+00 8.79029631889903379E-02 1.11961953393201266E-02 1.75662098406340478E-01
7.69565192E+00 8.78232235841327480E-02 1.12085218538368631E-02 1.76056836026632246E-01
7.70291867E+00 8.77434965207812834E-02 1.12210880207065516E-02 1.76451937731861963E-01
7.71017698E+00 8.76637736367762987E-02 1.12338956207321903E-02 1.76847418286476626E-01
7.71742746E+00 8.75840466671578277E-02 1.12469464188507812E-02 1.77243291629555461E-01
7.72467075E+00 8.75043074500322510E-02 1.12602418981796910E-02 1.77639570913890099E-01
7.73190745E+00 8.74245479244974838E-02 1.12737832633341348E-02 1.78036268443968415E-01
7.73913815E+00 8.73447601287589553E-02 1.12875714304869618E-02 1.78433395668100153E-01
7.74636346E+00 8.72649361987236777E-02 1.13016070090365319E-02 1.78830963174140517E-01
7.75358393E+00 8.71850683666965803E-02 1.13158902952251814E-02 1.79228980681067351E-01
7.76080014E+00 8.71051489599342366E-02 1.13304212874965112E-02 1.79627457054271772E-01
7.76801222E+00 8.70251749840547234E-02 1.13451990919906792E-02 1.80026377450041047E-01
7.77521980E+00 8.69451494326180102E-02 1.13602214525683597E-02 1.80425696738974461E-01
7.78242343E+00 8.68650645649498565E-02 1.13754868898979494E-02 1.80825422814411718E-01
7.78962271E+00 8.67849234850810031E-02 1.13909926689792929E-02 1.81225509016226166E-01
7.79681519E+00 8.67047523053442459E-02 1.14067318264460208E-02 1.81625793637892691E-01
7.80400127E+00 8.66245452153250606E-02 1.14227001593994737E-02 1.82026273800864474E-01
7.81118159E+00 8.65442940241695907E-02 1.14388952921857245E-02 1.82426957899038428E-01
7.81835675E+00 8.64639906775345052E-02 1.14553147040743937E-02 1.82827853640426585E-01
7.82552730E+00 8.63836278882843395E-02 1.14719554603956494E-02 1.83228964642366071E-01
7.83269369E+00 8.63031995107986366E-02 1.14888141183338358E-02 1.83630288577168788E-01
7.83985647E+00 8.62226979541097366E-02 1.15058871204090953E-02 1.84031830065874008E-01
7.84701609E+00 8.61421173334138979E-02 1.15231704769566418E-02 1.84433584939154738E-01
7.85417178E+00 8.60614649723873831E-02 1.15406577187620266E-02 1.84835483027076475E-01
7.86132088E+00 8.59807700060185587E-02 1.15583376609582900E-02 1.85237345614183674E-01
7.86846397E+00 8.59000248540028322E-02 1.15762029592394906E-02 1.85639176859351274E-01
7.87560166E+00 8.58192220479135348E-02 1.15942482162420240E-02 1.86040979944894130E-01
7.88273450E+00 8.57383542653135933E-02 1.16124677292481181E-02 1.86442757548549914E-01
7.88986307E+00 8.56574143299687063E-02 1.16308554410725091E-02 1.86844511490220050E-01
7.89698792E+00 8.55763952129554861E-02 1.16494048695421747E-02 1.87246242779076089E-01
7.90410959E+00 8.54952900331225202E-02 1.16681090913714289E-02 1.87647951664652063E-01
7.91122860E+00 8.54140920567658252E-02 1.16869607968237907E-02 1.88049637653374874E-01
7.91834550E+00 8.53327946976997764E-02 1.17059523376937414E-02 1.88451299467952693E-01
7.92546077E+00 8.52513915190271088E-02 1.17250756869467197E-02 1.88852935007630590E-01
7.93257493E+00 8.51698762363298223E-02 1.17443223412724614E-02 1.89254541379402980E-01
7.93968847E+00 8.50882427201579000E-02 1.17636832847052512E-02 1.89656114995969766E-01
7.94680187E+00 8.50064849968818897E-02 1.17831490567166103E-02 1.90057651607757117E-01
7.95391559E+00 8.49245972492796430E-02 1.18027098170876317E-02 1.90459146227262066E-01
7.96103011E+00 8.48425738192104817E-02 1.18223552953510020E-02 1.90860593077073537E-01
7.96814588E+00 8.47604092118029451E-02 1.18420746749346353E-02 1.91261985629511494E-01
7.97526334E+00 8.46780980988017379E-02 1.18618565460636496E-02 1.91663316704425074E-01
7.98238292E+00 8.45956353194223104E-02 1.18816889701058963E-02 1.92064578536043862E-01
7.98950504E+00 8.45130160975348932E-02 1.19015595253990185E-02 1.92465761673337121E-01
7.99662998E+00 8.44302370714630074E-02 1.19214551006640839E-02 1.92866849917022992E-01
8.00375636E+00 8.43473144694171645E-02 1.19413586460010053E-02 1.93267732639754164E-01
8.01088288E+00 8.42642637707281539E-02 1.19612512625660548E-02 1.93668304113499279E-01
8.01800981E+00 8.41810822363076861E-02 1.19811166750511608E-02 1.94068547447615203E-01
8.02513761E+00 8.40977651312499463E-02 1.20009398856426291E-02 1.94468455760317155E-01
8.03226673E+00 8.40143078935650378E-02 1.20207056717713326E-02 1.94868021714978912E-01
8.03939760E+00 8.39307061382858349E-02 1.20403982937204793E-02 1.95267237418837780E-01
8.04653065E+00 8.38469556617115475E-02 1.20600013804907490E-02 1.95666094584463379E-01
8.05366632E+00 8.37630524412874278E-02 1.20794980241459640E-02 1.96064584695260974E-01
8.06080502E+00 8.36789926340697765E-02 1.20988709847048067E-02 1.96462698912509476E-01
8.06794715E+00 8.35947725798832086E-02 1.21181027275962180E-02 1.96860427861864251E-01
8.07509313E+00 8.35103888087614654E-02 1.21371752719637849E-02 1.97257761663358788E-01
8.08224335E+00 8.34258380465121574E-02 1.21560700985253178E-02 1.97654690103277408E-01
8.08939820E+00 8.33411172148173784E-02 1.21747682646705883E-02 1.98051202773722707E-01
8.09655806E+00 8.32562234273503399E-02 1.21932506202681572E-02 1.98447289038845009E-01
8.10372333E+00 8.31711539885225393E-02 1.22114979052818651E-02 1.98842937858658503E-01
8.11089435E+00 8.30859063976282092E-02 1.22294906567647649E-02 1.99238137689144362E-01
8.11807151E+00 8.30004783519411038E-02 1.22472090899338436E-02 1.99632876707616119E-01
8.12525516E+00 8.29148677442804460E-02 1.22646331928177883E-02 2.00027143045394346E-01
8.13244565E+00 8.28290726583345849E-02 1.22817430180725655E-02 2.00420924672788048E-01
8.13964334E+00 8.27430913697575626E-02 1.22985188546276287E-02 2.00814209151207651E-01
8.14684857E+00 8.26569223514273810E-02 1.23149411029123395E-02 2.01206983585849153E-01
8.15406167E+00 8.25705642782206956E-02 1.23309900975944985E-02 2.01599234807562921E-01
8.16128286E+00 8.24840172709940117E-02 1.23466460499128145E-02 2.01990944062815342E-01
8.16851223E+00 8.23972835402004000E-02 1.23618893059263685E-02 2.02382084131041723E-01
8.17575009E+00 8.23103622208985336E-02 1.23767011417354970E-02 2.02772642139043363E-01
8.18299677E+00 8.22232526296003824E-02 1.23910634520386694E-02 2.03162604714103551E-01
8.19025260E+00 8.21359542659678143E-02 1.24049583641409420E-02 2.03551958429083135E-01
8.19751777E+00 8.20484682447713692E-02 1.24183682410822348E-02 2.03940683596134903E-01
8.20479204E+00 8.19608010666469933E-02 1.24312756568239237E-02 2.04328737497287749E-01
8.21207492E+00 8.18729623182778421E-02 1.24436637272839715E-02 2.04716064634721223E-01
8.21936680E+00 8.17849512775495197E-02 1.24555173402285911E-02 2.05102655580334969E-01
8.22666806E+00 8.16967673849200854E-02 1.24668224337676110E-02 2.05488500611749780E-01
8.23397905E+00 8.16084102084709412E-02 1.24775655122664336E-02 2.05873590526291200E-01
8.24130017E+00 8.15198794161994672E-02 1.24877341347463151E-02 2.06257916270049885E-01
8.24863176E+00 8.14311678324318999E-02 1.24973085176146321E-02 2.06639245724764636E-01
8.25597421E+00 8.13422800682080116E-02 1.25062803998865039E-02 2.07021997164244742E-01
8.26332787E+00 8.12532175850739641E-02 1.25146445604502454E-02 2.07403950594496678E-01
8.27069312E+00 8.11639809641985788E-02 1.25223936477707916E-02 2.07785103351092820E-01
8.27807031E+00 8.10745705245561055E-02 1.25295205093907125E-02 2.08165442342409773E-01
8.28545981E+00 8.09849865281173642E-02 1.25360190201620827E-02 2.08544957597570968E-01
8.29286196E+00 8.08952292797936318E-02 1.25418838685311743E-02 2.08923638961398817E-01
8.30027712E+00 8.08052991504724094E-02 1.25471101712370647E-02 2.09301476054094188E-01
8.30770566E+00 8.07151965459160375E-02 1.25516937093435362E-02 2.09678458218582553E-01
8.31514792E+00 8.06249218866285783E-02 1.25556315222172619E-02 2.10054574551002932E-01
8.32260427E+00 8.05344756179842552E-02 1.25589219301765649E-02 2.10429814440050461E-01
8.33007504E+00 8.04438582217404247E-02 1.25615639718262180E-02 2.10804167315493091E-01
8.33756060E+00 8.03530702158937599E-02 1.25635570157643130E-02 2.11177622132684401E-01
8.34506129E+00 8.02621121157027911E-02 1.25649010069769605E-02 2.11550167510429543E-01
8.35257749E+00 8.01709844004336175E-02 1.25655971321882633E-02 2.11921792037847750E-01
8.36010952E+00 8.00796875357465687E-02 1.25656476572005987E-02 2.12292484505424761E-01
8.36765776E+00 7.99882220025792817E-02 1.25650551870163281E-02 2.12662233537648182E-01
8.37522256E+00 7.98965882772241370E-02 1.25638223558329903E-02 2.13031027442945220E-01
8.38279410E+00 7.98049098610490032E-02 1.25619559100668618E-02 2.13398370212977972E-01
8.39037058E+00 7.97132131240171349E-02 1.25594622452402157E-02 2.13764146611549521E-01
8.39795013E+00 7.96215250848908568E-02 1.25563500313067289E-02 2.14128246836707670E-01
8.40552984E+00 7.95298852247474791E-02 1.25526291630750839E-02 2.14490514492225171E-01
8.41310946E+00 7.94383007061863627E-02 1.25483087463962271E-02 2.14850919352383346E-01
8.42068346E+00 7.93468424829830293E-02 1.25434020259401202E-02 2.15209188160298936E-01
8.42824986E+00 7.92555380731039955E-02 1.25379221559231684E-02 2.15565214490458706E-01
8.43581024E+00 7.91643720662944528E-02 1.25318805188041147E-02 2.15919060053592737E-01
8.44336220E+00 7.90733768658671010E-02 1.25252909295966806E-02 2.16270606871818483E-01
8.45090436E+00 7.89825726614317436E-02 1.25181670015124102E-02 2.16619781567144898E-01
8.45844068E+00 7.88919147866290332E-02 1.25105182266698183E-02 2.16966755795420241E-01
8.46597423E+00 7.88013694751302646E-02 1.25023539496221924E-02 2.17311661644108006E-01
8.47350703E+00 7.87109158141551940E-02 1.24936838583027433E-02 2.17654580009669529E-01
8.48104192E+00 7.86205226919656358E-02 1.24845160549753847E-02 2.17995626765494194E-01
8.48857626E+00 7.85302248216275811E-02 1.24748637315107973E-02 2.18334673468828289E-01
8.49610601E+00 7.84400734134473726E-02 1.24647436067723931E-02 2.18671528848648183E-01
8.50363523E+00 7.83500224806870649E-02 1.24541643860595873E-02 2.19006358515398208E-01
8.51116573E+00 7.82600530028364355E-02 1.24431349849790703E-02 2.19339233368606334E-01
8.51869998E+00 7.81701381203539908E-02 1.24316633296548337E-02 2.19670248741680368E-01
8.52624201E+00 7.80802324861638031E-02 1.24197546566738887E-02 2.19999564497406458E-01
8.53378850E+00 7.79903781143587022E-02 1.24074233591705552E-02 2.20327026302907653E-01
8.54133664E+00 7.79006109183877221E-02 1.23946862190661145E-02 2.20652498553374932E-01
8.54889029E+00 7.78108872887181280E-02 1.23815510129965719E-02 2.20976129746461442E-01
8.55645331E+00 7.77211635946819385E-02 1.23680227044723062E-02 2.21298070401841990E-01
8.56402914E+00 7.76314014982138756E-02 1.23541063180892790E-02 2.21618448597493467E-01
8.57161602E+00 7.75416243231263208E-02 1.23398147723588394E-02 2.21937174743429555E-01
8.57920640E+00 7.74519235016496027E-02 1.23251724599115486E-02 2.22253921611575839E-01
8.58680278E+00 7.73622713445291793E-02 1.23101913062701133E-02 2.22568773783851120E-01
8.59440759E+00 7.72726412482427905E-02 1.22948794041605677E-02 2.22881818378544955E-01
8.60201175E+00 7.71831418601315045E-02 1.22792637164577927E-02 2.23192680288883283E-01
8.60961878E+00 7.70937330451024888E-02 1.22633563745901848E-02 2.23501485766011143E-01
8.61722989E+00 7.70044024251514969E-02 1.22471682342980281E-02 2.23808275997396666E-01
8.62484790E+00 7.69151182342255046E-02 1.22307081534040168E-02 2.24113153513828767E-01
8.63247677E+00 7.68258356583851609E-02 1.22139820166791493E-02 2.24416263011675887E-01
8.64012047E+00 7.67365099263801059E-02 1.21969949515142902E-02 2.24717746429556553E-01
8.64776944E+00 7.66472543882807944E-02 1.21797761298871286E-02 2.25017223967547586E-01
8.65542568E+00 7.65580469427508820E-02 1.21623411906013040E-02 2.25314754458490640E-01
8.66309300E+00 7.64688444917553944E-02 1.21446970331810806E-02 2.25610474515363701E-01
8.67077368E+00 7.63796219567860341E-02 1.21268521981763352E-02 2.25904460354933584E-01
8.67846822E+00 7.62903749676794724E-02 1.21088191484060755E-02 2.26196718243841743E-01
8.68618046E+00 7.62010605105939293E-02 1.20906051186013847E-02 2.26487375494590526E-01
8.69391386E+00 7.61116399639378688E-02 1.20722161807786926E-02 2.26776545751915665E-01
8.70166046E+00 7.60222069043545584E-02 1.20536799095297166E-02 2.27063925257789956E-01
8.70942334E+00 7.59327267455150862E-02 1.20350090578085593E-02 2.27349605389407600E-01
8.71720301E+00 7.58431948920119808E-02 1.20162155386897146E-02 2.27633595186325005E-01
8.72499735E+00 7.57536368817994382E-02 1.19973175192944446E-02 2.27915807022652517E-01
8.73281019E+00 7.56640095898858944E-02 1.19783230828315202E-02 2.28196362310596312E-01
8.74064449E+00 7.55742803311005157E-02 1.19592386813596428E-02 2.28475354854898477E-01
8.74849311E+00 7.54845318544369454E-02 1.19400902739419425E-02 2.28752527622445800E-01
8.75635762E+00 7.53947469688649036E-02 1.19208922001958172E-02 2.29027917492641869E-01
8.76421536E+00 7.53051841332138677E-02 1.19017002617313929E-02 2.29300758349483158E-01
8.77205552E+00 7.52159659480049064E-02 1.18825597434526024E-02 2.29570674345791093E-01
8.77987900E+00 7.51270806668714458E-02 1.18634864147734893E-02 2.29837712938762734E-01
8.78768676E+00 7.50385162146016138E-02 1.18444890243813595E-02 2.30101932630522005E-01
8.79547900E+00 7.49502690049542314E-02 1.18255769078348064E-02 2.30363363261947812E-01
8.80325521E+00 7.48623435368205581E-02 1.18067603275366587E-02 2.30622011608023536E-01
8.81101648E+00 7.47747262278254665E-02 1.17880460967988258E-02 2.30877936025592090E-01
8.81876390E+00 7.46874031689897105E-02 1.17694393634903832E-02 2.31131197743383893E-01
8.82649863E+00 7.46003601283318774E-02 1.17509444210831000E-02 2.31381857688952558E-01
8.83422184E+00 7.45135825618967323E-02 1.17325647117616019E-02 2.31629977255899955E-01
8.84192846E+00 7.44271259532036100E-02 1.17143144623896231E-02 2.31875425738268859E-01
8.84961715E+00 7.43410036418392373E-02 1.16962031587292629E-02 2.32118182681113810E-01
8.85728892E+00 7.42552026518740055E-02 1.16782332141737218E-02 2.32358309139510499E-01
8.86494480E+00 7.41697097775369657E-02 1.16604050956723593E-02 2.32595867258072075E-01
8.87258586E+00 7.40845116193068060E-02 1.16427185486193078E-02 2.32830918115984636E-01
8.88021317E+00 7.39995946106309643E-02 1.16251725931280896E-02 2.33063523129387939E-01
8.88782782E+00 7.39149450321344020E-02 1.16077654662520239E-02 2.33293743787822361E-01
8.89543095E+00 7.38305490141757115E-02 1.15904945764271922E-02 2.33521641481312381E-01
8.90302368E+00 7.37463925362579487E-02 1.15733565100272860E-02 2.33747277493166566E-01
8.91060718E+00 7.36624614329874083E-02 1.15563471246819711E-02 2.33970712939604086E-01
8.91818263E+00 7.35787414065773027E-02 1.15394616792332694E-02 2.34192008758308201E-01
8.92575073E+00 7.34952234326381182E-02 1.15226958024564601E-02 2.34411212190940438E-01
8.93331133E+00 7.34119080300689730E-02 1.15060464885723794E-02 2.34628345687894924E-01
8.94086574E+00 7.33287797788773621E-02 1.14895082598176091E-02 2.34843470313690433E-01
8.94841525E+00 7.32458231907458512E-02 1.14730745499252666E-02 2.35056650338813372E-01
8.95596121E+00 7.31630227297146440E-02 1.14567382867469484E-02 2.35267948157136669E-01
8.96350494E+00 7.30803628549739903E-02 1.14404918279854481E-02 2.35477425760049902E-01
8.97103857E+00 7.29979287047064773E-02 1.14243426086583222E-02 2.35684903901838133E-01
8.97856162E+00 7.29157245670268572E-02 1.14082889984539852E-02 2.35890381981062269E-01
8.98607530E+00 7.28337359636361814E-02 1.13923228432019942E-02 2.36093928883016141E-01
8.99358084E+00 7.27519484881894024E-02 1.13764350342156362E-02 2.36295607498461208E-01
9.00107948E+00 7.26703478064180952E-02 1.13606163006043093E-02 2.36495479542404630E-01
9.00857245E+00 7.25889196507465417E-02 1.13448572040370961E-02 2.36693606257655342E-01
9.01606099E+00 7.25076498133346292E-02 1.13291481723837625E-02 2.36890048307590334E-01
9.02354635E+00 7.24265241422185763E-02 1.13134795106857866E-02 2.37084865634147157E-01
9.03102976E+00 7.23455285475690241E-02 1.12978414454191455E-02 2.37278117409564365E-01
9.03851246E+00 7.22646490232046745E-02 1.12822242302539656E-02 2.37469861938837401E-01
9.04599571E+00 7.21838716796504853E-02 1.12666182320557244E-02 2.37660156575561499E-01
9.05348074E+00 7.21031827759361088E-02 1.12510139392098529E-02 2.37849057711471301E-01
9.06096878E+00 7.20225687387818919E-02 1.12354018811328688E-02 2.38036620868352505E-01
9.06846106E+00 7.19420161634515415E-02 1.12197725347653234E-02 2.38222900847413765E-01
9.07595881E+00 7.18615118049849427E-02 1.12041163166112373E-02 2.38407951705295329E-01
9.08346323E+00 7.17810425948540304E-02 1.11884236733872412E-02 2.38591826566665277E-01
9.09096501E+00 7.17007082760233033E-02 1.11727027888931588E-02 2.38774337252214697E-01
9.09846338E+00 7.16205166859417292E-02 1.11569524582872150E-02 2.38955471393766827E-01
9.10595962E+00 7.15404539496180963E-02 1.11411648486365311E-02 2.39135294868061815E-01
9.11345498E+00 7.14605063760136577E-02 1.11253316249037160E-02 2.39313865071295068E-01
9.12095073E+00 7.13806604405602119E-02 1.11094447388407121E-02 2.39491237765326076E-01
9.12844811E+00 7.13009027800113188E-02 1.10934963955455785E-02 2.39667467768319847E-01
9.13594835E+00 7.12212202064015781E-02 1.10774791155041109E-02 2.39842609022459130E-01
9.14345268E+00 7.11415997296347968E-02 1.10613858429550686E-02 2.40016714399279601E-01
9.15096232E+00 7.10620285722947526E-02 1.10452100478635063E-02 2.40189835592011403E-01
9.15847847E+00 7.09824941115707181E-02 1.10289456399743375E-02 2.40362023088338844E-01
9.16600233E+00 7.09029838019071684E-02 1.10125868492121463E-02 2.40533326152287619E-01
9.17353509E+00 7.08234854052861851E-02 1.09961285911551396E-02 2.40703793541473976E-01
9.18107792E+00 7.07439869220583828E-02 1.09795663555006633E-02 2.40873472139024991E-01
9.18863197E+00 7.06644765374180167E-02 1.09628960119031588E-02 2.41042408327127117E-01
9.19619841E+00 7.05849426011912473E-02 1.09461137677658010E-02 2.41210647708782339E-01
9.20377837E+00 7.05053736310253532E-02 1.09292162632154393E-02 2.41378234921851870E-01
9.21136842E+00 7.04258062111842720E-02 1.09122088528881538E-02 2.41545120037334138E-01
9.21896250E+00 7.03463039577787580E-02 1.08951045488544038E-02 2.41711190133402254E-01
9.22656180E+00 7.02668548584345354E-02 1.08779057216076384E-02 2.41876479788757981E-01
9.23416747E+00 7.01874471193396077E-02 1.08606121283334172E-02 2.42041042403838058E-01
9.24178066E+00 7.01080691399873224E-02 1.08432242144197097E-02 2.42204920760145576E-01
9.24940250E+00 7.00287094948680716E-02 1.08257430510742512E-02 2.42368158341875306E-01
9.25703412E+00 6.99493569225824313E-02 1.08081702993045210E-02 2.42530797356672878E-01
9.26467431E+00 6.98700245070324050E-02 1.07905124519174240E-02 2.42692833146837594E-01
9.27230761E+00 6.97908726817314945E-02 1.07728037779594651E-02 2.42853976430887741E-01
9.27993509E+00 6.97118899852029877E-02 1.07550561155226043E-02 2.43014233094434873E-01
9.28755766E+00 6.96330670323606349E-02 1.07372739702025436E-02 2.43173661638117905E-01
9.29517906E+00 6.95543648746982657E-02 1.07194570238685182E-02 2.43332350624833965E-01
9.30280303E+00 6.94757448509760733E-02 1.07016038866162722E-02 2.43490398064542535E-01
9.31043333E+00 6.93971685607050887E-02 1.06837135968842097E-02 2.43647895534816417E-01
9.31806907E+00 6.93186451680811860E-02 1.06657941901455357E-02 2.43804845906090223E-01
9.32570385E+00 6.92402406371738499E-02 1.06478667947400539E-02 2.43961135111891714E-01
9.33333971E+00 6.91619338341140366E-02 1.06299402585917097E-02 2.44116802466231270E-01
9.34097956E+00 6.90836948309122428E-02 1.06120180017339229E-02 2.44271928589483489E-01
9.34862344E+00 6.90055234019153058E-02 1.05941086703381475E-02 2.44426528671524590E-01
9.35627434E+00 6.89273888328540557E-02 1.05762171207642967E-02 2.44580666803486085E-01
9.36393526E+00 6.88492607078099172E-02 1.05583469303925578E-02 2.44734415796615701E-01
9.37160918E+00 6.87711088835694373E-02 1.05405019073400493E-02 2.44887842460920546E-01
9.37929905E+00 6.86929034697484481E-02 1.05226861232193512E-02 2.45041012665898728E-01
9.38700782E+00 6.86146148168808451E-02 1.05049039766236391E-02 2.45193990392373523E-01
9.39473843E+00 6.85362135599518751E-02 1.04871602493942489E-02 2.45346837857879502E-01
9.40249380E+00 6.84576706320579459E-02 1.04694600789511424E-02 2.45499615324215215E-01
9.41027485E+00 6.83789771243978606E-02 1.04518124094819045E-02 2.45652345384742871E-01
9.41807339E+00 6.83002162654958167E-02 1.04342434049398414E-02 2.45804879463823872E-01
9.42588589E+00 6.82214237077241464E-02 1.04167750418432403E-02 2.45957135772871427E-01
9.43371421E+00 6.81425806534328854E-02 1.03994173901953875E-02 2.46109150591311471E-01
9.44156098E+00 6.80636606705057740E-02 1.03821767138837281E-02 2.46260977599976033E-01
9.44942878E+00 6.79846377053664325E-02 1.03650591495444821E-02 2.46412665379164120E-01
9.45732018E+00 6.79054860549736239E-02 1.03480710335949189E-02 2.46564260624379000E-01
9.46523772E+00 6.78261803580979261E-02 1.03312187972954220E-02 2.46715808210591303E-01
9.47318195E+00 6.77467152724601923E-02 1.03145120990710236E-02 2.46867316211028420E-01
9.48115401E+00 6.76670792420498574E-02 1.02979601452691093E-02 2.47018798267950312E-01
9.48915635E+00 6.75872481555913063E-02 1.02815695096296691E-02 2.47170292543871128E-01
9.49719133E+00 6.75071982378902952E-02 1.02653461046843079E-02 2.47321836889131119E-01
9.50526135E+00 6.74269059902311563E-02 1.02492958278149575E-02 2.47473466083714538E-01
9.51336874E+00 6.73463481757255733E-02 1.02334246232053637E-02 2.47625213233636260E-01
9.52151584E+00 6.72655018042766922E-02 1.02177385013033362E-02 2.47777109517498428E-01
9.52970495E+00 6.71843441156571713E-02 1.02022434949163177E-02 2.47929184243462442E-01
9.53793837E+00 6.71028525599266096E-02 1.01869455596558904E-02 2.48081464852769107E-01
9.54621837E+00 6.70210047764742550E-02 1.01718504555026960E-02 2.48233976911043069E-01
9.55454626E+00 6.69387880420080628E-02 1.01569650084765827E-02 2.48386727779105615E-01
9.56292313E+00 6.68561916085255586E-02 1.01422961919693435E-02 2.48539718175837976E-01
9.57133840E+00 6.67733196698021420E-02 1.01278663878586195E-02 2.48692750493818004E-01
9.57977794E+00 6.66903105150915831E-02 1.01137046536319795E-02 2.48845547116169102E-01
9.58824262E+00 6.66071545490089650E-02 1.00998189122057744E-02 2.48998089038598519E-01
9.59673331E+00 6.65238422830650433E-02 1.00862113554021013E-02 2.49150386310383748E-01
9.60525085E+00 6.64403643151747769E-02 1.00728836595473450E-02 2.49302433817045366E-01
9.61379610E+00 6.63567113220499410E-02 1.00598369809915319E-02 2.49454228152445251E-01
9.62236989E+00 6.62728740537983779E-02 1.00470719423068743E-02 2.49605764609682257E-01
9.63097306E+00 6.61888433297113665E-02 1.00345886060177122E-02 2.49757037573739293E-01
9.63960643E+00 6.61046100387479019E-02 1.00223864361616063E-02 2.49908040350428878E-01
9.64827080E+00 6.60201651415006918E-02 1.00104642592442322E-02 2.50058765225063484E-01
9.65696700E+00 6.59354996766443185E-02 9.99882025095760567E-03 2.50209203471765396E-01
9.66569289E+00 6.58506331655775573E-02 9.98745503986102866E-03 2.50359298698875909E-01
9.67444832E+00 6.57655659717295421E-02 9.97636700053953530E-03 2.50509020773287849E-01
9.68323405E+00 6.56802894976530327E-02 9.96555248884666532E-03 2.50658359909647965E-01
9.69205084E+00 6.55947952298134851E-02 9.95500724145419527E-03 2.50807305089331800E-01
9.70089944E+00 6.55090747347922553E-02 9.94472662055950404E-03 2.50955844148108176E-01
9.70976579E+00 6.54232626706291592E-02 9.93471926976889803E-03 2.51103734882580698E-01
9.71861335E+00 6.53377106230629279E-02 9.92501480940611094E-03 2.51250368399434598E-01
9.72744241E+00 6.52524131006273628E-02 9.91560991458955224E-03 2.51395689321802951E-01
9.73625367E+00 6.51673610155883848E-02 9.90649369371050456E-03 2.51539726396501184E-01
9.74504739E+00 6.50825496244444163E-02 9.89765552074193221E-03 2.51682470727979946E-01
9.75382185E+00 6.49979933051100522E-02 9.88908642204544032E-03 2.51823889446262383E-01
9.76257553E+00 6.49137044339142266E-02 9.88077741068117688E-03 2.51963950647189516E-01
9.77130921E+00 6.48296735075014896E-02 9.87271762348618069E-03 2.52102659428453113E-01
9.78002364E+00 6.47458913024619720E-02 9.86489605042152953E-03 2.52240023902757571E-01
9.78871953E+00 6.46623489167591353E-02 9.85730189327544554E-03 2.52376050464816093E-01
9.79739761E+00 6.45790377621488360E-02 9.84992456316033209E-03 2.52510745732592135E-01
9.80605854E+00 6.44959495565785440E-02 9.84275368278848643E-03 2.52644116267124963E-01
9.81470289E+00 6.44130773353032426E-02 9.83577916180325591E-03 2.52776167159514287E-01
9.82333100E+00 6.43304161770725108E-02 9.82899125249103375E-03 2.52906900858609673E-01
9.83194352E+00 6.42479584806938397E-02 9.82238023074421922E-03 2.53036324157225878E-01
9.84054106E+00 6.41656969087086165E-02 9.81593659518462287E-03 2.53164444449478943E-01
9.84912423E+00 6.40836243848557086E-02 9.80965114338359923E-03 2.53291268994301100E-01
9.85769361E+00 6.40017340855767031E-02 9.80351500053799722E-03 2.53416805222088093E-01
9.86624977E+00 6.39200194299239938E-02 9.79751961204427223E-03 2.53541060734015777E-01
9.87479326E+00 6.38384740685615515E-02 9.79165669757534052E-03 2.53664043326995270E-01
9.88332461E+00 6.37570918737361547E-02 9.78591819181146017E-03 2.53785761000897170E-01
9.89184435E+00 6.36758669317108450E-02 9.78029620867046021E-03 2.53906221978444369E-01
9.90035298E+00 6.35947935376103973E-02 9.77478305205354073E-03 2.54025434734788669E-01
9.90885098E+00 6.35138661910449459E-02 9.76937126580752074E-03 2.54143408013099703E-01
9.91733884E+00 6.34330795905855283E-02 9.76405369057168834E-03 2.54260150832260889E-01
9.92581703E+00 6.33524286259917885E-02 9.75882349224025530E-03 2.54375672489715099E-01
9.93428598E+00 6.32719083688018796E-02 9.75367414537248872E-03 2.54489982578396223E-01
9.94274615E+00 6.31915140631444106E-02 9.74859938061976329E-03 2.54603090997377268E-01
9.95119668E+00 6.31112532106992696E-02 9.74359378626107366E-03 2.54714992160098741E-01
9.95963578E+00 6.30311422787267484E-02 9.73865262575301233E-03 2.54825668474791101E-01
9.96806392E+00 6.29511764789943418E-02 9.73377014947958245E-03 2.54935130783670361E-01
9.97648153E+00 6.28713591425211632E-02 9.72894486184802502E-03 2.55045054201055943E-01
9.98488906E+00 6.27916802903215471E-02 9.72417001343488067E-03 2.55152089683666261E-01
9.99328691E+00 6.27121337973298443E-02 9.71943830607890392E-03 2.55257991092131986E-01
1.00016755E+01 6.26327148858590727E-02 9.71474391918044321E-03 2.55362714095254517E-01
1.00100553E+01 6.25534193194762916E-02 9.71008169378655660E-03 2.55466296360134182E-01
1.00184265E+01 6.24742431311997443E-02 9.70544681686198209E-03 2.55568747782921768E-01
1.00267897E+01 6.23951825306449590E-02 9.70083468246818979E-03 2.55670084072952941E-01
1.00351452E+01 6.23162338703239782E-02 9.69624081768001057E-03 2.55770319928002976E-01
1.00434934E+01 6.22373936305906580E-02 9.69166083993483647E-03 2.55869470635462948E-01
1.00518346E+01 6.21586584101256126E-02 9.68709043998453208E-03 2.55967551682883654E-01
1.00601692E+01 6.20800249185651520E-02 9.68252538897087719E-03 2.56064578821708411E-01
1.00684975E+01 6.20014899709636844E-02 9.67796156153138618E-03 2.56160568025331048E-01
1.00768198E+01 6.19230504843204868E-02 9.67339495939900651E-03 2.56255535469209594E-01
1.00851366E+01 6.18447034754468841E-02 9.66882171970158411E-03 2.56349497507116386E-01
1.00934480E+01 6.17664460590271955E-02 9.66423810088304358E-03 2.56442470665681876E-01
1.01017544E+01 6.16882765589703772E-02 9.65964051007545815E-03 2.56534470355118949E-01
1.01100553E+01 6.16101984118829493E-02 9.65502568292782824E-03 2.56625506396985448E-01
1.01183511E+01 6.15322089529059188E-02 9.65039010495444272E-03 2.56715595766404125E-01
1.01266421E+01 6.14543055992791618E-02 9.64573026352306094E-03 2.56804756215308350E-01
1.01349285E+01 6.13764858500382982E-02 9.64104269767229738E-03 2.56893005216918435E-01
1.01432108E+01 6.12987472825969187E-02 9.63632401228912971E-03 2.56980360396918406E-01
1.01514890E+01 6.12210875496601928E-02 9.63157088435417919E-03 2.57066839441548067E-01
1.01597636E+01 6.11435043759765845E-02 9.62678005654985479E-03 2.57152460094040025E-01
1.01680349E+01 6.10659955547421321E-02 9.62194832163245847E-03 2.57237240137409118E-01
1.01763030E+01 6.09885589437993564E-02 9.61707250567487258E-03 2.57321197387450240E-01
1.01845683E+01 6.09111924620779135E-02 9.61214945794482828E-03 2.57404349671861821E-01
1.01928310E+01 6.08338940867889158E-02 9.60717605124718557E-03 2.57486714811872131E-01
1.02010915E+01 6.07566618516059420E-02 9.60214919138582118E-03 2.57568310601493489E-01
1.02093498E+01 6.06794938455854083E-02 9.59706583021727178E-03 2.57649154795953961E-01
1.02176064E+01 6.06023882121712459E-02 9.59192297563220449E-03 2.57729265102520644E-01
1.02258614E+01 6.05253431478603651E-02 9.58671769411365872E-03 2.57808659163998588E-01
1.02341152E+01 6.04483569004848620E-02 9.58144710535030995E-03 2.57887354544986125E-01
1.02423679E+01 6.03714277672457098E-02 9.57610837168732833E-03 2.57965368716604415E-01
1.02506198E+01 6.02945540925021589E-02 9.57069868719665970E-03 2.58042719047431757E-01
1.02588711E+01 6.02177342655852571E-02 9.56521527060742900E-03 2.58119422786908193E-01
1.02671222E+01 6.01409667189666750E-02 9.55965536334597854E-03 2.58195497050976164E-01
1.02753731E+01 6.00642499268319932E-02 9.55401623075667963E-03 2.58270958812287010E-01
1.02836242E+01 5.99875824037151562E-02 9.54829516388243545E-03 2.58345824887129816E-01
1.02918757E+01 5.99109627026504152E-02 9.54248948010429088E-03 2.58420111914638317E-01
1.03001278E+01 5.98343894128138751E-02 9.53659652184431911E-03 2.58493836345525363E-01
1.03083803E+01 5.97578651689515683E-02 9.53061392138621066E-03 2.58567010696044486E-01
1.03166321E+01 5.96814014536992885E-02 9.52453998860935958E-03 2.58639638983149622E-01
1.03248827E+01 5.96050032468472199E-02 9.51837276415911683E-03 2.58711730986855237E-01
1.03331318E+01 5.95286741544724801E-02 9.51211017453560022E-03 2.58783298444391574E-01
1.03413796E+01 5.94524129250519340E-02 9.50574983994314018E-03 2.58854357076828301E-01
1.03496263E+01 5.93762183292504617E-02 9.49928935064773931E-03 2.58924922646788902E-01
1.03578721E+01 5.93000891603616270E-02 9.49272631802146327E-03 2.58995010414975968E-01
1.03661173E+01 5.92240242329456212E-02 9.48605836828042386E-03 2.59064635390829412E-01
1.03743621E+01 5.91480223816778991E-02 9.47928313681847823E-03 2.59133812293687149E-01
1.03826066E+01 5.90720824608291506E-02 9.47239826306043448E-03 2.59202555557658476E-01
1.03908512E+01 5.89962033436159175E-02 9.46540138730975894E-03 2.59270879326159887E-01
1.03990959E+01 5.89203839206719898E-02 9.45829015083850255E-03 2.59338797453897929E-01
1.04073411E+01 5.88446230984859334E-02 9.45106219790402616E-03 2.59406323495972202E-01
1.04155869E+01 5.87689197990360207E-02 9.44371517610969984E-03 2.59473470690137709E-01
1.04238336E+01 5.86932729600575936E-02 9.43624673238991490E-03 2.59540251945335976E-01
1.04320813E+01 5.86176815345645086E-02 9.42865450476694858E-03 2.59606679853306488E-01
1.04403303E+01 5.85421444886911821E-02 9.42093611357345227E-03 2.59672766704610147E-01
1.04485808E+01 5.84666607975520558E-02 9.41308915648929496E-03 2.59738524505008228E-01
1.04568330E+01 5.83912294409678345E-02 9.40511121063157887E-03 2.59803964967549372E-01
1.04650871E+01 5.83158494046386797E-02 9.39699984127317922E-03 2.59869099490907474E-01
1.04733434E+01 5.82405196842604930E-02 9.38875260283036396E-03 2.59933939127566793E-01
1.04816020E+01 5.81652392866182089E-02 9.38036703417476254E-03 2.59998494599182783E-01
1.04898632E+01 5.80900072283368624E-02 9.37184065311740151E-03 2.60062776339012092E-01
1.04981272E+01 5.80148225327209721E-02 9.36317095275710810E-03 2.60126794486494062E-01
1.05063943E+01 5.79396842256271957E-02 9.35435540244619092E-03 2.60190558885402490E-01
1.05146646E+01 5.78645913339039600E-02 9.34539145357480769E-03 2.60254079067258004E-01
1.05229383E+01 5.77895428893402466E-02 9.33627654327613167E-03 2.60317364224508685E-01
1.05312158E+01 5.77145379338914258E-02 9.32700808952172979E-03 2.60380423218737778E-01
1.05394972E+01 5.76395755200316967E-02 9.31758348250262720E-03 2.60443264619964698E-01
1.05477828E+01 5.75646547058493371E-02 9.30800008018899463E-03 2.60505896703750239E-01
1.05560725E+01 5.74897762213179980E-02 9.29825538967759581E-03 2.60568326106222159E-01
1.05643663E+01 5.74149425170005501E-02 9.28834714219863716E-03 2.60630557681696406E-01
1.05726644E+01 5.73401526710219309E-02 9.27827276482545704E-03 2.60692598635579698E-01
1.05809671E+01 5.72654057703865307E-02 9.26802959150582230E-03 2.60754456165241288E-01
1.05892745E+01 5.71907009068715749E-02 9.25761494188934338E-03 2.60816136982587377E-01
1.05975869E+01 5.71160371737603964E-02 9.24702612012698495E-03 2.60877647549420000E-01
1.06059046E+01 5.70414136639706415E-02 9.23626041830158395E-03 2.60938994025518012E-01
1.06142277E+01 5.69668294701533989E-02 9.22531512253381078E-03 2.61000182272562775E-01
1.06225566E+01 5.68922836860856554E-02 9.21418751829090540E-03 2.61061217845678928E-01
1.06308915E+01 5.68177754075956110E-02 9.20287489309899558E-03 2.61122105994708920E-01
1.06392327E+01 5.67433037322645217E-02 9.19137453786075635E-03 2.61182851670272831E-01
1.06475799E+01 5.66688715984868113E-02 9.17968423087244662E-03 2.61243456547815223E-01
1.06559334E+01 5.65944788487790368E-02 9.16780151463139799E-03 2.61303924102471496E-01
1.06642934E+01 5.65201245750494713E-02 9.15572375130719110E-03 2.61364258576021080E-01
1.06726602E+01 5.64458078724299067E-02 9.14344828707440785E-03 2.61424463766363135E-01
1.06810340E+01 5.63715278378901022E-02 9.13097248044636954E-03 2.61484543188151231E-01
1.06894152E+01 5.62972835688133194E-02 9.11829370809615763E-03 2.61544500074197661E-01
1.06978040E+01 5.62230741610375145E-02 9.10540937077627781E-03 2.61604337376841856E-01
1.07062007E+01 5.61488987071210727E-02 9.09231689929963609E-03 2.61664057760954805E-01
1.07146032E+01 5.60747773725245521E-02 9.07901676630448913E-03 2.61723647530527570E-01
1.07230104E+01 5.60007212094922671E-02 9.06550916388353806E-03 2.61783097826656541E-01
1.07314226E+01 5.59267293122826525E-02 9.05179237936186952E-03 2.61842410719729135E-01
1.07398400E+01 5.58528007793808456E-02 9.03786430482183233E-03 2.61901588253192041E-01
1.07482631E+01 5.57789347060187873E-02 9.02372288356017779E-03 2.61960631582560999E-01
1.07566919E+01 5.57051301840559704E-02 9.00936611192240319E-03 2.62019541643717102E-01
1.07651270E+01 5.56313863019484642E-02 8.99479204162155835E-03 2.62078319038456409E-01
1.07735685E+01 5.55577021443358840E-02 8.97999878222697015E-03 2.62136964057715194E-01
1.07820167E+01 5.54840767914430780E-02 8.96498450404323646E-03 2.62195476669479843E-01
1.07904720E+01 5.54105093182567857E-02 8.94974744113659522E-03 2.62253856521213136E-01
1.07989347E+01 5.53369987934357391E-02 8.93428589436253383E-03 2.62312102937714453E-01
1.08074051E+01 5.52635442778253924E-02 8.91859823445313032E-03 2.62370214920897904E-01
1.08158835E+01 5.51901448228077490E-02 8.90268290466038337E-03 2.62428191145254008E-01
1.08243703E+01 5.51167994687862886E-02 8.88653842191907545E-03 2.62486029951325361E-01
1.08328651E+01 5.50435134397004935E-02 8.87016446352657285E-03 2.62543724755557539E-01
1.08413680E+01 5.49702873045641235E-02 8.85356032322152930E-03 2.62601271466658459E-01
1.08498795E+01 5.48971200498599224E-02 8.83672488126418035E-03 2.62658667714319005E-01
1.08583998E+01 5.48240106470646998E-02 8.81965701214176313E-03 2.62715910543723119E-01
1.08669293E+01 5.47509580501620852E-02 8.80235566203339120E-03 2.62772996634294875E-01
1.08754684E+01 5.46779611951152683E-02 8.78481985220215186E-03 2.62829922320057752E-01
1.08840175E+01 5.46050189997923652E-02 8.76704868377080337E-03 2.62886683594359405E-01
1.08925769E+01 5.45321303642038249E-02 8.74904134305863439E-03 2.62943276105856383E-01
1.09011471E+01 5.44592941709260009E-02 8.73079710663121102E-03 2.62999695155170077E-01
1.09097284E+01 5.43865092851649953E-02 8.71231534597748797E-03 2.63055935693409293E-01
1.09183213E+01 5.43137745543958092E-02 8.69359553184076948E-03 2.63111992314993104E-01
1.09269261E+01 5.42410888075451209E-02 8.67463723735171534E-03 2.63167859254131165E-01
1.09355432E+01 5.41684510056536228E-02 8.65544017017236093E-03 2.63223530271781636E-01
1.09441726E+01 5.40958645766981480E-02 8.63600508700776079E-03 2.63278995548983208E-01
1.09528147E+01 5.40233282638515819E-02 8.61633218130312614E-03 2.63334247765348917E-01
1.09614699E+01 5.39508407892584432E-02 8.59642146701118486E-03 2.63389280075516319E-01
1.09701387E+01 5.38784008450847590E-02 8.57627304917434399E-03 2.63444084851907401E-01
1.09788215E+01 5.38060070919871986E-02 8.55588712262842291E-03 2.63498654195720772E-01
1.09875182E+01 5.37336626968228925E-02 8.53526497920134575E-03 2.63552976648203652E-01
1.09962264E+01 5.36613912731811679E-02 8.51441294314356396E-03 2.63607025718224253E-01
1.10049449E+01 5.35892041805441158E-02 8.49333629895580346E-03 2.63660781331165772E-01
1.10136734E+01 5.35171068247598455E-02 8.47203846536246849E-03 2.63714230192953925E-01
1.10224122E+01 5.34450977425651799E-02 8.45052108942283102E-03 2.63767362888127077E-01
1.10311620E+01 5.33731754457625260E-02 8.42878548003543615E-03 2.63820170299389145E-01
1.10399231E+01 5.33013384136947418E-02 8.40683305928580614E-03 2.63872642470614316E-01
1.10486960E+01 5.32295850931841438E-02 8.38466536358484574E-03 2.63924769263001180E-01
1.10574813E+01 5.31579138979342072E-02 8.36228404387396804E-03 2.63976540205394461E-01
1.10662794E+01 5.30863232070764926E-02 8.33969086426631159E-03 2.64027944546494919E-01
1.10750908E+01 5.30148113630313014E-02 8.31688769932890752E-03 2.64078971239791294E-01
1.10839160E+01 5.29433766688256549E-02 8.29387653024726314E-03 2.64129608952572204E-01
1.10927556E+01 5.28720173849309069E-02 8.27065944051137876E-03 2.64179846064485579E-01
1.11016096E+01 5.28007356072019013E-02 8.24723959967037928E-03 2.64229668183982913E-01
1.11104778E+01 5.27295364840245917E-02 8.22362140332555912E-03 2.64279058273934053E-01
1.11193605E+01 5.26584180694493753E-02 8.19980783437657818E-03 2.64328003533587763E-01
1.11282585E+01 5.25873783718795104E-02 8.17580144776796497E-03 2.64376491949525838E-01
1.11371722E+01 5.25164153406907155E-02 8.15160490105752179E-03 2.64424510619627129E-01
1.11461022E+01 5.24455268652431195E-02 8.12722096018645909E-03 2.64472046523443027E-01
1.11550492E+01 5.23747107753171626E-02 8.10265250423843932E-03 2.64519086324224939E-01
1.11640138E+01 5.23039648421081693E-02 8.07790252574427416E-03 2.64565616429286443E-01
1.11729965E+01 5.22332867788601815E-02 8.05297412692547107E-03 2.64611622961963777E-01
1.11819979E+01 5.21626742407879027E-02 8.02787051395285021E-03 2.64657091789505639E-01
1.11910125E+01 5.20921744170528070E-02 8.00260872077262521E-03 2.64701980258847447E-01
1.12000390E+01 5.20217979710042230E-02 7.97720024362215223E-03 2.64746260610950579E-01
1.12090781E+01 5.19515419750435428E-02 7.95165002323345964E-03 2.64789922533025912E-01
1.12181305E+01 5.18814034556587325E-02 7.92596196061353189E-03 2.64832952806973110E-01
1.12271967E+01 5.18113793721450624E-02 7.90014002241172346E-03 2.64875338032930618E-01
1.12362776E+01 5.17414666129219769E-02 7.87418823789124908E-03 2.64917064432253491E-01
1.12453737E+01 5.16716619918757072E-02 7.84811069848428272E-03 2.64958118135580178E-01
1.12544858E+01 5.16019622448622636E-02 7.82191155942863099E-03 2.64998485056523569E-01
1.12636145E+01 5.15323640268592481E-02 7.79559504389474873E-03 2.65038150926278193E-01
1.12727606E+01 5.14628639103935498E-02 7.76916544654042938E-03 2.65077101265931925E-01
1.12819227E+01 5.13934746956849417E-02 7.74263194343922326E-03 2.65115313698892907E-01
1.12910995E+01 5.13242074118390942E-02 7.71600481955220241E-03 2.65152764380619299E-01
1.13002870E+01 5.12550943715828558E-02 7.68930073686320721E-03 2.65189422519066020E-01
1.13094856E+01 5.11861330810473719E-02 7.66252813443314262E-03 2.65225269363644545E-01
1.13186961E+01 5.11173197017775610E-02 7.63569201913941002E-03 2.65260295661261913E-01
1.13279192E+01 5.10486503559491323E-02 7.60879730099242677E-03 2.65294486935323370E-01
1.13371556E+01 5.09801211230238929E-02 7.58184890468721964E-03 2.65327830194245440E-01
1.13464060E+01 5.09117280375748563E-02 7.55485176623613402E-03 2.65360311505213331E-01
1.13556711E+01 5.08434670867025235E-02 7.52781083036774962E-03 2.65391917153106505E-01
1.13649516E+01 5.07753342072313485E-02 7.50073104851899878E-03 2.65422633082503745E-01
1.13742476E+01 5.07073307706414900E-02 7.47361906392954734E-03 2.65452443276895933E-01
1.13835595E+01 5.06394539194812907E-02 7.44648076140686996E-03 2.65481331990512937E-01
1.13928883E+01 5.05716993353004796E-02 7.41932121149805560E-03 2.65509285555169949E-01
1.14022345E+01 5.05040626430611483E-02 7.39214534449562661E-03 2.65536289454406826E-01
1.14115991E+01 5.04365394068150702E-02 7.36495807066199579E-03 2.65562329172466860E-01
1.14209827E+01 5.03691251275898352E-02 7.33776427223424826E-03 2.65587389881554781E-01
1.14303854E+01 5.03018213525702126E-02 7.31057069985353251E-03 2.65611455139585118E-01
1.14398011E+01 5.02346718037305698E-02 7.28339781849643170E-03 2.65634497611603848E-01
1.14492291E+01 5.01676821494372455E-02 7.25625818456951399E-03 2.65656491192121813E-01
1.14586703E+01 5.01008475567482486E-02 7.22915749449767539E-03 2.65677429604951221E-01
1.14681252E+01 5.00341631672032577E-02 7.20210039153660470E-03 2.65697298613241317E-01
1.14775947E+01 4.99676240815654996E-02 7.17509143266986844E-03 2.65716086548917707E-01
1.14870795E+01 4.99012253578645371E-02 7.14813508549073332E-03 2.65733779867628916E-01
1.14965804E+01 4.98349620090244513E-02 7.12123572722485158E-03 2.65750365883508866E-01
1.15060982E+01 4.97688289999673392E-02 7.09439764413687286E-03 2.65756391679054182E-01
1.15156337E+01 4.97028212443528863E-02 7.06762503029656659E-03 2.65793353173003788E-01
1.15251872E+01 4.96369358786038703E-02 7.04092269715014905E-03 2.65793751585325588E-01
1.15347581E+01 4.95711788064027020E-02 7.01429832163297674E-03 2.65796139701267808E-01
1.15443471E+01 4.95055446328216409E-02 6.98775676478915943E-03 2.65823079522619077E-01
1.15539551E+01 4.94400279283892172E-02 6.96130173178422136E-03 2.65824428106463506E-01
1.15635828E+01 4.93746232061681098E-02 6.93493680161871243E-03 2.65827404403236933E-01
1.15732312E+01 4.93093249181209350E-02 6.90866541562846093E-03 2.65850157900300366E-01
1.15829011E+01 4.92441274511639868E-02 6.88249086891312527E-03 2.65850403182929240E-01
1.15925934E+01 4.91790251231551193E-02 6.85641630378690161E-03 2.65850762975012866E-01
1.16023083E+01 4.91140158114107550E-02 6.83044582768174095E-03 2.65852061579641696E-01
1.16120448E+01 4.90491079554030429E-02 6.80458698403438311E-03 2.65854438264187587E-01
1.16217954E+01 4.89843500255968262E-02 6.77886037846293227E-03 2.65857399763752444E-01
1.16315611E+01 4.89197358332121440E-02 6.75327312944847512E-03 2.65860067592840421E-01
1.16413426E+01 4.88552592471812389E-02 6.72782727142206237E-03 2.65861488052181127E-01
1.16511409E+01 4.87909141138736374E-02 6.70252469152042736E-03 2.65860898781703658E-01
1.16609450E+01 4.87267707712488590E-02 6.67739030872921240E-03 2.65857476905879797E-01
1.16707456E+01 4.86628884990504690E-02 6.65245193182671755E-03 2.65831990302929255E-01
1.16805443E+01 4.85992561149221694E-02 6.62771459024839773E-03 2.65832931757619739E-01
1.16903423E+01 4.85358623704763084E-02 6.60317686605800275E-03 2.65833187156213679E-01
1.17001411E+01 4.84726959335640070E-02 6.57883713831224765E-03 2.65830547144120466E-01
1.17099424E+01 4.84097453631648425E-02 6.55469358609598977E-03 2.65795758873950350E-01
1.17197472E+01 4.83470008980994292E-02 6.53074473009053556E-03 2.65795759240205431E-01
1.17295426E+01 4.82845442579435402E-02 6.50701601705857679E-03 2.65793213990115351E-01
1.17393300E+01 4.82223636424378294E-02 6.48351257132076531E-03 2.65755207529388471E-01
1.17491108E+01 4.81604471085151156E-02 6.46023132066244569E-03 2.65754331770797825E-01
1.17588867E+01 4.80987825762399721E-02 6.43716901515435820E-03 2.65731351476737210E-01
1.17686591E+01 4.80373578361404513E-02 6.41432223237454677E-03 2.65725022709250025E-01
1.17784299E+01 4.79761605489458162E-02 6.39168737713975352E-03 2.65677778063820091E-01
1.17882005E+01 4.79151782375401361E-02 6.36926067996239527E-03 2.65676842984412409E-01
1.17979728E+01 4.78543982713264190E-02 6.34703819861800068E-03 2.65646085442977575E-01
1.18077485E+01 4.77938078440708417E-02 6.32501582388427137E-03 2.65624689260805347E-01
1.18175295E+01 4.77333939424155682E-02 6.30318928879027105E-03 2.65597169457678417E-01
1.18273139E+01 4.76731661401230272E-02 6.28156055584065155E-03 2.65570823790234112E-01
1.18370904E+01 4.76131927183089804E-02 6.26014947287895519E-03 2.65541935968290121E-01
1.18468607E+01 4.75534604141393744E-02 6.23895732883086689E-03 2.65512337402796061E-01
1.18566267E+01 4.74939556988077521E-02 6.21797881511561637E-03 2.65481146550093028E-01
1.18663902E+01 4.74346647905045452E-02 6.19720849103651966E-03 2.65448772994355098E-01
1.18761533E+01 4.73755736634186506E-02 6.17664078771747085E-03 2.65415028241973938E-01
1.18859181E+01 4.73166680460213041E-02 6.15627001104408419E-03 2.65379992567137291E-01
1.18956867E+01 4.72579334094638953E-02 6.13609034696376791E-03 2.65343626337301741E-01
1.19054613E+01 4.71993549464890805E-02 6.11609587022900799E-03 2.65305939935531809E-01
1.19152442E+01 4.71409175376535303E-02 6.09628055438452953E-03 2.65266921270531475E-01
1.19250279E+01 4.70826641314719893E-02 6.07665365257688966E-03 2.65226601071645751E-01
1.19348052E+01 4.70246365936571806E-02 6.05722799143799950E-03 2.65185022696140471E-01
1.19445782E+01 4.69668195592480991E-02 6.03800097916192859E-03 2.65142189591196897E-01
1.19543492E+01 4.69091972741724622E-02 6.01896575653253305E-03 2.65098094681867513E-01
1.19641209E+01 4.68517536192743778E-02 6.00011537389838479E-03 2.65052736209209550E-01
1.19738956E+01 4.67944721226660754E-02 5.98144280087153490E-03 2.65006109420791114E-01
1.19836760E+01 4.67373359582773928E-02 5.96294093855276666E-03 2.64958208692631481E-01
1.19934648E+01 4.66803279315124789E-02 5.94460263400864875E-03 2.64909026729776120E-01
1.20032649E+01 4.66234304485421622E-02 5.92642069286643952E-03 2.64858554779448085E-01
1.20130642E+01 4.65667127162206554E-02 5.90840960927122884E-03 2.64806855867300295E-01
1.20228583E+01 4.65101976582338872E-02 5.89057783034715315E-03 2.64753974182841412E-01
1.20326501E+01 4.64538673526915663E-02 5.87292035706039189E-03 2.64699904292341082E-01
1.20424425E+01 4.63977033829509472E-02 5.85542939087397955E-03 2.64644638996407333E-01
1.20522386E+01 4.63416868748936922E-02 5.83809709068229370E-03 2.64588171684378259E-01
1.20620415E+01 4.62857985174977907E-02 5.82091558909958104E-03 2.64530493561156710E-01
1.20718545E+01 4.62300185669213895E-02 5.80387701062388614E-03 2.64471594048136360E-01
1.20816810E+01 4.61743268330852621E-02 5.78697348521549013E-03 2.64411460660457787E-01
1.20915104E+01 4.61187826850675484E-02 5.77021615258001101E-03 2.64350162481582274E-01
1.21013353E+01 4.60634260348861124E-02 5.75361628643059585E-03 2.64287764900143662E-01
1.21111592E+01 4.60082362426627381E-02 5.73716941420327441E-03 2.64224262436267454E-01
1.21209855E+01 4.59531920850879683E-02 5.72086721545678276E-03 2.64159642006169426E-01
1.21308180E+01 4.58982718152272026E-02 5.70470136684012204E-03 2.64093892393769014E-01
1.21406605E+01 4.58434532030778039E-02 5.68866356330239263E-03 2.64026999541816354E-01
1.21505169E+01 4.57887135569858203E-02 5.67274553629486429E-03 2.63958947308568614E-01
1.21603907E+01 4.57340331427835839E-02 5.65693984140661858E-03 2.63889721465643878E-01
1.21702590E+01 4.56795377329216393E-02 5.64127238675744477E-03 2.63819486754578614E-01
1.21801258E+01 4.56252041316285786E-02 5.62574352601742829E-03 2.63748249365597764E-01
1.21899951E+01 4.55710084624562223E-02 5.61034461736342315E-03 2.63675985565986315E-01
1.21998712E+01 4.55169262577070702E-02 5.59506702064095293E-03 2.63602680161537928E-01
1.22097586E+01 4.54629325372221463E-02 5.57990212325653722E-03 2.63528313877279485E-01
1.22196618E+01 4.54090018655232408E-02 5.56484136470752205E-03 2.63452865257232327E-01
1.22295855E+01 4.53551083866870625E-02 5.54987625117598412E-03 2.63376310413150627E-01
1.22395065E+01 4.53013773479926801E-02 5.53503147921120733E-03 2.63298834719711550E-01
1.22494270E+01 4.52477956176159588E-02 5.52030969559612339E-03 2.63220454378025159E-01
1.22593517E+01 4.51943363856262270E-02 5.50570273044836966E-03 2.63141141883059537E-01
1.22692857E+01 4.51409722498281318E-02 5.49120168881538518E-03 2.63060874456413463E-01
1.22792339E+01 4.50876753303978209E-02 5.47679771887838503E-03 2.62979626338616601E-01
1.22892017E+01 4.50344173618857854E-02 5.46248203697568841E-03 2.62897369300624184E-01
1.22991884E+01 4.49812007135093686E-02 5.44825250893121640E-03 2.62814119932905543E-01
1.23091724E+01 4.49281410066485754E-02 5.43413261418158097E-03 2.62730073362609173E-01
1.23191588E+01 4.48752090056067157E-02 5.42012108917237691E-03 2.62645216514412916E-01
1.23291531E+01 4.48223748129419966E-02 5.40620877732516780E-03 2.62559514018092799E-01
1.23391611E+01 4.47696080301236421E-02 5.39238658962415494E-03 2.62472935723705780E-01
1.23491884E+01 4.47168779051189472E-02 5.37864553465999557E-03 2.62385448112280817E-01
1.23592410E+01 4.46641534571280627E-02 5.36497673971767907E-03 2.62297015488178353E-01
1.23692992E+01 4.46115369464222186E-02 5.35139880370237228E-03 2.62207821576316169E-01
1.23793591E+01 4.45590485614393711E-02 5.33792018401535624E-03 2.62117931690480366E-01
1.23894267E+01 4.45066558684219446E-02 5.32453424115135552E-03 2.62027309752952520E-01
1.23995082E+01 4.44543259551650818E-02 5.31123167775977498E-03 2.61935917064047563E-01
1.24096099E+01 4.44020256293451293E-02 5.29800333158763660E-03 2.61843714551781126E-01
1.24197383E+01 4.43497215940940118E-02 5.28484022431437508E-03 2.61750660892712039E-01
1.24298812E+01 4.42974770607892226E-02 5.27175281901945143E-03 2.61656883390623152E-01
1.24400259E+01 4.42453556269423592E-02 5.25875637104135981E-03 2.61562522257012653E-01
1.24501792E+01 4.41933223238261813E-02 5.24584643987927816E-03 2.61467540144059707E-01
1.24603479E+01 4.41413417766146551E-02 5.23301369594258645E-03 2.61371889711060734E-01
1.24705389E+01 4.40893784550065518E-02 5.22024894469293177E-03 2.61275526065314456E-01
1.24807591E+01 4.40373969059848006E-02 5.20754318186386796E-03 2.61178402322625902E-01
1.24909969E+01 4.39854559426451838E-02 5.19490586910515383E-03 2.61080645151367252E-01
1.25012382E+01 4.39336269961772968E-02 5.18235338066763349E-03 2.60982415248869226E-01
1.25114902E+01 4.38818726655114261E-02 5.16988158621892353E-03 2.60883668717672212E-01
1.25217602E+01 4.38301552995424074E-02 5.15748123823474899E-03 2.60784351584585683E-01
1.25320557E+01 4.37784372906009772E-02 5.14514334324725920E-03 2.60684413167942608E-01
1.25423842E+01 4.37266813556134171E-02 5.13285919145276773E-03 2.60583801613602617E-01
1.25527282E+01 4.36749742643819591E-02 5.12064363366787883E-03 2.60482704007953036E-01
1.25630785E+01 4.36233618064108819E-02 5.10850940242612694E-03 2.60381239776477591E-01
1.25734430E+01 4.35718043387852416E-02 5.09645113717200129E-03 2.60279355236693710E-01
1.25838294E+01 4.35202622200021663E-02 5.08445964083847641E-03 2.60176992015061059E-01
1.25942458E+01 4.34686961489733972E-02 5.07252602943502728E-03 2.60074094535290123E-01
1.26047000E+01 4.34170674899161876E-02 5.06064182352885042E-03 2.59970607278440347E-01
1.26151627E+01 4.33655201682100200E-02 5.04883219935056433E-03 2.59866838844076353E-01
1.26256359E+01 4.33140437484090743E-02 5.03710212577245312E-03 2.59762803460550529E-01
1.26361280E+01 4.32625966937818240E-02 5.02544389159239116E-03 2.59658436333357001E-01
1.26466473E+01 4.32111378254583026E-02 5.01384861515044317E-03 2.59553677277040040E-01
1.26572021E+01 4.31596267120980329E-02 5.00230774599832138E-03 2.59448467688459916E-01
1.26677902E+01 4.31080740694594761E-02 4.99082206322155972E-03 2.59342852603027307E-01
1.26783857E+01 4.30566059031261480E-02 4.97941502916982980E-03 2.59237116244099286E-01
1.26889972E+01 4.30051789487896352E-02 4.96808491206074919E-03 2.59131202414349060E-01
1.26996336E+01 4.29537503273179980E-02 4.95682275306362670E-03 2.59025042018753038E-01
1.27103036E+01 4.29022779780083019E-02 4.94561996045745321E-03 2.58918574171500271E-01
1.27210156E+01 4.28507210962475044E-02 4.93446836500287603E-03 2.58811740016455849E-01
1.27317459E+01 4.27991938721741447E-02 4.92338664064296497E-03 2.58704801720785638E-01
1.27424900E+01 4.27477173068741140E-02 4.91238365314245438E-03 2.58597836758711563E-01
1.27532569E+01 4.26962470222266854E-02 4.90145302811783711E-03 2.58490776891761309E-01
1.27640559E+01 4.26447395635052642E-02 4.89058596601798894E-03 2.58383556876102871E-01
1.27748956E+01 4.25931528840905738E-02 4.87977413317370549E-03 2.58276117017854800E-01
1.27857594E+01 4.25415667693064270E-02 4.86902969716635544E-03 2.58168651890592127E-01
1.27966261E+01 4.24900805268733014E-02 4.85837266221766147E-03 2.58061401917670463E-01
1.28074960E+01 4.24386916903242081E-02 4.84780650792263242E-03 2.57954391234137936E-01
1.28183694E+01 4.23873977659600734E-02 4.83733044798835207E-03 2.57847639740688361E-01
1.28292468E+01 4.23361961946964946E-02 4.82694362302569287E-03 2.57741171143408110E-01
1.28401283E+01 4.22850843457473688E-02 4.81664508566510309E-03 2.57635008903861040E-01
1.28510123E+01 4.22340696026624121E-02 4.80643542603701509E-03 2.57529197353314698E-01
1.28618941E+01 4.21831724314366135E-02 4.79631760683338695E-03 2.57423808164079782E-01
1.28727733E+01 4.21323937299082282E-02 4.78629183136801764E-03 2.57318871983609254E-01
1.28836502E+01 4.20817313477603455E-02 4.77635696482939676E-03 2.57214412064059150E-01
1.28945249E+01 4.20311830838767803E-02 4.76651166695152805E-03 2.57110452179955873E-01
1.29053976E+01 4.19807466859422607E-02 4.75675451116184308E-03 2.57007016082286988E-01
1.29162688E+01 4.19304198616551882E-02 4.74708400038382702E-03 2.56904127359838585E-01
1.29271386E+01 4.18802002881810062E-02 4.73749856313249000E-03 2.56801809489032751E-01
1.29380074E+01 4.18300856129182122E-02 4.72799655370895883E-03 2.56700085883624474E-01
1.29488753E+01 4.17800734530077225E-02 4.71857625055524792E-03 2.56598979911088210E-01
1.29597429E+01 4.17301613952425002E-02 4.70923585445754290E-03 2.56498514917647524E-01
1.29706103E+01 4.16803470028695722E-02 4.69997350167391387E-03 2.56398714210205714E-01
1.29814780E+01 4.16306278265386326E-02 4.69078726841953321E-03 2.56299601063524451E-01
1.29923463E+01 4.15810014077005186E-02 4.68167517282270726E-03 2.56201198778788886E-01
1.30032155E+01 4.15314652792549352E-02 4.67263518217020651E-03 2.56103530698949755E-01
1.30140860E+01 4.14820169662183727E-02 4.66366521404460062E-03 2.56006620226959247E-01
1.30249582E+01 4.14326539889042778E-02 4.65476314181120961E-03 2.55910490822704118E-01
1.30358324E+01 4.13833739394908126E-02 4.64592681010049958E-03 2.55815166119437276E-01
1.30467082E+01 4.13341784365591561E-02 4.63715459842197787E-03 2.55720677639691585E-01
1.30575859E+01 4.12850650880027606E-02 4.62844440239030923E-03 2.55627049028175179E-01
1.30684649E+01 4.12360360159469558E-02 4.61979458442966957E-03 2.55534312508912287E-01
1.30793448E+01 4.11870922670513548E-02 4.61120347038065231E-03 2.55442498207377577E-01
1.30902260E+01 4.11382316185987390E-02 4.60266886289505562E-03 2.55351629738113983E-01
1.31011089E+01 4.10894518658058774E-02 4.59418843816340565E-03 2.55261730791448094E-01
1.31119937E+01 4.10407508228352452E-02 4.58575985931114656E-03 2.55172825241079981E-01
1.31228809E+01 4.09921263223829990E-02 4.57738078253406341E-03 2.55084937035606363E-01
1.31337708E+01 4.09435762154917865E-02 4.56904886267843653E-03 2.54998090197602501E-01
1.31446638E+01 4.08950983737212184E-02 4.56076176114804475E-03 2.54912308803282694E-01
1.31555603E+01 4.08466906946237732E-02 4.55251714997568883E-03 2.54827616971702364E-01
1.31664606E+01 4.07983511048591596E-02 4.54431271046835603E-03 2.54744038880161838E-01
1.31773651E+01 4.07500775605303955E-02 4.53614613782483793E-03 2.54661598767197017E-01
1.31882743E+01 4.07018680469266800E-02 4.52801514706517149E-03 2.54580320928519732E-01
1.31991884E+01 4.06537205787341344E-02 4.51991747921000157E-03 2.54500229697204039E-01
1.32101059E+01 4.06056418742286734E-02 4.51185207862538074E-03 2.54421363912890719E-01
1.32210163E+01 4.05576777392527496E-02 4.50382345243866260E-03 2.54343825899776776E-01
1.32319191E+01 4.05098297498588736E-02 4.49583139172795264E-03 2.54267640857080535E-01
1.32428145E+01 4.04620963894009242E-02 4.48787387775118063E-03 2.54192827305371738E-01
1.32537028E+01 4.04144761343899206E-02 4.47994884084020051E-03 2.54119405042728119E-01
1.32645843E+01 4.03669674550221486E-02 4.47205426424759651E-03 2.54047393621051498E-01
1.32754591E+01 4.03195688161359297E-02 4.46418818626416816E-03 2.53976812208325187E-01
1.32863275E+01 4.02722786777451880E-02 4.45634869868833175E-03 2.53907679598701974E-01
1.32971899E+01 4.02250954943462122E-02 4.44853394682985601E-03 2.53840014210374054E-01
1.33080465E+01 4.01780177140491634E-02 4.44074213057285908E-03 2.53773834077699378E-01
1.33188975E+01 4.01310437780424342E-02 4.43297150620459209E-03 2.53709156833509086E-01
1.33297433E+01 4.00841721210144220E-02 4.42522038916205295E-03 2.53645999689731450E-01
1.33405842E+01 4.00374011720915496E-02 4.41748715507799504E-03 2.53584379427268802E-01
1.33514204E+01 3.99907293549148085E-02 4.40977023981059015E-03 2.53524312390905393E-01
1.33622524E+01 3.99441550870949860E-02 4.40206814021837454E-03 2.53465814481241780E-01
1.33730804E+01 3.98976767796814721E-02 4.39437941478681548E-03 2.53408901142566700E-01
1.33839047E+01 3.98512928371062627E-02 4.38670268438188550E-03 2.53353587347840858E-01
1.33947257E+01 3.98050016578185631E-02 4.37903663291026521E-03 2.53299887584133854E-01
1.34055437E+01 3.97588016351862611E-02 4.37138000676326292E-03 2.53247815847084112E-01
1.34163583E+01 3.97126945786850302E-02 4.36373207065795035E-03 2.53197389489961233E-01
1.34271681E+01 3.96666861740741714E-02 4.35609278107654090E-03 2.53148629104525902E-01
1.34379734E+01 3.96207749740064702E-02 4.34846133207568777E-03 2.53101546038828451E-01
1.34487743E+01 3.95749603365920591E-02 4.34083685797878073E-03 2.53056151799594842E-01
1.34595713E+01 3.95292405811860995E-02 4.33321844235907017E-03 2.53012456454616785E-01
1.34703646E+01 3.94836140175975278E-02 4.32560519442377368E-03 2.52970469474360748E-01
1.34811548E+01 3.94380789475513374E-02 4.31799628136299816E-03 2.52930199805988132E-01
1.34919420E+01 3.93926336658603840E-02 4.31039092720717897E-03 2.52891655823793138E-01
1.35027269E+01 3.93472764618606405E-02 4.30278841130767118E-03 2.52854845329164413E-01
1.35135096E+01 3.93020056211695473E-02 4.29518806686627654E-03 2.52819775546769876E-01
1.35242908E+01 3.92568194277237298E-02 4.28758927974771595E-03 2.52786453123758970E-01
1.35350704E+01 3.92117172153820456E-02 4.27999162943038577E-03 2.52754884892896992E-01
1.35458397E+01 3.91667363418982464E-02 4.27239993670384347E-03 2.52725103187001643E-01
1.35565981E+01 3.91218780291729823E-02 4.26481545939189771E-03 2.52697110175784168E-01
1.35673462E+01 3.90771402198292414E-02 4.25723786766076147E-03 2.52670903097939159E-01
1.35780836E+01 3.90325246162237030E-02 4.24966728067193225E-03 2.52646482620510482E-01
1.35888106E+01 3.89880290015226783E-02 4.24210345405002902E-03 2.52623846226815385E-01
1.35995278E+01 3.89436511413405115E-02 4.23454605001584005E-03 2.52602990663005400E-01
1.36102358E+01 3.88993887909158606E-02 4.22699476577076492E-03 2.52583912364879482E-01
1.36209350E+01 3.88552396985553800E-02 4.21944933210440486E-03 2.52566607237182605E-01
1.36316259E+01 3.88112016092351172E-02 4.21190951205884390E-03 2.52551070679081779E-01
1.36423090E+01 3.87672722682922063E-02 4.20437509951821897E-03 2.52537297537471561E-01
1.36529847E+01 3.87234504083099201E-02 4.19684605313623386E-03 2.52525282271511387E-01
1.36636530E+01 3.86797355468693552E-02 4.18932250093751943E-03 2.52515018430391147E-01
1.36743144E+01 3.86361254292539591E-02 4.18180437913338345E-03 2.52506497162770793E-01
1.36849695E+01 3.85926178121249325E-02 4.17429158811441579E-03 2.52504256669842997E-01
1.36956188E+01 3.85492104683460846E-02 4.16678405206399264E-03 2.52488518271967832E-01
1.37062602E+01 3.85059115034129332E-02 4.15928314949396815E-03 2.52488589576998546E-01
1.37168932E+01 3.84627229279294117E-02 4.15178979320539928E-03 2.52488959796301649E-01
1.37275185E+01 3.84196423193800887E-02 4.14430408994877035E-03 2.52489373508829829E-01
1.37381365E+01 3.83766672693834632E-02 4.13682601002965389E-03 2.52490008500825647E-01
1.37487466E+01 3.83338002922329890E-02 4.12935622350909040E-03 2.52498328219767643E-01
1.37593491E+01 3.82910399014037769E-02 4.12189502653067565E-03 2.52498176454804601E-01
1.37699446E+01 3.82483836551379061E-02 4.11444245349456162E-03 2.52506759105461720E-01
1.37805332E+01 3.82058312123781663E-02 4.10699880819082302E-03 2.52514456859807057E-01
1.37911145E+01 3.81633835450799763E-02 4.09956466010762827E-03 2.52524810811594502E-01
1.38016891E+01 3.81210382128693293E-02 4.09214015384137646E-03 2.52536202233366980E-01
1.38122577E+01 3.80787928120859751E-02 4.08472532490181724E-03 2.52549432998511625E-01
1.38228206E+01 3.80366449813245508E-02 4.07732021980023156E-03 2.52564132235686634E-01
1.38333786E+01 3.79945924044712419E-02 4.06992489586791972E-03 2.52580431340254596E-01
1.38439321E+01 3.79526328135763105E-02 4.06253942101641140E-03 2.52598258191001290E-01
1.38544817E+01 3.79107639914647507E-02 4.05516387356014488E-03 2.52617616720563265E-01
1.38650278E+01 3.78689837741452567E-02 4.04779834209065097E-03 2.52638484221821558E-01
1.38755710E+01 3.78272900529607672E-02 4.04044292530006746E-03 2.52660846413072515E-01
1.38861118E+01 3.77856807765241040E-02 4.03309773176266199E-03 2.52684686230847499E-01
1.38966507E+01 3.77441539524050185E-02 4.02576287983545840E-03 2.52709987195449681E-01
1.39071880E+01 3.77027076485885251E-02 4.01843849774347322E-03 2.52736732472498671E-01
1.39177226E+01 3.76613470225101235E-02 4.01112571739921635E-03 2.52764900929934311E-01
1.39282498E+01 3.76200893281444168E-02 4.00382763267854991E-03 2.52794461885339272E-01
1.39387677E+01 3.75789428688640889E-02 3.99654650051649903E-03 2.52825386736823143E-01
1.39492766E+01 3.75379050734838474E-02 3.98928272074700573E-03 2.52857654220782047E-01
1.39597773E+01 3.74969734283394363E-02 3.98203631248377626E-03 2.52891244135026172E-01
1.39702703E+01 3.74561454875258146E-02 3.97480730212026664E-03 2.52926136301466320E-01
1.39807561E+01 3.74154188733246892E-02 3.96759572349115758E-03 2.52962310690154679E-01
1.39912336E+01 3.73747977524469879E-02 3.96040253470994561E-03 2.52999741931949740E-01
1.40017032E+01 3.73342804024726846E-02 3.95322808751966993E-03 2.53038408526123748E-01
1.40121653E+01 3.72938644482073700E-02 3.94607242815955567E-03 2.53078290316350873E-01
1.40226199E+01 3.72535503101806137E-02 3.93893597133656865E-03 2.53119364784969159E-01
1.40330653E+01 3.72133441016959457E-02 3.93182003189051100E-03 2.53161603545094316E-01
1.40434995E+01 3.71732527484376768E-02 3.92472623557544188E-03 2.53204976121931158E-01
1.40539233E+01 3.71332735587150201E-02 3.91765487058031315E-03 2.53249461137477372E-01
1.40643371E+01 3.70934039073838040E-02 3.91060588950058186E-03 2.53295038434950326E-01
1.40747416E+01 3.70536412451229757E-02 3.90357925391634055E-03 2.53341688177551205E-01
1.40851373E+01 3.70139830972061185E-02 3.89657493485151942E-03 2.53389390894933675E-01
1.40955249E+01 3.69744270621555210E-02 3.88959291309710692E-03 2.53438127477362052E-01
1.41059047E+01 3.69349708102672536E-02 3.88263317957172329E-03 2.53487879177526854E-01
1.41162774E+01 3.68956120820668337E-02 3.87569573561388769E-03 2.53538627616495538E-01
1.41266435E+01 3.68563486867418827E-02 3.86878059310176350E-03 2.53590354790321160E-01
1.41370033E+01 3.68171785004823837E-02 3.86188777455018445E-03 2.53643043081266673E-01
1.41473575E+01 3.67780994647065942E-02 3.85501731316887850E-03 2.53696675265177751E-01
1.41577064E+01 3.67391095840229262E-02 3.84816925288684495E-03 2.53751234518093061E-01
1.41680505E+01 3.67002069240405931E-02 3.84134364819915851E-03 2.53806704426473406E-01
1.41783896E+01 3.66613922679091056E-02 3.83454093672292795E-03 2.53863065338785998E-01
1.41887235E+01 3.66226656122096983E-02 3.82776153957651482E-03 2.53920298719497894E-01
1.41990527E+01 3.65840250109889450E-02 3.82100557768126842E-03 2.53978389218247391E-01
1.42093776E+01 3.65454685714657404E-02 3.81427311222733330E-03 2.54037322132307619E-01
1.42196983E+01 3.65069963358049462E-02 3.80756447703604547E-03 2.54097080466691605E-01
1.42300136E+01 3.64686116842855221E-02 3.80088053743437735E-03 2.54157642445618337E-01
1.42403231E+01 3.64303161001050396E-02 3.79422200640391373E-03 2.54218988999792839E-01
1.42506254E+01 3.63921142952595145E-02 3.78758997662423076E-03 2.54281096499917925E-01
1.42609212E+01 3.63540040181471111E-02 3.78098468034284742E-03 2.54343952021151509E-01
1.42712108E+01 3.63159830620169294E-02 3.77440611577381860E-03 2.54407543826324190E-01
1.42814949E+01 3.62780492669949675E-02 3.76785429056013081E-03 2.54471860803248795E-01
1.42917738E+01 3.62402005173026454E-02 3.76132922183366851E-03 2.54536892458973485E-01
1.43020481E+01 3.62024347385918252E-02 3.75483093601821760E-03 2.54602628924137875E-01
1.43123183E+01 3.61647498953093019E-02 3.74835946831157544E-03 2.54669060957575077E-01
1.43225840E+01 3.61271469058987993E-02 3.74191526243442419E-03 2.54736174968165807E-01
1.43328453E+01 3.60896248408119624E-02 3.73549860736777052E-03 2.54803960777675587E-01
1.43431028E+01 3.60521818021842730E-02 3.72910959633096463E-03 2.54872410669052529E-01
1.43533556E+01 3.60148206392874870E-02 3.72274893772819035E-03 2.54941509295437796E-01
1.43636042E+01 3.59775393501649624E-02 3.71641683369409786E-03 2.55011249953465247E-01
1.43738490E+01 3.59403359591262822E-02 3.71011332562491084E-03 2.55081627001344291E-01
1.43840904E+01 3.59032085166752085E-02 3.70383845892132855E-03 2.55152635494717561E-01
1.43943290E+01 3.58661550972783835E-02 3.69759228235730202E-03 2.55224271172102224E-01
1.44045651E+01 3.58291737972921687E-02 3.69137484716064619E-03 2.55296530459588666E-01
1.44147993E+01 3.57922627330112403E-02 3.68518620585093744E-03 2.55369410474332814E-01
1.44250319E+01 3.57554200388034774E-02 3.67902641120054644E-03 2.55442909029580056E-01
1.44352634E+01 3.57186438653411611E-02 3.67289551532795329E-03 2.55517024638143797E-01
1.44454929E+01 3.56819374548857093E-02 3.66679424562958061E-03 2.55591746566159350E-01
1.44557207E+01 3.56452993816728167E-02 3.66072286207580477E-03 2.55667073231449660E-01
1.44659472E+01 3.56087276060683966E-02 3.65468138329718252E-03 2.55743005338242291E-01
1.44761713E+01 3.55722258715634523E-02 3.64867056602145162E-03 2.55819532725650112E-01
1.44863930E+01 3.55357938272132454E-02 3.64269079728269957E-03 2.55896653400373042E-01
1.44966130E+01 3.54994291234353859E-02 3.63674205704802439E-03 2.55974370403771911E-01
1.45068318E+01 3.54631294193570590E-02 3.63082425365582068E-03 2.56052687702608750E-01
1.45170499E+01 3.54268923817626022E-02 3.62493728777970800E-03 2.56131610017571121E-01
1.45272680E+01 3.53907156836775344E-02 3.61908105137619725E-03 2.56211142816895443E-01
1.45374867E+01 3.53545970031348272E-02 3.61325542677090042E-03 2.56291292313666652E-01
1.45477065E+01 3.53185340220985924E-02 3.60746028583861086E-03 2.56372065466584087E-01
1.45579280E+01 3.52825244255594236E-02 3.60169548918261350E-03 2.56453469979215365E-01
1.45681518E+01 3.52465659007318993E-02 3.59596088525263339E-03 2.56535514300005763E-01
1.45783784E+01 3.52106561363061052E-02 3.59025630942007507E-03 2.56618207622167194E-01
1.45886086E+01 3.51747928217534464E-02 3.58458158304854899E-03 2.56701559880433305E-01
1.45988428E+01 3.51389736466797692E-02 3.57893651258263390E-03 2.56785581751348913E-01
1.46090818E+01 3.51031963002439093E-02 3.57332088869090868E-03 2.56870284648798686E-01
1.46193260E+01 3.50674584706635803E-02 3.56773448551341412E-03 2.56955680724178903E-01
1.46295758E+01 3.50317587449466492E-02 3.56217717281673979E-03 2.57041780763270611E-01
1.46398314E+01 3.49960966649507724E-02 3.55664894726789730E-03 2.57128593876273459E-01
1.46500933E+01 3.49604697588347252E-02 3.55114956173742521E-03 2.57216134426333454E-01
1.46603623E+01 3.49248755535712802E-02 3.54567869039031569E-03 2.57304417679301012E-01
1.46706352E+01 3.48893243134456785E-02 3.54023755942067895E-03 2.57393428774537691E-01
1.46809062E+01 3.48538366178412079E-02 3.53482899050599738E-03 2.57483126032007903E-01
1.46911742E+01 3.48184152767710073E-02 3.52945386048590702E-03 2.57573509182763116E-01
1.47014397E+01 3.47830582725438611E-02 3.52411189964175640E-03 2.57664591598131987E-01
1.47117033E+01 3.47477635874989810E-02 3.51880267682370485E-03 2.57756387729009218E-01
1.47219650E+01 3.47125307985303583E-02 3.51352593466921614E-03 2.57848908563474144E-01
1.47322243E+01 3.46773609365961244E-02 3.50828161475144184E-03 2.57942161609392928E-01
1.47424819E+01 3.46422517976581676E-02 3.50306928796557818E-03 2.58036162858165830E-01
1.47527378E+01 3.46072022949749508E-02 3.49788854874067377E-03 2.58130926187134568E-01
1.47629913E+01 3.45722154585812042E-02 3.49273949390388081E-03 2.58226454901462010E-01
1.47732428E+01 3.45372888132767439E-02 3.48762165860633981E-03 2.58322766606496390E-01
1.47834930E+01 3.45024198871492702E-02 3.48253440890574847E-03 2.58419879882260117E-01
1.47937426E+01 3.44676062131064054E-02 3.47747709939578206E-03 2.58517813838747224E-01
1.48039922E+01 3.44328453288850547E-02 3.47244907430887661E-03 2.58616588071476972E-01
1.48142423E+01 3.43981347770604962E-02 3.46744966864970814E-03 2.58716222654370942E-01
1.48244938E+01 3.43634721050544711E-02 3.46247820933361181E-03 2.58816738123458678E-01
1.48347472E+01 3.43288548651226877E-02 3.45753401628006969E-03 2.58918155467286970E-01
1.48450031E+01 3.42942806494162811E-02 3.45261640748353513E-03 2.59020496012820733E-01
1.48552621E+01 3.42597476277781421E-02 3.44772476246085020E-03 2.59123779842695412E-01
1.48655247E+01 3.42252533723533675E-02 3.44285840226778985E-03 2.59228029094983159E-01
1.48757917E+01 3.41907954586136015E-02 3.43801662852828097E-03 2.59333266366566451E-01
1.48860636E+01 3.41563714649795111E-02 3.43319874075309703E-03 2.59439514652862191E-01
1.48963413E+01 3.41219789725754064E-02 3.42840403737530285E-03 2.59546797334774926E-01
1.49066252E+01 3.40876155649730492E-02 3.42363181677544405E-03 2.59655138165910127E-01
1.49169158E+01 3.40532800667643146E-02 3.41888151697311701E-03 2.59764557417909214E-01
1.49272112E+01 3.40189783853258529E-02 3.41415339810534953E-03 2.59875053210098572E-01
1.49375120E+01 3.39847081640453838E-02 3.40944697395986415E-03 2.59986648377383445E-01
1.49478190E+01 3.39504670523936916E-02 3.40476154575887740E-03 2.60099366726577241E-01
1.49581327E+01 3.39162527018040810E-02 3.40009641962256024E-03 2.60213232397138783E-01
1.49684536E+01 3.38820636429120886E-02 3.39545100374025188E-03 2.60328266903066707E-01
1.49787819E+01 3.38478987400776393E-02 3.39082477004847699E-03 2.60444490682088303E-01
1.49891184E+01 3.38137555511259097E-02 3.38621706077737658E-03 2.60561928557181632E-01
1.49945592E+01 3.37958034085144021E-02 3.38338446809806695E-03 2.60625451636060601E-01
1.50000000E+01 3.37778646356316561E-02 3.38097558911313982E-03 2.60688130984883859E-01
