#  time, MeanKE MeanKEDR MeanP
0 1.24981176165412808E-01 4.68679415817068389E-04 -5.50482138072360219E-18
7.36310778E-03 1.24977302865058607E-01 4.68667536672011332E-04 6.16301626189646583E-05
1.47275078E-02 1.24973710362787302E-01 4.68662003375673987E-04 7.22174680086039202E-05
2.20921212E-02 1.24970211313936264E-01 4.68662113258356476E-04 7.12012199879962692E-05
2.94570006E-02 1.24966743056656018E-01 4.68667631574513910E-04 6.62252075136863394E-05
3.68222056E-02 1.24963284653950790E-01 4.68678480479743436E-04 5.69782900494584187E-05
4.41877983E-02 1.24959829080678514E-01 4.68694634742095170E-04 4.33725730428729096E-05
5.15538416E-02 1.24956373949250077E-01 4.68716086962706502E-04 2.54287541159045499E-05
5.89202904E-02 1.24952918468886148E-01 4.68742835548613119E-04 3.14626115296657847E-06
6.62869844E-02 1.24949462418072615E-01 4.68774880426253639E-04 -2.34747849767769586E-05
7.36539869E-02 1.24946005642260244E-01 4.68812223177368387E-04 -5.44313110604664822E-05
8.10213613E-02 1.24942548044194884E-01 4.68854866037685244E-04 -8.97195757252475452E-05
8.83891708E-02 1.24939089545713478E-01 4.68902811753928769E-04 -1.29335387727688803E-04
9.57574783E-02 1.24935630074997375E-01 4.68956063534809440E-04 -1.73274229492735560E-04
1.03126347E-01 1.24932169562382497E-01 4.69014625035187851E-04 -2.21531301182168226E-04
1.10495839E-01 1.24928707938945296E-01 4.69078500349537895E-04 -2.74101532622815058E-04
1.17866018E-01 1.24925245135974999E-01 4.69147694010042956E-04 -3.30979583333941715E-04
1.25236946E-01 1.24921781084876629E-01 4.69222210984914098E-04 -3.92159842485591487E-04
1.32608686E-01 1.24918315717108167E-01 4.69302056677785946E-04 -4.57636425594529271E-04
1.39981299E-01 1.24914848964140304E-01 4.69387236926550302E-04 -5.27403173236977571E-04
1.47354847E-01 1.24911380757468132E-01 4.69477758002780706E-04 -6.01453646663183995E-04
1.54729392E-01 1.24907911028628776E-01 4.69573626610762015E-04 -6.79781126066216239E-04
1.62104709E-01 1.24904439844217702E-01 4.69674845844552063E-04 -7.62375360343335172E-04
1.69480821E-01 1.24900967153551479E-01 4.69781422093109061E-04 -8.49228083320236284E-04
1.76857790E-01 1.24897492887905526E-01 4.69893362661591549E-04 -9.40309505132035442E-04
1.84235679E-01 1.24894016978642178E-01 4.70010675286106907E-04 -1.03567948201444579E-03
1.91614547E-01 1.24890539357090255E-01 4.70133368132844541E-04 -1.13525228177821166E-03
1.98994457E-01 1.24887059954631230E-01 4.70261449796837664E-04 -1.23905442961897826E-03
2.06375469E-01 1.24883578702657594E-01 4.70394929300994239E-04 -1.34707166249211415E-03
2.13757644E-01 1.24880095532601043E-01 4.70533816095136540E-04 -1.45929419674537919E-03
2.21141042E-01 1.24876610375898547E-01 4.70678120054658904E-04 -1.57571210626105654E-03
2.28525722E-01 1.24873123164036051E-01 4.70827851479584049E-04 -1.69631516181595440E-03
2.35911746E-01 1.24869633828522120E-01 4.70983021093190739E-04 -1.82109282002427858E-03
2.43299171E-01 1.24866142300887953E-01 4.71143640040786360E-04 -1.95003421556305201E-03
2.50688057E-01 1.24862648512725966E-01 4.71309719888673734E-04 -2.08312816079239162E-03
2.58078419E-01 1.24859152415969718E-01 4.71481271608513019E-04 -2.22036233327002012E-03
2.65470046E-01 1.24855654069615032E-01 4.71658300966764493E-04 -2.36171962503318881E-03
2.72862998E-01 1.24852153404856878E-01 4.71840820129885671E-04 -2.50718732841336738E-03
2.80257334E-01 1.24848650352886531E-01 4.72028841682955525E-04 -2.65675241524425225E-03
2.87653111E-01 1.24845144844940498E-01 4.72222378628081802E-04 -2.81040153041043012E-03
2.95050388E-01 1.24841636812330736E-01 4.72421444383234145E-04 -2.96812097252345617E-03
3.02449222E-01 1.24838126186336773E-01 4.72626052780350048E-04 -3.12989668799800932E-03
3.09849672E-01 1.24834612898323039E-01 4.72836218064265346E-04 -3.29571426618878926E-03
3.17251793E-01 1.24831096879673753E-01 4.73051954890854262E-04 -3.46555893334686820E-03
3.24655642E-01 1.24827578061794883E-01 4.73273278325737911E-04 -3.63941554743892493E-03
3.32061275E-01 1.24824056376151585E-01 4.73500203842334196E-04 -3.81726859167622404E-03
3.39468747E-01 1.24820531754244915E-01 4.73732747320649791E-04 -3.99910216936371753E-03
3.46878113E-01 1.24817004127637493E-01 4.73970925045234196E-04 -4.18489999603442048E-03
3.54289428E-01 1.24813473427869290E-01 4.74214753703645106E-04 -4.37464539552736946E-03
3.61702745E-01 1.24809939586610782E-01 4.74464250384743554E-04 -4.56832129270934566E-03
3.69117874E-01 1.24806402652140144E-01 4.74719424069857429E-04 -4.76590365315509960E-03
3.76534820E-01 1.24802862578421395E-01 4.74980290447134831E-04 -4.96737292555272849E-03
3.83953640E-01 1.24799319296505673E-01 4.75246867207585388E-04 -5.17271039581571491E-03
3.91374385E-01 1.24795772737507124E-01 4.75519172440359123E-04 -5.38189694470699552E-03
3.98797111E-01 1.24792222832558725E-01 4.75797224631236489E-04 -5.59491303494041772E-03
4.06221869E-01 1.24788669512837971E-01 4.76081042660488963E-04 -5.81173869863264251E-03
4.13648711E-01 1.24785112709603199E-01 4.76370645800954537E-04 -6.03235353310820933E-03
4.21077690E-01 1.24781552354089262E-01 4.76666053716268893E-04 -6.25673669054846882E-03
4.28508857E-01 1.24777988377661742E-01 4.76967286458548087E-04 -6.48486687583710395E-03
4.35942261E-01 1.24774420711653733E-01 4.77274364466743594E-04 -6.71672233327562894E-03
4.43377953E-01 1.24770849287508256E-01 4.77587308564300162E-04 -6.95228084450837287E-03
4.50815983E-01 1.24767274036673190E-01 4.77906139957202946E-04 -7.19151971747605638E-03
4.58256398E-01 1.24763694890666701E-01 4.78230880231872912E-04 -7.43441578092668334E-03
4.65699248E-01 1.24760111781064276E-01 4.78561551352926654E-04 -7.68094537493559104E-03
4.73144579E-01 1.24756524639489580E-01 4.78898175661032223E-04 -7.93108434600816974E-03
4.80592278E-01 1.24752933474373162E-01 4.79240768484266754E-04 -8.18480258239755697E-03
4.88042289E-01 1.24749338267692106E-01 4.79589347636251917E-04 -8.44207108746336532E-03
4.95494660E-01 1.24745738950326118E-01 4.79943936067044009E-04 -8.70286389303538167E-03
5.02949437E-01 1.24742135453192168E-01 4.80304557099269305E-04 -8.96715452296386467E-03
5.10406668E-01 1.24738527707270813E-01 4.80671234426092748E-04 -9.23491597931994090E-03
5.17866397E-01 1.24734915643610028E-01 4.81043992108451716E-04 -9.50612073468368179E-03
5.25328672E-01 1.24731299193262396E-01 4.81422854573007424E-04 -9.78074072281949827E-03
5.32793536E-01 1.24727678287389260E-01 4.81807846609740812E-04 -1.00587473303261430E-02
5.40261034E-01 1.24724052857159595E-01 4.82198993369513905E-04 -1.03401113900472349E-02
5.47731208E-01 1.24720422833820746E-01 4.82596320361338435E-04 -1.06248031692095964E-02
5.55204101E-01 1.24716788148685087E-01 4.82999853450454366E-04 -1.09127923673020041E-02
5.62679756E-01 1.24713148733076998E-01 4.83409618855408941E-04 -1.12040481022017604E-02
5.70158212E-01 1.24709504518423483E-01 4.83825643145531796E-04 -1.14985389049776891E-02
5.77639512E-01 1.24705855436191101E-01 4.84247953238598286E-04 -1.17962327097047136E-02
5.85123694E-01 1.24702201417900047E-01 4.84676576398144837E-04 -1.20970968490316938E-02
5.92610796E-01 1.24698542395127163E-01 4.85111540230682005E-04 -1.24010980411675947E-02
6.00100859E-01 1.24694878299526329E-01 4.85552872683239680E-04 -1.27082023843832579E-02
6.07593743E-01 1.24691209148616380E-01 4.86000591495420184E-04 -1.30183680526248721E-02
6.15089436E-01 1.24687534898439673E-01 4.86454721858590523E-04 -1.33315576219693328E-02
6.22587977E-01 1.24683855479746877E-01 4.86915292340817985E-04 -1.36477351527734218E-02
6.30089404E-01 1.24680170823286501E-01 4.87382331846727035E-04 -1.39668640618176368E-02
6.37593754E-01 1.24676480859935532E-01 4.87855869614487174E-04 -1.42889071191231957E-02
6.45101064E-01 1.24672785520570442E-01 4.88335935213300471E-04 -1.46138264372015388E-02
6.52611369E-01 1.24669084736177826E-01 4.88822558540355327E-04 -1.49415834656262750E-02
6.60124705E-01 1.24665378437758143E-01 4.89315769818170297E-04 -1.52721389786005888E-02
6.67641105E-01 1.24661666556409298E-01 4.89815599591711674E-04 -1.56054530718135170E-02
6.75160603E-01 1.24657949023272457E-01 4.90322078725362017E-04 -1.59414851524741913E-02
6.82683232E-01 1.24654225769538801E-01 4.90835238399959075E-04 -1.62801939313547417E-02
6.90209022E-01 1.24650496726476809E-01 4.91355110110188939E-04 -1.66215374177245447E-02
6.97738005E-01 1.24646761825415661E-01 4.91881725661077562E-04 -1.69654729067311577E-02
7.05270212E-01 1.24643020997743353E-01 4.92415117165435402E-04 -1.73119569803704201E-02
7.12805670E-01 1.24639274174911691E-01 4.92955317040661193E-04 -1.76609454892502904E-02
7.20344410E-01 1.24635521288443574E-01 4.93502358005502677E-04 -1.80123935548557497E-02
7.27886457E-01 1.24631762269895696E-01 4.94056273077183791E-04 -1.83662555598304439E-02
7.35431839E-01 1.24627997050927239E-01 4.94617095568166917E-04 -1.87224851404840659E-02
7.42980583E-01 1.24624225563252394E-01 4.95184859083115810E-04 -1.90810351757415217E-02
7.50532712E-01 1.24620447738644641E-01 4.95759597515531541E-04 -1.94418577920660897E-02
7.58088099E-01 1.24616663585287779E-01 4.96341333241462389E-04 -1.98048969740729011E-02
7.65646748E-01 1.24612873044727998E-01 4.96930098850124728E-04 -2.01701022996534328E-02
7.73208685E-01 1.24609076047655518E-01 4.97525928871131885E-04 -2.05374236106815322E-02
7.80773936E-01 1.24605272524846961E-01 4.98128858118159997E-04 -2.09068099719816568E-02
7.88342523E-01 1.24601462407114047E-01 4.98738921685973075E-04 -2.12782096658886942E-02
7.95914470E-01 1.24597645625345407E-01 4.99356154946865513E-04 -2.16515701957342155E-02
8.03489799E-01 1.24593822110513286E-01 4.99980593547489174E-04 -2.20268382709548488E-02
8.11068532E-01 1.24589991793625801E-01 5.00612273405397928E-04 -2.24039598117926515E-02
8.18650689E-01 1.24586154605786273E-01 5.01251230705729235E-04 -2.27828799388894582E-02
8.26236290E-01 1.24582310478135602E-01 5.01897501897719304E-04 -2.31635429689887769E-02
8.33825353E-01 1.24578459341914985E-01 5.02551123691301620E-04 -2.35458924135777160E-02
8.41417897E-01 1.24574601128394094E-01 5.03212133053624385E-04 -2.39298709742212824E-02
8.49013938E-01 1.24570735768930255E-01 5.03880567205576948E-04 -2.43154205382077361E-02
8.56613492E-01 1.24566863194947808E-01 5.04556463618299864E-04 -2.47024821754472657E-02
8.64216576E-01 1.24562983337947478E-01 5.05239860009577000E-04 -2.50909961368550004E-02
8.71823202E-01 1.24559096129472871E-01 5.05930794340236738E-04 -2.54809018517682950E-02
8.79433385E-01 1.24555201501174412E-01 5.06629304810619105E-04 -2.58721379236840562E-02
8.87047136E-01 1.24551299384721842E-01 5.07335429857035418E-04 -2.62646421337796691E-02
8.94664469E-01 1.24547389711901629E-01 5.08049208148016727E-04 -2.66583514309030184E-02
9.02285393E-01 1.24543472414537962E-01 5.08770678580549034E-04 -2.70532019410122705E-02
9.09909919E-01 1.24539547424529953E-01 5.09499880276581833E-04 -2.74491289579544689E-02
9.17538055E-01 1.24535614673866646E-01 5.10236852579295207E-04 -2.78460669504273471E-02
9.25169810E-01 1.24531674094580144E-01 5.10981635049169154E-04 -2.82439495535716893E-02
9.32805190E-01 1.24527725618782267E-01 5.11734267460395320E-04 -2.86427095812649621E-02
9.40444203E-01 1.24523769178661745E-01 5.12494789797049433E-04 -2.90422790174775236E-02
9.48086854E-01 1.24519804706485521E-01 5.13263242249198262E-04 -2.94425890224150784E-02
9.55733147E-01 1.24515832134562507E-01 5.14039665209225258E-04 -2.98435699341186265E-02
9.63383086E-01 1.24511851395273140E-01 5.14824099267922539E-04 -3.02451512732838448E-02
9.71036651E-01 1.24507862432741895E-01 5.15616582889751973E-04 -3.06472605588149968E-02
9.78693778E-01 1.24503865214348614E-01 5.16417149980686208E-04 -3.10498221546173306E-02
9.86354472E-01 1.24499859671269267E-01 5.17225841766730384E-04 -3.14527633256411684E-02
9.94018734E-01 1.24495845734772126E-01 5.18042699665936541E-04 -3.18560105273405017E-02
1.00168657E+00 1.24491823336177962E-01 5.18867765284003273E-04 -3.22594894087731357E-02
1.00935798E+00 1.24487792406866582E-01 5.19701080410532633E-04 -3.26631248361283974E-02
1.01703296E+00 1.24483752878316714E-01 5.20542687014918727E-04 -3.30668408927956431E-02
1.02471151E+00 1.24479704682054867E-01 5.21392627242176789E-04 -3.34705608875538602E-02
1.03239364E+00 1.24475647749720461E-01 5.22250943409231739E-04 -3.38742073623652523E-02
1.04007934E+00 1.24471582012981641E-01 5.23117678000378523E-04 -3.42777021028646822E-02
1.04776860E+00 1.24467507403586725E-01 5.23992873663469078E-04 -3.46809661419358942E-02
1.05546143E+00 1.24463423853364910E-01 5.24876573205783478E-04 -3.50839197736525360E-02
1.06315782E+00 1.24459331294211453E-01 5.25768819589756222E-04 -3.54864825629341019E-02
1.07085776E+00 1.24455229658089125E-01 5.26669655928820491E-04 -3.58885733537675986E-02
1.07856125E+00 1.24451118877044020E-01 5.27579125483279175E-04 -3.62901102828491404E-02
1.08626828E+00 1.24446998883184154E-01 5.28497271656142085E-04 -3.66910107909258140E-02
1.09397885E+00 1.24442869608692552E-01 5.29424137988830450E-04 -3.70911916358569599E-02
1.10169293E+00 1.24438730985802881E-01 5.30359768156938335E-04 -3.74905689073638804E-02
1.10941053E+00 1.24434582946861994E-01 5.31304205966084378E-04 -3.78890580368280022E-02
1.11713163E+00 1.24430425424234645E-01 5.32257495347509277E-04 -3.82865738186110721E-02
1.12485622E+00 1.24426258350402844E-01 5.33219680353907250E-04 -3.86830304198303720E-02
1.13258429E+00 1.24422081657880990E-01 5.34190805155075892E-04 -3.90783414030587695E-02
1.14031583E+00 1.24417895279277144E-01 5.35170914033648859E-04 -3.94724197348113731E-02
1.14805082E+00 1.24413699147250104E-01 5.36160051380813059E-04 -3.98651778129898715E-02
1.15578924E+00 1.24409493194535190E-01 5.37158261691857456E-04 -4.02565274781509427E-02
1.16353109E+00 1.24405277353945118E-01 5.38165589561915626E-04 -4.06463800370364323E-02
1.17127634E+00 1.24401051558329936E-01 5.39182079681704623E-04 -4.10346462800961626E-02
1.17902498E+00 1.24396815740630051E-01 5.40207776833086912E-04 -4.14212365066696162E-02
1.18677699E+00 1.24392569833846930E-01 5.41242725884649961E-04 -4.18060605394498103E-02
1.19453235E+00 1.24388313771036582E-01 5.42286971787479485E-04 -4.21890277521404233E-02
1.20229104E+00 1.24384047485332674E-01 5.43340559570744570E-04 -4.25700470950254040E-02
1.21005304E+00 1.24379770909928480E-01 5.44403534337262207E-04 -4.29490271108664418E-02
1.21781833E+00 1.24375483978057214E-01 5.45475941259208940E-04 -4.33258759653796094E-02
1.22558689E+00 1.24371186623049398E-01 5.46557825573704918E-04 -4.37005014728239147E-02
1.23335869E+00 1.24366878778255072E-01 5.47649232578558396E-04 -4.40728111195776151E-02
1.24113372E+00 1.24362560377130837E-01 5.48750207627507827E-04 -4.44427120906659492E-02
1.24891194E+00 1.24358231353134924E-01 5.49860796126356026E-04 -4.48101113017416106E-02
1.25669333E+00 1.24353891639832279E-01 5.50981043528366325E-04 -4.51749154222038998E-02
1.26447787E+00 1.24349541170806765E-01 5.52110995329853013E-04 -4.55370309075465440E-02
1.27226553E+00 1.24345179879712359E-01 5.53250697065950457E-04 -4.58963640284360749E-02
1.28005629E+00 1.24340807700258779E-01 5.54400194306037112E-04 -4.62528209013694999E-02
1.28785011E+00 1.24336424566174344E-01 5.55559532649906778E-04 -4.66063075180313327E-02
1.29564697E+00 1.24332030411276287E-01 5.56728757722651157E-04 -4.69567297792690894E-02
1.30344684E+00 1.24327625169417602E-01 5.57907915171349683E-04 -4.73039935303303932E-02
1.31124968E+00 1.24323208774473573E-01 5.59097050659777416E-04 -4.76480045856932377E-02
1.31905547E+00 1.24318781160381350E-01 5.60296209864838348E-04 -4.79886687699852890E-02
1.32686419E+00 1.24314342261126046E-01 5.61505438472007521E-04 -4.83258919531782544E-02
1.33467578E+00 1.24309892010720305E-01 5.62724782171146985E-04 -4.86595800792314140E-02
1.34249023E+00 1.24305430343199214E-01 5.63954286652235560E-04 -4.89896392075252762E-02
1.35030750E+00 1.24300957192659170E-01 5.65193997601300363E-04 -4.93159755468096025E-02
1.35812755E+00 1.24296472493219554E-01 5.66443960696165439E-04 -4.96384954914582607E-02
1.36595036E+00 1.24291976179018229E-01 5.67704221602279534E-04 -4.99571056603384869E-02
1.37377589E+00 1.24287468184228297E-01 5.68974825968774907E-04 -5.02717129341514607E-02
1.38160409E+00 1.24282948443039609E-01 5.70255819424138333E-04 -5.05822244913131727E-02
1.38943495E+00 1.24278416889685703E-01 5.71547247572488384E-04 -5.08885478504195118E-02
1.39726841E+00 1.24273873458378259E-01 5.72849155989194059E-04 -5.11905909084666363E-02
1.40510445E+00 1.24269318083404051E-01 5.74161590217266344E-04 -5.14882619751019233E-02
1.41294302E+00 1.24264750698973692E-01 5.75484595763307090E-04 -5.17814698218485372E-02
1.42078409E+00 1.24260171239405304E-01 5.76818218093573792E-04 -5.20701237154205313E-02
1.42862762E+00 1.24255579638947025E-01 5.78162502630137501E-04 -5.23541334582728612E-02
1.43647357E+00 1.24250975831888252E-01 5.79517494747380422E-04 -5.26334094322264898E-02
1.44432190E+00 1.24246359752481203E-01 5.80883239767862711E-04 -5.29078626417794906E-02
1.45217257E+00 1.24241731335028832E-01 5.82259782958787007E-04 -5.31774047455689583E-02
1.46002555E+00 1.24237090513776682E-01 5.83647169528753846E-04 -5.34419481096355328E-02
1.46788078E+00 1.24232437222972197E-01 5.85045444623523295E-04 -5.37014058399708297E-02
1.47573823E+00 1.24227771396823117E-01 5.86454653323288731E-04 -5.39556918281233061E-02
1.48359786E+00 1.24223092969544757E-01 5.87874840638575409E-04 -5.42047415604420685E-02
1.49145963E+00 1.24218401875316617E-01 5.89306051507285035E-04 -5.44484051711163833E-02
1.49932348E+00 1.24213698048287913E-01 5.90748330791302217E-04 -5.46866726833706573E-02
1.50718939E+00 1.24208981422556972E-01 5.92201723273390063E-04 -5.49194279336390756E-02
1.51505730E+00 1.24204251935291485E-01 5.93666272693649201E-04 -5.51465937408399873E-02
1.52292712E+00 1.24199509554041410E-01 5.95142013190119246E-04 -5.53680882071054745E-02
1.53079879E+00 1.24194754213356837E-01 5.96628988935482096E-04 -5.55838320517848331E-02
1.53867228E+00 1.24189985847727197E-01 5.98127244017258712E-04 -5.57937470881973360E-02
1.54654753E+00 1.24185204391550230E-01 5.99636822435631171E-04 -5.59977562716596003E-02
1.55442452E+00 1.24180409779103162E-01 6.01157768101316225E-04 -5.61957837635598118E-02
1.56230318E+00 1.24175601944553057E-01 6.02690124833412397E-04 -5.63877549661403188E-02
1.57018348E+00 1.24170780821989665E-01 6.04233936357333277E-04 -5.65735965656760861E-02
1.57806537E+00 1.24165946345348346E-01 6.05789246303131451E-04 -5.67532365677103218E-02
1.58594881E+00 1.24161098448452537E-01 6.07356098203477987E-04 -5.69266043393403046E-02
1.59383374E+00 1.24156237064979622E-01 6.08934535492225318E-04 -5.70936306423203352E-02
1.60172012E+00 1.24151362128495674E-01 6.10524601502826264E-04 -5.72542476747571402E-02
1.60960792E+00 1.24146473572356211E-01 6.12126339466934652E-04 -5.74083891052132381E-02
1.61749708E+00 1.24141571329834222E-01 6.13739792513135710E-04 -5.75559901085202288E-02
1.62538755E+00 1.24136655333970683E-01 6.15365003665839213E-04 -5.76969874026994553E-02
1.63327929E+00 1.24131725517669947E-01 6.17002015844376767E-04 -5.78313192807735285E-02
1.64117226E+00 1.24126781813631376E-01 6.18650871862028422E-04 -5.79589256469478856E-02
1.64906640E+00 1.24121824154388619E-01 6.20311614425535533E-04 -5.80797480481888354E-02
1.65696168E+00 1.24116852472248906E-01 6.21984286134233942E-04 -5.81937297047957838E-02
1.66485804E+00 1.24111866699297468E-01 6.23668929480026223E-04 -5.83008155433012362E-02
1.67275545E+00 1.24106866767430504E-01 6.25365586847005791E-04 -5.84009522236649189E-02
1.68065385E+00 1.24101852608296565E-01 6.27074300511312700E-04 -5.84940881703132146E-02
1.68855320E+00 1.24096824153311983E-01 6.28795112641546724E-04 -5.85801735962029058E-02
1.69645346E+00 1.24091781333646151E-01 6.30528065298721174E-04 -5.86591605300506025E-02
1.70435457E+00 1.24086724080175501E-01 6.32273200436914173E-04 -5.87310028412987503E-02
1.71225651E+00 1.24081652323542319E-01 6.34030559903758502E-04 -5.87956562610716799E-02
1.72015921E+00 1.24076565994085244E-01 6.35800185441646581E-04 -5.88530784057340536E-02
1.72806263E+00 1.24071465021857619E-01 6.37582118688291219E-04 -5.89032287953846836E-02
1.73596674E+00 1.24066349336612106E-01 6.39376401178263555E-04 -5.89460688699968496E-02
1.74387148E+00 1.24061218867759421E-01 6.41183074344238912E-04 -5.89815619975443683E-02
1.75177681E+00 1.24056073544410783E-01 6.43002179518669618E-04 -5.90096734488645830E-02
1.75968269E+00 1.24050913295311940E-01 6.44833757935610037E-04 -5.90303702558396953E-02
1.76758908E+00 1.24045738048885162E-01 6.46677850732931057E-04 -5.90436203933194168E-02
1.77549593E+00 1.24040547733140882E-01 6.48534498954328790E-04 -5.90493841244605008E-02
1.78340320E+00 1.24035342275753704E-01 6.50403743551748086E-04 -5.90478502803263583E-02
1.79131085E+00 1.24030121603978402E-01 6.52285625388518593E-04 -5.90383131021703991E-02
1.79921883E+00 1.24024885644677577E-01 6.54180185241774259E-04 -5.90216689308698805E-02
1.80712711E+00 1.24019634324272696E-01 6.56087463805979376E-04 -5.89972972152783964E-02
1.81503564E+00 1.24014367568787517E-01 6.58007501696162970E-04 -5.89653551783157412E-02
1.82294438E+00 1.24009085303749905E-01 6.59940339451780514E-04 -5.89258124249269072E-02
1.83085329E+00 1.24003787454280395E-01 6.61886017540187712E-04 -5.88786545477524709E-02
1.83876234E+00 1.23998473944956153E-01 6.63844576361311564E-04 -5.88238694808120716E-02
1.84667148E+00 1.23993144699917957E-01 6.65816056251573450E-04 -5.87614473610911237E-02
1.85458067E+00 1.23987799642775912E-01 6.67800497489009701E-04 -5.86913804246023615E-02
1.86248988E+00 1.23982438696591299E-01 6.69797940297955354E-04 -5.86136630035989092E-02
1.87039907E+00 1.23977061783932141E-01 6.71808424854074314E-04 -5.85282915245235180E-02
1.87830820E+00 1.23971668826764622E-01 6.73831991290320289E-04 -5.84352645078322908E-02
1.88621724E+00 1.23966259746519356E-01 6.75868679702195828E-04 -5.83345825621067390E-02
1.89412614E+00 1.23960834464011835E-01 6.77918530154048384E-04 -5.82262483811909343E-02
1.90203489E+00 1.23955392899459407E-01 6.79981582685451938E-04 -5.81102667350944790E-02
1.90994343E+00 1.23949934972426137E-01 6.82057877317504687E-04 -5.79866444633777151E-02
1.91785174E+00 1.23944460601886228E-01 6.84147454060101334E-04 -5.78553904642025787E-02
1.92575978E+00 1.23938969706116425E-01 6.86250352918801941E-04 -5.77165156840069235E-02
1.93366753E+00 1.23933462202727371E-01 6.88366613902698359E-04 -5.75700331044001756E-02
1.94157494E+00 1.23927938008614083E-01 6.90496277031663963E-04 -5.74159577298044010E-02
1.94948200E+00 1.23922397039987239E-01 6.92639382345167564E-04 -5.72543065706359947E-02
1.95738866E+00 1.23916839212285024E-01 6.94795969910140814E-04 -5.70850986288393147E-02
1.96529491E+00 1.23911264440213137E-01 6.96966079829856736E-04 -5.69083548788781382E-02
1.97320070E+00 1.23905672637691949E-01 6.99149752253256361E-04 -5.67240982515762743E-02
1.98110603E+00 1.23900063717847689E-01 7.01347027383897401E-04 -5.65323536109858527E-02
1.98901085E+00 1.23894437593011275E-01 7.03557945490041348E-04 -5.63331477365914407E-02
1.99691514E+00 1.23888794174640895E-01 7.05782546914321190E-04 -5.61265093001653836E-02
2.00481888E+00 1.23883133373362223E-01 7.08020872084486400E-04 -5.59124688426767477E-02
2.01272205E+00 1.23877455098918024E-01 7.10272961523803251E-04 -5.56910587489591533E-02
2.02062462E+00 1.23871759260157338E-01 7.12538855862241837E-04 -5.54623132270283675E-02
2.02852656E+00 1.23866045764982974E-01 7.14818595847895207E-04 -5.52262682760106330E-02
2.03642787E+00 1.23860314520391535E-01 7.17112222358427570E-04 -5.49829616650490752E-02
2.04432851E+00 1.23854565432373331E-01 7.19419776413420106E-04 -5.47324329005200311E-02
2.05222848E+00 1.23848798405971364E-01 7.21741299186651718E-04 -5.44747232016258090E-02
2.06012775E+00 1.23843013345174863E-01 7.24076832019061216E-04 -5.42099183022567155E-02
2.06802630E+00 1.23837210152984323E-01 7.26426416431272129E-04 -5.39379249491888507E-02
2.07592412E+00 1.23831388731302755E-01 7.28790094137940058E-04 -5.36589475928683016E-02
2.08382120E+00 1.23825548980975877E-01 7.31167907060666176E-04 -5.33729599155432569E-02
2.09171752E+00 1.23819690801736812E-01 7.33559897343013753E-04 -5.30800215897840391E-02
2.09961306E+00 1.23813814092174901E-01 7.35966107364207050E-04 -5.27801838464221351E-02
2.10750783E+00 1.23807918749773677E-01 7.38386579754776251E-04 -5.24734990352409419E-02
2.11540180E+00 1.23802004670782881E-01 7.40821357411342724E-04 -5.21600209475508517E-02
2.12329497E+00 1.23796071750280373E-01 7.43270483512469189E-04 -5.18398047914997231E-02
2.13118734E+00 1.23790119882104185E-01 7.45734001534588712E-04 -5.15129071625359675E-02
2.13907888E+00 1.23784148958853382E-01 7.48211955268397082E-04 -5.11793860101805234E-02
2.14696961E+00 1.23778158871842986E-01 7.50704388835333656E-04 -5.08393005985884189E-02
2.15485951E+00 1.23772149511060400E-01 7.53211346705079084E-04 -5.04927114714691441E-02
2.16274858E+00 1.23766120765211887E-01 7.55732873712809412E-04 -5.01396804184648381E-02
2.17063683E+00 1.23760072521611447E-01 7.58269015077016784E-04 -4.97802704371730770E-02
2.17852424E+00 1.23754004666200096E-01 7.60819816417837667E-04 -4.94145456936904287E-02
2.18641083E+00 1.23747917083511433E-01 7.63385323775445253E-04 -4.90425714920390693E-02
2.19429659E+00 1.23741809656655141E-01 7.65965583629289932E-04 -4.86644142331208868E-02
2.20218152E+00 1.23735682267251540E-01 7.68560642917086377E-04 -4.82801413780325137E-02
2.21006564E+00 1.23729534795457910E-01 7.71170549055080539E-04 -4.78898214125964977E-02
2.21794894E+00 1.23723367119916536E-01 7.73795349957420763E-04 -4.74935238088589964E-02
2.22583144E+00 1.23717179117729129E-01 7.76435094057206267E-04 -4.70913189913404751E-02
2.23371315E+00 1.23710970664388784E-01 7.79089830327242463E-04 -4.66832782976725619E-02
2.24159407E+00 1.23704741633842347E-01 7.81759608301111123E-04 -4.62694739406154590E-02
2.24947410E+00 1.23698491983620332E-01 7.84444441447542176E-04 -4.58499846043471590E-02
2.25735323E+00 1.23692221615118572E-01 7.87144366985018909E-04 -4.54248864638399849E-02
2.26523147E+00 1.23685930401862751E-01 7.89859433960929651E-04 -4.49942547399574885E-02
2.27310882E+00 1.23679618215728857E-01 7.92589692032369896E-04 -4.45581653383445228E-02
2.28098529E+00 1.23673284926915067E-01 7.95335191489527564E-04 -4.41166948585524424E-02
2.28886091E+00 1.23666930403922792E-01 7.98095983280726882E-04 -4.36699205629911824E-02
2.29673569E+00 1.23660554513507964E-01 8.00872119035495544E-04 -4.32179203441224319E-02
2.30460964E+00 1.23654157120676497E-01 8.03663651090396258E-04 -4.27607726855904757E-02
2.31248279E+00 1.23647738088667511E-01 8.06470632513515517E-04 -4.22985566374964109E-02
2.32035515E+00 1.23641297278841711E-01 8.09293117130002629E-04 -4.18313517670214283E-02
2.32822674E+00 1.23634834550795714E-01 8.12131159548453124E-04 -4.13592381410436000E-02
2.33609760E+00 1.23628349762182718E-01 8.14984815186986099E-04 -4.08822962770648904E-02
2.34396773E+00 1.23621842768784129E-01 8.17854140299951148E-04 -4.04006071264601252E-02
2.35183717E+00 1.23615313424425208E-01 8.20739192005403130E-04 -3.99142520306222590E-02
2.35970594E+00 1.23608761581005644E-01 8.23640028312884963E-04 -3.94233126922146834E-02
2.36757408E+00 1.23602187088413043E-01 8.26556708151163460E-04 -3.89278711448110271E-02
2.37544161E+00 1.23595589794471467E-01 8.29489291396924805E-04 -3.84280097289135536E-02
2.38330856E+00 1.23588969545042893E-01 8.32437838903830191E-04 -3.79238110454481331E-02
2.39117496E+00 1.23582326183845029E-01 8.35402412532003195E-04 -3.74153579498070696E-02
2.39904086E+00 1.23575659552488989E-01 8.38383075177688455E-04 -3.69027334972045762E-02
2.40690629E+00 1.23568969490483654E-01 8.41379890804016769E-04 -3.63860209395457102E-02
2.41477106E+00 1.23562256017993657E-01 8.44392842356098735E-04 -3.58653176989857034E-02
2.42263521E+00 1.23555518985259252E-01 8.47421988782542175E-04 -3.53407087889334795E-02
2.43049876E+00 1.23548758230825881E-01 8.50467394419152545E-04 -3.48122785107865054E-02
2.43836176E+00 1.23541973590987481E-01 8.53529124763143291E-04 -3.42801111751130094E-02
2.44622424E+00 1.23535164899828936E-01 8.56607246506501958E-04 -3.37442911473942037E-02
2.45408625E+00 1.23528331989156151E-01 8.59701827570586320E-04 -3.32049028047752201E-02
2.46194783E+00 1.23521474688474714E-01 8.62812937140037465E-04 -3.26620305298499503E-02
2.46980901E+00 1.23514592824987265E-01 8.65940645698172061E-04 -3.21157586737629980E-02
2.47766985E+00 1.23507686223501154E-01 8.69085025062220871E-04 -3.15661715459802789E-02
2.48553039E+00 1.23500754706466320E-01 8.72246148419168798E-04 -3.10133533847845311E-02
2.49339067E+00 1.23493798093896504E-01 8.75424090362528521E-04 -3.04573883429613661E-02
2.50125075E+00 1.23486816203391803E-01 8.78618926929681512E-04 -2.98983604569593893E-02
2.50911068E+00 1.23479808850050277E-01 8.81830735638923480E-04 -2.93363536446635091E-02
2.51697050E+00 1.23472775846472343E-01 8.85059595528530892E-04 -2.87714516668655870E-02
2.52483028E+00 1.23465717002729874E-01 8.88305587194996877E-04 -2.82037381342843431E-02
2.53268989E+00 1.23458632279787955E-01 8.91568722117525090E-04 -2.76333086992837478E-02
2.54054927E+00 1.23451521589873936E-01 8.94849034282272520E-04 -2.70602552852321175E-02
2.54840849E+00 1.23444384741470112E-01 8.98146605798653161E-04 -2.64846615250834382E-02
2.55626758E+00 1.23437221540408648E-01 9.01461520473369258E-04 -2.59066107374309462E-02
2.56412662E+00 1.23430031789870998E-01 9.04793863853816044E-04 -2.53261859599577151E-02
2.57198565E+00 1.23422815290355356E-01 9.08143723272432975E-04 -2.47434699559715109E-02
2.57984474E+00 1.23415571839661661E-01 9.11511187891037738E-04 -2.41585452020558616E-02
2.58770394E+00 1.23408301232841439E-01 9.14896348745874413E-04 -2.35714938733403954E-02
2.59556332E+00 1.23401003262197578E-01 9.18299298793358570E-04 -2.29823978379483755E-02
2.60342294E+00 1.23393677717180489E-01 9.21720132956772333E-04 -2.23913386426467104E-02
2.61128287E+00 1.23386324384493595E-01 9.25158948173392375E-04 -2.17983974974836313E-02
2.61914317E+00 1.23378943047935175E-01 9.28615843443096438E-04 -2.12036552764639265E-02
2.62700390E+00 1.23371533488405086E-01 9.32090919877238619E-04 -2.06071925014718084E-02
2.63486494E+00 1.23364095677943958E-01 9.35584189595320718E-04 -2.00091048132786282E-02
2.64272622E+00 1.23356629514964442E-01 9.39095699694942644E-04 -1.94094818642050505E-02
2.65058781E+00 1.23349134778000830E-01 9.42625554279491983E-04 -1.88084035603213393E-02
2.65844978E+00 1.23341611242639551E-01 9.46173859752765748E-04 -1.82059493423806888E-02
2.66631220E+00 1.23334058681391384E-01 9.49740724874504737E-04 -1.76021982163528413E-02
2.67417515E+00 1.23326476863746037E-01 9.53326260817043527E-04 -1.69972287845550525E-02
2.68203868E+00 1.23318865556101318E-01 9.56930581221523318E-04 -1.63911192239351612E-02
2.68990289E+00 1.23311224521754373E-01 9.60553802255222923E-04 -1.57839472910296062E-02
2.69776784E+00 1.23303553520853801E-01 9.64196042670840557E-04 -1.51757903187837960E-02
2.70563360E+00 1.23295852310396942E-01 9.67857423866118989E-04 -1.45667252053422389E-02
2.71350027E+00 1.23288120644165666E-01 9.71538069944634917E-04 -1.39568284242910737E-02
2.72136790E+00 1.23280358273733237E-01 9.75238107300385932E-04 -1.33461760876277223E-02
2.72923623E+00 1.23272565309535301E-01 9.78957492290042849E-04 -1.27348720861093570E-02
2.73710532E+00 1.23264741502186706E-01 9.82696353728987207E-04 -1.21229919613494354E-02
2.74497526E+00 1.23256886598988522E-01 9.86454823380742600E-04 -1.15106107000873606E-02
2.75284612E+00 1.23249000343853318E-01 9.90233036028710699E-04 -1.08978027970756015E-02
2.76071799E+00 1.23241082477332731E-01 9.94031129547221729E-04 -1.02846422801352779E-02
2.76859095E+00 1.23233132736530748E-01 9.97849244973065142E-04 -9.67120271082373868E-03
2.77646509E+00 1.23225150855135399E-01 1.00168752657797677E-03 -9.05755720095544579E-03
2.78434048E+00 1.23217136563355811E-01 1.00554612194342450E-03 -8.44377840027729816E-03
2.79221722E+00 1.23209089587878629E-01 1.00942518203649156E-03 -7.82993849849275905E-03
2.80009539E+00 1.23201009651862439E-01 1.01332486128773137E-03 -7.21610923404687570E-03
2.80797497E+00 1.23192896582925593E-01 1.01724526546727876E-03 -6.60237002454267495E-03
2.81585577E+00 1.23184750401552232E-01 1.02118640864887460E-03 -5.98881442025722514E-03
2.82373786E+00 1.23176570826726034E-01 1.02514845225229120E-03 -5.37551296961633583E-03
2.83162134E+00 1.23168357573710974E-01 1.02913156147634434E-03 -4.76253568799180245E-03
2.83950630E+00 1.23160110354043215E-01 1.03313590539085660E-03 -4.14995210979533964E-03
2.84739282E+00 1.23151828875495153E-01 1.03716165702723707E-03 -3.53783131515765818E-03
2.85528100E+00 1.23143512842044833E-01 1.04120899347080634E-03 -2.92624192112457765E-03
2.86317094E+00 1.23135161953868921E-01 1.04527809595535799E-03 -2.31525210917041561E-03
2.87106272E+00 1.23126775907294997E-01 1.04936914995942127E-03 -1.70492960767565501E-03
2.87895643E+00 1.23118354394731733E-01 1.05348234530589098E-03 -1.09534171737110837E-03
2.88685213E+00 1.23109897165029847E-01 1.05761784674558213E-03 -4.86559626550853315E-04
2.89474953E+00 1.23101404297432937E-01 1.06177565974099690E-03 1.21322187149092313E-04
2.90264874E+00 1.23092875479059935E-01 1.06595598381142788E-03 7.28237744852921814E-04
2.91054984E+00 1.23084310392875734E-01 1.07015902322391281E-03 1.33412155678409644E-03
2.91845294E+00 1.23075708717763549E-01 1.07438498711091759E-03 1.93890857560032092E-03
2.92635813E+00 1.23067070128438316E-01 1.07863408958762549E-03 2.54253418302166374E-03
2.93426551E+00 1.23058394295451498E-01 1.08290654987092463E-03 3.14493417002833803E-03
2.94217519E+00 1.23049680885118098E-01 1.08720259240092845E-03 3.74604474734252426E-03
2.95008725E+00 1.23040929559465495E-01 1.09152244696720927E-03 4.34580251382550749E-03
2.95800181E+00 1.23032139976247762E-01 1.09586634883633463E-03 4.94414447355661507E-03
2.96591876E+00 1.23023312005906355E-01 1.10023443147056334E-03 5.54099340004991781E-03
2.97383796E+00 1.23014445578125325E-01 1.10462680205574283E-03 6.13626859108898793E-03
2.98175951E+00 1.23005540343875244E-01 1.10904370905908043E-03 6.72990844405056167E-03
2.98968352E+00 1.22996595949549023E-01 1.11348540694993512E-03 7.32185177011374956E-03
2.99761009E+00 1.22987612036972602E-01 1.11795215635190079E-03 7.91203775512277011E-03
3.00553932E+00 1.22978588243341930E-01 1.12244422419556533E-03 8.50040596027669057E-03
3.01347131E+00 1.22969524201159738E-01 1.12696188387355432E-03 9.08689630425984357E-03
3.02140617E+00 1.22960419538246837E-01 1.13150541540154898E-03 9.67144905675730235E-03
3.02934400E+00 1.22951273877610692E-01 1.13607510558215029E-03 1.02540048342129198E-02
3.03728488E+00 1.22942086872824763E-01 1.14067123046419677E-03 1.08345023552377691E-02
3.04522849E+00 1.22932858635656811E-01 1.14529384115144768E-03 1.14128518322608487E-02
3.05317493E+00 1.22923588780768242E-01 1.14994324171100283E-03 1.19889953014213589E-02
3.06112431E+00 1.22914276917720305E-01 1.15461974366037239E-03 1.25628751327679089E-02
3.06907674E+00 1.22904922650960285E-01 1.15932366616372973E-03 1.31344340189838357E-02
3.07703232E+00 1.22895525579749129E-01 1.16405533622816575E-03 1.37036149634975103E-02
3.08499116E+00 1.22886085298152009E-01 1.16881508890336158E-03 1.42703612727646742E-02
3.09295337E+00 1.22876601394917309E-01 1.17360326748741574E-03 1.48346165452479962E-02
3.10091906E+00 1.22867073453405182E-01 1.17842022373767564E-03 1.53963246673903299E-02
3.10888834E+00 1.22857501051567675E-01 1.18326631808886957E-03 1.59554297931526930E-02
3.11686087E+00 1.22847884292853884E-01 1.18814165061686939E-03 1.65118457321114798E-02
3.12483674E+00 1.22838222788946308E-01 1.19304657594531001E-03 1.70655155114160482E-02
3.13281606E+00 1.22828516107085992E-01 1.19798147755609610E-03 1.76163846947468804E-02
3.14079893E+00 1.22818763808736645E-01 1.20294674848117600E-03 1.81643990912792250E-02
3.14878546E+00 1.22808965449506743E-01 1.20794279155477012E-03 1.87095047542076738E-02
3.15677578E+00 1.22799120579005952E-01 1.21297001966666962E-03 1.92516479794676079E-02
3.16476998E+00 1.22789228740868575E-01 1.21802885602496653E-03 1.97907752926031362E-02
3.17276818E+00 1.22779289472562725E-01 1.22311973442496198E-03 2.03268334352632273E-02
3.18077049E+00 1.22769302305360067E-01 1.22824309952365642E-03 2.08597693645237690E-02
3.18877656E+00 1.22759267353472132E-01 1.23339910425925687E-03 2.13894992150373310E-02
3.19678648E+00 1.22749184157321195E-01 1.23858820321953982E-03 2.19159702761935922E-02
3.20480036E+00 1.22739052234839899E-01 1.24381087075404019E-03 2.24391308603737183E-02
3.21281833E+00 1.22728871097273914E-01 1.24906759316437154E-03 2.29589294475290306E-02
3.22084049E+00 1.22718640249142363E-01 1.25435886901715133E-03 2.34753146950644337E-02
3.22886695E+00 1.22708359188015412E-01 1.25968520946126081E-03 2.39882354347817420E-02
3.23689784E+00 1.22698027404523000E-01 1.26504713855252193E-03 2.44976406578505598E-02
3.24493326E+00 1.22687644382144689E-01 1.27044519358541098E-03 2.50034795068815770E-02
3.25297325E+00 1.22677209690377959E-01 1.27587987683689882E-03 2.55056967888644300E-02
3.26101751E+00 1.22666723345072323E-01 1.28135146732648048E-03 2.60042161518449534E-02
3.26906615E+00 1.22656184813486058E-01 1.28686053921649775E-03 2.64989880782307008E-02
3.27711929E+00 1.22645593555114701E-01 1.29240768117656218E-03 2.69899631278501459E-02
3.28517705E+00 1.22634949021691753E-01 1.29799349675628877E-03 2.74770919513783844E-02
3.29323953E+00 1.22624250656937717E-01 1.30361860475797686E-03 2.79603253034122236E-02
3.30130686E+00 1.22613497896490564E-01 1.30928363961055404E-03 2.84396140383544535E-02
3.30937915E+00 1.22602690167690181E-01 1.31498925175065192E-03 2.89149090962738525E-02
3.31745650E+00 1.22591826889472941E-01 1.32073610800786663E-03 2.93861614941111383E-02
3.32553884E+00 1.22580907749938017E-01 1.32652474464310015E-03 2.98533104482768437E-02
3.33362598E+00 1.22569932548026200E-01 1.33235565028428900E-03 3.03162909059941782E-02
3.34171805E+00 1.22558900682173441E-01 1.33822953782507443E-03 3.07750551116096824E-02
3.34981515E+00 1.22547811541664622E-01 1.34414713796609207E-03 3.12295552938168866E-02
3.35791740E+00 1.22536664506383189E-01 1.35010919962251790E-03 3.16797436947119371E-02
3.36602492E+00 1.22525458946762922E-01 1.35611649032858750E-03 3.21255725791784394E-02
3.37413783E+00 1.22514194223466627E-01 1.36216979663727686E-03 3.25669942249501229E-02
3.38225623E+00 1.22502869687255739E-01 1.36826992452348173E-03 3.30039609168584075E-02
3.39038025E+00 1.22491484678714832E-01 1.37441769978288632E-03 3.34364249245405268E-02
3.39850962E+00 1.22480039055464146E-01 1.38061368272956184E-03 3.38643188032665479E-02
3.40664433E+00 1.22468532320073847E-01 1.38685863851988837E-03 3.42875891070861319E-02
3.41478450E+00 1.22456963787288084E-01 1.39315344852572508E-03 3.47061891558398533E-02
3.42293025E+00 1.22445332760761277E-01 1.39949901529401672E-03 3.51200721611065469E-02
3.43108169E+00 1.22433638532875089E-01 1.40589626292774383E-03 3.55291912618056899E-02
3.43923894E+00 1.22421880384502926E-01 1.41234613745393179E-03 3.59334995316668293E-02
3.44740211E+00 1.22410057584726201E-01 1.41884960718080913E-03 3.63329499534643038E-02
3.45557132E+00 1.22398169390598680E-01 1.42540766304397786E-03 3.67274954229185879E-02
3.46374661E+00 1.22386215140372637E-01 1.43202126714365280E-03 3.71170856738294447E-02
3.47192767E+00 1.22374194712684889E-01 1.43869109717046110E-03 3.75016528751484640E-02
3.48011462E+00 1.22362107332959033E-01 1.44541820684573712E-03 3.78811508424827248E-02
3.48830755E+00 1.22349952213408081E-01 1.45220367348544862E-03 3.82555331584474162E-02
3.49650660E+00 1.22337728552936953E-01 1.45904859828389390E-03 3.86247531939153815E-02
3.50471188E+00 1.22325435536708174E-01 1.46595410656141767E-03 3.89887641574072907E-02
3.51292350E+00 1.22313072335969719E-01 1.47292134798800460E-03 3.93475190739359590E-02
3.52114158E+00 1.22300638107676829E-01 1.47995149678230775E-03 3.97009707778800611E-02
3.52936622E+00 1.22288131994250954E-01 1.48704575188535540E-03 4.00490718930019349E-02
3.53759729E+00 1.22275553536245501E-01 1.49420510175039302E-03 4.03917635572432626E-02
3.54583465E+00 1.22262902209899452E-01 1.50143058474212126E-03 4.07289890573449900E-02
3.55407842E+00 1.22250177118514797E-01 1.50872346638161715E-03 4.10607016367127847E-02
3.56232871E+00 1.22237377349599080E-01 1.51608503698222427E-03 4.13868541863048195E-02
3.57058565E+00 1.22224501974643088E-01 1.52351661167482075E-03 4.17073992946216041E-02
3.57884935E+00 1.22211550048767034E-01 1.53101953038701469E-03 4.20222892544421800E-02
3.58711992E+00 1.22198520610441189E-01 1.53859515778123255E-03 4.23314760628479628E-02
3.59539747E+00 1.22185412681181244E-01 1.54624488315030289E-03 4.26349113948909439E-02
3.60368211E+00 1.22172225265171130E-01 1.55397012027025361E-03 4.29325465939358261E-02
3.61197348E+00 1.22158958123859740E-01 1.56177185100889529E-03 4.32243155712666374E-02
3.62027167E+00 1.22145610267222093E-01 1.56965150790112831E-03 4.35101696149906431E-02
3.62857680E+00 1.22132180652811367E-01 1.57761056690503259E-03 4.37900603182619849E-02
3.63688897E+00 1.22118668219790311E-01 1.58565052702823038E-03 4.40639388032293966E-02
3.64520605E+00 1.22105075590048046E-01 1.59377069589745793E-03 4.43316826261092450E-02
3.65351732E+00 1.22091419566300166E-01 1.60196183969034118E-03 4.45929056928466780E-02
3.66181994E+00 1.22077704297494261E-01 1.61022219214560511E-03 4.48475015758650272E-02
3.67011426E+00 1.22063928660750082E-01 1.61855313048970694E-03 4.50954677720084574E-02
3.67840072E+00 1.22050091409468542E-01 1.62695610892329198E-03 4.53368000838845209E-02
3.68667974E+00 1.22036191291949883E-01 1.63543258802283098E-03 4.55714924178749967E-02
3.69495172E+00 1.22022227051115498E-01 1.64398403454106188E-03 4.57995373396202429E-02
3.70321705E+00 1.22008197423872589E-01 1.65261192106071751E-03 4.60209261206118367E-02
3.71147613E+00 1.21994101140459610E-01 1.66131772557248972E-03 4.62356487599820190E-02
3.71972933E+00 1.21979936923767227E-01 1.67010293099783495E-03 4.64436940098631387E-02
3.72797702E+00 1.21965703488624011E-01 1.67896902466815661E-03 4.66450493955534312E-02
3.73621955E+00 1.21951399541153124E-01 1.68791749775950564E-03 4.68397012361793999E-02
3.74445536E+00 1.21937027167293863E-01 1.69694771236180461E-03 4.70275900165724944E-02
3.75268377E+00 1.21922586880337427E-01 1.70605998450393064E-03 4.72086829444629749E-02
3.76090519E+00 1.21908077358081082E-01 1.71525576974768047E-03 4.73829718453832940E-02
3.76911999E+00 1.21893497272172718E-01 1.72453652058000796E-03 4.75504465657279746E-02
3.77732853E+00 1.21878845287832729E-01 1.73390368577795414E-03 4.77110954780612176E-02
3.78553119E+00 1.21864120063505083E-01 1.74335870965144587E-03 4.78649056783225085E-02
3.79372832E+00 1.21849320250299792E-01 1.75290303121776307E-03 4.80118630029499199E-02
3.80192026E+00 1.21834444491451643E-01 1.76253808333762490E-03 4.81519520414224397E-02
3.81010737E+00 1.21819491421867043E-01 1.77226529181431650E-03 4.82851561509307914E-02
3.81828996E+00 1.21804459667583104E-01 1.78208607446766532E-03 4.84114574635434586E-02
3.82646623E+00 1.21789351820267039E-01 1.79199922881237341E-03 4.85308050245673236E-02
3.83463601E+00 1.21774156823607468E-01 1.80200527325687348E-03 4.86432729935288785E-02
3.84279966E+00 1.21758880103128395E-01 1.81210565012758615E-03 4.87487350752810050E-02
3.85095753E+00 1.21743522593964079E-01 1.82230176042369983E-03 4.88472022513206927E-02
3.85910999E+00 1.21728083647407739E-01 1.83259495534035684E-03 4.89386470757878639E-02
3.86725738E+00 1.21712562082967601E-01 1.84298655233808956E-03 4.90230538384489878E-02
3.87540004E+00 1.21696956538403872E-01 1.85347784324662581E-03 4.91004033544846924E-02
3.88353830E+00 1.21681265586066831E-01 1.86407009734061713E-03 4.91706749162901177E-02
3.89167250E+00 1.21665487771562594E-01 1.87476456194105500E-03 4.92338463752310732E-02
3.89980297E+00 1.21649621626447296E-01 1.88556246192318495E-03 4.92898941669848364E-02
3.90793001E+00 1.21633665672413058E-01 1.89646499878104815E-03 4.93387932648116298E-02
3.91605167E+00 1.21617622938817310E-01 1.90747025346017763E-03 4.93805046446503665E-02
3.92416810E+00 1.21601492323658147E-01 1.91857907476601338E-03 4.94150062738369505E-02
3.93227967E+00 1.21585272327633470E-01 1.92979254774428748E-03 4.94422737301632581E-02
3.94038671E+00 1.21568961445748941E-01 1.94111172717776562E-03 4.94622754446111396E-02
3.94848956E+00 1.21552558168309607E-01 1.95253763635539249E-03 4.94697211576176840E-02
3.95658856E+00 1.21536060981463301E-01 1.96407126574230486E-03 4.94871201735506902E-02
3.96468404E+00 1.21519468367311673E-01 1.97571357163371956E-03 4.94854954908882996E-02
3.97277632E+00 1.21502778804282036E-01 1.98746547481580115E-03 4.94596349728860657E-02
3.98086571E+00 1.21485990767289317E-01 1.99932785927424634E-03 4.94591281392929710E-02
3.98895204E+00 1.21469103783798202E-01 2.01130082306826734E-03 4.94235714133157353E-02
3.99703376E+00 1.21452120270846148E-01 2.02338236166182744E-03 4.93985250705664958E-02
4.00511123E+00 1.21435038660102620E-01 2.03557323555522826E-03 4.93582288326694374E-02
4.01318482E+00 1.21417857372958682E-01 2.04787416753546021E-03 4.93118581534147671E-02
4.02125491E+00 1.21400574823052096E-01 2.06028584179763358E-03 4.92578381383594194E-02
4.02932184E+00 1.21383189417603052E-01 2.07280890276627643E-03 4.91962846750823926E-02
4.03738599E+00 1.21365699558249884E-01 2.08544395379758928E-03 4.91271315472746398E-02
4.04544771E+00 1.21348103641824925E-01 2.09819155584636688E-03 4.90503463924986324E-02
4.05350736E+00 1.21330400061030019E-01 2.11105222613252761E-03 4.89658926129329722E-02
4.06156528E+00 1.21312587205129468E-01 2.12402643684088920E-03 4.88737327008748820E-02
4.06962184E+00 1.21294663460544572E-01 2.13711461387268821E-03 4.87738279082354648E-02
4.07767737E+00 1.21276627211461444E-01 2.15031713567491716E-03 4.86661383763758865E-02
4.08573008E+00 1.21258481723174438E-01 2.16363075935333384E-03 4.85506530795022165E-02
4.09378003E+00 1.21240226092891798E-01 2.17705522411020544E-03 4.84273422364662476E-02
4.10182751E+00 1.21221858931461271E-01 2.19059057007480731E-03 4.82961717238684363E-02
4.10987291E+00 1.21203378627257760E-01 2.20423694894210289E-03 4.81571050104974627E-02
4.11791661E+00 1.21184783537934243E-01 2.21799448457472110E-03 4.80101046092923089E-02
4.12595902E+00 1.21166072006793510E-01 2.23186326121654378E-03 4.78551324094484004E-02
4.13397992E+00 1.21147290949925282E-01 2.24580737771102896E-03 4.76925562861749419E-02
4.14195656E+00 1.21128494647262233E-01 2.25978528975214702E-03 4.75228973717558290E-02
4.14988976E+00 1.21109682483396333E-01 2.27379596782181130E-03 4.73462621152944477E-02
4.15778045E+00 1.21090853521205244E-01 2.28783854791267264E-03 4.71627319081837498E-02
4.16562968E+00 1.21072006517167208E-01 2.30191236935594788E-03 4.69723824197309861E-02
4.17343860E+00 1.21053139902163237E-01 2.31601700742545182E-03 4.67752844740608673E-02
4.18120847E+00 1.21034251748424901E-01 2.33015230505135684E-03 4.65715035594240004E-02
4.18894072E+00 1.21015339730142030E-01 2.34431840526905331E-03 4.63610991363771208E-02
4.19663691E+00 1.20996401080056493E-01 2.35851578499128535E-03 4.61441238485108540E-02
4.20429879E+00 1.20977432542842461E-01 2.37274529030126729E-03 4.59206226492426539E-02
4.21192826E+00 1.20958430325467201E-01 2.38700817331588154E-03 4.56906318639762471E-02
4.21952743E+00 1.20939390044693645E-01 2.40130613060704099E-03 4.54541781764214239E-02
4.22709097E+00 1.20920326087834554E-01 2.41562682850669959E-03 4.52115171592671894E-02
4.23461406E+00 1.20901251953754396E-01 2.42995862424918649E-03 4.49629227392470965E-02
4.24209840E+00 1.20882164626760921E-01 2.44430223916958927E-03 4.47084731662255805E-02
4.24954589E+00 1.20863060499187935E-01 2.45865882512190858E-03 4.44482302068089363E-02
4.25695863E+00 1.20843935343175238E-01 2.47302999936889261E-03 4.41822473653611519E-02
4.26433892E+00 1.20824784271587091E-01 2.48741787630831152E-03 4.39105679807142851E-02
4.27168929E+00 1.20805601695459300E-01 2.50182509715120033E-03 4.36332244490341414E-02
4.27901246E+00 1.20786381280965374E-01 2.51625485770800173E-03 4.33502373808270225E-02
4.28630808E+00 1.20767124823473446E-01 2.53070428133206392E-03 4.30617442282901358E-02
4.29356710E+00 1.20747857323865421E-01 2.54515321155725010E-03 4.27682377925938870E-02
4.30079198E+00 1.20728573486136026E-01 2.55960417775337977E-03 4.24697997675102593E-02
4.30798547E+00 1.20709267033782319E-01 2.57406039924231497E-03 4.21664761144421377E-02
4.31515063E+00 1.20689930662016498E-01 2.58852583732140399E-03 4.18583015784840112E-02
4.32227322E+00 1.20670604136302095E-01 2.60296946587859320E-03 4.15460473945358857E-02
4.32935285E+00 1.20651290161675265E-01 2.61738798764864266E-03 4.12299675603858412E-02
4.33639215E+00 1.20631983086450775E-01 2.63178428500244555E-03 4.09101566185989529E-02
4.34339403E+00 1.20612676214237394E-01 2.64616197735775783E-03 4.05866952692924415E-02
4.35036175E+00 1.20593361768600638E-01 2.66052545324402126E-03 4.02596479615489958E-02
4.35729891E+00 1.20574030850352412E-01 2.67487989419454373E-03 3.99290607793971603E-02
4.36420941E+00 1.20554673396052164E-01 2.68923129152645038E-03 3.95949608166823938E-02
4.37109752E+00 1.20535278141509328E-01 2.70358645596591521E-03 3.92573556770685755E-02
4.37796787E+00 1.20515832592063013E-01 2.71795301960443521E-03 3.89162332241702741E-02
4.38482223E+00 1.20496332138596618E-01 2.73233273603887186E-03 3.85717183222716656E-02
4.39163831E+00 1.20476841338480717E-01 2.74667674603665387E-03 3.82251423209160751E-02
4.39842024E+00 1.20457349826451607E-01 2.76099134559042473E-03 3.78766146214712107E-02
4.40517246E+00 1.20437845955021147E-01 2.77528357637749383E-03 3.75261550493978246E-02
4.41189973E+00 1.20418316874948583E-01 2.78956120702722032E-03 3.71737832717573199E-02
4.41860713E+00 1.20398748587995374E-01 2.80383269361864518E-03 3.68194993795100955E-02
4.42529997E+00 1.20379126001163336E-01 2.81810712442221844E-03 3.64632866556597185E-02
4.43198387E+00 1.20359432993922100E-01 2.83239414992001760E-03 3.61051142896104613E-02
4.43866239E+00 1.20339659101908233E-01 2.84669915805263376E-03 3.57450574381525318E-02
4.44532054E+00 1.20319849355316061E-01 2.86098764196064757E-03 3.53841872688675715E-02
4.45195934E+00 1.20300001612388921E-01 2.87525921558773627E-03 3.50227755215938158E-02
4.45857974E+00 1.20280113775374786E-01 2.88951334683552018E-03 3.46610568928933035E-02
4.46518266E+00 1.20260183817192001E-01 2.90374937894385000E-03 3.42992841370442017E-02
4.47176900E+00 1.20240209787990077E-01 2.91796654611875842E-03 3.39377140662272675E-02
4.47833960E+00 1.20220189816731771E-01 2.93216398680616564E-03 3.35766074513383500E-02
4.48489527E+00 1.20200122112406896E-01 2.94634075611169407E-03 3.32162287095003547E-02
4.49143678E+00 1.20180004965954212E-01 2.96049583812305365E-03 3.28568453441957023E-02
4.49796486E+00 1.20159836752655569E-01 2.97462815854706089E-03 3.24987273035344110E-02
4.50448022E+00 1.20139615934743260E-01 2.98873659792386328E-03 3.21421462739909305E-02
4.51098351E+00 1.20119341063549448E-01 3.00282000556043429E-03 3.17873749440497899E-02
4.51747533E+00 1.20099010780623017E-01 3.01687721426102022E-03 3.14346862332448365E-02
4.52395628E+00 1.20078623817501451E-01 3.03090705584311551E-03 3.10843524895917864E-02
4.53042689E+00 1.20058178993802181E-01 3.04490837733432983E-03 3.07366446514386257E-02
4.53688765E+00 1.20037675213427036E-01 3.05888005765624039E-03 3.03918313521307874E-02
4.54333903E+00 1.20017111458967318E-01 3.07282102449541036E-03 3.00501779881775163E-02
4.54978145E+00 1.19996486784493012E-01 3.08673027097410750E-03 2.97119457257214274E-02
4.55621532E+00 1.19975800306954566E-01 3.10060687167393800E-03 2.93773904812853585E-02
4.56264100E+00 1.19955051196829851E-01 3.11444999753402374E-03 2.90467618878416135E-02
4.56905884E+00 1.19934238668310780E-01 3.12825892915028500E-03 2.87203022770381074E-02
4.57546917E+00 1.19913361969908691E-01 3.14203306805084775E-03 2.83982457180373959E-02
4.58187228E+00 1.19892420375786735E-01 3.15577194556071515E-03 2.80808171541178861E-02
4.58826847E+00 1.19871413178616285E-01 3.16947522891811856E-03 2.77682316370476967E-02
4.59465801E+00 1.19850339684270779E-01 3.18314272433966238E-03 2.74606936996775811E-02
4.60104117E+00 1.19829199208808690E-01 3.19677437676763824E-03 2.71583968544395933E-02
4.60741819E+00 1.19807991077913900E-01 3.21037026611609459E-03 2.68615232215143537E-02
4.61378934E+00 1.19786714628807064E-01 3.22393059997506384E-03 2.65702432681720613E-02
4.62015482E+00 1.19765369214540174E-01 3.23745570293938007E-03 2.62847156721693793E-02
4.62651486E+00 1.19743954210235259E-01 3.25094600298221018E-03 2.60050872829284060E-02
4.63286966E+00 1.19722469020878075E-01 3.26440201546502207E-03 2.57314932021940924E-02
4.63921942E+00 1.19700913089904964E-01 3.27782432548626027E-03 2.54640569408056162E-02
4.64556429E+00 1.19679285907964644E-01 3.29121356920247061E-03 2.52028906472851859E-02
4.65190445E+00 1.19657587021002779E-01 3.30457041462745797E-03 2.49480953165928145E-02
4.65824001E+00 1.19635816036967518E-01 3.31789554229583970E-03 2.46997609442011420E-02
4.66457111E+00 1.19613972630402104E-01 3.33118962612805047E-03 2.44579665544329000E-02
4.67089783E+00 1.19592056544385011E-01 3.34445331493684640E-03 2.42227801577099659E-02
4.67722026E+00 1.19570067589239090E-01 3.35768721512571177E-03 2.39942587253999251E-02
4.68353847E+00 1.19548005637906754E-01 3.37089187520062204E-03 2.37724483482665422E-02
4.68985253E+00 1.19525870617757338E-01 3.38406777262221159E-03 2.35573846778699102E-02
4.69616247E+00 1.19503662499008428E-01 3.39721530327027031E-03 2.33490936473078371E-02
4.70246743E+00 1.19481384593454809E-01 3.41033283233051080E-03 2.31476205426451309E-02
4.70876708E+00 1.19459038264591144E-01 3.42341981516688714E-03 2.29529856231105653E-02
4.71506167E+00 1.19436622978382118E-01 3.43647671942559543E-03 2.27651807348053237E-02
4.72135145E+00 1.19414138114708357E-01 3.44950393736829760E-03 2.25841914283883005E-02
4.72763673E+00 1.19391582966406534E-01 3.46250177531499601E-03 2.24099988173397068E-02
4.73391781E+00 1.19368956738693549E-01 3.47547044479213545E-03 2.22425789016964387E-02
4.74019506E+00 1.19346258548918019E-01 3.48841005611902301E-03 2.20819035020913754E-02
4.74646885E+00 1.19323487426316668E-01 3.50132061493147731E-03 2.19279409555846704E-02
4.75273960E+00 1.19300642311214733E-01 3.51420202185946575E-03 2.17806568787535515E-02
4.75900775E+00 1.19277722053153068E-01 3.52705407534420262E-03 2.16400147548142935E-02
4.76527376E+00 1.19254725407382911E-01 3.53987647750402673E-03 2.15059761774428863E-02
4.77153814E+00 1.19231651029347852E-01 3.55266884300817643E-03 2.13785005362194594E-02
4.77780140E+00 1.19208497466745583E-01 3.56543071100329581E-03 2.12575442445903616E-02
4.78406412E+00 1.19185263148954043E-01 3.57816156018135861E-03 2.11430600894520551E-02
4.79032688E+00 1.19161946373670710E-01 3.59086082698868584E-03 2.10349975886478142E-02
4.79659032E+00 1.19138545290717171E-01 3.60352792678846111E-03 2.09333046374368149E-02
4.80285510E+00 1.19115057883213665E-01 3.61616227754041168E-03 2.08379296616741823E-02
4.80912195E+00 1.19091481946196801E-01 3.62876332536694445E-03 2.07488230579771192E-02
4.81539163E+00 1.19067815063106291E-01 3.64133057127393345E-03 2.06659374472663131E-02
4.82166449E+00 1.19044056352511737E-01 3.65386266715003261E-03 2.05892312505038880E-02
4.82794079E+00 1.19020205277174759E-01 3.66635808223207682E-03 2.05186668775815505E-02
4.83422140E+00 1.18996258960987616E-01 3.67881651746444858E-03 2.04541998442332625E-02
4.84050724E+00 1.18972214228193734E-01 3.69123783013859631E-03 2.03957814246162258E-02
4.84679933E+00 1.18948067573436622E-01 3.70362205956401187E-03 2.03433668792019490E-02
4.85309874E+00 1.18923815129514152E-01 3.71596945243144730E-03 2.02969097937453317E-02
4.85940664E+00 1.18899452633616426E-01 3.72828048716031474E-03 2.02563640493910319E-02
4.86572427E+00 1.18874975393071763E-01 3.74055589644702686E-03 2.02216811392852414E-02
4.87205301E+00 1.18850378251439057E-01 3.75279668719327155E-03 2.02123947388276222E-02
4.87839430E+00 1.18825655555743134E-01 3.76500415706046811E-03 2.01422090247911426E-02
4.88474972E+00 1.18800801126160219E-01 3.77717990704309458E-03 2.01432623122578328E-02
4.89112094E+00 1.18775808227307156E-01 3.78932584962041359E-03 2.01445342057701843E-02
4.89750978E+00 1.18750669543660550E-01 3.80144421239639579E-03 2.01438373093631683E-02
4.90391816E+00 1.18725377157734027E-01 3.81353753725209620E-03 2.01412175242406781E-02
4.91034814E+00 1.18699922531787613E-01 3.82560867527919615E-03 2.01386949622511767E-02
4.91680190E+00 1.18674296492848372E-01 3.83766077791463343E-03 2.01393873732223089E-02
4.92328153E+00 1.18648490086120884E-01 3.84969688244538510E-03 2.01472354137830975E-02
4.92976119E+00 1.18622605986988844E-01 3.86166852530882504E-03 2.02116941360365801E-02
4.93624195E+00 1.18596639994474923E-01 3.87357779065791198E-03 2.02159005105834004E-02
4.94272502E+00 1.18570587447779360E-01 3.88542700991366266E-03 2.02522579341694320E-02
4.94921168E+00 1.18544443188714196E-01 3.89721874648430973E-03 2.02932926285930848E-02
4.95570335E+00 1.18518201535883952E-01 3.90895578426232217E-03 2.03371005848996013E-02
4.96220156E+00 1.18491856266903561E-01 3.92064111531636658E-03 2.03869506849208224E-02
4.96870794E+00 1.18465400607306148E-01 3.93227792557246207E-03 2.04416101445304803E-02
4.97522427E+00 1.18438827226308344E-01 3.94386957815908573E-03 2.05015967264330808E-02
4.98175243E+00 1.18412128240065806E-01 3.95541959427575789E-03 2.05665659909057517E-02
4.98829440E+00 1.18385295223060849E-01 3.96693163147095705E-03 2.06366414758955841E-02
4.99485229E+00 1.18358319228204445E-01 3.97840945925499300E-03 2.07117093315773437E-02
5.00142830E+00 1.18331190816040141E-01 3.98985693202764773E-03 2.07917957611420609E-02
5.00802473E+00 1.18303900093414224E-01 4.00127795935264347E-03 2.08768607155900288E-02
5.01464393E+00 1.18276436761807491E-01 4.01267647366864225E-03 2.09669106110912003E-02
5.02128834E+00 1.18248790175486881E-01 4.02405639556426692E-03 2.10619371401071717E-02
5.02796045E+00 1.18220949409534343E-01 4.03542159678227635E-03 2.11619504398326344E-02
5.03466274E+00 1.18192903337753397E-01 4.04677586114928715E-03 2.12669612947189446E-02
5.04139774E+00 1.18164640720402725E-01 4.05812284367013457E-03 2.13769902258716255E-02
5.04814811E+00 1.18136233625805914E-01 4.06943289338119671E-03 2.14918096629933483E-02
5.05490860E+00 1.18107704051676310E-01 4.08069699424208794E-03 2.16111199304822275E-02
5.06167838E+00 1.18079055499904939E-01 4.09191362555788585E-03 2.17349240662112822E-02
5.06845752E+00 1.18050287707247278E-01 4.10308274226444183E-03 2.18631409000856411E-02
5.07524741E+00 1.18021394931839177E-01 4.11420636740216297E-03 2.19957480964532194E-02
5.08204949E+00 1.17992371022788103E-01 4.12528657252447979E-03 2.21327183191437661E-02
5.08886466E+00 1.17963212215554489E-01 4.13632441681078492E-03 2.22740225653956063E-02
5.09569128E+00 1.17933925587239599E-01 4.14731681892689229E-03 2.24195837237252497E-02
5.10253089E+00 1.17904504569725510E-01 4.15826583705490929E-03 2.25693652270887099E-02
5.10938507E+00 1.17874928607499638E-01 4.16916829160029166E-03 2.27240443708002400E-02
5.11625541E+00 1.17845199819237106E-01 4.18002956408002752E-03 2.28822170247979170E-02
5.12313881E+00 1.17815334593953852E-01 4.19084542386146276E-03 2.30447284192814503E-02
5.13003130E+00 1.17785351363403554E-01 4.20160959989203386E-03 2.32110836889962216E-02
5.13693432E+00 1.17755244356604727E-01 4.21232414482021044E-03 2.33814233359255184E-02
5.14384739E+00 1.17725015828157184E-01 4.22298807726894602E-03 2.35556584895163269E-02
5.15077016E+00 1.17694667543267989E-01 4.23360059781775766E-03 2.37337489626339125E-02
5.15770411E+00 1.17664193176233417E-01 4.24416375549110589E-03 2.39156824730099964E-02
5.16465072E+00 1.17633586291168768E-01 4.25467961318249082E-03 2.41014694601623426E-02
5.17161144E+00 1.17602840459019850E-01 4.26515021912293821E-03 2.42911151784238818E-02
5.17858617E+00 1.17571956195874960E-01 4.27557528252729604E-03 2.44845920839022423E-02
5.18557394E+00 1.17540937771077478E-01 4.28595334883327683E-03 2.46818428667038188E-02
5.19257602E+00 1.17509779522470145E-01 4.29628638244546838E-03 2.48828701653591410E-02
5.19959358E+00 1.17478476173722882E-01 4.30657624421143786E-03 2.50876912491262219E-02
5.20662768E+00 1.17447022919439023E-01 4.31682467297846411E-03 2.52963161770165500E-02
5.21367924E+00 1.17415415496309447E-01 4.32703327281873558E-03 2.55087564789317593E-02
5.22074905E+00 1.17383650237459322E-01 4.33720350598310912E-03 2.57250222014052052E-02
5.22783155E+00 1.17351751937161922E-01 4.34732788889453936E-03 2.59449443659059316E-02
5.23492033E+00 1.17319749488826980E-01 4.35739802141177964E-03 2.61682902012366249E-02
5.24201612E+00 1.17287639774664942E-01 4.36741585748210825E-03 2.63950427412151523E-02
5.24911958E+00 1.17255419897061577E-01 4.37738332888229584E-03 2.66252186183120326E-02
5.25623037E+00 1.17223091581249717E-01 4.38730099906900744E-03 2.68587863074015096E-02
5.26334760E+00 1.17190658923761945E-01 4.39716880340002610E-03 2.70956986657985323E-02
5.27047187E+00 1.17158119377104797E-01 4.40698878687540568E-03 2.73359542324420508E-02
5.27760372E+00 1.17125470521162775E-01 4.41676299801600173E-03 2.75795611357423712E-02
5.28474368E+00 1.17092710029560260E-01 4.42649349867837907E-03 2.78265249024895224E-02
5.29189226E+00 1.17059835632805587E-01 4.43618237473251704E-03 2.80768537441822633E-02
5.29904996E+00 1.17026845078325614E-01 4.44583174715819981E-03 2.83305577249037058E-02
5.30621631E+00 1.16993740524030596E-01 4.45544249929453844E-03 2.85876169709951798E-02
5.31339050E+00 1.16960525742039703E-01 4.46501512562018713E-03 2.88479960978677771E-02
5.32057311E+00 1.16927198119072762E-01 4.47455202633900966E-03 2.91117082887590722E-02
5.32776474E+00 1.16893754897910165E-01 4.48405566920028614E-03 2.93787764771288352E-02
5.33496603E+00 1.16860193142286906E-01 4.49352859569270360E-03 2.96492234921396994E-02
5.34217763E+00 1.16826509707189635E-01 4.50297342534664632E-03 2.99230765320462680E-02
5.34940027E+00 1.16792701215212666E-01 4.51239285773775371E-03 3.02003665910833101E-02
5.35663277E+00 1.16758773128196117E-01 4.52178716213530365E-03 3.04810579258109650E-02
5.36387567E+00 1.16724722832369815E-01 4.53115889185503728E-03 3.07651692597044647E-02
5.37112990E+00 1.16690546022236913E-01 4.54051106764028194E-03 3.10527468110567834E-02
5.37839639E+00 1.16656238162020753E-01 4.54984676410841865E-03 3.13438372081436198E-02
5.38567190E+00 1.16621814477961744E-01 4.55916370755160994E-03 3.16383296931761274E-02
5.39295524E+00 1.16587280626270148E-01 4.56846229423061006E-03 3.19361694284051936E-02
5.40024740E+00 1.16552631924093347E-01 4.57774571697519821E-03 3.22374049307079455E-02
5.40754941E+00 1.16517863444965827E-01 4.58701720473507664E-03 3.25420915594761273E-02
5.41486235E+00 1.16482970040003492E-01 4.59628001629564659E-03 3.28502845993519921E-02
5.42218691E+00 1.16447948308316257E-01 4.60553692092887258E-03 3.31620272614871897E-02
5.42952219E+00 1.16412802473877419E-01 4.61478866586044912E-03 3.34772975259531938E-02
5.43686936E+00 1.16377526825887589E-01 4.62403861289087479E-03 3.37961517922456059E-02
5.44422137E+00 1.16342155180856513E-01 4.63327978501942069E-03 3.41183188111563798E-02
5.45157372E+00 1.16306709295658547E-01 4.64250846024286731E-03 3.44435828240330921E-02
5.45892654E+00 1.16271188795482719E-01 4.65172670464498658E-03 3.47719469814999904E-02
5.46627995E+00 1.16235593311892885E-01 4.66093654702127297E-03 3.51034248803161475E-02
5.47363405E+00 1.16199922479163248E-01 4.67013997903307620E-03 3.54380211040791343E-02
5.48098896E+00 1.16164175933560446E-01 4.67933895460052266E-03 3.57757413638243593E-02
5.48834478E+00 1.16128353313424124E-01 4.68853538803612815E-03 3.61165909954178910E-02
5.49570163E+00 1.16092454259389466E-01 4.69773115127303503E-03 3.64605749752328415E-02
5.50305960E+00 1.16056478414589714E-01 4.70692807061785529E-03 3.68076977073797454E-02
5.51041879E+00 1.16020425424779403E-01 4.71612792334324613E-03 3.71579629002313575E-02
5.51777930E+00 1.15984294938399943E-01 4.72533243441301039E-03 3.75113734596299805E-02
5.52514123E+00 1.15948086606496872E-01 4.73454327354283673E-03 3.78679313498689399E-02
5.53250466E+00 1.15911800082504596E-01 4.74376205283707185E-03 3.82276374740552621E-02
5.53986968E+00 1.15875435021856696E-01 4.75299032517914697E-03 3.85904915317237113E-02
5.54723638E+00 1.15838991081377157E-01 4.76222958356043238E-03 3.89564918885780126E-02
5.55460484E+00 1.15802467918528523E-01 4.77148126148575075E-03 3.93256354417672524E-02
5.56197514E+00 1.15765865190379250E-01 4.78074673455506326E-03 3.96979174883318325E-02
5.56934737E+00 1.15729182552412699E-01 4.79002732325526249E-03 4.00733316045140744E-02
5.57672160E+00 1.15692419657117490E-01 4.79932429691403567E-03 4.04518695431130074E-02
5.58409791E+00 1.15655576152417505E-01 4.80863887869860656E-03 4.08335211278811824E-02
5.59147637E+00 1.15618651679935305E-01 4.81797225148088235E-03 4.12182741856545326E-02
5.59885623E+00 1.15581649939845543E-01 4.82732453729097823E-03 4.16060735271386178E-02
5.60623757E+00 1.15544570618861100E-01 4.83669684363276925E-03 4.19968984281386890E-02
5.61362046E+00 1.15507413308404847E-01 4.84609027824899584E-03 4.23907311283859903E-02
5.62100497E+00 1.15470177587441866E-01 4.85550593505262428E-03 4.27875500765833375E-02
5.62839117E+00 1.15432863020035831E-01 4.86494490146309553E-03 4.31873315291270571E-02
5.63577914E+00 1.15395469152994118E-01 4.87440826519726367E-03 4.35900492708619844E-02
5.64316894E+00 1.15357995513568887E-01 4.88389712034664400E-03 4.39956745269322949E-02
5.65056064E+00 1.15320441607270646E-01 4.89341257265871535E-03 4.44041758498545450E-02
5.65795430E+00 1.15282806915903313E-01 4.90295574398614750E-03 4.48155190174452447E-02
5.66534999E+00 1.15245090895726501E-01 4.91252777585867752E-03 4.52296669661830866E-02
5.67274775E+00 1.15207292975944176E-01 4.92212983207055994E-03 4.56465797162933992E-02
5.68014767E+00 1.15169412557466558E-01 4.93176310012474577E-03 4.60662143429198187E-02
5.68754977E+00 1.15131449011944331E-01 4.94142879133988543E-03 4.64885249336477457E-02
5.69495413E+00 1.15093401681226074E-01 4.95112813949550971E-03 4.69134625698972643E-02
5.70236079E+00 1.15055269877072763E-01 4.96086239798915283E-03 4.73409753121670843E-02
5.70976980E+00 1.15017052881296961E-01 4.97063283557155032E-03 4.77710081873658071E-02
5.71718121E+00 1.14978749946196973E-01 4.98044073080962813E-03 4.82035031960481170E-02
5.72459506E+00 1.14940360295303412E-01 4.99028736543330985E-03 4.86383993197908177E-02
5.73201139E+00 1.14901883124434348E-01 5.00017401676575591E-03 4.90756325444490007E-02
5.73943025E+00 1.14863317602991150E-01 5.01010194945880963E-03 4.95151358953155735E-02
5.74685167E+00 1.14824662875507050E-01 5.02007240682516426E-03 4.99568394867692805E-02
5.75427568E+00 1.14785918063373862E-01 5.03008660207947874E-03 5.04006705830506302E-02
5.76170233E+00 1.14747082266720299E-01 5.04014570983543717E-03 5.08465536684947345E-02
5.76913162E+00 1.14708154566443260E-01 5.05025085818744390E-03 5.12944105389367688E-02
5.77656336E+00 1.14669135291596100E-01 5.06040279258954898E-03 5.17441465363995198E-02
5.78399715E+00 1.14630025737041855E-01 5.07060194106693975E-03 5.21956524069207076E-02
5.79143300E+00 1.14590824914848247E-01 5.08084925686937746E-03 5.26488409387464509E-02
5.79887096E+00 1.14551531827752240E-01 5.09114562720430590E-03 5.31036254738348062E-02
5.80631104E+00 1.14512145471862947E-01 5.10149187417403144E-03 5.35599159815293713E-02
5.81375328E+00 1.14472664839063876E-01 5.11188875846033033E-03 5.40176206593859301E-02
5.82119768E+00 1.14433088919217330E-01 5.12233698558018855E-03 5.44766458306112158E-02
5.82864427E+00 1.14393416702125050E-01 5.13283721433975288E-03 5.49368961318968119E-02
5.83609305E+00 1.14353647179387050E-01 5.14339006689598730E-03 5.53982746115035118E-02
5.84354405E+00 1.14313779346112157E-01 5.15399613973323463E-03 5.58606828649022488E-02
5.85099726E+00 1.14273812202616787E-01 5.16465601483284253E-03 5.63240211622267409E-02
5.85845270E+00 1.14233744756117403E-01 5.17537027040353408E-03 5.67881885771329142E-02
5.86591037E+00 1.14193576022469781E-01 5.18613949066822674E-03 5.72530831205465066E-02
5.87337026E+00 1.14153305027913127E-01 5.19696427434860730E-03 5.77186018869968523E-02
5.88083238E+00 1.14112930810989041E-01 5.20784524166819935E-03 5.81846411975126543E-02
5.88829671E+00 1.14072452424496817E-01 5.21878303979193998E-03 5.86510967518814041E-02
5.89576326E+00 1.14031868937601893E-01 5.22977834672526658E-03 5.91178637812116783E-02
5.90323201E+00 1.13991179438100984E-01 5.24083187368941904E-03 5.95848371994983639E-02
5.91070294E+00 1.13950383034845143E-01 5.25194436594958024E-03 6.00519117485141182E-02
5.91817604E+00 1.13909478860352353E-01 5.26311660201356744E-03 6.05189821390003449E-02
5.92565129E+00 1.13868466073622041E-01 5.27434939098402403E-03 6.09859431828149029E-02
5.93312867E+00 1.13827343863156974E-01 5.28564356773829867E-03 6.14526899153579331E-02
5.94060816E+00 1.13786111450192115E-01 5.29699998554477008E-03 6.19191177040606250E-02
5.94808971E+00 1.13744768092182688E-01 5.30841950591680843E-03 6.23851223481495590E-02
5.95557331E+00 1.13703313086372132E-01 5.31990298598848405E-03 6.28506001719838781E-02
5.96305891E+00 1.13661745773563250E-01 5.33145126437993035E-03 6.33154481043638334E-02
5.97054647E+00 1.13620065541738632E-01 5.34306514699259966E-03 6.37795637546934163E-02
5.97803596E+00 1.13578271829585561E-01 5.35474539402783223E-03 6.42428454783741387E-02
5.98552732E+00 1.13536364129730394E-01 5.36649270866794252E-03 6.47051924494660285E-02
5.99302051E+00 1.13494341991755135E-01 5.37830772670148602E-03 6.51665047397759906E-02
6.00051546E+00 1.13452205024975508E-01 5.39019100567374610E-03 6.56266834216918532E-02
6.00801212E+00 1.13409952901128250E-01 5.40214301238194083E-03 6.60856306906983659E-02
6.01551025E+00 1.13367586360056477E-01 5.41416382381689019E-03 6.65432398977546663E-02
6.02300954E+00 1.13325106516636992E-01 5.42625330643606470E-03 6.69994015578061347E-02
6.03050995E+00 1.13282513190153880E-01 5.43841157866524570E-03 6.74540219263342206E-02
6.03801140E+00 1.13239806269918614E-01 5.45063861350204761E-03 6.79070107895157343E-02
6.04551384E+00 1.13196985717759796E-01 5.46293422886279939E-03 6.83582784276785260E-02
6.05301718E+00 1.13154051570224484E-01 5.47529807925131555E-03 6.88077370217484996E-02
6.06052134E+00 1.13111003940674082E-01 5.48772964759490847E-03 6.92553005044153208E-02
6.06802626E+00 1.13067843021328926E-01 5.50022823704471048E-03 6.97008847081952015E-02
6.07553184E+00 1.13024569085171847E-01 5.51279296390058422E-03 7.01444074255064692E-02
6.08303799E+00 1.12981182487404005E-01 5.52542275380583231E-03 7.05857884602606456E-02
6.09054462E+00 1.12937683666273325E-01 5.53811634335827502E-03 7.10249496804261082E-02
6.09805162E+00 1.12894073143013460E-01 5.55087228810441195E-03 7.14618150668417662E-02
6.10555890E+00 1.12850351520937350E-01 5.56368897608730713E-03 7.18963107748701313E-02
6.11306633E+00 1.12806519483789267E-01 5.57656464453749803E-03 7.23283652149337847E-02
6.12057382E+00 1.12762577793548785E-01 5.58949739664785575E-03 7.27579091179668958E-02
6.12808123E+00 1.12718527287853212E-01 5.60248521592300510E-03 7.31848756245941229E-02
6.13558844E+00 1.12674368877171763E-01 5.61552597696280461E-03 7.36092003397521705E-02
6.14309533E+00 1.12630103541676477E-01 5.62861745307288112E-03 7.40308214119888286E-02
6.15060175E+00 1.12585732328047528E-01 5.64175732209937653E-03 7.44496795880722761E-02
6.15810758E+00 1.12541256345983331E-01 5.65494317196516601E-03 7.48657182880629324E-02
6.16561267E+00 1.12496676764723219E-01 5.66817250663786704E-03 7.52788836654229437E-02
6.17311687E+00 1.12451994809470726E-01 5.68144275228382300E-03 7.56891246801026374E-02
6.18062003E+00 1.12407211757963921E-01 5.69475126281113186E-03 7.60963931551877359E-02
6.18812198E+00 1.12362328937175363E-01 5.70809532431083583E-03 7.65006438302722608E-02
6.19562257E+00 1.12317347720234148E-01 5.72147215887861514E-03 7.69018344126284475E-02
6.20312163E+00 1.12272269523492896E-01 5.73487892937041364E-03 7.72999256085213360E-02
6.21061897E+00 1.12227095803709681E-01 5.74831274713987015E-03 7.76948811696622221E-02
6.21811442E+00 1.12181828055123375E-01 5.76177068445141074E-03 7.80866679216193904E-02
6.22560779E+00 1.12136467806516385E-01 5.77524979225302413E-03 7.84752558049002513E-02
6.23309888E+00 1.12091016618069014E-01 5.78874712276602858E-03 7.88606179035899885E-02
6.24058750E+00 1.12045476078210415E-01 5.80225975534872079E-03 7.92427304844794400E-02
6.24807344E+00 1.11999847800415941E-01 5.81578482358794269E-03 7.96215730159090251E-02
6.25555649E+00 1.11954133420121296E-01 5.82931954176201233E-03 7.99971282042212239E-02
6.26303642E+00 1.11908334591756087E-01 5.84286122976133450E-03 8.03693820050386670E-02
6.27051302E+00 1.11862452985835290E-01 5.85640733705091333E-03 8.07383236415730732E-02
6.27798603E+00 1.11816490286051395E-01 5.86995546779039198E-03 8.11039455986626578E-02
6.28545523E+00 1.11770448186139112E-01 5.88350340998355058E-03 8.14662436203135443E-02
6.29292037E+00 1.11724328386405738E-01 5.89704917092353370E-03 8.18252166817174664E-02
6.30038119E+00 1.11678132589882434E-01 5.91059101909993927E-03 8.21808669717699197E-02
6.30783743E+00 1.11631862498344225E-01 5.92412752991428471E-03 8.25331998467666583E-02
6.31528882E+00 1.11585519808406447E-01 5.93765763008311399E-03 8.28822237846678078E-02
6.32273510E+00 1.11539106208179320E-01 5.95118063469378313E-03 8.32279503203354615E-02
6.33017596E+00 1.11492623374849692E-01 5.96469627196533157E-03 8.35703939788640243E-02
6.33761114E+00 1.11446072973273053E-01 5.97820469353359599E-03 8.39095722052914522E-02
6.34504034E+00 1.11399456655744952E-01 5.99170647132798908E-03 8.42455052987030190E-02
6.35246324E+00 1.11352776062680875E-01 6.00520258447566260E-03 8.45782163597265796E-02
6.35987955E+00 1.11306032824170578E-01 6.01869440016366154E-03 8.49077312283913199E-02
6.36728896E+00 1.11259228562201926E-01 6.03218365094560730E-03 8.52340784356978992E-02
6.37469114E+00 1.11212364893638213E-01 6.04567240850015578E-03 8.55572891346160491E-02
6.38208576E+00 1.11165443434037295E-01 6.05916305163434806E-03 8.58773970269737508E-02
6.38947250E+00 1.11118465802485175E-01 6.07265822555584124E-03 8.61944382813864679E-02
6.39685101E+00 1.11071433627460955E-01 6.08616079047090853E-03 8.65084514511077901E-02
6.40422095E+00 1.11024348553699234E-01 6.09967375983608111E-03 8.68194774068597602E-02
6.41158196E+00 1.10977212249753168E-01 6.11320023096958987E-03 8.71275592909350471E-02
6.41893370E+00 1.10930026415966804E-01 6.12674331201490049E-03 8.74327424779389184E-02
6.42627578E+00 1.10882792792544954E-01 6.14030604898811380E-03 8.77350745247141572E-02
6.43360785E+00 1.10835513167499830E-01 6.15389135513491961E-03 8.80346050636241773E-02
6.44092952E+00 1.10788189384352503E-01 6.16750194306190606E-03 8.83313856374206285E-02
6.44824041E+00 1.10740823349556858E-01 6.18114025897799086E-03 8.86254694802410675E-02
6.45554013E+00 1.10693417039607528E-01 6.19480841832317428E-03 8.89169112954788926E-02
6.46282829E+00 1.10645972507751322E-01 6.20850814289110233E-03 8.92057670656685314E-02
6.47010448E+00 1.10598491890164102E-01 6.22224070064146106E-03 8.94920939005268562E-02
6.47736811E+00 1.10550978595630942E-01 6.23600650757697664E-03 8.97759434931283407E-02
6.48461852E+00 1.10503436668481989E-01 6.24980526276474203E-03 9.00573646602416400E-02
6.49185529E+00 1.10455868549881334E-01 6.26363655750696025E-03 9.03364165609772951E-02
6.49907800E+00 1.10408276764204297E-01 6.27749935744541764E-03 9.06131610181053343E-02
6.50628622E+00 1.10360663920707661E-01 6.29139198175760004E-03 9.08876594780059777E-02
6.51347954E+00 1.10313032713929157E-01 6.30531209254290258E-03 9.11599741774312272E-02
6.52065754E+00 1.10265385922951431E-01 6.31925669462055258E-03 9.14301677086091780E-02
6.52781979E+00 1.10217726409512412E-01 6.33322214601103779E-03 9.16983029922597281E-02
6.53496588E+00 1.10170057115034276E-01 6.34720417897395237E-03 9.19644431223877179E-02
6.54209538E+00 1.10122381056566535E-01 6.36119793091351540E-03 9.22286512763797750E-02
6.54920789E+00 1.10074701321660015E-01 6.37519798386147231E-03 9.24909906122177855E-02
6.55630297E+00 1.10027021062363603E-01 6.38919841079695853E-03 9.27515241783520711E-02
6.56338024E+00 1.09979343488381787E-01 6.40319282685950994E-03 9.30103148275536890E-02
6.57043927E+00 1.09931671859545124E-01 6.41717444358027179E-03 9.32674251169377938E-02
6.57747967E+00 1.09884009477720007E-01 6.43113612457433051E-03 9.35229172136836651E-02
6.58450105E+00 1.09836359678291501E-01 6.44507044154827950E-03 9.37768527906644445E-02
6.59150301E+00 1.09788725821307720E-01 6.45896972987321065E-03 9.40292929243281561E-02
6.59848519E+00 1.09741111282360540E-01 6.47282614327544456E-03 9.42802979943251074E-02
6.60544721E+00 1.09693519443326865E-01 6.48663170739579957E-03 9.45299275867359928E-02
6.61238871E+00 1.09645953683012456E-01 6.50037837206816817E-03 9.47782404074277302E-02
6.61930936E+00 1.09598417367720330E-01 6.51405806215245211E-03 9.50252942089971631E-02
6.62620882E+00 1.09550913841857028E-01 6.52766272661333379E-03 9.52711457289484170E-02
6.63308677E+00 1.09503446418574249E-01 6.54118438542045013E-03 9.55158506380377886E-02
6.63994291E+00 1.09456018370412619E-01 6.55461517376660849E-03 9.57594634898788488E-02
6.64677697E+00 1.09408632920008395E-01 6.56794738325175344E-03 9.60020376758695393E-02
6.65358868E+00 1.09361293230706036E-01 6.58117349993363014E-03 9.62436253806982223E-02
6.66037780E+00 1.09314002396960638E-01 6.59428623946689552E-03 9.64842775495691474E-02
6.66714412E+00 1.09266763434470213E-01 6.60727857974447493E-03 9.67240438625166232E-02
6.67388743E+00 1.09219579269685424E-01 6.62014379148675742E-03 9.69629727242516948E-02
6.68060758E+00 1.09172452728758154E-01 6.63287546699398330E-03 9.72011112657677340E-02
6.68730442E+00 1.09125386525656703E-01 6.64546754688252576E-03 9.74385053483713404E-02
6.69397784E+00 1.09078383249383681E-01 6.65791434415665632E-03 9.76751995758727981E-02
6.70062776E+00 1.09031445350325704E-01 6.67021056456601133E-03 9.79112373036240546E-02
6.70725353E+00 1.08984579490036496E-01 6.68235020198332773E-03 9.81466428740973285E-02
6.71385436E+00 1.08937793263400570E-01 6.69432744477225106E-03 9.83814267006848653E-02
6.72043013E+00 1.08891089780341399E-01 6.70613804989471807E-03 9.86156189321492210E-02
6.72698073E+00 1.08844472006637660E-01 6.71777818876938531E-03 9.88492563361081239E-02
6.73350611E+00 1.08797942747731913E-01 6.72924443374411495E-03 9.90823687990152885E-02
6.74000622E+00 1.08751504630528698E-01 6.74053373588987502E-03 9.93149868314786716E-02
6.74648106E+00 1.08705160084094171E-01 6.75164339551957270E-03 9.95471390139881090E-02
6.75293067E+00 1.08658911319705689E-01 6.76257102848540174E-03 9.97788533824521123E-02
6.75935512E+00 1.08612760310445020E-01 6.77331453302177419E-03 1.00010156986430482E-01
6.76575454E+00 1.08566708770395232E-01 6.78387206332640991E-03 1.00241076299576085E-01
6.77212907E+00 1.08520758133332479E-01 6.79424201674799170E-03 1.00471637256195484E-01
6.77847892E+00 1.08474909530895711E-01 6.80442304099064012E-03 1.00701865498269913E-01
6.78480432E+00 1.08429163770218745E-01 6.81441406591660418E-03 1.00931786567057286E-01
6.79110556E+00 1.08383521311006523E-01 6.82421436157456662E-03 1.01161426174105604E-01
6.79738298E+00 1.08337982242372857E-01 6.83382362047663897E-03 1.01390810475255277E-01
6.80363696E+00 1.08292546259703720E-01 6.84324205857270423E-03 1.01619966347089155E-01
6.80986793E+00 1.08247212642058416E-01 6.85247052654387213E-03 1.01848921627645375E-01
6.81607636E+00 1.08201980230636360E-01 6.86151062139370594E-03 1.02077705294563253E-01
6.82226278E+00 1.08156847408866871E-01 6.87036478806611877E-03 1.02306347602892686E-01
6.82842778E+00 1.08111812084619924E-01 6.87903640186348069E-03 1.02534880213771037E-01
6.83457198E+00 1.08066871674967244E-01 6.88752982444992487E-03 1.02763336396598376E-01
6.84069267E+00 1.08022048051050701E-01 6.89584585013368508E-03 1.02991645726952186E-01
6.84678949E+00 1.07977345810655004E-01 6.90398963523011083E-03 1.03219765962915322E-01
6.85286297E+00 1.07932762811457847E-01 6.91196847986643142E-03 1.03447743417627525E-01
6.85891370E+00 1.07888296407235573E-01 6.91979055966726164E-03 1.03675607467514197E-01
6.86494232E+00 1.07843943450502980E-01 6.92746482508764007E-03 1.03903392872920400E-01
6.87094952E+00 1.07799700293969930E-01 6.93500088288881607E-03 1.04131134253718768E-01
6.87693604E+00 1.07755562792560405E-01 6.94240886642122097E-03 1.04358869100015281E-01
6.88290266E+00 1.07711526306517938E-01 6.94969930208237142E-03 1.04586636419394460E-01
6.88885023E+00 1.07667585705445532E-01 6.95688297905569259E-03 1.04814477434604189E-01
6.89477963E+00 1.07623735373264917E-01 6.96397082871898655E-03 1.05042435629509587E-01
6.90069181E+00 1.07579969213814977E-01 6.97097381909648085E-03 1.05270557116076469E-01
6.90658775E+00 1.07536280656912148E-01 6.97790286851727136E-03 1.05498890826422581E-01
6.91246850E+00 1.07492662664896002E-01 6.98476878128990314E-03 1.05727488684756302E-01
6.91833505E+00 1.07449108308809452E-01 6.99158211811654398E-03 1.05956403138829230E-01
6.92418237E+00 1.07405655573555456E-01 6.99834624075212994E-03 1.06185483367815345E-01
6.93001140E+00 1.07362297994977776E-01 7.00507124482333075E-03 1.06414712351287091E-01
6.93582314E+00 1.07319028634664249E-01 7.01176702082179255E-03 1.06644184673088879E-01
6.94161861E+00 1.07275840102703204E-01 7.01844328686844574E-03 1.06873942774264569E-01
6.94739890E+00 1.07232724571315219E-01 7.02510963144090724E-03 1.07104049086574254E-01
6.95316511E+00 1.07189673785825598E-01 7.03177555799510377E-03 1.07334562452722548E-01
6.95891843E+00 1.07146679075403442E-01 7.03845052660094245E-03 1.07565547336992667E-01
6.96466004E+00 1.07103731364647806E-01 7.04514398898278393E-03 1.07797070130794453E-01
6.97039119E+00 1.07060821186447983E-01 7.05186541432942411E-03 1.08029200526402913E-01
6.97611315E+00 1.07017938696328016E-01 7.05862430422746472E-03 1.08262011048240819E-01
6.98182724E+00 1.06975073688285044E-01 7.06543019606445562E-03 1.08495577273883398E-01
6.98753480E+00 1.06932215612126916E-01 7.07229265512115783E-03 1.08729977784749507E-01
6.99323180E+00 1.06889394338881269E-01 7.07921466061318689E-03 1.08965096624559901E-01
6.99891757E+00 1.06846614459989164E-01 7.08620299429893116E-03 1.09200888760678835E-01
7.00459338E+00 1.06803865881362064E-01 7.09326660608272219E-03 1.09437442672510807E-01
7.01026053E+00 1.06761138181131046E-01 7.10041429277154593E-03 1.09674839815344746E-01
7.01592036E+00 1.06718420640996875E-01 7.10765466736227799E-03 1.09913161123118899E-01
7.02157423E+00 1.06675702271236086E-01 7.11499613340840775E-03 1.10152490156492880E-01
7.02722351E+00 1.06632971833083692E-01 7.12244686662146052E-03 1.10392913036490320E-01
7.03286960E+00 1.06590217859895919E-01 7.13001480560932887E-03 1.10634518232839887E-01
7.03851393E+00 1.06547428677593439E-01 7.13770765173482157E-03 1.10877396433467224E-01
7.04415793E+00 1.06504592424689709E-01 7.14553287616336540E-03 1.11121640447595135E-01
7.04980305E+00 1.06461697072043879E-01 7.15349773120641397E-03 1.11367345112970001E-01
7.05545074E+00 1.06418730442416537E-01 7.16160926333042104E-03 1.11614607220884579E-01
7.06109758E+00 1.06375717642197484E-01 7.16986711379050123E-03 1.11863334175382870E-01
7.06674236E+00 1.06332666764864289E-01 7.17827359283361704E-03 1.12113470618849076E-01
7.07238653E+00 1.06289565804127545E-01 7.18683455110206981E-03 1.12365113677339354E-01
7.07803154E+00 1.06246402593236602E-01 7.19555567548765904E-03 1.12618367259789826E-01
7.08367885E+00 1.06203164835721481E-01 7.20444252361225786E-03 1.12873327339709451E-01
7.08932991E+00 1.06159840127983587E-01 7.21350056098038483E-03 1.13130093560817824E-01
7.09498618E+00 1.06116415978361620E-01 7.22273519697595127E-03 1.13388766527209472E-01
7.10064914E+00 1.06072879824520100E-01 7.23215181759325702E-03 1.13649448445933887E-01
7.10631625E+00 1.06029249692791039E-01 7.24174904822562793E-03 1.13912079935589466E-01
7.11198495E+00 1.05985544244295696E-01 7.25152496630066586E-03 1.14176553899256752E-01
7.11765186E+00 1.05941788452753219E-01 7.26147580143877806E-03 1.14442750224190259E-01
7.12331028E+00 1.05898033244681153E-01 7.27159127983412635E-03 1.14710389406766283E-01
7.12896177E+00 1.05854265542716763E-01 7.28187538138039443E-03 1.14979502690493160E-01
7.13460795E+00 1.05810472064130537E-01 7.29233221651524963E-03 1.15250230116948085E-01
7.14025040E+00 1.05766639372230728E-01 7.30296606045732939E-03 1.15522653917804252E-01
7.14589073E+00 1.05722753907607214E-01 7.31378137766727342E-03 1.15796873267678430E-01
7.15153056E+00 1.05678802010836792E-01 7.32478283320584130E-03 1.16072982751624559E-01
7.15716290E+00 1.05634837089072925E-01 7.33595817481145964E-03 1.16350704567577151E-01
7.16278820E+00 1.05590854931532710E-01 7.34730925856681011E-03 1.16629981421572312E-01
7.16840735E+00 1.05546847526616971E-01 7.35883892484108341E-03 1.16910913287586946E-01
7.17402072E+00 1.05502811037578956E-01 7.37054893146120872E-03 1.17193516459670397E-01
7.17963002E+00 1.05458731194684657E-01 7.38244381291028231E-03 1.17477874093522158E-01
7.18523693E+00 1.05414593683869587E-01 7.39452819769897095E-03 1.17764082401736858E-01
7.19084311E+00 1.05370384169471351E-01 7.40680677850280578E-03 1.18052229849278351E-01
7.19645025E+00 1.05326088311215149E-01 7.41928427951407850E-03 1.18342406568364741E-01
7.20205998E+00 1.05281691777883629E-01 7.43196542360047806E-03 1.18634701563693726E-01
7.20767396E+00 1.05237180258638346E-01 7.44485490204901523E-03 1.18929203300335101E-01
7.21328703E+00 1.05192593416214286E-01 7.45794148349013166E-03 1.19225681376695716E-01
7.21889917E+00 1.05147930265071396E-01 7.47122520451835685E-03 1.19524061137932056E-01
7.22451216E+00 1.05103175654397682E-01 7.48471009534632577E-03 1.19824454088747756E-01
7.23012774E+00 1.05058314431154459E-01 7.49840012032274624E-03 1.20126943285538509E-01
7.23574763E+00 1.05013331458280929E-01 7.51229919765111342E-03 1.20431611270700803E-01
7.24137354E+00 1.04968211623132718E-01 7.52641122195882566E-03 1.20738537927095102E-01
7.24700718E+00 1.04922939841095270E-01 7.54074008572259719E-03 1.21047802173480767E-01
7.25265022E+00 1.04877501056844513E-01 7.55528969605820389E-03 1.21359480874213888E-01
7.25829950E+00 1.04831919120896191E-01 7.57005138038337449E-03 1.21673412303782869E-01
7.26395360E+00 1.04786204107572736E-01 7.58502050964320398E-03 1.21989453678408730E-01
7.26961438E+00 1.04740339558987886E-01 7.60020094753486447E-03 1.22307677147921567E-01
7.27528367E+00 1.04694308959891971E-01 7.61559662527247407E-03 1.22628171300495789E-01
7.28096329E+00 1.04648095754696649E-01 7.63121155631537977E-03 1.22951004641824679E-01
7.28665506E+00 1.04601683355453293E-01 7.64704985571852073E-03 1.23276248055438173E-01
7.29236075E+00 1.04555055146503748E-01 7.66311576196435779E-03 1.23603969244611936E-01
7.29808001E+00 1.04508212043795012E-01 7.67940755054120124E-03 1.23934124633248932E-01
7.30380851E+00 1.04461187547780290E-01 7.69591201234109089E-03 1.24266436224801949E-01
7.30954834E+00 1.04413962509308247E-01 7.71263418177016869E-03 1.24600920049965189E-01
7.31530158E+00 1.04366517633189645E-01 7.72957931688081357E-03 1.24937695215896274E-01
7.32107030E+00 1.04318833503439498E-01 7.74675289615230252E-03 1.25276827108134842E-01
7.32685656E+00 1.04270890598197302E-01 7.76416060710087477E-03 1.25618394896321178E-01
7.33266241E+00 1.04222669302236212E-01 7.78180832857648577E-03 1.25962473247744233E-01
7.33848986E+00 1.04174149920418513E-01 7.79970211183114194E-03 1.26309138059520626E-01
7.34434092E+00 1.04125312694104771E-01 7.81784816373052791E-03 1.26658463813468514E-01
7.35021257E+00 1.04076179829956150E-01 7.83623711744176055E-03 1.27010256615503109E-01
7.35610552E+00 1.04026742358489133E-01 7.85487108028879236E-03 1.27364457232938239E-01
7.36202229E+00 1.03976975789329490E-01 7.87375803222947063E-03 1.27721185292456185E-01
7.36796543E+00 1.03926855410284458E-01 7.89290612649815385E-03 1.28080546747445734E-01
7.37393745E+00 1.03876356336402395E-01 7.91232360874118655E-03 1.28442643835329606E-01
7.37994085E+00 1.03825453562799333E-01 7.93201869094175421E-03 1.28807578907128684E-01
7.38597809E+00 1.03774122026038348E-01 7.95199938351282692E-03 1.29175454086376290E-01
7.39205165E+00 1.03722336676413757E-01 7.97227329857428529E-03 1.29546370762845225E-01
7.39816391E+00 1.03670072562655743E-01 7.99284744174865239E-03 1.29920429095630452E-01
7.40431723E+00 1.03617304930142484E-01 8.01372800899782280E-03 1.30297727409023539E-01
7.41051393E+00 1.03564009333827270E-01 8.03492019984594456E-03 1.30678361501181783E-01
7.41675622E+00 1.03510161766808328E-01 8.05642805034939742E-03 1.31062423888941681E-01
7.42304336E+00 1.03455763825001434E-01 8.07824426498149860E-03 1.31449847048933643E-01
7.42934431E+00 1.03401080873900153E-01 8.10025433260340606E-03 1.31838882581711642E-01
7.43566425E+00 1.03346066000564535E-01 8.12246737135218465E-03 1.32229327062863139E-01
7.44200848E+00 1.03290670285952346E-01 8.14489220460581052E-03 1.32621764537524556E-01
7.44837578E+00 1.03234901961964984E-01 8.16751338680249579E-03 1.33016047678167021E-01
7.45474697E+00 1.03178927537437598E-01 8.19025011613436563E-03 1.33411070359568423E-01
7.46112828E+00 1.03122691534317676E-01 8.21311037308438199E-03 1.33806867053369805E-01
7.46752620E+00 1.03066135483300000E-01 8.23610215122056420E-03 1.34204015556703582E-01
7.47394753E+00 1.03009197692083693E-01 8.25923352760974359E-03 1.34602852302965759E-01
7.48039941E+00 1.02951812978590268E-01 8.28251275118212227E-03 1.35003810378787198E-01
7.48686747E+00 1.02894107597188644E-01 8.30586966716723683E-03 1.35406142449232852E-01
7.49334030E+00 1.02836183686895538E-01 8.32924381064763589E-03 1.35808939987294819E-01
7.49982617E+00 1.02777967544219972E-01 8.35264528166142564E-03 1.36212590179966897E-01
7.50633384E+00 1.02719380182585793E-01 8.37608529492387018E-03 1.36617736112955690E-01
7.51287266E+00 1.02660336691046850E-01 8.39957635731350752E-03 1.37024898342910206E-01
7.51945261E+00 1.02600745520711745E-01 8.42313242987940101E-03 1.37434681065235459E-01
7.52606166E+00 1.02540714722433354E-01 8.44668839172782980E-03 1.37846507143715630E-01
7.53267993E+00 1.02480425821196847E-01 8.47015232110198864E-03 1.38259010706590607E-01
7.53931867E+00 1.02419777501547307E-01 8.49354375403833274E-03 1.38672568828337173E-01
7.54595909E+00 1.02358943273587674E-01 8.51677714469433779E-03 1.39086528152177674E-01
7.55259774E+00 1.02297957534596765E-01 8.53982309510845430E-03 1.39500171538516959E-01
7.55921834E+00 1.02236973534747394E-01 8.56261015567482894E-03 1.39912816391721401E-01
7.56582566E+00 1.02175951551946073E-01 8.58514204174840034E-03 1.40324340131867759E-01
7.57242432E+00 1.02114852583978552E-01 8.60742328061124898E-03 1.40735257926050794E-01
7.57901172E+00 1.02053704223746294E-01 8.62943583739768025E-03 1.41145371750445725E-01
7.58558339E+00 1.01992551992575259E-01 8.65115798987666461E-03 1.41554359402249030E-01
7.59214367E+00 1.01931359030425786E-01 8.67259962804547112E-03 1.41962368008257622E-01
7.59869667E+00 1.01870090627019572E-01 8.69377120100782788E-03 1.42369715157746685E-01
7.60524619E+00 1.01808714056648569E-01 8.71468381417967591E-03 1.42776582960747078E-01
7.61179115E+00 1.01747242166169913E-01 8.73533477157751974E-03 1.43182933179287847E-01
7.61831624E+00 1.01685822201944262E-01 8.75567953348503625E-03 1.43587881228347397E-01
7.62480515E+00 1.01624611600823284E-01 8.77567502091424270E-03 1.43990274423604597E-01
7.63126319E+00 1.01563564498396749E-01 8.79534766218973904E-03 1.44390215297806906E-01
7.63769543E+00 1.01502636231483021E-01 8.81472403857313722E-03 1.44788202763316165E-01
7.64410674E+00 1.01441783584332174E-01 8.83383080638559630E-03 1.45184441864960018E-01
7.65050174E+00 1.01380964984872424E-01 8.85269463018862300E-03 1.45579209503999080E-01
7.65688480E+00 1.01320140635362876E-01 8.87134209455876788E-03 1.45972730986011934E-01
7.66326003E+00 1.01259272567988723E-01 8.88979960351861734E-03 1.46365229098580157E-01
7.66963130E+00 1.01198324622668909E-01 8.90809328492915900E-03 1.46756902542197337E-01
7.67600227E+00 1.01137262349786136E-01 8.92624891541066341E-03 1.47147935783977835E-01
7.68237636E+00 1.01076052845962522E-01 8.94429187292410631E-03 1.47538497494434290E-01
7.68875683E+00 1.01014664536797152E-01 8.96224710970957780E-03 1.47928744853027733E-01
7.69514677E+00 1.00953066925079160E-01 8.98013912332156806E-03 1.48318826032450640E-01
7.70154915E+00 1.00891230325564712E-01 8.99799189662232532E-03 1.48708883225850880E-01
7.70795755E+00 1.00829215609260309E-01 9.01580305887275668E-03 1.49098586984101861E-01
7.71435423E+00 1.00767194101748531E-01 9.03353859885239717E-03 1.49486856061527673E-01
7.72074605E+00 1.00705098958005237E-01 9.05123194526055892E-03 1.49873736925179746E-01
7.72713967E+00 1.00642864626275849E-01 9.06891442548783157E-03 1.50259881552574415E-01
7.73353503E+00 1.00580490638831288E-01 9.08659727278694068E-03 1.50645225983333325E-01
7.73991224E+00 1.00518170444649987E-01 9.10423557521600896E-03 1.51028722113268399E-01
7.74626371E+00 1.00455978573966570E-01 9.12181689204690123E-03 1.51409532694758042E-01
7.75259758E+00 1.00393835598012446E-01 9.13937059867127657E-03 1.51788135383702255E-01
7.75892190E+00 1.00331661987182991E-01 9.15692427364256552E-03 1.52165082190025974E-01
7.76524470E+00 1.00269377879754873E-01 9.17450390043852634E-03 1.52540778849308029E-01
7.77157403E+00 1.00206902655546645E-01 9.19213410919584098E-03 1.52915667302165686E-01
7.77791800E+00 1.00144154335728472E-01 9.20983847272956006E-03 1.53290172061790186E-01
7.78428488E+00 1.00081048831430930E-01 9.22763987213704590E-03 1.53664728633686659E-01
7.79068314E+00 1.00017499056644615E-01 9.24556091625139582E-03 1.54039776153182373E-01
7.79710145E+00 9.99536149683448311E-02 9.26356792251614367E-03 1.54414851628494887E-01
7.80353341E+00 9.98894582442374779E-02 9.28164034546156633E-03 1.54789202897166717E-01
7.80997465E+00 9.98250707209931976E-02 9.29976283114896524E-03 1.55162666025688317E-01
7.81640069E+00 9.97606966146533658E-02 9.31786316338358359E-03 1.55534019598759260E-01
7.82281676E+00 9.96962836128880564E-02 9.33595267280273346E-03 1.55902867977534387E-01
7.82922842E+00 9.96317752469701862E-02 9.35404395041157001E-03 1.56270014179108241E-01
7.83564163E+00 9.95671108765354002E-02 9.37215116183021980E-03 1.56635566495134992E-01
7.84205602E+00 9.95022932477749172E-02 9.39027145725876249E-03 1.56999653770453634E-01
7.84846374E+00 9.94374009998531400E-02 9.40838178187451690E-03 1.57361766704760986E-01
7.85484794E+00 9.93726053393417241E-02 9.42643440330344362E-03 1.57721006368535088E-01
7.86121523E+00 9.93078397529387480E-02 9.44444834590944457E-03 1.58077253943193191E-01
7.86757263E+00 9.92430332377686047E-02 9.46244379335168910E-03 1.58431289864600533E-01
7.87392747E+00 9.91781109924631393E-02 9.48044186390469869E-03 1.58783322321438408E-01
7.88028729E+00 9.91129951021846867E-02 9.49846447891867368E-03 1.59133801001245412E-01
7.88665984E+00 9.90476052239396831E-02 9.51653428141843900E-03 1.59483058709448372E-01
7.89303183E+00 9.89820771751188794E-02 9.53461484120525851E-03 1.59830647273796145E-01
7.89938558E+00 9.89165931881596239E-02 9.55265809171861741E-03 1.60175273051619382E-01
7.90572901E+00 9.88510724446168276E-02 9.57068913024389060E-03 1.60517026956003589E-01
7.91207030E+00 9.87854308795128866E-02 9.58873447328816887E-03 1.60856715541309869E-01
7.91841566E+00 9.87196035674652028E-02 9.60681635053463844E-03 1.61194546066604050E-01
7.92476918E+00 9.86535475968307735E-02 9.62495235403507295E-03 1.61530783939135808E-01
7.93113049E+00 9.85872660325667893E-02 9.64314915833419141E-03 1.61865399972888541E-01
7.93747239E+00 9.85210427100663561E-02 9.66133834466910250E-03 1.62197336847171886E-01
7.94380334E+00 9.84547903316841666E-02 9.67955424833810349E-03 1.62525995442360516E-01
7.95013157E+00 9.83884231070826371E-02 9.69783076917818398E-03 1.62852612716512385E-01
7.95646504E+00 9.83218573454377881E-02 9.71620050972221358E-03 1.63177221135727607E-01
7.96281143E+00 9.82550118158679181E-02 9.73469388944080312E-03 1.63500352033653401E-01
7.96917810E+00 9.81878079114209268E-02 9.75333834478246502E-03 1.63822232187190608E-01
7.97555832E+00 9.81203159747446457E-02 9.77211715954639550E-03 1.64142776644402355E-01
7.98192721E+00 9.80528000644273062E-02 9.79095628396411781E-03 1.64460723213791044E-01
7.98829363E+00 9.79851677584388792E-02 9.80987712515845461E-03 1.64775587114389971E-01
7.99466619E+00 9.79173283841522357E-02 9.82889713599685924E-03 1.65088610144741826E-01
8.00105327E+00 9.78491930356524819E-02 9.84803002834004279E-03 1.65399810534737901E-01
8.00746302E+00 9.77806744820539503E-02 9.86728598934448996E-03 1.65709733564422868E-01
8.01390338E+00 9.77116870450420033E-02 9.88667184594013010E-03 1.66018605510192568E-01
8.02038207E+00 9.76421465149017037E-02 9.90619119547519328E-03 1.66326801088297449E-01
8.02688367E+00 9.75722174761362582E-02 9.92577569833121530E-03 1.66633979865351139E-01
8.03339273E+00 9.75020660760927416E-02 9.94535564515455946E-03 1.66938841616990463E-01
8.03991840E+00 9.74315935941578171E-02 9.96493442766502313E-03 1.67241505275299573E-01
8.04646560E+00 9.73607462276728369E-02 9.98450172150724784E-03 1.67542771025937121E-01
8.05299041E+00 9.72900002916507189E-02 1.00039019567584684E-02 1.67841393462946575E-01
8.05949885E+00 9.72192926580503075E-02 1.00231297494810401E-02 1.68135445664341077E-01
8.06599709E+00 9.71485582688043497E-02 1.00421793570619877E-02 1.68426999757427448E-01
8.07249143E+00 9.70777302009026566E-02 1.00610451414147664E-02 1.68715551810587533E-01
8.07898195E+00 9.70068089551788387E-02 1.00797048068590901E-02 1.69001710854306486E-01
8.08543506E+00 9.69361644648540771E-02 1.00980447228364249E-02 1.69284421984801092E-01
8.09185701E+00 9.68657320924059401E-02 1.01160720531783873E-02 1.69562301817855116E-01
8.09825407E+00 9.67954459766545844E-02 1.01337977808914417E-02 1.69837107454987757E-01
8.10463258E+00 9.67252391819536095E-02 1.01512354583171323E-02 1.70108504047094156E-01
8.11099892E+00 9.66550438473681856E-02 1.01683997546726593E-02 1.70377117665844069E-01
8.11735950E+00 9.65847913045913276E-02 1.01853053976934272E-02 1.70643035010697997E-01
8.12372078E+00 9.65144121494681262E-02 1.02019667356324957E-02 1.70906632258869234E-01
8.13000972E+00 9.64447182709245315E-02 1.02181945028158964E-02 1.71166887970576859E-01
8.13622213E+00 9.63757626787222765E-02 1.02339852918715956E-02 1.71419494191526661E-01
8.14240792E+00 9.63069962847138833E-02 1.02494699714947655E-02 1.71668307276454352E-01
8.14861122E+00 9.62379303348695619E-02 1.02647558184889524E-02 1.71915615743699179E-01
8.15487126E+00 9.61681280414904555E-02 1.02799294146348995E-02 1.72162930948830589E-01
8.16119057E+00 9.60975600925354084E-02 1.02949826721744683E-02 1.72411098145905134E-01
8.16749292E+00 9.60270758822402842E-02 1.03097241456034747E-02 1.72658203280062900E-01
8.17378608E+00 9.59565940992078426E-02 1.03241667411102852E-02 1.72900031441154484E-01
8.18007800E+00 9.58860295864264744E-02 1.03383234293520764E-02 1.73140654813970396E-01
8.18636993E+00 9.58153709223407979E-02 1.03521917727940147E-02 1.73378751638558759E-01
8.19263803E+00 9.57448888276319354E-02 1.03657164927535191E-02 1.73614729629884501E-01
8.19885359E+00 9.56749134100889492E-02 1.03788377748673145E-02 1.73846395840205364E-01
8.20502475E+00 9.56053550179888079E-02 1.03915783227571338E-02 1.74073660972381028E-01
8.21115967E+00 9.55361245260022279E-02 1.04039593068889109E-02 1.74297726923988455E-01
8.21726643E+00 9.54671329846967093E-02 1.04160012543432143E-02 1.74518661175584150E-01
8.22335310E+00 9.53982916757567245E-02 1.04277241497901865E-02 1.74736884209654664E-01
8.22942763E+00 9.53295125008084832E-02 1.04391472984475941E-02 1.74952652266496256E-01
8.23549786E+00 9.52607084587855646E-02 1.04502890670962866E-02 1.75166290295568738E-01
8.24157144E+00 9.51917940824981851E-02 1.04611666502707947E-02 1.75378073126020328E-01
8.24765583E+00 9.51226857441757889E-02 1.04717959788599418E-02 1.75588269409087699E-01
8.25375831E+00 9.50532984474223019E-02 1.04821920735631222E-02 1.75797242163217127E-01
8.25985202E+00 9.49839410856940375E-02 1.04923127227426975E-02 1.76004865809882866E-01
8.26589118E+00 9.49151419494776855E-02 1.05020917831468077E-02 1.76208958580800656E-01
8.27188248E+00 9.48468269537638548E-02 1.05115534891133608E-02 1.76408089039122529E-01
8.27783532E+00 9.47788912754993773E-02 1.05207230185506723E-02 1.76604425291892991E-01
8.28375915E+00 9.47112299115411560E-02 1.05296221443275904E-02 1.76797875214572714E-01
8.28966343E+00 9.46437375337193382E-02 1.05382688020084474E-02 1.76988930885651707E-01
8.29555762E+00 9.45763087477542591E-02 1.05466767140017792E-02 1.77177856528090344E-01
8.30145112E+00 9.45088384865911263E-02 1.05548553400052151E-02 1.77365006922042989E-01
8.30735331E+00 9.44412223747669172E-02 1.05628102969460968E-02 1.77550694032046597E-01
8.31327345E+00 9.43733569433202052E-02 1.05705442409842493E-02 1.77623717337704379E-01
8.31922072E+00 9.43051363076119753E-02 1.05780583734238105E-02 1.78080352336465686E-01
8.32519329E+00 9.42365862583129515E-02 1.05853394887901898E-02 1.78090723105849474E-01
8.33115644E+00 9.41681091436667589E-02 1.05923406265479962E-02 1.78139825331589841E-01
8.33706201E+00 9.41002626102628303E-02 1.05990099719699936E-02 1.78614205629439610E-01
8.34292117E+00 9.40329256029177607E-02 1.06053692565267928E-02 1.78625701568843304E-01
8.34874499E+00 9.39659719308197777E-02 1.06114396421814038E-02 1.78674314411396862E-01
8.35454445E+00 9.38992767291515346E-02 1.06172397411128244E-02 1.79126062537620034E-01
8.36033049E+00 9.38327158965457098E-02 1.06227865069251672E-02 1.79138311516863852E-01
8.36611398E+00 9.37661658672483134E-02 1.06280954788624954E-02 1.79186436309977465E-01
8.37190570E+00 9.36995035446109292E-02 1.06331810478754313E-02 1.79620682323153230E-01
8.37771321E+00 9.36326430873410942E-02 1.06380541579024351E-02 1.79634998828792580E-01
8.38353842E+00 9.35655629664886579E-02 1.06427214342147084E-02 1.79685349777831627E-01
8.38939017E+00 9.34981585731107789E-02 1.06471960302823437E-02 1.80119559708259491E-01
8.39527748E+00 9.34303283522927158E-02 1.06514900632157707E-02 1.80133452677227496E-01
8.40120961E+00 9.33619659967168392E-02 1.06556167398784256E-02 1.80182071771546298E-01
8.40716204E+00 9.32933543830806039E-02 1.06595680376781136E-02 1.80599971471448240E-01
8.41306389E+00 9.32253114552047263E-02 1.06633129068730761E-02 1.80617803109039882E-01
8.41892635E+00 9.31577090162610394E-02 1.06668775020611756E-02 1.80671215771044780E-01
8.42476044E+00 9.30904200456909858E-02 1.06702850817106086E-02 1.81101197037017408E-01
8.43057697E+00 9.30233192492760652E-02 1.06735564167135030E-02 1.81112643862549327E-01
8.43638654E+00 9.29562834187973447E-02 1.06767103754297505E-02 1.81153847228433834E-01
8.44219954E+00 9.28891915058939338E-02 1.06797644156775215E-02 1.81514764131522899E-01
8.44802616E+00 9.28219243323558790E-02 1.06827350527989723E-02 1.81540509065771710E-01
8.45387647E+00 9.27543638696487066E-02 1.06856383919397280E-02 1.81622031359770758E-01
8.45976052E+00 9.26863920162288996E-02 1.06884907533956377E-02 1.82060915835524861E-01
8.46568850E+00 9.26178888102189429E-02 1.06913093479840317E-02 1.82066544971352828E-01
8.47165132E+00 9.25489570093573771E-02 1.06941040739037124E-02 1.82094165526534041E-01
8.47762300E+00 9.24798946843617825E-02 1.06968796810186176E-02 1.82406755333789278E-01
8.48360824E+00 9.24106458278032977E-02 1.06996566152744530E-02 1.82450081043965845E-01
8.48958347E+00 9.23414813214263469E-02 1.07024422383868948E-02 1.82752907394679864E-01
8.49554527E+00 9.22724390572658149E-02 1.07052523310288885E-02 1.82783527772843901E-01
8.50149852E+00 9.22034612214039095E-02 1.07081046098999617E-02 1.83020439984127814E-01
8.50744809E+00 9.21344893353351346E-02 1.07110149042932406E-02 1.83067376591234093E-01
8.51339888E+00 9.20654649641786810E-02 1.07139975670271937E-02 1.83390230295936318E-01
8.51935571E+00 9.19963304097945050E-02 1.07170657660698287E-02 1.83417891537904026E-01
8.52532327E+00 9.19270294135573623E-02 1.07202313719544536E-02 1.83500945493802109E-01
8.53130608E+00 9.18575078778558624E-02 1.07235043916862147E-02 1.83937066410938099E-01
8.53730279E+00 9.17877800153524548E-02 1.07268889775521056E-02 1.83945587102696817E-01
8.54327750E+00 9.17182630043225922E-02 1.07303657093516247E-02 1.83976063803315881E-01
8.54924552E+00 9.16487788935141934E-02 1.07339406161889167E-02 1.84293126610172581E-01
8.55517337E+00 9.15797216488724170E-02 1.07375869556333263E-02 1.84336790117594684E-01
8.56108196E+00 9.15108466143379345E-02 1.07413097078879957E-02 1.84627192864404099E-01
8.56699530E+00 9.14418740842708883E-02 1.07451150901496807E-02 1.84660899420758889E-01
8.57286512E+00 9.13733677125837945E-02 1.07489631385870362E-02 1.84916129320112838E-01
8.57869472E+00 9.13052909644578164E-02 1.07528486987333496E-02 1.84960725041939333E-01
8.58449959E+00 9.12374646494771568E-02 1.07567766631057049E-02 1.85259916553703163E-01
8.59029770E+00 9.11696803145551765E-02 1.07607555420620397E-02 1.85291784389917696E-01
8.59610901E+00 9.11017051670060252E-02 1.07647976272987420E-02 1.85532309139065932E-01
8.60192315E+00 9.10336613321986177E-02 1.07688967918572465E-02 1.85580199203197321E-01
8.60772285E+00 9.09657514613122359E-02 1.07730450796080218E-02 1.85907288220925032E-01
8.61352277E+00 9.08978050007020338E-02 1.07772608359644733E-02 1.85935751287002904E-01
8.61933831E+00 9.08296417231329867E-02 1.07815667356370645E-02 1.86021321553030194E-01
8.62516549E+00 9.07613078954711966E-02 1.07859747229767378E-02 1.86471258943503138E-01
8.63098225E+00 9.06930619791962989E-02 1.07904857490749798E-02 1.86479213759617984E-01
8.63680620E+00 9.06246970551502634E-02 1.07951338597774282E-02 1.86509791015179283E-01
8.64263629E+00 9.05562244224914215E-02 1.07999398308660406E-02 1.86837834847103035E-01
8.64845212E+00 9.04878826934320535E-02 1.08049071686090476E-02 1.86883220098311070E-01
8.65427075E+00 9.04194706575427859E-02 1.08100696520748597E-02 1.87194857931419406E-01
8.66010934E+00 9.03507849929437723E-02 1.08154614364156104E-02 1.87228995642901186E-01
8.66596676E+00 9.02818369823928379E-02 1.08210994781816686E-02 1.87496677758913100E-01
8.67179620E+00 9.02131757626767478E-02 1.08269521952480026E-02 1.87545095295030995E-01
8.67761851E+00 9.01445509764316061E-02 1.08330509830605083E-02 1.87884345697953314E-01
8.68345421E+00 9.00757213658201772E-02 1.08394254954028643E-02 1.87915425428210159E-01
8.68932341E+00 9.00064479943210177E-02 1.08461048520502937E-02 1.88162377069691938E-01
8.69524587E+00 8.99364950259607387E-02 1.08531175996897395E-02 1.88216845367270985E-01
8.70119092E+00 8.98662214444220231E-02 1.08604295153922701E-02 1.88610801297094233E-01
8.70712963E+00 8.97959669024488427E-02 1.08680013697553344E-02 1.88636050449947551E-01
8.71308575E+00 8.97254492125095782E-02 1.08758576130504742E-02 1.88704202592615417E-01
8.71908223E+00 8.96543941061357236E-02 1.08840220400987127E-02 1.89225957651895121E-01
8.72514125E+00 8.95825356202491624E-02 1.08925171789797225E-02 1.89232902275988768E-01
8.73123638E+00 8.95101839063083826E-02 1.09012941555553262E-02 1.89267695025082755E-01
8.73738344E+00 8.94371485673780553E-02 1.09103612745850669E-02 1.89667784689664942E-01
8.74357853E+00 8.93634730999556953E-02 1.09196959833604158E-02 1.89707995878473007E-01
8.74981068E+00 8.92892853564299094E-02 1.09292623602448413E-02 1.90058116821016393E-01
8.75608088E+00 8.92145713412893504E-02 1.09390415092828191E-02 1.90098668445575297E-01
8.76233460E+00 8.91399791379537121E-02 1.09489258470151524E-02 1.90456327449402579E-01
8.76857766E+00 8.90654394571302882E-02 1.09589025899132463E-02 1.90496488802274183E-01
8.77481553E+00 8.89908865467762128E-02 1.09689587223874754E-02 1.90855330323112193E-01
8.78105338E+00 8.89162578622915700E-02 1.09790801309239596E-02 1.90895610725989179E-01
8.78729611E+00 8.88414937909969699E-02 1.09892517649608067E-02 1.91261858546243751E-01
8.79350929E+00 8.87670064574201806E-02 1.09993941251794024E-02 1.91301495467939370E-01
8.79969193E+00 8.86928081397181101E-02 1.10094838459879885E-02 1.91667878955983029E-01
8.80585092E+00 8.86188170664627267E-02 1.10195109913405875E-02 1.91706919019299427E-01
8.81199266E+00 8.85449566654639558E-02 1.10294647828104910E-02 1.92073893267934143E-01
8.81812317E+00 8.84711549185408508E-02 1.10393339496044525E-02 1.92112748735540489E-01
8.82424809E+00 8.83973436255994505E-02 1.10491072253391300E-02 1.92484172341500948E-01
8.83037282E+00 8.83234575789802606E-02 1.10587735421221432E-02 1.92522522165694099E-01
8.83650258E+00 8.82494336868233364E-02 1.10683220758657722E-02 1.92895644915311359E-01
8.84264245E+00 8.81752100558796381E-02 1.10777424994902389E-02 1.92934256553240896E-01
8.84879748E+00 8.81007250746872472E-02 1.10870253342649806E-02 1.93316143973417787E-01
8.85497276E+00 8.80259165599562715E-02 1.10961618703025854E-02 1.93354054109412116E-01
8.86117345E+00 8.79507210252232774E-02 1.11051434995762290E-02 1.93736523610429812E-01
8.86740490E+00 8.78750730722220735E-02 1.11139609741837935E-02 1.93775463710083085E-01
8.87367261E+00 8.77989049091230933E-02 1.11226040622804476E-02 1.94173984331777988E-01
8.87998232E+00 8.77221460252728957E-02 1.11310613951435804E-02 1.94211615596759674E-01
8.88632282E+00 8.76449324574208599E-02 1.11392980095777003E-02 1.94605415959483385E-01
8.89269063E+00 8.75673067508983133E-02 1.11472895958821139E-02 1.94645400059665130E-01
8.89907631E+00 8.74893850172461102E-02 1.11550042180944293E-02 1.95065348252568493E-01
8.90546151E+00 8.74113931105913317E-02 1.11624009409843315E-02 1.95101737277634829E-01
8.91184864E+00 8.73333042837432239E-02 1.11694656474679768E-02 1.95493684696334880E-01
8.91822782E+00 8.72552419927381251E-02 1.11761722434241973E-02 1.95535213409313874E-01
8.92453634E+00 8.71779780660025538E-02 1.11824480323423972E-02 1.95976688939671101E-01
8.93078999E+00 8.71013245966010680E-02 1.11883112279864503E-02 1.96008271157867675E-01
8.93700730E+00 8.70250588493548943E-02 1.11937813437212735E-02 1.96361849697661517E-01
8.94320889E+00 8.69489313662630825E-02 1.11988768952537392E-02 1.96407540560236071E-01
8.94940010E+00 8.68728796671549286E-02 1.12036018391432433E-02 1.96889895700623346E-01
8.95554219E+00 8.67973834860542720E-02 1.12079306607662330E-02 1.96912934692899777E-01
8.96164884E+00 8.67222791054024361E-02 1.12118820600674001E-02 1.97195552151526454E-01
8.96773464E+00 8.66473910421624305E-02 1.12154729452564658E-02 1.97258883730535989E-01
8.97381497E+00 8.65725335576877780E-02 1.12187176196116446E-02 1.97824800035971110E-01
8.97986219E+00 8.64980506555838302E-02 1.12216078252729713E-02 1.97831886013374675E-01
8.98587253E+00 8.64239928820772080E-02 1.12241526067946608E-02 1.97878322506800153E-01
8.99186127E+00 8.63501759835993005E-02 1.12263697987986591E-02 1.98450683588922927E-01
8.99784310E+00 8.62764221645460905E-02 1.12282749402573025E-02 1.98464126276797492E-01
9.00383216E+00 8.62025602274961583E-02 1.12298819209667323E-02 1.98527566048224913E-01
9.00979535E+00 8.61290015631533540E-02 1.12311942284633228E-02 1.99143143710515724E-01
9.01571751E+00 8.60559367848535428E-02 1.12322267411488676E-02 1.99146384245366515E-01
9.02161742E+00 8.59831377823628423E-02 1.12330018334939764E-02 1.99186467001719936E-01
9.02751257E+00 8.59103916401746104E-02 1.12335378635214575E-02 1.99715506736471510E-01
9.03341923E+00 8.58375004138594022E-02 1.12338490524599727E-02 1.99738522519081974E-01
9.03935244E+00 8.57642810573457648E-02 1.12339455734776980E-02 2.00018090467608656E-01
9.04527628E+00 8.56911797493523086E-02 1.12338353221942897E-02 2.00083080054877321E-01
9.05115930E+00 8.56185879217795931E-02 1.12335297165879703E-02 2.00652689750293545E-01
9.05702234E+00 8.55462515051164663E-02 1.12330379253617486E-02 2.00659749932674714E-01
9.06288467E+00 8.54739351863238600E-02 1.12323647904516294E-02 2.00710848725438512E-01
9.06876420E+00 8.54014206124146663E-02 1.12315120805697704E-02 2.01258043793059338E-01
9.07467753E+00 8.53285050379355980E-02 1.12304799156015146E-02 2.01278956532762482E-01
9.08064014E+00 8.52550001803019791E-02 1.12292677308974253E-02 2.01536443313212049E-01
9.08659177E+00 8.51816511169771196E-02 1.12278926719619893E-02 2.01628503666055281E-01
9.09251376E+00 8.51086901739062374E-02 1.12263691138138732E-02 2.02206892761224000E-01
9.09842692E+00 8.50358629037315794E-02 1.12247016733833666E-02 2.02214422938351124E-01
9.10435066E+00 8.49629323696000777E-02 1.12228913943629559E-02 2.02267578732893943E-01
9.11030325E+00 8.48896755804017245E-02 1.12209357230463463E-02 2.02835371418596672E-01
9.11630211E+00 8.48158802261541889E-02 1.12188290202980025E-02 2.02856416501825954E-01
9.12234362E+00 8.47415932858555931E-02 1.12165709518592688E-02 2.03122045194147977E-01
9.12840109E+00 8.46671448346984490E-02 1.12141706263726351E-02 2.03370029669693780E-01
9.13447320E+00 8.45925531584001827E-02 1.12116296507497083E-02 2.03460798722132824E-01
9.14053379E+00 8.45181409885782803E-02 1.12089613030326076E-02 2.04044504815161565E-01
9.14660309E+00 8.44436614363776733E-02 1.12061603665745101E-02 2.04056220623844403E-01
9.15268599E+00 8.43690559261629364E-02 1.12032273334530547E-02 2.04119957592189399E-01
9.15878360E+00 8.42943121569569437E-02 1.12001641167238878E-02 2.04764681874145482E-01
9.16491598E+00 8.42191857547037875E-02 1.11969626346255548E-02 2.04776204668426304E-01
9.17110454E+00 8.41434161539179604E-02 1.11936119843553377E-02 2.04841637047273706E-01
9.17727382E+00 8.40679280521674649E-02 1.11901525591551077E-02 2.05507877200384104E-01
9.18343670E+00 8.39925646573761453E-02 1.11865797122894569E-02 2.05517937300495834E-01
9.18961330E+00 8.39170808615302688E-02 1.11828827672933468E-02 2.05581625119954731E-01
9.19582485E+00 8.38412185908213453E-02 1.11790477652892635E-02 2.06246622388367190E-01
9.20209394E+00 8.37647037763531721E-02 1.11750580005853944E-02 2.06259599944374400E-01
9.20837912E+00 8.36880432079880887E-02 1.11709370224834063E-02 2.06349172734469705E-01
9.21465649E+00 8.36115287067151769E-02 1.11667014580864084E-02 2.07023202392479844E-01
9.22092787E+00 8.35351383703473449E-02 1.11623537278453307E-02 2.07034275588167893E-01
9.22720002E+00 8.34587939037236826E-02 1.11578932052970314E-02 2.07120423354167860E-01
9.23349132E+00 8.33822699177163978E-02 1.11533108623147158E-02 2.07793756963522119E-01
9.23981957E+00 8.33053502559401304E-02 1.11485960123792888E-02 2.07806928601069807E-01
9.24620229E+00 8.32278191464891209E-02 1.11437366816660877E-02 2.08057651539693550E-01
9.25263875E+00 8.31496890454471727E-02 1.11387326991185202E-02 2.08395654901096350E-01
9.25911266E+00 8.30711599805837031E-02 1.11335961390373623E-02 2.08640522782686522E-01
9.26564863E+00 8.29919352173402042E-02 1.11283073945965521E-02 2.08929563520953515E-01
9.27224853E+00 8.29119939661602107E-02 1.11228638147251018E-02 2.09202302466902440E-01
9.27884268E+00 8.28321805859189297E-02 1.11173222921975845E-02 2.09488534133035337E-01
9.28545486E+00 8.27522074425886545E-02 1.11116675286980320E-02 2.09768028420607267E-01
9.29210966E+00 8.26717782525450556E-02 1.11058834024658250E-02 2.10054251914534307E-01
9.29876685E+00 8.25913793011641001E-02 1.11000079362403616E-02 2.10341272665669432E-01
9.30543020E+00 8.25109649755138425E-02 1.10940422380243313E-02 2.10628779154764911E-01
9.31212272E+00 8.24302579158158050E-02 1.10879699112315985E-02 2.10917966951689628E-01
9.31886710E+00 8.23489855705743928E-02 1.10817733492175659E-02 2.11210234576378303E-01
9.32568572E+00 8.22668797118069201E-02 1.10754341942772196E-02 2.11506347539182710E-01
9.33260063E+00 8.21836766179029204E-02 1.10689339874800747E-02 2.11807272523950818E-01
9.33958064E+00 8.20997525806325956E-02 1.10623036805538554E-02 2.12112952995726467E-01
9.34657767E+00 8.20156853536442576E-02 1.10555929784678167E-02 2.12419932371816056E-01
9.35360974E+00 8.19312586400070125E-02 1.10487936469346078E-02 2.12727299740328224E-01
9.36070355E+00 8.18461525803043932E-02 1.10418904023263306E-02 2.13037913057206124E-01
9.36779447E+00 8.17611415254759499E-02 1.10349539442147256E-02 2.13350679656978681E-01
9.37483045E+00 8.16768471150615266E-02 1.10280434549049865E-02 2.13660265317496517E-01
9.38183790E+00 8.15929516349978429E-02 1.10211432947033856E-02 2.13967068601797705E-01
9.38884184E+00 8.15091543855562400E-02 1.10142372384951538E-02 2.14273865310025263E-01
9.39586611E+00 8.14251696879369907E-02 1.10073078934202241E-02 2.14580939388856418E-01
9.40293337E+00 8.13407264912773265E-02 1.10003373162285787E-02 2.14889481995073184E-01
9.41006504E+00 8.12555690749039022E-02 1.09933075752407950E-02 2.15200074372083050E-01
9.41728118E+00 8.11694584866459595E-02 1.09862013637553775E-02 2.15513519205615456E-01
9.42456487E+00 8.10825972689462743E-02 1.09790365513561701E-02 2.15829719541155096E-01
9.43186223E+00 8.09956273097115348E-02 1.09718668818916416E-02 2.16146034642684837E-01
9.43916368E+00 8.09086618430054638E-02 1.09647061722079608E-02 2.16460123299334589E-01
9.44648633E+00 8.08214967936811968E-02 1.09575457891855944E-02 2.16773393324818292E-01
9.45381269E+00 8.07343395588527579E-02 1.09504116308262664E-02 2.17085887663531846E-01
9.46114254E+00 8.06471915120058336E-02 1.09433142010778774E-02 2.17395976343936592E-01
9.46847148E+00 8.05601038895791682E-02 1.09362683909174380E-02 2.17704298528054202E-01
9.47578737E+00 8.04732196135416328E-02 1.09292951826573323E-02 2.18009784407500462E-01
9.48310862E+00 8.03863191903293334E-02 1.09223855958260289E-02 2.18312300767613460E-01
9.49045340E+00 8.02991864681490419E-02 1.09155291845512321E-02 2.18613224964588737E-01
9.49783992E+00 8.02116056684116646E-02 1.09087134497955728E-02 2.18912708199987149E-01
9.50528671E+00 8.01233575534999048E-02 1.09019238411261592E-02 2.19211406072608334E-01
9.51280965E+00 8.00342551141342146E-02 1.08951466558903347E-02 2.19509627395281848E-01
9.52030382E+00 7.99455406807823427E-02 1.08884698855725177E-02 2.19805820278546032E-01
9.52775878E+00 7.98573376171092253E-02 1.08818961897699674E-02 2.20093694884949509E-01
9.53520551E+00 7.97692802018659386E-02 1.08753930664895020E-02 2.20377415876377908E-01
9.54267424E+00 7.96810121410135574E-02 1.08689282162865216E-02 2.20657291861767135E-01
9.55019458E+00 7.95921853628641929E-02 1.08624690589217941E-02 2.20934631394819198E-01
9.55777309E+00 7.95027244490352225E-02 1.08560013981210662E-02 2.21209603896701357E-01
9.56535980E+00 7.94132207664006856E-02 1.08495565480569382E-02 2.21480928634379126E-01
9.57291696E+00 7.93241205663652998E-02 1.08431550692773236E-02 2.21745377625347545E-01
9.58044147E+00 7.92354613480637654E-02 1.08367894801570386E-02 2.22002772520986297E-01
9.58794130E+00 7.91471501170602915E-02 1.08304431591129558E-02 2.22253581722720361E-01
9.59542507E+00 7.90590864293599510E-02 1.08240981409094533E-02 2.22498077166285363E-01
9.60290211E+00 7.89711619319307528E-02 1.08177348451818714E-02 2.22736360075645817E-01
9.61036237E+00 7.88834955773990154E-02 1.08113488126378773E-02 2.22968439216059855E-01
9.61778474E+00 7.87963358636094569E-02 1.08049447194447975E-02 2.23193259690107143E-01
9.62517673E+00 7.87095954728299213E-02 1.07985039216194310E-02 2.23410194853461280E-01
9.63254627E+00 7.86231853800506697E-02 1.07920077854577988E-02 2.23620083623949362E-01
9.63990183E+00 7.85370050608405340E-02 1.07854382795584125E-02 2.23823065221407047E-01
9.64725236E+00 7.84509495705693061E-02 1.07787769740488835E-02 2.24019249646849078E-01
9.65460736E+00 7.83649085023511022E-02 1.07720057455205822E-02 2.24208757453987634E-01
9.66195532E+00 7.82790174773304176E-02 1.07651265198407155E-02 2.24391693088528799E-01
9.66928022E+00 7.81934638510883850E-02 1.07581473217634588E-02 2.24461828049708156E-01
9.67659151E+00 7.81081380290434002E-02 1.07510540903772208E-02 2.24885396330864629E-01
9.68389917E+00 7.80229242577283322E-02 1.07438323394943441E-02 2.24894177552042995E-01
9.69121374E+00 7.79377007719069259E-02 1.07364665960089506E-02 2.24933272614396190E-01
9.69853162E+00 7.78525105618429886E-02 1.07289550662683589E-02 2.25294467133732162E-01
9.70583054E+00 7.77676134046333956E-02 1.07213157345885778E-02 2.25313023407709950E-01
9.71312070E+00 7.76828915117363933E-02 1.07135345091930803E-02 2.25362977711646595E-01
9.72041277E+00 7.75982217794988494E-02 1.07055964077096728E-02 2.25730306601175018E-01
9.72771793E+00 7.75134761505709841E-02 1.06974853615666634E-02 2.25734826272445704E-01
9.73500223E+00 7.74290490034624385E-02 1.06892355310402136E-02 2.25752448042542131E-01
9.74227266E+00 7.73448599651303526E-02 1.06808382103229394E-02 2.25929554076974598E-01
9.74953990E+00 7.72607864982474413E-02 1.06722812152845129E-02 2.25968512677506839E-01
9.75681497E+00 7.71767025132754914E-02 1.06635522839109709E-02 2.26187012634774531E-01
9.76410918E+00 7.70924788470598310E-02 1.06546392223163169E-02 2.26201356895315286E-01
9.77140496E+00 7.70083195648127439E-02 1.06455660326516943E-02 2.26225371554737931E-01
9.77868814E+00 7.69243887166531221E-02 1.06363554489778793E-02 2.26274431610324650E-01
9.78596948E+00 7.68405631273421652E-02 1.06270009850347267E-02 2.26527911807169718E-01
9.79325985E+00 7.67567188115157450E-02 1.06174961597616177E-02 2.26525270994232225E-01
9.80057019E+00 7.66727313106465996E-02 1.06078341881918874E-02 2.26516901469540649E-01
9.80791153E+00 7.65884759543554172E-02 1.05980079461306768E-02 2.26517927950145304E-01
9.81529493E+00 7.65038279937269861E-02 1.05880099963323298E-02 2.26537236267333658E-01
9.82273151E+00 7.64186626068008856E-02 1.05778326427573340E-02 2.26580239004171152E-01
9.83023245E+00 7.63328547970046206E-02 1.05674680002104601E-02 2.26758201140624172E-01
9.83775098E+00 7.62469412504831467E-02 1.05569880973202350E-02 2.26756583783476268E-01
9.84529223E+00 7.61608648757083340E-02 1.05463953557700940E-02 2.26741282018609575E-01
9.85286547E+00 7.60745216408941355E-02 1.05356865074360383E-02 2.26722457962991147E-01
9.86047969E+00 7.59878112790536020E-02 1.05248581152495180E-02 2.26708455534351538E-01
9.86814361E+00 7.59006369431892564E-02 1.05139064590625067E-02 2.26703505958745194E-01
9.87586571E+00 7.58129047915008097E-02 1.05028275262025305E-02 2.26707314617055816E-01
9.88365430E+00 7.57245234801680461E-02 1.04916170229810441E-02 2.26716067845076752E-01
9.89151754E+00 7.56353997724614341E-02 1.04802705071706578E-02 2.26724262911627394E-01
9.89946350E+00 7.55454478299982940E-02 1.04687827877851126E-02 2.26726556934470636E-01
9.90744373E+00 7.54552188961377934E-02 1.04572298102273108E-02 2.26719324509927489E-01
9.91541712E+00 7.53651779256755694E-02 1.04456772592020734E-02 2.26701293207046628E-01
9.92339634E+00 7.52751817382304872E-02 1.04341140655652455E-02 2.26670259423860848E-01
9.93139405E+00 7.51850881883329991E-02 1.04225286480186374E-02 2.26632876296399666E-01
9.93938523E+00 7.50951784499253178E-02 1.04109621742527574E-02 2.26593387863668699E-01
9.94734128E+00 7.50057726528532698E-02 1.03994599780658208E-02 2.26555072580871819E-01
9.95527858E+00 7.49166851454949739E-02 1.03880024854016654E-02 2.26519711760445497E-01
9.96321286E+00 7.48277387091894203E-02 1.03765702906721945E-02 2.26487326956391177E-01
9.97115912E+00 7.47387649443600199E-02 1.03651439728781308E-02 2.26456595646336523E-01
9.97913159E+00 7.46496045511636092E-02 1.03537042837909352E-02 2.26425612417070932E-01
9.98714072E+00 7.45601416073497364E-02 1.03422366176255647E-02 2.26392653739137417E-01
9.99517791E+00 7.44704726522585625E-02 1.03307524514342271E-02 2.26356711003193128E-01
1.00031821E+01 7.43812780027851839E-02 1.03193363238944895E-02 2.26317691771349971E-01
1.00111688E+01 7.42923821390865935E-02 1.03079640137974486E-02 2.26276635132976939E-01
1.00191542E+01 7.42036059303840118E-02 1.02966103090048056E-02 2.26235069690215118E-01
1.00271536E+01 7.41147786024157346E-02 1.02852499859932313E-02 2.26194427895051509E-01
1.00351818E+01 7.40257379225439799E-02 1.02738579944223717E-02 2.26155661938206992E-01
1.00432527E+01 7.39363302324913541E-02 1.02624097087899522E-02 2.26119095823700295E-01
1.00513796E+01 7.38464103097529606E-02 1.02508811391958197E-02 2.26084507088043368E-01
1.00595622E+01 7.37559835492433563E-02 1.02392672151511016E-02 2.26051343144724859E-01
1.00677358E+01 7.36657667814311773E-02 1.02276537698653119E-02 2.26018979677323623E-01
1.00759164E+01 7.35755829315749149E-02 1.02160139784151852E-02 2.25987310329516522E-01
1.00841195E+01 7.34852628933606589E-02 1.02043222909248329E-02 2.25956526413856384E-01
1.00923598E+01 7.33946455048120755E-02 1.01925537646865936E-02 2.25926971204805038E-01
1.01006515E+01 7.33035775999355266E-02 1.01806841088650513E-02 2.25901967605661308E-01
1.01090082E+01 7.32119139506990646E-02 1.01686898308001421E-02 2.25877435828727768E-01
1.01174044E+01 7.31199360066181331E-02 1.01566030977622377E-02 2.25853445211507159E-01
1.01258276E+01 7.30277823820541100E-02 1.01444389066016882E-02 2.25830458878378909E-01
1.01342956E+01 7.29352601418894603E-02 1.01321702128391849E-02 2.25809191208301813E-01
1.01427969E+01 7.28424986844116717E-02 1.01198133977695899E-02 2.25790290606740052E-01
1.01512427E+01 7.27504645024126401E-02 1.01074981299438277E-02 2.25774190320870871E-01
1.01596556E+01 7.26589116511312805E-02 1.00951969346577599E-02 2.25761288400052634E-01
1.01680573E+01 7.25676023576536794E-02 1.00828846576514822E-02 2.25751666796894568E-01
1.01764689E+01 7.24763066142805473E-02 1.00705379664841280E-02 2.25745077594997623E-01
1.01849112E+01 7.23848020292152255E-02 1.00581357677062121E-02 2.25741062138999804E-01
1.01934038E+01 7.22928738812716049E-02 1.00456596272337408E-02 2.25739108221323898E-01
1.02019512E+01 7.22004760487513775E-02 1.00331157316004265E-02 2.25738797628087351E-01
1.02105138E+01 7.21080370172886703E-02 1.00205761966305328E-02 2.25739922589422409E-01
1.02190600E+01 7.20158953485756370E-02 1.00081026539798820E-02 2.25742501112284388E-01
1.02275526E+01 7.19244497169223562E-02 9.99576534436524833E-03 2.25746694448397928E-01
1.02360099E+01 7.18334994559861328E-02 9.98355391051224464E-03 2.25752653572560108E-01
1.02444472E+01 7.17428779812713524E-02 9.97146206188137887E-03 2.25760421255022797E-01
1.02528558E+01 7.16526748810793201E-02 9.95951639410880621E-03 2.25769921688565439E-01
1.02612177E+01 7.15630802185120013E-02 9.94775500788937575E-03 2.25780970961170668E-01
1.02695531E+01 7.14738746644163619E-02 9.93616115945182045E-03 2.25793252105971010E-01
1.02778731E+01 7.13849371122319137E-02 9.92472986416384657E-03 2.25806396655468949E-01
1.02860549E+01 7.12975786489039309E-02 9.91363369321936194E-03 2.25820179594858367E-01
1.02941393E+01 7.12113549028951520E-02 9.90281951165927418E-03 2.25834268937078586E-01
1.03021731E+01 7.11257628870234360E-02 9.89222648249212834E-03 2.25848304232631386E-01
1.03101989E+01 7.10403455624453312E-02 9.88179952855808286E-03 2.25861999159710780E-01
1.03182558E+01 7.09546859093135862E-02 9.87148897993939296E-03 2.25875175068099371E-01
1.03263796E+01 7.08684042828185284E-02 9.86125046335478532E-03 2.25887758403765931E-01
1.03344361E+01 7.07829219221590283E-02 9.85124835180418990E-03 2.25899950075464540E-01
1.03424446E+01 7.06980321818129198E-02 9.84145239633309708E-03 2.25911747801247009E-01
1.03504503E+01 7.06132542667966823E-02 9.83180235241007915E-03 2.25922972324633126E-01
1.03584952E+01 7.05281429728994158E-02 9.82224339605576591E-03 2.25933355239226946E-01
1.03665939E+01 7.04425432237150290E-02 9.81275374186985072E-03 2.25942622682440530E-01
1.03746386E+01 7.03575935894735077E-02 9.80345148763056042E-03 2.25950640973312633E-01
1.03826584E+01 7.02729842162635454E-02 9.79429464979299745E-03 2.25957167128577052E-01
1.03907050E+01 7.01881683363600323E-02 9.78521783729482605E-03 2.25961925915653589E-01
1.03987907E+01 7.01030113314219383E-02 9.77620121242594141E-03 2.25964741266657526E-01
1.04067767E+01 7.00189801578621485E-02 9.76738912185692344E-03 2.25965515417948820E-01
1.04147192E+01 6.99354775330325168E-02 9.75871203172582087E-03 2.25964156720793979E-01
1.04226712E+01 6.98519444237717807E-02 9.75010633026633655E-03 2.25960582317695946E-01
1.04306833E+01 6.97678460875852252E-02 9.74151301883051032E-03 2.25954732567641342E-01
1.04388037E+01 6.96826785709572794E-02 9.73287635399456771E-03 2.25946471697779400E-01
1.04468887E+01 6.95979480988904720E-02 9.72434344512698896E-03 2.25935606819705065E-01
1.04549696E+01 6.95133267244646830E-02 9.71587793144941363E-03 2.25922077953400968E-01
1.04631002E+01 6.94282508729356929E-02 9.70742224854927865E-03 2.25905874761201358E-01
1.04713322E+01 6.93421782018121963E-02 9.69892215956943277E-03 2.25886929532282538E-01
1.04795300E+01 6.92565282814908839E-02 9.69051530480141525E-03 2.25864967212211859E-01
1.04877016E+01 6.91712143774908389E-02 9.68219219681469567E-03 2.25839995441177610E-01
1.04959091E+01 6.90855883018841321E-02 9.67389031476161877E-03 2.25808870357750019E-01
1.05041989E+01 6.89991676701699613E-02 9.66556363946985408E-03 2.25776261601045108E-01
1.05124165E+01 6.89135607382866527E-02 9.65736479606539404E-03 2.25742108715714485E-01
1.05206239E+01 6.88281211146114374E-02 9.64923151542364937E-03 2.25706498630661861E-01
1.05288823E+01 6.87422130754504618E-02 9.64110360899931781E-03 2.25669197151520340E-01
1.05372524E+01 6.86552069172279011E-02 9.63292146627206004E-03 2.25629593309218945E-01
1.05456265E+01 6.85682220806575482E-02 9.62478776896116481E-03 2.25574903887969747E-01
1.05540154E+01 6.84811475852585561E-02 9.61669038563856514E-03 2.25533896190978994E-01
1.05624785E+01 6.83933689443211729E-02 9.60857124869075527E-03 2.25477659454123153E-01
1.05710072E+01 6.83049773709819702E-02 9.60043646836528618E-03 2.25435005042299436E-01
1.05795373E+01 6.82166404629320489E-02 9.59234369463082305E-03 2.25271685884184586E-01
1.05880864E+01 6.81281767032339974E-02 9.58427309554402834E-03 2.25272885767202447E-01
1.05967043E+01 6.80390736384208356E-02 9.57617459965143247E-03 2.25272771573696656E-01
1.06052587E+01 6.79507003040082103E-02 9.56816644857234194E-03 2.25256516021629577E-01
1.06137864E+01 6.78626776473637838E-02 9.56020951620412292E-03 2.25197524010697814E-01
1.06223355E+01 6.77745116290794924E-02 9.55225401343830910E-03 2.24944313688026309E-01
1.06309663E+01 6.76855815779965064E-02 9.54423742944562718E-03 2.24950926578641103E-01
1.06395640E+01 6.75970733659641970E-02 9.53625786912126912E-03 2.24957708882866453E-01
1.06481293E+01 6.75089801806265100E-02 9.52830803163258119E-03 2.24946947420560650E-01
1.06567184E+01 6.74207258944350407E-02 9.52033024013706868E-03 2.24903461706847885E-01
1.06653863E+01 6.73317486162698930E-02 9.51226728215994258E-03 2.24608447583736548E-01
1.06741390E+01 6.72419902784534701E-02 9.50410674755948308E-03 2.24617626459321512E-01
1.06828719E+01 6.71525244939335658E-02 9.49593984968993832E-03 2.24628360937964094E-01
1.06915554E+01 6.70636559681744848E-02 9.48779169607528311E-03 2.24621868670503072E-01
1.07002036E+01 6.69752396207027034E-02 9.47964795038728179E-03 2.24582750075977805E-01
1.07088342E+01 6.68870960308037138E-02 9.47149088365702337E-03 2.24305403214766774E-01
1.07174674E+01 6.67990184003455084E-02 9.46330000752716900E-03 2.24311606810809111E-01
1.07261254E+01 6.67107796357538779E-02 9.45505314281491413E-03 2.24319610818072251E-01
1.07348321E+01 6.66221390113704570E-02 9.44672730014070594E-03 2.24312912800413239E-01
1.07436048E+01 6.65329212239549467E-02 9.43830610804926619E-03 2.24278092888825636E-01
1.07523273E+01 6.64443060846305750E-02 9.42990152737548278E-03 2.24046886420676078E-01
1.07610208E+01 6.63560771988748466E-02 9.42149688710513383E-03 2.24048428437582436E-01
1.07697089E+01 6.62679949691341308E-02 9.41307275338479008E-03 2.24052181217332336E-01
1.07784162E+01 6.61798070774986813E-02 9.40460700401401888E-03 2.24045513440828847E-01
1.07871680E+01 6.60912573584412216E-02 9.39607588127396032E-03 2.24021065893019927E-01
1.07959058E+01 6.60029368820920226E-02 9.38753584950724820E-03 2.23857377458708318E-01
1.08045523E+01 6.59156221385092667E-02 9.37906194740806450E-03 2.23852455176323906E-01
1.08131940E+01 6.58284384160497810E-02 9.37057066379789680E-03 2.23849851715266557E-01
1.08219097E+01 6.57405902603056952E-02 9.36198303380269062E-03 2.23842070301473878E-01
1.08307377E+01 6.56516912432451583E-02 9.35325620869305145E-03 2.23824702181466106E-01
1.08395554E+01 6.55629760642788134E-02 9.34450323482469147E-03 2.23794038947640966E-01
1.08482784E+01 6.54752881388767638E-02 9.33580135432113267E-03 2.23757157515684008E-01
1.08569832E+01 6.53878590123572884E-02 9.32707109772617018E-03 2.23720661639389445E-01
1.08657414E+01 6.52999683737666425E-02 9.31823484447531422E-03 2.23690493710452853E-01
1.08745428E+01 6.52117180190529000E-02 9.30929371798095741E-03 2.23672095451076053E-01
1.08832354E+01 6.51246303088125617E-02 9.30039229352146515E-03 2.23661449683494884E-01
1.08918988E+01 6.50379051772671107E-02 9.29144500232484231E-03 2.23657494223232028E-01
1.09006063E+01 6.49508094784416040E-02 9.28237109803058819E-03 2.23658112867812287E-01
1.09094258E+01 6.48626671652936387E-02 9.27309261169461697E-03 2.23660852365942658E-01
1.09183526E+01 6.47735266992004732E-02 9.26360534543915065E-03 2.23663697779985793E-01
1.09272514E+01 6.46847397525270595E-02 9.25404540530358651E-03 2.23665593993636336E-01
1.09361963E+01 6.45955678681497669E-02 9.24433315192395126E-03 2.23666395976780452E-01
1.09451277E+01 6.45066055571008601E-02 9.23453281737214755E-03 2.23666669847908978E-01
1.09540675E+01 6.44176363986434103E-02 9.22462334273104617E-03 2.23667314128986439E-01
1.09630922E+01 6.43279018162424415E-02 9.21452409167902026E-03 2.23669155983957341E-01
1.09719748E+01 6.42396562633908152E-02 9.20449022991359951E-03 2.23672701913178062E-01
1.09807836E+01 6.41522202846785267E-02 9.19445575254653966E-03 2.23678000611218092E-01
1.09895918E+01 6.40648686797821582E-02 9.18434862989514836E-03 2.23684552554732158E-01
1.09984682E+01 6.39769218076777918E-02 9.17409928259960324E-03 2.23691479945571731E-01
1.10074102E+01 6.38884068790672860E-02 9.16371778273861529E-03 2.23697815470769917E-01
1.10162776E+01 6.38007124918545526E-02 9.15337271790732897E-03 2.23702778561970239E-01
1.10251368E+01 6.37131820188549247E-02 9.14299773772430865E-03 2.23705714341854961E-01
1.10340487E+01 6.36252161494392371E-02 9.13253240576028351E-03 2.23706197745598107E-01
1.10430687E+01 6.35362726748338463E-02 9.12192117426780837E-03 2.23704025012620794E-01
1.10521888E+01 6.34464322434185740E-02 9.11118053790261999E-03 2.23699123063540367E-01
1.10613251E+01 6.33565252026245945E-02 9.10041482961612344E-03 2.23691435149977386E-01
1.10703654E+01 6.32676536504620662E-02 9.08976054158006259E-03 2.23680869801619164E-01
1.10793668E+01 6.31792556231191293E-02 9.07915789974638072E-03 2.23667375720284362E-01
1.10883865E+01 6.30907708069973205E-02 9.06854606354100604E-03 2.23650800995238402E-01
1.10974790E+01 6.30016682371798281E-02 9.05786552132254764E-03 2.23630823179004012E-01
1.11066292E+01 6.29120976835178536E-02 9.04713539526223916E-03 2.23603985726569476E-01
1.11157260E+01 6.28231467774842400E-02 9.03648405169870696E-03 2.23573343294589916E-01
1.11248224E+01 6.27342971480328027E-02 9.02585060168712740E-03 2.23538982042597173E-01
1.11339674E+01 6.26450725455032359E-02 9.01517935048516510E-03 2.23500721673316527E-01
1.11432039E+01 6.25550574573433271E-02 9.00442058552652913E-03 2.23360403964989712E-01
1.11524395E+01 6.24651544213832635E-02 8.99367815910024314E-03 2.23358824223188784E-01
1.11616757E+01 6.23753492545052052E-02 8.98294730232405102E-03 2.23355096746502724E-01
1.11709142E+01 6.22856242016256584E-02 8.97222276687320575E-03 2.23335415904184320E-01
1.11801576E+01 6.21959576764375341E-02 8.96149790070147403E-03 2.23158815995913529E-01
1.11893985E+01 6.21064192265981946E-02 8.95077574903744948E-03 2.23144171685260934E-01
1.11986341E+01 6.20170384843287403E-02 8.94005369698216805E-03 2.23110958754215688E-01
1.12078651E+01 6.19278080119911242E-02 8.92932380885024142E-03 2.22882597026100998E-01
1.12170926E+01 6.18387179909224566E-02 8.91857681429206010E-03 2.22875661506794942E-01
1.12263179E+01 6.17497563366034563E-02 8.90780211051888683E-03 2.22853221440026256E-01
1.12355426E+01 6.16609087271137862E-02 8.89698788716667029E-03 2.22617907191253239E-01
1.12447684E+01 6.15721585531366147E-02 8.88612131175143399E-03 2.22602516754970975E-01
1.12539975E+01 6.14834868226997247E-02 8.87518870822470198E-03 2.22446383589157276E-01
1.12632322E+01 6.13948720712058985E-02 8.86417566691294866E-03 2.22413375382695372E-01
1.12724737E+01 6.13063034498495460E-02 8.85306869513575317E-03 2.22126226634963897E-01
1.12817142E+01 6.12178579732678974E-02 8.84186494709382834E-03 2.22115092838175543E-01
1.12909529E+01 6.11295435849805030E-02 8.83055292134957842E-03 2.21963165491764924E-01
1.13001930E+01 6.10413322870799954E-02 8.81911630601742158E-03 2.21816663368329170E-01
1.13094378E+01 6.09531927922411995E-02 8.80753790122319399E-03 2.21674543828436071E-01
1.13186912E+01 6.08650906605419373E-02 8.79579960431696277E-03 2.21525287834116624E-01
1.13279573E+01 6.07769885698865170E-02 8.78388244841578347E-03 2.21372299806958633E-01
1.13372406E+01 6.06888467126785944E-02 8.77176664948804002E-03 2.21214020729989413E-01
1.13465458E+01 6.06006233161556357E-02 8.75943166861792820E-03 2.21051349603261338E-01
1.13558660E+01 6.05123863504368684E-02 8.74687206304421150E-03 2.20884060085935863E-01
1.13651961E+01 6.04241879679457833E-02 8.73408090389391455E-03 2.20712796712911219E-01
1.13745349E+01 6.03360409658024524E-02 8.72104636928474133E-03 2.20537605192854674E-01
1.13838843E+01 6.02479306648075544E-02 8.70775308145476691E-03 2.20358676257076724E-01
1.13932488E+01 6.01598230660580907E-02 8.69418224568757440E-03 2.20175938572240076E-01
1.14026354E+01 6.00716520264214515E-02 8.68031146398220640E-03 2.19989689226552709E-01
1.14120516E+01 5.99833513835171181E-02 8.66611715847234385E-03 2.19799686074071604E-01
1.14214932E+01 5.98949645094674285E-02 8.65159314759304625E-03 2.19606159615266999E-01
1.14309584E+01 5.98065114398126374E-02 8.63673040845267838E-03 2.19409422564584372E-01
1.14404572E+01 5.97179017178742499E-02 8.62150258941435550E-03 2.19209566688702645E-01
1.14499690E+01 5.96293368131096541E-02 8.60593160231550545E-03 2.19006380186030747E-01
1.14595003E+01 5.95407596588805252E-02 8.58999891615433962E-03 2.18801076456119264E-01
1.14690586E+01 5.94521041918643356E-02 8.57368368567990556E-03 2.18592772604330104E-01
1.14786428E+01 5.93633855274970507E-02 8.55698002072198538E-03 2.18381948564429162E-01
1.14882640E+01 5.92745081378961841E-02 8.53986185270161693E-03 2.18168508947720163E-01
1.14979146E+01 5.91855427137435164E-02 8.52233629089225835E-03 2.17952634729734446E-01
1.15076029E+01 5.90964218829143836E-02 8.50438325534129923E-03 2.17734386203099511E-01
1.15173273E+01 5.90071669102454205E-02 8.48600182608633125E-03 2.17513765072081366E-01
1.15270787E+01 5.89178670172268854E-02 8.46720723221456792E-03 2.17291209301733901E-01
1.15368195E+01 5.88288708639434776E-02 8.44807377921204423E-03 2.17067530314056872E-01
1.15465446E+01 5.87402319337404152E-02 8.42861771816528875E-03 2.16843436361624564E-01
1.15562568E+01 5.86519245887197269E-02 8.40884217588454969E-03 2.16618821221569530E-01
1.15659594E+01 5.85639210282567213E-02 8.38875018740922740E-03 2.16393626098455055E-01
1.15756560E+01 5.84761912451733021E-02 8.36834535927622955E-03 2.16167895129885268E-01
1.15853504E+01 5.83887035460731660E-02 8.34763213392466716E-03 2.15941639718392753E-01
1.15950401E+01 5.83014822309005573E-02 8.32662973189432845E-03 2.15714990497006820E-01
1.16047150E+01 5.82146210637553424E-02 8.30537650628770073E-03 2.15488317573881288E-01
1.16143786E+01 5.81280896907322014E-02 8.28388290390505953E-03 2.15261811444797835E-01
1.16240347E+01 5.80418554939634429E-02 8.26215974860719515E-03 2.15035344636129777E-01
1.16336873E+01 5.79558844813900173E-02 8.24021826794658040E-03 2.14809012297557445E-01
1.16433404E+01 5.78701421680594685E-02 8.21807025667687339E-03 2.14582812678802720E-01
1.16529981E+01 5.77845943695563316E-02 8.19572827228688856E-03 2.14356796318979304E-01
1.16626483E+01 5.76993503847049172E-02 8.17324339099276265E-03 2.14131261611083479E-01
1.16722893E+01 5.76144240982922329E-02 8.15064327965216856E-03 2.13906610867490438E-01
1.16819251E+01 5.75297804000635266E-02 8.12794332288869006E-03 2.13682734429989918E-01
1.16915600E+01 5.74453841184465602E-02 8.10515911008142381E-03 2.13459678432361494E-01
1.17011978E+01 5.73612007592649090E-02 8.08230649059027417E-03 2.13237455506946672E-01
1.17108425E+01 5.72771971239252956E-02 8.05940163297416343E-03 2.13016113034040971E-01
1.17204920E+01 5.71933914130606791E-02 8.03647458845508852E-03 2.12795783561617546E-01
1.17301345E+01 5.71098858916907204E-02 8.01357825339003675E-03 2.12576860793220801E-01
1.17397740E+01 5.70266460448786219E-02 7.99072793545261423E-03 2.12359550312538725E-01
1.17494144E+01 5.69436383573365193E-02 7.96793868054038353E-03 2.12143701249084798E-01
1.17590592E+01 5.68608308020685863E-02 7.94522532199686861E-03 2.11929419314787371E-01
1.17687122E+01 5.67781931902145709E-02 7.92260256644890595E-03 2.11716706459655346E-01
1.17783765E+01 5.66956973423091010E-02 7.90008500185780844E-03 2.11505626256887347E-01
1.17880388E+01 5.66134564077431859E-02 7.87772458710693339E-03 2.11296461312163314E-01
1.17976993E+01 5.65314671630291338E-02 7.85554030213386940E-03 2.11089565624558939E-01
1.18073616E+01 5.64496993813600884E-02 7.83354251586013996E-03 2.10884771589476661E-01
1.18170289E+01 5.63681245809809842E-02 7.81174055657662004E-03 2.10682148193819835E-01
1.18267041E+01 5.62867161020220996E-02 7.79014256853134690E-03 2.10481677622064767E-01
1.18363901E+01 5.62054490259054351E-02 7.76875540063389890E-03 2.10283393874157287E-01
1.18460819E+01 5.61243650239542646E-02 7.74760131059547882E-03 2.10087404193848915E-01
1.18557721E+01 5.60435227664012672E-02 7.72670448338868589E-03 2.09893979718479257E-01
1.18654638E+01 5.59628957590121712E-02 7.70606500129544271E-03 2.09703157128114770E-01
1.18751597E+01 5.58824590532921231E-02 7.68568178084808300E-03 2.09514811809044188E-01
1.18848623E+01 5.58021890686889038E-02 7.66555264098051775E-03 2.09328952209719643E-01
1.18945742E+01 5.57220633081712893E-02 7.64567442252043691E-03 2.09145526815236793E-01
1.19042962E+01 5.56420743161205739E-02 7.62604658563551582E-03 2.08964529159834211E-01
1.19140158E+01 5.55623207924861306E-02 7.60669308810051070E-03 2.08786105885018725E-01
1.19237356E+01 5.54827793915569148E-02 7.58760709142768715E-03 2.08610424077831591E-01
1.19334581E+01 5.54034276958050714E-02 7.56878176657485059E-03 2.08437195185990132E-01
1.19431540E+01 5.53245008099079449E-02 7.55026988006894315E-03 2.08266762985193393E-01
1.19527871E+01 5.52462867760351514E-02 7.53213366179783083E-03 2.08099919398566813E-01
1.19623601E+01 5.51687583776298909E-02 7.51436107434834237E-03 2.07936743104971150E-01
1.19718754E+01 5.50918893233750956E-02 7.49694087348585364E-03 2.07776687720161529E-01
1.19813354E+01 5.50156540928539994E-02 7.47986236733320150E-03 2.07619744909605025E-01
1.19907425E+01 5.49400278142143164E-02 7.46311534048702593E-03 2.07465690425032434E-01
1.20000990E+01 5.48649861084169119E-02 7.44668995961966784E-03 2.07314425226492849E-01
1.20094074E+01 5.47905048942534736E-02 7.43057665101055833E-03 2.07165786319812834E-01
1.20186678E+01 5.47165760681613267E-02 7.41476932931484697E-03 2.07019666517375300E-01
1.20278713E+01 5.46432671227412500E-02 7.39927757029640570E-03 2.06876058003671925E-01
1.20370199E+01 5.45705556678275153E-02 7.38409148573491731E-03 2.06735005691243423E-01
1.20461158E+01 5.44984198079671717E-02 7.36920126612348059E-03 2.06596220175240652E-01
1.20551611E+01 5.44268379081351630E-02 7.35459704046261334E-03 2.06459645179898149E-01
1.20641580E+01 5.43557883728915739E-02 7.34026879245114252E-03 2.06325126220567118E-01
1.20731033E+01 5.42852917696625276E-02 7.32621463015635868E-03 2.06192610986597274E-01
1.20819990E+01 5.42153276997886791E-02 7.31242409242634488E-03 2.06062074697288017E-01
1.20908474E+01 5.41458744979008214E-02 7.29888627112153156E-03 2.05933338746745020E-01
1.20996507E+01 5.40769098906304924E-02 7.28558992650939121E-03 2.05806329325847470E-01
1.21084117E+01 5.40084108229449203E-02 7.27252346756218377E-03 2.05680931365897712E-01
1.21171327E+01 5.39403533139480654E-02 7.25967495411415815E-03 2.05557057315337105E-01
1.21258168E+01 5.38727123440772143E-02 7.24703211452255251E-03 2.05434609289787240E-01
1.21344668E+01 5.38054617749026617E-02 7.23458237515896014E-03 2.05313498951888690E-01
1.21430772E+01 5.37386420462850969E-02 7.22232520018245734E-03 2.05193699274531155E-01
1.21516417E+01 5.36722997807231941E-02 7.21026073439261055E-03 2.05075342185096821E-01
1.21601628E+01 5.36064118368554388E-02 7.19837632031196731E-03 2.04958385825379841E-01
1.21686378E+01 5.35409970181563721E-02 7.18666689189555435E-03 2.04842717319574819E-01
1.21770692E+01 5.34760331166482458E-02 7.17512010547738995E-03 2.04728388631841784E-01
1.21854599E+01 5.34114953160576625E-02 7.16372338422931448E-03 2.04615243380585204E-01
1.21938130E+01 5.33473578797079365E-02 7.15246423842496107E-03 2.04503253187009792E-01
1.22021317E+01 5.32835941876409480E-02 7.14133029374456989E-03 2.04392333360694040E-01
1.22104193E+01 5.32201767988592853E-02 7.13030931809700581E-03 2.04282432390647334E-01
1.22186793E+01 5.31570775323142730E-02 7.11938924231331725E-03 2.04173483855447035E-01
1.22269152E+01 5.30942675610092535E-02 7.10855817261688699E-03 2.04065432284939896E-01
1.22351309E+01 5.30317175136938504E-02 7.09780439331674212E-03 2.03958219982719763E-01
1.22433265E+01 5.29694240075503017E-02 7.08712086446184469E-03 2.03851817308829536E-01
1.22515039E+01 5.29073723655738293E-02 7.07649880052489168E-03 2.03746243405940219E-01
1.22596673E+01 5.28455306175296680E-02 7.06592665115880411E-03 2.03641434622886586E-01
1.22678173E+01 5.27838921200260436E-02 7.05539731613266056E-03 2.03537355849409962E-01
1.22759423E+01 5.27225444178877692E-02 7.04491978980428726E-03 2.03434122006126067E-01
1.22840460E+01 5.26614584887246870E-02 7.03448332713818656E-03 2.03331902081016674E-01
1.22921322E+01 5.26006051921051460E-02 7.02407726407755940E-03 2.03230472084237057E-01
1.23002048E+01 5.25399553470751041E-02 7.01369094921830069E-03 2.03129881179635596E-01
1.23082637E+01 5.24795075293828794E-02 7.00331845622070848E-03 2.03030086742141402E-01
1.23163120E+01 5.24192401851072895E-02 6.99295040407830418E-03 2.02931155434520782E-01
1.23243536E+01 5.23591228093093150E-02 6.98257583387836781E-03 2.02833024878474405E-01
1.23323926E+01 5.22991250653399853E-02 6.97218373563174548E-03 2.02735693269766648E-01
1.23404332E+01 5.22392168307955207E-02 6.96176303684227851E-03 2.02639144979881169E-01
1.23484793E+01 5.21793682288309718E-02 6.95130259780370185E-03 2.02543382504860703E-01
1.23565351E+01 5.21195496440220590E-02 6.94079120960634354E-03 2.02448407992798368E-01
1.23646046E+01 5.20597317238705587E-02 6.93021759433129492E-03 2.02354233242129644E-01
1.23726920E+01 5.19998853677772557E-02 6.91957040791937438E-03 2.02260874849860411E-01
1.23808013E+01 5.19399817056726137E-02 6.90883824653507755E-03 2.02168357039012564E-01
1.23889366E+01 5.18799920688618188E-02 6.89800965732644423E-03 2.02076710410442867E-01
1.23971020E+01 5.18198879558502620E-02 6.88707315434183322E-03 2.01985972789185786E-01
1.24053016E+01 5.17596409961047915E-02 6.87601724013569941E-03 2.01896188974312052E-01
1.24135187E+01 5.16993766548035708E-02 6.86485890769407935E-03 2.01807514946834576E-01
1.24217550E+01 5.16390825577788676E-02 6.85359048046434247E-03 2.01720321171548311E-01
1.24300145E+01 5.15787310577400931E-02 6.84220171401816579E-03 2.01634434326244921E-01
1.24383013E+01 5.15182947875505309E-02 6.83068262718092376E-03 2.01549990520162786E-01
1.24466194E+01 5.14577466119817001E-02 6.81902352701794449E-03 2.01467016055029813E-01
1.24549727E+01 5.13970595906584546E-02 6.80721504680786849E-03 2.01385605686971725E-01
1.24633652E+01 5.13362069484777361E-02 6.79524818385493501E-03 2.01305829335729908E-01
1.24718010E+01 5.12751620549825454E-02 6.78311433532913493E-03 2.01227778065049850E-01
1.24802841E+01 5.12138984153000590E-02 6.77080533302451461E-03 2.01151542402713240E-01
1.24888185E+01 5.11523896751429688E-02 6.75831347847628740E-03 2.01077222947619483E-01
1.24974083E+01 5.10906096420426781E-02 6.74563157955988466E-03 2.01004925656288580E-01
1.25060465E+01 5.10286112480657361E-02 6.73276938095520184E-03 2.00934791439767835E-01
1.25147242E+01 5.09664614241109176E-02 6.71974076263318759E-03 2.00907181165963206E-01
1.25234452E+01 5.09041344004656435E-02 6.70654128782436233E-03 2.00745603687439017E-01
1.25322135E+01 5.08416047959099129E-02 6.69316714457738032E-03 2.00740920915268045E-01
1.25410323E+01 5.07788522226108388E-02 6.67961609973106388E-03 2.00724421258323654E-01
1.25499056E+01 5.07158510385875838E-02 6.66588529164140794E-03 2.00583587767849320E-01
1.25588376E+01 5.06525747904796250E-02 6.65197213268551787E-03 2.00576052196154264E-01
1.25678221E+01 5.05890692673546319E-02 6.63789047169864154E-03 2.00557251079307247E-01
1.25768466E+01 5.05254266231097010E-02 6.62366538623026385E-03 2.00425866354648791E-01
1.25859150E+01 5.04616198741517086E-02 6.60929620445071132E-03 2.00421675629378460E-01
1.25950314E+01 5.03976226169962210E-02 6.59478258335637318E-03 2.00412539284592961E-01
1.26042000E+01 5.03334090213943264E-02 6.58012440621175230E-03 2.00385093811956072E-01
1.26134246E+01 5.02689538772795250E-02 6.56532173476942656E-03 2.00267084827112668E-01
1.26227091E+01 5.02042326764806299E-02 6.55037477753272514E-03 2.00267077105616920E-01
1.26320494E+01 5.01392775043115815E-02 6.53529679910092986E-03 2.00268332511046754E-01
1.26414311E+01 5.00741898928464615E-02 6.52011734905177855E-03 2.00264951369139715E-01
1.26508583E+01 5.00089430934969742E-02 6.50483626964872431E-03 2.00254250326295791E-01
1.26603351E+01 4.99435111251907704E-02 6.48945330254158299E-03 2.00235259779562469E-01
1.26698654E+01 4.98778688030624071E-02 6.47396801672549260E-03 2.00213896007680581E-01
1.26794531E+01 4.98119918400174375E-02 6.45837980162692477E-03 2.00195761192871857E-01
1.26891020E+01 4.97458569947647963E-02 6.44268787996512323E-03 2.00186380522539759E-01
1.26988156E+01 4.96794422530143429E-02 6.42689132965513273E-03 2.00185892729530579E-01
1.27085888E+01 4.96127843248325429E-02 6.41100273189429068E-03 2.00194917183263849E-01
1.27184088E+01 4.95459738849457487E-02 6.39504713873972376E-03 2.00220670204323187E-01
1.27282799E+01 4.94789829821900146E-02 6.37902097914141986E-03 2.00309490210703961E-01
1.27382063E+01 4.94117841221670615E-02 6.36292027507559272E-03 2.00306996333256104E-01
1.27481923E+01 4.93443504657520154E-02 6.34674065908206152E-03 2.00304906687577972E-01
1.27582422E+01 4.92766561137970363E-02 6.33047746303250052E-03 2.00311883132206131E-01
1.27683599E+01 4.92086764446947808E-02 6.31412582968117649E-03 2.00403290123527950E-01
1.27785493E+01 4.91403884807648447E-02 6.29768083497762084E-03 2.00413012245702765E-01
1.27888138E+01 4.90717712654887908E-02 6.28113761645135611E-03 2.00499656773923590E-01
1.27990629E+01 4.90034307686881901E-02 6.26464178656115003E-03 2.00509909771573958E-01
1.28092861E+01 4.89354336372652340E-02 6.24820938532841784E-03 2.00612708934539530E-01
1.28194683E+01 4.88678790262722651E-02 6.23186433317193898E-03 2.00623301097901385E-01
1.28296135E+01 4.88007362230113914E-02 6.21559913196598982E-03 2.00739748742510327E-01
1.28397259E+01 4.87339751376869718E-02 6.19940630357146156E-03 2.00752141812242935E-01
1.28498097E+01 4.86675663840182085E-02 6.18327843779398201E-03 2.00877688709116486E-01
1.28598690E+01 4.86014813627415054E-02 6.16720826288094399E-03 2.00891012394818547E-01
1.28699075E+01 4.85356923226696879E-02 6.15118868472810509E-03 2.01031905547684880E-01
1.28799293E+01 4.84701723872330084E-02 6.13521279571720233E-03 2.01044794890443218E-01
1.28899381E+01 4.84048955545238122E-02 6.11927385792125373E-03 2.01189685665699447E-01
1.28999377E+01 4.83398366680550043E-02 6.10336527037018666E-03 2.01204107130189797E-01
1.29099317E+01 4.82749713698266344E-02 6.08748052368379960E-03 2.01366697895245389E-01
1.29199237E+01 4.82102760341811126E-02 6.07161315002890684E-03 2.01379828709282338E-01
1.29299172E+01 4.81457276954903798E-02 6.05575667017804568E-03 2.01538162863130005E-01
1.29399157E+01 4.80813039679828039E-02 6.03990454480697429E-03 2.01554000683956513E-01
1.29499227E+01 4.80169829709785889E-02 6.02405013129464310E-03 2.01737287086797029E-01
1.29599326E+01 4.79528009898424895E-02 6.00820087272751612E-03 2.01750090239551511E-01
1.29699398E+01 4.78887949778727257E-02 5.99236423513729161E-03 2.01914948097965230E-01
1.29799477E+01 4.78249429606261364E-02 5.97653301004106609E-03 2.01932636752765127E-01
1.29899598E+01 4.77612235170042712E-02 5.96069993398799791E-03 2.02137582728371679E-01
1.29999796E+01 4.76976157106908452E-02 5.94485767565260028E-03 2.02147632109161340E-01
1.30100105E+01 4.76340990236863299E-02 5.92899884531420448E-03 2.02311931828387415E-01
1.30200558E+01 4.75706532803252882E-02 5.91311600836382130E-03 2.02337255565495644E-01
1.30301190E+01 4.75072585754016605E-02 5.89720169719547532E-03 2.02555209587889751E-01
1.30402036E+01 4.74438952046337820E-02 5.88124842563507444E-03 2.02564782014460237E-01
1.30503130E+01 4.73805436117904696E-02 5.86524870432536191E-03 2.02731378289038533E-01
1.30604505E+01 4.73171843472634801E-02 5.84919506084343246E-03 2.02803645172376645E-01
1.30706199E+01 4.72537980495810542E-02 5.83308006274507827E-03 2.02930930981424201E-01
1.30808245E+01 4.71903654431812675E-02 5.81689634548345543E-03 2.03032525482781667E-01
1.30910679E+01 4.71268673548352335E-02 5.80063664482040678E-03 2.03149051334418379E-01
1.31013538E+01 4.70632847418730460E-02 5.78429383456802431E-03 2.03259330310336134E-01
1.31116856E+01 4.69995987272744942E-02 5.76786096975565651E-03 2.03374704343048746E-01
1.31220503E+01 4.69358939253363763E-02 5.75135803787753773E-03 2.03489137968402289E-01
1.31324491E+01 4.68721651394314390E-02 5.73478234490858423E-03 2.03605616146492585E-01
1.31428862E+01 4.68083902449441328E-02 5.71812716380413078E-03 2.03722623470499825E-01
1.31533657E+01 4.67445465813565303E-02 5.70138596070620535E-03 2.03841072251448707E-01
1.31638921E+01 4.66806109316944551E-02 5.68455243712861786E-03 2.03960570113280171E-01
1.31744699E+01 4.66165595232882340E-02 5.66762059341384839E-03 2.04081430895525689E-01
1.31851037E+01 4.65523680371603410E-02 5.65058479626589973E-03 2.04203603983221738E-01
1.31957984E+01 4.64880116157474488E-02 5.63343984275913121E-03 2.04327246660115508E-01
1.32065588E+01 4.64234648577561484E-02 5.61618101431285866E-03 2.04452418012711523E-01
1.32173901E+01 4.63587017878093408E-02 5.59880411368484775E-03 2.04579242690289792E-01
1.32282974E+01 4.62936957877689570E-02 5.58130547785694580E-03 2.04707823826202617E-01
1.32392861E+01 4.62284194766864054E-02 5.56368196002592075E-03 2.04838290108039778E-01
1.32503618E+01 4.61628445272335916E-02 5.54593087456811771E-03 2.04970771635191618E-01
1.32615303E+01 4.60969414081375956E-02 5.52804989969450308E-03 2.05105414026972105E-01
1.32727927E+01 4.60307087840980331E-02 5.51004498589006270E-03 2.05242336463179603E-01
1.32841391E+01 4.59642096501730393E-02 5.49194011373126210E-03 2.05381533476189815E-01
1.32955629E+01 4.58974861718232999E-02 5.47375411490562576E-03 2.05522949919973025E-01
1.33070664E+01 4.58305289213595327E-02 5.45549211186263042E-03 2.05666703547556090E-01
1.33186515E+01 4.57633305238266466E-02 5.43715985491250494E-03 2.05812951009123085E-01
1.33302909E+01 4.56960525540182488E-02 5.41880878922335659E-03 2.05961574329376618E-01
1.33419750E+01 4.56287509324014642E-02 5.40046117502277889E-03 2.06112333873425202E-01
1.33537064E+01 4.55614130857567440E-02 5.38212010128085415E-03 2.06265448552246128E-01
1.33654880E+01 4.54940237227469818E-02 5.36378719034218999E-03 2.06421058807963020E-01
1.33773232E+01 4.54265644402664301E-02 5.34546236107177539E-03 2.06579331385780718E-01
1.33892164E+01 4.53590134045444432E-02 5.32714369512137485E-03 2.06740432731365165E-01
1.34011725E+01 4.52913450927460229E-02 5.30882736762610264E-03 2.06904552346976855E-01
1.34131970E+01 4.52235300885125216E-02 5.29050763233664470E-03 2.07071893125816392E-01
1.34252964E+01 4.51555349238533868E-02 5.27217685484735604E-03 2.07242677519350049E-01
1.34374782E+01 4.50873219569594211E-02 5.25382558575851911E-03 2.07417146361011884E-01
1.34497504E+01 4.50188492716134189E-02 5.23544266352284505E-03 2.07595561604870693E-01
1.34621206E+01 4.49500796755609722E-02 5.21701775738545644E-03 2.07778189355529108E-01
1.34745507E+01 4.48812284362208949E-02 5.19860732442721345E-03 2.07964775809570207E-01
1.34869510E+01 4.48127909340531108E-02 5.18034138446965553E-03 2.08154107237533720E-01
1.34993268E+01 4.47447354455063062E-02 5.16220939210473764E-03 2.08345870492144813E-01
1.35116833E+01 4.46770311258648661E-02 5.14420155210252271E-03 2.08540556716415804E-01
1.35240219E+01 4.46096682161754229E-02 5.12631399538200118E-03 2.08738151930444288E-01
1.35363224E+01 4.45427538017823810E-02 5.10857403932579550E-03 2.08938492042615664E-01
1.35485786E+01 4.44763176085039083E-02 5.09098890171856035E-03 2.09141388374982667E-01
1.35607890E+01 4.44103654604266415E-02 5.07356004134811023E-03 2.09346895251533383E-01
1.35729579E+01 4.43448691041027077E-02 5.05628052714562123E-03 2.09555085423582560E-01
1.35850901E+01 4.42797999802669803E-02 5.03914394759877662E-03 2.09766085463441054E-01
1.35971886E+01 4.42151388009114979E-02 5.02214688622221270E-03 2.09979968098712527E-01
1.36092324E+01 4.41509937842438291E-02 5.00531971050250952E-03 2.10196443511382697E-01
1.36212276E+01 4.40873288295243124E-02 4.98865538930108945E-03 2.10415479026466068E-01
1.36331804E+01 4.40241074018650896E-02 4.97214730007513803E-03 2.10637269364211122E-01
1.36450971E+01 4.39612923703192673E-02 4.95578908305553505E-03 2.10861910097706162E-01
1.36569828E+01 4.38988543150194283E-02 4.93957673794864251E-03 2.11089510390313650E-01
1.36688380E+01 4.38367867225651908E-02 4.92351245761840899E-03 2.11320090665813032E-01
1.36806690E+01 4.37750546465320994E-02 4.90759131232166874E-03 2.11553750348087100E-01
1.36924821E+01 4.37136220190682337E-02 4.89180832019987539E-03 2.11790634667853916E-01
1.37042798E+01 4.36524743388189695E-02 4.87616416861264522E-03 2.12030805336127032E-01
1.37160492E+01 4.35916749583082838E-02 4.86067928398888332E-03 2.12274034705682318E-01
1.37277976E+01 4.35311840043341933E-02 4.84534768028349258E-03 2.12520386031874786E-01
1.37395325E+01 4.34709607339077639E-02 4.83016322820397758E-03 2.12770058914090676E-01
1.37512516E+01 4.34110134287979815E-02 4.81513202357560215E-03 2.13023020857356776E-01
1.37629606E+01 4.33513121466681806E-02 4.80025038810060443E-03 2.13279352612600198E-01
1.37746668E+01 4.32918164762904623E-02 4.78551197638015392E-03 2.13539231656564160E-01
1.37863783E+01 4.32324846940232987E-02 4.77091007742213788E-03 2.13802838097371273E-01
1.37980677E+01 4.31734526605368971E-02 4.75648103728814817E-03 2.14069640297593011E-01
1.38097366E+01 4.31147100184940194E-02 4.74222466379621305E-03 2.14339522612019079E-01
1.38213936E+01 4.30562110446982213E-02 4.72813205691295819E-03 2.14612713993646897E-01
1.38330473E+01 4.29979098038360125E-02 4.71419424268128273E-03 2.14889406302742780E-01
1.38447069E+01 4.29397598280134782E-02 4.70040211182346651E-03 2.15169808984549321E-01
1.38563572E+01 4.28818344048825587E-02 4.68677454431892619E-03 2.15453607686117127E-01
1.38679933E+01 4.28241554412753800E-02 4.67331762866927351E-03 2.15740602091883948E-01
1.38796236E+01 4.27666794547279863E-02 4.66002199711994941E-03 2.16030973642034219E-01
1.38912565E+01 4.27093627722843552E-02 4.64687832896849753E-03 2.16324937180132737E-01
1.39029007E+01 4.26521610751593241E-02 4.63387726309414435E-03 2.16622703358922364E-01
1.39145652E+01 4.25950292303885342E-02 4.62100940193410983E-03 2.16924502534706326E-01
1.39262413E+01 4.25380087823709063E-02 4.60828472699465960E-03 2.17230148824550190E-01
1.39379336E+01 4.24810755618724584E-02 4.59569829336665351E-03 2.17539707163851598E-01
1.39495932E+01 4.24244653482951997E-02 4.58330171123473400E-03 2.17852001966433589E-01
1.39612228E+01 4.23681620837125725E-02 4.57109028812497514E-03 2.18166870360317344E-01
1.39728126E+01 4.23122097523428720E-02 4.55907220816240220E-03 2.18484117541582590E-01
1.39843653E+01 4.22565920798338851E-02 4.54724246423398367E-03 2.18803710129685747E-01
1.39958857E+01 4.22012828089059905E-02 4.53559401891627609E-03 2.19125756646763314E-01
1.40073763E+01 4.21462660935123731E-02 4.52412212904926107E-03 2.19450295327204947E-01
1.40188225E+01 4.20916092663985719E-02 4.51283914866186086E-03 2.19776899811677084E-01
1.40302288E+01 4.20372869311963077E-02 4.50173801702568200E-03 2.20105591243541399E-01
1.40415998E+01 4.19832740824822373E-02 4.49081193520238162E-03 2.20436485584595498E-01
1.40529401E+01 4.19295460856913618E-02 4.48005433902964965E-03 2.20769668355513565E-01
1.40642540E+01 4.18760786613392930E-02 4.46945889388730699E-03 2.21105235169205522E-01
1.40755437E+01 4.18228598416034020E-02 4.45902181964130673E-03 2.21443213644138742E-01
1.40867951E+01 4.17699528721286392E-02 4.44875387258123270E-03 2.21783173145884749E-01
1.40980127E+01 4.17173324964228986E-02 4.43864840170651431E-03 2.22125154591264223E-01
1.41092014E+01 4.16649738768146843E-02 4.42869902392435764E-03 2.22469289444578833E-01
1.41203658E+01 4.16128525507431096E-02 4.41889959110698324E-03 2.22815680283226569E-01
1.41315104E+01 4.15609443941225426E-02 4.40924418108775296E-03 2.23164438970258672E-01
1.41426400E+01 4.15092255859430617E-02 4.39972709298779886E-03 2.23515679937950629E-01
1.41537474E+01 4.14577264421079894E-02 4.39035256447032132E-03 2.23869172273350070E-01
1.41648257E+01 4.14064765805104498E-02 4.38112445130716018E-03 2.24224641506691608E-01
1.41758798E+01 4.13554504037516174E-02 4.37203662900002669E-03 2.24582186415465679E-01
1.41869148E+01 4.13046227112450204E-02 4.36308324970467471E-03 2.24941942531165284E-01
1.41979355E+01 4.12539686517940443E-02 4.35425871868421431E-03 2.25304031945178118E-01
1.42089468E+01 4.12034636872565252E-02 4.34555768633049407E-03 2.25668583488290664E-01
1.42199537E+01 4.11530835636776116E-02 4.33697504175994952E-03 2.26035731101229875E-01
1.42309449E+01 4.11028773887822524E-02 4.32851810566216213E-03 2.26405101913591145E-01
1.42419158E+01 4.10528640115222707E-02 4.32018882418917522E-03 2.26776480171547473E-01
1.42528720E+01 4.10030166821425610E-02 4.31198156773923095E-03 2.27150006506340679E-01
1.42638187E+01 4.09533090854838147E-02 4.30389096871029806E-03 2.27525837786741042E-01
1.42747613E+01 4.09037153144751683E-02 4.29591188610385904E-03 2.27904119621789886E-01
1.42857011E+01 4.08542281831450818E-02 4.28804226926241591E-03 2.28284863511839631E-01
1.42966414E+01 4.08048314123960615E-02 4.28027863665121026E-03 2.28668135943272316E-01
1.43075847E+01 4.07555118229480998E-02 4.27261802428558803E-03 2.29053991607231194E-01
1.43185171E+01 4.07063311317846718E-02 4.26506885291734559E-03 2.29441915910312738E-01
1.43294445E+01 4.06572609876702448E-02 4.25762545753853670E-03 2.29832021290954702E-01
1.43403681E+01 4.06082950727180217E-02 4.25028555636290314E-03 2.30224325308345634E-01
1.43512915E+01 4.05594157914429890E-02 4.24304514078314727E-03 2.30618895643437599E-01
1.43622203E+01 4.05105975028785606E-02 4.23589904410422071E-03 2.31015878730469443E-01
1.43731598E+01 4.04618150973190954E-02 4.22884223356178538E-03 2.31415420476281247E-01
1.43841154E+01 4.04130439950126513E-02 4.22186979685127035E-03 2.31817663081851089E-01
1.43950818E+01 4.03643072415920817E-02 4.21498351718089734E-03 2.32222369310527837E-01
1.44060471E+01 4.03156566785645501E-02 4.20818887136568433E-03 2.32629036910661530E-01
1.44170163E+01 4.02670698262467611E-02 4.20148072397245973E-03 2.33037748910643827E-01
1.44279953E+01 4.02185192159692922E-02 4.19485330416138977E-03 2.33448672736774138E-01
1.44389900E+01 4.01699781450018945E-02 4.18830099362401190E-03 2.33861959483955772E-01
1.44500064E+01 4.01214206883848540E-02 4.18181832114141241E-03 2.34277756214233968E-01
1.44610499E+01 4.00728217162147141E-02 4.17539996429027154E-03 2.34696204046573459E-01
1.44721225E+01 4.00241728856507856E-02 4.16904281968465736E-03 2.35117302792126892E-01
1.44832023E+01 3.99755703708324431E-02 4.16275713229728554E-03 2.35540160571311163E-01
1.44942958E+01 3.99269845694171926E-02 4.15653663774561821E-03 2.35964883840424938E-01
1.45054095E+01 3.98783869400103977E-02 4.15037535581142675E-03 2.36391645883343882E-01
1.45165497E+01 3.98297500126114229E-02 4.14426755785247698E-03 2.36820586291822871E-01
1.45277224E+01 3.97810474090457486E-02 4.13820776370087823E-03 2.37251837079205441E-01
1.45389334E+01 3.97322538632734132E-02 4.13219074250757538E-03 2.37685519579902638E-01
1.45501883E+01 3.96833452377220799E-02 4.12621151279471063E-03 2.38121743477952591E-01
1.45614640E+01 3.96344221361143306E-02 4.12028019020963150E-03 2.38559533336852592E-01
1.45727634E+01 3.95854718123362440E-02 4.11439301220537738E-03 2.38998830229634723E-01
1.45840931E+01 3.95364651184310564E-02 4.10854441004227314E-03 2.39439786171133290E-01
1.45954597E+01 3.94873743104869612E-02 4.10272914886280256E-03 2.39882524290842891E-01
1.46068693E+01 3.94381730570408234E-02 4.09694231300624864E-03 2.40327150908476256E-01
1.46183277E+01 3.93888364442011515E-02 4.09117929712564474E-03 2.40773756193106397E-01
1.46298405E+01 3.93393409727565493E-02 4.08543579372747448E-03 2.41222412812613973E-01
1.46413968E+01 3.92897335059487415E-02 4.07971566036075851E-03 2.41672567801169302E-01
1.46529861E+01 3.92400599599120742E-02 4.07402255799180126E-03 2.42123638951527997E-01
1.46646152E+01 3.91902911543567239E-02 4.06835160136155647E-03 2.42575711775859154E-01
1.46762906E+01 3.91403996056131978E-02 4.06269823366669277E-03 2.43028882130729929E-01
1.46880183E+01 3.90903595040019980E-02 4.05705818783503019E-03 2.43483211466472421E-01
1.46998043E+01 3.90401466900757860E-02 4.05142747048998705E-03 2.43938740771350721E-01
1.47116540E+01 3.89897386224718409E-02 4.04580234727113745E-03 2.44395489051191045E-01
1.47235726E+01 3.89391143358198411E-02 4.04017932428910129E-03 2.44853452974648694E-01
1.47355385E+01 3.88883652825539605E-02 4.03456728862407969E-03 2.45311634807258594E-01
1.47475523E+01 3.88374903408925803E-02 4.02896483836044650E-03 2.45769801654400405E-01
1.47596204E+01 3.87864626064163623E-02 4.02336779315358092E-03 2.46227997820879840E-01
1.47717489E+01 3.87352569920046408E-02 4.01777220836023550E-03 2.46686236525738539E-01
1.47839436E+01 3.86838501708078944E-02 4.01217434959241868E-03 2.47144503089123779E-01
1.47962099E+01 3.86322205169518304E-02 4.00657068218202277E-03 2.47602758963036240E-01
1.48085527E+01 3.85803480395021034E-02 4.00095786085477058E-03 2.48060941192817686E-01
1.48209767E+01 3.85282143094379526E-02 3.99533271610891770E-03 2.48518962385553210E-01
1.48334643E+01 3.84758945896248941E-02 3.98970208405456921E-03 2.48975929820470038E-01
1.48460125E+01 3.84234022920595594E-02 3.98406611311472730E-03 2.49431444000282387E-01
1.48586274E+01 3.83707127946708929E-02 3.97842091844258488E-03 2.49885462390643631E-01
1.48713147E+01 3.83178032182608791E-02 3.97276284400688989E-03 2.50337919835715961E-01
1.48840799E+01 3.82646523458164828E-02 3.96708845942961557E-03 2.50788719656322712E-01
1.48969279E+01 3.82112405454686430E-02 3.96139457688028142E-03 2.51237741387913327E-01
1.49097928E+01 3.81578425318783235E-02 3.95570920891861848E-03 2.51682480406260678E-01
1.49226519E+01 3.81045518217708393E-02 3.95004123358132925E-03 2.52121846630834645E-01
1.49355053E+01 3.80513682319565602E-02 3.94438987205081044E-03 2.52555655558545922E-01
1.49483528E+01 3.79982915067898289E-02 3.93875458309094015E-03 2.52983727658459778E-01
1.49611944E+01 3.79453212937730239E-02 3.93313506081100807E-03 2.53405874310948187E-01
1.49740301E+01 3.78924571393090062E-02 3.92753126692474853E-03 2.53821915738199344E-01
1.49868599E+01 3.78396984873811820E-02 3.92194345550216355E-03 2.54231679903309027E-01
1.49934299E+01 3.78127108907902187E-02 3.91908006854976496E-03 2.54446364051251372E-01
1.50000000E+01 3.77857442628006038E-02 3.91621963117831998E-03 2.54643643246265261E-01
