#  time, MeanKE MeanKEDR MeanP MeanNuT MeanLesProduction
0 1.24924716013033330E-01 7.68756806421262121E-04 -5.53602782891480650E-18 3.23263500361282584E-04 3.00289038256630635E-04
1.47262156E-02 1.24912429169834180E-01 7.68748078484649206E-04 2.43803892313548473E-04 3.23364436093455702E-04 3.00315819165800080E-04
2.94625780E-02 1.24901244376591586E-01 7.68858271943250772E-04 2.62334441317484102E-04 3.23602099623264644E-04 3.00436232025927397E-04
4.42004586E-02 1.24890422438103776E-01 7.69071512102902479E-04 2.42756185103177582E-04 3.23950459106754933E-04 3.00637174293355276E-04
5.89402799E-02 1.24879713476935786E-01 7.69379789586410625E-04 2.08104021668341273E-04 3.24395996250467105E-04 3.00911567780996162E-04
7.36825241E-02 1.24869032909468936E-01 7.69775928363345720E-04 1.56555971837565861E-04 3.24919057357418305E-04 3.01252540912038747E-04
8.84276929E-02 1.24858351399222273E-01 7.70252088704646734E-04 8.80533413576937719E-05 3.25503157119270763E-04 3.01652344243554795E-04
1.03176294E-01 1.24847658129433367E-01 7.70802831284896723E-04 2.60912142881961274E-06 3.26138895492328633E-04 3.02105552308591218E-04
1.17927922E-01 1.24836949189561799E-01 7.71424674739519187E-04 -9.97323061874792879E-05 3.26820459103219110E-04 3.02608675221128034E-04
1.32681328E-01 1.24826223414933060E-01 7.72115318245810756E-04 -2.18904263625336720E-04 3.27543629439464219E-04 3.03159402589183184E-04
1.47437022E-01 1.24815479105604518E-01 7.72873268898605623E-04 -3.54841051733140341E-04 3.28305121335838114E-04 3.03756211801595383E-04
1.62195518E-01 1.24804714830861377E-01 7.73697383331664536E-04 -5.07473136316748618E-04 3.29102076939921185E-04 3.04397921839753382E-04
1.76957325E-01 1.24793929266967515E-01 7.74586762274737106E-04 -6.76726942047943666E-04 3.29931989099925224E-04 3.05083588476042628E-04
1.91722951E-01 1.24783121140052078E-01 7.75540577822648037E-04 -8.62524859940519656E-04 3.30792549206371245E-04 3.05812331799482778E-04
2.06492900E-01 1.24772289206206352E-01 7.76558244253678807E-04 -1.06478519272011217E-03 3.31681837583371975E-04 3.06583507156277886E-04
2.21267671E-01 1.24761432242050774E-01 7.77639182013453245E-04 -1.28342161789489310E-03 3.32598066488149326E-04 3.07396469224990008E-04
2.36047757E-01 1.24750549041717576E-01 7.78782927528313702E-04 -1.51834327010697944E-03 3.33539672207079272E-04 3.08250681898251824E-04
2.50833644E-01 1.24739638414634216E-01 7.79989181943446883E-04 -1.76945445761257994E-03 3.34505350448644683E-04 3.09145767089390145E-04
2.65625813E-01 1.24728699183002362E-01 7.81257750582734357E-04 -2.03665448664924883E-03 3.35493992721809075E-04 3.10081444265563277E-04
2.80424735E-01 1.24717730179832398E-01 7.82588491243169158E-04 -2.31983751616245820E-03 3.36504633769359044E-04 3.11057478813666830E-04
2.95230874E-01 1.24706730247772943E-01 7.83981319102991861E-04 -2.61889234639491476E-03 3.37536415592399567E-04 3.12073687013946985E-04
3.10044686E-01 1.24695698238063174E-01 7.85436226878976577E-04 -2.93370223340695983E-03 3.38588486151161609E-04 3.13129956258975965E-04
3.24864910E-01 1.24684634283058024E-01 7.86953102787479983E-04 -3.26410703893063522E-03 3.39659760207589772E-04 3.14226112842752093E-04
3.39691272E-01 1.24673537790092506E-01 7.88531990671123562E-04 -3.60995537843015199E-03 3.40749164621416921E-04 3.15362112108149228E-04
3.54524237E-01 1.24662407616280543E-01 7.90173062759739597E-04 -3.97110546116722155E-03 3.41855735732102045E-04 3.16538011799491340E-04
3.69364264E-01 1.24651242623745759E-01 7.91876541019937243E-04 -4.34741010772533073E-03 3.42978624580391877E-04 3.17753913086169599E-04
3.84211800E-01 1.24640041678638361E-01 7.93642706337236966E-04 -4.73871599044340969E-03 3.44117107989747094E-04 3.19009969823970299E-04
3.99067286E-01 1.24628803650238984E-01 7.95471889229602022E-04 -5.14486332447233741E-03 3.45270562004502512E-04 3.20306379347412714E-04
4.13931153E-01 1.24617527410191359E-01 7.97364454152461790E-04 -5.56568564589374377E-03 3.46438431487181996E-04 3.21643366851506458E-04
4.28803822E-01 1.24606211831899447E-01 7.99320800891419763E-04 -6.00100958546543033E-03 3.47620223998430301E-04 3.23021186858217643E-04
4.43685704E-01 1.24594855789929862E-01 8.01341374804821738E-04 -6.45065463919878689E-03 3.48815518423476064E-04 3.24440133530765550E-04
4.58577200E-01 1.24583458159319274E-01 8.03426669228046774E-04 -6.91443293926552634E-03 3.50023970350508366E-04 3.25900543149363275E-04
4.73478702E-01 1.24572017814796557E-01 8.05577219076754380E-04 -7.39214902381686925E-03 3.51245310677334040E-04 3.27402787785864287E-04
4.88390593E-01 1.24560533630057077E-01 8.07793592600679366E-04 -7.88359960245527298E-03 3.52479333433686854E-04 3.28947267129018185E-04
5.03313244E-01 1.24549004477152295E-01 8.10076387747547138E-04 -8.38857331770852949E-03 3.53725857321940699E-04 3.30534404919832585E-04
5.18247018E-01 1.24537429225989191E-01 8.12426233963066359E-04 -8.90685050132911625E-03 3.54984659337735046E-04 3.32164650823942237E-04
5.33192267E-01 1.24525806743900139E-01 8.14843795145361763E-04 -9.43820292542991990E-03 3.56255434842947549E-04 3.33838483462718953E-04
5.48148424E-01 1.24514136603719308E-01 8.17329617651303144E-04 -9.98236070460616770E-03 3.57537753940361262E-04 3.35556305893408894E-04
5.63114755E-01 1.24502418506124590E-01 8.19884239208278510E-04 -1.05390356448981249E-02 3.58831188289508490E-04 3.37318521423171701E-04
5.78091623E-01 1.24490651290905197E-01 8.22508407144093077E-04 -1.11079686668960516E-02 3.60135457144337501E-04 3.39125683360379693E-04
5.93079380E-01 1.24478833794428742E-01 8.25202899068579816E-04 -1.16888922117396234E-02 3.61450338147022024E-04 3.40978369968779652E-04
6.08078368E-01 1.24466964848960013E-01 8.27968519756198148E-04 -1.22815293862877546E-02 3.62775659588559195E-04 3.42877181453471935E-04
6.23088916E-01 1.24455043282304972E-01 8.30806098643733170E-04 -1.28855936395214504E-02 3.64111292429203490E-04 3.44822737566291191E-04
6.38111342E-01 1.24443067917698505E-01 8.33716488723698743E-04 -1.35007885108937072E-02 3.65457145592775487E-04 3.46815676610981319E-04
6.53145952E-01 1.24431037573657269E-01 8.36700566804132934E-04 -1.41268073809395715E-02 3.66813163755078683E-04 3.48856655818765161E-04
6.68193040E-01 1.24418951063918551E-01 8.39759234361675934E-04 -1.47633332253128257E-02 3.68179324749135731E-04 3.50946352320022803E-04
6.83252886E-01 1.24406807197281713E-01 8.42893418184522975E-04 -1.54100383771260379E-02 3.69555632987193620E-04 3.53085463908528506E-04
6.98325757E-01 1.24394604777457313E-01 8.46104070458435719E-04 -1.60665842921943747E-02 3.70942106620301320E-04 3.55274709249975686E-04
7.13411908E-01 1.24382342602843685E-01 8.49392168344123176E-04 -1.67326213276717678E-02 3.72338760673774131E-04 3.57514827582954388E-04
7.28511580E-01 1.24370019466311391E-01 8.52758713236383809E-04 -1.74077885264832845E-02 3.73745594076744646E-04 3.59806578102405360E-04
7.43624998E-01 1.24357634154971461E-01 8.56204729879113478E-04 -1.80917134157642726E-02 3.75162588540893819E-04 3.62150739200441845E-04
7.58752378E-01 1.24345185449977025E-01 8.59731265459864565E-04 -1.87840118190582689E-02 3.76589719094802024E-04 3.64548107687878112E-04
7.73893917E-01 1.24332672126301072E-01 8.63339388762089329E-04 -1.94842876830846473E-02 3.78026968393226559E-04 3.66999498074690772E-04
7.89049802E-01 1.24320092952522457E-01 8.67030189414675213E-04 -2.01921329183036881E-02 3.79474337418777793E-04 3.69505741947800731E-04
8.04220203E-01 1.24307446690564330E-01 8.70804777239844296E-04 -2.09071272559096348E-02 3.80931850371817656E-04 3.72067687446733342E-04
8.19405279E-01 1.24294732095407881E-01 8.74664281671128411E-04 -2.16288381205852580E-02 3.82399555045485494E-04 3.74686198808293393E-04
8.34605174E-01 1.24281947914802210E-01 8.78609851202124983E-04 -2.23568205237564890E-02 3.83877520561131606E-04 3.77362155941684976E-04
8.49819595E-01 1.24269093246244883E-01 8.82642539553389919E-04 -2.30905966059074125E-02 3.85365792217876241E-04 3.80096377210111468E-04
8.65047972E-01 1.24256167410009818E-01 8.86763336707579401E-04 -2.38296624733429670E-02 3.86864401581368583E-04 3.82889640501470681E-04
8.80290459E-01 1.24243169099194764E-01 8.90973440498432200E-04 -2.45735369284069902E-02 3.88373460841849995E-04 3.85742867233421910E-04
8.95547196E-01 1.24230096999280851E-01 8.95274066156284275E-04 -2.53217266408901111E-02 3.89893087229977191E-04 3.88656993135129013E-04
9.10818311E-01 1.24216949787498143E-01 8.99666445856019017E-04 -2.60737258217000542E-02 3.91423400274816015E-04 3.91632967931153787E-04
9.26103917E-01 1.24203726132453979E-01 9.04151828308136013E-04 -2.68290162848207232E-02 3.92964520588691825E-04 3.94671755070497639E-04
9.41404112E-01 1.24190424693857202E-01 9.08731478366649648E-04 -2.75870674900080583E-02 3.94516570112938658E-04 3.97774331475563676E-04
9.56718981E-01 1.24177044122286195E-01 9.13406676620230726E-04 -2.83473366160621743E-02 3.96079673338033469E-04 4.00941687279272700E-04
9.72048597E-01 1.24163583059000965E-01 9.18178718938849714E-04 -2.91092686595594563E-02 3.97653958823454264E-04 4.04174825523344165E-04
9.87393018E-01 1.24150040135805773E-01 9.23048915959691005E-04 -2.98722965666623763E-02 3.99239560432839531E-04 4.07474761802128170E-04
1.00275229E+00 1.24136413974939450E-01 9.28018592507369954E-04 -3.06358413919988193E-02 4.00836617953482177E-04 4.10842523847776810E-04
1.01812644E+00 1.24122703188985925E-01 9.33089086952701560E-04 -3.13993124940883592E-02 4.02445277033226898E-04 4.14279151060580042E-04
1.03351549E+00 1.24108906380836950E-01 9.38261750518196332E-04 -3.21621077619606496E-02 4.04065688551123780E-04 4.17785693992764459E-04
1.04891944E+00 1.24095022143657044E-01 9.43537946541034398E-04 -3.29236138811209167E-02 4.05698007625079243E-04 4.21363213795655615E-04
1.06433829E+00 1.24081049060866005E-01 9.48919049704329085E-04 -3.36832066333045896E-02 4.07342392471673153E-04 4.25012781640331727E-04
1.07977200E+00 1.24066985706139374E-01 9.54406445247598756E-04 -3.44402512419943879E-02 4.08999003298942830E-04 4.28735478121461497E-04
1.09522055E+00 1.24052830643385820E-01 9.60001528166993037E-04 -3.51941027533536135E-02 4.10668001353714225E-04 4.32532392653886197E-04
1.11068388E+00 1.24038582426732782E-01 9.65705702415790000E-04 -3.59441064657318662E-02 4.12349548178573937E-04 4.36404622871024985E-04
1.12616193E+00 1.24024239600485073E-01 9.71520380114804564E-04 -3.66895983977716875E-02 4.14043805074272879E-04 4.40353274033793748E-04
1.14165462E+00 1.24009800699054692E-01 9.77446980781821947E-04 -3.74299058071021415E-02 4.15750932721620366E-04 4.44379458458086715E-04
1.15716186E+00 1.23995264246865119E-01 9.83486930587927459E-04 -3.81643477506995663E-02 4.17471090898451026E-04 4.48484294967871713E-04
1.17268355E+00 1.23980628758233402E-01 9.89641661646802322E-04 -3.88922356915955419E-02 4.19204438229936070E-04 4.52668908379831353E-04
1.18821958E+00 1.23965892737213146E-01 9.95912611341922020E-04 -3.96128741530150028E-02 4.20951131927975030E-04 4.56934429024048749E-04
1.20376981E+00 1.23951054677407302E-01 1.00230122169450405E-03 -4.03255614175197508E-02 4.22711327498184969E-04 4.61281992304155800E-04
1.21933410E+00 1.23936113061776376E-01 1.00880893877417421E-03 -4.10295902675202814E-02 4.24485178414348019E-04 4.65712738299309292E-04
1.23491231E+00 1.23921066362425877E-01 1.01543721215333602E-03 -4.17242487742319618E-02 4.26272835774376953E-04 4.70227811409928325E-04
1.25050427E+00 1.23905913040375085E-01 1.02218749440625631E-03 -4.24088211262061560E-02 4.28074447958123687E-04 4.74828360049010139E-04
1.26610980E+00 1.23890651545344038E-01 1.02906124065401685E-03 -4.30825884993511071E-02 4.29890160306446332E-04 4.79515536381440097E-04
1.28172873E+00 1.23875280315537989E-01 1.03605990815786573E-03 -4.37448299676583205E-02 4.31720114835414852E-04 4.84290496114572506E-04
1.29736085E+00 1.23859797777437025E-01 1.04318495596461623E-03 -4.43948234521869753E-02 4.33564449992613645E-04 4.89154398344744234E-04
1.31300596E+00 1.23844202345602686E-01 1.05043784460972373E-03 -4.50318467052594137E-02 4.35423300456120590E-04 4.94108405465719532E-04
1.32866385E+00 1.23828492422507722E-01 1.05782003588486919E-03 -4.56551783312432319E-02 4.37296796972883788E-04 4.99153683146326085E-04
1.34433429E+00 1.23812666398350535E-01 1.06533299267788520E-03 -4.62640988396222502E-02 4.39185066231352140E-04 5.04291400384790562E-04
1.36001705E+00 1.23796722650893518E-01 1.07297817889232027E-03 -4.68578917281232896E-02 4.41088230763138865E-04 5.09522729646588149E-04
1.37571188E+00 1.23780659545291549E-01 1.08075705945184764E-03 -4.74358445960640571E-02 4.43006408868335856E-04 5.14848847090111964E-04
1.39141855E+00 1.23764475433906007E-01 1.08867110039061426E-03 -4.79972502830778580E-02 4.44939714558697846E-04 5.20270932880027327E-04
1.40713679E+00 1.23748168656101998E-01 1.09672176902489058E-03 -4.85414080308201115E-02 4.46888257510677761E-04 5.25790171582074983E-04
1.42286633E+00 1.23731737538006217E-01 1.10491053419357324E-03 -4.90676246653292680E-02 4.48852143017436454E-04 5.31407752625414590E-04
1.43860689E+00 1.23715180392237015E-01 1.11323886654687019E-03 -4.95752157977905408E-02 4.50831471925220589E-04 5.37124870809958907E-04
1.45435821E+00 1.23698495517566634E-01 1.12170823885234601E-03 -5.00635070360786680E-02 4.52826340535279531E-04 5.42942726826371367E-04
1.47012000E+00 1.23681681198552690E-01 1.13032012627662477E-03 -5.05318352069638252E-02 4.54836840447978268E-04 5.48862527745580314E-04
1.48589195E+00 1.23664735705091261E-01 1.13907600658884399E-03 -5.09795495836419393E-02 4.56863058319782170E-04 5.54885487422551076E-04
1.50167377E+00 1.23647657291937996E-01 1.14797736021992215E-03 -5.14060131127633130E-02 4.58905075497194283E-04 5.61012826747549274E-04
1.51746516E+00 1.23630444198162354E-01 1.15702567010741390E-03 -5.18106036366302800E-02 4.60962967488471969E-04 5.67245773673919927E-04
1.53326581E+00 1.23613094646563906E-01 1.16622242127268597E-03 -5.21927151083741991E-02 4.63036803243258802E-04 5.73585562968958497E-04
1.54907541E+00 1.23595606843072497E-01 1.17556910013500294E-03 -5.25517587891173657E-02 4.65126644246133876E-04 5.80033435692065957E-04
1.56489363E+00 1.23577978976121217E-01 1.18506719367923188E-03 -5.28871644284526210E-02 4.67232543501305798E-04 5.86590638517314983E-04
1.58072017E+00 1.23560209216030531E-01 1.19471818875666849E-03 -5.31983814184118983E-02 4.69354544588788134E-04 5.93258423179711912E-04
1.59655471E+00 1.23542295714393582E-01 1.20452357198596151E-03 -5.34848799154359067E-02 4.71492681089864579E-04 6.00038046513044505E-04
1.61239691E+00 1.23524236603486895E-01 1.21448483091943964E-03 -5.37461519274782112E-02 4.73646976800578504E-04 6.06930771744362526E-04
1.62824647E+00 1.23506029995655450E-01 1.22460345735080425E-03 -5.39817123566602095E-02 4.75817447276060822E-04 6.13937871922287572E-04
1.64410306E+00 1.23487673982686286E-01 1.23488095384422349E-03 -5.41910999971408902E-02 4.78004103348507621E-04 6.21060636559699042E-04
1.65996635E+00 1.23469166635047783E-01 1.24531884459456554E-03 -5.43738784797796054E-02 4.80206957209028623E-04 6.28300382602336028E-04
1.67583603E+00 1.23450506000925567E-01 1.25591869118053096E-03 -5.45296371634624855E-02 4.82426031167556917E-04 6.35658470287019063E-04
1.69171178E+00 1.23431690104931643E-01 1.26668211187245801E-03 -5.46579919577268730E-02 4.84661367861152455E-04 6.43136322554673607E-04
1.70759328E+00 1.23412716946324358E-01 1.27761079864603211E-03 -5.47585860533500793E-02 4.86913037860864134E-04 6.50735442172304681E-04
1.72348022E+00 1.23393584496753445E-01 1.28870651822469051E-03 -5.48310904409630498E-02 4.89181136324971268E-04 6.58457412887958945E-04
1.73937228E+00 1.23374290697787506E-01 1.29997107803017458E-03 -5.48752034348529219E-02 4.91465758483844916E-04 6.66303865491383023E-04
1.75526917E+00 1.23354833458931071E-01 1.31140625541828742E-03 -5.48906346629161046E-02 4.93766955643174703E-04 6.74276407136207689E-04
1.77117058E+00 1.23335210657107411E-01 1.32301373623096947E-03 -5.48773435060691400E-02 4.96084700008242278E-04 6.82376559923150543E-04
1.78707622E+00 1.23315420137801210E-01 1.33479511869333180E-03 -5.48345998328403639E-02 4.98418888371884665E-04 6.90605764755966621E-04
1.80298579E+00 1.23295459716740802E-01 1.34675197764332543E-03 -5.47628317937554551E-02 5.00769378220337620E-04 6.98965445481958790E-04
1.81889901E+00 1.23275327180721053E-01 1.35888595255753220E-03 -5.46615452576142066E-02 5.03136034157080541E-04 7.07457096819608306E-04
1.83481561E+00 1.23255020286474795E-01 1.37119881713923292E-03 -5.45307072102687307E-02 5.05518764762550210E-04 7.16082353877163080E-04
1.85073532E+00 1.23234536757541327E-01 1.38369243106129880E-03 -5.43702271263714343E-02 5.07917511446679152E-04 7.24842943865375137E-04
1.86665787E+00 1.23213874281160068E-01 1.39636865959160837E-03 -5.41800499084915468E-02 5.10332236902298077E-04 7.33740605666158264E-04
1.88258302E+00 1.23193030506344073E-01 1.40922961387393033E-03 -5.39601519912677741E-02 5.12763061793634401E-04 7.42777329973032317E-04
1.89851053E+00 1.23172003037245570E-01 1.42227786189044096E-03 -5.37105409129210801E-02 5.15210346037111829E-04 7.51955570226240039E-04
1.91444016E+00 1.23150789420469559E-01 1.43551581109611329E-03 -5.34312549710457829E-02 5.17674283278913867E-04 7.61277625432244388E-04
1.93037171E+00 1.23129387143762231E-01 1.44894515675820308E-03 -5.31223632413480099E-02 5.20154575112331450E-04 7.70745088372570527E-04
1.94630496E+00 1.23107793651142189E-01 1.46256740561639281E-03 -5.27839654306155870E-02 5.22650761937582843E-04 7.80359368566418705E-04
1.96223973E+00 1.23086006352501776E-01 1.47638441933415558E-03 -5.24161911761309163E-02 5.25162532721189994E-04 7.90122235098517675E-04
1.97817583E+00 1.23064022619747679E-01 1.49039872247862834E-03 -5.20191995175783919E-02 5.27689870645014873E-04 8.00036124371625041E-04
1.99411310E+00 1.23041839771465447E-01 1.50461273332066353E-03 -5.15931781749245366E-02 5.30232686800561899E-04 8.10103371098337449E-04
2.01005138E+00 1.23019455069658029E-01 1.51902802142642851E-03 -5.11383432849596212E-02 5.32790511137964094E-04 8.20325465663928970E-04
2.02599056E+00 1.22996865736856392E-01 1.53364648571094201E-03 -5.06549390789217541E-02 5.35363073510328213E-04 8.30704231102233196E-04
2.04193050E+00 1.22974068954938592E-01 1.54847228724000062E-03 -5.01432365498034535E-02 5.37951397579820466E-04 8.41243755401916891E-04
2.05787110E+00 1.22951061809124781E-01 1.56351333540831624E-03 -4.96035322662617892E-02 5.40558572669830512E-04 8.51951879147532431E-04
2.07381229E+00 1.22927841166445478E-01 1.57876745518249675E-03 -4.90361457145998825E-02 5.43181575950629422E-04 8.62826366965558549E-04
2.08975398E+00 1.22904403899162518E-01 1.59423537509351576E-03 -4.84414214509116328E-02 5.45819113393055592E-04 8.73867887588929940E-04
2.10569614E+00 1.22880746883013328E-01 1.60991890349081353E-03 -4.78197291106905384E-02 5.48470501647271153E-04 8.85078189306835587E-04
2.12163872E+00 1.22856866971469428E-01 1.62582032443712868E-03 -4.71714727769595235E-02 5.51135311674879930E-04 8.96459496006733248E-04
2.13758173E+00 1.22832760977061750E-01 1.64194233747836336E-03 -4.64970520952807595E-02 5.53813332411241875E-04 9.08014446928197098E-04
2.15352515E+00 1.22808425656480216E-01 1.65828804837669886E-03 -4.57969077929507445E-02 5.56504554204773636E-04 9.19746087291739632E-04
2.16946902E+00 1.22783857697797413E-01 1.67486455976317513E-03 -4.50714926091167964E-02 5.59211311103534098E-04 9.31661458790801218E-04
2.18541338E+00 1.22759053599507270E-01 1.69168112254527211E-03 -4.43212771906549216E-02 5.61937016292975307E-04 9.43769754858308357E-04
2.20135831E+00 1.22734009556175638E-01 1.70873473020537810E-03 -4.35467475237609689E-02 5.64677606773164348E-04 9.56067919378147078E-04
2.21730387E+00 1.22708721789926187E-01 1.72602654946709300E-03 -4.27484092100131885E-02 5.67431538614172654E-04 9.68557064814290969E-04
2.23325018E+00 1.22683186535194375E-01 1.74355878651803612E-03 -4.19267843263653114E-02 5.70197880384170339E-04 9.81239337687487417E-04
2.24919737E+00 1.22657385788403836E-01 1.76133169009602924E-03 -4.10820947362853517E-02 5.72975721944276478E-04 9.94115452403784633E-04
2.26514559E+00 1.22631324304196765E-01 1.77934962828205263E-03 -4.02157609965183710E-02 5.75764641856743630E-04 1.00718938377460099E-03
2.28109501E+00 1.22605001034567382E-01 1.79763051787638212E-03 -3.93278279002021100E-02 5.78573270625853302E-04 1.02047886123158606E-03
2.29704583E+00 1.22578412466131575E-01 1.81617360480093104E-03 -3.84188311671450969E-02 5.81398411597332829E-04 1.03398302901510481E-03
2.31299826E+00 1.22551554358473286E-01 1.83497693758590333E-03 -3.74893491684397326E-02 5.84236056561984935E-04 1.04769985493229621E-03
2.32895253E+00 1.22524422361120947E-01 1.85404249625156694E-03 -3.65399689485439369E-02 5.87084555514418623E-04 1.06163123406808691E-03
2.34490890E+00 1.22497012092274316E-01 1.87337268664030396E-03 -3.55712852656032211E-02 5.89942423337717404E-04 1.07577947829847007E-03
2.36086765E+00 1.22469319167688648E-01 1.89297525997276670E-03 -3.45838999436899677E-02 5.92811647641644035E-04 1.09015223340815570E-03
2.37682908E+00 1.22441339015133058E-01 1.91286838716283832E-03 -3.35784216637295754E-02 5.95701427895678872E-04 1.10476755907560351E-03
2.39279351E+00 1.22413066348520574E-01 1.93304992630412113E-03 -3.25554630410856347E-02 5.98607454040701761E-04 1.11962321641867154E-03
2.40876128E+00 1.22384495810679422E-01 1.95351834567004945E-03 -3.15156371255895379E-02 6.01525111078920149E-04 1.13471756766151039E-03
2.42473275E+00 1.22355622199525629E-01 1.97427776197947429E-03 -3.04595643397307068E-02 6.04453549318434728E-04 1.15005460417951888E-03
2.44070803E+00 1.22326440834096717E-01 1.99533439578296161E-03 -2.93878863986948395E-02 6.07393573548135760E-04 1.16564050307316593E-03
2.45668596E+00 1.22296949282928807E-01 2.01669379886408118E-03 -2.83013350470792228E-02 6.10346383687089696E-04 1.18148121040927796E-03
2.47266689E+00 1.22267142161028519E-01 2.03836159958760421E-03 -2.72005460007484871E-02 6.13312124814811670E-04 1.19758223225393525E-03
2.48865124E+00 1.22237013888776641E-01 2.06034255288992671E-03 -2.60861532173688807E-02 6.16290668116781216E-04 1.21394819234445987E-03
2.50463939E+00 1.22206558738119739E-01 2.08264060867666525E-03 -2.49587888092903006E-02 6.19279754737995765E-04 1.23058289780438620E-03
2.52063180E+00 1.22175770935558647E-01 2.10526252243066741E-03 -2.38190836075250802E-02 6.22281542986357510E-04 1.24749294508459370E-03
2.53662891E+00 1.22144644499680557E-01 2.12821343943033186E-03 -2.26676680045416121E-02 6.25293765400627716E-04 1.26468330881998625E-03
2.55263118E+00 1.22113173365643909E-01 2.15150026236989381E-03 -2.15051690259593156E-02 6.28317217254280086E-04 1.28216070486272490E-03
2.56863913E+00 1.22081351290764667E-01 2.17512926415034703E-03 -2.03322111997976500E-02 6.31351040853244446E-04 1.29993120562899587E-03
2.58465324E+00 1.22049171902514547E-01 2.19910752571545040E-03 -1.91494151581221503E-02 6.34395592968669229E-04 1.31800167560628171E-03
2.60067406E+00 1.22016628657616089E-01 2.22344203219680073E-03 -1.79573977008094313E-02 6.37450229949977263E-04 1.33637886809380131E-03
2.61670214E+00 1.21983714860239720E-01 2.24814037798530802E-03 -1.67567712340242272E-02 6.40514747378111995E-04 1.35507012908494683E-03
2.63273803E+00 1.21950423647460240E-01 2.27321126097561462E-03 -1.55481437920191728E-02 6.43590517989183104E-04 1.37408389133916536E-03
2.64878232E+00 1.21916747917109422E-01 2.29866249967723008E-03 -1.43321188972200322E-02 6.46677996555408089E-04 1.39342769337793063E-03
2.66483560E+00 1.21882680371449295E-01 2.32450220705846975E-03 -1.31092946834071439E-02 6.49776789453392653E-04 1.41310935089868930E-03
2.68089653E+00 1.21848217806476339E-01 2.35076322847981890E-03 -1.18804159142294179E-02 6.52905331751318973E-04 1.43316215872615611E-03
2.69696513E+00 1.21813352223218610E-01 2.37742876752606355E-03 -1.06461316185441825E-02 6.56049692738059644E-04 1.45356931596645443E-03
2.71304201E+00 1.21778075006776162E-01 2.40450258944054822E-03 -9.40701538449049968E-03 6.59207958335918413E-04 1.47433432127573399E-03
2.72912780E+00 1.21742377763025419E-01 2.43199199553159216E-03 -8.16364054424303237E-03 6.62378378983510081E-04 1.49546417310463648E-03
2.74522314E+00 1.21706252059589654E-01 2.45990430248256868E-03 -6.91657982618751593E-03 6.65558959978577113E-04 1.51696586020575331E-03
2.76132869E+00 1.21669689355232549E-01 2.48824727374726516E-03 -5.66639643004183263E-03 6.68750590885332924E-04 1.53884679576034777E-03
2.77744512E+00 1.21632680930232148E-01 2.51702779195187108E-03 -4.41364552754231615E-03 6.71952142100673425E-04 1.56111349036128265E-03
2.79357311E+00 1.21595217980420264E-01 2.54625360398395579E-03 -3.15887451288345217E-03 6.75163304750687576E-04 1.58377329302833957E-03
2.80971337E+00 1.21557291601516196E-01 2.57593269092831279E-03 -1.90262362308563754E-03 6.78381101984681153E-04 1.60683376078575406E-03
2.82586660E+00 1.21518892805808562E-01 2.60607388278295609E-03 -6.45426539463459957E-04 6.81604167028591846E-04 1.63030327324839228E-03
2.84203353E+00 1.21480012473757601E-01 2.63668653835094548E-03 6.12190146403033663E-04 6.84834111143825639E-04 1.65419071396725472E-03
2.85821485E+00 1.21440641406261998E-01 2.66777980611834905E-03 1.86963286563714874E-03 6.88070560772311877E-04 1.67850474881633179E-03
2.87440837E+00 1.21400777389791326E-01 2.69935799657416769E-03 3.12639661944559945E-03 6.91312068209415788E-04 1.70325040244837856E-03
2.89061484E+00 1.21360411079870806E-01 2.73143224752042148E-03 4.38170081231771709E-03 6.94559091812956952E-04 1.72843829772765384E-03
2.90683501E+00 1.21319532854392079E-01 2.76401634053432101E-03 5.63518158357902404E-03 6.97814951050838720E-04 1.75408168192865330E-03
2.92306963E+00 1.21278132628610397E-01 2.79712839060767930E-03 6.88632533906252068E-03 7.01084755693844454E-04 1.78019812602192747E-03
2.93931947E+00 1.21236199499624234E-01 2.83079123896727309E-03 8.13464458066430474E-03 7.04374964876579800E-04 1.80680993784429868E-03
2.95558531E+00 1.21193721314253891E-01 2.86502431135971609E-03 9.37966059875545988E-03 7.07688188210289846E-04 1.83393604568910938E-03
2.97186794E+00 1.21150684764301991E-01 2.89983105336373993E-03 1.06209115177286553E-02 7.11019284334496937E-04 1.86157943105184453E-03
2.98816814E+00 1.21107076451819895E-01 2.93521304771555101E-03 1.18579548666314805E-02 7.14363193620463281E-04 1.88974118757410047E-03
3.00448673E+00 1.21062883391652429E-01 2.97117914489457855E-03 1.30903529785363487E-02 7.17719725868390043E-04 1.91842962112447101E-03
3.02082451E+00 1.21018092772044242E-01 3.00774055435942605E-03 1.43176574515303471E-02 7.21089251599829357E-04 1.94765535182565949E-03
3.03718119E+00 1.20972694764577629E-01 3.04490404569128081E-03 1.55393397105126670E-02 7.24467557791665519E-04 1.97742502337167839E-03
3.05355548E+00 1.20926682514822970E-01 3.08267548031957708E-03 1.67548431319476908E-02 7.27852866388782409E-04 2.00774483396128902E-03
3.06994818E+00 1.20880043200043183E-01 3.12106605877010817E-03 1.79637631236890701E-02 7.31243919429407736E-04 2.03862534429786069E-03
3.08636013E+00 1.20832763790288705E-01 3.16008784629613973E-03 1.91656969649619917E-02 7.34640013442229914E-04 2.07007796175050522E-03
3.10279217E+00 1.20784830981987099E-01 3.19975426799565775E-03 2.03602509604484290E-02 7.38041421315179186E-04 2.10211544096455816E-03
3.11924514E+00 1.20736231102663197E-01 3.24007986918069214E-03 2.15470350782520186E-02 7.41448902539496284E-04 2.13475165170797778E-03
3.13571988E+00 1.20686949996529763E-01 3.28108040322842550E-03 2.27256685394267924E-02 7.44863132420586771E-04 2.16800167630182370E-03
3.15221724E+00 1.20636972904359527E-01 3.32277345652048700E-03 2.38957809447051597E-02 7.48285078190170927E-04 2.20188244580394590E-03
3.16873807E+00 1.20586284348297046E-01 3.36518133882002420E-03 2.50570059487482677E-02 7.51721332826416934E-04 2.23641564219666808E-03
3.18528322E+00 1.20534867956781810E-01 3.40832137618725817E-03 2.62089676626440851E-02 7.55170380903967325E-04 2.27161800357623695E-03
3.20185293E+00 1.20482708544365352E-01 3.45220560294128226E-03 2.73512880618774733E-02 7.58628901207768365E-04 2.30750130841071927E-03
3.21844531E+00 1.20429797472345487E-01 3.49683677078926674E-03 2.84834483360474205E-02 7.62093727336796297E-04 2.34406913206250921E-03
3.23506121E+00 1.20376117374139335E-01 3.54222331391136711E-03 2.96051350850336480E-02 7.65562493721487968E-04 2.38132940097751482E-03
3.25170152E+00 1.20321650854608608E-01 3.58837495808071770E-03 3.07160386593200059E-02 7.69033831645618169E-04 2.41929131636617074E-03
3.26836710E+00 1.20266380422338393E-01 3.63530402395775875E-03 3.18158519657481542E-02 7.72507763683937345E-04 2.45796665893662772E-03
3.28505884E+00 1.20210288316221992E-01 3.68302632233268945E-03 3.29042701902257442E-02 7.75985530490974260E-04 2.49737069589889629E-03
3.30177760E+00 1.20153356263538152E-01 3.73157004354739965E-03 3.39809928184698490E-02 7.79470082881716020E-04 2.53753109101392989E-03
3.31852427E+00 1.20095564638665428E-01 3.78098538659933951E-03 3.50457237159017138E-02 7.82966902650151088E-04 2.57849761793128678E-03
3.33529971E+00 1.20036890494951032E-01 3.83122615033745957E-03 3.60981646196213563E-02 7.86465122270351693E-04 2.62022397225507775E-03
3.35210479E+00 1.19977312972964795E-01 3.88229141312300841E-03 3.71380873687588361E-02 7.89962264574992621E-04 2.66270893990337189E-03
3.36893951E+00 1.19916815281169722E-01 3.93418985737519454E-03 3.81651778983570569E-02 7.93457899335979185E-04 2.70596124633004599E-03
3.38580218E+00 1.19855386897395555E-01 3.98692585348876805E-03 3.91790252450718787E-02 7.96951746185456259E-04 2.74998617015871898E-03
3.40269369E+00 1.19793007771723886E-01 4.04051237111836044E-03 4.01793918678733167E-02 8.00444559251627628E-04 2.79479628225395155E-03
3.41961493E+00 1.19729657331091727E-01 4.09496219148280678E-03 4.11660467812840908E-02 8.03936466439952088E-04 2.84040399411154745E-03
3.43656679E+00 1.19665314454225916E-01 4.15028776397018476E-03 4.21387679096741768E-02 8.07426796626117371E-04 2.88682142472146625E-03
3.45355016E+00 1.19599957468453352E-01 4.20650186220814827E-03 4.30973401115797086E-02 8.10915017566056408E-04 2.93406106630773184E-03
3.47056592E+00 1.19533564123836311E-01 4.26361746417834933E-03 4.40415538109942342E-02 8.14401283627934586E-04 2.98213567582932817E-03
3.48761494E+00 1.19466111561587346E-01 4.32164503511430365E-03 4.49712019813982636E-02 8.17885268788512464E-04 3.03105556769006374E-03
3.50469811E+00 1.19397576342097730E-01 4.38058995345718977E-03 4.58860870695403308E-02 8.21365465306249918E-04 3.08082604028273900E-03
3.52181630E+00 1.19327934561445859E-01 4.44045573237488757E-03 4.67860231093296386E-02 8.24843298128261353E-04 3.13145058232945075E-03
3.53896899E+00 1.19257167586445056E-01 4.50124109991379903E-03 4.76707563388438921E-02 8.28324085068279752E-04 3.18292867628551827E-03
3.55615499E+00 1.19185259576553779E-01 4.56292981195342753E-03 4.85400311765617973E-02 8.31801926068864890E-04 3.23524524541096703E-03
3.57337519E+00 1.19112186152744701E-01 4.62551611206929447E-03 4.93937028259957278E-02 8.35275060754534339E-04 3.28839454234184118E-03
3.59063048E+00 1.19037922905217100E-01 4.68899586454768827E-03 5.02317418777094987E-02 8.38742687529442301E-04 3.34237241136191646E-03
3.60792175E+00 1.18962445334260425E-01 4.75336665875505677E-03 5.10536353025572084E-02 8.42204398345255045E-04 3.39717639808576229E-03
3.62524988E+00 1.18885728775055974E-01 4.81862829699908606E-03 5.18596851496414823E-02 8.45660068458930396E-04 3.45280624886966803E-03
3.64261574E+00 1.18807748302902069E-01 4.88478341314813047E-03 5.26495576322525971E-02 8.49109864599816781E-04 3.50926454658191883E-03
3.66002020E+00 1.18728478609878396E-01 4.95183819869273595E-03 5.34231641587969916E-02 8.52554680841256145E-04 3.56655746056180542E-03
3.67746414E+00 1.18647893844180563E-01 5.01980384167592924E-03 5.41803940656685606E-02 8.55997952142351776E-04 3.62469621645375483E-03
3.69494835E+00 1.18565967600132341E-01 5.08869286312672343E-03 5.49211534309122021E-02 8.59442319065620037E-04 3.68369349970679074E-03
3.71247203E+00 1.18482680244707941E-01 5.15851086129784798E-03 5.56452982785727718E-02 8.62886738788708045E-04 3.74355613778234834E-03
3.73003432E+00 1.18398011511279336E-01 5.22925948471711886E-03 5.63526931604679052E-02 8.66330738179099235E-04 3.80428725545609633E-03
3.74763612E+00 1.18311931664643780E-01 5.30092429641900592E-03 5.70432854163677519E-02 8.69773761651487006E-04 3.86587318196904197E-03
3.76527830E+00 1.18224410577773886E-01 5.37347230939070556E-03 5.77170295920735113E-02 8.73214982821417869E-04 3.92828179652500442E-03
3.78296173E+00 1.18135418778207379E-01 5.44686673638462675E-03 5.83738874045457365E-02 8.76654024358092298E-04 3.99147705219332540E-03
3.80068691E+00 1.18044929587931821E-01 5.52107023069328424E-03 5.90138104383611944E-02 8.80090967271094965E-04 4.05542235168207445E-03
3.81845392E+00 1.17952919154268018E-01 5.59604780008446552E-03 5.96367437156907626E-02 8.83526457169444591E-04 4.12008346144728758E-03
3.83626283E+00 1.17859364459113533E-01 5.67177037913794112E-03 6.02426425318534978E-02 8.86961697099441560E-04 4.18543189690772071E-03
3.85411386E+00 1.17764242041387829E-01 5.74821722498032595E-03 6.08314847651321364E-02 8.90398635314825415E-04 4.25144724172081979E-03
3.87200708E+00 1.17667529453216901E-01 5.82537533568799545E-03 6.14032670332738464E-02 8.93839406378202470E-04 4.31811680829070812E-03
3.88994261E+00 1.17569203878065090E-01 5.90323980738013173E-03 6.19580100148241705E-02 8.97285062220361620E-04 4.38543592509714388E-03
3.90792074E+00 1.17469241210704192E-01 5.98181537614770643E-03 6.24957523606155183E-02 9.00736445472602888E-04 4.45340946026131796E-03
3.92594167E+00 1.17367617307405941E-01 6.06111488532909328E-03 6.30165400602853143E-02 9.04194732776119280E-04 4.52205051181118253E-03
3.94400544E+00 1.17264308258553010E-01 6.14115563807769976E-03 6.35204270775714119E-02 9.07661305331144410E-04 4.59137687847298564E-03
3.96208737E+00 1.17159433281990258E-01 6.22184276996450708E-03 6.40067898966575205E-02 9.11132848866184528E-04 4.66130912180079578E-03
3.98015783E+00 1.17053148050920638E-01 6.30304644463939353E-03 6.44750198393488905E-02 9.14605019104637444E-04 4.73173617337119268E-03
3.99821945E+00 1.16945424064686096E-01 6.38476606848626359E-03 6.49254896344940852E-02 9.18079626337871030E-04 4.80265721903270527E-03
4.01625365E+00 1.16836360844365453E-01 6.46689311706829476E-03 6.53579936960137498E-02 9.21554606549088943E-04 4.87397631862056605E-03
4.03426116E+00 1.16725945494524169E-01 6.54940105324687202E-03 6.57728956127193037E-02 9.25032185658902751E-04 4.94566799973135754E-03
4.05224497E+00 1.16614151357241458E-01 6.63227314119365242E-03 6.61705963529130720E-02 9.28515820815123643E-04 5.01771517872875994E-03
4.07020799E+00 1.16500951898427241E-01 6.71549045915782565E-03 6.65514931594748255E-02 9.32009234554586285E-04 5.09009858333109039E-03
4.08815306E+00 1.16386320648548397E-01 6.79902708297052457E-03 6.69159965074392765E-02 9.35514461625885658E-04 5.16279195652440299E-03
4.10608296E+00 1.16270231272528710E-01 6.88284820068200444E-03 6.72645295179895297E-02 9.39031058475724698E-04 5.23576018092073575E-03
4.12400044E+00 1.16152657767291057E-01 6.96691356275595374E-03 6.75975162499115184E-02 9.42557838786977926E-04 5.30896272182208254E-03
4.14190815E+00 1.16033574612444304E-01 7.05118096192940049E-03 6.79153789202860958E-02 9.46093875132921164E-04 5.38235709912757328E-03
4.15980872E+00 1.15912956834084979E-01 7.13560767266229433E-03 6.82185406376122766E-02 9.49638602804762531E-04 5.45590032470631703E-03
4.17770473E+00 1.15790780029213725E-01 7.22015135348361321E-03 6.85074288561746403E-02 9.53191983706955996E-04 5.52954980159546788E-03
4.19559870E+00 1.15667020370218976E-01 7.30477064629164643E-03 6.87824775840604474E-02 9.56754520854133893E-04 5.60326391532790791E-03
4.21340029E+00 1.15542308380870595E-01 7.38898396593710722E-03 6.90426933886554434E-02 9.60308451329150480E-04 5.67661761309658838E-03
4.23111275E+00 1.15416640491948302E-01 7.47275504194048167E-03 6.92888427100864235E-02 9.63855073093367845E-04 5.74957403247080938E-03
4.24874111E+00 1.15290000138032325E-01 7.55605804883497604E-03 6.95216170859468130E-02 9.67396924250723189E-04 5.82210557357899436E-03
4.26629020E+00 1.15162371649116149E-01 7.63886224708425210E-03 6.97416748677074094E-02 9.70936537818704220E-04 5.89417979456998992E-03
4.28376462E+00 1.15033740292358522E-01 7.72113049819345403E-03 6.99496602082016611E-02 9.74475564619540937E-04 5.96575789667794492E-03
4.30116881E+00 1.14904092360536156E-01 7.80282796590870895E-03 7.01462065360511228E-02 9.78015025328880317E-04 6.03680337606213920E-03
4.31850702E+00 1.14773415114175770E-01 7.88393427186780994E-03 7.03319418568913585E-02 9.81557247030866989E-04 6.10729416543480397E-03
4.33578336E+00 1.14641696405359400E-01 7.96445022622904036E-03 7.05075036883203582E-02 9.85106339466864907E-04 6.17722942135600153E-03
4.35300177E+00 1.14508924121243139E-01 8.04438804850804087E-03 7.06735604792657485E-02 9.88661316092769851E-04 6.24661984781696867E-03
4.37016608E+00 1.14375086086273975E-01 8.12377008596906931E-03 7.08307872394728644E-02 9.92220344822568106E-04 6.31548648808784047E-03
4.38727999E+00 1.14240169893205332E-01 8.20262378464121054E-03 7.09798404485257328E-02 9.95783113181495727E-04 6.38385576137558662E-03
4.40434712E+00 1.14104162704299725E-01 8.28097022276542451E-03 7.11213612621755392E-02 9.99350314761830293E-04 6.45174803028407667E-03
4.42137098E+00 1.13967051281289089E-01 8.35881233039046517E-03 7.12559831565059421E-02 1.00292231509256148E-03 6.51916578341494787E-03
4.43835498E+00 1.13828822318817885E-01 8.43613864466645318E-03 7.13843378805642942E-02 1.00649948735089434E-03 6.58609728368879290E-03
4.45530248E+00 1.13689462794085400E-01 8.51294143895672123E-03 7.15070580130208744E-02 1.01008466827598713E-03 6.65253458839892408E-03
4.47221678E+00 1.13548959958477719E-01 8.58922260034579790E-03 7.16247747695500231E-02 1.01368335083050162E-03 6.71847938643907287E-03
4.48910112E+00 1.13407301118897033E-01 8.66497660802572137E-03 7.17381209432816913E-02 1.01729949776098189E-03 6.78392599033627447E-03
4.50595868E+00 1.13264473701467541E-01 8.74019183260558649E-03 7.18477380532900611E-02 1.02093468162704065E-03 6.84886263533228401E-03
4.52279263E+00 1.13120465287975563E-01 8.81485936912455685E-03 7.19542735641184733E-02 1.02458936902820297E-03 6.91328031970934488E-03
4.53960268E+00 1.12975292981327996E-01 8.88897227200721556E-03 7.20583560147747409E-02 1.02826587522048180E-03 6.97717414665463033E-03
4.55638983E+00 1.12828963165661961E-01 8.96251764189753136E-03 7.21606258954710228E-02 1.03196348430230973E-03 7.04053258816150513E-03
4.57315726E+00 1.12681463067706544E-01 9.03546418555101725E-03 7.22617449200977507E-02 1.03567467367410770E-03 7.10332449905278981E-03
4.58990812E+00 1.12532780018248499E-01 9.10778552982634618E-03 7.23623779987710991E-02 1.03939475946696514E-03 7.16552374067662423E-03
4.60664556E+00 1.12382901560976828E-01 9.17947946917048278E-03 7.24631920501068172E-02 1.04312616712775989E-03 7.22712839308535786E-03
4.62337270E+00 1.12231815057028242E-01 9.25056493024254724E-03 7.25648507962654982E-02 1.04687693364927874E-03 7.28815773066953786E-03
4.64009267E+00 1.12079507032455977E-01 9.32101199037440285E-03 7.26680110554294573E-02 1.05064333572297847E-03 7.34858229205071368E-03
4.65680857E+00 1.11925963419335403E-01 9.39080821535155999E-03 7.27733297183011940E-02 1.05442582258872685E-03 7.40839022241799195E-03
4.67351972E+00 1.11771204859131446E-01 9.45990092611230515E-03 7.28814745500321187E-02 1.05821726459250369E-03 7.46753181710081617E-03
4.69022154E+00 1.11615289389007610E-01 9.52823698558794875E-03 7.29931256588466082E-02 1.06201317499110895E-03 7.52595922869851719E-03
4.70691240E+00 1.11458249477403168E-01 9.59579857843212598E-03 7.31089571345061723E-02 1.06581543452249840E-03 7.58365818494054992E-03
4.72359569E+00 1.11300069922087463E-01 9.66258492609039718E-03 7.32296437870188499E-02 1.06962511878452913E-03 7.64062852575395079E-03
4.74027484E+00 1.11140734341925645E-01 9.72860266757796799E-03 7.33558492799469136E-02 1.07344440466079511E-03 7.69687763765132104E-03
4.75695326E+00 1.10980224810728043E-01 9.79385130734954611E-03 7.34882309654118354E-02 1.07727356704079790E-03 7.75240595471485619E-03
4.77363438E+00 1.10818521902253123E-01 9.85829820206100479E-03 7.36274433920577204E-02 1.08110689078954594E-03 7.80718194670437533E-03
4.79032165E+00 1.10655605524619963E-01 9.92191885417002643E-03 7.37741394010811707E-02 1.08494282077981172E-03 7.86118228673550294E-03
4.80701854E+00 1.10491455029514088E-01 9.98469252975282134E-03 7.39289649129218768E-02 1.08878213746922258E-03 7.91438739380545368E-03
4.82372585E+00 1.10326076065125692E-01 1.00465840017511018E-02 7.40925342423106453E-02 1.09262418153692129E-03 7.96676467667044134E-03
4.84043054E+00 1.10159613342564786E-01 1.01075129844424658E-02 7.42653169728720447E-02 1.09646549908749553E-03 8.01824417655850469E-03
4.85712570E+00 1.09992153964536710E-01 1.01674501777459670E-02 7.44477898161764878E-02 1.10030790359053206E-03 8.06880312356307583E-03
4.87381122E+00 1.09823718440748189E-01 1.02263506377666923E-02 7.46404679388330550E-02 1.10414326001695992E-03 8.11839914840031124E-03
4.89046758E+00 1.09654526113754369E-01 1.02841189679160391E-02 7.48436323645907953E-02 1.10796148613060905E-03 8.16694994224673697E-03
4.90709783E+00 1.09484571049320245E-01 1.03407600090640300E-02 7.50577380768613078E-02 1.11176149502899822E-03 8.21446059513411195E-03
4.92370496E+00 1.09313847480230417E-01 1.03963010674973533E-02 7.52832279116672082E-02 1.11554647654311858E-03 8.26095863161573768E-03
4.94029192E+00 1.09142349155840340E-01 1.04507453495947273E-02 7.55205313633420111E-02 1.11931462300755022E-03 8.30644754930705102E-03
4.95686161E+00 1.08970069743884998E-01 1.05041291304381040E-02 7.57700800974883681E-02 1.12307160251945361E-03 8.35096396069705260E-03
4.97341687E+00 1.08797002087595865E-01 1.05564660756107022E-02 7.60323165168000914E-02 1.12681742508192280E-03 8.39452201712574154E-03
4.98996051E+00 1.08623138580363640E-01 1.06077510606358387E-02 7.63076775035200217E-02 1.13054692203419429E-03 8.43711720421497051E-03
5.00649525E+00 1.08448471833546251E-01 1.06580070809347647E-02 7.65965695741031849E-02 1.13425933462458963E-03 8.47877318270494167E-03
5.02302256E+00 1.08273007293150855E-01 1.07072330675734989E-02 7.68993338058269887E-02 1.13795062945042059E-03 8.51949025106027956E-03
5.03954235E+00 1.08096766933200028E-01 1.07554279106503378E-02 7.72162461789883264E-02 1.14161870864451119E-03 8.55926947852333857E-03
5.05605718E+00 1.07919743942207561E-01 1.08025938140921315E-02 7.75475915064260946E-02 1.14526075502514131E-03 8.59811391595269488E-03
5.07256954E+00 1.07741931790210715E-01 1.08487664115989035E-02 7.78936230768406679E-02 1.14888207427326717E-03 8.63606010546399613E-03
5.08908185E+00 1.07563323444801975E-01 1.08939630759814325E-02 7.82545673391752961E-02 1.15248406677757550E-03 8.67312648807012226E-03
5.10559603E+00 1.07383916262264706E-01 1.09381911625064734E-02 7.86306165983220590E-02 1.15606574800186115E-03 8.70932183170887268E-03
5.12209606E+00 1.07203902750250296E-01 1.09814078114451510E-02 7.90215334909705885E-02 1.15962000766685639E-03 8.74461329710880635E-03
5.13857908E+00 1.07023333805780621E-01 1.10236208832411881E-02 7.94272808311095452E-02 1.16314480096761327E-03 8.77901214818314381E-03
5.15504751E+00 1.06842202050809729E-01 1.10648625885307866E-02 7.98479212570780417E-02 1.16664268314870803E-03 8.81255147206123045E-03
5.17150369E+00 1.06660499616671040E-01 1.11051193396817204E-02 8.02835049766857101E-02 1.17010910816876573E-03 8.84521871553741769E-03
5.18794989E+00 1.06478219133399402E-01 1.11443868534348497E-02 8.07340572176950266E-02 1.17354498991352929E-03 8.87701061222016460E-03
5.20438827E+00 1.06295353598088282E-01 1.11826530080206751E-02 8.11995797611745479E-02 1.17694979887308492E-03 8.90791598165112733E-03
5.22082094E+00 1.06111896574105441E-01 1.12199109116640407E-02 8.16800530686071086E-02 1.18032314382645730E-03 8.93792875076976356E-03
5.23724989E+00 1.05927842217158244E-01 1.12561601734744027E-02 8.21754358304013638E-02 1.18366439335697055E-03 8.96704923843388846E-03
5.25367706E+00 1.05743185259468422E-01 1.12914055330059857E-02 8.26856664146397718E-02 1.18697261080240898E-03 8.99528281815569798E-03
5.27010428E+00 1.05557921029052829E-01 1.13256653451825132E-02 8.32106633193721301E-02 1.19024941700094397E-03 9.02264842569598831E-03
5.28653330E+00 1.05372045118423227E-01 1.13589293108394117E-02 8.37503256342568420E-02 1.19348915835989946E-03 9.04913634919112669E-03
5.30296577E+00 1.05185554155614203E-01 1.13912141722599704E-02 8.43045322277767989E-02 1.19669245308115773E-03 9.07476383484751882E-03
5.31940327E+00 1.04998445318023353E-01 1.14225500551744606E-02 8.48731437385024656E-02 1.19986252193506797E-03 9.09956149264101732E-03
5.33584728E+00 1.04810715846379257E-01 1.14529659896642089E-02 8.54560050574454666E-02 1.20300218674309050E-03 9.12355889698421470E-03
5.35229921E+00 1.04622362885140568E-01 1.14824594088599585E-02 8.60529465782866321E-02 1.20610941031039625E-03 9.14675412423937052E-03
5.36876036E+00 1.04433384184744155E-01 1.15110140598954497E-02 8.66637803668601631E-02 1.20918006140789962E-03 9.16913154798409437E-03
5.38523196E+00 1.04243778749798219E-01 1.15386463841135063E-02 8.72883010271821441E-02 1.21221615903125768E-03 9.19070809432248614E-03
5.40171515E+00 1.04053546259058841E-01 1.15653626814664883E-02 8.79262910280665111E-02 1.21521557386998057E-03 9.21149048051454929E-03
5.41821099E+00 1.03862687345680049E-01 1.15911752682735774E-02 8.85775188489528464E-02 1.21817667125512902E-03 9.23149135234286114E-03
5.43472047E+00 1.03671203670542347E-01 1.16161446020714518E-02 8.92417381900166701E-02 1.22110713511800265E-03 9.25077140326695593E-03
5.45124448E+00 1.03479096639014292E-01 1.16402910004582347E-02 8.99186954486283635E-02 1.22400776416113936E-03 9.26935131064436819E-03
5.46778384E+00 1.03286367972941884E-01 1.16635959751451510E-02 9.06081144503812358E-02 1.22687299194662266E-03 9.28721298421698524E-03
5.48433919E+00 1.03093022352549260E-01 1.16860631978338691E-02 9.13096874572021100E-02 1.22970157231932337E-03 9.30436035972143777E-03
5.50090927E+00 1.02899086635701145E-01 1.17077099104967667E-02 9.20230123128040201E-02 1.23249588959189332E-03 9.32081134107356699E-03
5.51749369E+00 1.02704577770541122E-01 1.17285534028055173E-02 9.27476788804472568E-02 1.23525812092191932E-03 9.33658345168413353E-03
5.53409242E+00 1.02509508140882555E-01 1.17486274744663301E-02 9.34832032610853902E-02 1.23799140991949063E-03 9.35171048476487847E-03
5.55069927E+00 1.02313962173620238E-01 1.17679606330314841E-02 9.42288729950432058E-02 1.24069816225682032E-03 9.36622269731829382E-03
5.56731505E+00 1.02117941185769640E-01 1.17865053818733221E-02 9.49846491059830877E-02 1.24336806895089633E-03 9.38007227573129168E-03
5.58394055E+00 1.01921448172208703E-01 1.18042782854639802E-02 9.57504101051472462E-02 1.24600196365745575E-03 9.39327513363390904E-03
5.60057651E+00 1.01724486899658670E-01 1.18212838376534502E-02 9.65258466847090241E-02 1.24859782415306909E-03 9.40583498505820521E-03
5.61722346E+00 1.01527063720881952E-01 1.18375289830411189E-02 9.73105286369027322E-02 1.25115484326224040E-03 9.41775792061167079E-03
5.63387820E+00 1.01329229361059148E-01 1.18530327397220105E-02 9.81040730459827592E-02 1.25367490185745393E-03 9.42906290403055028E-03
5.65054154E+00 1.01130987007652481E-01 1.18678593993061434E-02 9.89064026668576290E-02 1.25616540601330832E-03 9.43981303411165970E-03
5.66721424E+00 1.00932338626434900E-01 1.18819521372263790E-02 9.97173180841886830E-02 1.25861401151552412E-03 9.44995058659331769E-03
5.68389703E+00 1.00733287988972367E-01 1.18953173732273508E-02 1.00536515191695638E-01 1.26101974176379508E-03 9.45948077311377540E-03
5.70059061E+00 1.00533839731252017E-01 1.19079849009300388E-02 1.01363676568815134E-01 1.26338471039413197E-03 9.46843199723541515E-03
5.71729563E+00 1.00333998520132806E-01 1.19199801961507000E-02 1.02198482213740185E-01 1.26571066994848923E-03 9.47682833164814609E-03
5.73401272E+00 1.00133768805764106E-01 1.19313196617949115E-02 1.03040608032511319E-01 1.26799674866771351E-03 9.48468481724210402E-03
5.75074250E+00 9.99331551487141340E-02 1.19420494024990113E-02 1.03889736692208107E-01 1.27024910164913333E-03 9.49204619449493803E-03
5.76748553E+00 9.97321613492320042E-02 1.19521737491697384E-02 1.04745562845086085E-01 1.27246822599307485E-03 9.49891558758828546E-03
5.78424239E+00 9.95307911231211456E-02 1.19616618584728260E-02 1.05607773156941739E-01 1.27464479575161230E-03 9.50526094929182372E-03
5.80101361E+00 9.93290495258182804E-02 1.19705332910302747E-02 1.06476054199492645E-01 1.27677928134106722E-03 9.51110035988081415E-03
5.81779971E+00 9.91269419154161696E-02 1.19788277281842864E-02 1.07350105664138329E-01 1.27887801688435308E-03 9.51647192611684498E-03
5.83460120E+00 9.89244728735129003E-02 1.19865628186700667E-02 1.08229634553996618E-01 1.28093982877842440E-03 9.52139181810823104E-03
5.85141858E+00 9.87216467005502113E-02 1.19937548996037219E-02 1.09114356578867963E-01 1.28296592739575400E-03 9.52587495284811306E-03
5.86825232E+00 9.85184674716435976E-02 1.20004370798468037E-02 1.10003990758007389E-01 1.28496189322038377E-03 9.52995302458955681E-03
5.88510290E+00 9.83149383741820371E-02 1.20065952006464857E-02 1.10898265436426072E-01 1.28692063563594296E-03 9.53361057412898706E-03
5.90197077E+00 9.81110631447173753E-02 1.20122397135079342E-02 1.11796913378303137E-01 1.28884199062627696E-03 9.53685663929259089E-03
5.91885641E+00 9.79068456318709646E-02 1.20174028604934577E-02 1.12699676600279422E-01 1.29073007454405075E-03 9.53972198962960323E-03
5.93576025E+00 9.77022889913645998E-02 1.20220965141319761E-02 1.13606311961046938E-01 1.29258346158633375E-03 9.54221712590499864E-03
5.95268274E+00 9.74973962527868193E-02 1.20263094014943037E-02 1.14516587978479051E-01 1.29439923179648121E-03 9.54432942268939113E-03
5.96962433E+00 9.72921710067579520E-02 1.20300615642393825E-02 1.15430272162261233E-01 1.29617971848222874E-03 9.54607738913829107E-03
5.98658546E+00 9.70866168090378512E-02 1.20334001170284820E-02 1.16347143490488761E-01 1.29793236934732693E-03 9.54750655539066823E-03
6.00356656E+00 9.68807362840794217E-02 1.20363432100363352E-02 1.17266991650051500E-01 1.29965553198608673E-03 9.54863366259777607E-03
6.02056807E+00 9.66745318097961548E-02 1.20388870352651049E-02 1.18189609455271252E-01 1.30134366063947016E-03 9.54945359884115663E-03
6.03759044E+00 9.64680061128514316E-02 1.20410227022449343E-02 1.19114788420679435E-01 1.30299549555250348E-03 9.54995612560438287E-03
6.05463410E+00 9.62611622635217018E-02 1.20427666470202741E-02 1.20042317600717735E-01 1.30461552155162943E-03 9.55015616144283541E-03
6.07169950E+00 9.60540030477722295E-02 1.20441688041515848E-02 1.20971995157765397E-01 1.30620900310824285E-03 9.55010204523082731E-03
6.08878708E+00 9.58465302772508188E-02 1.20452466622221008E-02 1.21903639391683485E-01 1.30777368460900743E-03 9.54980988159141557E-03
6.10589728E+00 9.56387454800691900E-02 1.20459786261722466E-02 1.22837071408201284E-01 1.30930501711930725E-03 9.54925681456854011E-03
6.12303057E+00 9.54306508221371419E-02 1.20464031763339759E-02 1.23772104762928797E-01 1.31081058940429114E-03 9.54847985628126499E-03
6.14018739E+00 9.52222473688800058E-02 1.20465241054882616E-02 1.24708567574555798E-01 1.31229052428034594E-03 9.54748151865005175E-03
6.15736821E+00 9.50135356175111773E-02 1.20463129164839460E-02 1.25646289648800535E-01 1.31373851698637478E-03 9.54623211915726043E-03
6.17457349E+00 9.48045170090091593E-02 1.20457717174616129E-02 1.26585104192186215E-01 1.31515266773264781E-03 9.54473225397997269E-03
6.19180371E+00 9.45951933116414290E-02 1.20449141953011610E-02 1.27524856519566882E-01 1.31653583199665253E-03 9.54299391670346102E-03
6.20905934E+00 9.43855661777666805E-02 1.20439170445754765E-02 1.28465396258868020E-01 1.31791348889054869E-03 9.54119200983259697E-03
6.22634087E+00 9.41756320367999750E-02 1.20425956793167171E-02 1.29406617761230414E-01 1.31925952194467274E-03 9.53914180085571432E-03
6.24364879E+00 9.39653907602071570E-02 1.20409596541416527E-02 1.30348343847632858E-01 1.32056956397165427E-03 9.53685148654320573E-03
6.26098361E+00 9.37548432291571143E-02 1.20390338466802530E-02 1.31290449785207181E-01 1.32184464505399153E-03 9.53434428660547909E-03
6.27834582E+00 9.35439901974541022E-02 1.20369138498795693E-02 1.32232814568872342E-01 1.32310268335763029E-03 9.53171419487573897E-03
6.29573597E+00 9.33328294269214209E-02 1.20345688540144050E-02 1.33175333458787487E-01 1.32434119536546072E-03 9.52892964530261538E-03
6.31315456E+00 9.31213582625646658E-02 1.20319599725767241E-02 1.34117887670118341E-01 1.32555044941856377E-03 9.52595097495723478E-03
6.33060216E+00 9.29095751852842544E-02 1.20290975653407125E-02 1.35060369842656514E-01 1.32672713345141657E-03 9.52278741616497532E-03
6.34807930E+00 9.26974792254359747E-02 1.20260320775002275E-02 1.36002687342933054E-01 1.32788424532871664E-03 9.51948828571040975E-03
6.36558657E+00 9.24850677082746653E-02 1.20227704883161431E-02 1.36944751144457449E-01 1.32902296264473196E-03 9.51605986729879734E-03
6.38312453E+00 9.22723369722010522E-02 1.20192568661900666E-02 1.37886477683632575E-01 1.33012873408145673E-03 9.51244581520095667E-03
6.40069379E+00 9.20592849482391451E-02 1.20154881891435198E-02 1.38827785067589665E-01 1.33120137908066460E-03 9.50864236402426330E-03
6.41829497E+00 9.18459100580983900E-02 1.20115198355955615E-02 1.39768599529995846E-01 1.33225745001302304E-03 9.50470402709817710E-03
6.43592869E+00 9.16322086802498076E-02 1.20073658092239004E-02 1.40708860696246302E-01 1.33329692602342860E-03 9.50064436893451568E-03
6.45359560E+00 9.14181762131187625E-02 1.20029933400611580E-02 1.41648516846306888E-01 1.33431017250721816E-03 9.49643055939229652E-03
6.47129638E+00 9.12038088087324950E-02 1.19983761006382354E-02 1.42587515631856121E-01 1.33529241198701272E-03 9.49203619989179466E-03
6.48903171E+00 9.09891037662091118E-02 1.19935386818284476E-02 1.43525811906523193E-01 1.33625556304443893E-03 9.48748561332393020E-03
6.50680232E+00 9.07740572713054139E-02 1.19885106727907441E-02 1.44463367475879789E-01 1.33720219238393930E-03 9.48280827625343041E-03
6.52460894E+00 9.05586642688087362E-02 1.19832617664582426E-02 1.45400159625407560E-01 1.33812437803652309E-03 9.47797421862708531E-03
6.54245234E+00 9.03429201709732566E-02 1.19777392652705705E-02 1.46336167606518019E-01 1.33902216934007716E-03 9.47293112056084990E-03
6.56033332E+00 9.01268206645632203E-02 1.19719866525530936E-02 1.47271363431770941E-01 1.33990407048966320E-03 9.46772249073711374E-03
6.57825270E+00 8.99103600027218175E-02 1.19659481305242309E-02 1.48205749956861393E-01 1.34075801159495942E-03 9.46229305968288373E-03
6.59621133E+00 8.96935333904398668E-02 1.19595640909338757E-02 1.49139322606793051E-01 1.34157804377645117E-03 9.45658356470010369E-03
6.61421010E+00 8.94763371405782743E-02 1.19528673030520286E-02 1.50072076533856513E-01 1.34237418640121707E-03 9.45062655779940232E-03
6.63224994E+00 8.92587665453782597E-02 1.19458566042401539E-02 1.51004033355636780E-01 1.34314719323180257E-03 9.44442088164418672E-03
6.65033179E+00 8.90408161611191545E-02 1.19384801482904871E-02 1.51935216017844793E-01 1.34388945965590212E-03 9.43791496781359700E-03
6.66845625E+00 8.88224859950146189E-02 1.19307164980893120E-02 1.52865621677851532E-01 1.34460024609373225E-03 9.43108743316943034E-03
6.68662357E+00 8.86037803455731882E-02 1.19225780707505717E-02 1.53795245555625654E-01 1.34528545410222207E-03 9.42395055351959166E-03
6.70483485E+00 8.83846793207017922E-02 1.19140444466059679E-02 1.54722779598482463E-01 1.34594151897858040E-03 9.41648537044879712E-03
6.72309125E+00 8.81651850405358178E-02 1.19051043512704950E-02 1.55650981498266311E-01 1.34656512595094356E-03 9.40867994082891443E-03
6.74139396E+00 8.79452944872991110E-02 1.18957629109983608E-02 1.56578556929314966E-01 1.34716136384833290E-03 9.40053924371867487E-03
6.75974418E+00 8.77250019707725703E-02 1.18860147283566982E-02 1.57505586056096297E-01 1.34772933915859551E-03 9.39205802538390158E-03
6.77814318E+00 8.75043006195789091E-02 1.18758499552569126E-02 1.58432147042778720E-01 1.34826919693208916E-03 9.38322677507256488E-03
6.79659226E+00 8.72831827723541537E-02 1.18652601497870984E-02 1.59358324950155200E-01 1.34878343798793682E-03 9.37403751903883448E-03
6.81509274E+00 8.70616401778427501E-02 1.18542366348019894E-02 1.60284217383211636E-01 1.34927115116472048E-03 9.36448210242558921E-03
6.83364603E+00 8.68396643079300257E-02 1.18427706199108231E-02 1.61209929479192243E-01 1.34972835407027930E-03 9.35455230159205203E-03
6.85225355E+00 8.66172469095548431E-02 1.18308691897172306E-02 1.62135574843170011E-01 1.35015813383242036E-03 9.34425578190217765E-03
6.87091678E+00 8.63943794339729204E-02 1.18185415958979179E-02 1.63061276226909219E-01 1.35056506084214184E-03 9.33360248652125371E-03
6.88963723E+00 8.61710525154211482E-02 1.18057705484121301E-02 1.63987162725023866E-01 1.35094682788987515E-03 9.32257601489688489E-03
6.90841647E+00 8.59472565147618023E-02 1.17925067667654475E-02 1.64913366063943301E-01 1.35130526936083823E-03 9.31112803130416597E-03
6.92725609E+00 8.57229812691491511E-02 1.17787078232684285E-02 1.65840019905393765E-01 1.35163356070486414E-03 9.29921681309420385E-03
6.94613270E+00 8.54985150443842573E-02 1.17643644246147108E-02 1.66766058789783261E-01 1.35192489484669501E-03 9.28683072838329404E-03
6.96504656E+00 8.52738651188902769E-02 1.17494716384038359E-02 1.67691565774159806E-01 1.35217829685009951E-03 9.27396436242821157E-03
6.98399921E+00 8.50490245040023962E-02 1.17340413443791543E-02 1.68616697683807881E-01 1.35239897448838071E-03 9.26062902470530143E-03
7.00299223E+00 8.48239846739049369E-02 1.17180745050674655E-02 1.69541622428432265E-01 1.35258667140347407E-03 9.24682512886596322E-03
7.02202734E+00 8.45987358381707355E-02 1.17015835940555441E-02 1.70466513085879290E-01 1.35274442719955385E-03 9.23256459168887884E-03
7.04110631E+00 8.43732668016359821E-02 1.16845850698479737E-02 1.71391553832825561E-01 1.35287403621614120E-03 9.21786333627008271E-03
7.06023102E+00 8.41475650246729795E-02 1.16671035968658431E-02 1.72316937019039690E-01 1.35298159490953966E-03 9.20274551444894701E-03
7.07940341E+00 8.39216155805734276E-02 1.16491374378027007E-02 1.73242859920573256E-01 1.35305795535466252E-03 9.18720905153409990E-03
7.09862555E+00 8.36954041874690968E-02 1.16306945059003689E-02 1.74169533768355284E-01 1.35310479772853031E-03 9.17126128386894744E-03
7.11789956E+00 8.34689160488051585E-02 1.16117878241971083E-02 1.75097168058476998E-01 1.35312561725687815E-03 9.15491451486454000E-03
7.13722768E+00 8.32421346712637067E-02 1.15924403838764071E-02 1.76025973169411293E-01 1.35312673094239717E-03 9.13819103970115419E-03
7.15661224E+00 8.30150411315534603E-02 1.15726501850322728E-02 1.76956169099547700E-01 1.35310278374855490E-03 9.12108833578501900E-03
7.17605566E+00 8.27876160722657989E-02 1.15524117631235802E-02 1.77887984479088518E-01 1.35305203690859878E-03 9.10360028079982252E-03
7.19556048E+00 8.25598401238624713E-02 1.15317180714463660E-02 1.78821651135544546E-01 1.35297305221647934E-03 9.08571890358048952E-03
7.21512934E+00 8.23316941195063184E-02 1.15105879888897020E-02 1.79757404760672423E-01 1.35286834575430270E-03 9.06746180414517294E-03
7.23476501E+00 8.21031574011286264E-02 1.14890602631598070E-02 1.80695483552406472E-01 1.35274074273541100E-03 9.04886637179550327E-03
7.25447034E+00 8.18742062877068633E-02 1.14671362060232915E-02 1.81636130567177034E-01 1.35259160744302209E-03 9.02993281867953482E-03
7.27424832E+00 8.16448158750061187E-02 1.14447989724809074E-02 1.82579592633138998E-01 1.35241846429596862E-03 9.01064316361575163E-03
7.29404123E+00 8.14156649299621615E-02 1.14221297216738696E-02 1.83523265802443686E-01 1.35222075813610934E-03 8.99106740700739669E-03
7.31383761E+00 8.11868948928205630E-02 1.13991717181807003E-02 1.84466691377305730E-01 1.35199411601834361E-03 8.97124409478874778E-03
7.33364192E+00 8.09584638341665358E-02 1.13760283546341431E-02 1.85410160194414503E-01 1.35174393276673330E-03 8.95127407417044274E-03
7.35339764E+00 8.07310268011736942E-02 1.13529066015978248E-02 1.86351113111024785E-01 1.35147871980785062E-03 8.93135259819191445E-03
7.37313110E+00 8.05042738887741249E-02 1.13297270875932360E-02 1.87290848763972978E-01 1.35119744882261400E-03 8.91140356840568193E-03
7.39286901E+00 8.02778938850032958E-02 1.13064242868555122E-02 1.88230708000682145E-01 1.35090299651777429E-03 8.89136474940902671E-03
7.41262073E+00 8.00517786759938621E-02 1.12829289871446085E-02 1.89171228718376161E-01 1.35058196789231383E-03 8.87116673785822568E-03
7.43225838E+00 7.98273931401716486E-02 1.12593964121334104E-02 1.90106490138021250E-01 1.35023401229424750E-03 8.85094013502717505E-03
7.45177694E+00 7.96047944846925842E-02 1.12359256775361235E-02 1.91036240262814599E-01 1.34987547957493180E-03 8.83077891588865058E-03
7.47118267E+00 7.93839083319298200E-02 1.12126373845002573E-02 1.91960784129957568E-01 1.34951488670134669E-03 8.81080094952372585E-03
7.49048169E+00 7.91646559884929824E-02 1.11895900185576581E-02 1.92880447596889382E-01 1.34915607776209170E-03 8.79106323117323334E-03
7.50968003E+00 7.89469582133275477E-02 1.11667714782217320E-02 1.93795550574983849E-01 1.34878257025852072E-03 8.77155269420636617E-03
7.52878359E+00 7.87307407875088155E-02 1.11441989446164746E-02 1.94706387982787860E-01 1.34838784126881518E-03 8.75228495415194749E-03
7.54779818E+00 7.85159334974512291E-02 1.11219260648542095E-02 1.95613232961488359E-01 1.34798589236087584E-03 8.73331162340678160E-03
7.56672946E+00 7.83024659650062155E-02 1.10999748900022493E-02 1.96516345705719353E-01 1.34758387869089724E-03 8.71465304954192888E-03
7.58558082E+00 7.80902927915713557E-02 1.10785085162446745E-02 1.97415870310917091E-01 1.34719517421118327E-03 8.69647048926529449E-03
7.60435743E+00 7.78793395777407083E-02 1.10575756121485541E-02 1.98312031723535120E-01 1.34681053579836785E-03 8.67881311226159288E-03
7.62306463E+00 7.76695268270256034E-02 1.10369708827986121E-02 1.99205056919410456E-01 1.34641507571213676E-03 8.66147702320302186E-03
7.64170544E+00 7.74608134718553221E-02 1.10166617220751814E-02 2.00095039046501361E-01 1.34601272564050184E-03 8.64442824540673053E-03
7.66028275E+00 7.72531629757746557E-02 1.09966715082519036E-02 2.00982061884742158E-01 1.34560672330970841E-03 8.62768793469597187E-03
7.67880157E+00 7.70465150720149455E-02 1.09770298063928025E-02 2.01866296304257897E-01 1.34519262611616135E-03 8.61128390026945703E-03
7.69726678E+00 7.68408096946296276E-02 1.09577701220410599E-02 2.02747900159812922E-01 1.34477290548868787E-03 8.59524825599729606E-03
7.71567546E+00 7.66360715487286182E-02 1.09388937342674609E-02 2.03626661123320229E-01 1.34434702723142683E-03 8.57958003910822692E-03
7.73401757E+00 7.64324046654140249E-02 1.09204169998788417E-02 2.04502020531501211E-01 1.34392180364694596E-03 8.56429213923061601E-03
7.75229817E+00 7.62297455323141804E-02 1.09023459054269651E-02 2.05374118515000370E-01 1.34349675755711189E-03 8.54938961316947278E-03
7.77052216E+00 7.60280324233794796E-02 1.08846803919476071E-02 2.06243079102279764E-01 1.34305881061232125E-03 8.53487149775542832E-03
7.78869301E+00 7.58272207402286014E-02 1.08674712962634947E-02 2.07108949564864225E-01 1.34261471772844938E-03 8.52078738098108190E-03
7.80681475E+00 7.56272580347107509E-02 1.08507767119842835E-02 2.07971802850831611E-01 1.34218167646284452E-03 8.50719463439930657E-03
7.82489195E+00 7.54280819900453037E-02 1.08345510553538357E-02 2.08831760632684660E-01 1.34174669735639572E-03 8.49404780640450850E-03
7.84292905E+00 7.52296349835998579E-02 1.08188623461476160E-02 2.09688933041359049E-01 1.34132382525586165E-03 8.48141457494676690E-03
7.86093037E+00 7.50318555404088650E-02 1.08036364533182685E-02 2.10543273692695376E-01 1.34088347734104664E-03 8.46922159520500754E-03
7.87890006E+00 7.48346902344485254E-02 1.07889756949265895E-02 2.11394946232861758E-01 1.34046505420779461E-03 8.45757087971627484E-03
7.89684214E+00 7.46380840314339322E-02 1.07748474295792148E-02 2.12244040153280550E-01 1.34004321344246310E-03 8.44643003035031557E-03
7.91476048E+00 7.44419842104196983E-02 1.07611810927893941E-02 2.13090568141585002E-01 1.33961163595967369E-03 8.43572870679801592E-03
7.93265880E+00 7.42463431169636118E-02 1.07479676751212651E-02 2.13934534522424946E-01 1.33917589146549491E-03 8.42545759186293271E-03
7.95054069E+00 7.40511154368906771E-02 1.07352307748763941E-02 2.14775929946524252E-01 1.33875015109137627E-03 8.41563991162262541E-03
7.96840956E+00 7.38562558586749740E-02 1.07229665411283023E-02 2.15614744284110871E-01 1.33832782220729362E-03 8.40627183005142851E-03
7.98626869E+00 7.36617209635299364E-02 1.07111603242065426E-02 2.16450958719845238E-01 1.33789357632490245E-03 8.39733877788258025E-03
8.00412121E+00 7.34674700659905117E-02 1.06997650620395558E-02 2.17284533190318846E-01 1.33744223371195636E-03 8.38879374636471165E-03
8.02197009E+00 7.32734664089308707E-02 1.06888027296611170E-02 2.18115412240335510E-01 1.33700347220506500E-03 8.38065848220334586E-03
8.03981814E+00 7.30796731116333115E-02 1.06783150197668712E-02 2.18943530396307623E-01 1.33657564829371971E-03 8.37297492203567181E-03
8.05766805E+00 7.28860518577349320E-02 1.06682611867166093E-02 2.19768824002422536E-01 1.33614448036402595E-03 8.36570327984233024E-03
8.07552068E+00 7.26925852985322585E-02 1.06585723698132823E-02 2.20591135449946379E-01 1.33569991241575328E-03 8.35877527062879426E-03
8.09337635E+00 7.24992660202390393E-02 1.06492134252528011E-02 2.21410267191940818E-01 1.33524049455577992E-03 8.35215577254290638E-03
8.11123552E+00 7.23060878980935767E-02 1.06402471481514670E-02 2.22226020300251959E-01 1.33479461696178552E-03 8.34590735230975739E-03
8.12909081E+00 7.21131263628057712E-02 1.06316186631863954E-02 2.23037857828434216E-01 1.33434304399272850E-03 8.33997469915660067E-03
8.14694476E+00 7.19203507648133455E-02 1.06232281634424421E-02 2.23845683313513927E-01 1.33386936599779837E-03 8.33425912763894813E-03
8.16479977E+00 7.17277366785619291E-02 1.06150237099486722E-02 2.24649383727964086E-01 1.33337864760988811E-03 8.32870923278297877E-03
8.18265807E+00 7.15352638824271886E-02 1.06071418892446610E-02 2.25448836851001921E-01 1.33290828600784702E-03 8.32346187533387558E-03
8.20052176E+00 7.13429039246779861E-02 1.05994822826402241E-02 2.26243951789437708E-01 1.33244624689150349E-03 8.31841874024490634E-03
8.21839278E+00 7.11506311795519486E-02 1.05920843993699432E-02 2.27034538708497102E-01 1.33198213619018673E-03 8.31362192934705611E-03
8.23627294E+00 7.09584185015631197E-02 1.05847503041524380E-02 2.27820476485420947E-01 1.33149562532548283E-03 8.30887699305655862E-03
8.25416391E+00 7.07662499519107480E-02 1.05773992507439008E-02 2.28601690836953642E-01 1.33099141935558228E-03 8.30410521320550099E-03
8.27206722E+00 7.05741154893406719E-02 1.05699929861341555E-02 2.29378011283744326E-01 1.33047650422127230E-03 8.29926979998205430E-03
8.28998428E+00 7.03820076401154016E-02 1.05625532489962391E-02 2.30149274003883381E-01 1.32995226528456853E-03 8.29439415874205603E-03
8.30791640E+00 7.01899178337876128E-02 1.05551133718708810E-02 2.30915342460351253E-01 1.32942809893028618E-03 8.28951385294383371E-03
8.32586476E+00 6.99978337732002492E-02 1.05475403497709268E-02 2.31676075215925703E-01 1.32889505038994099E-03 8.28449926672404462E-03
8.34383044E+00 6.98057489726812003E-02 1.05398816629833896E-02 2.32431287610339821E-01 1.32835770558646085E-03 8.27940076976291933E-03
8.36181442E+00 6.96136570956471523E-02 1.05320697671160268E-02 2.33180836559581828E-01 1.32781973136235679E-03 8.27415411743302395E-03
8.37981758E+00 6.94215544329722378E-02 1.05240653041993888E-02 2.33924551007092862E-01 1.32727257850270299E-03 8.26872350522137901E-03
8.39784074E+00 6.92294399487646123E-02 1.05158313491451709E-02 2.34662258530404177E-01 1.32671857400052783E-03 8.26307546938595018E-03
8.41588462E+00 6.90373127053887370E-02 1.05072257077153831E-02 2.35393800913050261E-01 1.32614542194742788E-03 8.25707162277287618E-03
8.43389278E+00 6.88457836041740101E-02 1.04982013532312537E-02 2.36116762855395818E-01 1.32555822496464078E-03 8.25065991868629070E-03
8.45181521E+00 6.86553941859227440E-02 1.04887640684998076E-02 2.36829056106259400E-01 1.32497320558543010E-03 8.24384150285549337E-03
8.46963641E+00 6.84663160481618627E-02 1.04789201903567088E-02 2.37530007693618761E-01 1.32439022932806538E-03 8.23662333558612680E-03
8.48736866E+00 6.82784262828038391E-02 1.04688139434602149E-02 2.38220065490741928E-01 1.32382734442788711E-03 8.22915388753031954E-03
8.50502390E+00 6.80915987073519857E-02 1.04583688698929572E-02 2.38899699821136902E-01 1.32327818647086696E-03 8.22136179415185533E-03
8.52261379E+00 6.79057089866358099E-02 1.04474033035053312E-02 2.39569329039433038E-01 1.32273630992876074E-03 8.21307109737753026E-03
8.54014975E+00 6.77206392833047954E-02 1.04357998017265731E-02 2.40229343233126946E-01 1.32219008321747761E-03 8.20416979029946203E-03
8.55764291E+00 6.75362787292231870E-02 1.04234321255231854E-02 2.40880123515450739E-01 1.32162379107520866E-03 8.19453627229659379E-03
8.57510341E+00 6.73525334630402928E-02 1.04103454774961256E-02 2.41521992201362862E-01 1.32104662115920392E-03 8.18421895231571939E-03
8.59253839E+00 6.71693411307310861E-02 1.03966289675148180E-02 2.42155174449076832E-01 1.32048761477702959E-03 8.17330951780890352E-03
8.60995831E+00 6.69865996423651550E-02 1.03823161681888369E-02 2.42780023941130935E-01 1.31996036012895358E-03 8.16184544637852706E-03
8.62737345E+00 6.68042073240560363E-02 1.03674491134542156E-02 2.43396878759216201E-01 1.31947060771764519E-03 8.14987280243370353E-03
8.64479393E+00 6.66220637003987620E-02 1.03518266841851128E-02 2.44006061074922981E-01 1.31898455574671692E-03 8.13719437305621997E-03
8.66222975E+00 6.64400748904225430E-02 1.03353925503193531E-02 2.44607834910881922E-01 1.31849374609870605E-03 8.12375708524499390E-03
8.67969077E+00 6.62581446792088746E-02 1.03180093332474309E-02 2.45202465488080834E-01 1.31799820949797617E-03 8.10942813680385656E-03
8.69718674E+00 6.60761790565701224E-02 1.02995006020917233E-02 2.45790216894987645E-01 1.31749507326043994E-03 8.09403583629347834E-03
8.71471198E+00 6.58942554704792099E-02 1.02798544658178302E-02 2.46370848447140245E-01 1.31697950218910846E-03 8.07756760853194263E-03
8.73226142E+00 6.57124500081270047E-02 1.02592186394880568E-02 2.46944137341922165E-01 1.31646281553923902E-03 8.06016858573671037E-03
8.74984025E+00 6.55307294759333026E-02 1.02377367967321012E-02 2.47510202013990932E-01 1.31595876623098198E-03 8.04198175961615830E-03
8.76745753E+00 6.53490097364153033E-02 1.02154533152940246E-02 2.48069285977623094E-01 1.31547500145625176E-03 8.02305394360693265E-03
8.78512220E+00 6.51671985656446934E-02 1.01921485677592440E-02 2.48621635119235546E-01 1.31499024298369072E-03 8.00317034107996331E-03
8.80284308E+00 6.49852102654126657E-02 1.01676206664066317E-02 2.49167460093818821E-01 1.31448191550910141E-03 7.98213317518968457E-03
8.82060859E+00 6.48031814329104311E-02 1.01418105927922296E-02 2.49706357821110975E-01 1.31394259740350559E-03 7.95988040049536334E-03
8.83841637E+00 6.46211629201935284E-02 1.01148246335731537E-02 2.50238205840980832E-01 1.31338617819941957E-03 7.93651433126969785E-03
8.85627755E+00 6.44390693030731099E-02 1.00868468045941604E-02 2.50763285365831867E-01 1.31283058469672947E-03 7.91221695995287209E-03
8.87420320E+00 6.42568108211233197E-02 1.00578886273430274E-02 2.51281881198885504E-01 1.31226984352885399E-03 7.88699890571595633E-03
8.89220100E+00 6.40743312901044804E-02 1.00279942774940834E-02 2.51794170884209190E-01 1.31169928089077932E-03 7.86090299908378566E-03
8.91026668E+00 6.38916954193366193E-02 9.99725423871304468E-03 2.52299997585301472E-01 1.31112510975435297E-03 7.83401560353620165E-03
8.92839654E+00 6.37089588522750105E-02 9.96563983320363986E-03 2.52799219248791285E-01 1.31053851046373528E-03 7.80630434845618233E-03
8.94656709E+00 6.35263751301755192E-02 9.93328246573650826E-03 2.53291170972155311E-01 1.30994055383980073E-03 7.77789267553195222E-03
8.96477773E+00 6.33439640159334377E-02 9.90025448499752027E-03 2.53775844920835936E-01 1.30932702150487936E-03 7.74884995202148978E-03
8.98304213E+00 6.31616026068143044E-02 9.86652316168483597E-03 2.54253610139137221E-01 1.30869229828340402E-03 7.71914342665946506E-03
9.00137385E+00 6.29791712979121260E-02 9.83209527802959490E-03 2.54724818609738002E-01 1.30803941344846187E-03 7.68877945337820539E-03
9.01978649E+00 6.27965524891503230E-02 9.79706854298533630E-03 2.55189799971022258E-01 1.30738396908603761E-03 7.65785508135741200E-03
9.03829174E+00 6.26136463265905968E-02 9.76152052321010814E-03 2.55648833262844988E-01 1.30673160325095027E-03 7.62644713390251468E-03
9.05690114E+00 6.24303526613092172E-02 9.72554899368413550E-03 2.56102181767409787E-01 1.30608190729992785E-03 7.59465324077316338E-03
9.07562876E+00 6.22465456762294686E-02 9.68912878585617872E-03 2.56550153191251296E-01 1.30542302920630773E-03 7.56244898277500400E-03
9.09448883E+00 6.20621012286646789E-02 9.65216832776545457E-03 2.56993025413206844E-01 1.30474381893929845E-03 7.52974319476354056E-03
9.11346744E+00 6.18771736357277280E-02 9.61467997343048650E-03 2.57430440096926005E-01 1.30403573536189339E-03 7.49654174342143185E-03
9.13251281E+00 6.16922836367861660E-02 9.57683807818980604E-03 2.57861226597901838E-01 1.30330585253316737E-03 7.46300352315940312E-03
9.15163328E+00 6.15073629514460776E-02 9.53875100263050328E-03 2.58285594031700483E-01 1.30256787532622808E-03 7.42923511957723284E-03
9.17084214E+00 6.13222937629221004E-02 9.50055506248019196E-03 2.58703862915715177E-01 1.30183857461013404E-03 7.39537279069984489E-03
9.19015267E+00 6.11369559120209446E-02 9.46236170225990894E-03 2.59116350193734635E-01 1.30112080229294585E-03 7.36152872195239196E-03
9.20956566E+00 6.09513477332731951E-02 9.42413220398300409E-03 2.59523105019958178E-01 1.30041245499861596E-03 7.32766266172864972E-03
9.22907489E+00 6.07655340807449346E-02 9.38580760857908071E-03 2.59924047395341862E-01 1.29970115616031851E-03 7.29371279480485468E-03
9.24867829E+00 6.05795423643418970E-02 9.34736951776861912E-03 2.60319179924470678E-01 1.29897885289895123E-03 7.25965827282751015E-03
9.26834168E+00 6.03937052222452420E-02 9.30895438546018930E-03 2.60707894879055990E-01 1.29825332000469405E-03 7.22562521725830364E-03
9.28806658E+00 6.02080113659638275E-02 9.27064138379193360E-03 2.61090307119001552E-01 1.29752685204241017E-03 7.19169106034776677E-03
9.30785490E+00 6.00224400780945272E-02 9.23251983321172337E-03 2.61466546399648836E-01 1.29681108934127953E-03 7.15794505568173242E-03
9.32770858E+00 5.98369681790090965E-02 9.19468854559594984E-03 2.61836757680454502E-01 1.29611462924622577E-03 7.12448675920263844E-03
9.34762964E+00 5.96515663914808578E-02 9.15696020799791795E-03 2.62201086915994919E-01 1.29541299829378869E-03 7.09113132388991020E-03
9.36762014E+00 5.94662090237777705E-02 9.11927185168102603E-03 2.62559690832341541E-01 1.29469437252449464E-03 7.05781775053344190E-03
9.38768222E+00 5.92808810091063204E-02 9.08164228918007140E-03 2.62912710434280994E-01 1.29396166968284059E-03 7.02456426330655068E-03
9.40781772E+00 5.90955745503956159E-02 9.04413727005165015E-03 2.63260284921006005E-01 1.29322632135398376E-03 6.99143484009374927E-03
9.42802790E+00 5.89102859446106394E-02 9.00686824150609584E-03 2.63602542257222794E-01 1.29250636374173000E-03 6.95853938382270162E-03
9.44831510E+00 5.87249980171518290E-02 8.96990384229174112E-03 2.63939626192709720E-01 1.29180479860316246E-03 6.92594616717232773E-03
9.46868172E+00 5.85396902414595799E-02 8.93319562293783641E-03 2.64271672264724478E-01 1.29111288822911729E-03 6.89360728581265951E-03
9.48913019E+00 5.83543421617665203E-02 8.89662234852105042E-03 2.64598822988548976E-01 1.29041507791326660E-03 6.86140221760182280E-03
9.50966298E+00 5.81689363785872493E-02 8.86026781010311806E-03 2.64921234249919813E-01 1.28972281322265966E-03 6.82941493596588099E-03
9.53028263E+00 5.79834544029048382E-02 8.82405155415420632E-03 2.65239068709420711E-01 1.28902250351790718E-03 6.79756549040256078E-03
9.55099171E+00 5.77978809674829230E-02 8.78815680864928651E-03 2.65552474047032749E-01 1.28833096316910206E-03 6.76603683775709678E-03
9.57179142E+00 5.76122091044778545E-02 8.75242975707721596E-03 2.65861560941863861E-01 1.28763905826532131E-03 6.73467537262428719E-03
9.59268042E+00 5.74264567944788445E-02 8.71704620892999917E-03 2.66166410436746492E-01 1.28695861933579201E-03 6.70365627118681834E-03
9.61364818E+00 5.72407207055152523E-02 8.68187377260343923E-03 2.66466964842780374E-01 1.28627837367634797E-03 6.67284516180470869E-03
9.63469614E+00 5.70549934044517273E-02 8.64698844649789723E-03 2.66763356019026787E-01 1.28560044657763470E-03 6.64231805782183361E-03
9.65582668E+00 5.68692597851013504E-02 8.61238277371858402E-03 2.67055711193535217E-01 1.28491498006927710E-03 6.61206760573177042E-03
9.67704223E+00 5.66835057692208488E-02 8.57804944596237545E-03 2.67344147818682043E-01 1.28422075029900194E-03 6.58208625541858647E-03
9.69834531E+00 5.64977178729553636E-02 8.54413093411203126E-03 2.67628787115333555E-01 1.28353392446942235E-03 6.55251598469523428E-03
9.71973854E+00 5.63118769569907404E-02 8.51041885020697476E-03 2.67909727965723765E-01 1.28284398116242570E-03 6.52314943148667344E-03
9.74122463E+00 5.61259661734184248E-02 8.47703283276698971E-03 2.68187096239394962E-01 1.28216395517885291E-03 6.49410678977615282E-03
9.76280638E+00 5.59399639613045938E-02 8.44397885337616443E-03 2.68460982191206010E-01 1.28149442599665873E-03 6.46539550318592313E-03
9.78448668E+00 5.57538465728920490E-02 8.41129726391412133E-03 2.68731464998718805E-01 1.28082682757061717E-03 6.43705749860094996E-03
9.80626851E+00 5.55675894859841910E-02 8.37905056837836767E-03 2.68998605895306442E-01 1.28017378514663598E-03 6.40915658346263416E-03
9.82815499E+00 5.53811658514658245E-02 8.34716960348185801E-03 2.69262480014800853E-01 1.27953151610791680E-03 6.38162544624648349E-03
9.85014928E+00 5.51945488113061086E-02 8.31558261860703210E-03 2.69523164068959264E-01 1.27887718409224697E-03 6.35439452143045976E-03
9.87225470E+00 5.50077129575997428E-02 8.28408178635006882E-03 2.69780711582342625E-01 1.27819891208135156E-03 6.32725781108853854E-03
9.89447464E+00 5.48206362464622107E-02 8.25266403156300898E-03 2.70035178972078904E-01 1.27749236421263431E-03 6.30021337921245466E-03
9.91681261E+00 5.46332969785347997E-02 8.22148141617110029E-03 2.70286578124790455E-01 1.27678500015046244E-03 6.27341374919337860E-03
9.93926936E+00 5.44456938415378636E-02 8.19078673357240793E-03 2.70534866461258627E-01 1.27610747853089098E-03 6.24711176817759062E-03
9.96182947E+00 5.42579524868150240E-02 8.16048193487745044E-03 2.70779829440115360E-01 1.27542890751970012E-03 6.22120797679310677E-03
9.98449333E+00 5.40700696116735990E-02 8.13045925460122339E-03 2.71021447141970573E-01 1.27473486146920914E-03 6.19559525083109540E-03
1.00072650E+01 5.38820154314342617E-02 8.10054525338005545E-03 2.71259707617350965E-01 1.27400404938749455E-03 6.17010102287622250E-03
1.00301486E+01 5.36937647090928449E-02 8.07062457184776032E-03 2.71494597638847035E-01 1.27322505936163432E-03 6.14460957967314508E-03
1.00531485E+01 5.35052953051325109E-02 8.04095186010351202E-03 2.71726082886660836E-01 1.27244740318711944E-03 6.11937392328846044E-03
1.00762692E+01 5.33165746687106548E-02 8.01165149859160014E-03 2.71954076263819067E-01 1.27167482533148348E-03 6.09451917606114706E-03
1.00995155E+01 5.31275640995131429E-02 7.98267464045454220E-03 2.72178497938465269E-01 1.27089839408762811E-03 6.06999834026477648E-03
1.01228923E+01 5.29382240677317706E-02 7.95392423797289076E-03 2.72399285558696358E-01 1.27010831273554497E-03 6.04571635596238936E-03
1.01464044E+01 5.27485171401702035E-02 7.92532594944663285E-03 2.72616370936001995E-01 1.26928111472195625E-03 6.02160073678786444E-03
1.01700572E+01 5.25584093046819537E-02 7.89675386491802203E-03 2.72829664942078831E-01 1.26842381738040367E-03 5.99752615096625814E-03
1.01938552E+01 5.23678744965559648E-02 7.86839331178575130E-03 2.73039066153498711E-01 1.26755558343735687E-03 5.97367795966074165E-03
1.02178019E+01 5.21768924090032019E-02 7.84028965825368448E-03 2.73244399319131248E-01 1.26667857467992260E-03 5.95010289988688774E-03
1.02419026E+01 5.19854256042894328E-02 7.81237067815531740E-03 2.73445538267448274E-01 1.26578672479969278E-03 5.92673024498255405E-03
1.02661630E+01 5.17934368245088900E-02 7.78445519123843830E-03 2.73642360453712985E-01 1.26485016645829190E-03 5.90338075606178670E-03
1.02905838E+01 5.16009332021844028E-02 7.75663520833191032E-03 2.73834728757815837E-01 1.26388987674202645E-03 5.88014649582795437E-03
1.03151688E+01 5.14078916793013138E-02 7.72889169781466618E-03 2.74022474305228358E-01 1.26291482576884715E-03 5.85701026401000240E-03
1.03398573E+01 5.12147899091090764E-02 7.70132387743682929E-03 2.74204991138042198E-01 1.26192368456601398E-03 5.83406341199453355E-03
1.03645632E+01 5.10222951163904273E-02 7.67406871501337233E-03 2.74381547570746620E-01 1.26092996597968691E-03 5.81142961771339683E-03
1.03892313E+01 5.08308260454128150E-02 7.64710477263681309E-03 2.74551695130225981E-01 1.25992772236076201E-03 5.78907940928410740E-03
1.04138638E+01 5.06403565932400310E-02 7.62021485060655323E-03 2.74715428708635856E-01 1.25888189500462000E-03 5.76679817137886602E-03
1.04384651E+01 5.04508512227125824E-02 7.59365702418248432E-03 2.74872821499147379E-01 1.25783234963977716E-03 5.74484493541256667E-03
1.04630397E+01 5.02622691243392386E-02 7.56747312171012453E-03 2.75023863484812725E-01 1.25678823707002399E-03 5.72326533484986740E-03
1.04875916E+01 5.00745670354382430E-02 7.54142821651310712E-03 2.75168606644991376E-01 1.25572403266840048E-03 5.70182983376808523E-03
1.05121239E+01 4.98877169592688713E-02 7.51555504025235108E-03 2.75307136544575115E-01 1.25464850221284111E-03 5.68057363345286000E-03
1.05366399E+01 4.97016896789705329E-02 7.48969304662264711E-03 2.75439472257031692E-01 1.25353799414571550E-03 5.65933849334626562E-03
1.05611433E+01 4.95164584702037502E-02 7.46390691443459247E-03 2.75565722904102417E-01 1.25241119041131295E-03 5.63819043973140532E-03
1.05856375E+01 4.93319965125505189E-02 7.43824902192464273E-03 2.75685960175361677E-01 1.25128350310160894E-03 5.61718444193971649E-03
1.06101259E+01 4.91482752883619367E-02 7.41261365029357092E-03 2.75800276761409890E-01 1.25013999694078984E-03 5.59621922317820979E-03
1.06346115E+01 4.89652706120325271E-02 7.38724523530515358E-03 2.75908796961316427E-01 1.24901871996481581E-03 5.57554258825786620E-03
1.06590975E+01 4.87829505174579084E-02 7.36202238914781832E-03 2.76011620939940638E-01 1.24790377358880464E-03 5.55503752267039880E-03
1.06835868E+01 4.86012857997051226E-02 7.33672756754184720E-03 2.76108859911977422E-01 1.24676419713460663E-03 5.53449011899558811E-03
1.07080823E+01 4.84202563629062485E-02 7.31136034111642356E-03 2.76200660469392956E-01 1.24561509874590364E-03 5.51390177197711318E-03
1.07325866E+01 4.82398444567352022E-02 7.28584075354962810E-03 2.76287169760858764E-01 1.24444757633203448E-03 5.49319530963713644E-03
1.07571023E+01 4.80600351341006621E-02 7.26001130865824070E-03 2.76368558630188166E-01 1.24323593483515078E-03 5.47221611469945069E-03
1.07816321E+01 4.78808192734723123E-02 7.23385654592835926E-03 2.76444997763271805E-01 1.24197963670103677E-03 5.45095045343569739E-03
1.08061783E+01 4.77021894520043149E-02 7.20748969409650692E-03 2.76516664804819179E-01 1.24069640148672462E-03 5.42951281602773329E-03
1.08307434E+01 4.75241362127954425E-02 7.18106971652953362E-03 2.76583724681869425E-01 1.23941046614386573E-03 5.40806381195233551E-03
1.08553295E+01 4.73466455201263722E-02 7.15471520541420027E-03 2.76646305205994536E-01 1.23815290818091671E-03 5.38672429475286433E-03
1.08799389E+01 4.71696981193139783E-02 7.12823453997021329E-03 2.76704539122017534E-01 1.23689876358197364E-03 5.36530667396332376E-03
1.09045737E+01 4.69932782125998053E-02 7.10148983111734498E-03 2.76758677134504361E-01 1.23562267114897865E-03 5.34367736765615445E-03
1.09292361E+01 4.68173755238638564E-02 7.07432779227347690E-03 2.76808954193793255E-01 1.23430193540662167E-03 5.32168630741067326E-03
1.09539281E+01 4.66419860157306146E-02 7.04671151539929333E-03 2.76855577564577848E-01 1.23293796752683960E-03 5.29929812833649944E-03
1.09786516E+01 4.64671080870536907E-02 7.01857173787741231E-03 2.76898744717264500E-01 1.23152205924653615E-03 5.27644460119781195E-03
1.10034085E+01 4.62927422864253535E-02 6.98987510037677590E-03 2.76938643480263147E-01 1.23004986027495759E-03 5.25309284036178624E-03
1.10282009E+01 4.61188904999641630E-02 6.96079501831637845E-03 2.76975428526515743E-01 1.22855292648418380E-03 5.22941641468823142E-03
1.10530304E+01 4.59455506560665916E-02 6.93143130357944722E-03 2.77009254979858066E-01 1.22705058644769827E-03 5.20551697355111330E-03
1.10778989E+01 4.57727173332272627E-02 6.90174786287620166E-03 2.77040299594683626E-01 1.22554047818163275E-03 5.18136109011464122E-03
1.11028082E+01 4.56003858169740511E-02 6.87165125130611947E-03 2.77068771143004489E-01 1.22401103598574704E-03 5.15685766516854778E-03
1.11277444E+01 4.54286612640541626E-02 6.84108351840584730E-03 2.77094901344654088E-01 1.22245489715747655E-03 5.13194677818810865E-03
1.11527042E+01 4.52575785616231435E-02 6.80994293773662818E-03 2.77118853457626657E-01 1.22084522781028119E-03 5.10652632098642333E-03
1.11776899E+01 4.50871359005949462E-02 6.77822248528458984E-03 2.77140784226074466E-01 1.21917837060768540E-03 5.08058925870944356E-03
1.12027040E+01 4.49173319620699979E-02 6.74601413746513199E-03 2.77160846088381485E-01 1.21747170790202186E-03 5.05422741769730177E-03
1.12277491E+01 4.47481636215842221E-02 6.71342833040817263E-03 2.77179150520454831E-01 1.21575564424713308E-03 5.02755207760477094E-03
1.12528199E+01 4.45796744222963851E-02 6.68039276991249514E-03 2.77195894065312753E-01 1.21402052745180175E-03 5.00049078274510377E-03
1.12779199E+01 4.44118520693261576E-02 6.64687048774432760E-03 2.77211216134513216E-01 1.21225379057721410E-03 4.97300793887443544E-03
1.13030528E+01 4.42446846882154007E-02 6.61280232524031220E-03 2.77225265824718570E-01 1.21044167240881551E-03 4.94504531604729198E-03
1.13282223E+01 4.40781620577051225E-02 6.57816513093084643E-03 2.77238185406947113E-01 1.20858242689219145E-03 4.91658012397069508E-03
1.13534322E+01 4.39122746538671907E-02 6.54299545565134155E-03 2.77250121177942510E-01 1.20668396991419069E-03 4.88764878664478368E-03
1.13786865E+01 4.37470116350697977E-02 6.50731223528650590E-03 2.77261226350530521E-01 1.20475777117124783E-03 4.85827029996941349E-03
1.14039893E+01 4.35823612490376308E-02 6.47116724624624117E-03 2.77271618637657702E-01 1.20280866774641879E-03 4.82849709759428872E-03
1.14293447E+01 4.34183097045511002E-02 6.43454387666032770E-03 2.77281445394468140E-01 1.20083489163572599E-03 4.79831402023795772E-03
1.14547505E+01 4.32548842728381622E-02 6.39736357407172298E-03 2.77287055258888249E-01 1.19882413017512895E-03 4.76764238076760830E-03
1.14802084E+01 4.30920888244806302E-02 6.35960911941159564E-03 2.77305199757907850E-01 1.19676716107699858E-03 4.73646496439829486E-03
1.15057225E+01 4.29299130026125492E-02 6.32132173424075194E-03 2.77306526646403262E-01 1.19467178668615395E-03 4.70482288050255628E-03
1.15312974E+01 4.27683459453034112E-02 6.28245813933528841E-03 2.77320034305085950E-01 1.19252815000550497E-03 4.67267249949971167E-03
1.15569375E+01 4.26073776486431827E-02 6.24306857954093092E-03 2.77323133106126718E-01 1.19034372440111327E-03 4.64006322905781941E-03
1.15826474E+01 4.24469973187966421E-02 6.20325082828449351E-03 2.77341934866578987E-01 1.18814111860286124E-03 4.60709211330336769E-03
1.16084299E+01 4.22872031892309388E-02 6.16305666633342082E-03 2.77343468376170466E-01 1.18592613881210798E-03 4.57381034551572127E-03
1.16342805E+01 4.21280388773388539E-02 6.12246953868924530E-03 2.77358560527341258E-01 1.18368629516099524E-03 4.54019902564812942E-03
1.16602004E+01 4.19695106649334987E-02 6.08149402359336403E-03 2.77361869299032671E-01 1.18141599174189770E-03 4.50626166102586958E-03
1.16861929E+01 4.18116127250679204E-02 6.04012191956123778E-03 2.77382917302834209E-01 1.17910762712130344E-03 4.47198921914945379E-03
1.17122613E+01 4.16543398178278040E-02 5.99835117634425329E-03 2.77384987020832918E-01 1.17676354792976899E-03 4.43737850506179584E-03
1.17384090E+01 4.14976867244994801E-02 5.95621795386896795E-03 2.77404912109415258E-01 1.17439794105498739E-03 4.40246424597973661E-03
1.17646394E+01 4.13416469864989131E-02 5.91377465410132443E-03 2.77410416225258916E-01 1.17201690856783588E-03 4.36729749384561980E-03
1.17909513E+01 4.11862415471203544E-02 5.87108271193829793E-03 2.77434559627805555E-01 1.16962198971563825E-03 4.33193718298823839E-03
1.18173151E+01 4.10316554158977817E-02 5.82815943781854039E-03 2.77444782152263369E-01 1.16720421082749937E-03 4.29639037238472177E-03
1.18437251E+01 4.08779315006763816E-02 5.78494489647114404E-03 2.77464270973814764E-01 1.16474495611383361E-03 4.26059293934650651E-03
1.18701818E+01 4.07250778576947470E-02 5.74148910614984392E-03 2.77483612931562429E-01 1.16225338008157041E-03 4.22459152208640772E-03
1.18966855E+01 4.05731019436970514E-02 5.69795244726564384E-03 2.77505225459530491E-01 1.15975307906611316E-03 4.18854291965479238E-03
1.19232367E+01 4.04220070762186662E-02 5.65436381210161071E-03 2.77528726728210551E-01 1.15725522618391821E-03 4.15247345958497886E-03
1.19498312E+01 4.02718206831513478E-02 5.61059238660640940E-03 2.77554318766540686E-01 1.15473269204571967E-03 4.11624860227437737E-03
1.19764685E+01 4.01225524665109468E-02 5.56672553132481727E-03 2.77582021121826117E-01 1.15218554898421661E-03 4.07995170393552539E-03
1.20031492E+01 3.99742058201268055E-02 5.52287300151215344E-03 2.77611951230345988E-01 1.14963377212184492E-03 4.04368883765180397E-03
1.20298736E+01 3.98267813241577132E-02 5.47910975563003361E-03 2.77644198792128649E-01 1.14708693761673280E-03 4.00753182184306229E-03
1.20566423E+01 3.96802776279053526E-02 5.43542127826681168E-03 2.77678838532842920E-01 1.14452701573753346E-03 3.97146338597706948E-03
1.20834557E+01 3.95346931365690088E-02 5.39188062797035274E-03 2.77715926978709227E-01 1.14195632163019184E-03 3.93555386217229672E-03
1.21103142E+01 3.93900238028556046E-02 5.34846095034895771E-03 2.77755534134023097E-01 1.13937172415394549E-03 3.89977427833328432E-03
1.21372184E+01 3.92462673549520066E-02 5.30520449422495783E-03 2.77797748530986044E-01 1.13678991712160503E-03 3.86416434175772781E-03
1.21641686E+01 3.91034202669009595E-02 5.26203537153768601E-03 2.77842655971663521E-01 1.13418599670890596E-03 3.82864553759260573E-03
1.21911654E+01 3.89614812035140937E-02 5.21900248797950873E-03 2.77890316350224542E-01 1.13158668681326248E-03 3.79326324497609134E-03
1.22182093E+01 3.88204466468801829E-02 5.17611689564666071E-03 2.77940782454310364E-01 1.12898354074642622E-03 3.75802523664389666E-03
1.22453006E+01 3.86803140021109715E-02 5.13346397559500799E-03 2.77994111956638978E-01 1.12637656792013898E-03 3.72301344820670770E-03
1.22724385E+01 3.85410861180081055E-02 5.09119680291677569E-03 2.78050344302361807E-01 1.12379372154695618E-03 3.68837783967018067E-03
1.22996189E+01 3.84027767158170788E-02 5.04919798916237447E-03 2.78109540814031053E-01 1.12120580353283479E-03 3.65399821103282998E-03
1.23268423E+01 3.82653785588549095E-02 5.00736161155818267E-03 2.78171704696468125E-01 1.11859309751730042E-03 3.61976618451208959E-03
1.23541093E+01 3.81288876478020136E-02 4.96575868618993888E-03 2.78236836848312241E-01 1.11597211416348987E-03 3.58574922536891673E-03
1.23814204E+01 3.79932989292053880E-02 4.92445079649550966E-03 2.78304946731818825E-01 1.11335703203822140E-03 3.55200562925849688E-03
1.24087763E+01 3.78586048290535243E-02 4.88345646639053253E-03 2.78376041982583977E-01 1.11074368992740966E-03 3.51855128905729760E-03
1.24361775E+01 3.77247972536571899E-02 4.84281866218938799E-03 2.78450125102281842E-01 1.10813169089378732E-03 3.48542668709842830E-03
1.24636248E+01 3.75918669640559408E-02 4.80253194578652946E-03 2.78527184294177332E-01 1.10551874914131690E-03 3.45262430879036053E-03
1.24911189E+01 3.74598045113969935E-02 4.76257537434134591E-03 2.78607192066213039E-01 1.10290382828097107E-03 3.42012120923164756E-03
1.25186604E+01 3.73286010053051828E-02 4.72292288495697841E-03 2.78690098940514774E-01 1.10028366206860054E-03 3.38788909408935593E-03
1.25462470E+01 3.71982633495282489E-02 4.68364000990233783E-03 2.78775840620596904E-01 1.09767509310069794E-03 3.35599021133130412E-03
1.25738789E+01 3.70687843355766433E-02 4.64476521451662617E-03 2.78864385590752661E-01 1.09508075701181544E-03 3.32446089895367062E-03
1.26015496E+01 3.69401855200466797E-02 4.60627180514453123E-03 2.78955682319842357E-01 1.09248251913162428E-03 3.29327117399394811E-03
1.26292520E+01 3.68124922667742716E-02 4.56820880712433246E-03 2.79049599673108939E-01 1.08988953974417766E-03 3.26246646960355255E-03
1.26569316E+01 3.66859443184819473E-02 4.53066251785117467E-03 2.79145891331933571E-01 1.08731850599297439E-03 3.23211760469664655E-03
1.26845839E+01 3.65605442896883570E-02 4.49361589767775620E-03 2.79244425136230767E-01 1.08476107823673746E-03 3.20220587635591759E-03
1.27122099E+01 3.64362724611037789E-02 4.45707678122517909E-03 2.79345064149833788E-01 1.08221118644695664E-03 3.17273890579073238E-03
1.27398105E+01 3.63131088382682501E-02 4.42105588048411716E-03 2.79447709334083916E-01 1.07966766079727636E-03 3.14372749325499742E-03
1.27673823E+01 3.61910517539624707E-02 4.38553776621803098E-03 2.79552237597285813E-01 1.07713415873912752E-03 3.11515555785551578E-03
1.27949260E+01 3.60700824840003362E-02 4.35051392632404815E-03 2.79658528150253827E-01 1.07461056367731569E-03 3.08701491296286146E-03
1.28224427E+01 3.59501810077334852E-02 4.31600800986823002E-03 2.79766437461001216E-01 1.07211065132266446E-03 3.05932953654006320E-03
1.28499337E+01 3.58313266403307434E-02 4.28199106066819591E-03 2.79875818607908000E-01 1.06962325060384477E-03 3.03207098160753310E-03
1.28774004E+01 3.57134990643250133E-02 4.24845926622097279E-03 2.79986549813546759E-01 1.06714927219856088E-03 3.00523585043925264E-03
1.29048445E+01 3.55966777612576821E-02 4.21538994704800940E-03 2.80098494850832380E-01 1.06468526478121378E-03 2.97880194462168957E-03
1.29322676E+01 3.54808419898557173E-02 4.18275381406948803E-03 2.80211510307557587E-01 1.06222445491860698E-03 2.95274046633105551E-03
1.29596717E+01 3.53659711199465002E-02 4.15054935776043056E-03 2.80325446561106917E-01 1.05977285076614422E-03 2.92705037995448373E-03
1.29870583E+01 3.52520462093646736E-02 4.11878207161643119E-03 2.80440141639817675E-01 1.05733173527109954E-03 2.90173765782472930E-03
1.30144285E+01 3.51390520156797462E-02 4.08749226884396605E-03 2.80555438768111176E-01 1.05489825807458218E-03 2.87684302882955508E-03
1.30417846E+01 3.50269656033211432E-02 4.05664701898512427E-03 2.80671214560537285E-01 1.05247333587313893E-03 2.85233483823328898E-03
1.30691295E+01 3.49157635268871752E-02 4.02621862638846868E-03 2.80787318773763228E-01 1.05005241704695870E-03 2.82818676989040479E-03
1.30964661E+01 3.48054224094600517E-02 3.99617588087664791E-03 2.80903603453169559E-01 1.04763173561377610E-03 2.80436892239586087E-03
1.31237977E+01 3.46959192590039767E-02 3.96652918798128667E-03 2.81019914470782728E-01 1.04522519999332127E-03 2.78089280211311039E-03
1.31511265E+01 3.45872347543023997E-02 3.93727845293451780E-03 2.81136087999852291E-01 1.04282563847904724E-03 2.75775932223890508E-03
1.31784435E+01 3.44793946979829458E-02 3.90842257729405711E-03 2.81251946564944844E-01 1.04043391967537568E-03 2.73496606232602945E-03
1.32057444E+01 3.43724055840018694E-02 3.87995239197136757E-03 2.81367313399290775E-01 1.03804841458852342E-03 2.71250373383509014E-03
1.32330270E+01 3.42662643013531484E-02 3.85189169988979681E-03 2.81482023879689847E-01 1.03567926006918392E-03 2.69039663506133279E-03
1.32602944E+01 3.41609478773467340E-02 3.82423660854492231E-03 2.81595940279562973E-01 1.03332933570235083E-03 2.66864265700207269E-03
1.32875517E+01 3.40564256714616445E-02 3.79695033303013071E-03 2.81708930290989923E-01 1.03099012351091511E-03 2.64720722509683478E-03
1.33148041E+01 3.39526675350058232E-02 3.76999843920549239E-03 2.81820868210632403E-01 1.02865538523266051E-03 2.62605788346222937E-03
1.33420574E+01 3.38496440556649361E-02 3.74337420572610179E-03 2.81931630766063035E-01 1.02632848381456194E-03 2.60518957553068642E-03
1.33693174E+01 3.37473256411329539E-02 3.71707195909362154E-03 2.82041094008357307E-01 1.02401039824948862E-03 2.58459822013051626E-03
1.33965904E+01 3.36456820253250299E-02 3.69106567960514201E-03 2.82149141372199708E-01 1.02169234617706384E-03 2.56425943274633111E-03
1.34238792E+01 3.35446964028382824E-02 3.66534673710131953E-03 2.82255648779841939E-01 1.01937236243449404E-03 2.54416535606990721E-03
1.34511899E+01 3.34443409428177088E-02 3.63991884843320717E-03 2.82360505572530063E-01 1.01705605725628903E-03 2.52432101959395921E-03
1.34785296E+01 3.33445844496864374E-02 3.61479157722450302E-03 2.82463610633784945E-01 1.01475049840430353E-03 2.50473754594269377E-03
1.35058836E+01 3.32454751877881288E-02 3.58997085433552642E-03 2.82564786962171355E-01 1.01245702443725737E-03 2.48541824768941941E-03
1.35332159E+01 3.31471352162761509E-02 3.56545890628526306E-03 2.82663792144287718E-01 1.01016628708322747E-03 2.46635868898892026E-03
1.35605161E+01 3.30495929131327457E-02 3.54124889963039133E-03 2.82760497910110875E-01 1.00787536825918105E-03 2.44755033707004261E-03
1.35877882E+01 3.29528262464324623E-02 3.51733011524576729E-03 2.82854825868765758E-01 1.00558938128309698E-03 2.42898338485225554E-03
1.36150362E+01 3.28568127307274430E-02 3.49370621813577297E-03 2.82946697879021436E-01 1.00331812527453359E-03 2.41066237602290600E-03
1.36422609E+01 3.27615402756488289E-02 3.47037495941825537E-03 2.83036033248231178E-01 1.00106525100702808E-03 2.39258557901529363E-03
1.36694627E+01 3.26669977249145760E-02 3.44730965550387814E-03 2.83122767205606363E-01 9.98820863619278828E-04 2.37472710272803103E-03
1.36966463E+01 3.25731595035111884E-02 3.42449112302914806E-03 2.83206865758350079E-01 9.96578114873087522E-04 2.35706919934462701E-03
1.37238169E+01 3.24800007646365435E-02 3.40192328566231612E-03 2.83288288934282151E-01 9.94341464650432211E-04 2.33961692355576971E-03
1.37509796E+01 3.23874971575615345E-02 3.37961871883744273E-03 2.83366996037319296E-01 9.92119205291889465E-04 2.32238379813303527E-03
1.37781298E+01 3.22956573844990699E-02 3.35757672218235138E-03 2.83442918512011366E-01 9.89910246845596359E-04 2.30536825697062958E-03
1.38052680E+01 3.22044724594692522E-02 3.33578076971747422E-03 2.83516030937242147E-01 9.87710638411848276E-04 2.28855391624413788E-03
1.38324004E+01 3.21139149919716232E-02 3.31419757359562245E-03 2.83586371366018608E-01 9.85506020459090727E-04 2.27190862882314850E-03
1.38595339E+01 3.20239553993564366E-02 3.29281994923825939E-03 2.83653888136752297E-01 9.83299710783963783E-04 2.25542630563861906E-03
1.38866721E+01 3.19345775141486668E-02 3.27164602535149262E-03 2.83718585988277816E-01 9.81095221095978085E-04 2.23910532915027379E-03
1.39138178E+01 3.18457661088575525E-02 3.25066606908866376E-03 2.83780475037157587E-01 9.78894193982236208E-04 2.22293610348576641E-03
1.39409773E+01 3.17574961920029999E-02 3.22987026520027551E-03 2.83839568749133631E-01 9.76696030206254803E-04 2.20690943137785527E-03
1.39681398E+01 3.16697980741306659E-02 3.20926973170302179E-03 2.83895852902698420E-01 9.74501863616310531E-04 2.19103405891617458E-03
1.39953127E+01 3.15826421990966430E-02 3.18886606613574082E-03 2.83949358428839393E-01 9.72309677614965418E-04 2.17531250474598935E-03
1.40224979E+01 3.14960174367725984E-02 3.16865948197774016E-03 2.84000102778758756E-01 9.70116161303516693E-04 2.15974498214078180E-03
1.40496835E+01 3.14099559136387513E-02 3.14868156036164637E-03 2.84048094019477226E-01 9.67930406031932778E-04 2.14436078483370030E-03
1.40768731E+01 3.13244392676264860E-02 3.12899877576057386E-03 2.84093384681953665E-01 9.65771901519896095E-04 2.12922698099695046E-03
1.41040744E+01 3.12394329926785341E-02 3.10958450157672837E-03 2.84136031169408387E-01 9.63633576579159289E-04 2.11431921247355820E-03
1.41312953E+01 3.11549023296819640E-02 3.09037517744556109E-03 2.84176085633597475E-01 9.61504677070046799E-04 2.09957637543293140E-03
1.41585339E+01 3.10708465067213620E-02 3.07135513573065155E-03 2.84213602149919642E-01 9.59382332306455408E-04 2.08498287327413268E-03
1.41857695E+01 3.09873234258938000E-02 3.05252294821971781E-03 2.84248620853810030E-01 9.57261911340738926E-04 2.07053391196241211E-03
1.42130058E+01 3.09043161057689295E-02 3.03386515856034732E-03 2.84281225336860399E-01 9.55142913922550998E-04 2.05621635753645317E-03
1.42402509E+01 3.08217963564368681E-02 3.01537762651240106E-03 2.84311502424124729E-01 9.53031879502853375E-04 2.04202680724138805E-03
1.42675109E+01 3.07397411232576238E-02 2.99706348731166878E-03 2.84339544364020647E-01 9.50931127870576778E-04 2.02796882100994211E-03
1.42947888E+01 3.06581385404999761E-02 2.97892843048614634E-03 2.84365448056344894E-01 9.48839679008047637E-04 2.01404799026256914E-03
1.43220934E+01 3.05769575198697185E-02 2.96096816980926519E-03 2.84389323441514519E-01 9.46755883823676759E-04 2.00026110857196146E-03
1.43493935E+01 3.04962843889296821E-02 2.94318972648368584E-03 2.84411257881600488E-01 9.44677045457677331E-04 1.98661048878963483E-03
1.43766900E+01 3.04161114586252515E-02 2.92559570935072748E-03 2.84431355246817674E-01 9.42605726687974882E-04 1.97309872508206335E-03
1.44039893E+01 3.03364141354906733E-02 2.90819117243948941E-03 2.84449732719625370E-01 9.40545549562771905E-04 1.95973162869568637E-03
1.44312901E+01 3.02571913800588552E-02 2.89098710122472329E-03 2.84466509701405190E-01 9.38496667129685514E-04 1.94651982934531255E-03
1.44586017E+01 3.01784109621025705E-02 2.87398997967326349E-03 2.84481810145515768E-01 9.36459149960334461E-04 1.93347118995866292E-03
1.44859336E+01 3.01000397744768770E-02 2.85721439711237235E-03 2.84495763207899877E-01 9.34438623573084553E-04 1.92060185036725477E-03
1.45132959E+01 3.00220437403278771E-02 2.84066678650601086E-03 2.84508510110379975E-01 9.32434247251970089E-04 1.90791996018395307E-03
1.45406934E+01 2.99444030182695851E-02 2.82436020782254058E-03 2.84520187439846139E-01 9.30447589243591031E-04 1.89543976217453340E-03
1.45680878E+01 2.98672182307882540E-02 2.80831992527708942E-03 2.84530924143318709E-01 9.28481555040604721E-04 1.88318216476579666E-03
1.45954765E+01 2.97904871182543482E-02 2.79252369807895260E-03 2.84540854068600746E-01 9.26532166548266374E-04 1.87112595487704133E-03
1.46228687E+01 2.97141754319676064E-02 2.77695295668975830E-03 2.84550114891237160E-01 9.24595890128112555E-04 1.85925504229427353E-03
1.46502737E+01 2.96382491395082541E-02 2.76158095854378127E-03 2.84558850761389703E-01 9.22669522731885431E-04 1.84754510189136961E-03
1.46777006E+01 2.95626765185841751E-02 2.74636611274810911E-03 2.84567221857305430E-01 9.20752756610088217E-04 1.83595679978825334E-03
1.47051494E+01 2.94874526013120739E-02 2.73128715222117078E-03 2.84575391362446195E-01 9.18846259360973851E-04 1.82446955885514316E-03
1.47326260E+01 2.94125578558483841E-02 2.71633681764452302E-03 2.84583500851497084E-01 9.16947951577676995E-04 1.81307723829817304E-03
1.47601105E+01 2.93380435372171608E-02 2.70152973938406595E-03 2.84591672876132740E-01 9.15059134691568088E-04 1.80179213030909075E-03
1.47875975E+01 2.92639214450040284E-02 2.68687124825799832E-03 2.84600021974012241E-01 9.13182701665610393E-04 1.79061915090943449E-03
1.48150834E+01 2.91901978551901836E-02 2.67235667136303881E-03 2.84608664543958334E-01 9.11316500554472343E-04 1.77955353625886470E-03
1.48425506E+01 2.91169158936302568E-02 2.65800126197176861E-03 2.84617721478140739E-01 9.09465037498568413E-04 1.76860876963522043E-03
1.48699945E+01 2.90440839922930967E-02 2.64380662145394501E-03 2.84627318353037562E-01 9.07630200522358899E-04 1.75778641349364807E-03
1.48974161E+01 2.89716945687135581E-02 2.62977433377820004E-03 2.84637568859861134E-01 9.05811535353620990E-04 1.74708881242747333E-03
1.49248277E+01 2.88997098014214075E-02 2.61589370406166205E-03 2.84648570657798305E-01 9.04005970795436378E-04 1.73650785774867350E-03
1.49522423E+01 2.88280903266373741E-02 2.60214822027899544E-03 2.84660428699795964E-01 9.02210793869141076E-04 1.72602994405192107E-03
1.49761211E+01 2.87660130002379867E-02 2.59028940002330827E-03 2.84672358014484483E-01 9.00657144975815878E-04 1.71699083594451180E-03
1.50000000E+01 2.87042143862719992E-02 2.57853086072887218E-03 2.84684366816554957E-01 8.99110913325671226E-04 1.70802838991893058E-03
