#  time, MeanKE MeanKEDR MeanP
0 1.24981176168718400E-01 4.68679415829478764E-04 3.58063961072883229E-18
7.36310778E-03 1.24977302271324253E-01 4.68667534976726740E-04 2.39944765537554496E-05
1.47275078E-02 1.24973709419972379E-01 4.68662002045571564E-04 3.22616865630713637E-05
2.20921335E-02 1.24970210069888538E-01 4.68662113600146495E-04 3.60410610592308824E-05
2.94570412E-02 1.24966741460384001E-01 4.68667634487049086E-04 3.55560545003789309E-05
3.68222922E-02 1.24963282624931990E-01 4.68678486723354858E-04 3.07343778317342435E-05
4.41879490E-02 1.24959826529005308E-01 4.68694645019804572E-04 2.16028096773379640E-05
5.15540747E-02 1.24956370782077331E-01 4.68716101946059277E-04 8.09427892690965298E-06
5.89206238E-02 1.24952914592553602E-01 4.68742855883797448E-04 -9.75706334793993072E-06
6.62874364E-02 1.24949457738441044E-01 4.68774906738337932E-04 -3.19506084464116663E-05
7.36545761E-02 1.24946000064967006E-01 4.68812256070328824E-04 -5.84860922739355649E-05
8.10221060E-02 1.24942541474652391E-01 4.68854906095193390E-04 -8.93601277503187040E-05
8.83900894E-02 1.24939081889112763E-01 4.68902859539405137E-04 -1.24568806266670836E-04
9.57585894E-02 1.24935621236314728E-01 4.68956119592247862E-04 -1.64107797204317757E-04
1.03127669E-01 1.24932159446341839E-01 4.69014689889342613E-04 -2.07972456865696405E-04
1.10497391E-01 1.24928696449968013E-01 4.69078574506744041E-04 -2.56157864141626820E-04
1.17867819E-01 1.24925232178207321E-01 4.69147777958524260E-04 -3.08658828290767529E-04
1.25239014E-01 1.24921766562142614E-01 4.69222305195503080E-04 -3.65469890275041777E-04
1.32611039E-01 1.24918299532882443E-01 4.69302161604307356E-04 -4.26585320028082210E-04
1.39983957E-01 1.24914831021544187E-01 4.69387353006577891E-04 -4.91999114734221381E-04
1.47357829E-01 1.24911360959247930E-01 4.69477885658118503E-04 -5.61704995836633317E-04
1.54732717E-01 1.24907889277120682E-01 4.69573766248081680E-04 -6.35696406611877245E-04
1.62108394E-01 1.24904416042262656E-01 4.69674997830760079E-04 -7.13964970018019125E-04
1.69484885E-01 1.24900941202821969E-01 4.69781586800392193E-04 -7.96501506460613054E-04
1.76862252E-01 1.24897464689661189E-01 4.69893540448252864E-04 -8.83297869035326241E-04
1.84240557E-01 1.24893986433641663E-01 4.70010866497198030E-04 -9.74324162328449230E-04
1.91619862E-01 1.24890506365627124E-01 4.70133573100704554E-04 -1.06964116557346778E-03
1.99000227E-01 1.24887024416487052E-01 4.70261668841828089E-04 -1.16916043136370022E-03
2.06381713E-01 1.24883540517089581E-01 4.70395162732166201E-04 -1.27291062216751297E-03
2.13764381E-01 1.24880054598315374E-01 4.70534064210768909E-04 -1.38087660784689051E-03
2.21148292E-01 1.24876566591046068E-01 4.70678383143038437E-04 -1.49304855047545566E-03
2.28533505E-01 1.24873076426173832E-01 4.70828129819546130E-04 -1.60941641338056764E-03
2.35920081E-01 1.24869584034602549E-01 4.70983314954865966E-04 -1.72996985162257567E-03
2.43308077E-01 1.24866089347244844E-01 4.71143949686330700E-04 -1.85469820324419003E-03
2.50697554E-01 1.24862592295031216E-01 4.71310045572788502E-04 -1.98359048854036390E-03
2.58088523E-01 1.24859092830917576E-01 4.71481613496931419E-04 -2.11663498112955092E-03
2.65480777E-01 1.24855591011837241E-01 4.71658659289267944E-04 -2.25381710624866739E-03
2.72874375E-01 1.24852086768262607E-01 4.71841195110264992E-04 -2.39512208090263742E-03
2.80269376E-01 1.24848580030698514E-01 4.72029233539585948E-04 -2.54053710852264296E-03
2.87665838E-01 1.24845070729659405E-01 4.72222787574701371E-04 -2.69004906505385414E-03
2.95063820E-01 1.24841558795673310E-01 4.72421870629436650E-04 -2.84364448068377814E-03
3.02463379E-01 1.24838044159284872E-01 4.72626496532511150E-04 -3.00130954035271848E-03
3.09864573E-01 1.24834526751054511E-01 4.72836679526037460E-04 -3.16303007544458357E-03
3.17267459E-01 1.24831006501557831E-01 4.73052434263987790E-04 -3.32879156059491445E-03
3.24672092E-01 1.24827483341390183E-01 4.73273775810625344E-04 -3.49857910738058525E-03
3.32078529E-01 1.24823957201160823E-01 4.73500719638884524E-04 -3.67237745943657656E-03
3.39486826E-01 1.24820428011507376E-01 4.73733281628766856E-04 -3.85017098548267331E-03
3.46897036E-01 1.24816895703086503E-01 4.73971478065617969E-04 -4.03194367303030213E-03
3.54309216E-01 1.24813360206579696E-01 4.74215325638480698E-04 -4.21767912519092642E-03
3.61723418E-01 1.24809821452690428E-01 4.74464841438308152E-04 -4.40736054942843583E-03
3.69139446E-01 1.24806279491833524E-01 4.74720034240046706E-04 -4.60096748016451413E-03
3.76557312E-01 1.24802734274327920E-01 4.74980919923507171E-04 -4.79847826462134319E-03
3.83977071E-01 1.24799185730260734E-01 4.75247516182919093E-04 -4.99987395233589781E-03
3.91398776E-01 1.24795633789748298E-01 4.75519841111432930E-04 -5.20513573291575635E-03
3.98822481E-01 1.24792078382930716E-01 4.75797913199280651E-04 -5.41424437968897592E-03
4.06248239E-01 1.24788519439971768E-01 4.76081751331855940E-04 -5.62718024279875318E-03
4.13676102E-01 1.24784956891065155E-01 4.76371374787806160E-04 -5.84392324252584142E-03
4.21106122E-01 1.24781390666422576E-01 4.76666803237044796E-04 -6.06445286339060002E-03
4.28538350E-01 1.24777820696290939E-01 4.76968056738781240E-04 -6.28874814625371686E-03
4.35972836E-01 1.24774246910942188E-01 4.77275155739462545E-04 -6.51678768271692337E-03
4.43409630E-01 1.24770669240677992E-01 4.77588121070711598E-04 -6.74854960469001112E-03
4.50848782E-01 1.24767087615832620E-01 4.77906973947258618E-04 -6.98401158197664660E-03
4.58290341E-01 1.24763501966768692E-01 4.78231735964783225E-04 -7.22315080887694916E-03
4.65734355E-01 1.24759912223886424E-01 4.78562429097767982E-04 -7.46594400213740784E-03
4.73180870E-01 1.24756318317616133E-01 4.78899075697297250E-04 -7.71236738811520006E-03
4.80629767E-01 1.24752720259442132E-01 4.79241690710329035E-04 -7.96239388304859595E-03
4.88080996E-01 1.24749118026304714E-01 4.79590292324410833E-04 -8.21599412618291731E-03
4.95534604E-01 1.24745511547841637E-01 4.79944903500683284E-04 -8.47314093406019778E-03
5.02990640E-01 1.24741900753732080E-01 4.80305547573354271E-04 -8.73380823568346148E-03
5.10449149E-01 1.24738285573688198E-01 4.80672248247405564E-04 -8.99796944949327916E-03
5.17910179E-01 1.24734665937462741E-01 4.81045029596242218E-04 -9.26559746583535682E-03
5.25373774E-01 1.24731041774837306E-01 4.81423916059354920E-04 -9.53666464773404721E-03
5.32839979E-01 1.24727413015628660E-01 4.81808932439872837E-04 -9.81114281734382296E-03
5.40308838E-01 1.24723779589691650E-01 4.82200103902198814E-04 -1.00890032489547969E-02
5.47780395E-01 1.24720141426917008E-01 4.82597455969479433E-04 -1.03702166635230384E-02
5.55254691E-01 1.24716498457232677E-01 4.83001014521140196E-04 -1.06547532175210492E-02
5.62731770E-01 1.24712850610605414E-01 4.83410805790367029E-04 -1.09425824962005921E-02
5.70211672E-01 1.24709197817041553E-01 4.83826856361539649E-04 -1.12336735050534760E-02
5.77694437E-01 1.24705540006588678E-01 4.84249193167642165E-04 -1.15279946629119681E-02
5.85180105E-01 1.24701877109333711E-01 4.84677843487655029E-04 -1.18255137900671325E-02
5.92668715E-01 1.24698209055407155E-01 4.85112834943887466E-04 -1.21261981042514889E-02
6.00160306E-01 1.24694535774982546E-01 4.85554195499341291E-04 -1.24300142114053477E-02
6.07654728E-01 1.24690857289751905E-01 4.86001942246680160E-04 -1.27369242729555229E-02
6.15151979E-01 1.24687173549074784E-01 4.86456101019082008E-04 -1.30468889115776306E-02
6.22652100E-01 1.24683484482160087E-01 4.86916700400346822E-04 -1.33598718676298245E-02
6.30155126E-01 1.24679790018269898E-01 4.87383769310835500E-04 -1.36758370866502041E-02
6.37661097E-01 1.24676090086708768E-01 4.87857337004687138E-04 -1.39947478764167743E-02
6.45170048E-01 1.24672384616826448E-01 4.88337433067024661E-04 -1.43165668908882774E-02
6.52682015E-01 1.24668673538010741E-01 4.88824087411096706E-04 -1.46412561294158496E-02
6.60197033E-01 1.24664956779698133E-01 4.89317330275434352E-04 -1.49687769236585329E-02
6.67715137E-01 1.24661234271367882E-01 4.89817192220945463E-04 -1.52990899336357695E-02
6.75236358E-01 1.24657505942541297E-01 4.90323704127966628E-04 -1.56321551380311646E-02
6.82760731E-01 1.24653771722789269E-01 4.90836897193337122E-04 -1.59679318250816292E-02
6.90288286E-01 1.24650031541727421E-01 4.91356802927376364E-04 -1.63063785890297866E-02
6.97819055E-01 1.24646285329016865E-01 4.91883453150899217E-04 -1.66474533184893282E-02
7.05353067E-01 1.24642533014369922E-01 4.92416879992152033E-04 -1.69911131901950840E-02
7.12890352E-01 1.24638774527544627E-01 4.92957115883737532E-04 -1.73373146601337597E-02
7.20430938E-01 1.24635009798348267E-01 4.93504193559539026E-04 -1.76860134647976314E-02
7.27974853E-01 1.24631238756639229E-01 4.94058146051563982E-04 -1.80371645981015523E-02
7.35522124E-01 1.24627461332325301E-01 4.94619006686794417E-04 -1.83907223203699476E-02
7.43072775E-01 1.24623677455364110E-01 4.95186809084003894E-04 -1.87466401387772971E-02
7.50626833E-01 1.24619887055769027E-01 4.95761587150548395E-04 -1.91048708147541178E-02
7.58184156E-01 1.24616090146912314E-01 4.96343362245661420E-04 -1.94653623807504693E-02
7.65744762E-01 1.24612286662030183E-01 4.96932167958444521E-04 -1.98280619170762805E-02
7.73308676E-01 1.24608476530015347E-01 4.97528038830480509E-04 -2.01929196810518470E-02
7.80875922E-01 1.24604659679817431E-01 4.98131009687032824E-04 -2.05598853823512340E-02
7.88446526E-01 1.24600836040439977E-01 4.98741115633770491E-04 -2.09289079546428128E-02
7.96020509E-01 1.24597005540934544E-01 4.99358392053413590E-04 -2.12999355506319869E-02
8.03597894E-01 1.24593168110410393E-01 4.99982874602374300E-04 -2.16729155385340863E-02
8.11178703E-01 1.24589323678027025E-01 5.00614599207355746E-04 -2.20477944974174396E-02
8.18762956E-01 1.24585472172996356E-01 5.01253602061924844E-04 -2.24245182081868367E-02
8.26350673E-01 1.24581613524584828E-01 5.01899919623055644E-04 -2.28030316550401485E-02
8.33941871E-01 1.24577747662114033E-01 5.02553588607655439E-04 -2.31832790159323017E-02
8.41536570E-01 1.24573874514962255E-01 5.03214645989050213E-04 -2.35652036616640463E-02
8.49134786E-01 1.24569994012559401E-01 5.03883128993453180E-04 -2.39487481503685082E-02
8.56736535E-01 1.24566106084396014E-01 5.04559075096397761E-04 -2.43338542237060175E-02
8.64341831E-01 1.24562210660015507E-01 5.05242522019161118E-04 -2.47204628065647893E-02
8.71950691E-01 1.24558307669020638E-01 5.05933507725152254E-04 -2.51085140001373365E-02
8.79563126E-01 1.24554397041072504E-01 5.06632070416264207E-04 -2.54979470831768751E-02
8.87179150E-01 1.24550478705889867E-01 5.07338248529204351E-04 -2.58887005072984643E-02
8.94798773E-01 1.24546552593248872E-01 5.08052080731830557E-04 -2.62807118951732324E-02
9.02422008E-01 1.24542618632984978E-01 5.08773605919422942E-04 -2.66739180430787225E-02
9.10048862E-01 1.24538676754996913E-01 5.09502863210931989E-04 -2.70682549138874309E-02
9.17679347E-01 1.24534726889238820E-01 5.10239891945240436E-04 -2.74636576399195226E-02
9.25313469E-01 1.24530768965728594E-01 5.10984731677355231E-04 -2.78600605245474392E-02
9.32951235E-01 1.24526802914544821E-01 5.11737422174611632E-04 -2.82573970388776165E-02
9.40592653E-01 1.24522828665825161E-01 5.12498003412839576E-04 -2.86555998233605294E-02
9.48237726E-01 1.24518846149770032E-01 5.13266515572497525E-04 -2.90546006911344516E-02
9.55886461E-01 1.24514855296644161E-01 5.14042999034784623E-04 -2.94543306270782512E-02
9.63538860E-01 1.24510856036771644E-01 5.14827494377761204E-04 -2.98547197924893225E-02
9.71194890E-01 1.24506848319870411E-01 5.15620038533532755E-04 -3.02556965567516017E-02
9.78854499E-01 1.24502832103857056E-01 5.16420666870553318E-04 -3.06571871108907608E-02
9.86517692E-01 1.24498807317810392E-01 5.17229420597650584E-04 -3.10591178757799770E-02
9.94184472E-01 1.24494773890880275E-01 5.18046341113687406E-04 -3.14614159036103389E-02
1.00185484E+00 1.24490731752282979E-01 5.18871470003594163E-04 -3.18640074493561701E-02
1.00952880E+00 1.24486680831302127E-01 5.19704849034284999E-04 -3.22668179676639591E-02
1.01720636E+00 1.24482621057282583E-01 5.20546520150612022E-04 -3.26697721269658611E-02
1.02488750E+00 1.24478552359639588E-01 5.21396525471237303E-04 -3.30727938077416128E-02
1.03257223E+00 1.24474474667851429E-01 5.22254907284540348E-04 -3.34758061127900935E-02
1.04026055E+00 1.24470387911462727E-01 5.23121708044456705E-04 -3.38787313788708327E-02
1.04795246E+00 1.24466292020085051E-01 5.23996970366289046E-04 -3.42814911748675760E-02
1.05564795E+00 1.24462186923396612E-01 5.24880737022561609E-04 -3.46840063206559704E-02
1.06334701E+00 1.24458072551141954E-01 5.25773050938788990E-04 -3.50861968915418751E-02
1.07104964E+00 1.24453948833133307E-01 5.26673955189243420E-04 -3.54879822275464274E-02
1.07875584E+00 1.24449815699252481E-01 5.27583492992732229E-04 -3.58892809467818916E-02
1.08646559E+00 1.24445673079443639E-01 5.28501707708308095E-04 -3.62900109580822500E-02
1.09417890E+00 1.24441520903724789E-01 5.29428642831006389E-04 -3.66900894648041626E-02
1.10189574E+00 1.24437359102176223E-01 5.30364341987534394E-04 -3.70894329915530743E-02
1.10961611E+00 1.24433187604952381E-01 5.31308848931978726E-04 -3.74879573811716590E-02
1.11734000E+00 1.24429006342270651E-01 5.32262207541422234E-04 -3.78855778271819169E-02
1.12506739E+00 1.24424815244418591E-01 5.33224461811655326E-04 -3.82822088699568408E-02
1.13279828E+00 1.24420614241752048E-01 5.34195655852796230E-04 -3.86777644271555227E-02
1.14053266E+00 1.24416403264692166E-01 5.35175833884903225E-04 -3.90721578035589864E-02
1.14827049E+00 1.24412182243734640E-01 5.36165040233601078E-04 -3.94653017081071922E-02
1.15601178E+00 1.24407951109434339E-01 5.37163319325676260E-04 -3.98571082731069490E-02
1.16375651E+00 1.24403709792420616E-01 5.38170715684683533E-04 -4.02474890745930375E-02
1.17150466E+00 1.24399458223387868E-01 5.39187273926484468E-04 -4.06363551466013134E-02
1.17925621E+00 1.24395196333097341E-01 5.40213038754880272E-04 -4.10236170077217521E-02
1.18701114E+00 1.24390924052379295E-01 5.41248054957116690E-04 -4.14091846767719110E-02
1.19476944E+00 1.24386641312125207E-01 5.42292367399480838E-04 -4.17929676985353063E-02
1.20253108E+00 1.24382348043298646E-01 5.43346021022818684E-04 -4.21748751607505384E-02
1.21029605E+00 1.24378044176925384E-01 5.44409060838100547E-04 -4.25548157258882065E-02
1.21806432E+00 1.24373729644098985E-01 5.45481531921951151E-04 -4.29326976467016980E-02
1.22583587E+00 1.24369404375974477E-01 5.46563479412200928E-04 -4.33084287952580083E-02
1.23361068E+00 1.24365068303774251E-01 5.47654948503387660E-04 -4.36819166862466718E-02
1.24138873E+00 1.24360721358781082E-01 5.48755984442329575E-04 -4.40530685095530949E-02
1.24916998E+00 1.24356363472340595E-01 5.49866632523632630E-04 -4.44217911454403702E-02
1.25695442E+00 1.24351994575864794E-01 5.50986938085250917E-04 -4.47879912064953062E-02
1.26474202E+00 1.24347614600817988E-01 5.52116946504007289E-04 -4.51515750506588237E-02
1.27253276E+00 1.24343223478732015E-01 5.53256703191142701E-04 -4.55124488279680245E-02
1.28032659E+00 1.24338821141195890E-01 5.54406253587884324E-04 -4.58705184938319743E-02
1.28812351E+00 1.24334407519853252E-01 5.55565643160978412E-04 -4.62256898520289131E-02
1.29592348E+00 1.24329982546405385E-01 5.56734917398282476E-04 -4.65778685785035867E-02
1.30372646E+00 1.24325546152612681E-01 5.57914121804335130E-04 -4.69269602554722512E-02
1.31153244E+00 1.24321098270286562E-01 5.59103301895937099E-04 -4.72728704106587724E-02
1.31934137E+00 1.24316638831288837E-01 5.60302503197777110E-04 -4.76155045386618334E-02
1.32715324E+00 1.24312167767537687E-01 5.61511771238042503E-04 -4.79547681426129579E-02
1.33496799E+00 1.24307685010995581E-01 5.62731151544051738E-04 -4.82905667727121582E-02
1.34278562E+00 1.24303190493678731E-01 5.63960689637930707E-04 -4.86228060490337052E-02
1.35060607E+00 1.24298684147641628E-01 5.65200431032267898E-04 -4.89513917117849334E-02
1.35842932E+00 1.24294165904993287E-01 5.66450421225856413E-04 -4.92762296454322402E-02
1.36625533E+00 1.24289635697872533E-01 5.67710705699372878E-04 -4.95972259256093964E-02
1.37408407E+00 1.24285093458468623E-01 5.68981329911163254E-04 -4.99142868506736170E-02
1.38191550E+00 1.24280539119004441E-01 5.70262339293031153E-04 -5.02273189811829543E-02
1.38974958E+00 1.24275972611740157E-01 5.71553779246029392E-04 -5.05362291794969193E-02
1.39758629E+00 1.24271393868966379E-01 5.72855695136332437E-04 -5.08409246483093810E-02
1.40542557E+00 1.24266802823007019E-01 5.74168132291106789E-04 -5.11413129699798477E-02
1.41326740E+00 1.24262199406214455E-01 5.75491135994453677E-04 -5.14373021447041764E-02
1.42111173E+00 1.24257583550963502E-01 5.76824751483346991E-04 -5.17288006370836342E-02
1.42895854E+00 1.24252955189657469E-01 5.78169023943661520E-04 -5.20157174066026087E-02
1.43680777E+00 1.24248314254712514E-01 5.79523998506209005E-04 -5.22979619568357465E-02
1.44465938E+00 1.24243660678565335E-01 5.80889720242863520E-04 -5.25754443744606698E-02
1.45251335E+00 1.24238994393664148E-01 5.82266234162680577E-04 -5.28480753691146846E-02
1.46036962E+00 1.24234315332470008E-01 5.83653585208127458E-04 -5.31157663159420659E-02
1.46822816E+00 1.24229623427444411E-01 5.85051818251340443E-04 -5.33784292966820589E-02
1.47608892E+00 1.24224918611057292E-01 5.86460978090421066E-04 -5.36359771443227287E-02
1.48395187E+00 1.24220200815775575E-01 5.87881109445850662E-04 -5.38883234808285455E-02
1.49181696E+00 1.24215469974060813E-01 5.89312256956914552E-04 -5.41354055453132157E-02
1.49968414E+00 1.24210726018363457E-01 5.90754465178226209E-04 -5.43770655053933474E-02
1.50755338E+00 1.24205968881126311E-01 5.92207778576301605E-04 -5.46133037008486727E-02
1.51542463E+00 1.24201198499843360E-01 5.93672239964647495E-04 -5.48439974588860804E-02
1.52329778E+00 1.24196414839274030E-01 5.95147883593321746E-04 -5.50690699905083889E-02
1.53117279E+00 1.24191617832417514E-01 5.96634753283841303E-04 -5.52884400798104372E-02
1.53904962E+00 1.24186807412209194E-01 5.98132892762564855E-04 -5.55020281767789406E-02
1.54692822E+00 1.24181983511524138E-01 5.99642345658227792E-04 -5.57097558809180396E-02
1.55480855E+00 1.24177146063165530E-01 6.01163155499580813E-04 -5.59115459638592840E-02
1.56269056E+00 1.24172294999854757E-01 6.02695365713013897E-04 -5.61073224104037260E-02
1.57057421E+00 1.24167430254230479E-01 6.04239019620317753E-04 -5.62970104631781848E-02
1.57845945E+00 1.24162551758842207E-01 6.05794160436549782E-04 -5.64805366570852105E-02
1.58634623E+00 1.24157659446139254E-01 6.07360831267989487E-04 -5.66578288613239361E-02
1.59423451E+00 1.24152753248468056E-01 6.08939075110225079E-04 -5.68288163184685752E-02
1.60212424E+00 1.24147833098063709E-01 6.10528934846334289E-04 -5.69934296806062154E-02
1.61001539E+00 1.24142898927042819E-01 6.12130453245221203E-04 -5.71516010505246710E-02
1.61790789E+00 1.24137950667393415E-01 6.13743672960060868E-04 -5.73032640141573554E-02
1.62580170E+00 1.24132988250971840E-01 6.15368636526846240E-04 -5.74483536812844531E-02
1.63369678E+00 1.24128011609493813E-01 6.17005386363125743E-04 -5.75868067181866256E-02
1.64159309E+00 1.24123020674523729E-01 6.18653964766826799E-04 -5.77185613842869649E-02
1.64949057E+00 1.24118015377464544E-01 6.20314413915246218E-04 -5.78435575651017331E-02
1.65738917E+00 1.24112995649560617E-01 6.21986775864163976E-04 -5.79617368050475423E-02
1.66528887E+00 1.24107961421875398E-01 6.23671092547146500E-04 -5.80730423403705495E-02
1.67318959E+00 1.24102912625289455E-01 6.25367405774956216E-04 -5.81774191303563240E-02
1.68109131E+00 1.24097849190490286E-01 6.27075757235122638E-04 -5.82748138856815645E-02
1.68899397E+00 1.24092771047960612E-01 6.28796188491724116E-04 -5.83651750976475550E-02
1.69689753E+00 1.24087678127972140E-01 6.30528740985274866E-04 -5.84484530662406285E-02
1.70480194E+00 1.24082570360576280E-01 6.32273456032806497E-04 -5.85245999252125559E-02
1.71270716E+00 1.24077447675585761E-01 6.34030374828131586E-04 -5.85935696666243164E-02
1.72061315E+00 1.24072310002578318E-01 6.35799538442251874E-04 -5.86553181649030128E-02
1.72851984E+00 1.24067157270871239E-01 6.37580987824002397E-04 -5.87098031986046306E-02
1.73642721E+00 1.24061989409521969E-01 6.39374763800820939E-04 -5.87569844686872192E-02
1.74433521E+00 1.24056806347307730E-01 6.41180907079748103E-04 -5.87968236159970917E-02
1.75224379E+00 1.24051608012721859E-01 6.42999458248607030E-04 -5.88292842182849898E-02
1.76015291E+00 1.24046394333956839E-01 6.44830457777387928E-04 -5.88543317399528240E-02
1.76806252E+00 1.24041165238898965E-01 6.46673946019823195E-04 -5.88719332460883940E-02
1.77597258E+00 1.24035920655104118E-01 6.48529963215193814E-04 -5.88820554654194070E-02
1.78388305E+00 1.24030660509797996E-01 6.50398549490320273E-04 -5.88846230979230140E-02
1.79179388E+00 1.24025384729856719E-01 6.52279744861768260E-04 -5.88799422395197697E-02
1.79970503E+00 1.24020093241795637E-01 6.54173589238347757E-04 -5.88672540197232863E-02
1.80761647E+00 1.24014785971754818E-01 6.56080122423693111E-04 -5.88472911423078421E-02
1.81552814E+00 1.24009462845485530E-01 6.57999384119207619E-04 -5.88196577341816226E-02
1.82344001E+00 1.24004123788338375E-01 6.59931413927202296E-04 -5.87844136967953235E-02
1.83135203E+00 1.23998768725247024E-01 6.61876251354214396E-04 -5.87415403694153959E-02
1.83926417E+00 1.23993397580714496E-01 6.63833935814660638E-04 -5.86910241912662958E-02
1.84717638E+00 1.23988010278801145E-01 6.65804506634657279E-04 -5.86328536624055111E-02
1.85508863E+00 1.23982606743102339E-01 6.67788003056148430E-04 -5.85670194255117071E-02
1.86300088E+00 1.23977186896739686E-01 6.69784464241249483E-04 -5.84935142384264972E-02
1.87091309E+00 1.23971750662343769E-01 6.71793929276871447E-04 -5.84123329746917413E-02
1.87882522E+00 1.23966297962038577E-01 6.73816437179608203E-04 -5.83234726240262347E-02
1.88673723E+00 1.23960828717423463E-01 6.75852026900877799E-04 -5.82269322886207613E-02
1.89464909E+00 1.23955342849560821E-01 6.77900737332350609E-04 -5.81227131800791524E-02
1.90256077E+00 1.23949840278951937E-01 6.79962607311643242E-04 -5.80108186130929293E-02
1.91047222E+00 1.23944320925526319E-01 6.82037675628293142E-04 -5.78912539983774677E-02
1.91838341E+00 1.23938784708624516E-01 6.84125981030029836E-04 -5.77640268343453875E-02
1.92629431E+00 1.23933231546973666E-01 6.86227562229313752E-04 -5.76291466952467274E-02
1.93420489E+00 1.23927661358678318E-01 6.88342457910186322E-04 -5.74866252224277216E-02
1.94211511E+00 1.23922074061195223E-01 6.90470706735403484E-04 -5.73364761086086611E-02
1.95002494E+00 1.23916469571317578E-01 6.92612347353863665E-04 -5.71787150856737092E-02
1.95793436E+00 1.23910847805157681E-01 6.94767418408364268E-04 -5.70133599081790593E-02
1.96584332E+00 1.23905208678124504E-01 6.96935958543632686E-04 -5.68404303368410246E-02
1.97375181E+00 1.23899552104905802E-01 6.99118006414694388E-04 -5.66599481208732228E-02
1.98165979E+00 1.23893877999447510E-01 7.01313600695540685E-04 -5.64719369785317560E-02
1.98956724E+00 1.23888186274936293E-01 7.03522780088106027E-04 -5.62764225765134685E-02
1.99747413E+00 1.23882476843774084E-01 7.05745583331601365E-04 -5.60734325092141286E-02
2.00538044E+00 1.23876749617562509E-01 7.07982049212130802E-04 -5.58629962749181211E-02
2.01328613E+00 1.23871004507079649E-01 7.10232216572649123E-04 -5.56451452530200355E-02
2.02119119E+00 1.23865241422257522E-01 7.12496124323270066E-04 -5.54199126808859049E-02
2.02909559E+00 1.23859460272162769E-01 7.14773811451881527E-04 -5.51873336227454991E-02
2.03699932E+00 1.23853660964974716E-01 7.17065317035100666E-04 -5.49474449498141698E-02
2.04490234E+00 1.23847843407959818E-01 7.19370680249589180E-04 -5.47002853078012857E-02
2.05280465E+00 1.23842007507454263E-01 7.21689940383693843E-04 -5.44459267917326573E-02
2.06070622E+00 1.23836153168838420E-01 7.24023136849427694E-04 -5.41843081442953192E-02
2.06860703E+00 1.23830280296510248E-01 7.26370309194819541E-04 -5.39155939689886232E-02
2.07650708E+00 1.23824388793870768E-01 7.28731497116587952E-04 -5.36397715661256214E-02
2.08440633E+00 1.23818478563293324E-01 7.31106740473170765E-04 -5.33568968445188724E-02
2.09230478E+00 1.23812549506101710E-01 7.33496079298151635E-04 -5.30670186668612404E-02
2.10020242E+00 1.23806601522548590E-01 7.35899553813980280E-04 -5.27701872711064182E-02
2.10809922E+00 1.23800634511784483E-01 7.38317204446097908E-04 -5.24664544172084718E-02
2.11599519E+00 1.23794648371843286E-01 7.40749071837414237E-04 -5.21558733564636418E-02
2.12389031E+00 1.23788642999608581E-01 7.43195196863130061E-04 -5.18384987999546756E-02
2.13178458E+00 1.23782618290792887E-01 7.45655620645946544E-04 -5.15143868743826866E-02
2.13967797E+00 1.23776574139909917E-01 7.48130384571625041E-04 -5.11835950996358119E-02
2.14757050E+00 1.23770510440250933E-01 7.50619530304947962E-04 -5.08461823401074042E-02
2.15546215E+00 1.23764427083859041E-01 7.53123099805991670E-04 -5.05022087764976299E-02
2.16335292E+00 1.23758323961503811E-01 7.55641135346841954E-04 -5.01517358653493020E-02
2.17124281E+00 1.23752200962651188E-01 7.58173679528630854E-04 -4.97948263040492237E-02
2.17913181E+00 1.23746057975440457E-01 7.60720775298970959E-04 -4.94315439909103066E-02
2.18701993E+00 1.23739894886659249E-01 7.63282465969766571E-04 -4.90619539912527658E-02
2.19490716E+00 1.23733711581714034E-01 7.65858795235409761E-04 -4.86861224975102744E-02
2.20279352E+00 1.23727507944598331E-01 7.68449807191321746E-04 -4.83041167916646100E-02
2.21067899E+00 1.23721283857878686E-01 7.71055546352940194E-04 -4.79160052099779771E-02
2.21856360E+00 1.23715039202655877E-01 7.73676057675032119E-04 -4.75218571020282615E-02
2.22644734E+00 1.23708773858539706E-01 7.76311386571402182E-04 -4.71217427945924347E-02
2.23433022E+00 1.23702487703625977E-01 7.78961578935029580E-04 -4.67157335567962226E-02
2.24221226E+00 1.23696180614464399E-01 7.81626681158527153E-04 -4.63039015567915796E-02
2.25009345E+00 1.23689852466031272E-01 7.84306740155043939E-04 -4.58863198284573531E-02
2.25797376E+00 1.23683503186307914E-01 7.87001780194599527E-04 -4.54630640506066899E-02
2.26585310E+00 1.23677132711551396E-01 7.89711821704234184E-04 -4.50342129485446566E-02
2.27373150E+00 1.23670740916534197E-01 7.92436910977889573E-04 -4.45998444682092973E-02
2.28160895E+00 1.23664327674404911E-01 7.95177094872393463E-04 -4.41600352767311799E-02
2.28948549E+00 1.23657892856654586E-01 7.97932420834578235E-04 -4.37148627234264786E-02
2.29736112E+00 1.23651436333095638E-01 8.00702936926241051E-04 -4.32644048100743195E-02
2.30523585E+00 1.23644957971831476E-01 8.03488691848634469E-04 -4.28087401510766838E-02
2.31310971E+00 1.23638457639225707E-01 8.06289734967087697E-04 -4.23479479348372254E-02
2.32098271E+00 1.23631935199877044E-01 8.09106116335961997E-04 -4.18821078935427693E-02
2.32885488E+00 1.23625390516584985E-01 8.11937886723974075E-04 -4.14113002687102535E-02
2.33672623E+00 1.23618823450322352E-01 8.14785097639965719E-04 -4.09356057682616278E-02
2.34459679E+00 1.23612233860209406E-01 8.17647801359098017E-04 -4.04551055472900586E-02
2.35246658E+00 1.23605621603477184E-01 8.20526050949464615E-04 -3.99698811579097465E-02
2.36033564E+00 1.23598986535442545E-01 8.23419900299185176E-04 -3.94800145326569540E-02
2.36820398E+00 1.23592328509476670E-01 8.26329404143889357E-04 -3.89855879446337553E-02
2.37607164E+00 1.23585647376980523E-01 8.29254618094707767E-04 -3.84866839688061055E-02
2.38393864E+00 1.23578942987344634E-01 8.32195598666663535E-04 -3.79833854693503309E-02
2.39180503E+00 1.23572215187927797E-01 8.35152403307574324E-04 -3.74757755553762895E-02
2.39967082E+00 1.23565463824029956E-01 8.38125090427362541E-04 -3.69639375492410646E-02
2.40753606E+00 1.23558688738849967E-01 8.41113719427867643E-04 -3.64479549760058918E-02
2.41540079E+00 1.23551889773468787E-01 8.44118350733149159E-04 -3.59279115073068908E-02
2.42326482E+00 1.23545066951496085E-01 8.47138964081713434E-04 -3.54038980319436314E-02
2.43112819E+00 1.23538220128474430E-01 8.50175613321094864E-04 -3.48760064406345160E-02
2.43899091E+00 1.23531349144725924E-01 8.53228359115545173E-04 -3.43443218503457839E-02
2.44685305E+00 1.23524453838370157E-01 8.56297263239446413E-04 -3.38089289198144141E-02
2.45471462E+00 1.23517534045296584E-01 8.59382388616222867E-04 -3.32699123233565763E-02
2.46257568E+00 1.23510589599136550E-01 8.62483799354188895E-04 -3.27273567424778630E-02
2.47043626E+00 1.23503620331237476E-01 8.65601560781644017E-04 -3.21813468234223021E-02
2.47829641E+00 1.23496626070629542E-01 8.68735739482118263E-04 -3.16319671646186837E-02
2.48615618E+00 1.23489606643994235E-01 8.71886403329999709E-04 -3.10793022950127083E-02
2.49401561E+00 1.23482561875643410E-01 8.75053621526703353E-04 -3.05234366452068022E-02
2.50187475E+00 1.23475491587477657E-01 8.78237464637361492E-04 -2.99644545350714955E-02
2.50973365E+00 1.23468395598963387E-01 8.81438004628108673E-04 -2.94024401467765512E-02
2.51759236E+00 1.23461273727100057E-01 8.84655314903956243E-04 -2.88374775124373463E-02
2.52545094E+00 1.23454125786395044E-01 8.87889470347311225E-04 -2.82696504849977194E-02
2.53330943E+00 1.23446951588827875E-01 8.91140547357054439E-04 -2.76990427368408419E-02
2.54116769E+00 1.23439751130081918E-01 8.94408539415236076E-04 -2.71257451129956403E-02
2.54902569E+00 1.23432524298919100E-01 8.97693488550984579E-04 -2.65498515854258009E-02
2.55688349E+00 1.23425270905922271E-01 9.00995472580876371E-04 -2.59714487227062293E-02
2.56474113E+00 1.23417990759036617E-01 9.04314570960839184E-04 -2.53906197920481976E-02
2.57259868E+00 1.23410683663555815E-01 9.07650864842619691E-04 -2.48074477766279493E-02
2.58045620E+00 1.23403349422094827E-01 9.11004437122072352E-04 -2.42220153606013643E-02
2.58831375E+00 1.23395987834563681E-01 9.14375372485373749E-04 -2.36344049091037969E-02
2.59617138E+00 1.23388598698135260E-01 9.17763757454806927E-04 -2.30446984739295820E-02
2.60402916E+00 1.23381181807220769E-01 9.21169680435092171E-04 -2.24529777615175771E-02
2.61188715E+00 1.23373736953437910E-01 9.24593231760390639E-04 -2.18593241327691493E-02
2.61974543E+00 1.23366263925580436E-01 9.28034503742013487E-04 -2.12638185966386312E-02
2.62760405E+00 1.23358762509587092E-01 9.31493590717078586E-04 -2.06665417925058527E-02
2.63546309E+00 1.23351232488517287E-01 9.34970589097967593E-04 -2.00675739849820282E-02
2.64332233E+00 1.23343673904706949E-01 9.38465476326771735E-04 -1.94670054346538050E-02
2.65118180E+00 1.23336086599631842E-01 9.41978323027915722E-04 -1.88649285836580138E-02
2.65904155E+00 1.23328470354173270E-01 9.45509228553656446E-04 -1.82614252484336360E-02
2.66690166E+00 1.23320824946193480E-01 9.49058294500978528E-04 -1.76565745004291993E-02
2.67476220E+00 1.23313150150528572E-01 9.52625624783309745E-04 -1.70504549874067567E-02
2.68262324E+00 1.23305445738959366E-01 9.56211325692074435E-04 -1.64431449118518404E-02
2.69048486E+00 1.23297711480189351E-01 9.59815505955449884E-04 -1.58347220382724675E-02
2.69834713E+00 1.23289947139811368E-01 9.63438276796964419E-04 -1.52252636858409701E-02
2.70621012E+00 1.23282152480279558E-01 9.67079751994772145E-04 -1.46148467225610691E-02
2.71407392E+00 1.23274327260878822E-01 9.70740047941965820E-04 -1.40035475655404321E-02
2.72193860E+00 1.23266471237696837E-01 9.74419283708114750E-04 -1.33914421840004867E-02
2.72980414E+00 1.23258584263958054E-01 9.78117534105533374E-04 -1.27786099683244083E-02
2.73767036E+00 1.23250666363466821E-01 9.81834795078404161E-04 -1.21651404266866908E-02
2.74553732E+00 1.23242717289327591E-01 9.85571190444694059E-04 -1.15511188852416864E-02
2.75340512E+00 1.23234736791267882E-01 9.89326846887825500E-04 -1.09366197186657136E-02
2.76127384E+00 1.23226724615638050E-01 9.93101894066604745E-04 -1.03217168198883290E-02
2.76914355E+00 1.23218680505395223E-01 9.96896464699007726E-04 -9.70648359310807840E-03
2.77701435E+00 1.23210604200076429E-01 1.00071069463833874E-03 -9.09099295632685885E-03
2.78488631E+00 1.23202495435768319E-01 1.00454472294762582E-03 -8.47531736145365824E-03
2.79275952E+00 1.23194353945078744E-01 1.00839869197473010E-03 -7.85952876883293933E-03
2.80063408E+00 1.23186179457103751E-01 1.01227274742868561E-03 -7.24369867423742438E-03
2.80851006E+00 1.23177971697392877E-01 1.01616703845778915E-03 -6.62789809606593918E-03
2.81638732E+00 1.23169730636715838E-01 1.02008159975249045E-03 -6.01220684786891568E-03
2.82426579E+00 1.23161456168914954E-01 1.02401650401474312E-03 -5.39671068471059886E-03
2.83214556E+00 1.23153148015480718E-01 1.02797190745079368E-03 -4.78148566420706807E-03
2.84002671E+00 1.23144805894163878E-01 1.03194796997049918E-03 -4.16660101351578813E-03
2.84790933E+00 1.23136429518969609E-01 1.03594485531447920E-03 -3.55212546635230242E-03
2.85579353E+00 1.23128018600131561E-01 1.03996273115702161E-03 -2.93812728338365119E-03
2.86367938E+00 1.23119572844089795E-01 1.04400176920217995E-03 -2.32467425946054213E-03
2.87156699E+00 1.23111091953453364E-01 1.04806214527914244E-03 -1.71183371965081686E-03
2.87945645E+00 1.23102575626960239E-01 1.05214403943896086E-03 -1.09967253855023359E-03
2.88734786E+00 1.23094023559445057E-01 1.05624763605341497E-03 -4.88257136624798088E-04
2.89524109E+00 1.23085435681637087E-01 1.06037300893455197E-03 1.22338015192725733E-04
2.90313603E+00 1.23076811908429146E-01 1.06452024174742460E-03 7.32030989874920906E-04
2.91103278E+00 1.23068151929411243E-01 1.06868952867639807E-03 1.34074883441462540E-03
2.91893144E+00 1.23059455430030024E-01 1.07288106855689793E-03 1.94842698915681750E-03
2.92683211E+00 1.23050722091589029E-01 1.07709506504050762E-03 2.55500134599257519E-03
2.93473488E+00 1.23041951591220736E-01 1.08133172672738079E-03 3.16040823204057292E-03
2.94263985E+00 1.23033143601854328E-01 1.08559126728949989E-03 3.76458440712709773E-03
2.95054713E+00 1.23024297792172568E-01 1.08987390559319125E-03 4.36746704803548519E-03
2.95845681E+00 1.23015413826568387E-01 1.09417986582342384E-03 4.96899374727489788E-03
2.96636900E+00 1.23006491365100543E-01 1.09850937761122106E-03 5.56910249673381839E-03
2.97428342E+00 1.22997530504950839E-01 1.10286246216091850E-03 6.16771699830942488E-03
2.98220010E+00 1.22988530967241272E-01 1.10723932604796303E-03 6.76475933560879549E-03
2.99011914E+00 1.22979492405254576E-01 1.11164021218099901E-03 7.36016680299935149E-03
2.99804067E+00 1.22970414467677661E-01 1.11606536937828714E-03 7.95387923665446216E-03
3.00596477E+00 1.22961296798580241E-01 1.12051505255365402E-03 8.54583686313178936E-03
3.01389155E+00 1.22952139037369845E-01 1.12498952287878678E-03 9.13598029085628018E-03
3.02182112E+00 1.22942940818753288E-01 1.12948904794028565E-03 9.72425049281392014E-03
3.02975359E+00 1.22933701772674403E-01 1.13401390189796290E-03 1.03105888065670726E-02
3.03768905E+00 1.22924421524262528E-01 1.13856436564662312E-03 1.08949369129238346E-02
3.04562737E+00 1.22915099990555415E-01 1.14314058163039354E-03 1.14772276082624521E-02
3.05356844E+00 1.22905737038115484E-01 1.14774272120321411E-03 1.20573864987701482E-02
3.06151237E+00 1.22896332283648088E-01 1.15237108261347651E-03 1.26353489635031863E-02
3.06945926E+00 1.22886885338699292E-01 1.15702597139249867E-03 1.32110584544459439E-02
3.07740924E+00 1.22877395809642423E-01 1.16170770061316915E-03 1.37844587602601702E-02
3.08536239E+00 1.22867863297624599E-01 1.16641659110371630E-03 1.43554939868749572E-02
3.09331884E+00 1.22858287398510790E-01 1.17115297165007069E-03 1.49241085491247198E-02
3.10127870E+00 1.22848667702812914E-01 1.17591717919808851E-03 1.54902471620905549E-02
3.10924207E+00 1.22839003795617061E-01 1.18070955905967795E-03 1.60538548244848235E-02
3.11720884E+00 1.22829295518930973E-01 1.18553033514323387E-03 1.66148692672759939E-02
3.12517888E+00 1.22819542768603074E-01 1.19037971018072703E-03 1.71732195421969921E-02
3.13315228E+00 1.22809745119196428E-01 1.19525805191201618E-03 1.77288428083587149E-02
3.14112917E+00 1.22799902139420256E-01 1.20016573712805412E-03 1.82816857306857851E-02
3.14910965E+00 1.22790013392100994E-01 1.20510315199950750E-03 1.88316952434404057E-02
3.15709383E+00 1.22780078434123724E-01 1.21007069234772076E-03 1.93788185342344925E-02
3.16508183E+00 1.22770096816344140E-01 1.21506876390071713E-03 1.99230030366408864E-02
3.17307377E+00 1.22760068083496987E-01 1.22009778254850978E-03 2.04641964073968390E-02
3.18106974E+00 1.22749991774106851E-01 1.22515817460283746E-03 2.10023465349309241E-02
3.18906962E+00 1.22739867747548137E-01 1.23025021293898763E-03 2.15373929051580620E-02
3.19707327E+00 1.22729695822437507E-01 1.23537419789815730E-03 2.20692678877979359E-02
3.20508083E+00 1.22719475524084562E-01 1.24053058449311048E-03 2.25979130164884814E-02
3.21309239E+00 1.22709206371058199E-01 1.24571983903047482E-03 2.31232777061912351E-02
3.22110808E+00 1.22698887875139162E-01 1.25094243950165827E-03 2.36453115727604767E-02
3.22912801E+00 1.22688519541219926E-01 1.25619887591261808E-03 2.41639644172546957E-02
3.23715229E+00 1.22678100867193246E-01 1.26148965059763693E-03 2.46791862101794907E-02
3.24518105E+00 1.22667631343835778E-01 1.26681527853222844E-03 2.51909270854938361E-02
3.25321438E+00 1.22657110454670523E-01 1.27217628765033093E-03 2.56991373238667185E-02
3.26125205E+00 1.22646538154969315E-01 1.27757297524431265E-03 2.62037559746701072E-02
3.26929403E+00 1.22635914089483725E-01 1.28300580540303922E-03 2.67047185364184085E-02
3.27734046E+00 1.22625237725073596E-01 1.28847534231586172E-03 2.72019724148246274E-02
3.28539143E+00 1.22614508520714080E-01 1.29398216421019270E-03 2.76954692670997697E-02
3.29344707E+00 1.22603725927401583E-01 1.29952686378487204E-03 2.81851608723303095E-02
3.30150749E+00 1.22592889388010676E-01 1.30511004858794807E-03 2.86709991238282350E-02
3.30957281E+00 1.22581998337149195E-01 1.31073234137908602E-03 2.91529360041782246E-02
3.31764314E+00 1.22571052200989461E-01 1.31639438048985406E-03 2.96309235863996823E-02
3.32571859E+00 1.22560050419412453E-01 1.32209680864990250E-03 3.01049135399793326E-02
3.33379878E+00 1.22548993063202966E-01 1.32783995345112701E-03 3.05748436212054629E-02
3.34188383E+00 1.22537879538127337E-01 1.33362449737712760E-03 3.10406526715839848E-02
3.34997385E+00 1.22526709240685386E-01 1.33945113950664969E-03 3.15022939565460652E-02
3.35806898E+00 1.22515481558004860E-01 1.34532059607647995E-03 3.19597207957126248E-02
3.36616931E+00 1.22504195867679869E-01 1.35123360091467812E-03 3.24128865506164987E-02
3.37427498E+00 1.22492851537589126E-01 1.35719090583004127E-03 3.28617446059193269E-02
3.38238608E+00 1.22481447925690046E-01 1.36319328098608809E-03 3.33062483603221021E-02
3.39050275E+00 1.22469984379807356E-01 1.36924151526878076E-03 3.37463512131539675E-02
3.39862489E+00 1.22458460517923917E-01 1.37533626868045875E-03 3.41820012801938231E-02
3.40675232E+00 1.22446876105802557E-01 1.38147813572946174E-03 3.46131388140111101E-02
3.41488516E+00 1.22435230465470390E-01 1.38766795808806438E-03 3.50397098513601513E-02
3.42302352E+00 1.22423522907832857E-01 1.39390659713089344E-03 3.54616687389020177E-02
3.43116752E+00 1.22411752732506304E-01 1.40019493443625234E-03 3.58789697763226764E-02
3.43931728E+00 1.22399919227604459E-01 1.40653387216837481E-03 3.62915672179269927E-02
3.44747290E+00 1.22388021669503855E-01 1.41292433341272329E-03 3.66994152403242735E-02
3.45563452E+00 1.22376059322575795E-01 1.41936726248793432E-03 3.71024679439785551E-02
3.46380224E+00 1.22364031438931528E-01 1.42586362524154396E-03 3.75006793306428415E-02
3.47197577E+00 1.22351937851686521E-01 1.43241408866462893E-03 3.78939936990001086E-02
3.48015514E+00 1.22339777949126496E-01 1.43901957276893594E-03 3.82823532605768915E-02
3.48834045E+00 1.22327550951020450E-01 1.44568110297648529E-03 3.86657101993220995E-02
3.49653182E+00 1.22315256063762826E-01 1.45239972683500998E-03 3.90440191409262838E-02
3.50472938E+00 1.22302892480140549E-01 1.45917651434124924E-03 3.94172345681082364E-02
3.51293323E+00 1.22290459379070376E-01 1.46601255816398101E-03 3.97853107980951290E-02
3.52114349E+00 1.22277955925304771E-01 1.47290897381807694E-03 4.01482019737710583E-02
3.52936027E+00 1.22265381269147919E-01 1.47986689980591319E-03 4.05058620451607537E-02
3.53758359E+00 1.22252734714945702E-01 1.48688740425446790E-03 4.08582424192595189E-02
3.54581315E+00 1.22240015999920321E-01 1.49397132855720247E-03 4.12052860926931247E-02
3.55404908E+00 1.22227224235674337E-01 1.50111987343579502E-03 4.15469388207801091E-02
3.56229149E+00 1.22214358518096949E-01 1.50833426222563038E-03 4.18831548409915183E-02
3.57054050E+00 1.22201417927169598E-01 1.51561574110530960E-03 4.22138881334737301E-02
3.57879622E+00 1.22188401526704501E-01 1.52296557913308831E-03 4.25390924148627350E-02
3.58705877E+00 1.22175308364064761E-01 1.53038506819468297E-03 4.28587211197641246E-02
3.59532825E+00 1.22162137469863513E-01 1.53787552289633058E-03 4.31727273850329649E-02
3.60360479E+00 1.22148887857673902E-01 1.54543828041351305E-03 4.34810640368225865E-02
3.61188817E+00 1.22135559056991500E-01 1.55307439554749536E-03 4.37836775587754842E-02
3.62017833E+00 1.22122150337428112E-01 1.56078508025789264E-03 4.40805114285020214E-02
3.62847537E+00 1.22108660666688448E-01 1.56857172919577185E-03 4.43715153650491995E-02
3.63677942E+00 1.22095088994340531E-01 1.57643575793325321E-03 4.46566420409524253E-02
3.64509059E+00 1.22081434251642279E-01 1.58437860276207441E-03 4.49358437505544828E-02
3.65340899E+00 1.22067695351314481E-01 1.59240172032146460E-03 4.52090723943239514E-02
3.66173474E+00 1.22053871187313423E-01 1.60050658713198433E-03 4.54762794625226674E-02
3.67006643E+00 1.22039963169991120E-01 1.60869321040952467E-03 4.57373923943215632E-02
3.67839003E+00 1.22025994008176694E-01 1.61694902827535570E-03 4.59921249845092750E-02
3.68670597E+00 1.22011962429474541E-01 1.62527547975965738E-03 4.62402402718008476E-02
3.69501467E+00 1.21997867150166431E-01 1.63367399291398257E-03 4.64817330756025562E-02
3.70331655E+00 1.21983706879010320E-01 1.64214599493773313E-03 4.67165966177794725E-02
3.71161201E+00 1.21969480318615875E-01 1.65069291521553535E-03 4.69448229812778686E-02
3.71990144E+00 1.21955186165713200E-01 1.65931618591605694E-03 4.71664029815539870E-02
3.72818522E+00 1.21940823110989763E-01 1.66801724173404960E-03 4.73813261517603487E-02
3.73646373E+00 1.21926389838770313E-01 1.67679751931177549E-03 4.75895807540810747E-02
3.74473733E+00 1.21911885026629793E-01 1.68565845652321727E-03 4.77911537935491737E-02
3.75300523E+00 1.21897309364020795E-01 1.69460025636501439E-03 4.79860176659410650E-02
3.76126594E+00 1.21882664832179230E-01 1.70362230518567915E-03 4.81741243431244165E-02
3.76951986E+00 1.21867950063881736E-01 1.71272601760745382E-03 4.83554424817160197E-02
3.77776737E+00 1.21853163685660085E-01 1.72191280093284449E-03 4.85299627242423634E-02
3.78600888E+00 1.21838304318517943E-01 1.73118405592242162E-03 4.86976743201802467E-02
3.79424474E+00 1.21823370578236057E-01 1.74054117625014010E-03 4.88585652077751023E-02
3.80247533E+00 1.21808361075522134E-01 1.74998554746922980E-03 4.90126220042344449E-02
3.81070101E+00 1.21793274416095373E-01 1.75951854577839888E-03 4.91598300168085076E-02
3.81892212E+00 1.21778099132247922E-01 1.76914139880374730E-03 4.93001782689200183E-02
3.82713901E+00 1.21762840269474204E-01 1.77885551717631000E-03 4.94336919964682361E-02
3.83535025E+00 1.21747501915653034E-01 1.78866021101480271E-03 4.95603152693528254E-02
3.84355507E+00 1.21732085532716222E-01 1.79855544392347401E-03 4.96799898939098150E-02
3.85175386E+00 1.21716589901396277E-01 1.80854252573715195E-03 4.97926918769361140E-02
3.85994701E+00 1.21701013625079263E-01 1.81862274300568258E-03 4.98984060668184806E-02
3.86813489E+00 1.21685355241862705E-01 1.82879736306637585E-03 4.99971165423518868E-02
3.87631789E+00 1.21669613262130202E-01 1.83906763480805768E-03 5.00888061851897659E-02
3.88449636E+00 1.21653786181362703E-01 1.84943478799768041E-03 5.01734565324021484E-02
3.89267068E+00 1.21637872484766318E-01 1.85990003198181699E-03 5.02510477213616649E-02
3.90084120E+00 1.21621870649251743E-01 1.87046455410074409E-03 5.03215584578415379E-02
3.90900828E+00 1.21605779144587409E-01 1.88112951795466293E-03 5.03849659844142900E-02
3.91717190E+00 1.21589597175335226E-01 1.89189557110391762E-03 5.04412447645446044E-02
3.92532990E+00 1.21573328231956809E-01 1.90276047722471101E-03 5.04903608433138681E-02
3.93348265E+00 1.21556970797639899E-01 1.91372526850416987E-03 5.05322843423507209E-02
3.94163054E+00 1.21540523342147863E-01 1.92479094567901731E-03 5.05669930827125427E-02
3.94977394E+00 1.21523984325205614E-01 1.93595847969223580E-03 5.05944610743741599E-02
3.95791323E+00 1.21507352198412064E-01 1.94722881115466369E-03 5.06146542050982390E-02
3.96604878E+00 1.21490625406717401E-01 1.95860284898037845E-03 5.06216334089441763E-02
3.97418095E+00 1.21473802389860622E-01 1.97008146868427525E-03 5.06410328671147575E-02
3.98231011E+00 1.21456881583738713E-01 1.98166551052374792E-03 5.06367197252853632E-02
3.99043662E+00 1.21439861422170989E-01 1.99335577756437621E-03 5.06144015866760097E-02
3.99856084E+00 1.21422740338513607E-01 2.00515303372564638E-03 5.06135482381693050E-02
4.00668312E+00 1.21405516767203001E-01 2.01705800182716295E-03 5.05749789098174571E-02
4.01480197E+00 1.21388193068048891E-01 2.02906866003631963E-03 5.05528261962267730E-02
4.02291664E+00 1.21370770150432017E-01 2.04118392707049179E-03 5.05118068068212689E-02
4.03102748E+00 1.21353246547949281E-01 2.05340430780809238E-03 5.04657554211276962E-02
4.03913485E+00 1.21335620778827938E-01 2.06573027013718649E-03 5.04117935746834916E-02
4.04723911E+00 1.21317891348191209E-01 2.07816224762593944E-03 5.03503432149724831E-02
4.05534063E+00 1.21300056749118604E-01 2.09070064035833192E-03 5.02812747984216352E-02
4.06343979E+00 1.21282115463445056E-01 2.10334581505536126E-03 5.02045664131150066E-02
4.07153696E+00 1.21264065962622264E-01 2.11609810487984641E-03 5.01201806477330480E-02
4.07963252E+00 1.21245906708767545E-01 2.12895780907486646E-03 5.00280809227574633E-02
4.08772685E+00 1.21227636155898502E-01 2.14192519250575768E-03 4.99282290500704246E-02
4.09582035E+00 1.21209252751341576E-01 2.15500048515510512E-03 4.98205856721050527E-02
4.10391294E+00 1.21190756002672650E-01 2.16818312850922514E-03 4.97051135411561706E-02
4.11200279E+00 1.21172149474361113E-01 2.18146965121808522E-03 4.95817919024080719E-02
4.12008912E+00 1.21153434469375043E-01 2.19485814025516214E-03 4.94506106662951223E-02
4.12813258E+00 1.21134702597027286E-01 2.20828247659042446E-03 4.93118800742866764E-02
4.13613399E+00 1.21115953397656545E-01 2.22174194224529151E-03 4.91659931800320985E-02
4.14409427E+00 1.21097186026718262E-01 2.23523588642550756E-03 4.90130252790481266E-02
4.15201445E+00 1.21078399285142455E-01 2.24876384391092679E-03 4.88530446219154688E-02
4.15989571E+00 1.21059591599656124E-01 2.26232560167842142E-03 4.86861176741676810E-02
4.16773939E+00 1.21040760980686377E-01 2.27592124933038639E-03 4.85123051926037302E-02
4.17554697E+00 1.21021904968714761E-01 2.28955122608348518E-03 4.83316616695925738E-02
4.18331379E+00 1.21003036102137987E-01 2.30320523768445676E-03 4.81443085651037661E-02
4.19103637E+00 1.20984164321533791E-01 2.31687489397651176E-03 4.79504413251177833E-02
4.19871587E+00 1.20965288305591695E-01 2.33055990065854065E-03 4.77501994905472904E-02
4.20635363E+00 1.20946406228855094E-01 2.34426031453103178E-03 4.75436625346424627E-02
4.21395120E+00 1.20927515713227005E-01 2.35797660303075978E-03 4.73309034462230105E-02
4.22151030E+00 1.20908613767102463E-01 2.37170969644320394E-03 4.71119877973248530E-02
4.22903293E+00 1.20889696717264808E-01 2.38546103887521095E-03 4.68869720093577219E-02
4.23652131E+00 1.20870760135635108E-01 2.39923264007999883E-03 4.66559020357308410E-02
4.24397796E+00 1.20851798761701379E-01 2.41302712876715524E-03 4.64188118743496872E-02
4.25140568E+00 1.20832806421012851E-01 2.42684780749164017E-03 4.61757219653408449E-02
4.25880762E+00 1.20813775939985893E-01 2.44069870899087148E-03 4.59266374922859752E-02
4.26617262E+00 1.20794737068389071E-01 2.45455727390262108E-03 4.56717896305897583E-02
4.27349797E+00 1.20775698266170031E-01 2.46841644186188624E-03 4.54115500833889435E-02
4.28078623E+00 1.20756654242801395E-01 2.48227903556985739E-03 4.51460686041515527E-02
4.28804027E+00 1.20737598703610019E-01 2.49614853726680495E-03 4.48753912149462489E-02
4.29526330E+00 1.20718524309488151E-01 2.51002915116299314E-03 4.45995502690279960E-02
4.30245886E+00 1.20699422624996194E-01 2.52392584564866893E-03 4.43185615767503482E-02
4.30963083E+00 1.20680284065541502E-01 2.53784438462944942E-03 4.40324223940162726E-02
4.31678346E+00 1.20661097848842491E-01 2.55179135045411959E-03 4.37411103425506126E-02
4.32392139E+00 1.20641851953958504E-01 2.56577415822490306E-03 4.34445823717672513E-02
4.33104958E+00 1.20622533090866735E-01 2.57980106008279513E-03 4.31427739811727703E-02
4.33814490E+00 1.20603204720400398E-01 2.59382514131981535E-03 4.28361864850480417E-02
4.34520924E+00 1.20583862852098878E-01 2.60784827625514058E-03 4.25254802476998650E-02
4.35224687E+00 1.20564496788028774E-01 2.62187690271232805E-03 4.22107159649636049E-02
4.35924291E+00 1.20545148717354819E-01 2.63587942577287728E-03 4.18923100303550400E-02
4.36620013E+00 1.20525812502697574E-01 2.64985906950054601E-03 4.15707808708361409E-02
4.37312282E+00 1.20506477465774670E-01 2.66382208595037024E-03 4.12462000207462487E-02
4.38001579E+00 1.20487131247742033E-01 2.67777576307440647E-03 4.09185847352516868E-02
4.38688433E+00 1.20467759800690549E-01 2.69172845463481374E-03 4.05879267536427488E-02
4.39373423E+00 1.20448347385249496E-01 2.70568957837763165E-03 4.02541875606550678E-02
4.40057176E+00 1.20428876586101213E-01 2.71966959047030251E-03 3.99172990041239406E-02
4.40739891E+00 1.20409341940971915E-01 2.73367030759346730E-03 3.95772768010936304E-02
4.41418883E+00 1.20389821235335842E-01 2.74763461516073148E-03 3.92349415454619210E-02
4.42094739E+00 1.20370299051846513E-01 2.76157195935267498E-03 3.88911143892822359E-02
4.42768091E+00 1.20350758110118417E-01 2.77549271213039855E-03 3.85457518804541155E-02
4.43439614E+00 1.20331179483909853E-01 2.78940817141398560E-03 3.81987791096826956E-02
4.44109908E+00 1.20311546083168963E-01 2.80332816485358077E-03 3.78501282693188348E-02
4.44777909E+00 1.20291889729689822E-01 2.81722818671061807E-03 3.75001631526256859E-02
4.45443454E+00 1.20272216090608217E-01 2.83110242429106740E-03 3.71494819068446253E-02
4.46106670E+00 1.20252522291558209E-01 2.84495104567127066E-03 3.67983700600115898E-02
4.46767682E+00 1.20232805491650441E-01 2.85877417664462960E-03 3.64470344674204388E-02
4.47426606E+00 1.20213062881480287E-01 2.87257195007247466E-03 3.60956854727874296E-02
4.48083558E+00 1.20193291677523795E-01 2.88634453532718048E-03 3.57445347506201716E-02
4.48738650E+00 1.20173489121178298E-01 2.90009215529111108E-03 3.53937945505656618E-02
4.49391990E+00 1.20153652484704748E-01 2.91381509414127219E-03 3.50436775283205770E-02
4.50043682E+00 1.20133779083813202E-01 2.92751369778868498E-03 3.46943966893256545E-02
4.50693824E+00 1.20113866295613381E-01 2.94118836852001872E-03 3.43461654440924830E-02
4.51342512E+00 1.20093911580248999E-01 2.95483955534241562E-03 3.39991976792810915E-02
4.51989834E+00 1.20073912504458896E-01 2.96846774148836097E-03 3.36537077720236860E-02
4.52635871E+00 1.20053866765348058E-01 2.98207343040832488E-03 3.33099105701233564E-02
4.53280698E+00 1.20033772212781234E-01 2.99565713135824686E-03 3.29680213181516649E-02
4.53924382E+00 1.20013626868995957E-01 3.00921934542003897E-03 3.26282555571394892E-02
4.54566982E+00 1.19993428944211292E-01 3.02276055253938988E-03 3.22908289433824769E-02
4.55208549E+00 1.19973176847217824E-01 3.03628119999325898E-03 3.19559569942770710E-02
4.55849127E+00 1.19952869190141989E-01 3.04978169262507676E-03 3.16238547258533564E-02
4.56488750E+00 1.19932504786776722E-01 3.06326238516859166E-03 3.12947361791748452E-02
4.57127447E+00 1.19912082644146586E-01 3.07672357693059700E-03 3.09688138199856605E-02
4.57765240E+00 1.19891601947259299E-01 3.09016550894568179E-03 3.06462978363400036E-02
4.58402145E+00 1.19871062037420276E-01 3.10358836344953306E-03 3.03273953329785649E-02
4.59038174E+00 1.19850462384965550E-01 3.11699226522842111E-03 3.00123094739210526E-02
4.59673335E+00 1.19829802557760573E-01 3.13037728421132260E-03 2.97012386143758536E-02
4.60307637E+00 1.19809082187324223E-01 3.14374343863540323E-03 2.93943754544052083E-02
4.60941084E+00 1.19788300934783862E-01 3.15709069819706612E-03 2.90919062582567119E-02
4.61573684E+00 1.19767458459092244E-01 3.17041898667531777E-03 2.87940101417791978E-02
4.62205443E+00 1.19746554389952589E-01 3.18372818350315260E-03 2.85008584485696957E-02
4.62836374E+00 1.19725588307724159E-01 3.19701812369068078E-03 2.82126142346676122E-02
4.63466487E+00 1.19704559732180763E-01 3.21028859550274298E-03 2.79294319018875727E-02
4.64095797E+00 1.19683468121337747E-01 3.22353933550444376E-03 2.76514570439136409E-02
4.64724324E+00 1.19662312880655000E-01 3.23677002103203671E-03 2.73788265538504362E-02
4.65352085E+00 1.19641093381825242E-01 3.24998026070433266E-03 2.71116690014544803E-02
4.65979103E+00 1.19619808989178317E-01 3.26316958407114107E-03 2.68501052469734720E-02
4.66605396E+00 1.19598459090672751E-01 3.27633743177061735E-03 2.65942491904907832E-02
4.67230987E+00 1.19577043129689836E-01 3.28948314764205977E-03 2.63442085782837412E-02
4.67855893E+00 1.19555560633517285E-01 3.30260597423059259E-03 2.61000857582403614E-02
4.68480133E+00 1.19534011234513418E-01 3.31570505313063873E-03 2.58619782132557888E-02
4.69103719E+00 1.19512394680536593E-01 3.32877943163599173E-03 2.56299785261750492E-02
4.69726666E+00 1.19490710832130156E-01 3.34182807705099864E-03 2.54041733265068029E-02
4.70348983E+00 1.19468959645217379E-01 3.35484989957161774E-03 2.51846411973974428E-02
4.70970680E+00 1.19447141139491328E-01 3.36784378375591317E-03 2.49714506623018237E-02
4.71591767E+00 1.19425255354285859E-01 3.38080862733857856E-03 2.47646601096448982E-02
4.72212257E+00 1.19403302295233646E-01 3.39374338476752108E-03 2.45643200267271142E-02
4.72832163E+00 1.19381281876353815E-01 3.40664711170071601E-03 2.43704754829943034E-02
4.73451507E+00 1.19359193863082830E-01 3.41951900611314969E-03 2.41831668040305078E-02
4.74070314E+00 1.19337037822063757E-01 3.43235844178395311E-03 2.40024286246625501E-02
4.74688616E+00 1.19314813083078411E-01 3.44516499072845817E-03 2.38282887368112296E-02
4.75306453E+00 1.19292518717420151E-01 3.45793843241883319E-03 2.36607675687085066E-02
4.75923871E+00 1.19270153535296755E-01 3.47067874913844880E-03 2.34998782899725131E-02
4.76540922E+00 1.19247716102785062E-01 3.48338610829631787E-03 2.33456272852543938E-02
4.77157666E+00 1.19225204776577096E-01 3.49606083381604274E-03 2.31980147896731111E-02
4.77774163E+00 1.19202617752579232E-01 3.50870336971926058E-03 2.30570355870920313E-02
4.78390477E+00 1.19179953122532961E-01 3.52131423971538621E-03 2.29226797048945816E-02
4.79006671E+00 1.19157208931455344E-01 3.53389400698229765E-03 2.27949330616228699E-02
4.79622808E+00 1.19134383227971527E-01 3.54644323837264349E-03 2.26737780153246915E-02
4.80238949E+00 1.19111474099730497E-01 3.55896247699553437E-03 2.25591937830852303E-02
4.80855152E+00 1.19088479686971532E-01 3.57145222649926349E-03 2.24511567146614063E-02
4.81471475E+00 1.19065398169045406E-01 3.58391294942796016E-03 2.23496404353571189E-02
4.82087972E+00 1.19042227721077060E-01 3.59634508079559843E-03 2.22546158983296521E-02
4.82704701E+00 1.19018966440795557E-01 3.60874905660267314E-03 2.21660514228881542E-02
4.83321723E+00 1.18995612248570276E-01 3.62112535554517945E-03 2.20839128149554684E-02
4.83939107E+00 1.18972162766513748E-01 3.63347455079134248E-03 2.20081636780102632E-02
4.84556931E+00 1.18948615184826731E-01 3.64579736759416398E-03 2.19387659682015977E-02
4.85175288E+00 1.18924966125039167E-01 3.65809474181578650E-03 2.18756806492624092E-02
4.85794287E+00 1.18901211510299046E-01 3.67036787426545160E-03 2.18188678369169303E-02
4.86414058E+00 1.18877346452289312E-01 3.68261827612512312E-03 2.17682851628096426E-02
4.87034752E+00 1.18853365162809380E-01 3.69484780161204911E-03 2.17238831367383180E-02
4.87656544E+00 1.18829260895746039E-01 3.70705866528460090E-03 2.16855988340347167E-02
4.88279630E+00 1.18805025922389021E-01 3.71925344287008571E-03 2.16533535339626312E-02
4.88904230E+00 1.18780651540097953E-01 3.73143505599864015E-03 2.16447785051797001E-02
4.89530587E+00 1.18756128111506806E-01 3.74360674260731724E-03 2.15814298871336609E-02
4.90158959E+00 1.18731445129489396E-01 3.75577201588124564E-03 2.15825203980694671E-02
4.90789624E+00 1.18706591299991893E-01 3.76793461532303614E-03 2.15846208505778292E-02
4.91422874E+00 1.18681554636181644E-01 3.78009845401575725E-03 2.15859715499886785E-02
4.92059011E+00 1.18656322554644700E-01 3.79226756595451783E-03 2.15866885138338988E-02
4.92698214E+00 1.18630887309770366E-01 3.80444351138714727E-03 2.15885899521380056E-02
4.93337195E+00 1.18605379532914570E-01 3.81656232584335654E-03 2.15950538120107116E-02
4.93976065E+00 1.18579795314338751E-01 3.82862513041249807E-03 2.16398388716709661E-02
4.94614955E+00 1.18554129836228192E-01 3.84063341732878436E-03 2.16473501042193615E-02
4.95254020E+00 1.18528377257539078E-01 3.85258910304095165E-03 2.17001416550625520E-02
4.95893440E+00 1.18502530645452214E-01 3.86449455265899973E-03 2.17093762261861244E-02
4.96533421E+00 1.18476581949191015E-01 3.87635257680891488E-03 2.17911006978522108E-02
4.97174191E+00 1.18450522016089022E-01 3.88816640481964978E-03 2.17994339201264889E-02
4.97816004E+00 1.18424340650327600E-01 3.89993963786029393E-03 2.18899217720376141E-02
4.98459132E+00 1.18398026709021706E-01 3.91167618572748569E-03 2.19221952442712024E-02
4.99103863E+00 1.18371568232515129E-01 3.92338019118539452E-03 2.19989532349578326E-02
4.99750500E+00 1.18344952600694858E-01 3.93505594583782193E-03 2.20618363335480031E-02
5.00399352E+00 1.18318166709945452E-01 3.94670780140755992E-03 2.21398645331131079E-02
5.01050732E+00 1.18291197162908729E-01 3.95834008001914525E-03 2.22172600344358040E-02
5.01704952E+00 1.18264030464917472E-01 3.96995698666083394E-03 2.23029508310310653E-02
5.02362318E+00 1.18236653220750373E-01 3.98156252652603557E-03 2.23920024097859771E-02
5.03023125E+00 1.18209052326477562E-01 3.99316042940890594E-03 2.24871398185802797E-02
5.03687654E+00 1.18181215151809377E-01 4.00475408280499996E-03 2.25869115445745672E-02
5.04355159E+00 1.18153172047702648E-01 4.01632906663061846E-03 2.26920612891252441E-02
5.05025822E+00 1.18124914657354668E-01 4.02788723711533340E-03 2.28020555225239632E-02
5.05699960E+00 1.18096428702458262E-01 4.03943278302009486E-03 2.29171372180978217E-02
5.06377881E+00 1.18067700366549649E-01 4.05096956231896631E-03 2.30372346281018103E-02
5.07058610E+00 1.18038769953623640E-01 4.06247984568209111E-03 2.31623385992988373E-02
5.07740432E+00 1.18009709999746137E-01 4.07393391003084762E-03 2.32921163708316552E-02
5.08423445E+00 1.17980516077829820E-01 4.08533311128614959E-03 2.34263129704706981E-02
5.09107747E+00 1.17951183979112070E-01 4.09667873896509428E-03 2.35649207914486909E-02
5.09793429E+00 1.17921709662867261E-01 4.10797202705817134E-03 2.37079012030034231E-02
5.10480579E+00 1.17892089232610423E-01 4.11921416560102893E-03 2.38552111840856264E-02
5.11168676E+00 1.17862345022277326E-01 4.13039653175777122E-03 2.40067541854242471E-02
5.11857522E+00 1.17832485633491330E-01 4.14151597662393463E-03 2.41623724072838920E-02
5.12547221E+00 1.17802506623002942E-01 4.15257432804529581E-03 2.43219934734566490E-02
5.13237874E+00 1.17772403695388980E-01 4.16357335314038873E-03 2.44855878356065523E-02
5.13929528E+00 1.17742174869896521E-01 4.17451397275637060E-03 2.46531178115616846E-02
5.14622122E+00 1.17711822882448677E-01 4.18539543855477991E-03 2.48245290206071494E-02
5.15315749E+00 1.17681343689167592E-01 4.19621947560888664E-03 2.49997722408685473E-02
5.16010500E+00 1.17650733367471200E-01 4.20698774698289191E-03 2.51788273184470369E-02
5.16706463E+00 1.17619988106953288E-01 4.21770185471137104E-03 2.53616763053546752E-02
5.17403723E+00 1.17589104207180509E-01 4.22836334002063031E-03 2.55483043247490132E-02
5.18102360E+00 1.17558078081089729E-01 4.23897368234375967E-03 2.57387000030692287E-02
5.18802454E+00 1.17526906263780068E-01 4.24953429713877898E-03 2.59328549008974486E-02
5.19503993E+00 1.17495589202388812E-01 4.26004527007470876E-03 2.61307521003547524E-02
5.20206909E+00 1.17464130046809945E-01 4.27050581790432583E-03 2.63323548014210776E-02
5.20911270E+00 1.17432525720965422E-01 4.28091725957834013E-03 2.65376377108407224E-02
5.21617143E+00 1.17400773336458597E-01 4.29128083598636668E-03 2.67466020222630399E-02
5.22324588E+00 1.17368870211700546E-01 4.30159770625977451E-03 2.69592500777645835E-02
5.23033659E+00 1.17336813893367434E-01 4.31186894499380625E-03 2.71755858654271244E-02
5.23743985E+00 1.17304621283867747E-01 4.32208949813678734E-03 2.73955536747230201E-02
5.24455103E+00 1.17272313498682737E-01 4.33225320694329268E-03 2.76190085437096194E-02
5.25167080E+00 1.17239887828252884E-01 4.34236157024230681E-03 2.78458680429895973E-02
5.25879978E+00 1.17207341675830731E-01 4.35241603890313723E-03 2.80761458822741151E-02
5.26593670E+00 1.17174681206040854E-01 4.36241537704883109E-03 2.83098246295287459E-02
5.27308222E+00 1.17141903693265742E-01 4.37236111535749088E-03 2.85468823442422970E-02
5.28023702E+00 1.17109006366107646E-01 4.38225478166561367E-03 2.87873371559692545E-02
5.28740175E+00 1.17075986556794104E-01 4.39209785487858998E-03 2.90312093707262853E-02
5.29457703E+00 1.17042841702849634E-01 4.40189176573556242E-03 2.92785207019116735E-02
5.30176346E+00 1.17009569345607078E-01 4.41163789844954430E-03 2.95292951123901533E-02
5.30896160E+00 1.16976167124435079E-01 4.42133759344072712E-03 2.97835584838691096E-02
5.31617200E+00 1.16942632766404764E-01 4.43099215128904544E-03 3.00413385352420702E-02
5.32339519E+00 1.16908964071563856E-01 4.44060283791376971E-03 3.03026647518258516E-02
5.33063168E+00 1.16875158894345230E-01 4.45017089087716873E-03 3.05675683631008305E-02
5.33788143E+00 1.16841217741759512E-01 4.45969679486885647E-03 3.08360723618555099E-02
5.34514445E+00 1.16807140729825329E-01 4.46918115697300666E-03 3.11081913515355718E-02
5.35242127E+00 1.16772925697610053E-01 4.47862522086240993E-03 3.13839518899900055E-02
5.35971127E+00 1.16738575749363221E-01 4.48802878760787283E-03 3.16633713081035523E-02
5.36701008E+00 1.16704111877766151E-01 4.49738686773688227E-03 3.19463731225010025E-02
5.37431830E+00 1.16669531612775393E-01 4.50670096150323704E-03 3.22328928709715648E-02
5.38163651E+00 1.16634832524247126E-01 4.51597255178446452E-03 3.25229709558765359E-02
5.38896533E+00 1.16600012178832868E-01 4.52520311914444799E-03 3.28166476115203595E-02
5.39630533E+00 1.16565068111642911E-01 4.53439415543658002E-03 3.31139627439379358E-02
5.40365713E+00 1.16529997806950336E-01 4.54354717509791901E-03 3.34149579326266516E-02
5.41102133E+00 1.16494798687221721E-01 4.55266372414714696E-03 3.37196760238961737E-02
5.41839750E+00 1.16459473172279102E-01 4.56174409326551115E-03 3.40281395924219854E-02
5.42578142E+00 1.16424041758585825E-01 4.57078405577183208E-03 3.43402701810283512E-02
5.43316593E+00 1.16388539227021068E-01 4.57977599998870156E-03 3.46558389018405688E-02
5.44055115E+00 1.16352965567161279E-01 4.58872132404893485E-03 3.49746931811817166E-02
5.44793720E+00 1.16317320790820758E-01 4.59762146190779899E-03 3.52968424893317437E-02
5.45532419E+00 1.16281604908750211E-01 4.60647789163600926E-03 3.56222934347701012E-02
5.46271170E+00 1.16245820444781517E-01 4.61529152347523244E-03 3.59510386395007764E-02
5.47009935E+00 1.16209969844917174E-01 4.62406335279054448E-03 3.62830578328186756E-02
5.47748726E+00 1.16174053031570745E-01 4.63279504896898977E-03 3.66183408209957290E-02
5.48487553E+00 1.16138069918863204E-01 4.64148832911795775E-03 3.69568884291304328E-02
5.49226429E+00 1.16102020410292578E-01 4.65014495699297460E-03 3.72987000509736460E-02
5.49965364E+00 1.16065904397780140E-01 4.65876674101203554E-03 3.76437736816783997E-02
5.50704370E+00 1.16029721761175653E-01 4.66735553159218931E-03 3.79921059992769233E-02
5.51443457E+00 1.15993472367946687E-01 4.67591321803784068E-03 3.83436922933392266E-02
5.52182635E+00 1.15957156072980475E-01 4.68444172514935996E-03 3.86985264219291691E-02
5.52921914E+00 1.15920772718432236E-01 4.69294300968129026E-03 3.90566007801924353E-02
5.53661304E+00 1.15884322133597992E-01 4.70141905675204325E-03 3.94179062721761522E-02
5.54400814E+00 1.15847804134780435E-01 4.70987187627151110E-03 3.97824322832494998E-02
5.55140454E+00 1.15811218525131487E-01 4.71830349941334583E-03 4.01501666556854098E-02
5.55880232E+00 1.15774565094444754E-01 4.72671597512960059E-03 4.05210956639735151E-02
5.56620157E+00 1.15737843618897329E-01 4.73511136671084156E-03 4.08952039917365798E-02
5.57360238E+00 1.15701053860711958E-01 4.74349174842206896E-03 4.12724747069654202E-02
5.58100482E+00 1.15664195567759767E-01 4.75185920227446518E-03 4.16528892401379150E-02
5.58840898E+00 1.15627268473097525E-01 4.76021581499482416E-03 4.20364273533789592E-02
5.59581493E+00 1.15590272294444157E-01 4.76856367522887105E-03 4.24230671218512462E-02
5.60322275E+00 1.15553206733625888E-01 4.77690487098499355E-03 4.28127848995759688E-02
5.61063251E+00 1.15516071475974244E-01 4.78524148731459837E-03 4.32055552953361996E-02
5.61804429E+00 1.15478866189716145E-01 4.79357560423389860E-03 4.36013511430967324E-02
5.62545784E+00 1.15441592029960322E-01 4.80190896078271957E-03 4.40001356157456724E-02
5.63287271E+00 1.15404251325739476E-01 4.81024302645459423E-03 4.44018551821393562E-02
5.64028897E+00 1.15366843657538798E-01 4.81857986943413485E-03 4.48064617165216186E-02
5.64770668E+00 1.15329368588700534E-01 4.82692154397937508E-03 4.52139204680459678E-02
5.65512592E+00 1.15291825663690797E-01 4.83527009028823698E-03 4.56241947199952022E-02
5.66254675E+00 1.15254214407410432E-01 4.84362753409211394E-03 4.60372457348990349E-02
5.66996924E+00 1.15216534324848574E-01 4.85199588613063372E-03 4.64530328748920945E-02
5.67739345E+00 1.15178784900939857E-01 4.86037714163965306E-03 4.68715135644165795E-02
5.68481944E+00 1.15140965600575851E-01 4.86877327990154450E-03 4.72926432635600025E-02
5.69224727E+00 1.15103075868768251E-01 4.87718626384935072E-03 4.77163754631699244E-02
5.69967699E+00 1.15065115130946513E-01 4.88561803969617299E-03 4.81426616769835905E-02
5.70710865E+00 1.15027082793372301E-01 4.89407053656197751E-03 4.85714514380364976E-02
5.71454230E+00 1.14988978243648218E-01 4.90254566607806370E-03 4.90026922989692526E-02
5.72197799E+00 1.14950800851299328E-01 4.91104532194661450E-03 4.94363298416982469E-02
5.72941577E+00 1.14912549968414823E-01 4.91957137941628330E-03 4.98723076859532294E-02
5.73685567E+00 1.14874224930323968E-01 4.92812569462503566E-03 5.03105675048094794E-02
5.74429774E+00 1.14835825056307475E-01 4.93671010376474113E-03 5.07510490436379746E-02
5.75174200E+00 1.14797349650322483E-01 4.94532642204777335E-03 5.11936901427913760E-02
5.75918851E+00 1.14758798001755077E-01 4.95397644248665812E-03 5.16384267600419264E-02
5.76663728E+00 1.14720169386198598E-01 4.96266193452638525E-03 5.20851930089489823E-02
5.77408835E+00 1.14681463066275649E-01 4.97138464258562937E-03 5.25339211831418046E-02
5.78154174E+00 1.14642678292513303E-01 4.98014628457130095E-03 5.29845417927163470E-02
5.78899748E+00 1.14603814304291687E-01 4.98894855043490858E-03 5.34369836087833505E-02
5.79645559E+00 1.14564870330873300E-01 4.99779310083662241E-03 5.38911736876886149E-02
5.80391609E+00 1.14525845592520908E-01 5.00668156596929294E-03 5.43470374232488743E-02
5.81137901E+00 1.14486739301708287E-01 5.01561554456826826E-03 5.48044985789730987E-02
5.81884377E+00 1.14447553662026913E-01 5.02459592099360926E-03 5.52634622815950799E-02
5.82631031E+00 1.14408288330503510E-01 5.03362412085542246E-03 5.57238281496868701E-02
5.83377864E+00 1.14368942489539549E-01 5.04270164096383422E-03 5.61855126493250936E-02
5.84124879E+00 1.14329515318767796E-01 5.05182994249283451E-03 5.66484337585078865E-02
5.84872075E+00 1.14290005995291877E-01 5.06101045134159898E-03 5.71125079230866209E-02
5.85619454E+00 1.14250413694238745E-01 5.07024455818702504E-03 5.75811377209697953E-02
5.86367016E+00 1.14210737589419492E-01 5.07953361849540225E-03 5.80428259746242625E-02
5.87114762E+00 1.14170976854224282E-01 5.08887895269146632E-03 5.85108869284429942E-02
5.87862691E+00 1.14131130662462679E-01 5.09828184659211290E-03 5.89787325971912815E-02
5.88610803E+00 1.14091198189516546E-01 5.10774355221197025E-03 5.94472790904653631E-02
5.89359097E+00 1.14051178613567422E-01 5.11726528892893391E-03 5.99164509852415095E-02
5.90107573E+00 1.14011071116956755E-01 5.12684824495394497E-03 6.03861582443835435E-02
5.90856229E+00 1.13970874887637824E-01 5.13649357896043841E-03 6.08563085766966258E-02
5.91605064E+00 1.13930589120686376E-01 5.14620242164476847E-03 6.13268089446068546E-02
5.92354075E+00 1.13890213019824965E-01 5.15597587693395355E-03 6.17975655811814767E-02
5.93103261E+00 1.13849745798946703E-01 5.16581502253803202E-03 6.22684840636728229E-02
5.93852618E+00 1.13809170757950190E-01 5.17571611434757082E-03 6.27408519232197787E-02
5.94602144E+00 1.13768497657275855E-01 5.18568329260733936E-03 6.32118290703715668E-02
5.95351835E+00 1.13727729286011395E-01 5.19571860181440668E-03 6.36826865527857361E-02
5.96101686E+00 1.13686866091075298E-01 5.20582336376609282E-03 6.41533223047039830E-02
5.96851694E+00 1.13645907749605923E-01 5.21599862677198101E-03 6.46236407290396025E-02
5.97601854E+00 1.13604853694832406E-01 5.22624531535410310E-03 6.50935447823405428E-02
5.98352161E+00 1.13563703292399593E-01 5.23656427881100985E-03 6.55629377626769094E-02
5.99102609E+00 1.13522455900003205E-01 5.24695630537637230E-03 6.60317231361335771E-02
5.99853192E+00 1.13481110888085782E-01 5.25742212462040285E-03 6.64998045747305644E-02
6.00603905E+00 1.13439667647576334E-01 5.26796240580984943E-03 6.69670860379064647E-02
6.01354739E+00 1.13398125593361501E-01 5.27857775480235821E-03 6.74334718700254215E-02
6.02105690E+00 1.13356484166439592E-01 5.28926871024716031E-03 6.78988668966147013E-02
6.02856749E+00 1.13314742835777194E-01 5.30003573924160091E-03 6.83631765104597555E-02
6.03607908E+00 1.13272901100244683E-01 5.31087923241288246E-03 6.88263067685597058E-02
6.04359160E+00 1.13230958490785905E-01 5.32179949839811130E-03 6.92881644701400928E-02
6.05110496E+00 1.13188914572855986E-01 5.33279675778748283E-03 6.97486572452208353E-02
6.05861907E+00 1.13146768949129325E-01 5.34387113672670378E-03 7.02076936230940779E-02
6.06613384E+00 1.13104521262412258E-01 5.35502266051072172E-03 7.06651831127628888E-02
6.07364916E+00 1.13062171198666489E-01 5.36625124760964009E-03 7.11210362699925130E-02
6.08116495E+00 1.13019718490044815E-01 5.37755670461931463E-03 7.15751647689810561E-02
6.08868087E+00 1.12977164130426438E-01 5.38893840193040239E-03 7.20274750117580881E-02
6.09619669E+00 1.12934508596086267E-01 5.40039574056557035E-03 7.24778714713909533E-02
6.10371232E+00 1.12891751712281926E-01 5.41192818960699231E-03 7.29262668833419864E-02
6.11122765E+00 1.12848893350113957E-01 5.42353510507559335E-03 7.33725791836424418E-02
6.11874254E+00 1.12805933428604857E-01 5.43521573482062034E-03 7.38167278670998767E-02
6.12625690E+00 1.12762871916924190E-01 5.44696922453007104E-03 7.42586340474337275E-02
6.13377059E+00 1.12719708836641092E-01 5.45879462476219369E-03 7.46931571453866017E-02
6.14128348E+00 1.12676444263954012E-01 5.47069089877408061E-03 7.51369810832938634E-02
6.14879545E+00 1.12633078331667830E-01 5.48265693091698914E-03 7.55699234770240980E-02
6.15630634E+00 1.12589611231161346E-01 5.49469153543533269E-03 7.60022596018596619E-02
6.16381601E+00 1.12546043213845579E-01 5.50679346559858601E-03 7.64317740277262458E-02
6.17132431E+00 1.12502374592323262E-01 5.51896142320821431E-03 7.68586785978977172E-02
6.17883108E+00 1.12458605741077161E-01 5.53119406857409575E-03 7.72828265983233481E-02
6.18633615E+00 1.12414737096677611E-01 5.54349003107816509E-03 7.77041678434065575E-02
6.19383934E+00 1.12370769157501077E-01 5.55584792040351386E-03 7.81226376529910033E-02
6.20134049E+00 1.12326702482975771E-01 5.56826633842409050E-03 7.85381767894265809E-02
6.20883939E+00 1.12282537692411394E-01 5.58074389164094943E-03 7.89507275483859322E-02
6.21633587E+00 1.12238275463483028E-01 5.59327920394799179E-03 7.93602346588316437E-02
6.22382971E+00 1.12193916530483898E-01 5.60587092944229634E-03 7.97666451946201366E-02
6.23132071E+00 1.12149461682466700E-01 5.61851776497716403E-03 8.01699086716628623E-02
6.23880866E+00 1.12104911761409812E-01 5.63121846219218243E-03 8.05699771249613478E-02
6.24629334E+00 1.12060267660546498E-01 5.64397183881584167E-03 8.09668051615248519E-02
6.25377452E+00 1.12015530322976870E-01 5.65677678909903402E-03 8.13603500364123433E-02
6.26125199E+00 1.11970700740677526E-01 5.66963229326762717E-03 8.17505717079489297E-02
6.26872550E+00 1.11925779953988030E-01 5.68253742587331197E-03 8.21374328955773725E-02
6.27619481E+00 1.11880769051642154E-01 5.69549136288080744E-03 8.25208991334448888E-02
6.28365967E+00 1.11835669171363616E-01 5.70849338728280503E-03 8.29009388161983107E-02
6.29111984E+00 1.11790481501041636E-01 5.72154289301362445E-03 8.32775232539819804E-02
6.29857504E+00 1.11745207280449621E-01 5.73463938695732613E-03 8.36506267163990014E-02
6.30602503E+00 1.11699847803456612E-01 5.74778248892138677E-03 8.40202264844824992E-02
6.31346953E+00 1.11654404420642728E-01 5.76097192954825275E-03 8.43863029026060280E-02
6.32090825E+00 1.11608878542219056E-01 5.77420754623535377E-03 8.47488394110354898E-02
6.32834091E+00 1.11563271641118622E-01 5.78748927719532989E-03 8.51078225785767695E-02
6.33576723E+00 1.11517585256132340E-01 5.80081715380460598E-03 8.54632420876013377E-02
6.34318689E+00 1.11471820994946652E-01 5.81419129136571781E-03 8.58150907002883240E-02
6.35059960E+00 1.11425980536959901E-01 5.82761187836929387E-03 8.61633641936907640E-02
6.35800503E+00 1.11380065635765649E-01 5.84107916429430895E-03 8.65080612815254946E-02
6.36540286E+00 1.11334078121214042E-01 5.85459344593683689E-03 8.68491835575646298E-02
6.37279275E+00 1.11288019900994045E-01 5.86815505220779614E-03 8.71867354474368944E-02
6.38017437E+00 1.11241892961722696E-01 5.88176432729959654E-03 8.75207241930254232E-02
6.38754736E+00 1.11195699369549969E-01 5.89542161211416109E-03 8.78511598388609788E-02
6.39491138E+00 1.11149441270343874E-01 5.90912722389442570E-03 8.81780552240017113E-02
6.40226605E+00 1.11103120889520790E-01 5.92288143411750633E-03 8.85014259565733985E-02
6.40961088E+00 1.11056741322013597E-01 5.93668421308802489E-03 8.88212877959094066E-02
6.41694527E+00 1.11010306379222060E-01 5.95053524937629984E-03 8.91376543577397651E-02
6.42426883E+00 1.10963818568981284E-01 5.96443451756712827E-03 8.94505444120564791E-02
6.43158116E+00 1.10917280473208174E-01 5.97838184572900468E-03 8.97599846738975915E-02
6.43888187E+00 1.10870694749401158E-01 5.99237689128104874E-03 9.00660042688274515E-02
6.44617056E+00 1.10824064131762545E-01 6.00641911722489021E-03 9.03686346388311024E-02
6.45344681E+00 1.10777391431739008E-01 6.02050776938385223E-03 9.06679095921301970E-02
6.46071020E+00 1.10730679537926563E-01 6.03464185493719600E-03 9.09638651625234995E-02
6.46796032E+00 1.10683931415270997E-01 6.04882012227150011E-03 9.12565395180326699E-02
6.47519674E+00 1.10637150103546703E-01 6.06304104202223804E-03 9.15459728553759261E-02
6.48241903E+00 1.10590338715091371E-01 6.07730278912532468E-03 9.18322072916893245E-02
6.48962676E+00 1.10543500431822012E-01 6.09160322571825757E-03 9.21152867580427165E-02
6.49681949E+00 1.10496638501569780E-01 6.10593988479171592E-03 9.23952568781222644E-02
6.50399678E+00 1.10449756233793411E-01 6.12030995456838266E-03 9.26721648438353640E-02
6.51115820E+00 1.10402856994742130E-01 6.13471026364661651E-03 9.29460592889498199E-02
6.51830329E+00 1.10355944202162298E-01 6.14913726698674244E-03 9.32169901541564094E-02
6.52543163E+00 1.10309021319639350E-01 6.16358703284112033E-03 9.34850085568299238E-02
6.53254276E+00 1.10262091850685681E-01 6.17805523075156196E-03 9.37501666623812430E-02
6.53963625E+00 1.10215159332670523E-01 6.19253712077929251E-03 9.40125175682302583E-02
6.54671167E+00 1.10168227330686111E-01 6.20702754419305992E-03 9.42721151918098077E-02
6.55376858E+00 1.10121299431418546E-01 6.22152091591856096E-03 9.45290141788116822E-02
6.56080655E+00 1.10074379237072834E-01 6.23601121912641457E-03 9.47832698193396828E-02
6.56782516E+00 1.10027470359372659E-01 6.25049200239145668E-03 9.50349379710477143E-02
6.57482399E+00 1.09980576413640410E-01 6.26495637988454691E-03 9.52840749869676568E-02
6.58180264E+00 1.09933701012924545E-01 6.27939703506856083E-03 9.55307376389012003E-02
6.58876072E+00 1.09886847762134310E-01 6.29380622837465153E-03 9.57749830117018697E-02
6.59569782E+00 1.09840020252108553E-01 6.30817580935040707E-03 9.60168683659603783E-02
6.60261358E+00 1.09793222053520434E-01 6.32249723380730235E-03 9.62564509263727081E-02
6.60950764E+00 1.09746456710499860E-01 6.33676158653016883E-03 9.64937875848963789E-02
6.61637964E+00 1.09699727733840680E-01 6.35095961012298316E-03 9.67289345225682551E-02
6.62322925E+00 1.09653038593635774E-01 6.36508174050335208E-03 9.69619468232535142E-02
6.63005616E+00 1.09606392711210254E-01 6.37911814939737341E-03 9.71928783163846371E-02
6.63686007E+00 1.09559793450228080E-01 6.39305879391705544E-03 9.74217820297585829E-02
6.64364069E+00 1.09513244106883567E-01 6.40689347296435549E-03 9.76487116433310265E-02
6.65039779E+00 1.09466747899130884E-01 6.42061188986471805E-03 9.78737238068908000E-02
6.65713111E+00 1.09420307954921428E-01 6.43420372036500928E-03 9.80968801318539835E-02
6.66384047E+00 1.09373927299459245E-01 6.44765868497850208E-03 9.83182469983173157E-02
6.67052568E+00 1.09327608841469956E-01 6.46096662459217774E-03 9.85378924597703487E-02
6.67718659E+00 1.09281355358504001E-01 6.47411757816735139E-03 9.87558820248107261E-02
6.68382310E+00 1.09235169481302172E-01 6.48710186111658722E-03 9.89722761916646959E-02
6.69043511E+00 1.09189053677281198E-01 6.49991014242581357E-03 9.91871308337713559E-02
6.69702259E+00 1.09143010233248156E-01 6.51253351783078176E-03 9.94004992356531392E-02
6.70358552E+00 1.09097041237507492E-01 6.52496357556318039E-03 9.96124340730196178E-02
6.71012306E+00 1.09051154805745010E-01 6.53719084272887455E-03 9.98229763594879888E-02
6.71663428E+00 1.09005359642335223E-01 6.54920634859695438E-03 1.00032148483777894E-01
6.72311913E+00 1.08959658599306536E-01 6.56100326235380549E-03 1.00239984119485592E-01
6.72957756E+00 1.08914054338679428E-01 6.57257536653200851E-03 1.00446535148069255E-01
6.73600959E+00 1.08868549318754088E-01 6.58391705820275241E-03 1.00651852098292444E-01
6.74241525E+00 1.08823145778736183E-01 6.59502333808364895E-03 1.00855985338793239E-01
6.74879465E+00 1.08777845721467412E-01 6.60588979921138131E-03 1.01058985646024849E-01
6.75514792E+00 1.08732670348151234E-01 6.61651962796006281E-03 1.01260272683495189E-01
6.76147525E+00 1.08687607936588507E-01 6.62690497603696596E-03 1.01461487656442528E-01
6.76777688E+00 1.08642655321891421E-01 6.63704176306888910E-03 1.01661107516258106E-01
6.77405309E+00 1.08597811903951499E-01 6.64692765289006792E-03 1.01860175276319589E-01
6.78030423E+00 1.08553077678424939E-01 6.65656147888591884E-03 1.02058219296937147E-01
6.78653070E+00 1.08508452555003077E-01 6.66594312388954155E-03 1.02255497991746935E-01
6.79273297E+00 1.08463936102179748E-01 6.67507354727035675E-03 1.02451974253388478E-01
6.79891155E+00 1.08419527432987398E-01 6.68395484316832485E-03 1.02647740393996531E-01
6.80506704E+00 1.08375225138314560E-01 6.69259028096491539E-03 1.02842831905594859E-01
6.81120009E+00 1.08331027238441874E-01 6.70098430529519895E-03 1.03037310153117304E-01
6.81731140E+00 1.08286931144554122E-01 6.70914248667751727E-03 1.03231226566013190E-01
6.82340057E+00 1.08242942364048272E-01 6.71706991553109190E-03 1.03424623636769880E-01
6.82946452E+00 1.08199085422942057E-01 6.72476944586738404E-03 1.03617481797395689E-01
6.83550385E+00 1.08155358242364649E-01 6.73224945850554174E-03 1.03809771558108693E-01
6.84151922E+00 1.08111758105210717E-01 6.73951885248367469E-03 1.04001555594711276E-01
6.84751138E+00 1.08068281656051368E-01 6.74658691014846847E-03 1.04192889199368324E-01
6.85348110E+00 1.08024924906897593E-01 6.75346317752480857E-03 1.04383828947222215E-01
6.85942927E+00 1.07981683245014323E-01 6.76015737497671736E-03 1.04574434865127144E-01
6.86535680E+00 1.07938551441671901E-01 6.76667934487559190E-03 1.04764769470830341E-01
6.87126471E+00 1.07895523660970133E-01 6.77303903525365222E-03 1.04954896729608824E-01
6.87715405E+00 1.07852593468166488E-01 6.77924651307146818E-03 1.05144881159598774E-01
6.88302597E+00 1.07809753837375594E-01 6.78531199775198914E-03 1.05334787605772362E-01
6.88888166E+00 1.07766997158972921E-01 6.79124590475000192E-03 1.05524681607950116E-01
6.89472238E+00 1.07724315247442193E-01 6.79705888967863971E-03 1.05714630075127505E-01
6.90054504E+00 1.07681731720498858E-01 6.80275773397946443E-03 1.05904644463907349E-01
6.90634789E+00 1.07639260216355309E-01 6.80835104420415317E-03 1.06094652631664052E-01
6.91213209E+00 1.07596873595755677E-01 6.81384280171638736E-03 1.06285271493956876E-01
6.91789885E+00 1.07554576725050741E-01 6.81924973049340567E-03 1.06475070909382866E-01
6.92364941E+00 1.07512365147766423E-01 6.82458542382160041E-03 1.06665592289546335E-01
6.92938512E+00 1.07470231004034245E-01 6.82986256530422262E-03 1.06855976900456243E-01
6.93510735E+00 1.07428164960437250E-01 6.83509358587613709E-03 1.07046785695057808E-01
6.94081752E+00 1.07386156873750679E-01 6.84029084283538369E-03 1.07237903765393133E-01
6.94651710E+00 1.07344196036522940E-01 6.84546663860385960E-03 1.07429487125124040E-01
6.95220760E+00 1.07302271286125767E-01 6.85063318756709734E-03 1.07621580177533926E-01
6.95789058E+00 1.07260371070409755E-01 6.85580256948502102E-03 1.07814278710711559E-01
6.96356477E+00 1.07218504447449625E-01 6.86098418852151490E-03 1.08007619324517148E-01
6.96922595E+00 1.07176702372845101E-01 6.86618456378699105E-03 1.08201539783931613E-01
6.97487559E+00 1.07134953785405079E-01 6.87141490046554778E-03 1.08395993539099997E-01
6.98051518E+00 1.07093247251925955E-01 6.87668598622095169E-03 1.08591075871503975E-01
6.98614625E+00 1.07051571027937303E-01 6.88200821685029836E-03 1.08786869508755310E-01
6.99177034E+00 1.07009913113076074E-01 6.88739160549012991E-03 1.08983454933685067E-01
6.99738903E+00 1.06968261303295134E-01 6.89284578106217835E-03 1.09180915334910686E-01
7.00300388E+00 1.06926603242299009E-01 6.89837998015645475E-03 1.09379335411620676E-01
7.00861647E+00 1.06884926473073794E-01 6.90400303562150805E-03 1.09578801484566016E-01
7.01422836E+00 1.06843218489394681E-01 6.90972336570914135E-03 1.09779401180681399E-01
7.01984112E+00 1.06801466786626831E-01 6.91554896814373238E-03 1.09981223320100935E-01
7.02545546E+00 1.06759665133142473E-01 6.92148656339828389E-03 1.10184344624567637E-01
7.03106534E+00 1.06717857629409690E-01 6.92753534767145789E-03 1.10388716525953792E-01
7.03667230E+00 1.06676031890970552E-01 6.93370179400671673E-03 1.10594250764991811E-01
7.04227788E+00 1.06634175524439073E-01 6.93999192483460946E-03 1.10801052519934107E-01
7.04788361E+00 1.06592276189261301E-01 6.94641140336961158E-03 1.11009214936949249E-01
7.05349098E+00 1.06550321647616436E-01 6.95296560281287359E-03 1.11218824074070730E-01
7.05910147E+00 1.06508299804038850E-01 6.95965966164378228E-03 1.11429968445457953E-01
7.06471650E+00 1.06466198737653159E-01 6.96649853160901788E-03 1.11642736151389518E-01
7.07033749E+00 1.06424006728724388E-01 6.97348702064694119E-03 1.11857215509629071E-01
7.07596578E+00 1.06381712280671989E-01 6.98062982937589296E-03 1.12073494539509322E-01
7.08159648E+00 1.06339351028216206E-01 6.98792369378991359E-03 1.12291556179584570E-01
7.08722956E+00 1.06296921920115112E-01 6.99537114435703437E-03 1.12511307996934332E-01
7.09285540E+00 1.06254496366626414E-01 7.00296182692441982E-03 1.12732626936992056E-01
7.09847367E+00 1.06212075917839280E-01 7.01069688394278905E-03 1.12955294953597185E-01
7.10408601E+00 1.06169647252974550E-01 7.01857978241579583E-03 1.13179373586558260E-01
7.10969403E+00 1.06127197155930345E-01 7.02661381234403592E-03 1.13404963279681165E-01
7.11529930E+00 1.06084712576917373E-01 7.03480214752758015E-03 1.13632148087028484E-01
7.12089427E+00 1.06042249745378889E-01 7.04313463745101596E-03 1.13860852655795333E-01
7.12647930E+00 1.05999805217133300E-01 7.05161209480851571E-03 1.14090896893012647E-01
7.13205606E+00 1.05957365423482192E-01 7.06023720385320474E-03 1.14322350076310572E-01
7.13762619E+00 1.05914916962524572E-01 7.06901268421526469E-03 1.14555305958447984E-01
7.14318996E+00 1.05872456832078327E-01 7.07793926927659505E-03 1.14789819886182171E-01
7.14874805E+00 1.05829978942592481E-01 7.08701842719868143E-03 1.15025919560490852E-01
7.15430202E+00 1.05787470427620239E-01 7.09625318542812713E-03 1.15263662521184668E-01
7.15985339E+00 1.05744918698918042E-01 7.10564669951896117E-03 1.15503130654426578E-01
7.16540361E+00 1.05702311456870965E-01 7.11520225998402665E-03 1.15744401440652886E-01
7.17095410E+00 1.05659636695850406E-01 7.12492329830867379E-03 1.15987550540475173E-01
7.17650300E+00 1.05616907659897494E-01 7.13480774069764206E-03 1.16232589931358335E-01
7.18204651E+00 1.05574152694515186E-01 7.14485000603882169E-03 1.16479399740499825E-01
7.18758617E+00 1.05531358823018409E-01 7.15505394256298229E-03 1.16727913892246335E-01
7.19312351E+00 1.05488513366173015E-01 7.16542348728123422E-03 1.16978223444479931E-01
7.19865999E+00 1.05445603961600742E-01 7.17596270518675809E-03 1.17230405820742345E-01
7.20419703E+00 1.05402618570995726E-01 7.18667578204978605E-03 1.17484531073712192E-01
7.20973599E+00 1.05359545475966598E-01 7.19756698481114222E-03 1.17740669716654825E-01
7.21527819E+00 1.05316373265704491E-01 7.20864060470568536E-03 1.17998890337739429E-01
7.22082490E+00 1.05273090819210546E-01 7.21990089797249109E-03 1.18259260105316219E-01
7.22637736E+00 1.05229687284381646E-01 7.23135203765932610E-03 1.18521844419647179E-01
7.23193226E+00 1.05186187329402256E-01 7.24298882481036466E-03 1.18786611038362008E-01
7.23748930E+00 1.05142592310787819E-01 7.25481182539866598E-03 1.19053455014064391E-01
7.24304990E+00 1.05098889870916284E-01 7.26682506188983373E-03 1.19322404392521245E-01
7.24861546E+00 1.05055067909070293E-01 7.27903243365378861E-03 1.19593535784532135E-01
7.25418733E+00 1.05011114577985051E-01 7.29143778226221811E-03 1.19866915529733747E-01
7.25976682E+00 1.04967018273924392E-01 7.30404493407076517E-03 1.20142608142416785E-01
7.26535519E+00 1.04922767621934476E-01 7.31685772382063837E-03 1.20420677166051815E-01
7.27095368E+00 1.04878351458540547E-01 7.32988000054180747E-03 1.20701184965519251E-01
7.27656348E+00 1.04833758813581354E-01 7.34311561567373844E-03 1.20984192702001572E-01
7.28218147E+00 1.04789013069649342E-01 7.35655830792704413E-03 1.21269660906972165E-01
7.28780740E+00 1.04744115042217881E-01 7.37020817815971750E-03 1.21557482448426096E-01
7.29344271E+00 1.04699051701210702E-01 7.38406923914691586E-03 1.21847684184194574E-01
7.29908882E+00 1.04653810232275560E-01 7.39814525763854078E-03 1.22140344299712350E-01
7.30474713E+00 1.04608378035636884E-01 7.41243972132045806E-03 1.22435532044288392E-01
7.31041897E+00 1.04562742721359070E-01 7.42695578576126839E-03 1.22733314943825500E-01
7.31610563E+00 1.04516892102664363E-01 7.44169621579501405E-03 1.23033759297057857E-01
7.32180839E+00 1.04470814189453060E-01 7.45666333302153015E-03 1.23336929384762775E-01
7.32752847E+00 1.04424497183380871E-01 7.47185897823361440E-03 1.23642887067001411E-01
7.33326707E+00 1.04377929475103826E-01 7.48728449308572967E-03 1.23951691688643686E-01
7.33902534E+00 1.04331099643563990E-01 7.50294071844138499E-03 1.24263400253689676E-01
7.34480441E+00 1.04283996456564138E-01 7.51882799960407709E-03 1.24578067834895126E-01
7.35060536E+00 1.04236608871500769E-01 7.53494618472353057E-03 1.24895748041472243E-01
7.35642924E+00 1.04188926035285373E-01 7.55129460487280642E-03 1.25216493442068255E-01
7.36227707E+00 1.04140937283259488E-01 7.56787203238649692E-03 1.25540355809047405E-01
7.36814983E+00 1.04092632138016658E-01 7.58467662440953216E-03 1.25867386077200216E-01
7.37404847E+00 1.04044000309901088E-01 7.60170586597327946E-03 1.26197633973088308E-01
7.37997391E+00 1.03995031700916230E-01 7.61895652728233983E-03 1.26531147406223593E-01
7.38592702E+00 1.03945716412677247E-01 7.63642464278822385E-03 1.26867971828021509E-01
7.39190864E+00 1.03896044757273598E-01 7.65410550851371597E-03 1.27208149758094191E-01
7.39791959E+00 1.03846007268532839E-01 7.67199368467285075E-03 1.27551720527478984E-01
7.40396064E+00 1.03795594711180397E-01 7.69008298793032175E-03 1.27898720163711371E-01
7.41003254E+00 1.03744798086961298E-01 7.70836646342541298E-03 1.28249181342996676E-01
7.41613598E+00 1.03693608639273294E-01 7.72683633848079716E-03 1.28603133427817623E-01
7.42227166E+00 1.03642017859615812E-01 7.74548397220640918E-03 1.28960602643347383E-01
7.42844020E+00 1.03590017498851911E-01 7.76429982218490838E-03 1.29321612428422245E-01
7.43464223E+00 1.03537599583590975E-01 7.78327344791655482E-03 1.29686183853730347E-01
7.44087833E+00 1.03484756434117975E-01 7.80239356166514183E-03 1.30054335934569415E-01
7.44714904E+00 1.03431480677494192E-01 7.82164812512591533E-03 1.30426085598395275E-01
7.45345491E+00 1.03377765249781817E-01 7.84102448018160134E-03 1.30801447201474824E-01
7.45979642E+00 1.03323603385276200E-01 7.86050949745399630E-03 1.31180431667110547E-01
7.46617407E+00 1.03268988596565317E-01 7.88008972788866759E-03 1.31563045540050688E-01
7.47258831E+00 1.03213914653967939E-01 7.89975154827075171E-03 1.31949290404722891E-01
7.47903959E+00 1.03158375573459513E-01 7.91948129856293731E-03 1.32339163005314508E-01
7.48552834E+00 1.03102365617491878E-01 7.93926541502120407E-03 1.32732656172954294E-01
7.49205498E+00 1.03045879305059054E-01 7.95909056675222354E-03 1.33129760281725851E-01
7.49861993E+00 1.02988911420092769E-01 7.97894380362809859E-03 1.33530464738071453E-01
7.50522358E+00 1.02931457005021751E-01 7.99881271929918543E-03 1.33934758877460813E-01
7.51186636E+00 1.02873511331005002E-01 8.01868562438189797E-03 1.34342631722084022E-01
7.51854865E+00 1.02815069846054374E-01 8.03855171394413440E-03 1.34754070397153924E-01
7.52525877E+00 1.02756234346439837E-01 8.05836634219292587E-03 1.35168718683960187E-01
7.53196606E+00 1.02697274600164618E-01 8.07803326341896208E-03 1.35585228378904132E-01
7.53867217E+00 1.02638178577001679E-01 8.09755261455392776E-03 1.36002449431000955E-01
7.54537870E+00 1.02578934351115481E-01 8.11692474780920971E-03 1.36420503034089952E-01
7.55208720E+00 1.02519530182639318E-01 8.13615048356423551E-03 1.36839440296830400E-01
7.55877902E+00 1.02460133844178028E-01 8.15517533588618060E-03 1.37258694142725679E-01
7.56544957E+00 1.02400789470740092E-01 8.17398684768958113E-03 1.37677325305530202E-01
7.57210399E+00 1.02341454883874028E-01 8.19260024370394024E-03 1.38095262779913103E-01
7.57874666E+00 1.02282093900868343E-01 8.21102887638025872E-03 1.38512778624078570E-01
7.58538139E+00 1.02222675124876997E-01 8.22928500558275065E-03 1.38930042053055369E-01
7.59201154E+00 1.02163170696434311E-01 8.24738038265212040E-03 1.39347187424925578E-01
7.59864016E+00 1.02103555104680943E-01 8.26532664380867296E-03 1.39764330436672440E-01
7.60525064E+00 1.02043979978856086E-01 8.28308453119376911E-03 1.40181025662749009E-01
7.61181467E+00 1.01984703381808525E-01 8.30058724556073657E-03 1.40595739442396367E-01
7.61834129E+00 1.01925647687945223E-01 8.31786744492709999E-03 1.41007592660819275E-01
7.62483845E+00 1.01866743942177512E-01 8.33495365367527968E-03 1.41417190594207320E-01
7.63131312E+00 1.01807931539690213E-01 8.35187105228513485E-03 1.41824951167015767E-01
7.63777134E+00 1.01749157587600891E-01 8.36864213757965679E-03 1.42231179271783220E-01
7.64421836E+00 1.01690375920962472E-01 8.38528726168353417E-03 1.42636143165094598E-01
7.65065877E+00 1.01631545880106880E-01 8.40182507895834152E-03 1.43040061695520471E-01
7.65709668E+00 1.01572630984130899E-01 8.41827290359195221E-03 1.43443118580992846E-01
7.66353584E+00 1.01513597638535874E-01 8.43464698016736965E-03 1.43845469018868355E-01
7.66997978E+00 1.01454414000652721E-01 8.45096267974693519E-03 1.44247248248199816E-01
7.67643189E+00 1.01395049095579531E-01 8.46723463952982897E-03 1.44648577018287983E-01
7.68289551E+00 1.01335472232187362E-01 8.48347685999034477E-03 1.45049565597944213E-01
7.68937395E+00 1.01275652720963727E-01 8.49970276318554215E-03 1.45450316004256980E-01
7.69585015E+00 1.01215748107784609E-01 8.51587583960291238E-03 1.45850383625156427E-01
7.70231018E+00 1.01155887876629783E-01 8.53196804906252923E-03 1.46248598634524690E-01
7.70876879E+00 1.01095936437214484E-01 8.54802059271401841E-03 1.46644759228109878E-01
7.71524024E+00 1.01035761300899044E-01 8.56407171186377748E-03 1.47039805877208662E-01
7.72167302E+00 1.00975841921628187E-01 8.58000032494252163E-03 1.47432814237252380E-01
7.72807197E+00 1.00916135313544569E-01 8.59582324249200634E-03 1.47821662335848480E-01
7.73445759E+00 1.00856451478751677E-01 8.61159306937086741E-03 1.48207205511565188E-01
7.74085082E+00 1.00796595043679799E-01 8.62736138538330866E-03 1.48590737642779080E-01
7.74727326E+00 1.00736362814228902E-01 8.64318005744797550E-03 1.48973400859409688E-01
7.75374758E+00 1.00675540124488636E-01 8.65910247419015774E-03 1.49356369520533466E-01
7.76024582E+00 1.00614387321317722E-01 8.67506091072726623E-03 1.49739577125589829E-01
7.76674606E+00 1.00553109766421900E-01 8.69100440996833749E-03 1.50121109024633104E-01
7.77325679E+00 1.00491627281366222E-01 8.70695508050896988E-03 1.50500292917629230E-01
7.77976297E+00 1.00430081555395817E-01 8.72287853821487359E-03 1.50877127858084437E-01
7.78624554E+00 1.00368653234574209E-01 8.73873205309221718E-03 1.51250429511170820E-01
7.79270730E+00 1.00307316847788874E-01 8.75452547505766072E-03 1.51619476996808250E-01
7.79915744E+00 1.00245985550370134E-01 8.77028337418052015E-03 1.51984616506960268E-01
7.80560549E+00 1.00184568763575912E-01 8.78603066760822414E-03 1.52346325897673385E-01
7.81206110E+00 1.00122973681256028E-01 8.80179255388215294E-03 1.52705025884516649E-01
7.81853395E+00 1.00061106762905208E-01 8.81759431578317543E-03 1.53061122916083814E-01
7.82499754E+00 9.99992201458550778E-02 8.83337640190902905E-03 1.53414232239397957E-01
7.83143622E+00 9.99374640901246752E-02 8.84910688815435630E-03 1.53762819319449934E-01
7.83785964E+00 9.98757465659146776E-02 8.86481432775914312E-03 1.54106540281863991E-01
7.84427783E+00 9.98139714275233375E-02 8.88052785814622513E-03 1.54446037729106117E-01
7.85070100E+00 9.97520400579725713E-02 8.89627757075343167E-03 1.54781799808079684E-01
7.85713934E+00 9.96898530990029536E-02 8.91209441231922972E-03 1.55114284108554878E-01
7.86360288E+00 9.96273122782510151E-02 8.92800969736289030E-03 1.55443928761281935E-01
7.87005099E+00 9.95648096578586189E-02 8.94393479211886590E-03 1.55770230170637791E-01
7.87648554E+00 9.95023274140862807E-02 8.95988369128154945E-03 1.56091500723994997E-01
7.88291638E+00 9.94397701575011894E-02 8.97588784399042626E-03 1.56408217882750528E-01
7.88935345E+00 9.93770404147501230E-02 8.99197777050255928E-03 1.56720938968407414E-01
7.89580666E+00 9.93140404917703251E-02 9.00818338713643696E-03 1.57030108099302373E-01
7.90228565E+00 9.92506745694906600E-02 9.02453415134117469E-03 1.57336148513795238E-01
7.90876310E+00 9.91872081354756435E-02 9.04096991708244584E-03 1.57638910810019517E-01
7.91523506E+00 9.91236797321221191E-02 9.05748882285397489E-03 1.57937151161843176E-01
7.92171129E+00 9.90599931873221290E-02 9.07412271657597261E-03 1.58231085030203944E-01
7.92820141E+00 9.89960496608052465E-02 9.09090318917298024E-03 1.58521468701289137E-01
7.93471472E+00 9.89317583258772087E-02 9.10785968009513586E-03 1.58808404683198456E-01
7.94125994E+00 9.88670318085286409E-02 9.12502034848283045E-03 1.59092540917301739E-01
7.94780559E+00 9.88021801411417822E-02 9.14230993768918622E-03 1.59373617843073884E-01
7.95435609E+00 9.87371593536767594E-02 9.15974276966398382E-03 1.59650514332452170E-01
7.96089935E+00 9.86720893891944867E-02 9.17728722323264343E-03 1.59923568322642679E-01
7.96742600E+00 9.86070637532430322E-02 9.19491570108483224E-03 1.60192304704041610E-01
7.97394313E+00 9.85420125081151732E-02 9.21264066880990613E-03 1.60456690905306093E-01
7.98044898E+00 9.84769532278631926E-02 9.23044895319946254E-03 1.60717206155190778E-01
7.98694151E+00 9.84119064143230554E-02 9.24832490307155725E-03 1.60973854107985842E-01
7.99342854E+00 9.83467934585971343E-02 9.26627762311104351E-03 1.61226805936588197E-01
7.99991774E+00 9.82815366708411076E-02 9.28431418305731074E-03 1.61476599847127061E-01
8.00641562E+00 9.82160693955004965E-02 9.30243719365694659E-03 1.61723651145933872E-01
8.01290778E+00 9.81505354493898696E-02 9.32059222499736356E-03 1.61968126327616896E-01
8.01939646E+00 9.80849115950793438E-02 9.33877011542190959E-03 1.62209547687254291E-01
8.02588941E+00 9.80191186845393719E-02 9.35697681055620151E-03 1.62448352085651643E-01
8.03239363E+00 9.79530844256997352E-02 9.37521748309343324E-03 1.62684998624211957E-01
8.03891504E+00 9.78867465894642103E-02 9.39349680074398966E-03 1.62919860259169991E-01
8.04544018E+00 9.78202401491942014E-02 9.41177034740545322E-03 1.63153107949216475E-01
8.05197516E+00 9.77535008885878076E-02 9.43005027946205998E-03 1.63384316903220445E-01
8.05852627E+00 9.76864623767371293E-02 9.44835045685021857E-03 1.63614051223626683E-01
8.06509856E+00 9.76190704944039783E-02 9.46668203498838776E-03 1.63842639251794042E-01
8.07169009E+00 9.75513420652205088E-02 9.48503790677029425E-03 1.64070328815380723E-01
8.07828841E+00 9.74834025613400268E-02 9.50338358004236203E-03 1.64297016028264464E-01
8.08489252E+00 9.74152606525888198E-02 9.52171612000487361E-03 1.64522349713894955E-01
8.09143311E+00 9.73476309644877996E-02 9.53985293446250708E-03 1.64746157518221414E-01
8.09791870E+00 9.72804285936492569E-02 9.55782282042811834E-03 1.64965846401696675E-01
8.10435838E+00 9.72135617341021580E-02 9.57565377272837776E-03 1.65182792672072559E-01
8.11075732E+00 9.71469784585301810E-02 9.59336257597925672E-03 1.65397363110790507E-01
8.11710957E+00 9.70807421813780214E-02 9.61093671037016595E-03 1.65609795193029014E-01
8.12340716E+00 9.70149384046680580E-02 9.62835864306946405E-03 1.65819792277392436E-01
8.12965747E+00 9.69494924533202684E-02 9.64565086325501649E-03 1.66027259948908795E-01
8.13586877E+00 9.68843199865449395E-02 9.66283601803220350E-03 1.66232717027348237E-01
8.14204998E+00 9.68193292791687671E-02 9.67993657996320950E-03 1.66436541292443535E-01
8.14821031E+00 9.67544247836338717E-02 9.69697418991473381E-03 1.66639110756250680E-01
8.15435889E+00 9.66895111881670433E-02 9.71396891492192632E-03 1.66840794240350948E-01
8.16050120E+00 9.66245315702643770E-02 9.73093013074305749E-03 1.67041937659579420E-01
8.16663210E+00 9.65595439254172822E-02 9.74783852062341589E-03 1.67242515288055282E-01
8.17276369E+00 9.64944192850725607E-02 9.76472167395306054E-03 1.67442736991093549E-01
8.17889314E+00 9.64291873229979335E-02 9.78156647882704941E-03 1.67642875100903865E-01
8.18500856E+00 9.63639757131453389E-02 9.79833690529942000E-03 1.67842857081859087E-01
8.19111839E+00 9.62986962685691006E-02 9.81505068454162181E-03 1.68042153354782731E-01
8.19723057E+00 9.62332654290892486E-02 9.83172272864108431E-03 1.68241405720183562E-01
8.20335093E+00 9.61676219868565080E-02 9.84836132938146300E-03 1.68440863796810503E-01
8.20948557E+00 9.61017010335140920E-02 9.86497478981733684E-03 1.68640744808069565E-01
8.21564233E+00 9.60354191014536618E-02 9.88157482975642043E-03 1.68841269422709078E-01
8.22180901E+00 9.59689079873689843E-02 9.89812178975520325E-03 1.69042712656295835E-01
8.22796465E+00 9.59023952634110305E-02 9.91455613954196277E-03 1.69244406627791166E-01
8.23409003E+00 9.58360916816586861E-02 9.93082538043913235E-03 1.69445573611868905E-01
8.24019017E+00 9.57699467577091679E-02 9.94693885278221009E-03 1.69645667432473085E-01
8.24627039E+00 9.57039061542381553E-02 9.96290509771083181E-03 1.69845249819550903E-01
8.25233615E+00 9.56379133842470835E-02 9.97873256327728129E-03 1.70044533882417220E-01
8.25839176E+00 9.55719236580158671E-02 9.99442709781074579E-03 1.70243717254099453E-01
8.26441243E+00 9.55062097126040260E-02 1.00099253330032129E-02 1.70442913699458826E-01
8.27040263E+00 9.54407260177341371E-02 1.00252388076001453E-02 1.70640870362867902E-01
8.27636710E+00 9.53754235450369053E-02 1.00403789297047932E-02 1.70838192668589767E-01
8.28231078E+00 9.53102504945820550E-02 1.00553574930086886E-02 1.71035084327073927E-01
8.28823871E+00 9.52451532112645188E-02 1.00701868058274899E-02 1.71231724323334777E-01
8.29415601E+00 9.51800770738071011E-02 1.00848796243081205E-02 1.71428286529118651E-01
8.30006773E+00 9.51149672851415579E-02 1.00994490337400437E-02 1.71624958244046416E-01
8.30597886E+00 9.50497695327049835E-02 1.01139083458242924E-02 1.71821926046474838E-01
8.31189424E+00 9.49844305165703784E-02 1.01282710361870615E-02 1.72019379190526428E-01
8.31781857E+00 9.49188983681719112E-02 1.01425507191905909E-02 1.72217505644500585E-01
8.32373019E+00 9.48534125824297136E-02 1.01567032998137290E-02 1.72416500522041244E-01
8.32962771E+00 9.47879891473560332E-02 1.01707337941711450E-02 1.72615205719365533E-01
8.33551654E+00 9.47225687315247922E-02 1.01846618507000289E-02 1.72813912235875611E-01
8.34140213E+00 9.46570910241938679E-02 1.01985062471525879E-02 1.73012985317356233E-01
8.34728985E+00 9.45914955362746335E-02 1.02122850859337651E-02 1.73212633088041412E-01
8.35318500E+00 9.45257225219792024E-02 1.02260156311575305E-02 1.73413051069042756E-01
8.35909266E+00 9.44597140045530526E-02 1.02397139677802528E-02 1.73614436320709192E-01
8.36501306E+00 9.43934657163871954E-02 1.02533848824487590E-02 1.73816987539755941E-01
8.37094459E+00 9.43269944452975878E-02 1.02670284947592293E-02 1.74020652112069518E-01
8.37689130E+00 9.42602533318111502E-02 1.02806559337866067E-02 1.74225347081634119E-01
8.38285453E+00 9.41932226867603223E-02 1.02942709015782508E-02 1.74431509916221666E-01
8.38882314E+00 9.41260287150753466E-02 1.03078476101615794E-02 1.74638884181010978E-01
8.39480277E+00 9.40586079908538319E-02 1.03213959236121196E-02 1.74847033313525052E-01
8.40078743E+00 9.39910280241207652E-02 1.03348984549432900E-02 1.75056446366469859E-01
8.40678013E+00 9.39232547130517820E-02 1.03483557974218699E-02 1.75266790753076662E-01
8.41278500E+00 9.38552414352391423E-02 1.03617687292106766E-02 1.75478312547675958E-01
8.41880559E+00 9.37869476226243226E-02 1.03751351037972665E-02 1.75691248290759883E-01
8.42484479E+00 9.37183400343000322E-02 1.03884500778321891E-02 1.75905730484077205E-01
8.43090031E+00 9.36494443689787487E-02 1.04016974029047041E-02 1.76121889850953728E-01
8.43696709E+00 9.35803178489218040E-02 1.04148555941097724E-02 1.76339578998392310E-01
8.44303910E+00 9.35110297455931522E-02 1.04279019908935563E-02 1.76558592031306000E-01
8.44911503E+00 9.34415957129552666E-02 1.04408242482849512E-02 1.76778721852839937E-01
8.45519496E+00 9.33720159514695169E-02 1.04536129637327266E-02 1.77000056572437864E-01
8.46127861E+00 9.33022948501073812E-02 1.04662585836355401E-02 1.77222683624619348E-01
8.46736549E+00 9.32324395605927947E-02 1.04787523136732827E-02 1.77446623327099623E-01
8.47345501E+00 9.31624582655449646E-02 1.04910870352001376E-02 1.77671884079487863E-01
8.47954664E+00 9.30923583441323893E-02 1.05032581231777698E-02 1.77898470272572495E-01
8.48564003E+00 9.30221446696967852E-02 1.05152640211789074E-02 1.78126388461686408E-01
8.49173514E+00 9.29518182469350196E-02 1.05271064917147814E-02 1.78355654232491390E-01
8.49783230E+00 9.28813753340758524E-02 1.05387905722013654E-02 1.78586298672683802E-01
8.50393222E+00 9.28108071179507277E-02 1.05503243368378543E-02 1.78818372259959557E-01
8.51003604E+00 9.27400999334791892E-02 1.05617185440578069E-02 1.79051945372170535E-01
8.51613729E+00 9.26693274820898916E-02 1.05729730072546650E-02 1.79287128710166971E-01
8.52223242E+00 9.25985305846178941E-02 1.05840948340616779E-02 1.79523536028579733E-01
8.52832131E+00 9.25277103760616254E-02 1.05950975856676111E-02 1.79761077461093904E-01
8.53440438E+00 9.24568621559092307E-02 1.06059949903423087E-02 1.79999862822075279E-01
8.54048255E+00 9.23859752354624086E-02 1.06168003761222731E-02 1.80239939273788258E-01
8.54655723E+00 9.23150333157744252E-02 1.06275263355320067E-02 1.80481366622406408E-01
8.55263021E+00 9.22440153219612619E-02 1.06381847142984123E-02 1.80724228463576914E-01
8.55870357E+00 9.21728966104860409E-02 1.06487868313583801E-02 1.80968624870177147E-01
8.56477953E+00 9.21016504327141217E-02 1.06593437324585556E-02 1.81214666528746016E-01
8.57086034E+00 9.20302495069360849E-02 1.06698663308663014E-02 1.81462469307043434E-01
8.57694813E+00 9.19586675320042124E-02 1.06803654183580329E-02 1.81712149529388162E-01
8.58304484E+00 9.18868804757801000E-02 1.06908516201074059E-02 1.81963818706465830E-01
8.58914981E+00 9.18148946229988272E-02 1.07013318159755282E-02 1.82217586170369705E-01
8.59525181E+00 9.17428412087354372E-02 1.07117971585747630E-02 1.82473422186228668E-01
8.60135030E+00 9.16707261609583934E-02 1.07222568250637806E-02 1.82730571121661384E-01
8.60744765E+00 9.15985209886986534E-02 1.07327238825385019E-02 1.82989236419147661E-01
8.61354606E+00 9.15261990216436061E-02 1.07432101098782987E-02 1.83249660001985309E-01
8.61964746E+00 9.14537367143097163E-02 1.07537257250620074E-02 1.83511935809120591E-01
8.62575343E+00 9.13811146035319044E-02 1.07642789621154849E-02 1.83776154337943393E-01
8.63186329E+00 9.13083405719302826E-02 1.07748727570891722E-02 1.84042397296084348E-01
8.63797722E+00 9.12354124655514326E-02 1.07855097563530483E-02 1.84310591316720757E-01
8.64409636E+00 9.11623171717626662E-02 1.07961922734061289E-02 1.84580769472765499E-01
8.65022160E+00 9.10890450198076906E-02 1.08069203782485395E-02 1.84853021429667697E-01
8.65635360E+00 9.10155893500667196E-02 1.08176920503504220E-02 1.85127385859797072E-01
8.66249285E+00 9.09419458280543991E-02 1.08285031821041475E-02 1.85403887335448492E-01
8.66863975E+00 9.08681115999426803E-02 1.08393474631586269E-02 1.85682546522693115E-01
8.67479467E+00 9.07940844017200432E-02 1.08502162365674160E-02 1.85963384925072056E-01
8.68095793E+00 9.07198629373130033E-02 1.08610982498748340E-02 1.86246429803785640E-01
8.68711883E+00 9.06455790094723712E-02 1.08719622780462533E-02 1.86531723491662110E-01
8.69327799E+00 9.05712285523359167E-02 1.08827939253291362E-02 1.86818488043050873E-01
8.69943591E+00 9.04968092305339367E-02 1.08935757428973348E-02 1.87107020729773532E-01
8.70559304E+00 9.04223196220532849E-02 1.09042881012777881E-02 1.87397375594038434E-01
8.71174977E+00 9.03477585128437261E-02 1.09149101719485178E-02 1.87689543966856970E-01
8.71790653E+00 9.02731242851921301E-02 1.09254207752163875E-02 1.87983520244837693E-01
8.72406385E+00 9.01984144479158617E-02 1.09357988863653562E-02 1.88279295753580100E-01
8.73022232E+00 9.01236253339073173E-02 1.09460236837443988E-02 1.88576867015686350E-01
8.73638266E+00 9.00487519714675000E-02 1.09560742292710532E-02 1.88876236681893767E-01
8.74254570E+00 8.99737881239425913E-02 1.09659290532058036E-02 1.89177415297565266E-01
8.74871235E+00 8.98987264763569660E-02 1.09755659721918510E-02 1.89480419025062380E-01
8.75488360E+00 8.98235589243744359E-02 1.09849623784124099E-02 1.89785266842597722E-01
8.76106047E+00 8.97482768994617569E-02 1.09940960332100199E-02 1.90091977238124960E-01
8.76724399E+00 8.96728716571394691E-02 1.10029461873648472E-02 1.90400565732781468E-01
8.77342416E+00 8.95974690128937962E-02 1.10114818491397672E-02 1.90711022289113991E-01
8.77959783E+00 8.95221108420069106E-02 1.10196870379974578E-02 1.91022529775965455E-01
8.78576581E+00 8.94467912396902931E-02 1.10275553856604321E-02 1.91335041460092753E-01
8.79192891E+00 8.93715032282901140E-02 1.10350854608557737E-02 1.91648643120943651E-01
8.79808799E+00 8.92962386929632285E-02 1.10422814388596944E-02 1.91963317254958049E-01
8.80424393E+00 8.92209883588912095E-02 1.10491533261414462E-02 1.92279033886612549E-01
8.81039764E+00 8.91457417707517685E-02 1.10557167071213165E-02 1.92595767000844215E-01
8.81652031E+00 8.90708504795322820E-02 1.10619677721148727E-02 1.92913388550914000E-01
8.82260073E+00 8.89964509954204591E-02 1.10679280450374524E-02 1.93229695077486940E-01
8.82865594E+00 8.89223344125641829E-02 1.10736431368734043E-02 1.93544542954322996E-01
8.83470368E+00 8.88482822588657767E-02 1.10791539814657659E-02 1.93859458345513630E-01
8.84076010E+00 8.87740947992289725E-02 1.10844961724993196E-02 1.94175356853353298E-01
8.84675690E+00 8.87006050207420765E-02 1.10896455902072238E-02 1.94492711841480453E-01
8.85270466E+00 8.86276824014900072E-02 1.10946410259323159E-02 1.94806085842200716E-01
8.85861498E+00 8.85551841472836110E-02 1.10995135691190593E-02 1.95117817837086316E-01
8.86450022E+00 8.84829577272938650E-02 1.11042881839347567E-02 1.95428511410590922E-01
8.87037334E+00 8.84108430688465563E-02 1.11089852081697540E-02 1.95738786635059003E-01
8.87624780E+00 8.83386735593174044E-02 1.11136213736299089E-02 1.96049207054112773E-01
8.88213760E+00 8.82662758397444180E-02 1.11182106603372778E-02 1.96360437453960479E-01
8.88800037E+00 8.81941681935686922E-02 1.11227311913714832E-02 1.96673035682714381E-01
8.89383229E+00 8.81223968688846504E-02 1.11271889992349948E-02 1.96983311534454808E-01
8.89964503E+00 8.80508185399350163E-02 1.11315964578493926E-02 1.97291966330203489E-01
8.90545059E+00 8.79792852272544418E-02 1.11359616345686023E-02 1.97600010373306850E-01
8.91126153E+00 8.79076420094147687E-02 1.11402892186750063E-02 1.97908060246146378E-01
8.91709119E+00 8.78357243974354496E-02 1.11445811550073999E-02 1.98216715153171436E-01
8.92294394E+00 8.77634782682025633E-02 1.11488318060734819E-02 1.98526633615114245E-01
8.92876881E+00 8.76915321405454529E-02 1.11530051134520643E-02 1.98837678118075845E-01
8.93457995E+00 8.76197128069282627E-02 1.11571075455549999E-02 1.99145730258994874E-01
8.94039158E+00 8.75478454059041705E-02 1.11611420977641377E-02 1.99453158429967720E-01
8.94621837E+00 8.74757492302898898E-02 1.11651099158114071E-02 1.99760761925284330E-01
8.95207565E+00 8.74032341036104082E-02 1.11690109725127839E-02 2.00069269891862134E-01
8.95797978E+00 8.73300969454113007E-02 1.11728438066622301E-02 2.00379424614160695E-01
8.96389418E+00 8.72567895013268285E-02 1.11765803746388028E-02 2.00692045442175171E-01
8.96978581E+00 8.71837216647251140E-02 1.11802006170016715E-02 2.01003758415840061E-01
8.97567207E+00 8.71106796485286300E-02 1.11837088096692714E-02 2.01312768901538847E-01
8.98157057E+00 8.70374467737637242E-02 1.11871026298840225E-02 2.01621367563844273E-01
8.98749948E+00 8.69637986165391619E-02 1.11903753464400856E-02 2.01930531187597434E-01
8.99347793E+00 8.68894988690078196E-02 1.11935170486542907E-02 2.02241128570383122E-01
8.99946808E+00 8.68150178679918672E-02 1.11964969302115434E-02 2.02554166070973013E-01
9.00544019E+00 8.67407272095188642E-02 1.11992965426715996E-02 2.02866062694218141E-01
9.01142382E+00 8.66662628248345973E-02 1.12019181932018156E-02 2.03175228884785730E-01
9.01744116E+00 8.65913512228481674E-02 1.12043537225460562E-02 2.03484924821274948E-01
9.02345341E+00 8.65164768305579091E-02 1.12065794804065161E-02 2.03796273300162312E-01
9.02946360E+00 8.64416044744237971E-02 1.12085904054985142E-02 2.04105362109047894E-01
9.03547486E+00 8.63666979911386773E-02 1.12103814932838931E-02 2.04413336130767259E-01
9.04149035E+00 8.62917204120367681E-02 1.12119488497923348E-02 2.04720515987521223E-01
9.04751325E+00 8.62166345106846060E-02 1.12132903919746393E-02 2.05026997835292574E-01
9.05354670E+00 8.61414033373823079E-02 1.12144055820864504E-02 2.05332923351939201E-01
9.05959381E+00 8.60659906660347779E-02 1.12152942782563388E-02 2.05638432064429666E-01
9.06563584E+00 8.59906320649868744E-02 1.12159568337913268E-02 2.05943707537615428E-01
9.07166673E+00 8.59154060970218486E-02 1.12163951078003907E-02 2.06247166885984545E-01
9.07768995E+00 8.58402723315070254E-02 1.12166074971818165E-02 2.06548781814779314E-01
9.08370906E+00 8.57651892081019440E-02 1.12165885637500809E-02 2.06849051396225947E-01
9.08972764E+00 8.56901144239169132E-02 1.12163311377517158E-02 2.07148158022318785E-01
9.09574927E+00 8.56150054085477175E-02 1.12158283888266225E-02 2.07263268812347801E-01
9.10177751E+00 8.55398197897079410E-02 1.12150752685329820E-02 2.08016225884246231E-01
9.10781585E+00 8.54645158207419237E-02 1.12140690286692234E-02 2.08025151929720070E-01
9.11386772E+00 8.53890527420145262E-02 1.12128088473889293E-02 2.08095994961419339E-01
9.11993291E+00 8.53134352947231417E-02 1.12112964056131272E-02 2.08873715471618621E-01
9.12601222E+00 8.52376553587985003E-02 1.12095338183380317E-02 2.08890296507010409E-01
9.13210867E+00 8.51616780743955776E-02 1.12075220120669890E-02 2.08974913168699261E-01
9.13820407E+00 8.50857318242067701E-02 1.12052725129852468E-02 2.09819884175724364E-01
9.14428949E+00 8.50099299484912557E-02 1.12027966256663097E-02 2.09819690188711439E-01
9.15036850E+00 8.49342304513370921E-02 1.12001003906230471E-02 2.09868294631573388E-01
9.15644464E+00 8.48585915144431518E-02 1.11971892377300871E-02 2.10573925789270450E-01
9.16252139E+00 8.47829716717884568E-02 1.11940683439747390E-02 2.10603364132267740E-01
9.16860222E+00 8.47073300803424384E-02 1.11907423542111605E-02 2.10995218793854383E-01
9.17469052E+00 8.46316267429061686E-02 1.11872147968272561E-02 2.11072418200326989E-01
9.18078961E+00 8.45558226514260547E-02 1.11834876904460326E-02 2.11797164350192718E-01
9.18690279E+00 8.44798798268149159E-02 1.11795616321040611E-02 2.11806338188476384E-01
9.19303327E+00 8.44037612652211860E-02 1.11754363454991176E-02 2.11877109678369174E-01
9.19918419E+00 8.43274308268046474E-02 1.11711114002674729E-02 2.12649993715261221E-01
9.20534951E+00 8.42509663863897501E-02 1.11665946011025828E-02 2.12660355091224856E-01
9.21152837E+00 8.41743810682624716E-02 1.11618911377369158E-02 2.12733380462455768E-01
9.21771119E+00 8.40977959763758443E-02 1.11570144016288619E-02 2.13515904243459065E-01
9.22389277E+00 8.40212776404412193E-02 1.11519746412706549E-02 2.13523056436906361E-01
9.23007671E+00 8.39447836898627731E-02 1.11467729278124233E-02 2.13589835393746569E-01
9.23626659E+00 8.38682720245151753E-02 1.11414078536428447E-02 2.14337505360150810E-01
9.24245919E+00 8.37917842540663454E-02 1.11358828695882692E-02 2.14350847014935370E-01
9.24864927E+00 8.37153859642266185E-02 1.11302034278689850E-02 2.14448133490676429E-01
9.25484002E+00 8.36390386711396566E-02 1.11243672120220315E-02 2.15195746677612737E-01
9.26103469E+00 8.35627028613526585E-02 1.11183723386259013E-02 2.15203764677900450E-01
9.26723660E+00 8.34863417176471556E-02 1.11122180751736417E-02 2.15271165740126502E-01
9.27344909E+00 8.34099122794108583E-02 1.11059059005001563E-02 2.16015245099170972E-01
9.27967556E+00 8.33333727882140246E-02 1.10994374515258620E-02 2.16026277332511701E-01
9.28591942E+00 8.32566820625546683E-02 1.10928143759921813E-02 2.16117437008296692E-01
9.29218409E+00 8.31797991301924805E-02 1.10860371480703216E-02 2.16844499012412401E-01
9.29847300E+00 8.31026830852678866E-02 1.10791041876817722E-02 2.16855388763726065E-01
9.30478863E+00 8.30253040290656608E-02 1.10720127630822250E-02 2.16947472409711906E-01
9.31111554E+00 8.29478514302550152E-02 1.10647806786201286E-02 2.17678347231379105E-01
9.31744245E+00 8.28704627940413247E-02 1.10574223035908113E-02 2.17687972292985976E-01
9.32377008E+00 8.27931290230013439E-02 1.10499388469144262E-02 2.17777508385917196E-01
9.33010186E+00 8.27158081209578427E-02 1.10423292794183964E-02 2.18500282517417405E-01
9.33644128E+00 8.26384576029590423E-02 1.10345941490610274E-02 2.18509966958979673E-01
9.34279192E+00 8.25610343426552706E-02 1.10267358024641691E-02 2.18742859569914377E-01
9.34915741E+00 8.24834943871177589E-02 1.10187578491559302E-02 2.19114288868143797E-01
9.35553604E+00 8.24058589727600099E-02 1.10106713189798439E-02 2.19343509414076182E-01
9.36191576E+00 8.23282747198128134E-02 1.10025006467320378E-02 2.19637916302199060E-01
9.36829982E+00 8.22507022345889266E-02 1.09942486554617420E-02 2.19897213443703138E-01
9.37469155E+00 8.21731017110153006E-02 1.09859156622594337E-02 2.20173958805963743E-01
9.38109433E+00 8.20954327329975891E-02 1.09775006300007090E-02 2.20440756562228141E-01
9.38751162E+00 8.20176541080118032E-02 1.09690029978556057E-02 2.20712111047908721E-01
9.39394699E+00 8.19397236298973347E-02 1.09604242651916046E-02 2.20980508562845346E-01
9.40040414E+00 8.18615977920302412E-02 1.09517686297905519E-02 2.21250113094652978E-01
9.40688689E+00 8.17832314888548711E-02 1.09430423965148401E-02 2.21518903488923530E-01
9.41339925E+00 8.17045777292174508E-02 1.09342524149042050E-02 2.21788160481011992E-01
9.41994543E+00 8.16255873594744774E-02 1.09254042119653200E-02 2.22057406567594179E-01
9.42651669E+00 8.15463676976265761E-02 1.09165192052282870E-02 2.22327063698381400E-01
9.43309075E+00 8.14671882065362563E-02 1.09076355063354429E-02 2.22596265580064984E-01
9.43967129E+00 8.13880063380994639E-02 1.08987531471850582E-02 2.22864045942281874E-01
9.44626210E+00 8.13087781878648191E-02 1.08898700918608066E-02 2.23130956369125111E-01
9.45286720E+00 8.12294576675458430E-02 1.08809834520363791E-02 2.23397166009975640E-01
9.45949080E+00 8.11499958824180023E-02 1.08720904103519270E-02 2.23662822307343134E-01
9.46613743E+00 8.10703405787789738E-02 1.08631884624432896E-02 2.23928074702097385E-01
9.47281192E+00 8.09904356697401934E-02 1.08542751392960140E-02 2.24193091352391488E-01
9.47951546E+00 8.09102685245887410E-02 1.08453530630258435E-02 2.24458026028575675E-01
9.48622670E+00 8.08300952474205747E-02 1.08364557920543232E-02 2.24722733204818753E-01
9.49294972E+00 8.07498679588436602E-02 1.08275820563563177E-02 2.24986093257986297E-01
9.49968879E+00 8.06695367688728959E-02 1.08187297122892146E-02 2.25248662291531121E-01
9.50644840E+00 8.05890491989987717E-02 1.08098962560404816E-02 2.25510577717244143E-01
9.51323328E+00 8.05083497113837226E-02 1.08010795980332981E-02 2.25772010891542557E-01
9.52004848E+00 8.04273792098915002E-02 1.07922786983757572E-02 2.26033105410702845E-01
9.52689936E+00 8.03460745340186938E-02 1.07834939518303991E-02 2.26294037878935983E-01
9.53379163E+00 8.02643679780131458E-02 1.07747272782247223E-02 2.26554980819177187E-01
9.54072837E+00 8.01822197966222533E-02 1.07659869571370762E-02 2.26816298474716321E-01
9.54766801E+00 8.01001221957138021E-02 1.07573386019306980E-02 2.27077478402016059E-01
9.55461545E+00 8.00180158086238325E-02 1.07487895282878960E-02 2.27336624436870777E-01
9.56157576E+00 7.99358391152029391E-02 1.07403459851071401E-02 2.27594519420019847E-01
9.56855418E+00 7.98535281849251238E-02 1.07320127097766567E-02 2.27851425497144933E-01
9.57555616E+00 7.97710163936982131E-02 1.07237930585393510E-02 2.28107476797619613E-01
9.58258744E+00 7.96882339556196501E-02 1.07156891612096225E-02 2.28362836318424633E-01
9.58965406E+00 7.96051072903322943E-02 1.07077020663751445E-02 2.28617664014209937E-01
9.59676248E+00 7.95215582434903590E-02 1.06998318614060541E-02 2.28872129313427791E-01
9.60391961E+00 7.94375031668917153E-02 1.06920777288090369E-02 2.29126402683331509E-01
9.61113296E+00 7.93528518588390713E-02 1.06844379075556987E-02 2.29380661287662574E-01
9.61841069E+00 7.92675063619988907E-02 1.06769095632650787E-02 2.29635088820101529E-01
9.62576179E+00 7.91813596124522068E-02 1.06694886128744018E-02 2.29889879808436698E-01
9.63316929E+00 7.90946078238045497E-02 1.06621976003643554E-02 2.30145218373587229E-01
9.64061844E+00 7.90074214173256961E-02 1.06550555218925449E-02 2.30399966183497729E-01
9.64811586E+00 7.89197209273417577E-02 1.06480583924756320E-02 2.30653539046171668E-01
9.65566849E+00 7.88314236763980464E-02 1.06412006962583496E-02 2.30906431183610789E-01
9.66328361E+00 7.87424429397542147E-02 1.06344757347498538E-02 2.31158779576296103E-01
9.67096894E+00 7.86526871796915938E-02 1.06278759413683550E-02 2.31410676217549571E-01
9.67873274E+00 7.85620591807839191E-02 1.06213930160166149E-02 2.31662217023106215E-01
9.68656219E+00 7.84707073998329174E-02 1.06150371728835676E-02 2.31913498294359505E-01
9.69444143E+00 7.83788159526450368E-02 1.06088212673993345E-02 2.32163587317448433E-01
9.70237910E+00 7.82862844416077064E-02 1.06027375620117680E-02 2.32411738372223647E-01
9.71038399E+00 7.81930109859839406E-02 1.05967782439063147E-02 2.32658463702673235E-01
9.71846516E+00 7.80988911010477987E-02 1.05909359232896315E-02 2.32903885405760569E-01
9.72663203E+00 7.80038164103411119E-02 1.05852039794413627E-02 2.33148048993732898E-01
9.73489455E+00 7.79076728973979171E-02 1.05795765216351763E-02 2.33390995774720222E-01
9.74325754E+00 7.78104065090400865E-02 1.05740524154365970E-02 2.33632759564185027E-01
9.75162683E+00 7.77131112542310820E-02 1.05687029157429391E-02 2.33873253773257156E-01
9.75999931E+00 7.76158243870896519E-02 1.05635360489529720E-02 2.34107885367811658E-01
9.76837906E+00 7.75185003875885903E-02 1.05585509825842395E-02 2.34337613339590384E-01
9.77676962E+00 7.74210996106380195E-02 1.05537435021791290E-02 2.34562839147953006E-01
9.78517401E+00 7.73235879884247024E-02 1.05491076779030274E-02 2.34783388476836663E-01
9.79359479E+00 7.72259365240718226E-02 1.05446371178603299E-02 2.34999161097707687E-01
9.80203414E+00 7.71281204986692948E-02 1.05403257681836900E-02 2.35210026569064951E-01
9.81049393E+00 7.70301184868249639E-02 1.05361683516034116E-02 2.35292506277791746E-01
9.81896218E+00 7.69320688556480448E-02 1.05321680527143760E-02 2.35797493018879645E-01
9.82741653E+00 7.68342293560523304E-02 1.05283341481346403E-02 2.35807272263036022E-01
9.83583037E+00 7.67369061833835797E-02 1.05246774577114986E-02 2.35854217607397859E-01
9.84422584E+00 7.66398426085668771E-02 1.05211821708186964E-02 2.36312496552500501E-01
9.85262457E+00 7.65427879264154176E-02 1.05178295045395137E-02 2.36330529629188574E-01
9.86104728E+00 7.64455017756675709E-02 1.05146003197223118E-02 2.36387771847208911E-01
9.86951335E+00 7.63477592027040075E-02 1.05114774459717231E-02 2.36862195604985643E-01
9.87804037E+00 7.62493560205070031E-02 1.05084467359426587E-02 2.36865619225286234E-01
9.88652526E+00 7.61514767710162604E-02 1.05055473574294875E-02 2.36890211225054048E-01
9.89497702E+00 7.60540155450787486E-02 1.05027769212022414E-02 2.37187378202905447E-01
9.90341047E+00 7.59567999799179022E-02 1.05001263425537721E-02 2.37220285411460313E-01
9.91181917E+00 7.58599022407871332E-02 1.04975908926527584E-02 2.37477932186924839E-01
9.92018496E+00 7.57635289585180255E-02 1.04951696216196416E-02 2.37501909046754223E-01
9.92852491E+00 7.56674816694633962E-02 1.04928499567324644E-02 2.37555676801133459E-01
9.93685463E+00 7.55715792827941213E-02 1.04906191199104597E-02 2.37907245142301577E-01
9.94518815E+00 7.54756588706872178E-02 1.04884643760438240E-02 2.37905879616056498E-01
9.95353787E+00 7.53795765911073473E-02 1.04863731283016421E-02 2.37909809871513583E-01
9.96191449E+00 7.52832083752952297E-02 1.04843330307837317E-02 2.37940329510709703E-01
9.97032696E+00 7.51864503206734341E-02 1.04823324509352861E-02 2.38209384617162706E-01
9.97878250E+00 7.50892186883050650E-02 1.04803611224675453E-02 2.38221982380600328E-01
9.98727825E+00 7.49915458453712797E-02 1.04784130365138152E-02 2.38241061675976612E-01
9.99580977E+00 7.48934819972307403E-02 1.04764843564290819E-02 2.38277182701860907E-01
1.00043863E+01 7.47949206091135244E-02 1.04745686889580053E-02 2.38357257746903778E-01
1.00129282E+01 7.46967738247732160E-02 1.04726855507531070E-02 2.38598888606400134E-01
1.00214423E+01 7.45989625690236802E-02 1.04708365807293889E-02 2.38588324928356688E-01
1.00299244E+01 7.45015336874555179E-02 1.04690263485823776E-02 2.38562325280056248E-01
1.00383866E+01 7.44043472265526612E-02 1.04672553201337060E-02 2.38538874317388072E-01
1.00468414E+01 7.43072610607745931E-02 1.04655231133629675E-02 2.38531326140211275E-01
1.00552831E+01 7.42103359300043258E-02 1.04638327533758679E-02 2.38544909342932959E-01
1.00637172E+01 7.41135104794129612E-02 1.04621840099493376E-02 2.38576618289049580E-01
1.00721387E+01 7.40168385299717763E-02 1.04605780975198549E-02 2.38622318286231178E-01
1.00805447E+01 7.39203531883987075E-02 1.04590154356533002E-02 2.38658729567857886E-01
1.00889409E+01 7.38239860361392525E-02 1.04574936868437971E-02 2.38682149758857515E-01
1.00973391E+01 7.37276036571469923E-02 1.04560075967399680E-02 2.38686719358252641E-01
1.01057503E+01 7.36310777903420588E-02 1.04545499214691480E-02 2.38671363009428233E-01
1.01141563E+01 7.35346148466639038E-02 1.04531185126159332E-02 2.38639218669244507E-01
1.01225572E+01 7.34382160588040456E-02 1.04517077471765144E-02 2.38590815956831459E-01
1.01309621E+01 7.33417728047824208E-02 1.04503099146780985E-02 2.38539709464472283E-01
1.01393802E+01 7.32451821897822930E-02 1.04489175850535944E-02 2.38492331469361468E-01
1.01478199E+01 7.31483464137513278E-02 1.04475242247362640E-02 2.38455584004988175E-01
1.01562820E+01 7.30512550437613095E-02 1.04461260541866587E-02 2.38421230272692797E-01
1.01647657E+01 7.29539183678963032E-02 1.04447209771768891E-02 2.38385603862034473E-01
1.01732453E+01 7.28566300976156850E-02 1.04433136017721157E-02 2.38339747245877337E-01
1.01817315E+01 7.27592685220080221E-02 1.04419019272707324E-02 2.38286885438175056E-01
1.01902347E+01 7.26617137935072904E-02 1.04404826575850186E-02 2.38208468044843330E-01
1.01987652E+01 7.25638476202372096E-02 1.04390515252385709E-02 2.38132444560382378E-01
1.02073180E+01 7.24657294996614992E-02 1.04376076388548959E-02 2.38076111142792146E-01
1.02158880E+01 7.23674177898255971E-02 1.04361512877155435E-02 2.37995862832119459E-01
1.02244429E+01 7.22692817832005785E-02 1.04346907045938658E-02 2.37915373245854156E-01
1.02329925E+01 7.21712122622659435E-02 1.04332269998645231E-02 2.37834414451754905E-01
1.02415499E+01 7.20730591193921161E-02 1.04317600489881972E-02 2.37614883727451071E-01
1.02501228E+01 7.19747352048479838E-02 1.04302910023320386E-02 2.37614844914041418E-01
1.02586919E+01 7.18764637690265940E-02 1.04288283475135000E-02 2.37609281140666984E-01
1.02672675E+01 7.17781256850405780E-02 1.04273751690669662E-02 2.37576059969396847E-01
1.02758413E+01 7.16798194762384294E-02 1.04259378988024697E-02 2.37265484006145333E-01
1.02844258E+01 7.15813998811590524E-02 1.04245176083283975E-02 2.37254603636418010E-01
1.02930133E+01 7.14829587088225971E-02 1.04231188084957897E-02 2.37229087777051623E-01
1.03015790E+01 7.13847781886918775E-02 1.04217504983806081E-02 2.37005465085037309E-01
1.03100482E+01 7.12877166752001606E-02 1.04204349494368392E-02 2.36978591243856035E-01
1.03184358E+01 7.11916040349777068E-02 1.04191775166377135E-02 2.36904401160850320E-01
1.03267561E+01 7.10962751917917912E-02 1.04179803689284523E-02 2.36559138774860928E-01
1.03350235E+01 7.10015678133938816E-02 1.04168432513095897E-02 2.36561012092415701E-01
1.03432520E+01 7.09073206832512709E-02 1.04157640004791455E-02 2.36552226214982453E-01
1.03514554E+01 7.08133724899458611E-02 1.04147386233586232E-02 2.36501640858315348E-01
1.03596481E+01 7.07195611181909850E-02 1.04137614915068497E-02 2.36078923774445948E-01
1.03678440E+01 7.06257234217718549E-02 1.04128258337331994E-02 2.36083016483356001E-01
1.03760575E+01 7.05316953590893192E-02 1.04119243742656024E-02 2.36075542413370837E-01
1.03843029E+01 7.04373123433479909E-02 1.04110498482023976E-02 2.36023499926472535E-01
1.03925946E+01 7.03424096656036363E-02 1.04101952086708919E-02 2.35574125947750540E-01
1.04009469E+01 7.02468229045388887E-02 1.04093535086187162E-02 2.35579044730734211E-01
1.04093740E+01 7.01503883069504869E-02 1.04085175741783133E-02 2.35570537288472465E-01
1.04177400E+01 7.00546599369755579E-02 1.04077037886559764E-02 2.35498222984487943E-01
1.04260202E+01 6.99599190036411661E-02 1.04069180792697776E-02 2.35038837089153629E-01
1.04342463E+01 6.98658045627217478E-02 1.04061545198210863E-02 2.35044639750445178E-01
1.04424494E+01 6.97719596587891011E-02 1.04054012172275796E-02 2.35036855179738352E-01
1.04506611E+01 6.96780259353809717E-02 1.04046422395898362E-02 2.34847253841181519E-01
1.04589130E+01 6.95836383910142381E-02 1.04038585537061991E-02 2.34777795351025137E-01
1.04672384E+01 6.94884199497943222E-02 1.04030281750796573E-02 2.34389081812481442E-01
1.04756099E+01 6.93926827265006624E-02 1.04021362829265929E-02 2.34386550896658497E-01
1.04839670E+01 6.92971215826135717E-02 1.04011770025321821E-02 2.34363556351371988E-01
1.04922820E+01 6.92020562086350377E-02 1.04001449110956348E-02 2.34066946956894645E-01
1.05005752E+01 6.91072544838343406E-02 1.03990282525099620E-02 2.34037168002101503E-01
1.05087768E+01 6.90135187521987298E-02 1.03978323009590971E-02 2.33763508337908738E-01
1.05168672E+01 6.89210716340678820E-02 1.03965608453929614E-02 2.33738571456467703E-01
1.05248580E+01 6.88297820462018817E-02 1.03952134664383328E-02 2.33509932534867098E-01
1.05327627E+01 6.87394973434224399E-02 1.03937883729044618E-02 2.33474498395177560E-01
1.05405968E+01 6.86500398221307484E-02 1.03922825150993530E-02 2.33193270841976413E-01
1.05483359E+01 6.85616860513587889E-02 1.03907023405087635E-02 2.33171676059425403E-01
1.05559584E+01 6.84746823203188637E-02 1.03890568369758938E-02 2.32971262688713793E-01
1.05634722E+01 6.83889380265221697E-02 1.03873489064016094E-02 2.32932257186364594E-01
1.05708877E+01 6.83043336225957615E-02 1.03855796018334241E-02 2.32622229412072945E-01
1.05782179E+01 6.82207226661725868E-02 1.03837479372943728E-02 2.32608373507870642E-01
1.05854784E+01 6.81379232299464954E-02 1.03818525607626416E-02 2.32563778645255181E-01
1.05926872E+01 6.80557292913046424E-02 1.03798901071243919E-02 2.32183142855074326E-01
1.05998640E+01 6.79739146047983883E-02 1.03778560030911154E-02 2.32180199127597547E-01
1.06070298E+01 6.78922379172792051E-02 1.03757444641578867E-02 2.32157024075505480E-01
1.06142065E+01 6.78104486391191003E-02 1.03735484021255549E-02 2.31862758003560654E-01
1.06214165E+01 6.77282921469184451E-02 1.03712593078108505E-02 2.31838945296223592E-01
1.06286819E+01 6.76455141053119297E-02 1.03688671320377249E-02 2.31610661521597511E-01
1.06360248E+01 6.75618596363796037E-02 1.03663605044323915E-02 2.31577729947180566E-01
1.06433244E+01 6.74787041114281588E-02 1.03637823364171305E-02 2.31304423515599572E-01
1.06505912E+01 6.73959307716060080E-02 1.03611331923409364E-02 2.31281639078507628E-01
1.06578429E+01 6.73133370994373481E-02 1.03584066159839831E-02 2.31060295668556293E-01
1.06650959E+01 6.72307367330614442E-02 1.03555926641468749E-02 2.31024236896770596E-01
1.06723653E+01 6.71479581973447176E-02 1.03526789624526182E-02 2.30725155039830737E-01
1.06796653E+01 6.70648402669742211E-02 1.03496511612560464E-02 2.30705807714542965E-01
1.06870099E+01 6.69812243841088201E-02 1.03464928830394216E-02 2.30510131512926569E-01
1.06944138E+01 6.68969450239468577E-02 1.03431853032006985E-02 2.30465899870466229E-01
1.07018931E+01 6.68118191978972625E-02 1.03397064728733851E-02 2.30099434720959922E-01
1.07094666E+01 6.67256364085964948E-02 1.03360304964596784E-02 2.30087904898412354E-01
1.07171561E+01 6.66381502876603748E-02 1.03321266667576826E-02 2.30041575374192814E-01
1.07248394E+01 6.65507521586382322E-02 1.03280450657959808E-02 2.29610591110097129E-01
1.07324827E+01 6.64638279521408276E-02 1.03238003086173133E-02 2.29602154040316836E-01
1.07401011E+01 6.63772106828052766E-02 1.03193796295855365E-02 2.29560468977977689E-01
1.07477127E+01 6.62906966708993045E-02 1.03147641320498439E-02 2.29145398197977079E-01
1.07553391E+01 6.62040442347669733E-02 1.03099293490164848E-02 2.29131997781889168E-01
1.07630050E+01 6.61169756191989921E-02 1.03048456401168033E-02 2.29080029256860773E-01
1.07707381E+01 6.60291809164675475E-02 1.02994782727928880E-02 2.28603333671113018E-01
1.07785685E+01 6.59403233964536151E-02 1.02937873665988246E-02 2.28600122874666384E-01
1.07865283E+01 6.58500461751188315E-02 1.02877278053935279E-02 2.28563359067898098E-01
1.07946504E+01 6.57579806494145019E-02 1.02812492287652039E-02 2.28141801124750743E-01
1.08027303E+01 6.56664493101615371E-02 1.02745083264800530E-02 2.28118378418951856E-01
1.08107657E+01 6.55754808568003583E-02 1.02675168843937657E-02 2.27844431051631352E-01
1.08187887E+01 6.54847173156863638E-02 1.02602520843245136E-02 2.27797338707485419E-01
1.08268313E+01 6.53938026092042157E-02 1.02526831952764758E-02 2.27365321388883324E-01
1.08349248E+01 6.53023887731070118E-02 1.02447742764339607E-02 2.27350104711487699E-01
1.08430994E+01 6.52101416192426564E-02 1.02364860050594367E-02 2.27136687188852882E-01
1.08512902E+01 6.51177972515957215E-02 1.02278799217321668E-02 2.26918891388477734E-01
1.08594714E+01 6.50256516318213212E-02 1.02189875111226691E-02 2.26844414700289210E-01
1.08676490E+01 6.49336408778748708E-02 1.02098073579642810E-02 2.26348298339264314E-01
1.08758290E+01 6.48417024379409762E-02 1.02003356648667099E-02 2.26340231268906789E-01
1.08840172E+01 6.47497753869907267E-02 1.01905666640669437E-02 2.26287154410744124E-01
1.08922192E+01 6.46578009541264043E-02 1.01804931415730871E-02 2.25723676079182756E-01
1.09004406E+01 6.45657229925874210E-02 1.01701067338433749E-02 2.25717523065632752E-01
1.09086866E+01 6.44734883733510816E-02 1.01593981249148094E-02 2.25665899324464736E-01
1.09169620E+01 6.43810473123104937E-02 1.01483572584398062E-02 2.25096640973310363E-01
1.09252714E+01 6.42883536159235131E-02 1.01369735884948454E-02 2.25087842472968314E-01
1.09336193E+01 6.41953648183508779E-02 1.01252363150316268E-02 2.25014034163410592E-01
1.09420022E+01 6.41021237935855276E-02 1.01131455536028186E-02 2.24435248982116448E-01
1.09503845E+01 6.40090307823186072E-02 1.01007519064082001E-02 2.24426824526722302E-01
1.09587763E+01 6.39159776346723829E-02 1.00880411259417300E-02 2.24351669178731755E-01
1.09671881E+01 6.38228519634275876E-02 1.00749956592884674E-02 2.23757559767099129E-01
1.09756306E+01 6.37295398827039117E-02 1.00615951864930810E-02 2.23749436731231405E-01
1.09841145E+01 6.36359288448325039E-02 1.00478175471895963E-02 2.23551288925772307E-01
1.09925936E+01 6.35425326091888232E-02 1.00337370541653623E-02 2.23240062074352263E-01
1.10010628E+01 6.34494081407104837E-02 1.00193655178789174E-02 2.23041724603405933E-01
1.10095345E+01 6.33564250402082058E-02 1.00046852784110973E-02 2.22791533756000665E-01
1.10180209E+01 6.32634506363295435E-02 9.98967608780793916E-03 2.22566646081954644E-01
1.10265347E+01 6.31703509960089421E-02 9.97431602216577312E-03 2.22326855618872915E-01
1.10350886E+01 6.30769915871695341E-02 9.95858205869141859E-03 2.22092717424321684E-01
1.10436954E+01 6.29832373944664292E-02 9.94245012150999155E-03 2.21853463721074146E-01
1.10523681E+01 6.28889525196001664E-02 9.92589477543687898E-03 2.21614429089969062E-01
1.10611147E+01 6.27940566018220375E-02 9.90889943976991545E-03 2.21372629195523113E-01
1.10698937E+01 6.26990040548992544E-02 9.89154820831454271E-03 2.21129578825920825E-01
1.10786988E+01 6.26038642924240107E-02 9.87386083361425915E-03 2.20886591556027551E-01
1.10875576E+01 6.25083440439915816E-02 9.85578751480089416E-03 2.20644063222687287E-01
1.10964848E+01 6.24122897953257733E-02 9.83730089211553443E-03 2.20400856509754356E-01
1.11054169E+01 6.23163851675733599E-02 9.81854094914087761E-03 2.20157069806636657E-01
1.11143617E+01 6.22205476001673960E-02 9.79950306555551695E-03 2.19915723292604171E-01
1.11233280E+01 6.21246836843005121E-02 9.78017702304063985E-03 2.19676023219014610E-01
1.11323259E+01 6.20286883876471559E-02 9.76054622680262371E-03 2.19437977197882661E-01
1.11413395E+01 6.19327310163823724E-02 9.74064921918099506E-03 2.19201551783992421E-01
1.11503698E+01 6.18368045316697867E-02 9.72048760841594771E-03 2.18967802100510672E-01
1.11594293E+01 6.17407783815078007E-02 9.70003388687665398E-03 2.18736781975202826E-01
1.11685322E+01 6.16445044999771458E-02 9.67925281587703017E-03 2.18508308308039523E-01
1.11776950E+01 6.15478147245341334E-02 9.65810119231749059E-03 2.18282283924342180E-01
1.11869301E+01 6.14505851801714492E-02 9.63654283380738566E-03 2.18058594319369053E-01
1.11961476E+01 6.13537606374532363E-02 9.61478792557076897E-03 2.17837078721897476E-01
1.12053559E+01 6.12572549221113982E-02 9.59282139253628263E-03 2.17621528266895181E-01
1.12145645E+01 6.11609714069691682E-02 9.57062256294808483E-03 2.17410810501389301E-01
1.12237839E+01 6.10648011153553660E-02 9.54816566373252983E-03 2.17204770839141192E-01
1.12330264E+01 6.09686211742176271E-02 9.52542179558284359E-03 2.17003329774509868E-01
1.12423055E+01 6.08722925840013002E-02 9.50236059254074006E-03 2.16806390876813804E-01
1.12516372E+01 6.07756571315595170E-02 9.47895106394403518E-03 2.16613803176105318E-01
1.12609946E+01 6.06789954900511450E-02 9.45527802297895827E-03 2.16540911064718622E-01
1.12703914E+01 6.05821685932922543E-02 9.43133135984039472E-03 2.16072397078550416E-01
1.12798506E+01 6.04849454837569980E-02 9.40708181714386936E-03 2.16067176988594511E-01
1.12893984E+01 6.03870616500898003E-02 9.38249528215256284E-03 2.16026603721344052E-01
1.12990623E+01 6.02882421925304002E-02 9.35753985136100579E-03 2.15593639178026625E-01
1.13086946E+01 6.01899933640765855E-02 9.33265160011695349E-03 2.15578909554367232E-01
1.13182942E+01 6.00923215490405047E-02 9.30789231088155825E-03 2.15525489554289934E-01
1.13278655E+01 5.99951751730274721E-02 9.28330499269669311E-03 2.15058216077532893E-01
1.13374143E+01 5.98984904332124923E-02 9.25892331034765606E-03 2.15061958068571979E-01
1.13469467E+01 5.98022019153774814E-02 9.23477450894948267E-03 2.15047158658734527E-01
1.13564688E+01 5.97062426085301218E-02 9.21087963662362529E-03 2.14791649028366477E-01
1.13659571E+01 5.96108437341201919E-02 9.18732874842909282E-03 2.14753295073980693E-01
1.13754147E+01 5.95159674423133903E-02 9.16413761163905639E-03 2.14450489631342889E-01
1.13848479E+01 5.94215484919608239E-02 9.14130858312361266E-03 2.14440337763400490E-01
1.13942629E+01 5.93275207893422668E-02 9.11883761400877554E-03 2.14405663907614508E-01
1.14036662E+01 5.92338166139241770E-02 9.09671464443358342E-03 2.14108563722790218E-01
1.14130648E+01 5.91403658173033156E-02 9.07492380716226274E-03 2.14099411783709420E-01
1.14224601E+01 5.90471524102064438E-02 9.05345689911004475E-03 2.14072604671314282E-01
1.14318536E+01 5.89541610801750382E-02 9.03230087193268756E-03 2.13814894035763592E-01
1.14412517E+01 5.88613289395633413E-02 9.01142740852336512E-03 2.13803229851442372E-01
1.14506399E+01 5.87687973344894199E-02 8.99085079812417080E-03 2.13771637542545717E-01
1.14600091E+01 5.86766569430276844E-02 8.97057065530334694E-03 2.13535522612268963E-01
1.14693656E+01 5.85848426331134139E-02 8.95055024977478401E-03 2.13525570308974511E-01
1.14787165E+01 5.84932872739468493E-02 8.93075205568733335E-03 2.13502359873643827E-01
1.14880686E+01 5.84019216918606199E-02 8.91113860596438184E-03 2.13305380295044866E-01
1.14974294E+01 5.83106748443132719E-02 8.89167320853316394E-03 2.13291260124845061E-01
1.15068065E+01 5.82194741028622467E-02 8.87232036027782445E-03 2.13259773919596135E-01
1.15162075E+01 5.81282456749221688E-02 8.85304593185131349E-03 2.13055304230900411E-01
1.15256249E+01 5.80370652488818653E-02 8.83384934773019659E-03 2.13047315841317836E-01
1.15350322E+01 5.79461872132342043E-02 8.81476984823568836E-03 2.13029901769039270E-01
1.15444356E+01 5.78555511542461001E-02 8.79578126800235546E-03 2.12975049549262496E-01
1.15538413E+01 5.77650982197271609E-02 8.77685833569301355E-03 2.12727171388886888E-01
1.15632553E+01 5.76747712395975776E-02 8.75797647253069404E-03 2.12731854739746484E-01
1.15726835E+01 5.75845149898659633E-02 8.73911176886916705E-03 2.12735103408951770E-01
1.15821316E+01 5.74942763715446739E-02 8.72024072453583994E-03 2.12719520505377402E-01
1.15916051E+01 5.74040045007273084E-02 8.70133985217975796E-03 2.12543354091221437E-01
1.16011094E+01 5.73136507475430768E-02 8.68238534015836061E-03 2.12526989921130782E-01
1.16106260E+01 5.72233951820700706E-02 8.66340169524369187E-03 2.12494152645693102E-01
1.16201518E+01 5.71332669065161142E-02 8.64438163405613531E-03 2.12301635365415881E-01
1.16296919E+01 5.70432204584343239E-02 8.62530165616502177E-03 2.12297613185067208E-01
1.16392462E+01 5.69532607619950906E-02 8.60614899382595826E-03 2.12287537396343151E-01
1.16488116E+01 5.68634179204303633E-02 8.58691708230549695E-03 2.12254931900694471E-01
1.16583919E+01 5.67736599610913356E-02 8.56758688080020911E-03 2.12030142239605091E-01
1.16679821E+01 5.66840370026614471E-02 8.54815836695547657E-03 2.12028242819738172E-01
1.16775708E+01 5.65946568584252893E-02 8.52864616177380006E-03 2.12020972067700625E-01
1.16871600E+01 5.65055021229834004E-02 8.50903897672019259E-03 2.11990822043608390E-01
1.16967519E+01 5.64165557230865838E-02 8.48932654717500686E-03 2.11767419239714927E-01
1.17063484E+01 5.63277999364924162E-02 8.46949952504834520E-03 2.11763011769130705E-01
1.17159518E+01 5.62392156208908547E-02 8.44954944090830877E-03 2.11750925287215397E-01
1.17255642E+01 5.61507849559459704E-02 8.42946940120761941E-03 2.11713571032175363E-01
1.17351700E+01 5.60626516898660998E-02 8.40929182943775215E-03 2.11452116465596224E-01
1.17447716E+01 5.59747935055483897E-02 8.38901291738438498E-03 2.11454832273136301E-01
1.17543717E+01 5.58871860736440684E-02 8.36862917417587407E-03 2.11452681542310783E-01
1.17639731E+01 5.57998026033484085E-02 8.34813717111730809E-03 2.11424865413580687E-01
1.17735792E+01 5.57126137922762943E-02 8.32753341527560538E-03 2.11183716990462150E-01
1.17831935E+01 5.56255880558912050E-02 8.30681420408842935E-03 2.11175979944349057E-01
1.17928196E+01 5.55386919890089661E-02 8.28597549137495212E-03 2.11156482516344501E-01
1.18024510E+01 5.54519840372893966E-02 8.26503587123214242E-03 2.10981454251698203E-01
1.18120837E+01 5.53655007435391033E-02 8.24400914666081723E-03 2.10962710012730925E-01
1.18217215E+01 5.52792076103557559E-02 8.22289137589721914E-03 2.10828519431130762E-01
1.18313685E+01 5.51930685858668391E-02 8.20167736192287979E-03 2.10802873334031610E-01
1.18410288E+01 5.51070464940480800E-02 8.18036078018959806E-03 2.10635380181566523E-01
1.18507028E+01 5.50211402467272806E-02 8.15894374508076628E-03 2.10617050216078683E-01
1.18603873E+01 5.49353769180819448E-02 8.13743523865088220E-03 2.10479816570204953E-01
1.18700866E+01 5.48497206967996642E-02 8.11582784863008541E-03 2.10452420566694387E-01
1.18798047E+01 5.47641378453076477E-02 8.09411390527805391E-03 2.10263936527471801E-01
1.18895453E+01 5.46785974218265969E-02 8.07228586402619804E-03 2.10247394736807036E-01
1.18993087E+01 5.45930983472059372E-02 8.05034369354373780E-03 2.10196433652306724E-01
1.19090842E+01 5.45077350261570573E-02 8.02831282592737262E-03 2.09926090966023382E-01
1.19188763E+01 5.44224709513949564E-02 8.00618516607337453E-03 2.09923157167108049E-01
1.19286889E+01 5.43372725186225883E-02 7.98395334059301930E-03 2.09907003907311707E-01
1.19385257E+01 5.42521097997371721E-02 7.96161115652292521E-03 2.09716695273454407E-01
1.19483900E+01 5.41669573017618047E-02 7.93915404366581784E-03 2.09688649530445886E-01
1.19582842E+01 5.40817945618543017E-02 7.91657937064188695E-03 2.09487348660469030E-01
1.19682103E+01 5.39966065289897920E-02 7.89388664788568881E-03 2.09469792936322396E-01
1.19781621E+01 5.39114495218431938E-02 7.87109568869891890E-03 2.09327603183780603E-01
1.19881365E+01 5.38263500595621280E-02 7.84821946662644584E-03 2.09295702401788769E-01
1.19981344E+01 5.37413023213821409E-02 7.82526291219837015E-03 2.09062959673640442E-01
1.20081562E+01 5.36563037715636487E-02 7.80223235307610057E-03 2.09049854030239707E-01
1.20182020E+01 5.35713543493029007E-02 7.77913526201958524E-03 2.09012919787446239E-01
1.20282718E+01 5.34864556166299437E-02 7.75597991387903460E-03 2.08721566354722332E-01
1.20383654E+01 5.34016098838675027E-02 7.73277495100609027E-03 2.08716729613081659E-01
1.20484827E+01 5.33168193592196346E-02 7.70952891737971147E-03 2.08695920256845330E-01
1.20585720E+01 5.32325154532628728E-02 7.68637068070195627E-03 2.08462822057087827E-01
1.20686180E+01 5.31488228266419754E-02 7.66334483336289941E-03 2.08443791853755028E-01
1.20786647E+01 5.30653730577944419E-02 7.64035592935763744E-03 2.08278808521660252E-01
1.20886306E+01 5.29828397181450889E-02 7.61759826073458816E-03 2.08250439682168942E-01
1.20984726E+01 5.29015705302149919E-02 7.59517647028482012E-03 2.08034433078099323E-01
1.21082315E+01 5.28212226948698363E-02 7.57299934970065945E-03 2.08018668942336393E-01
1.21179474E+01 5.27414628008977052E-02 7.55097370120349273E-03 2.07880092835956487E-01
1.21276605E+01 5.26619609371469580E-02 7.52900413932116545E-03 2.07847686880686305E-01
1.21374116E+01 5.25823859723235157E-02 7.50699276534580635E-03 2.07595777406250376E-01
1.21471018E+01 5.25035418118546954E-02 7.48516115242818005E-03 2.07586079518986222E-01
1.21567055E+01 5.24256342673041706E-02 7.46356598530278827E-03 2.07553051025328533E-01
1.21662592E+01 5.23483633421832836E-02 7.44212018849819013E-03 2.07262319043993559E-01
1.21757991E+01 5.22714350512088963E-02 7.42073522034403590E-03 2.07256915651426954E-01
1.21853619E+01 5.21945578262000623E-02 7.39932119745783171E-03 2.07230088847445482E-01
1.21949845E+01 5.21174397852092186E-02 7.37778693703560265E-03 2.06960793772324986E-01
1.22045783E+01 5.20407911663299458E-02 7.35632732539152380E-03 2.06948222141376259E-01
1.22141119E+01 5.19648617548390604E-02 7.33501171498671372E-03 2.06809880611329572E-01
1.22236184E+01 5.18893855765474726E-02 7.31376299092690880E-03 2.06764895362761575E-01
1.22331310E+01 5.18141004511218015E-02 7.29250302928250663E-03 2.06478898049541476E-01
1.22426831E+01 5.17387462071733223E-02 7.27115295882710486E-03 2.06471910196751013E-01
1.22523082E+01 5.16630639617061890E-02 7.24963352602021969E-03 2.06438382806456988E-01
1.22619702E+01 5.15873426874167845E-02 7.22802488777253126E-03 2.06106486073264761E-01
1.22715863E+01 5.15122305074056722E-02 7.20651653925679422E-03 2.06100145838272381E-01
1.22811886E+01 5.14374733529904954E-02 7.18503902537573000E-03 2.06058127406313490E-01
1.22908094E+01 5.13628223917179730E-02 7.16352238431725453E-03 2.05729216295252426E-01
1.23004806E+01 5.12880334934298979E-02 7.14189696531287652E-03 2.05720502123618698E-01
1.23102336E+01 5.12128683821858749E-02 7.12009474853826044E-03 2.05585648045346958E-01
1.23199813E+01 5.11379999755329842E-02 7.09831914444029530E-03 2.05420836361771192E-01
1.23297143E+01 5.10634978623598912E-02 7.07660068862084584E-03 2.05292398371363788E-01
1.23394258E+01 5.09894106440795941E-02 7.05496469506974172E-03 2.05146450638340194E-01
1.23491222E+01 5.09156878108645017E-02 7.03340754570821493E-03 2.05007384297267115E-01
1.23588160E+01 5.08422315139950426E-02 7.01191179000992294E-03 2.04862546513288141E-01
1.23685191E+01 5.07689487868445213E-02 6.99046185504978435E-03 2.04718443959829050E-01
1.23782216E+01 5.06959133348176480E-02 6.96909263953758226E-03 2.04571606131518230E-01
1.23879380E+01 5.06230133037836524E-02 6.94778495475713298E-03 2.04424278121766639E-01
1.23976830E+01 5.05501369252276123E-02 6.92652014704391722E-03 2.04275246322075027E-01
1.24074714E+01 5.04771734268205860E-02 6.90528061338090745E-03 2.04124952502903717E-01
1.24172987E+01 5.04041559826430979E-02 6.88409228712912394E-03 2.03973060406531653E-01
1.24271752E+01 5.03310072882479365E-02 6.86294952275486037E-03 2.03820085545438540E-01
1.24371173E+01 5.02576068254683567E-02 6.84183472964752619E-03 2.03665861121690217E-01
1.24471206E+01 5.01839877887590990E-02 6.82077578428671658E-03 2.03510353579445774E-01
1.24571788E+01 5.01101958220274771E-02 6.79980426737914270E-03 2.03353939265993017E-01
1.24672377E+01 5.00366275699576576E-02 6.77905172703462296E-03 2.03196999915209592E-01
1.24773044E+01 4.99632254691894789E-02 6.75851712540669926E-03 2.03040823167751461E-01
1.24873869E+01 4.98899304312118291E-02 6.73819692445709779E-03 2.02885096421283384E-01
1.24974931E+01 4.98166813650245538E-02 6.71808507967800849E-03 2.02729919334204006E-01
1.25076317E+01 4.97434148922910116E-02 6.69817321797574854E-03 2.02575348762465135E-01
1.25177929E+01 4.96701995136296787E-02 6.67848739019497040E-03 2.02421501505656409E-01
1.25279515E+01 4.95972140353488078E-02 6.65908077278455461E-03 2.02268849191757139E-01
1.25381055E+01 4.95244694272500702E-02 6.63995804594245346E-03 2.02118034861232532E-01
1.25482643E+01 4.94518951011939656E-02 6.62109991652589953E-03 2.01969127095868284E-01
1.25584382E+01 4.93794172722459013E-02 6.60248467833767123E-03 2.01822117491134601E-01
1.25686376E+01 4.93069588674513587E-02 6.58408856820699284E-03 2.01677053938636219E-01
1.25788739E+01 4.92344394249852810E-02 6.56588607064072065E-03 2.01533994001138667E-01
1.25891590E+01 4.91617749393502348E-02 6.54785014660142287E-03 2.01392992477799071E-01
1.25994535E+01 4.90892428865588384E-02 6.53004324165273441E-03 2.01254129716767205E-01
1.26097564E+01 4.90168494208315791E-02 6.51245805058409642E-03 2.01118417676263511E-01
1.26200696E+01 4.89445788903401444E-02 6.49508086032661146E-03 2.00985834839717770E-01
1.26304063E+01 4.88723382567464032E-02 6.47787845352446306E-03 2.00856535324011681E-01
1.26407805E+01 4.88000310849824384E-02 6.46081665277984697E-03 2.00730476679657266E-01
1.26512065E+01 4.87275579732064437E-02 6.44386062135692429E-03 2.00607713311174468E-01
1.26616856E+01 4.86549115063472856E-02 6.42699733813059584E-03 2.00488292962895498E-01
1.26721711E+01 4.85824160909702554E-02 6.41029121898301253E-03 2.00372484635349818E-01
1.26826771E+01 4.85099730735170584E-02 6.39370727485224187E-03 2.00261283778095406E-01
1.26932187E+01 4.84374804925143398E-02 6.37720979057705868E-03 2.00154408508283921E-01
1.27038113E+01 4.83648330043559768E-02 6.36076242018915588E-03 2.00051896140619606E-01
1.27144712E+01 4.82919221621331829E-02 6.34432846858811079E-03 1.99953814805595709E-01
1.27251548E+01 4.82190473083096358E-02 6.32796474674998666E-03 1.99916461282923619E-01
1.27357940E+01 4.81466708504480617E-02 6.31176577985481744E-03 1.99689587059739687E-01
1.27464158E+01 4.80746068898357179E-02 6.29567977791227387E-03 1.99686385184637494E-01
1.27570471E+01 4.80026736617059357E-02 6.27965601736926986E-03 1.99671107903931278E-01
1.27677142E+01 4.79306936245896126E-02 6.26364514352258789E-03 1.99502563644493175E-01
1.27783770E+01 4.78589367978434002E-02 6.24769969797644379E-03 1.99491503585048968E-01
1.27889941E+01 4.77876793807411465E-02 6.23187559544329840E-03 1.99465603651615919E-01
1.27995927E+01 4.77167371538234977E-02 6.21612663321124449E-03 1.99293404429154358E-01
1.28101994E+01 4.76459308780188273E-02 6.20040807225377688E-03 1.99294243863126053E-01
1.28208405E+01 4.75750863526274714E-02 6.18467690556282271E-03 1.99294142089818854E-01
1.28314998E+01 4.75043112417590646E-02 6.16895465070948362E-03 1.99284304189142752E-01
1.28421116E+01 4.74340397246685169E-02 6.15333840800517170E-03 1.99258687967916043E-01
1.28527030E+01 4.73640895914879193E-02 6.13778853912626092E-03 1.99126063841732120E-01
1.28633004E+01 4.72942848831779186E-02 6.12226686780723180E-03 1.99132373611109886E-01
1.28739190E+01 4.72245259320661637E-02 6.10675271968171701E-03 1.99151278478515270E-01
1.28845824E+01 4.71546581339982659E-02 6.09121379592933356E-03 1.99173233803443456E-01
1.28952050E+01 4.70852405710502700E-02 6.07577946934084040E-03 1.99192221250943241E-01
1.29057999E+01 4.70161840900602951E-02 6.06043497693053122E-03 1.99204576379312798E-01
1.29163902E+01 4.69473365945147630E-02 6.04515116469151077E-03 1.99214828371939601E-01
1.29270002E+01 4.68785390116171208E-02 6.02989696052506387E-03 1.99226946440597130E-01
1.29376533E+01 4.68096399306649411E-02 6.01464289537165069E-03 1.99247929467500418E-01
1.29482905E+01 4.67410203233906071E-02 5.99947861361378471E-03 1.99367326225769248E-01
1.29588960E+01 4.66727778839800822E-02 5.98443065971260204E-03 1.99368416148882316E-01
1.29694951E+01 4.66047484113888272E-02 5.96946660913863416E-03 1.99376501516149524E-01
1.29801118E+01 4.65367765377960110E-02 5.95455511644515153E-03 1.99487679360282749E-01
1.29907692E+01 4.64687155441704802E-02 5.93966613775411857E-03 1.99504840883200196E-01
1.30014331E+01 4.64007817375365894E-02 5.92484923122460743E-03 1.99661864490578655E-01
1.30120655E+01 4.63332154362998613E-02 5.91015862801552456E-03 1.99670962782122957E-01
1.30226733E+01 4.62659703422695218E-02 5.89558485008862161E-03 1.99796579161113791E-01
1.30332556E+01 4.61990496097833964E-02 5.88112820900895533E-03 1.99818652537978453E-01
1.30438146E+01 4.61324369306240281E-02 5.86678391003726905E-03 2.00049459853753275E-01
1.30543529E+01 4.60661138749543578E-02 5.85254604764421163E-03 2.00055384325476288E-01
1.30648735E+01 4.60000600248796979E-02 5.83840778433558291E-03 2.00187863836764984E-01
1.30753796E+01 4.59342531123866082E-02 5.82436148458186087E-03 2.00304078687143172E-01
1.30858750E+01 4.58686691430295473E-02 5.81039880978302149E-03 2.00427241881862950E-01
1.30963523E+01 4.58033520339005198E-02 5.79652570527222806E-03 2.00553163773296600E-01
1.31068001E+01 4.57383735595842666E-02 5.78275315340654687E-03 2.00685355208822969E-01
1.31172229E+01 4.56737031028969787E-02 5.76907152977195348E-03 2.00821848699074462E-01
1.31276255E+01 4.56093084221473460E-02 5.75547014577837499E-03 2.00963425347606944E-01
1.31380132E+01 4.55451558078239574E-02 5.74193789252502342E-03 2.01109512302461574E-01
1.31483915E+01 4.54812105325434202E-02 5.72846353458123132E-03 2.01260296086651774E-01
1.31587646E+01 4.54174454463958863E-02 5.71503763582203572E-03 2.01415573481356358E-01
1.31691301E+01 4.53538764960934593E-02 5.70166017643100945E-03 2.01575325383229698E-01
1.31794940E+01 4.52904652236660599E-02 5.68831993413785719E-03 2.01739357935129704E-01
1.31898630E+01 4.52271712484915711E-02 5.67500553868527987E-03 2.01907713798468669E-01
1.32002442E+01 4.51639523585473657E-02 5.66170549153331010E-03 2.02080388299434699E-01
1.32106447E+01 4.51007645771644983E-02 5.64840818265654760E-03 2.02257417804325296E-01
1.32210440E+01 4.50377342279208864E-02 5.63513848188627528E-03 2.02438679930974669E-01
1.32314392E+01 4.49748783717100267E-02 5.62189864334702773E-03 2.02623729947005338E-01
1.32418375E+01 4.49121530189875509E-02 5.60867819089818677E-03 2.02812545290292912E-01
1.32522465E+01 4.48495131881765097E-02 5.59546651461361594E-03 2.03005218126385778E-01
1.32626741E+01 4.47869128614732798E-02 5.58225289656191694E-03 2.03201826971549787E-01
1.32731282E+01 4.47243048771839083E-02 5.56902651240129970E-03 2.03402466694820344E-01
1.32836173E+01 4.46616407612087513E-02 5.55577638412179612E-03 2.03607255829104800E-01
1.32941409E+01 4.45989250260287670E-02 5.54250295197961183E-03 2.03816267001935503E-01
1.33047083E+01 4.45361038752679420E-02 5.52919434430965140E-03 2.04029517991198894E-01
1.33152949E+01 4.44733251465956533E-02 5.51588179620783169E-03 2.04246950245970699E-01
1.33258921E+01 4.44106405166562607E-02 5.50257629825294785E-03 2.04468063144629481E-01
1.33365089E+01 4.43479977856220675E-02 5.48926645668852860E-03 2.04692833101130983E-01
1.33471546E+01 4.42853438582680933E-02 5.47594020328499766E-03 2.04921496276752352E-01
1.33578386E+01 4.42226249275637362E-02 5.46258486464425499E-03 2.05154257087902303E-01
1.33685705E+01 4.41597866995095054E-02 5.44918725505654563E-03 2.05391334730001540E-01
1.33793601E+01 4.40967746167855584E-02 5.43573374882026263E-03 2.05632970673418597E-01
1.33902174E+01 4.40335340870988828E-02 5.42221034478927635E-03 2.05879426333576615E-01
1.34011200E+01 4.39701977638414648E-02 5.40864321382943623E-03 2.06130674273242387E-01
1.34120731E+01 4.39067376602207057E-02 5.39502404963398095E-03 2.06386419349720934E-01
1.34230846E+01 4.38431107575699350E-02 5.38134098950964878E-03 2.06646913126715515E-01
1.34341459E+01 4.37793696262488291E-02 5.36760267859667014E-03 2.06912249762190387E-01
1.34452128E+01 4.37157693571593245E-02 5.35386216036213766E-03 2.07181858760626780E-01
1.34562949E+01 4.36522556810013881E-02 5.34010588101506596E-03 2.07455138049290194E-01
1.34674018E+01 4.35887743220027407E-02 5.32631995675677400E-03 2.07732457834128414E-01
1.34785431E+01 4.35252715550735816E-02 5.31249038923988469E-03 2.08014109642151057E-01
1.34897285E+01 4.34616948663431521E-02 5.29860337721382683E-03 2.08300361401794532E-01
1.35009671E+01 4.33979935439533504E-02 5.28464557113914480E-03 2.08591499216710524E-01
1.35122679E+01 4.33341191656013702E-02 5.27060428667952465E-03 2.08887814080499112E-01
1.35236395E+01 4.32700259771384987E-02 5.25646769398284766E-03 2.09189601912463108E-01
1.35350901E+01 4.32056711654651704E-02 5.24222498136346290E-03 2.09497159494134583E-01
1.35466114E+01 4.31411034702793433E-02 5.22788631844434831E-03 2.09810592258935724E-01
1.35581319E+01 4.30767243451151971E-02 5.21354220581143977E-03 2.10128942813364805E-01
1.35696669E+01 4.30124473771937368E-02 5.19917563041441544E-03 2.10451177970841230E-01
1.35812292E+01 4.29482023685698183E-02 5.18477299597381279E-03 2.10777868774227606E-01
1.35928289E+01 4.28839302383887955E-02 5.17032381078386290E-03 2.11109624639810561E-01
1.36044746E+01 4.28195873972308863E-02 5.15581983639621603E-03 2.11446291289255905E-01
1.36161715E+01 4.27551455769445421E-02 5.14125710355216054E-03 2.11788392573314610E-01
1.36278690E+01 4.26908845953263907E-02 5.12670244816424651E-03 2.12135281152682403E-01
1.36395804E+01 4.26267303101591152E-02 5.11214310552809623E-03 2.12486245077822461E-01
1.36513166E+01 4.25626233135824317E-02 5.09756937188225821E-03 2.12841742706813358E-01
1.36630864E+01 4.24985163905219412E-02 5.08297410504330270E-03 2.13202126247282492E-01
1.36748967E+01 4.24343721330320001E-02 5.06835234874259549E-03 2.13567638603903764E-01
1.36867534E+01 4.23701605763963027E-02 5.05370087618258693E-03 2.13938504560592657E-01
1.36986390E+01 4.23059766247178073E-02 5.03904527346172876E-03 2.14314595230506444E-01
1.37105347E+01 4.22419218849541117E-02 5.02441305146760463E-03 2.14695309442738513E-01
1.37224501E+01 4.21779456957638021E-02 5.00979688700178057E-03 2.15080446720791130E-01
1.37343926E+01 4.21140079903063180E-02 4.99519172372363610E-03 2.15470341213165856E-01
1.37463683E+01 4.20500768098902161E-02 4.98059439251597857E-03 2.15865232915501859E-01
1.37583806E+01 4.19861363105119983E-02 4.96600565792888922E-03 2.16265278375319392E-01
1.37704324E+01 4.19221711921213408E-02 4.95142678276419383E-03 2.16670586782848951E-01
1.37825087E+01 4.18582624597868339E-02 4.93688156097725223E-03 2.17080984410038952E-01
1.37945974E+01 4.17944742446249642E-02 4.92239044884365800E-03 2.17495967917574806E-01
1.38067044E+01 4.17307757234585061E-02 4.90795259947993546E-03 2.17915391138359449E-01
1.38188345E+01 4.16671411002551423E-02 4.89356859279536059E-03 2.18339468380011476E-01
1.38309924E+01 4.16035473916833293E-02 4.87923996467735932E-03 2.18768363586974851E-01
1.38431823E+01 4.15399725606844933E-02 4.86496877478868970E-03 2.19202224225551329E-01
1.38554088E+01 4.14763939792694644E-02 4.85075715945124716E-03 2.19641208127669824E-01
1.38676660E+01 4.14128420758418589E-02 4.83661918436717898E-03 2.20085307795592405E-01
1.38799329E+01 4.13494268414353050E-02 4.82258635094537976E-03 2.20534029830723455E-01
1.38922146E+01 4.12861206748633830E-02 4.80865885783036268E-03 2.20987005758161631E-01
1.39045162E+01 4.12228976183826937E-02 4.79483648229378414E-03 2.21444451706109324E-01
1.39168427E+01 4.11597317408397972E-02 4.78111810492543726E-03 2.21906560230586497E-01
1.39291996E+01 4.10965959088099783E-02 4.76750140566816784E-03 2.22373515446580294E-01
1.39415926E+01 4.10334608598531547E-02 4.75398263261908767E-03 2.22845529288819094E-01
1.39540206E+01 4.09703338332974218E-02 4.74056485418546288E-03 2.23322698867344405E-01
1.39664550E+01 4.09073588015794673E-02 4.72727905634713532E-03 2.23804464395639086E-01
1.39789020E+01 4.08445049936783516E-02 4.71411770125067676E-03 2.24290292938022301E-01
1.39913676E+01 4.07817410854299997E-02 4.70107211365840619E-03 2.24780444243071281E-01
1.40038585E+01 4.07190341442490653E-02 4.68813240816863108E-03 2.25275170504975891E-01
1.40163817E+01 4.06563489270931472E-02 4.67528757563795850E-03 2.25774718479144182E-01
1.40289282E+01 4.05937310794798681E-02 4.66254276152286255E-03 2.26279045987192701E-01
1.40414700E+01 4.05313187467142427E-02 4.64992146258160193E-03 2.26787370047078940E-01
1.40540164E+01 4.04690648702740255E-02 4.63740895037260178E-03 2.27299200913265775E-01
1.40665784E+01 4.04069148177648996E-02 4.62498880008356886E-03 2.27814948943470652E-01
1.40791508E+01 4.03448927590093764E-02 4.61266041084523650E-03 2.28334719585943507E-01
1.40917197E+01 4.02830667196001704E-02 4.60043205583131245E-03 2.28858038671500730E-01
1.41042878E+01 4.02214216234197119E-02 4.58829568849830095E-03 2.29384573707344885E-01
1.41168579E+01 4.01599421108494309E-02 4.57624360805160973E-03 2.29914393642599579E-01
1.41294330E+01 4.00986125029824531E-02 4.56426855913899619E-03 2.30447555593378678E-01
1.41420161E+01 4.00374168144643633E-02 4.55236382948375796E-03 2.30984107383887499E-01
1.41546000E+01 3.99763878458923305E-02 4.54053292824445429E-03 2.31523889639298763E-01
1.41671794E+01 3.99155496293163506E-02 4.52877828686788254E-03 2.32066536958326436E-01
1.41797572E+01 3.98548863428346764E-02 4.51709513852853982E-03 2.32611899033593000E-01
1.41923364E+01 3.97943819483357678E-02 4.50547918140225667E-03 2.33160020041531191E-01
1.42049198E+01 3.97340201905506396E-02 4.49392655094014125E-03 2.33710936211018849E-01
1.42175106E+01 3.96737846198586472E-02 4.48243380180198599E-03 2.34264681522021539E-01
1.42301118E+01 3.96136586159059126E-02 4.47099787891934095E-03 2.34821293030346379E-01
1.42427126E+01 3.95536922607087130E-02 4.45962893894997353E-03 2.35380501415622473E-01
1.42553106E+01 3.94938947628125439E-02 4.44832963414408186E-03 2.35941885834933057E-01
1.42679088E+01 3.94342498334357347E-02 4.43709795305641079E-03 2.36505352241178524E-01
1.42805102E+01 3.93747411229989561E-02 4.42593200999960058E-03 2.37070936262613552E-01
1.42931180E+01 3.93153522199971642E-02 4.41483002738897803E-03 2.37638667231613698E-01
1.43057354E+01 3.92560666634444930E-02 4.40379033264314771E-03 2.38208576498139202E-01
1.43183654E+01 3.91968679539688655E-02 4.39281136186514196E-03 2.38780698317555079E-01
1.43309958E+01 3.91378128826564836E-02 4.38190542172171762E-03 2.39354714116204431E-01
1.43436248E+01 3.90789076175164368E-02 4.37107544349096475E-03 2.39930167715897452E-01
1.43562555E+01 3.90201360804189046E-02 4.36032026437593780E-03 2.40506975762729835E-01
1.43688910E+01 3.89614822026331450E-02 4.34963877040973716E-03 2.41085170017771522E-01
1.43815347E+01 3.89029299125620912E-02 4.33902990875323358E-03 2.41664774870823579E-01
1.43941897E+01 3.88444631355076148E-02 4.32849267476728954E-03 2.42245816371444517E-01
1.44068594E+01 3.87860657926934888E-02 4.31802606996682051E-03 2.42828323047977246E-01
1.44195372E+01 3.87277666172564372E-02 4.30763715964836008E-03 2.43412101105394990E-01
1.44322148E+01 3.86696031591994838E-02 4.29733440662721788E-03 2.43996675568212418E-01
1.44448954E+01 3.86115597246162526E-02 4.28711644350636151E-03 2.44581793953852877E-01
1.44575822E+01 3.85536206292413017E-02 4.27698162873564342E-03 2.45167487751691338E-01
1.44702784E+01 3.84957701648838899E-02 4.26692805237393561E-03 2.45753783626930400E-01
1.44829873E+01 3.84379925926025684E-02 4.25695354542663176E-03 2.46340705588679459E-01
1.44957123E+01 3.83802721381476739E-02 4.24705566331847872E-03 2.46928280341993489E-01
1.45084568E+01 3.83225929878235338E-02 4.23723164968093421E-03 2.47516535390695985E-01
1.45212083E+01 3.82650110161987453E-02 4.22749072608582729E-03 2.48105131682242852E-01
1.45339637E+01 3.82075389197521209E-02 4.21783418837755851E-03 2.48693568080890465E-01
1.45467264E+01 3.81501612598013282E-02 4.20825802470178520E-03 2.49281721193069294E-01
1.45594997E+01 3.80928625895637571E-02 4.19875774074584835E-03 2.49869616871827155E-01
1.45722868E+01 3.80356274375822020E-02 4.18932840093558679E-03 2.50457273064842334E-01
1.45850184E+01 3.79787645805677448E-02 4.18001867337458415E-03 2.51043041346163731E-01
1.45976808E+01 3.79223326594786275E-02 4.17083490777950521E-03 2.51624832616782868E-01
1.46102897E+01 3.78662590771854518E-02 4.16176119628670037E-03 2.52202594171899219E-01
1.46228607E+01 3.78104727177306851E-02 4.15278149561117919E-03 2.52776966225816357E-01
1.46354091E+01 3.77549047816897743E-02 4.14387998024270607E-03 2.53348533182642444E-01
1.46479495E+01 3.76994898070448087E-02 4.13504135862891638E-03 2.53917846960026949E-01
1.46604955E+01 3.76441667753197873E-02 4.12625112719222122E-03 2.54485421331207662E-01
1.46730597E+01 3.75888802652365600E-02 4.11749579142559313E-03 2.55051715985931682E-01
1.46856533E+01 3.75335816111374773E-02 4.10876306881230880E-03 2.55617123346018049E-01
1.46982858E+01 3.74782300049062295E-02 4.10004207438531814E-03 2.56181956086829643E-01
1.47109647E+01 3.74227934576641316E-02 4.09132348118950665E-03 2.56746436096839392E-01
1.47236953E+01 3.73672495151652073E-02 4.08259964182386328E-03 2.57310685853716914E-01
1.47363223E+01 3.73122741494696375E-02 4.07397486827172639E-03 2.57871247327767061E-01
1.47488443E+01 3.72578707048279445E-02 4.06544717448205882E-03 2.58424420646812814E-01
1.47612452E+01 3.72041056603626685E-02 4.05702445203797672E-03 2.58969816985869128E-01
1.47735489E+01 3.71508723529456603E-02 4.04868696030074963E-03 2.59507583148142817E-01
1.47857781E+01 3.70980706089120565E-02 4.04041588536025852E-03 2.60038681395103999E-01
1.47979541E+01 3.70456091166765020E-02 4.03219349530748849E-03 2.60563791276803514E-01
1.48100967E+01 3.69933997880552215E-02 4.02400359608012358E-03 2.61084139637857093E-01
1.48222243E+01 3.69413623258464593E-02 4.01583108617517039E-03 2.61600202066718857E-01
1.48343541E+01 3.68894234562755080E-02 4.00766215246662564E-03 2.62112679778520818E-01
1.48465016E+01 3.68375163475712988E-02 3.99948422101875471E-03 2.62622129214938604E-01
1.48586814E+01 3.67855800077770065E-02 3.99128585967712876E-03 2.63129058580366504E-01
1.48709068E+01 3.67335585756882327E-02 3.98305665513862175E-03 2.63633907373193699E-01
1.48831903E+01 3.66814005188868808E-02 3.97478707327946195E-03 2.64137058240940303E-01
1.48955437E+01 3.66290578084416049E-02 3.96646831313560242E-03 2.64638844301069542E-01
1.49078333E+01 3.65770966754157892E-02 3.95819173789723183E-03 2.65136687291663897E-01
1.49200211E+01 3.65256753263223030E-02 3.94998428338846734E-03 2.65626915671503483E-01
1.49321370E+01 3.64746653957873299E-02 3.94182623073507758E-03 2.66109356640028716E-01
1.49442083E+01 3.64239507915100000E-02 3.93369913247418584E-03 2.66585212830136031E-01
1.49562599E+01 3.63734264397007970E-02 3.92558595669075753E-03 2.67055477357800164E-01
1.49683132E+01 3.63230032455864188E-02 3.91747212119542172E-03 2.67520983555728398E-01
1.49803465E+01 3.62727711878750719E-02 3.90937249489289873E-03 2.67981671884564843E-01
1.49901733E+01 3.62318207159075950E-02 3.90278465484657656E-03 2.68396865121899253E-01
1.50000000E+01 3.61909408950074549E-02 3.89620967480799061E-03 2.68764049681624373E-01
