#  time, MeanKE MeanKEDR MeanP MeanNuT MeanLesProduction
0 1.24924716012900311E-01 4.68467768164149449E-04 -5.45960823770080033E-18 1.01412074071381137E-05 9.42046787109295919E-06
1.47262156E-02 1.24916022403646076E-01 4.68445734131657922E-04 2.35970322477987380E-04 1.01435633793482076E-05 9.42107813866625112E-06
2.94623691E-02 1.24908437084019636E-01 4.68449015597707439E-04 2.47990502198062069E-04 1.01503828529759923E-05 9.42474140554840800E-06
4.41998293E-02 1.24901218059341554E-01 4.68474833728887118E-04 2.23805673739375585E-04 1.01608855877637009E-05 9.43106610788036643E-06
5.89390147E-02 1.24894116104425815E-01 4.68522263768391648E-04 1.84081990402585466E-04 1.01746389233172475E-05 9.43983674485264635E-06
7.36804012E-02 1.24887047697978426E-01 4.68591009262313112E-04 1.27415895097612809E-04 1.01909364605479793E-05 9.45080087796124169E-06
8.84244830E-02 1.24879984606636837E-01 4.68680988076264273E-04 5.38636132634784880E-05 1.02092294142572107E-05 9.46368682422706516E-06
1.03171759E-01 1.24872917032501723E-01 4.68792194165357993E-04 -3.68817107507573566E-05 1.02292163182498251E-05 9.47831389088928183E-06
1.17921914E-01 1.24865841715210493E-01 4.68924643589144392E-04 -1.44651983921385401E-04 1.02507150285996551E-05 9.49457006848689313E-06
1.32673628E-01 1.24858757929802278E-01 4.69078351115337919E-04 -2.69410530258671049E-04 1.02735928158679903E-05 9.51238240769968818E-06
1.47427405E-01 1.24851664761395698E-01 4.69253353460333418E-04 -4.11104215711092515E-04 1.02977405400969393E-05 9.53170076517407106E-06
1.62183746E-01 1.24844561524253841E-01 4.69449695092649492E-04 -5.69674853661410814E-04 1.03230612677961624E-05 9.55248643682127462E-06
1.76943150E-01 1.24837447609616570E-01 4.69667427635991344E-04 -7.45059659991540650E-04 1.03494656876334565E-05 9.57470451316352115E-06
1.91706112E-01 1.24830322434955981E-01 4.69906609649922203E-04 -9.37191147091355351E-04 1.03768768263749181E-05 9.59832617278605307E-06
2.06473122E-01 1.24823185427032635E-01 4.70167306534646800E-04 -1.14599708433177805E-03 1.04052248406063937E-05 9.62332377746152962E-06
2.21244669E-01 1.24816036016266868E-01 4.70449590475706533E-04 -1.37140040804295538E-03 1.04344512289440228E-05 9.64967607620925965E-06
2.36021234E-01 1.24808873634831438E-01 4.70753540400211583E-04 -1.61331910672810074E-03 1.04645059842432671E-05 9.67736651832919488E-06
2.50803294E-01 1.24801697716005591E-01 4.71079241935433608E-04 -1.87166609355398934E-03 1.04953445265446583E-05 9.70638085793070313E-06
2.65591321E-01 1.24794507693968632E-01 4.71426787366781091E-04 -2.14634906648480473E-03 1.05269279930211709E-05 9.73670756727121774E-06
2.80385780E-01 1.24787303003744035E-01 4.71796275594073408E-04 -2.43727036004333332E-03 1.05592236733899751E-05 9.76833826547609385E-06
2.95187129E-01 1.24780083081181936E-01 4.72187812085807939E-04 -2.74432678611358271E-03 1.05922038493353605E-05 9.80126749857698118E-06
3.09995821E-01 1.24772847362958517E-01 4.72601508831340192E-04 -3.06740946733931406E-03 1.06258417406821328E-05 9.83549206948772414E-06
3.24811026E-01 1.24765595909716628E-01 4.73037445867670141E-04 -3.40637420222054997E-03 1.06601045762688731E-05 9.87100770237715011E-06
3.39632051E-01 1.24758328717665165E-01 4.73495706504315709E-04 -3.76106853295781179E-03 1.06949573652009869E-05 9.90781193621381941E-06
3.54459353E-01 1.24751045217685763E-01 4.73976412086028092E-04 -4.13135837882882846E-03 1.07303688592755758E-05 9.94590638730045393E-06
3.69293384E-01 1.24743744841501553E-01 4.74479690386930874E-04 -4.51710379886268668E-03 1.07663114430028772E-05 9.98529425138817861E-06
3.84134587E-01 1.24736427021556615E-01 4.75005675553500967E-04 -4.91815862599830241E-03 1.08027615390465678E-05 1.00259804821319842E-05
3.98983399E-01 1.24729091190982522E-01 4.75554508045588774E-04 -5.33437017346893687E-03 1.08396988343120185E-05 1.00679715257430198E-05
4.13840246E-01 1.24721736783621154E-01 4.76126334575467376E-04 -5.76557902644348266E-03 1.08771055432063608E-05 1.01112750503538260E-05
4.28705547E-01 1.24714363234047818E-01 4.76721308044837568E-04 -6.21161882759227978E-03 1.09149661590917170E-05 1.01558999609580242E-05
4.43579713E-01 1.24706969977608079E-01 4.77339587479800611E-04 -6.67231605500382893E-03 1.09532674626003547E-05 1.02018564878327621E-05
4.58463144E-01 1.24699556450455828E-01 4.77981337963721451E-04 -7.14748979641195107E-03 1.09919985557094247E-05 1.02491561458348515E-05
4.73356229E-01 1.24692122089582982E-01 4.78646730568013797E-04 -7.63695151636728693E-03 1.10311508779598704E-05 1.02978115962388853E-05
4.88259351E-01 1.24684666332856700E-01 4.79335942280796038E-04 -8.14050481908433141E-03 1.10707180001660759E-05 1.03478365103986755E-05
5.03172879E-01 1.24677188619061158E-01 4.80049155933426840E-04 -8.65794520758795226E-03 1.11106946066791886E-05 1.03992454925730811E-05
5.18097173E-01 1.24669688387932090E-01 4.80786560124857440E-04 -9.18905983746562405E-03 1.11510744385107419E-05 1.04520540623215742E-05
5.33032583E-01 1.24662165080200504E-01 4.81548349143756974E-04 -9.73362726907055567E-03 1.11918487404137065E-05 1.05062786622031968E-05
5.47979017E-01 1.24654618354551439E-01 4.82334699931475958E-04 -1.02914010171773190E-02 1.12330058111864089E-05 1.05619350398484519E-05
5.62935270E-01 1.24647048429873328E-01 4.83145731562097396E-04 -1.08620815858869561E-02 1.12745310900366682E-05 1.06190354362500709E-05
5.77901702E-01 1.24639454734779498E-01 4.83981647771821724E-04 -1.14454170963157915E-02 1.13164158613907181E-05 1.06775986247421577E-05
5.92878660E-01 1.24631836699150914E-01 4.84842657853060794E-04 -1.20411465544137432E-02 1.13586532597956961E-05 1.07376442311338485E-05
6.07866481E-01 1.24624193753942833E-01 4.85728976568034930E-04 -1.26489995256643447E-02 1.14012380977583247E-05 1.07991926914281850E-05
6.22865489E-01 1.24616525331146852E-01 4.86640824060179838E-04 -1.32686958669536986E-02 1.14441666343343598E-05 1.08622652123361575E-05
6.37875998E-01 1.24608830863809320E-01 4.87578425763391353E-04 -1.38999454754165763E-02 1.14874364051857858E-05 1.09268837400352139E-05
6.52898307E-01 1.24601109786071113E-01 4.88542012309084212E-04 -1.45424480432030743E-02 1.15310461051968751E-05 1.09930709393925214E-05
6.67932705E-01 1.24593361533216776E-01 4.89531819431090879E-04 -1.51958928129891681E-02 1.15749954624555233E-05 1.10608501823640092E-05
6.82979469E-01 1.24585585541715560E-01 4.90548087868436533E-04 -1.58599583402482293E-02 1.16192850190763912E-05 1.11302455420773443E-05
6.98038861E-01 1.24577781249273489E-01 4.91591063266030317E-04 -1.65343122576240842E-02 1.16639157571856431E-05 1.12012817888019837E-05
7.13111132E-01 1.24569948094873456E-01 4.92660996073277478E-04 -1.72186110490173579E-02 1.17088886185357753E-05 1.12739843850537768E-05
7.28196518E-01 1.24562085518821003E-01 4.93758141440662742E-04 -1.79124998283154632E-02 1.17542041203554647E-05 1.13483794785181994E-05
7.43295245E-01 1.24554192962786942E-01 4.94882759114279665E-04 -1.86156121276439164E-02 1.17998622907083937E-05 1.14244938926633216E-05
7.58407523E-01 1.24546269869846224E-01 4.96035113328330041E-04 -1.93275696967735375E-02 1.18458629433462064E-05 1.15023551156581549E-05
7.73533549E-01 1.24538315684519840E-01 4.97215472695600939E-04 -2.00479823112484669E-02 1.18922060894809273E-05 1.15819912884996884E-05
7.88673507E-01 1.24530329852811705E-01 4.98424110095974354E-04 -2.07764475949617430E-02 1.19388922691911939E-05 1.16634311931512817E-05
8.03827568E-01 1.24522311822244477E-01 4.99661302562964685E-04 -2.15125508550725424E-02 1.19859227192876327E-05 1.17467042411906478E-05
8.18995887E-01 1.24514261041893309E-01 5.00927331168342176E-04 -2.22558649326429492E-02 1.20332994028070680E-05 1.18318404631563842E-05
8.34178608E-01 1.24506176962417392E-01 5.02222480904801418E-04 -2.30059500697458175E-02 1.20810249529714722E-05 1.19188704985604519E-05
8.49375859E-01 1.24498059036090583E-01 5.03547040566688702E-04 -2.37623537943587142E-02 1.21291025707884194E-05 1.20078255864064715E-05
8.64586772E-01 1.24489907243808609E-01 5.04901214160530438E-04 -2.45245608790148652E-02 1.21775327584847149E-05 1.20987316181149695E-05
8.79811367E-01 1.24481721089909139E-01 5.06285284647988105E-04 -2.52920884382848467E-02 1.22263191463503463E-05 1.21916201304184506E-05
8.95049782E-01 1.24473500009690125E-01 5.07699550173265038E-04 -2.60644474426204205E-02 1.22754659765140260E-05 1.22865240153360658E-05
9.10302142E-01 1.24465243440194773E-01 5.09144312462632702E-04 -2.68411359972514606E-02 1.23249775926905222E-05 1.23834767399885591E-05
9.25568557E-01 1.24456950820158466E-01 5.10619876696012036E-04 -2.76216394670844821E-02 1.23748583919555017E-05 1.24825123366761900E-05
9.40849123E-01 1.24448621590008926E-01 5.12126551376236995E-04 -2.84054305057807148E-02 1.24251128197371108E-05 1.25836653923521160E-05
9.56143923E-01 1.24440255191885202E-01 5.13664648196080734E-04 -2.91919690925812221E-02 1.24757453963678255E-05 1.26869710374838469E-05
9.71453024E-01 1.24431851069658400E-01 5.15234481903054293E-04 -2.99807026021429827E-02 1.25267607565897700E-05 1.27924649343313068E-05
9.86776481E-01 1.24423408668958416E-01 5.16836370161980396E-04 -3.07710659038102803E-02 1.25781636843513112E-05 1.29001832646893112E-05
1.00211433E+00 1.24414927437191569E-01 5.18470633415383012E-04 -3.15624814922374139E-02 1.26299591316722310E-05 1.30101627171486565E-05
1.01746660E+00 1.24406406823561383E-01 5.20137594741690084E-04 -3.23543596549618340E-02 1.26821522180459562E-05 1.31224404739259193E-05
1.03283331E+00 1.24397846279083998E-01 5.21837579711335723E-04 -3.31460986729509507E-02 1.27347482127687233E-05 1.32370541973097079E-05
1.04821445E+00 1.24389245256600556E-01 5.23570916240801766E-04 -3.39370850589370901E-02 1.27877525057846674E-05 1.33540420157714073E-05
1.06361000E+00 1.24380603210788282E-01 5.25337934444708747E-04 -3.47266938350086138E-02 1.28411705734699668E-05 1.34734425097966984E-05
1.07901993E+00 1.24371919598162198E-01 5.27138966486030117E-04 -3.55142888483042235E-02 1.28950079449860685E-05 1.35952946975062977E-05
1.09444420E+00 1.24363193877077061E-01 5.28974346424563712E-04 -3.62992231275679894E-02 1.29492701731011653E-05 1.37196380201549903E-05
1.10988276E+00 1.24354425507721245E-01 5.30844410063774537E-04 -3.70808392828207364E-02 1.30039628113059163E-05 1.38465123276160249E-05
1.12533553E+00 1.24345613952107206E-01 5.32749494796140913E-04 -3.78584699473243844E-02 1.30590913971467799E-05 1.39759578639807657E-05
1.14080244E+00 1.24336758674051126E-01 5.34689939447111334E-04 -3.86314382617737040E-02 1.31146614403620124E-05 1.41080152534200221E-05
1.15628337E+00 1.24327859139151772E-01 5.36666084117844839E-04 -3.93990584055568249E-02 1.31706784138147791E-05 1.42427254864675033E-05
1.17177822E+00 1.24318914814758208E-01 5.38678270026820790E-04 -4.01606361722652155E-02 1.32271477453240865E-05 1.43801299068955836E-05
1.18728688E+00 1.24309925169932445E-01 5.40726839350444128E-04 -4.09154695884803646E-02 1.32840748090646218E-05 1.45202701993555350E-05
1.20280920E+00 1.24300889675402912E-01 5.42812135062799316E-04 -4.16628495824220499E-02 1.33414649159468117E-05 1.46631883779562207E-05
1.21834504E+00 1.24291807803512164E-01 5.44934500774620512E-04 -4.24020606953045623E-02 1.33993233030436537E-05 1.48089267759509715E-05
1.23389423E+00 1.24282679028155610E-01 5.47094280571632906E-04 -4.31323818398234513E-02 1.34576551225555151E-05 1.49575280366983245E-05
1.24945661E+00 1.24273502824711196E-01 5.49291818852376242E-04 -4.38530871035141684E-02 1.35164654309581758E-05 1.51090351060591057E-05
1.26503199E+00 1.24264278669964201E-01 5.51527460165643878E-04 -4.45634465963422252E-02 1.35757591789138220E-05 1.52634912263901576E-05
1.28062018E+00 1.24255006042020152E-01 5.53801549047684737E-04 -4.52627273433582472E-02 1.36355412023269372E-05 1.54209399322970964E-05
1.29622097E+00 1.24245684420211056E-01 5.56114429859349852E-04 -4.59501942194012747E-02 1.36958162146967286E-05 1.55814250483162108E-05
1.31183415E+00 1.24236313284994390E-01 5.58466446623369231E-04 -4.66251109228116301E-02 1.37565888007270454E-05 1.57449906887048933E-05
1.32745949E+00 1.24226892117837023E-01 5.60857942861989114E-04 -4.72867409948025605E-02 1.38178634110427013E-05 1.59116812595343138E-05
1.34309675E+00 1.24217420401097914E-01 5.63289261435238279E-04 -4.79343488682842447E-02 1.38796443578331466E-05 1.60815414632923452E-05
1.35874568E+00 1.24207897617894455E-01 5.65760744380107471E-04 -4.85672009599490764E-02 1.39419358112813419E-05 1.62546163062295924E-05
1.37440604E+00 1.24198323251961298E-01 5.68272732750965790E-04 -4.91845667909746598E-02 1.40047417967229735E-05 1.64309511087324827E-05
1.39007755E+00 1.24188696787497027E-01 5.70825566461611515E-04 -4.97857201394185794E-02 1.40680661926060294E-05 1.66105915191198713E-05
1.40575994E+00 1.24179017709000361E-01 5.73419584129297158E-04 -5.03699402195050480E-02 1.41319127294986255E-05 1.67935835314770787E-05
1.42145293E+00 1.24169285501093157E-01 5.76055122921203286E-04 -5.09365128874465084E-02 1.41962849906330444E-05 1.69799735084959277E-05
1.43715623E+00 1.24159499648332103E-01 5.78732518403766191E-04 -5.14847318635754184E-02 1.42611864147691186E-05 1.71698082107701845E-05
1.45286954E+00 1.24149659635007514E-01 5.81452104395346523E-04 -5.20138999768033489E-02 1.43266203024395757E-05 1.73631348344919057E-05
1.46859255E+00 1.24139764944924999E-01 5.84214212822700652E-04 -5.25233304167747675E-02 1.43925898267466911E-05 1.75600010597711144E-05
1.48432496E+00 1.24129815061178692E-01 5.87019173581741793E-04 -5.30123479991941177E-02 1.44590980495682407E-05 1.77604551114707156E-05
1.50006645E+00 1.24119809465905673E-01 5.89867314403092857E-04 -5.34802904327080567E-02 1.45261479430012651E-05 1.79645458330379982E-05
1.51581670E+00 1.24109747640027718E-01 5.92758960722908107E-04 -5.39265095882230996E-02 1.45937424138832700E-05 1.81723227708753262E-05
1.53157538E+00 1.24099629062975794E-01 5.95694435559485742E-04 -5.43503727614514792E-02 1.46618843263149407E-05 1.83838362622364710E-05
1.54734215E+00 1.24089453212403000E-01 5.98674059396172003E-04 -5.47512639283671901E-02 1.47305765138680587E-05 1.85991375141859744E-05
1.56311668E+00 1.24079219563876991E-01 6.01698150071063986E-04 -5.51285849858891425E-02 1.47998217710723244E-05 1.88182786569135347E-05
1.57889862E+00 1.24068927590562164E-01 6.04767022674076353E-04 -5.54817569742289476E-02 1.48696228150327414E-05 1.90413127551285744E-05
1.59468765E+00 1.24058576762885758E-01 6.07880989451910474E-04 -5.58102212761481600E-02 1.49399822145290493E-05 1.92682937698374483E-05
1.61048340E+00 1.24048166548189662E-01 6.11040359721508634E-04 -5.61134407853292674E-02 1.50109022953948454E-05 1.94992764800270246E-05
1.62628554E+00 1.24037696410372836E-01 6.14245439792623677E-04 -5.63909010417168524E-02 1.50823850437122758E-05 1.97343163947149772E-05
1.64209371E+00 1.24027165809518530E-01 6.17496532900122614E-04 -5.66421113221108052E-02 1.51544320370921684E-05 1.99734697020069540E-05
1.65790757E+00 1.24016574201510771E-01 6.20793939146715708E-04 -5.68666056833095346E-02 1.52270444360604577E-05 2.02167933073554867E-05
1.67372676E+00 1.24005921037636940E-01 6.24137955456761321E-04 -5.70639439474861856E-02 1.53002230636494295E-05 2.04643450092145357E-05
1.68955093E+00 1.23995205764173527E-01 6.27528875541893245E-04 -5.72337126295492105E-02 1.53739685955579637E-05 2.07161838529732437E-05
1.70537974E+00 1.23984427821954540E-01 6.30966989879163179E-04 -5.73755257960602214E-02 1.54482818779184558E-05 2.09723706981039457E-05
1.72121284E+00 1.23973586645911266E-01 6.34452585702446155E-04 -5.74890258445170874E-02 1.55231643731724831E-05 2.12329690126916368E-05
1.73704989E+00 1.23962681664588320E-01 6.37985947007844306E-04 -5.75738841318008468E-02 1.55986186573512276E-05 2.14980457986714381E-05
1.75289055E+00 1.23951712299621181E-01 6.41567354573846418E-04 -5.76298010577892608E-02 1.56746486857917811E-05 2.17676722372996158E-05
1.76873447E+00 1.23940677965187873E-01 6.45197085997110823E-04 -5.76565011645456191E-02 1.57512593578276225E-05 2.20419233365937250E-05
1.78458132E+00 1.23929578067441426E-01 6.48875415744833346E-04 -5.76540724265260721E-02 1.58284554205525694E-05 2.23208766276747948E-05
1.80043078E+00 1.23918412003968303E-01 6.52602615225499950E-04 -5.76210908165887617E-02 1.59062409876522103E-05 2.26046119337378186E-05
1.81628253E+00 1.23907179163886563E-01 6.56378952625735128E-04 -5.75592499302729974E-02 1.59846197827191532E-05 2.28932121671835946E-05
1.83213600E+00 1.23895879095898512E-01 6.60204635752109550E-04 -5.74670195594306488E-02 1.60635904832000913E-05 2.31867521910783594E-05
1.84799091E+00 1.23884511148705898E-01 6.64079933005170013E-04 -5.73447732892032810E-02 1.61431463025851906E-05 2.34853014929494885E-05
1.86384701E+00 1.23873074658439331E-01 6.68005111071098877E-04 -5.71923797156315486E-02 1.62232797146045300E-05 2.37889299237128896E-05
1.87970404E+00 1.23861568948057318E-01 6.71980435126696475E-04 -5.70097941785307968E-02 1.63039872185776986E-05 2.40977162916642945E-05
1.89556174E+00 1.23849993326594882E-01 6.76006169061457263E-04 -5.67970050133457804E-02 1.63852714380290664E-05 2.44117518163803342E-05
1.91141987E+00 1.23838347088285339E-01 6.80082575718550346E-04 -5.65540326689389639E-02 1.64671465591512592E-05 2.47311494373918746E-05
1.92727823E+00 1.23826629511488817E-01 6.84209917154054927E-04 -5.62809293715402503E-02 1.65496510944784931E-05 2.50560666889786788E-05
1.94313659E+00 1.23814839857187609E-01 6.88388454910701404E-04 -5.59777788108436272E-02 1.66327939603463979E-05 2.53866200068902572E-05
1.95899475E+00 1.23802977368667036E-01 6.92618450333918690E-04 -5.56446957835793898E-02 1.67165441148094023E-05 2.57228647306232329E-05
1.97485254E+00 1.23791041271915314E-01 6.96900164924428144E-04 -5.52818257276117622E-02 1.68008840322685129E-05 2.60648816755475626E-05
1.99070979E+00 1.23779030774902196E-01 7.01233860696533684E-04 -5.48893441794636519E-02 1.68858060520451465E-05 2.64127713461451330E-05
2.00656634E+00 1.23766945066555639E-01 7.05619800555232343E-04 -5.44674231714622620E-02 1.69713117357023872E-05 2.67666521700735782E-05
2.02242205E+00 1.23754783315629474E-01 7.10058248695753617E-04 -5.40164040944193097E-02 1.70574127912693360E-05 2.71266616634014650E-05
2.03827657E+00 1.23742544848015959E-01 7.14549405334883475E-04 -5.35364298895426513E-02 1.71441250639318301E-05 2.74929451594569394E-05
2.05412966E+00 1.23730228902817263E-01 7.19093495222231246E-04 -5.30278568807639669E-02 1.72314787569758172E-05 2.78656795786158049E-05
2.06998117E+00 1.23717834630317644E-01 7.23690769006313955E-04 -5.24909955875272963E-02 1.73195198774389206E-05 2.82450782345451898E-05
2.08583097E+00 1.23705361157548654E-01 7.28341479282742154E-04 -5.19261917740308290E-02 1.74082108312455994E-05 2.86312238944023441E-05
2.10167896E+00 1.23692807589504003E-01 7.33045881155042797E-04 -5.13338163512074910E-02 1.74975143601666031E-05 2.90242029563047286E-05
2.11752503E+00 1.23680173008974992E-01 7.37804232799128715E-04 -5.07142643755185557E-02 1.75874234135889561E-05 2.94241550509534724E-05
2.13336913E+00 1.23667456475019796E-01 7.42616796030226740E-04 -5.00679539974772866E-02 1.76779476849098561E-05 2.98312522049048548E-05
2.14921119E+00 1.23654657021318018E-01 7.47483836894673203E-04 -4.93953254269538927E-02 1.77691003753410062E-05 3.02456808511340735E-05
2.16505117E+00 1.23641773654833059E-01 7.52405626294774983E-04 -4.86968398601895364E-02 1.78609029275771061E-05 3.06676513589411318E-05
2.18088907E+00 1.23628805354414478E-01 7.57382440639545488E-04 -4.79729783879153382E-02 1.79533839991180180E-05 3.10973965049605419E-05
2.19672488E+00 1.23615751069376445E-01 7.62414562521866322E-04 -4.72242408909937725E-02 1.80465376940333812E-05 3.15351030224790454E-05
2.21255863E+00 1.23602609719367776E-01 7.67502281448609954E-04 -4.64511449320022113E-02 1.81403470807771090E-05 3.19809471065300794E-05
2.22839036E+00 1.23589380193980122E-01 7.72645894594249562E-04 -4.56542246472637775E-02 1.82348104177570470E-05 3.24351372803124809E-05
2.24422014E+00 1.23576061351423919E-01 7.77845707563683958E-04 -4.48340296102955407E-02 1.83299393017915766E-05 3.28979122533651271E-05
2.26004805E+00 1.23562652016905805E-01 7.83102035175822580E-04 -4.39911237004742967E-02 1.84257746585031367E-05 3.33695631824345646E-05
2.27587421E+00 1.23549150980358430E-01 7.88415202259385339E-04 -4.31260839943805666E-02 1.85223455720737912E-05 3.38503722530435921E-05
2.29169874E+00 1.23535556995254786E-01 7.93785544495281847E-04 -4.22394996601843167E-02 1.86196137743352224E-05 3.43405265208022924E-05
2.30752179E+00 1.23521868779723626E-01 7.99213409331949527E-04 -4.13319708707834063E-02 1.87175403589423860E-05 3.48402172664737179E-05
2.32334355E+00 1.23508085016252503E-01 8.04699156899392433E-04 -4.04041077519433703E-02 1.88161290288984504E-05 3.53496979438812204E-05
2.33916421E+00 1.23494204349451936E-01 8.10243160909626431E-04 -3.94565293479360174E-02 1.89155464789938363E-05 3.58694670799216336E-05
2.35498399E+00 1.23480225378553410E-01 8.15845809471165057E-04 -3.84898626458805918E-02 1.90158600763472699E-05 3.63998341636745308E-05
2.37080313E+00 1.23466146658065754E-01 8.21507506098634105E-04 -3.75047414323455980E-02 1.91168572740986714E-05 3.69408032845034307E-05
2.38662190E+00 1.23451960693679169E-01 8.27228446666989367E-04 -3.64946957040189410E-02 1.92184941860188767E-05 3.74925688203830409E-05
2.40244059E+00 1.23437669510526010E-01 8.33009205118398618E-04 -3.54750604250122434E-02 1.93209324718849865E-05 3.80556333062213761E-05
2.41825951E+00 1.23423272952196003E-01 8.38850292929382716E-04 -3.44389347882639030E-02 1.94243478144213706E-05 3.86304938760873527E-05
2.43407900E+00 1.23408769858321693E-01 8.44752205714609781E-04 -3.33869219655664115E-02 1.95285610576222501E-05 3.92171723556456866E-05
2.44989940E+00 1.23394158711588875E-01 8.50715447186456636E-04 -3.23196797288247822E-02 1.96335030145420709E-05 3.98158750848500595E-05
2.46571970E+00 1.23379439151277720E-01 8.56740004238100146E-04 -3.12379594937099020E-02 1.97391916075227070E-05 4.04268792221216850E-05
2.48153968E+00 1.23364610042326170E-01 8.62826162996396351E-04 -3.01424650921458537E-02 1.98456542211187975E-05 4.10504958753088475E-05
2.49735969E+00 1.23349669671391771E-01 8.68974442269508456E-04 -2.90338628735365978E-02 1.99528872916790085E-05 4.16870075973264773E-05
2.51318011E+00 1.23334616269908076E-01 8.75185385288763463E-04 -2.79128176320430181E-02 2.00608614859162385E-05 4.23366796570614075E-05
2.52900136E+00 1.23319448016984190E-01 8.81459561170917045E-04 -2.67799925314565097E-02 2.01695648503825821E-05 4.29998170195793709E-05
2.54482385E+00 1.23304163038694153E-01 8.87797566257875616E-04 -2.56360487768195686E-02 2.02789880163776741E-05 4.36767543189729390E-05
2.56064803E+00 1.23288759406624149E-01 8.94200025449255818E-04 -2.44816450591374760E-02 2.03891445913157856E-05 4.43678501981903910E-05
2.57647437E+00 1.23273235135879372E-01 9.00667593552129499E-04 -2.33174370463497954E-02 2.05000596831409607E-05 4.50734820621551341E-05
2.59230337E+00 1.23257588183170730E-01 9.07200956662551736E-04 -2.21440769246065775E-02 2.06117189961484834E-05 4.57940346394405628E-05
2.60813552E+00 1.23241816445817415E-01 9.13800833592171295E-04 -2.09622130068321810E-02 2.07241453681627012E-05 4.65299568360954510E-05
2.62397137E+00 1.23225917758793435E-01 9.20467977278392009E-04 -1.97724894034285829E-02 2.08374978527199943E-05 4.72817877047647001E-05
2.63981147E+00 1.23209889888947863E-01 9.27203176166261842E-04 -1.85755457097257770E-02 2.09519751740277575E-05 4.80502833477400759E-05
2.65565637E+00 1.23193730525709824E-01 9.34007255487026978E-04 -1.73720169920174722E-02 2.10675398041776180E-05 4.88358153252728747E-05
2.67150626E+00 1.23177437721008629E-01 9.40880897611484873E-04 -1.61625642864850969E-02 2.11840124102620498E-05 4.96385651299592422E-05
2.68735943E+00 1.23161011456584854E-01 9.47823985080061882E-04 -1.49479880325372790E-02 2.13013574018247202E-05 5.04588929754291461E-05
2.70321645E+00 1.23144449345343909E-01 9.54837410513082125E-04 -1.37289132048622874E-02 2.14194745165032587E-05 5.12972585852047898E-05
2.71907794E+00 1.23127748933127737E-01 9.61922109791192993E-04 -1.25059576571683595E-02 2.15383732317008074E-05 5.21541516955201614E-05
2.73494451E+00 1.23110907697723065E-01 9.69079063901591453E-04 -1.12797322048731209E-02 2.16580358500304451E-05 5.30301190021455931E-05
2.75081679E+00 1.23093923047005227E-01 9.76309300736475944E-04 -1.00508410550155820E-02 2.17783909613693482E-05 5.39257658490573040E-05
2.76669544E+00 1.23076792317189251E-01 9.83613896905612215E-04 -8.81988178116305428E-03 2.18993900638450424E-05 5.48417550008592481E-05
2.78258113E+00 1.23059512770584453E-01 9.90993979595370875E-04 -7.58744527997365793E-03 2.20210980874763954E-05 5.57788340148663447E-05
2.79847454E+00 1.23042081591740515E-01 9.98450728461529498E-04 -6.35411580424358625E-03 2.21435686721477606E-05 5.67378558789721012E-05
2.81437638E+00 1.23024495882891521E-01 1.00598537753771229E-03 -5.12047102693785443E-03 2.22669398539660087E-05 5.77199099540567399E-05
2.83028736E+00 1.23006752654714918E-01 1.01359921703356366E-03 -3.88708227925250831E-03 2.23916694558548867E-05 5.87267319347630900E-05
2.84620789E+00 1.22988849156603797E-01 1.02129344209602921E-03 -2.65453931235985980E-03 2.25179315434889309E-05 5.97595700429835822E-05
2.86213583E+00 1.22970785480874159E-01 1.02906803988821096E-03 -1.42362257309103213E-03 2.26454627686282722E-05 6.08188947494690276E-05
2.87807190E+00 1.22952558453186936E-01 1.03692442454441204E-03 -1.94883567176170339E-04 2.27741638124624546E-05 6.19056166599769587E-05
2.89401686E+00 1.22934164813755076E-01 1.04486407518805105E-03 1.03113336337808397E-03 2.29039106864651196E-05 6.30206440886526686E-05
2.90997146E+00 1.22915601216459711E-01 1.05288853851157483E-03 2.25389099769646205E-03 2.30346254586066699E-05 6.41649380156302754E-05
2.92593648E+00 1.22896864226614597E-01 1.06099943135870328E-03 3.47285867831921904E-03 2.31663944848514872E-05 6.53396211485073503E-05
2.94191269E+00 1.22877950316573489E-01 1.06919844331354813E-03 4.68751149693874460E-03 2.32993280937158733E-05 6.65459472563852361E-05
2.95790090E+00 1.22858855860776592E-01 1.07748733930755191E-03 5.89733064497072711E-03 2.34333916497934112E-05 6.77852401401931199E-05
2.97390189E+00 1.22839577130747113E-01 1.08586796223760591E-03 7.10180434467249863E-03 2.35685794763488518E-05 6.90590625281332828E-05
2.98991649E+00 1.22820110285207049E-01 1.09434223550091921E-03 8.30042680273585312E-03 2.37051338639215998E-05 7.03694748138889613E-05
3.00594494E+00 1.22800452046393435E-01 1.10291186302391604E-03 9.49265507299879713E-03 2.38433560152006084E-05 7.17186382952667055E-05
3.02198513E+00 1.22780602001408931E-01 1.11157732327633700E-03 1.06777762268118730E-02 2.39832327496018053E-05 7.31078126269833940E-05
3.03803788E+00 1.22760556031559137E-01 1.12034073857434540E-03 1.18553061067423054E-02 2.41248692194383339E-05 7.45388855706533314E-05
3.05410404E+00 1.22740309883256127E-01 1.12920432342804061E-03 1.30247660344949851E-02 2.42681053245229192E-05 7.60130041384314380E-05
3.07018445E+00 1.22719859190632122E-01 1.13817038931104692E-03 1.41856836185452560E-02 2.44125482254281205E-05 7.75308403844729194E-05
3.08627997E+00 1.22699199495562405E-01 1.14724134936766155E-03 1.53375927059149972E-02 2.45582191308344980E-05 7.90939834253538427E-05
3.10239146E+00 1.22678326228059673E-01 1.15641972159124628E-03 1.64800303370650353E-02 2.47051432351270416E-05 8.07042758401894537E-05
3.11851978E+00 1.22657234690530095E-01 1.16570813225682496E-03 1.76125384931462951E-02 2.48533080721792925E-05 8.23637616188851708E-05
3.13466581E+00 1.22635920044793859E-01 1.17510931958727301E-03 1.87346638950210975E-02 2.50028540999935895E-05 8.40748417329965583E-05
3.15083041E+00 1.22614377297023472E-01 1.18462613754347990E-03 1.98459567870110792E-02 2.51539697815908618E-05 8.58401813053177284E-05
3.16701144E+00 1.22592605378460742E-01 1.19425975302400408E-03 2.09457662383314321E-02 2.53068134722527693E-05 8.76623020499055835E-05
3.18320910E+00 1.22570600014019343E-01 1.20401278662518900E-03 2.20336115472658453E-02 2.54614782034676713E-05 8.95438112719969752E-05
3.19942427E+00 1.22548355809874665E-01 1.21388840016656220E-03 2.31090654815869212E-02 2.56178047581762822E-05 9.14862037185475223E-05
3.21565787E+00 1.22525867222744750E-01 1.22388989011058781E-03 2.41717056614844175E-02 2.57755025857168248E-05 9.34905155118847408E-05
3.23191078E+00 1.22503128580695717E-01 1.23402069413632064E-03 2.52211139762529811E-02 2.59343929807228492E-05 9.55588417180321158E-05
3.24818393E+00 1.22480134066088917E-01 1.24428439535574555E-03 2.62568750426681805E-02 2.60945042604566410E-05 9.76948364595372717E-05
3.26447820E+00 1.22456877677567300E-01 1.25468472498378811E-03 2.72785755173116755E-02 2.62563007122166470E-05 9.99050244691940183E-05
3.28079450E+00 1.22433353149345628E-01 1.26522556244759894E-03 2.82858024527299322E-02 2.64196676447651050E-05 1.02189747010333751E-04
3.29713373E+00 1.22409554044095273E-01 1.27591094893227380E-03 2.92781483866032359E-02 2.65844577780111581E-05 1.04550094135365769E-04
3.31349377E+00 1.22385478250497323E-01 1.28674308036800730E-03 3.02550276717323124E-02 2.67506143384466772E-05 1.06988737263238184E-04
3.32987472E+00 1.22361120298521878E-01 1.29772573139654295E-03 3.12160007387748267E-02 2.69181379609546844E-05 1.09508943484695409E-04
3.34627751E+00 1.22336473296657575E-01 1.30886338810875776E-03 3.21606806939296747E-02 2.70869870258857346E-05 1.12113911297075997E-04
3.36270308E+00 1.22311530128162108E-01 1.32016071772834672E-03 3.30886820597875442E-02 2.72571486710263126E-05 1.14806810475305831E-04
3.37915234E+00 1.22286283449726405E-01 1.33162257493715623E-03 3.39996205709459376E-02 2.74287007267323887E-05 1.17591337061650895E-04
3.39562621E+00 1.22260725677858631E-01 1.34325400709725106E-03 3.48931129106217833E-02 2.76016834024776801E-05 1.20471783755678541E-04
3.41212563E+00 1.22234848967470097E-01 1.35506025867044655E-03 3.57687774523456764E-02 2.77761295180669932E-05 1.23452426349967371E-04
3.42865149E+00 1.22208645196749829E-01 1.36704677635240209E-03 3.66262334344409982E-02 2.79519542805642378E-05 1.26535870859213187E-04
3.44520470E+00 1.22182105988926329E-01 1.37921921748384809E-03 3.74651012708676415E-02 2.81290689667119541E-05 1.29724980710998854E-04
3.46178252E+00 1.22155228692463202E-01 1.39158071443971584E-03 3.82848200439248124E-02 2.83074737149733677E-05 1.33024412915702341E-04
3.47838564E+00 1.22128004937365447E-01 1.40413708758249309E-03 3.90850148802969685E-02 2.84872718959545733E-05 1.36441583490053017E-04
3.49501499E+00 1.22100425605400131E-01 1.41689455362662840E-03 3.98653225655313526E-02 2.86685314271934740E-05 1.39984027729847722E-04
3.51167152E+00 1.22072481210392242E-01 1.42985954374656938E-03 4.06253783490885950E-02 2.88512504772485602E-05 1.43657326978738949E-04
3.52835614E+00 1.22044161905068588E-01 1.44303871035990718E-03 4.13648161751241014E-02 2.90354739417577899E-05 1.47466638990375736E-04
3.54506977E+00 1.22015457478269224E-01 1.45643893247732539E-03 4.20832683338782723E-02 2.92213188488666077E-05 1.51417441768812277E-04
3.56181333E+00 1.21986357343250765E-01 1.47006731876642301E-03 4.27803656599989035E-02 2.94088666248057992E-05 1.55514461571703617E-04
3.57858772E+00 1.21956850542416048E-01 1.48393121181916764E-03 4.34557377389624480E-02 2.95981283616832891E-05 1.59762186149821014E-04
3.59539319E+00 1.21926926936290619E-01 1.49803763412549953E-03 4.41089864635514917E-02 2.97890917377026925E-05 1.64165586164624568E-04
3.61222737E+00 1.21896580787534181E-01 1.51239158330911810E-03 4.47396172526912939E-02 2.99817020154881263E-05 1.68729277029678064E-04
3.62909119E+00 1.21865800179465952E-01 1.52700099676842467E-03 4.53472735565060084E-02 3.01759417434734581E-05 1.73459805775123187E-04
3.64598559E+00 1.21834572781278919E-01 1.54187403089781419E-03 4.59315940561027813E-02 3.03721989501167196E-05 1.78381782760599501E-04
3.66291150E+00 1.21802885630964502E-01 1.55701899179314118E-03 4.64922135030641850E-02 3.05709795582951010E-05 1.83524173440198659E-04
3.67986981E+00 1.21770724999950841E-01 1.57244427952213709E-03 4.70287628609198372E-02 3.07717313982079765E-05 1.88859935407042394E-04
3.69684543E+00 1.21738108070080495E-01 1.58814363987598486E-03 4.75403769986346286E-02 3.09743355969997056E-05 1.94384415510159185E-04
3.71378729E+00 1.21705124198737524E-01 1.60407597537858188E-03 4.80252517963395131E-02 3.11779897805677849E-05 2.00082470137192956E-04
3.73069870E+00 1.21671759716186323E-01 1.62024940084035444E-03 4.84834310152879103E-02 3.13824533621073282E-05 2.05956347730441804E-04
3.74758281E+00 1.21638000658205278E-01 1.63667206517717988E-03 4.89149082903699711E-02 3.15876418223839101E-05 2.12010289133219399E-04
3.76444267E+00 1.21603832811430307E-01 1.65335215090433121E-03 4.93196443550963370E-02 3.17936336306744172E-05 2.18252486287316347E-04
3.78128126E+00 1.21569241673079018E-01 1.67029785838401649E-03 4.96975842222280237E-02 3.20006818961697366E-05 2.24696034724401527E-04
3.79809585E+00 1.21534224084946380E-01 1.68751164213772715E-03 5.00485389333567426E-02 3.22089911582652786E-05 2.31349916134056390E-04
3.81486965E+00 1.21498807172706030E-01 1.70498080805426026E-03 5.03720665002695411E-02 3.24185964834692528E-05 2.38209697550190213E-04
3.83160610E+00 1.21462976123633076E-01 1.72271295408273919E-03 5.06682206916919675E-02 3.26298131621308943E-05 2.45273759807893964E-04
3.84830860E+00 1.21426715892483786E-01 1.74071563970077639E-03 5.09370219454510428E-02 3.28422820766840879E-05 2.52534413344968284E-04
3.86498044E+00 1.21390011348485025E-01 1.75899641051315610E-03 5.11784670699237457E-02 3.30554914301275972E-05 2.59980710943592559E-04
3.88162487E+00 1.21352847356142338E-01 1.77756280843571822E-03 5.13925341680817258E-02 3.32692529296161444E-05 2.67601857044998950E-04
3.89824506E+00 1.21315208777537875E-01 1.79642236735323593E-03 5.15791823099492827E-02 3.34833749765131014E-05 2.75386759730244992E-04
3.91484417E+00 1.21277080469785692E-01 1.81558260168528129E-03 5.17383535194653604E-02 3.36977569692213064E-05 2.83328134643033710E-04
3.93142527E+00 1.21238447245115816E-01 1.83505097603074208E-03 5.18699731231784325E-02 3.39125826045504219E-05 2.91451030508673521E-04
3.94799140E+00 1.21199293527692736E-01 1.85483473117002673E-03 5.19739502189643723E-02 3.41294068311143609E-05 2.99825527476050289E-04
3.96453223E+00 1.21159635061700882E-01 1.87492433312999823E-03 5.20501035777579876E-02 3.43489430694632374E-05 3.08495159333363825E-04
3.98103422E+00 1.21119496380532876E-01 1.89530477650140918E-03 5.20983063312661296E-02 3.45715119014046657E-05 3.17473884491577339E-04
3.99750038E+00 1.21078862289446837E-01 1.91598036105547183E-03 5.21099776920446872E-02 3.47967500096311866E-05 3.26703419308898711E-04
4.01393379E+00 1.21037717863134345E-01 1.93695539392056758E-03 5.21183517144870392E-02 3.50243077150921245E-05 3.36146362375718845E-04
4.03033753E+00 1.20996048541957640E-01 1.95823421948369825E-03 5.20799091359116922E-02 3.52539232293145609E-05 3.45769418026818404E-04
4.04671476E+00 1.20953840049007832E-01 1.97982121209330569E-03 5.20109145197930819E-02 3.54852226564112425E-05 3.55538414228788935E-04
4.06306868E+00 1.20911078363331842E-01 2.00172077622686384E-03 5.19214847263791829E-02 3.57173995296088226E-05 3.65417101545984283E-04
4.07940254E+00 1.20867749736850452E-01 2.02393733619072713E-03 5.18022147463542276E-02 3.59510669552534772E-05 3.75386119774315913E-04
4.09571965E+00 1.20823840459007403E-01 2.04647527689379204E-03 5.16548804078531543E-02 3.61872014209577980E-05 3.85444971626642239E-04
4.11202339E+00 1.20779336630385661E-01 2.06933883887486063E-03 5.14793468613482727E-02 3.64248559253929353E-05 3.95557588111600104E-04
4.12831716E+00 1.20734224407221549E-01 2.09253209932952012E-03 5.12755389135106515E-02 3.66631910769245442E-05 4.05688091440437547E-04
4.14460442E+00 1.20688489960318335E-01 2.11605891733621099E-03 5.10433569417403643E-02 3.69039999408275228E-05 4.16006790819771933E-04
4.16088869E+00 1.20642117298740123E-01 2.13992204087048001E-03 5.07827153454086938E-02 3.71466691734922933E-05 4.26459607122230112E-04
4.17717350E+00 1.20595090034327737E-01 2.16412372887187822E-03 5.04935043656558544E-02 3.73933063133466011E-05 4.37069891577675294E-04
4.19343802E+00 1.20547441300592306E-01 2.18862670486063421E-03 5.01757906499719006E-02 3.76421065803801921E-05 4.47868784274868168E-04
4.20968322E+00 1.20499179138515961E-01 2.21342770557432685E-03 4.98301554589562559E-02 3.78923039045753830E-05 4.58851617135358578E-04
4.22590815E+00 1.20450307267404216E-01 2.23851884436671511E-03 4.94566045856876871E-02 3.81469401955946815E-05 4.70128031548949213E-04
4.24200013E+00 1.20401173161903657E-01 2.26371496879342353E-03 4.90580306197698005E-02 3.84023121105554817E-05 4.81597173062028796E-04
4.25794191E+00 1.20351843908734074E-01 2.28897379894143051E-03 4.86358616731303109E-02 3.86565546535607078E-05 4.93163542689660050E-04
4.27371252E+00 1.20302401954026514E-01 2.31424555495119734E-03 4.81916848353292002E-02 3.89109444026295703E-05 5.04799065664972486E-04
4.28933106E+00 1.20252804362877871E-01 2.33954387957582659E-03 4.77260924786638771E-02 3.91694010958324818E-05 5.16548232676818488E-04
4.30480201E+00 1.20203052252232601E-01 2.36485920106217946E-03 4.72400078602225673E-02 3.94302790064471033E-05 5.28440347494710987E-04
4.32012570E+00 1.20153159803214157E-01 2.39017505560581772E-03 4.67345322840134608E-02 3.96926177742171364E-05 5.40487842049078336E-04
4.33532047E+00 1.20103080832090092E-01 2.41550479402140306E-03 4.62102180707816418E-02 3.99576310104161910E-05 5.52600849429415466E-04
4.35040227E+00 1.20052775042855706E-01 2.44085893980318771E-03 4.56676208212591361E-02 4.02234761465424459E-05 5.64689760742599612E-04
4.36534926E+00 1.20002330617991482E-01 2.46618490680522743E-03 4.51086741247151216E-02 4.04898845144018989E-05 5.76686690386485909E-04
4.38016254E+00 1.19951760830059012E-01 2.49146827906304193E-03 4.45346889863259682E-02 4.07550134692199735E-05 5.88528355697238753E-04
4.39482989E+00 1.19901126011658421E-01 2.51667208721939682E-03 4.39475291793476400E-02 4.10165992778980119E-05 6.00117082705480974E-04
4.40935231E+00 1.19850442127643605E-01 2.54178212782920059E-03 4.33486731548151857E-02 4.12735560611528552E-05 6.11394271500149858E-04
4.42374806E+00 1.19799662800638321E-01 2.56681459514442175E-03 4.27389326633538860E-02 4.15274660297555953E-05 6.22422612840829812E-04
4.43803366E+00 1.19748744059942375E-01 2.59178337381115896E-03 4.21191609357883939E-02 4.17795224606417199E-05 6.33316627002039026E-04
4.45221968E+00 1.19697660010015458E-01 2.61669228387447590E-03 4.14904914700965147E-02 4.20320889870676062E-05 6.44236189850745980E-04
4.46631609E+00 1.19646383940826759E-01 2.64154398135845207E-03 4.08541423223904646E-02 4.22887926967946445E-05 6.55279480281292207E-04
4.48033407E+00 1.19594882017233645E-01 2.66634343448505368E-03 4.02113202862904584E-02 4.25475598444612470E-05 6.66407766031315249E-04
4.49428295E+00 1.19543125871629699E-01 2.69109259071582431E-03 3.95633779783094996E-02 4.28063486040112682E-05 6.77521047950257528E-04
4.50817037E+00 1.19491092949205319E-01 2.71579076613274453E-03 3.89118250449012743E-02 4.30660850098262563E-05 6.88618426638247516E-04
4.52200248E+00 1.19438765643777631E-01 2.74043482041096392E-03 3.82583164833778175E-02 4.33240628503694881E-05 6.99539132665398739E-04
4.53576901E+00 1.19386190350366586E-01 2.76499264113347137E-03 3.76053858767393945E-02 4.35814797837930391E-05 7.10311171792159094E-04
4.54947542E+00 1.19333353606497439E-01 2.78945988012691036E-03 3.69549081362775048E-02 4.38385248243281032E-05 7.20961093486463035E-04
4.56314303E+00 1.19280177740357499E-01 2.81386020422581514E-03 3.63080769711831702E-02 4.40955067532851445E-05 7.31529475743268316E-04
4.57679267E+00 1.19226583303944839E-01 2.83821602286634831E-03 3.56661668818893593E-02 4.43514297910827107E-05 7.41975212301315169E-04
4.59040232E+00 1.19172660796466795E-01 2.86247337302444633E-03 3.50325346016147759E-02 4.46064994544839621E-05 7.52295790985274397E-04
4.60397335E+00 1.19118409525795665E-01 2.88661978426639010E-03 3.44094809634614834E-02 4.48611151885908938E-05 7.62544804184743627E-04
4.61750701E+00 1.19063828531529553E-01 2.91064225944561361E-03 3.37993067353622931E-02 4.51175716549082875E-05 7.72824707136360073E-04
4.63100453E+00 1.19008915786322972E-01 2.93452766143687720E-03 3.32043191685804304E-02 4.53773280415416060E-05 7.83217262473187830E-04
4.64446731E+00 1.18953667773207830E-01 2.95826310885693696E-03 3.26268073455156585E-02 4.56387815035425834E-05 7.93655640898898178E-04
4.65789695E+00 1.18898080048102622E-01 2.98183641410453785E-03 3.20690244702396821E-02 4.58994576039565742E-05 8.04049856002949336E-04
4.67129540E+00 1.18842147581786753E-01 3.00523652966620640E-03 3.15331435742308153E-02 4.61595082735987699E-05 8.14363146525454986E-04
4.68466492E+00 1.18785864383036135E-01 3.02845388648010803E-03 3.10212372196534032E-02 4.64195982521226294E-05 8.24577368083082300E-04
4.69800814E+00 1.18729223148616128E-01 3.05148057896116164E-03 3.05352591916043178E-02 4.66809450519789412E-05 8.34695596247991617E-04
4.71132806E+00 1.18672215014080873E-01 3.07431045142673477E-03 3.00770221992218353E-02 4.69430633683442033E-05 8.44699651958884419E-04
4.72462797E+00 1.18614829725912585E-01 3.09693928483982181E-03 2.96481881254163672E-02 4.72063594692382656E-05 8.54612130639405580E-04
4.73791145E+00 1.18557055591491267E-01 3.11936469736381417E-03 2.92502531888769526E-02 4.74691576190604858E-05 8.64403522889029842E-04
4.75118226E+00 1.18498879916945840E-01 3.14158596939087586E-03 2.88845354919685590E-02 4.77308376854513312E-05 8.74069923438022551E-04
4.76444435E+00 1.18440289121968342E-01 3.16360374932798168E-03 2.85521627591117655E-02 4.79933527325765452E-05 8.83647359032355703E-04
4.77770170E+00 1.18381268784130925E-01 3.18541972949063249E-03 2.82540686839383159E-02 4.82585469804920121E-05 8.93159489332147208E-04
4.79095831E+00 1.18321803933077022E-01 3.20703628239573475E-03 2.79909908059110847E-02 4.85253722044362719E-05 9.02559437749668697E-04
4.80421809E+00 1.18261879681929805E-01 3.22845605582444770E-03 2.77634707976422528E-02 4.87935664470107554E-05 9.11795755071361197E-04
4.81748482E+00 1.18201481496709032E-01 3.24968162441952989E-03 2.75718479097680491E-02 4.90627079785615781E-05 9.20831232484909355E-04
4.83076208E+00 1.18140595322593855E-01 3.27071517568301240E-03 2.74162371245134859E-02 4.93327511383838814E-05 9.29664375751764415E-04
4.84405327E+00 1.18079207458439736E-01 3.29155815655657715E-03 2.72965855918503759E-02 4.96016895528671254E-05 9.38270298091571447E-04
4.85736149E+00 1.18017305182154891E-01 3.31221115061124463E-03 2.72126947801937524E-02 4.98698468235018170E-05 9.46663848134931250E-04
4.87068966E+00 1.17954877264945288E-01 3.33267392002557956E-03 2.71641603600012126E-02 5.01381212299549281E-05 9.54833020127794055E-04
4.88404045E+00 1.17891914340712126E-01 3.35294561131218921E-03 2.71584429355736928E-02 5.04068424068418930E-05 9.62767530633170114E-04
4.89741637E+00 1.17828408724532638E-01 3.37302492747165944E-03 2.71570137674715106E-02 5.06764178309429479E-05 9.70476565904222852E-04
4.91081980E+00 1.17764353731327404E-01 3.39291024184193305E-03 2.71806591782460041E-02 5.09494559412838560E-05 9.78021570977848261E-04
4.92425308E+00 1.17699742811355687E-01 3.41259971528656489E-03 2.73405805260771989E-02 5.12249113415837981E-05 9.85405579611529957E-04
4.93771859E+00 1.17634569445474083E-01 3.43209120074377573E-03 2.74024619712975245E-02 5.14992807310455972E-05 9.92563858698080432E-04
4.95121882E+00 1.17568827068591064E-01 3.45138200170463146E-03 2.75598337107678566E-02 5.17725632074422161E-05 9.99526181178853968E-04
4.96475647E+00 1.17502508050979990E-01 3.47046894101149311E-03 2.77243080468406594E-02 5.20455781846955630E-05 1.00637842577419806E-03
4.97833455E+00 1.17435602886379095E-01 3.48934853495297447E-03 2.79210120865460813E-02 5.23183376987267665E-05 1.01315871941590370E-03
4.99195643E+00 1.17368100122636626E-01 3.50801780406923046E-03 2.81410310303476380E-02 5.25934552705526918E-05 1.01999609303780078E-03
5.00562590E+00 1.17299985373532117E-01 3.52647472866513424E-03 2.83848545153830914E-02 5.28720610403987331E-05 1.02694423019678276E-03
5.01934727E+00 1.17231240979138479E-01 3.54471815417422079E-03 2.86509352256546987E-02 5.31523151233834578E-05 1.03388819638763354E-03
5.03312534E+00 1.17161847177429820E-01 3.56274878426809201E-03 2.89382533113332931E-02 5.34322597391531789E-05 1.04074162194344008E-03
5.04696545E+00 1.17091782191095811E-01 3.58056942136345327E-03 2.92458185834711705E-02 5.37118640292866907E-05 1.04753869805877114E-03
5.06087348E+00 1.17021021285085125E-01 3.59818419708800080E-03 2.95727706574870838E-02 5.39918537224066166E-05 1.05428489668650842E-03
5.07485585E+00 1.16949536394886741E-01 3.61559845038366768E-03 2.99183973880449566E-02 5.42718755669606049E-05 1.06088388838866698E-03
5.08891849E+00 1.16877301309400619E-01 3.63281792047526631E-03 3.02821452583898233E-02 5.45526310498835540E-05 1.06735520424451657E-03
5.10301043E+00 1.16804582236248969E-01 3.64978102820029144E-03 3.06621258175168061E-02 5.48303651125458508E-05 1.07352096906232486E-03
5.11712318E+00 1.16731429598506325E-01 3.66648202349112353E-03 3.10574440707257517E-02 5.51049679379501009E-05 1.07939741147922001E-03
5.13122213E+00 1.16658029290192269E-01 3.68288677402594253E-03 3.14665775502042458E-02 5.53763987948573661E-05 1.08500835319045880E-03
5.14531597E+00 1.16584342096284529E-01 3.69901381207807505E-03 3.18892161593366877E-02 5.56466228242456505E-05 1.09041463952707328E-03
5.15941467E+00 1.16510320131001696E-01 3.71488342273494036E-03 3.23252642895592301E-02 5.59174779804265536E-05 1.09568080852666264E-03
5.17352735E+00 1.16435917956968782E-01 3.73051530522379177E-03 3.27747422535136987E-02 5.61882231981422514E-05 1.10078763111625495E-03
5.18766212E+00 1.16361094040017418E-01 3.74592892418701851E-03 3.32377633445265289E-02 5.64602547212248441E-05 1.10583721237693324E-03
5.20182603E+00 1.16285810735455283E-01 3.76114306250017278E-03 3.37144992750498390E-02 5.67321603260753646E-05 1.11075022883578081E-03
5.21602492E+00 1.16210035665006650E-01 3.77617636714055408E-03 3.42051458402859027E-02 5.70013647504132281E-05 1.11548393309263399E-03
5.23026347E+00 1.16133741825623221E-01 3.79104733674695419E-03 3.47099132131288568E-02 5.72691958526682000E-05 1.12011887622630421E-03
5.24454519E+00 1.16056906881964739E-01 3.80577402097949293E-03 3.52290056017478120E-02 5.75376148051073315E-05 1.12470764012668665E-03
5.25886962E+00 1.15979528469768153E-01 3.82037123282739184E-03 3.57624733991344299E-02 5.78085571893176742E-05 1.12929289466553811E-03
5.27323513E+00 1.15901609951455195E-01 3.83485283096686447E-03 3.63104143301477694E-02 5.80820000658509880E-05 1.13387431782277287E-03
5.28764343E+00 1.15823136105882282E-01 3.84923705182835902E-03 3.68730386099684407E-02 5.83547346182271815E-05 1.13833973971592603E-03
5.30209543E+00 1.15744096352117229E-01 3.86354309117093418E-03 3.74505024462590264E-02 5.86255638268483642E-05 1.14270674029965627E-03
5.31658221E+00 1.15664533322478419E-01 3.87778097686720599E-03 3.80425249082392003E-02 5.88976361726448864E-05 1.14715396416539936E-03
5.33109433E+00 1.15584491637277964E-01 3.89195946670113776E-03 3.86486981399447455E-02 5.91719328699008676E-05 1.15186657669308682E-03
5.34563740E+00 1.15503931016444641E-01 3.90609993634715054E-03 3.92691917549145772E-02 5.94496722142684065E-05 1.15682657349274538E-03
5.36021627E+00 1.15422813547407369E-01 3.92022136368980461E-03 3.99041704753409915E-02 5.97277221393638429E-05 1.16181815684026214E-03
5.37483521E+00 1.15341107649191157E-01 3.93434243043323546E-03 4.05537463793697178E-02 6.00060453034793122E-05 1.16682191266159600E-03
5.38949803E+00 1.15258786695990753E-01 3.94848054015963651E-03 4.12179786138857987E-02 6.02832207171333844E-05 1.17177355242798148E-03
5.40420827E+00 1.15175827491586127E-01 3.96265268685844912E-03 4.18969034950583963E-02 6.05590673611223910E-05 1.17664489513926275E-03
5.41896936E+00 1.15092209214675403E-01 3.97687511221436144E-03 4.25905216091913147E-02 6.08315493972136503E-05 1.18141564322314391E-03
5.43378477E+00 1.15007912993619732E-01 3.99116346613761011E-03 4.32988131078766159E-02 6.11002813032884644E-05 1.18621799083100670E-03
5.44863694E+00 1.14923040450221975E-01 4.00551197389329480E-03 4.40207298068299099E-02 6.13632363795178223E-05 1.19085444335042417E-03
5.46349110E+00 1.14837795389895247E-01 4.01989752165721019E-03 4.47543294752045379E-02 6.16213307181833061E-05 1.19541515320322573E-03
5.47834843E+00 1.14752177135034550E-01 4.03433022243956680E-03 4.54992589219351748E-02 6.18780389568688108E-05 1.19996547508159569E-03
5.49321015E+00 1.14666184139851343E-01 4.04881924203491506E-03 4.62551668381565792E-02 6.21345012097526006E-05 1.20465494572693783E-03
5.50807749E+00 1.14579813005119616E-01 4.06337229662113997E-03 4.70217169543862210E-02 6.23931643596119771E-05 1.20960441148792335E-03
5.52295169E+00 1.14493057375302909E-01 4.07799523825090951E-03 4.77985703914179452E-02 6.26568191539938135E-05 1.21493441381641623E-03
5.53783397E+00 1.14405904571769093E-01 4.09269276852894468E-03 4.85855881598604156E-02 6.29237105755760479E-05 1.22047736664736999E-03
5.55272324E+00 1.14318359947674267E-01 4.10746738968844997E-03 4.93819298251765570E-02 6.31884623122522205E-05 1.22601985271995743E-03
5.56761336E+00 1.14230458989220421E-01 4.12231887995920688E-03 5.01869529522810873E-02 6.34532619019364890E-05 1.23165261223334320E-03
5.58250555E+00 1.14142189367053642E-01 4.13725407284043674E-03 5.10002407087811541E-02 6.37160161168817121E-05 1.23723211931801229E-03
5.59740105E+00 1.14053539413815297E-01 4.15228140422005312E-03 5.18213528472844798E-02 6.39767483975794353E-05 1.24270003895641753E-03
5.61230110E+00 1.13964500211327896E-01 4.16741129358096096E-03 5.26498383074928689E-02 6.42368621944623501E-05 1.24814053426729058E-03
5.62720689E+00 1.13875063919253006E-01 4.18265483778401236E-03 5.34852441309797560E-02 6.44954941041214806E-05 1.25356793925877419E-03
5.64211960E+00 1.13785223283993125E-01 4.19802300541255013E-03 5.43271262312089373E-02 6.47496224259265545E-05 1.25902435883702181E-03
5.65704030E+00 1.13694970537193282E-01 4.21352569495663399E-03 5.51750088775602443E-02 6.50034307991382524E-05 1.26476462531960147E-03
5.67197003E+00 1.13604294808669681E-01 4.22917058987898244E-03 5.60283944228476133E-02 6.52551158608851876E-05 1.27065428090802771E-03
5.68690970E+00 1.13513185250355100E-01 4.24496517307204526E-03 5.68868004941753685E-02 6.55096654771465458E-05 1.27680751767544291E-03
5.70186014E+00 1.13421621997499375E-01 4.26091408964834190E-03 5.77497427788196266E-02 6.57672985450082092E-05 1.28316837704100508E-03
5.71682204E+00 1.13329586969101739E-01 4.27702258553294256E-03 5.86166939268285628E-02 6.60304462226300569E-05 1.28974509804283613E-03
5.73179597E+00 1.13237065530586212E-01 4.29329676624819537E-03 5.94871406460950394E-02 6.62970910004238905E-05 1.29651242504199996E-03
5.74678240E+00 1.13144044614155961E-01 4.30974300632725946E-03 6.03606164329646769E-02 6.65629748296350549E-05 1.30329820687970243E-03
5.76178164E+00 1.13050514012760020E-01 4.32636830536356574E-03 6.12366539267076918E-02 6.68299642473923474E-05 1.31022604633868034E-03
5.77679392E+00 1.12956463107742461E-01 4.34317850004821340E-03 6.21147885077544398E-02 6.70951218546028585E-05 1.31733343639053868E-03
5.79181936E+00 1.12861880947624116E-01 4.36017817204953969E-03 6.29945946257455675E-02 6.73616764088939916E-05 1.32475430075932698E-03
5.80685799E+00 1.12766755801250493E-01 4.37737056622128796E-03 6.38756531179460185E-02 6.76346319836023557E-05 1.33268444972903027E-03
5.82190979E+00 1.12671074637572713E-01 4.39475749212066454E-03 6.47575730893657359E-02 6.79100560249096654E-05 1.34102471519662427E-03
5.83697469E+00 1.12574825294869452E-01 4.41234070378333006E-03 6.56399594527545538E-02 6.81837758542617171E-05 1.34973202782447707E-03
5.85205257E+00 1.12477997176611000E-01 4.43012236771966189E-03 6.65224473680254696E-02 6.84558052073986495E-05 1.35880212120817402E-03
5.86714334E+00 1.12380581641306848E-01 4.44810447287536000E-03 6.74047227793395237E-02 6.87222090109134456E-05 1.36802612477069361E-03
5.88224690E+00 1.12282573268848745E-01 4.46628746346344491E-03 6.82865063933701527E-02 6.89829798120780957E-05 1.37726036552232264E-03
5.89736318E+00 1.12183968792218924E-01 4.48466838134765726E-03 6.91675498967756902E-02 6.92356006094013623E-05 1.38674564064017436E-03
5.91248983E+00 1.12084778651288297E-01 4.50323483585029442E-03 7.00474883178541508E-02 6.94808388617494514E-05 1.39690014073775085E-03
5.92762587E+00 1.11985001882605448E-01 4.52196796952504185E-03 7.09260728699766807E-02 6.97294436917620650E-05 1.40791944261395275E-03
5.94277107E+00 1.11884633835494740E-01 4.54084659223625252E-03 7.18030463364759813E-02 6.99720519994080078E-05 1.41908212976964783E-03
5.95790568E+00 1.11783805422492361E-01 4.55982395449125704E-03 7.26770789813467599E-02 7.02141837634817829E-05 1.43096996955232886E-03
5.97287605E+00 1.11683545250427743E-01 4.57867750304015962E-03 7.35393374396173943E-02 7.04626478834688018E-05 1.44392204850318307E-03
5.98770994E+00 1.11583673403450448E-01 4.59740509519806009E-03 7.43911461595109097E-02 7.07120541863483573E-05 1.45695726909631103E-03
6.00243470E+00 1.11484017232725149E-01 4.61600888504542194E-03 7.52339028344891220E-02 7.09647564428838023E-05 1.47006185652212118E-03
6.01703993E+00 1.11384659075791287E-01 4.63444454523010731E-03 7.60669229692351873E-02 7.12177692972293462E-05 1.48313049651514241E-03
6.03154737E+00 1.11285462907287636E-01 4.65270800206370183E-03 7.68912756458938335E-02 7.14641080843401489E-05 1.49602555559809423E-03
6.04598235E+00 1.11186269219053557E-01 4.67080137397506145E-03 7.77082737294263609E-02 7.17053309325559816E-05 1.50921647046732099E-03
6.06036819E+00 1.11086926957507590E-01 4.68872262486191849E-03 7.85190822187837728E-02 7.19460890757726422E-05 1.52253675984425100E-03
6.07472671E+00 1.10987292907176543E-01 4.70646956345399572E-03 7.93247257441977716E-02 7.21836122208013137E-05 1.53563062277980327E-03
6.08907878E+00 1.10887229641997792E-01 4.72404322791645549E-03 8.01261231944673941E-02 7.24143151577777520E-05 1.54825558775893019E-03
6.10344486E+00 1.10786602385746183E-01 4.74144829882521338E-03 8.09241330049217528E-02 7.26529202155954095E-05 1.56106993611825583E-03
6.11777268E+00 1.10685780514983428E-01 4.75860262632540193E-03 8.17156874413930701E-02 7.29024150283502837E-05 1.57406097744190450E-03
6.13199836E+00 1.10585219435204676E-01 4.77541441303639888E-03 8.24970916978784163E-02 7.31445567872177207E-05 1.58623835256613017E-03
6.14614621E+00 1.10484762172373227E-01 4.79190688173278777E-03 8.32694112702312000E-02 7.33769446067270226E-05 1.59765344903005434E-03
6.16023914E+00 1.10384259302456308E-01 4.80810556423038465E-03 8.40337143885664939E-02 7.36142322993175351E-05 1.60912584580156191E-03
6.17429901E+00 1.10283557942710941E-01 4.82403367030220017E-03 8.47909914513240298E-02 7.38511343023091503E-05 1.62044474947618225E-03
6.18834706E+00 1.10182507700414323E-01 4.83971503699702141E-03 8.55421896717688812E-02 7.40856910620480466E-05 1.63171920800934175E-03
6.20240425E+00 1.10080955000139258E-01 4.85517187690384048E-03 8.62881921830866844E-02 7.43209310503655548E-05 1.64289741396115782E-03
6.21649160E+00 1.09978740045384715E-01 4.87042737276757124E-03 8.70298722668165908E-02 7.45548288245354436E-05 1.65391336022790276E-03
6.23063047E+00 1.09875700239777344E-01 4.88550756249025737E-03 8.77681310656897029E-02 7.47871517997571454E-05 1.66448729970585267E-03
6.24480125E+00 1.09771975948653844E-01 4.90039845868629753E-03 8.85017425571897748E-02 7.50187433292369952E-05 1.67448426447045916E-03
6.25898020E+00 1.09667743727610414E-01 4.91508694062147387E-03 8.92292898369505677E-02 7.52500024693278287E-05 1.68432953456640225E-03
6.27319026E+00 1.09562837080015754E-01 4.92961068180694777E-03 8.99517457367595835E-02 7.54796555264494745E-05 1.69376347092816456E-03
6.28745494E+00 1.09457083078125558E-01 4.94400983873247157E-03 9.06700894312428007E-02 7.57115189367566378E-05 1.70267808809555841E-03
6.30179862E+00 1.09350297752418571E-01 4.95832549661975527E-03 9.13852867827830706E-02 7.59479352178896720E-05 1.71138715301897637E-03
6.31624683E+00 1.09242281061390112E-01 4.97259970602376838E-03 9.20983789796865210E-02 7.61830582737423707E-05 1.71975048809156665E-03
6.33082665E+00 1.09132819877936577E-01 4.98687655221375249E-03 9.28104191114160898E-02 7.64185034127972735E-05 1.72801250747875944E-03
6.34556719E+00 1.09021682208132603E-01 5.00120008871134027E-03 9.35225327350556052E-02 7.66542801051976644E-05 1.73636908135036392E-03
6.36050022E+00 1.08908610638195111E-01 5.01561442555746237E-03 9.42359027590709969E-02 7.68905261573658497E-05 1.74461532658909445E-03
6.37561428E+00 1.08793673554425013E-01 5.03012274753580034E-03 9.49496604964669977E-02 7.71250345306840213E-05 1.75268065298114957E-03
6.39081300E+00 1.08677593998959821E-01 5.04464816406900024E-03 9.56590697762058489E-02 7.73630791113218749E-05 1.76102230476366602E-03
6.40605968E+00 1.08560649783215293E-01 5.05917036961208398E-03 9.63622155529327007E-02 7.75909569952430548E-05 1.76822387388857086E-03
6.42129331E+00 1.08443321043530175E-01 5.07365197453101512E-03 9.70562313440360008E-02 7.78081225335272136E-05 1.77445567034741633E-03
6.43651239E+00 1.08325636510581011E-01 5.08811219295651936E-03 9.77409818621575860E-02 7.80306319974160672E-05 1.78107145281766310E-03
6.45171556E+00 1.08207608438828901E-01 5.10255812989214574E-03 9.84164466658389719E-02 7.82568668993866441E-05 1.78792468530969461E-03
6.46690164E+00 1.08089245235323095E-01 5.11699540262096526E-03 9.90825803842380476E-02 7.84822294796455301E-05 1.79476463385148878E-03
6.48206954E+00 1.07970558926737889E-01 5.13143121408006844E-03 9.97393696378263556E-02 7.87087912846495721E-05 1.80176638492593618E-03
6.49721832E+00 1.07851560017769479E-01 5.14587001961886066E-03 1.00386871011445694E-01 7.89310542627642109E-05 1.80892236441544457E-03
6.51234708E+00 1.07732261322897691E-01 5.16031335077502071E-03 1.01025126038504234E-01 7.91458542446524070E-05 1.81588466738122757E-03
6.52745495E+00 1.07612681558761941E-01 5.17476281820327105E-03 1.01654190341258277E-01 7.93498027604600095E-05 1.82209638232358039E-03
6.54254105E+00 1.07492845386886374E-01 5.18922313403399459E-03 1.02274108528898872E-01 7.95564855623940122E-05 1.82794470870766392E-03
6.55760445E+00 1.07372774836674165E-01 5.20369631273793001E-03 1.02884951180957543E-01 7.97738016969707552E-05 1.83393130083431407E-03
6.57264414E+00 1.07252482495227813E-01 5.21817657588851021E-03 1.03486762638399205E-01 7.99901621527373754E-05 1.84053775184770860E-03
6.58765900E+00 1.07131983896242441E-01 5.23265466012259439E-03 1.04079644733716004E-01 8.02031872170040839E-05 1.84755845033821530E-03
6.60264779E+00 1.07011298597433552E-01 5.24711957688225785E-03 1.04663629461856297E-01 8.04074611024368363E-05 1.85437272763788849E-03
6.61760914E+00 1.06890451975703765E-01 5.26156283750290558E-03 1.05238761893219041E-01 8.06064308366834752E-05 1.86087137905753303E-03
6.63254157E+00 1.06769473287834135E-01 5.27597773736175266E-03 1.05805133281139455E-01 8.07990055920628067E-05 1.86694162450252153E-03
6.64744348E+00 1.06648393488523396E-01 5.29035764917723007E-03 1.06362860901677972E-01 8.09964567278784669E-05 1.87307923376048833E-03
6.66231321E+00 1.06527234580201260E-01 5.30469094028610932E-03 1.06912093814174117E-01 8.11984184480928848E-05 1.87950759752539493E-03
6.67714905E+00 1.06406014903477231E-01 5.31896251748585451E-03 1.07452928049659738E-01 8.14140166605331318E-05 1.88715024950368310E-03
6.69194930E+00 1.06284745888185525E-01 5.33314902063451550E-03 1.07985475887431417E-01 8.16242145066831712E-05 1.89465848913929679E-03
6.70671228E+00 1.06163450209299196E-01 5.34723461626042743E-03 1.08509923805787112E-01 8.18339716669328550E-05 1.90207824863054711E-03
6.72143644E+00 1.06042152303249246E-01 5.36120543848295390E-03 1.09026497111471679E-01 8.20269936128291031E-05 1.90832409117084678E-03
6.73612032E+00 1.05920882729555008E-01 5.37505445899013473E-03 1.09535444227950182E-01 8.22141913301861467E-05 1.91400272370089147E-03
6.75076267E+00 1.05799666245280588E-01 5.38877264938045393E-03 1.10037070535472833E-01 8.23965433819756881E-05 1.91945550531605054E-03
6.76536245E+00 1.05678522870781041E-01 5.40234921478204792E-03 1.10531700426876087E-01 8.25914110679691968E-05 1.92583631668978225E-03
6.77991887E+00 1.05557457019063411E-01 5.41576252280667834E-03 1.11019779414587114E-01 8.27918475902900011E-05 1.93248458704714976E-03
6.79443138E+00 1.05436471964117220E-01 5.42899590842376486E-03 1.11501630432897125E-01 8.29853821044202947E-05 1.93889789101099348E-03
6.80889977E+00 1.05315573365952764E-01 5.44204268065439679E-03 1.11977671963101919E-01 8.31806658572094710E-05 1.94523769286539640E-03
6.82332410E+00 1.05194762712467568E-01 5.45490130295971359E-03 1.12448378391630757E-01 8.33579619813534708E-05 1.95077685985975543E-03
6.83770473E+00 1.05074045174226027E-01 5.46758020258920983E-03 1.12914275428269220E-01 8.35201123635091627E-05 1.95593125112847538E-03
6.85204235E+00 1.04953422526735493E-01 5.48008980315142866E-03 1.13375914831282565E-01 8.36806589173914189E-05 1.96180019612843867E-03
6.86633794E+00 1.04832885201362913E-01 5.49243444648631063E-03 1.13833940533325101E-01 8.38489241642754080E-05 1.96879828752249530E-03
6.88059280E+00 1.04712412814251324E-01 5.50461486963611628E-03 1.14288966203486608E-01 8.40254843796135905E-05 1.97610645426186341E-03
6.89480852E+00 1.04591982172276179E-01 5.51663743216776817E-03 1.14741598604365155E-01 8.42058579987116135E-05 1.98319388769678225E-03
6.90898698E+00 1.04471570204395070E-01 5.52851516469323855E-03 1.15192513103007155E-01 8.43792044984637219E-05 1.98941426520813985E-03
6.92312649E+00 1.04351190007160782E-01 5.54026654165556444E-03 1.15642284836520545E-01 8.45497160448028439E-05 1.99538326580494044E-03
6.93722303E+00 1.04230870591864630E-01 5.55190277750080771E-03 1.16091512488796220E-01 8.47118165254809866E-05 2.00090500201869845E-03
6.95127795E+00 1.04110597105042155E-01 5.56344163393145477E-03 1.16540881921845932E-01 8.48654082296153084E-05 2.00572993615223032E-03
6.96529291E+00 1.03990356401727990E-01 5.57490540480796038E-03 1.16991133114474025E-01 8.50199028200967517E-05 2.01137883372637122E-03
6.97926989E+00 1.03870125374624075E-01 5.58630571858229671E-03 1.17443084175366697E-01 8.51794379782819434E-05 2.01761192019438542E-03
6.99321117E+00 1.03749873217556896E-01 5.59765294930451764E-03 1.17897373376561129E-01 8.53390943239862884E-05 2.02384073345835856E-03
7.00711938E+00 1.03629566617909868E-01 5.60896041843965930E-03 1.18354684720713144E-01 8.54837536117920919E-05 2.02944787043734132E-03
7.02099744E+00 1.03509176661757546E-01 5.62024818322474744E-03 1.18815707967666814E-01 8.56324542217296286E-05 2.03509256646676592E-03
7.03484866E+00 1.03388671082653066E-01 5.63153544087093699E-03 1.19281184706230281E-01 8.57932130796322908E-05 2.04135538959365976E-03
7.04867666E+00 1.03268012480600802E-01 5.64283835632021884E-03 1.19751894703634926E-01 8.59622503441893226E-05 2.04853853467006075E-03
7.06248546E+00 1.03147157377748752E-01 5.65416739470142420E-03 1.20228638622717834E-01 8.61430984565744008E-05 2.05667380565987146E-03
7.07627945E+00 1.03026058529696832E-01 5.66553103855951812E-03 1.20712152809084539E-01 8.63252901447555905E-05 2.06498095436023245E-03
7.09006342E+00 1.02904668928150589E-01 5.67694240149896594E-03 1.21203156955823066E-01 8.65027048450299637E-05 2.07293688900078970E-03
7.10384256E+00 1.02782939313508528E-01 5.68841852573274877E-03 1.21702371343952995E-01 8.66797429166480418E-05 2.08056991989310569E-03
7.11762251E+00 1.02660815202739578E-01 5.69997847438736150E-03 1.22210507983525174E-01 8.68590444527777791E-05 2.08792900579012368E-03
7.13140936E+00 1.02538237722206299E-01 5.71164484631563919E-03 1.22728290374667148E-01 8.70403368284066174E-05 2.09510436837270298E-03
7.14520966E+00 1.02415143139374429E-01 5.72344248493154937E-03 1.23256458123812140E-01 8.72271068150407502E-05 2.10194577240907770E-03
7.15903048E+00 1.02291463066829930E-01 5.73539830636957126E-03 1.23795743980780845E-01 8.74013158256078254E-05 2.10864294201325731E-03
7.17287938E+00 1.02167125839907044E-01 5.74753960301710356E-03 1.24346810057212043E-01 8.75683963366275246E-05 2.11580044439129344E-03
7.18676444E+00 1.02042051579107756E-01 5.75988962965297887E-03 1.24910437806529467E-01 8.77279509188031949E-05 2.12272865260085481E-03
7.20069432E+00 1.01916158821061614E-01 5.77247874900574821E-03 1.25487414394926999E-01 8.78877170432491655E-05 2.12969440857945381E-03
7.21467820E+00 1.01789359982297489E-01 5.78534275652938228E-03 1.26078472155276095E-01 8.80507741311290447E-05 2.13673184842411851E-03
7.22872581E+00 1.01661558986200370E-01 5.79852160971519853E-03 1.26684373081498353E-01 8.82277640964593301E-05 2.14438022899404290E-03
7.24284741E+00 1.01532644108244877E-01 5.81205394560103516E-03 1.27305920970598757E-01 8.84209067858315732E-05 2.15291144687460674E-03
7.25705352E+00 1.01402497620826801E-01 5.82598086760148601E-03 1.27943884685510767E-01 8.86188418405819018E-05 2.16171897955204058E-03
7.27133200E+00 1.01271215171880424E-01 5.84033014701544270E-03 1.28598112113078200E-01 8.88112853963486849E-05 2.17029518503806737E-03
7.28569374E+00 1.01138685172224602E-01 5.85515832655440077E-03 1.29269350718232312E-01 8.90005653322151858E-05 2.17939443804887004E-03
7.30015005E+00 1.01004778835684164E-01 5.87051633197714726E-03 1.29958356527872632E-01 8.91882355897266962E-05 2.18846768785642886E-03
7.31471258E+00 1.00869370053045068E-01 5.88646884758000245E-03 1.30665918059496566E-01 8.93818141208577410E-05 2.19740842577248333E-03
7.32939322E+00 1.00732326448443474E-01 5.90308663835435211E-03 1.31392836647787892E-01 8.95885238457049698E-05 2.20669773988964356E-03
7.34412933E+00 1.00594206780863310E-01 5.92034727504597326E-03 1.32136484338702370E-01 8.97945672850358962E-05 2.21597101193282599E-03
7.35886499E+00 1.00455522591589269E-01 5.93822957916130805E-03 1.32894075159614156E-01 9.00035605840928977E-05 2.22533515179128066E-03
7.37350752E+00 1.00317144875754286E-01 5.95665264386334610E-03 1.33660695730850265E-01 9.02203128495050234E-05 2.23559247469679295E-03
7.38807030E+00 1.00178944106493736E-01 5.97565577102898704E-03 1.34436340142623179E-01 9.04406501586219080E-05 2.24638975790415535E-03
7.40263194E+00 1.00040160117077961E-01 5.99536946772568670E-03 1.35224659021882687E-01 9.06561203183210284E-05 2.25717694359449600E-03
7.41726231E+00 9.99001033246955938E-02 6.01592620077452938E-03 1.36029345998413098E-01 9.08657589212616819E-05 2.26819091485380448E-03
7.43177978E+00 9.97605052320444108E-02 6.03709399809923466E-03 1.36841003470996259E-01 9.10811325186662379E-05 2.28003738961112196E-03
7.44627833E+00 9.96204497170877223E-02 6.05901418192133102E-03 1.37663772308445481E-01 9.13013893951257076E-05 2.29277299812244992E-03
7.46085553E+00 9.94789655622793506E-02 6.08184849591752487E-03 1.38502754878527701E-01 9.15242767528455346E-05 2.30606101691657349E-03
7.47561440E+00 9.93350111692616333E-02 6.10578983565865895E-03 1.39363979240698183E-01 9.17542932179028146E-05 2.31987243449253326E-03
7.49031445E+00 9.91909137200735341E-02 6.13046959635654091E-03 1.40234506001464837E-01 9.19890949484016967E-05 2.33376551783487721E-03
7.50494264E+00 9.90467971685632109E-02 6.15586530949078885E-03 1.41112725092564784E-01 9.22249730808989156E-05 2.34730306244809641E-03
7.51960802E+00 9.89015721945877974E-02 6.18217925295502617E-03 1.42004246616475122E-01 9.24613823470910620E-05 2.36104997738214618E-03
7.53422089E+00 9.87561086597884830E-02 6.20925883215498516E-03 1.42903915759626410E-01 9.27040308203356351E-05 2.37574310094617203E-03
7.54872295E+00 9.86109746578308494E-02 6.23697975357100608E-03 1.43807717031364302E-01 9.29552785018721516E-05 2.39157854378663388E-03
7.56312496E+00 9.84660505882048037E-02 6.26533279387878495E-03 1.44715488747628934E-01 9.32227946769735409E-05 2.40885740530600179E-03
7.57744622E+00 9.83211211379538680E-02 6.29431862033122142E-03 1.45627834598806072E-01 9.35020598199826943E-05 2.42718946494629431E-03
7.59167785E+00 9.81762564590633741E-02 6.32388232505204893E-03 1.46543866488114100E-01 9.37812423500253040E-05 2.44644083136470779E-03
7.60580060E+00 9.80316429933436040E-02 6.35394664855388515E-03 1.47461829911260167E-01 9.40553544972344980E-05 2.46601722050053714E-03
7.61983198E+00 9.78870969784740724E-02 6.38451362204118730E-03 1.48382188962271649E-01 9.43271642175424709E-05 2.48577369265069129E-03
7.63378961E+00 9.77424321126326712E-02 6.41558893713669795E-03 1.49305569001258825E-01 9.46006312172457449E-05 2.50618491450575872E-03
7.64769115E+00 9.75974558976714507E-02 6.44717487137210117E-03 1.50232654059940268E-01 9.48832867451129033E-05 2.52746246166116488E-03
7.66155417E+00 9.74519667799033373E-02 6.47926842452926834E-03 1.51164134656618709E-01 9.51861024204923411E-05 2.55009480022975847E-03
7.67539596E+00 9.73057540217200923E-02 6.51186322630247991E-03 1.52100790103176092E-01 9.55041487006378482E-05 2.57396506592286753E-03
7.68923343E+00 9.71586067032134543E-02 6.54495382565853379E-03 1.53043332703807516E-01 9.58316184461075556E-05 2.59852667237947229E-03
7.70308290E+00 9.70103225230550120E-02 6.57854039727181084E-03 1.53992466091928043E-01 9.61660083465165394E-05 2.62414003961571008E-03
7.71695997E+00 9.68607002414939300E-02 6.61262211830527906E-03 1.54948856939891327E-01 9.65129239531227245E-05 2.65169538706516023E-03
7.73087931E+00 9.67095301679775504E-02 6.64718982449895562E-03 1.55913162756923795E-01 9.68634672533251673E-05 2.68038267031939226E-03
7.74485457E+00 9.65566163819776141E-02 6.68223837138401302E-03 1.56885989867480813E-01 9.72043278960136312E-05 2.70912581664875269E-03
7.75889824E+00 9.64017851221223160E-02 6.71777196825474286E-03 1.57867800472463321E-01 9.75373624023216239E-05 2.73808289856051698E-03
7.77302158E+00 9.62448734508156573E-02 6.75379407311857156E-03 1.58858962201292947E-01 9.78670214763628058E-05 2.76717584604196497E-03
7.78723460E+00 9.60857326287003211E-02 6.79030212870234892E-03 1.59859753416657480E-01 9.82015552523093178E-05 2.79676535909971838E-03
7.80153413E+00 9.59243648175610170E-02 6.82725266102185511E-03 1.60869519476206563E-01 9.85517939986877605E-05 2.82825107879540894E-03
7.81590742E+00 9.57608635921435025E-02 6.86455597138906602E-03 1.61886994442428128E-01 9.89005351230886004E-05 2.86063842540748093E-03
7.83029096E+00 9.55959204031923693E-02 6.90198422755956918E-03 1.62907510152013935E-01 9.92431356521515109E-05 2.89325217033776626E-03
7.84463796E+00 9.54300690706793020E-02 6.93934806270557827E-03 1.63927304106238514E-01 9.95702042019140285E-05 2.92612747196005409E-03
7.85888719E+00 9.52640390724030367E-02 6.97641703539354438E-03 1.64941598203472928E-01 9.98859190263114019E-05 2.95937544167099165E-03
7.87306265E+00 9.50975820295287266E-02 7.01317852560095784E-03 1.65951409870422895E-01 1.00187410161869388E-04 2.99224448312111670E-03
7.88718800E+00 9.49304559078980453E-02 7.04962054209725113E-03 1.66957945814904030E-01 1.00476823139652270E-04 3.02469989790819750E-03
7.90128678E+00 9.47624154974723854E-02 7.08572754407149879E-03 1.67962459367028388E-01 1.00774438183034976E-04 3.05741660552510041E-03
7.91538258E+00 9.45932040066608526E-02 7.12147330476973171E-03 1.68966251314840221E-01 1.01082845647135601E-04 3.08993384340305790E-03
7.92949903E+00 9.44225662048522735E-02 7.15682985450735547E-03 1.69970595831658078E-01 1.01399789143420663E-04 3.12265306721196774E-03
7.94362229E+00 9.42506926497887199E-02 7.19166775528889447E-03 1.70974253216964078E-01 1.01722734545785362E-04 3.15679705856164623E-03
7.95772892E+00 9.40778739022287702E-02 7.22582209178225000E-03 1.71975402647491588E-01 1.02030802731591821E-04 3.19041505258977742E-03
7.97184121E+00 9.39038675535406181E-02 7.25925289616414973E-03 1.72975153561414824E-01 1.02335674378531969E-04 3.22402292853840849E-03
7.98596840E+00 9.37285865314533423E-02 7.29188158072601508E-03 1.73973796465391212E-01 1.02638104502540467E-04 3.25717521252748016E-03
8.00002420E+00 9.35531485509454308E-02 7.32341873852372129E-03 1.74965238504400322E-01 1.02932821358067846E-04 3.28953724092799406E-03
8.01404338E+00 9.33771849211622457E-02 7.35386850321134017E-03 1.75951194332284511E-01 1.03221851111995395E-04 3.32123357346351521E-03
8.02806017E+00 9.32003268470559809E-02 7.38322862838074363E-03 1.76933534881567378E-01 1.03505024499422706E-04 3.35298470227209447E-03
8.04210856E+00 9.30221900635161969E-02 7.41148124871347617E-03 1.77914250260758494E-01 1.03770462608042792E-04 3.38318249765571285E-03
8.05622245E+00 9.28423961381801138E-02 7.43862003957667956E-03 1.78895295284273170E-01 1.04020297995182184E-04 3.41115792803020797E-03
8.07043587E+00 9.26605630188491042E-02 7.46465029531066457E-03 1.79878542414516340E-01 1.04268506746852012E-04 3.43896698014401533E-03
8.08463986E+00 9.24781077037269278E-02 7.48931467404682395E-03 1.80856486174420683E-01 1.04501287415471598E-04 3.46562280212370450E-03
8.09878997E+00 9.22956549484364591E-02 7.51251594152318927E-03 1.81825497463290686E-01 1.04725160621825950E-04 3.49090138198714138E-03
8.11293387E+00 9.21126593990184289E-02 7.53432985092978083E-03 1.82787962613922633E-01 1.04946902489998553E-04 3.51602262482503041E-03
8.12711777E+00 9.19285601609083208E-02 7.55480744129932800E-03 1.83746330093160631E-01 1.05160023214315604E-04 3.53915112834149361E-03
8.14129992E+00 9.17439580648902187E-02 7.57388856595633646E-03 1.84697500515922597E-01 1.05380289807988490E-04 3.56081665903057714E-03
8.15540335E+00 9.15599118659719963E-02 7.59149553658586274E-03 1.85635951750954792E-01 1.05598754674588393E-04 3.58146720009742698E-03
8.16948069E+00 9.13757876815104036E-02 7.60772172793244741E-03 1.86564268651619458E-01 1.05814817337075435E-04 3.60344262141526093E-03
8.18358330E+00 9.11909189694405237E-02 7.62261415038559351E-03 1.87485194157403418E-01 1.06026509634797434E-04 3.62529834399202226E-03
8.19776226E+00 9.10046518906619389E-02 7.63621059427803828E-03 1.88401316379292166E-01 1.06233490749931710E-04 3.64796732599223950E-03
8.21188999E+00 9.08186623035033419E-02 7.64838966013196234E-03 1.89304243914464765E-01 1.06421396186504383E-04 3.66920768962141841E-03
8.22589473E+00 9.06339196384082918E-02 7.65914773811423449E-03 1.90188792738829465E-01 1.06592853879635319E-04 3.68737864325817399E-03
8.23984409E+00 9.04495835083330424E-02 7.66862082412295490E-03 1.91058134760991205E-01 1.06745025309522011E-04 3.70338288871078277E-03
8.25380151E+00 9.02648634872426359E-02 7.67691793069112151E-03 1.91915431394093228E-01 1.06881293960906935E-04 3.71797770359638940E-03
8.26782825E+00 9.00789864599391837E-02 7.68412678466466690E-03 1.92763601211104724E-01 1.07017089080909311E-04 3.73103248693543816E-03
8.28198517E+00 8.98911686269962956E-02 7.69032128790361324E-03 1.93605300942670450E-01 1.07174107151133114E-04 3.74487570220444210E-03
8.29633455E+00 8.97005571007629260E-02 7.69554550323788607E-03 1.94443023448845370E-01 1.07334811721869245E-04 3.75832287723672004E-03
8.31069807E+00 8.95095026078731870E-02 7.69978087080946342E-03 1.95266163569518536E-01 1.07495683372657426E-04 3.77262666583761796E-03
8.32510396E+00 8.93176257584903655E-02 7.70309101603156108E-03 1.96074817082602937E-01 1.07654047606605435E-04 3.78743415360490929E-03
8.33964406E+00 8.91237099183955078E-02 7.70553204606548147E-03 1.96872848562014646E-01 1.07827386786796449E-04 3.80184089461202629E-03
8.35441389E+00 8.89264947044773463E-02 7.70713835209417206E-03 1.97664047894184625E-01 1.08001012182159996E-04 3.81475780416618785E-03
8.36923814E+00 8.87283450561142523E-02 7.70792488982178278E-03 1.98438728685148641E-01 1.08164476451610454E-04 3.82496573906699385E-03
8.38413741E+00 8.85290346838515513E-02 7.70795649760506064E-03 1.99196351326197341E-01 1.08320466907251854E-04 3.83305505856508955E-03
8.39929563E+00 8.83261477370716058E-02 7.70727939234456313E-03 1.99944296467100824E-01 1.08472771884416492E-04 3.84121585816427210E-03
8.41429670E+00 8.81252534284671235E-02 7.70594560738363521E-03 2.00663440621261263E-01 1.08610424100551964E-04 3.84763124318569490E-03
8.42889461E+00 8.79296686167576197E-02 7.70406401416426096E-03 2.01342389640366271E-01 1.08725954659648900E-04 3.85219869112168357E-03
8.44327852E+00 8.77368998008363210E-02 7.70170204641611351E-03 2.01989467984179855E-01 1.08832102607130533E-04 3.85703615443910072E-03
8.45759928E+00 8.75449469515206524E-02 7.69887243797110019E-03 2.02612003199001939E-01 1.08934253153100110E-04 3.86143098420202793E-03
8.47197534E+00 8.73522523837807208E-02 7.69553562610290811E-03 2.03215071488377974E-01 1.09039727444911055E-04 3.86530626878053883E-03
8.48632561E+00 8.71599296014661518E-02 7.69165286092468332E-03 2.03795882524361260E-01 1.09133290438516540E-04 3.86539914873680742E-03
8.50073766E+00 8.69668755238380137E-02 7.68715467030555138E-03 2.04357131875431530E-01 1.09229092134082380E-04 3.86347774625245754E-03
8.51528324E+00 8.67722019617101076E-02 7.68194989859035445E-03 2.04901441167442938E-01 1.09325670333133281E-04 3.86253008944765054E-03
8.53002133E+00 8.65751651453870591E-02 7.67590707300743868E-03 2.05430513594955955E-01 1.09414742796536864E-04 3.85919206621113250E-03
8.54492606E+00 8.63761659193448689E-02 7.66893926794561930E-03 2.05943230597511739E-01 1.09509267840843605E-04 3.85331019792127787E-03
8.55949098E+00 8.61820012905149258E-02 7.66125008907247908E-03 2.06424767887441241E-01 1.09617337371701340E-04 3.84624960796793028E-03
8.57383416E+00 8.59911237629385761E-02 7.65281404447266424E-03 2.06877632730679051E-01 1.09736488241663659E-04 3.84106471830959794E-03
8.58804390E+00 8.58023568924448227E-02 7.64358829828247748E-03 2.07306855618541175E-01 1.09849651821345974E-04 3.83537131542152935E-03
8.60218672E+00 8.56148338634166173E-02 7.63353872203514049E-03 2.07715163858330304E-01 1.09949931638297975E-04 3.82586721535178647E-03
8.61631231E+00 8.54279492227244808E-02 7.62265944461444980E-03 2.08104756296149357E-01 1.10038423501445507E-04 3.81150074072633552E-03
8.63045684E+00 8.52412976349105622E-02 7.61096072547237830E-03 2.08477249705296880E-01 1.10126352374242465E-04 3.79505377828453800E-03
8.64464579E+00 8.50545925472207670E-02 7.59841953776390147E-03 2.08833943051837667E-01 1.10201202198392535E-04 3.77660143727916132E-03
8.65879185E+00 8.48690240465841683E-02 7.58511803039722127E-03 2.09173752182285566E-01 1.10254200486753465E-04 3.75485575813232090E-03
8.67297681E+00 8.46835809555292335E-02 7.57101081051990508E-03 2.09498522623795314E-01 1.10307922737443094E-04 3.73221464999705203E-03
8.68726235E+00 8.44975016429142106E-02 7.55605330955613254E-03 2.09810462211202114E-01 1.10366883669823574E-04 3.70750498885185145E-03
8.70168985E+00 8.43102990035698857E-02 7.54024427215624175E-03 2.10110762413243252E-01 1.10422551733323587E-04 3.68041280905325677E-03
8.71628238E+00 8.41217316306634433E-02 7.52362660223686742E-03 2.10400284808865079E-01 1.10478386788805379E-04 3.65211567389118639E-03
8.73094366E+00 8.39330722361217585E-02 7.50638766186409543E-03 2.10678046884164222E-01 1.10545453860428440E-04 3.62402203582883227E-03
8.74559340E+00 8.37453482841972047E-02 7.48869864891769585E-03 2.10943109758690295E-01 1.10618168172725993E-04 3.59633069598083331E-03
8.76015751E+00 8.35594855998222225E-02 7.47071618796070046E-03 2.11195166395311995E-01 1.10682117950427035E-04 3.56868337663831820E-03
8.77454682E+00 8.33765905103088512E-02 7.45260859524545308E-03 2.11433874427662871E-01 1.10748528264421306E-04 3.54151031880340023E-03
8.78887607E+00 8.31951789295728994E-02 7.43427855446235440E-03 2.11661276454647995E-01 1.10807894661128735E-04 3.51394721023733439E-03
8.80323080E+00 8.30141597107190293E-02 7.41565741400869102E-03 2.11879860058132863E-01 1.10858228827911102E-04 3.48532129445202005E-03
8.81767168E+00 8.28327718182395312E-02 7.39671168183257937E-03 2.12091114106805922E-01 1.10901546955845972E-04 3.45478869628298600E-03
8.83223715E+00 8.26505548409600804E-02 7.37745769351768645E-03 2.12213158249226569E-01 1.10955645169556137E-04 3.42401055027182063E-03
8.84668113E+00 8.24705773760648769E-02 7.35829780771263351E-03 2.12607720992298160E-01 1.11012915642403763E-04 3.39468577227376158E-03
8.86098145E+00 8.22930805701742041E-02 7.33934727556855709E-03 2.12626637818666142E-01 1.11072236084504020E-04 3.36790775316769082E-03
8.87520923E+00 8.21171419899101168E-02 7.32057782037106967E-03 2.12901410115679035E-01 1.11125615712360550E-04 3.34112790881142862E-03
8.88944670E+00 8.19417266013770934E-02 7.30196466320315925E-03 2.12956478116215209E-01 1.11176493187367201E-04 3.31414041974485837E-03
8.90378386E+00 8.17657172600602389E-02 7.28347751817573323E-03 2.13324059077977995E-01 1.11230614835156153E-04 3.28786053267951907E-03
8.91813172E+00 8.15901814329072356E-02 7.26529485679643008E-03 2.13341057861676509E-01 1.11284815970829506E-04 3.26206828750977718E-03
8.93253929E+00 8.14144929966123809E-02 7.24739488141819526E-03 2.13589109620190815E-01 1.11343908594457993E-04 3.23686195107906506E-03
8.94708089E+00 8.12377304840526809E-02 7.22970240387867287E-03 2.13644220657353945E-01 1.11402427891153433E-04 3.21169578244372535E-03
8.96184273E+00 8.10588481462031496E-02 7.21212620044612163E-03 2.14001121974733699E-01 1.11456712705503499E-04 3.18653838979678040E-03
8.97692284E+00 8.08766733988791064E-02 7.19456188389157574E-03 2.14018865888079057E-01 1.11510469996800723E-04 3.16359806059753664E-03
8.99221407E+00 8.06925122006614953E-02 7.17711715471819767E-03 2.14271436987621355E-01 1.11570597482890329E-04 3.14218074891909087E-03
9.00724957E+00 8.05119642651283274E-02 7.16028070152768380E-03 2.14328144494901451E-01 1.11624865117856788E-04 3.12269244374477383E-03
9.02211741E+00 8.03339457195857698E-02 7.14390633404446505E-03 2.14692396735888885E-01 1.11674358827521450E-04 3.10533914359665533E-03
9.03691335E+00 8.01572954227595114E-02 7.12783462088512933E-03 2.14707827000435281E-01 1.11728448178091412E-04 3.09235230236322520E-03
9.05173685E+00 7.99808075393480949E-02 7.11186824017093471E-03 2.14949909854263155E-01 1.11764639781139046E-04 3.07840300572616819E-03
9.06642543E+00 7.98064212325031441E-02 7.09611447810993851E-03 2.15009427327958053E-01 1.11785919002671828E-04 3.06359656219475302E-03
9.08100525E+00 7.96338356899529559E-02 7.08049311503572334E-03 2.15384685078992222E-01 1.11800393237237281E-04 3.04930517602488823E-03
9.09554198E+00 7.94622784584793213E-02 7.06488964815232476E-03 2.15399196017882683E-01 1.11817410316509004E-04 3.03720696580796808E-03
9.11010869E+00 7.92908775737947019E-02 7.04918237637971144E-03 2.15644712994148030E-01 1.11821554256344148E-04 3.02504197118223968E-03
9.12478318E+00 7.91187291246073510E-02 7.03326832528391056E-03 2.15728959359187400E-01 1.11811166655605498E-04 3.01188156679743245E-03
9.13964585E+00 7.89449206043661977E-02 7.01706175702507869E-03 2.16081880257944531E-01 1.11788430067293973E-04 2.99793061532709635E-03
9.15477758E+00 7.87685452326068458E-02 7.00048294075998959E-03 2.16111472967146584E-01 1.11762006738337378E-04 2.98432302448244959E-03
9.17011437E+00 7.85903747274769582E-02 6.98360137008140897E-03 2.16438779545120918E-01 1.11750478710580947E-04 2.97190376950890942E-03
9.18546652E+00 7.84126103223164589E-02 6.96662035150088892E-03 2.16491274333920153E-01 1.11738446813026675E-04 2.95943614536044999E-03
9.20091109E+00 7.82343680227009647E-02 6.94946752849133313E-03 2.16885400091972880E-01 1.11708733561332116E-04 2.94597422512218486E-03
9.21653226E+00 7.80547071738152687E-02 6.93207676911133594E-03 2.16918858745004106E-01 1.11662183890077308E-04 2.93148607078704470E-03
9.23207724E+00 7.78765523581580188E-02 6.91476159131649334E-03 2.17283548635253926E-01 1.11606413214503062E-04 2.91657351481319207E-03
9.24749917E+00 7.77004379989504890E-02 6.89761159470383273E-03 2.17335087010226302E-01 1.11548376746004006E-04 2.90160817033032099E-03
9.26286162E+00 7.75256309923436637E-02 6.88058771067789551E-03 2.17742933880632983E-01 1.11491404767695510E-04 2.88670330713390860E-03
9.27822917E+00 7.73513939102467296E-02 6.86365036234089839E-03 2.17778662145495600E-01 1.11424661842711924E-04 2.87119423249591063E-03
9.29366567E+00 7.71770094803771733E-02 6.84676982088112777E-03 2.18162909068406657E-01 1.11346976190852004E-04 2.85490483559577108E-03
9.30923317E+00 7.70017902550419187E-02 6.82992429857881729E-03 2.18214828175264275E-01 1.11267831032677220E-04 2.83854904782008784E-03
9.32478627E+00 7.68273637565802664E-02 6.81330492360993512E-03 2.18635908857484879E-01 1.11192593380776876E-04 2.82288831259577865E-03
9.34016142E+00 7.66555226257878558E-02 6.79710160744151099E-03 2.18677997807064900E-01 1.11127683075179992E-04 2.80825431270626457E-03
9.35538039E+00 7.64859749104958159E-02 6.78129803725075093E-03 2.19066761763139606E-01 1.11062796579701914E-04 2.79415098078062080E-03
9.37052475E+00 7.63177811531429579E-02 6.76582284244484598E-03 2.19117781828743807E-01 1.10997051907161113E-04 2.78023888070885652E-03
9.38567199E+00 7.61500651082272634E-02 6.75061809023120435E-03 2.19532644373108571E-01 1.10945166378065272E-04 2.76685928994285964E-03
9.40089532E+00 7.59820053677369850E-02 6.73563295459726416E-03 2.19575517910864715E-01 1.10899008334577179E-04 2.75369352151000855E-03
9.41626345E+00 7.58128380281831438E-02 6.72083029062061233E-03 2.19966922756272693E-01 1.10833021732890933E-04 2.73925538092461901E-03
9.43184049E+00 7.56418714732426251E-02 6.70619945142275284E-03 2.20036817103493321E-01 1.10752702418246858E-04 2.72398668375093073E-03
9.44765633E+00 7.54687984960770858E-02 6.69176697262336036E-03 2.20426938874057732E-01 1.10661225780586464E-04 2.70898209617986656E-03
9.46348935E+00 7.52960437452368236E-02 6.67775467761991259E-03 2.20499427202238696E-01 1.10560247314124772E-04 2.69402634156408602E-03
9.47933487E+00 7.51236519448145595E-02 6.66416586672842655E-03 2.20891838837882548E-01 1.10455330547145792E-04 2.67877942474734499E-03
9.49516634E+00 7.49519123255592834E-02 6.65102887967442338E-03 2.20960368529339007E-01 1.10357615988205865E-04 2.66458316077836837E-03
9.51102394E+00 7.47803832486267778E-02 6.63830898724763942E-03 2.21344779131493086E-01 1.10262556668133080E-04 2.65149921880240792E-03
9.52691636E+00 7.46089656972633158E-02 6.62599757136912194E-03 2.21414018318932954E-01 1.10174836770328990E-04 2.63862365005355882E-03
9.54282972E+00 7.44378102929380697E-02 6.61410799060460890E-03 2.21793459140638888E-01 1.10093955260680390E-04 2.62578865938923245E-03
9.55876761E+00 7.42668826282635863E-02 6.60264132040819934E-03 2.21844531010239293E-01 1.09997565611663595E-04 2.61257865348549310E-03
9.57473400E+00 7.40961535088657530E-02 6.59160261817650847E-03 2.22251013465654845E-01 1.09887078791891252E-04 2.59931407411814058E-03
9.59073300E+00 7.39255894727467583E-02 6.58099075195337294E-03 2.22290810658147681E-01 1.09782309831440005E-04 2.58736096196126707E-03
9.60676873E+00 7.37551404487357537E-02 6.57078560766511440E-03 2.22655154762163437E-01 1.09682449151769703E-04 2.57617014459664111E-03
9.62284510E+00 7.35847551918701881E-02 6.56096850742639119E-03 2.22703840129434311E-01 1.09598065169882515E-04 2.56530785171257564E-03
9.63896563E+00 7.34143861359292937E-02 6.55153024801544137E-03 2.23087333885256922E-01 1.09527485891626627E-04 2.55486425335938209E-03
9.65513340E+00 7.32439879079201800E-02 6.54246856575087243E-03 2.23124382822694839E-01 1.09449873815922115E-04 2.54426006968617134E-03
9.67135094E+00 7.30735282167309791E-02 6.53379065925705372E-03 2.23461422234172147E-01 1.09377846116829859E-04 2.53407540025340008E-03
9.68762028E+00 7.29029751355014799E-02 6.52550189677813738E-03 2.23507348006719314E-01 1.09314451445833858E-04 2.52508060531870257E-03
9.70391610E+00 7.27325746311466570E-02 6.51761176006251421E-03 2.23860573866735107E-01 1.09253253926974898E-04 2.51675243779300381E-03
9.72020127E+00 7.25627020394779831E-02 6.51013071305752995E-03 2.23893694078755118E-01 1.09196873129253349E-04 2.50911546635332544E-03
9.73647938E+00 7.23933083787525883E-02 6.50304021389882300E-03 2.24192788510544000E-01 1.09141701442359374E-04 2.50195391642692600E-03
9.75275443E+00 7.22243405697247931E-02 6.49631148528297293E-03 2.24234472532509138E-01 1.09093500125132951E-04 2.49484436752353241E-03
9.76903062E+00 7.20557454058265989E-02 6.48990544200525685E-03 2.24545422871703509E-01 1.09042856506612668E-04 2.48724638649397249E-03
9.78531212E+00 7.18874761554741115E-02 6.48377999416372384E-03 2.24570934967166874E-01 1.09006560689950299E-04 2.48036528293540037E-03
9.80160298E+00 7.17194746907090508E-02 6.47787751673717035E-03 2.24828424105096347E-01 1.08978345507278318E-04 2.47421159972734421E-03
9.81790699E+00 7.15516829468338944E-02 6.47213853259855088E-03 2.24863666530086798E-01 1.08961034764124294E-04 2.46885989974009786E-03
9.83422760E+00 7.13840456392842437E-02 6.46650395762320227E-03 2.25121860696229165E-01 1.08939468767317696E-04 2.46398526238255592E-03
9.85056793E+00 7.12165149357289751E-02 6.46092117378695846E-03 2.25143316817671774E-01 1.08916781358578071E-04 2.45916769591676384E-03
9.86693074E+00 7.10490514067793344E-02 6.45534519872732575E-03 2.25351051774876049E-01 1.08899302230406190E-04 2.45424005066089031E-03
9.88331846E+00 7.08816240771382028E-02 6.44973932831699372E-03 2.25376898272363513E-01 1.08901323053636149E-04 2.44973507502268010E-03
9.89973324E+00 7.07141950345921283E-02 6.44406734649781519E-03 2.25582090049928935E-01 1.08898386871026642E-04 2.44458414756929887E-03
9.91617705E+00 7.05467406773181704E-02 6.43830838017963539E-03 2.25597390980859430E-01 1.08897723221542981E-04 2.43886761680976640E-03
9.93265174E+00 7.03792406786326874E-02 6.43245037897657683E-03 2.25741416266979605E-01 1.08900668984814408E-04 2.43319848644258209E-03
9.94915914E+00 7.02116688240853604E-02 6.42648409648203991E-03 2.25763477085742736E-01 1.08909306370650932E-04 2.42754232551864544E-03
9.96570123E+00 7.00439961313860660E-02 6.42040777410333389E-03 2.25911082614627889E-01 1.08918416772911175E-04 2.42190031638320072E-03
9.98228021E+00 6.98761886465723292E-02 6.41422713487254433E-03 2.25919963278227165E-01 1.08918702308891655E-04 2.41603485218407944E-03
9.99889866E+00 6.97082134907118234E-02 6.40795815139720819E-03 2.25953508415115800E-01 1.08909161365876428E-04 2.40983991767393163E-03
1.00155596E+01 6.95400378218024168E-02 6.40162646833648818E-03 2.26089792622403724E-01 1.08891447572178983E-04 2.40330603702166483E-03
1.00322667E+01 6.93716231251048504E-02 6.39526178309015626E-03 2.26083110591390080E-01 1.08867914554448353E-04 2.39617736608227884E-03
1.00490243E+01 6.92029298930421505E-02 6.38889545199207345E-03 2.26082001882911859E-01 1.08838196343848492E-04 2.38829833709875827E-03
1.00658372E+01 6.90339152794918476E-02 6.38256093810773712E-03 2.26095214846098957E-01 1.08820676461885915E-04 2.38093743790452955E-03
1.00827113E+01 6.88645155546368098E-02 6.37627716995891464E-03 2.26118430542230547E-01 1.08812248460091640E-04 2.37452249068446268E-03
1.00996529E+01 6.86946526644050953E-02 6.37005152915681629E-03 2.26139661573575068E-01 1.08813587108466190E-04 2.36944661968070854E-03
1.01166690E+01 6.85242388171917044E-02 6.36388563717495744E-03 2.26147259728877337E-01 1.08816109964586749E-04 2.36468541048365276E-03
1.01337671E+01 6.83531909829920986E-02 6.35779285166047231E-03 2.26135493325451215E-01 1.08810009446662335E-04 2.35990548613639571E-03
1.01509553E+01 6.81814306396782144E-02 6.35179613433747240E-03 2.26102102528516397E-01 1.08798017342003631E-04 2.35502185551231084E-03
1.01682419E+01 6.80088756804962252E-02 6.34592211558430812E-03 2.26039589513786415E-01 1.08797189387135323E-04 2.35012331452510905E-03
1.01856352E+01 6.78354406637591834E-02 6.34019604933208896E-03 2.26011025902706608E-01 1.08795175943360309E-04 2.34499203155835376E-03
1.02030848E+01 6.76616249218282562E-02 6.33466015220373203E-03 2.25970115799040777E-01 1.08764956165677116E-04 2.33915296214132987E-03
1.02205909E+01 6.74874359093634024E-02 6.32934855957172603E-03 2.25893132242231814E-01 1.08731820019482574E-04 2.33335138606697700E-03
1.02378065E+01 6.73163078360712458E-02 6.32437408322046417E-03 2.25851559666144008E-01 1.08692387368845410E-04 2.32768977786608185E-03
1.02548481E+01 6.71470675979527198E-02 6.31970457038919659E-03 2.25709787509899340E-01 1.08665363616492877E-04 2.32361344177887605E-03
1.02718302E+01 6.69785520750314362E-02 6.31529991493853804E-03 2.25712289768575547E-01 1.08641880672346591E-04 2.32054932652084192E-03
1.02888668E+01 6.68096112764635791E-02 6.31112401360258476E-03 2.25680685776110029E-01 1.08622166311655180E-04 2.31879186399089028E-03
1.03060729E+01 6.66390847892823907E-02 6.30713375407182530E-03 2.25472501777709833E-01 1.08607267550822953E-04 2.31783416948805419E-03
1.03233787E+01 6.64676436539713422E-02 6.30332778721831750E-03 2.25468326065649954E-01 1.08605411480197959E-04 2.31735373686348719E-03
1.03405267E+01 6.62978159244787535E-02 6.29973327284224800E-03 2.25400150786531556E-01 1.08594393149031421E-04 2.31626065962957112E-03
1.03576351E+01 6.61284278331596975E-02 6.29630735109662151E-03 2.25190608755100830E-01 1.08583468241040424E-04 2.31462065697959039E-03
1.03748199E+01 6.59583391694604920E-02 6.29301308109772670E-03 2.25184766431338501E-01 1.08573503288463062E-04 2.31275338391075331E-03
1.03921602E+01 6.57867701742975708E-02 6.28981269531462238E-03 2.25043941155804866E-01 1.08572901730120969E-04 2.31116531940887522E-03
1.04094167E+01 6.56160771163135925E-02 6.28670750312181580E-03 2.25006844060596511E-01 1.08582139705191695E-04 2.30977387715838997E-03
1.04266685E+01 6.54454717077996018E-02 6.28363712344365884E-03 2.24765780199479237E-01 1.08597508837551362E-04 2.30939151431538460E-03
1.04439060E+01 6.52750417364489355E-02 6.28054628725907733E-03 2.24760132830846948E-01 1.08605528147728603E-04 2.30934762584492125E-03
1.04611454E+01 6.51046300823879265E-02 6.27737894753476345E-03 2.24610505242295755E-01 1.08623070585292921E-04 2.31070828732314864E-03
1.04785536E+01 6.49325873288361111E-02 6.27404181039037129E-03 2.24570913243303222E-01 1.08635497652909000E-04 2.31164305957141459E-03
1.04959255E+01 6.47609502266713599E-02 6.27051670098004860E-03 2.24314574667893146E-01 1.08649485112827942E-04 2.31236215517747513E-03
1.05132218E+01 6.45901221636428213E-02 6.26676209813026297E-03 2.24310171125908536E-01 1.08667186829074192E-04 2.31280123944445836E-03
1.05305417E+01 6.44191452741758874E-02 6.26271091880317796E-03 2.24161829929724526E-01 1.08672448389204773E-04 2.31273339835505291E-03
1.05479905E+01 6.42470044182308353E-02 6.25829032035389501E-03 2.24105763372343808E-01 1.08666149218082219E-04 2.31235872872241448E-03
1.05656824E+01 6.40726021479466196E-02 6.25341540358229000E-03 2.23877134023836882E-01 1.08645914286749934E-04 2.31140096150897478E-03
1.05833093E+01 6.38990014206376883E-02 6.24811857826635363E-03 2.23865343457241600E-01 1.08637759396958033E-04 2.31048419009144065E-03
1.06009722E+01 6.37252316251457063E-02 6.24233148726592840E-03 2.23688460507804082E-01 1.08639122508604594E-04 2.30984773163201654E-03
1.06186749E+01 6.35512754718133704E-02 6.23601326929076535E-03 2.23658151632891711E-01 1.08643199884135688E-04 2.30894251893741130E-03
1.06365410E+01 6.33759426426833417E-02 6.22908634602076586E-03 2.23432413860497003E-01 1.08642364407391884E-04 2.30783761369100348E-03
1.06545577E+01 6.31993800659766819E-02 6.22152253025759668E-03 2.23421191176578465E-01 1.08626667427496096E-04 2.30526039014779900E-03
1.06726075E+01 6.30227715631478252E-02 6.21336538811169577E-03 2.23250867076063092E-01 1.08595744784512464E-04 2.30111825690587071E-03
1.06907700E+01 6.28453793710048031E-02 6.20459052324048334E-03 2.23222637690388886E-01 1.08554882312874012E-04 2.29599761562283324E-03
1.07091460E+01 6.26662627848731668E-02 6.19515387069150165E-03 2.23010727131710523E-01 1.08519739717248578E-04 2.29151467901557481E-03
1.07276187E+01 6.24865842188311454E-02 6.18510549116825601E-03 2.23001088231940287E-01 1.08500978866913898E-04 2.28839838097960342E-03
1.07461853E+01 6.23063840423246987E-02 6.17444055497087894E-03 2.22847465418417268E-01 1.08479556801916859E-04 2.28518232928860308E-03
1.07649298E+01 6.21248682591218349E-02 6.16312285980266487E-03 2.22822229500722918E-01 1.08460207940930115E-04 2.28143494316065043E-03
1.07840143E+01 6.19405002570610833E-02 6.15107017984542741E-03 2.22633662043770053E-01 1.08445820531840359E-04 2.27732454855308648E-03
1.08030712E+01 6.17568437949114063E-02 6.13852991298880803E-03 2.22627059786836667E-01 1.08417925162074014E-04 2.27233291809342264E-03
1.08222138E+01 6.15728284696777164E-02 6.12546591883054471E-03 2.22503939696403918E-01 1.08372145278977106E-04 2.26639211873215334E-03
1.08411016E+01 6.13917368579506226E-02 6.11215015262029336E-03 2.22486026175482826E-01 1.08314269234983720E-04 2.26065257825250419E-03
1.08599044E+01 6.12119452775621922E-02 6.09850260155161018E-03 2.22335752263805420E-01 1.08252943736301637E-04 2.25453354807254218E-03
1.08787973E+01 6.10317988027939823E-02 6.08442281566162844E-03 2.22335596537449692E-01 1.08195555523497879E-04 2.24819913479632578E-03
1.08979683E+01 6.08495354064307395E-02 6.06977943010905598E-03 2.22308421429521508E-01 1.08136896343863644E-04 2.24177161230352823E-03
1.09173089E+01 6.06662182747626719E-02 6.05464858380123493E-03 2.22161062906990114E-01 1.08085577136902972E-04 2.23556376333451743E-03
1.09366544E+01 6.04834269327543805E-02 6.03914988562675656E-03 2.22172981294482680E-01 1.08032608505085416E-04 2.22862826042020132E-03
1.09560086E+01 6.03011461206732491E-02 6.02328650189061596E-03 2.22173566250444543E-01 1.07982411744848988E-04 2.22063315695892206E-03
1.09753742E+01 6.01193753787668678E-02 6.00706834793744184E-03 2.22150938730886871E-01 1.07924423612004407E-04 2.21175981821566730E-03
1.09946872E+01 5.99387392718159218E-02 5.99055923305262614E-03 2.22100501992780031E-01 1.07852415192841191E-04 2.20256860058777809E-03
1.10139595E+01 5.97591431320698557E-02 5.97375597387146424E-03 2.22083850260921867E-01 1.07760595292148066E-04 2.19310170677693757E-03
1.10332049E+01 5.95804812326118857E-02 5.95665477404519039E-03 2.22077865766432292E-01 1.07653925677294752E-04 2.18325487757947993E-03
1.10524393E+01 5.94026306107433358E-02 5.93925103750937797E-03 2.22083975664398553E-01 1.07547088239244747E-04 2.17327421790184869E-03
1.10716809E+01 5.92254390036297609E-02 5.92153914092647705E-03 2.22100536225631917E-01 1.07445011153568316E-04 2.16322820394707375E-03
1.10909512E+01 5.90487175845147427E-02 5.90351155214749630E-03 2.22124521282714371E-01 1.07341583850957504E-04 2.15267400930393982E-03
1.11102752E+01 5.88722468390429285E-02 5.88516408534844795E-03 2.22155702780877318E-01 1.07219774790718282E-04 2.14050526408706169E-03
1.11296817E+01 5.86957881189257291E-02 5.86650640011560434E-03 2.22188742040912907E-01 1.07082533731472446E-04 2.12681275101978939E-03
1.11491797E+01 5.85192869755546893E-02 5.84757723727724176E-03 2.22224156491086511E-01 1.06939472949799360E-04 2.11222065011864614E-03
1.11686799E+01 5.83435642115267411E-02 5.82851057891272707E-03 2.22263910279527965E-01 1.06812767847090211E-04 2.09783913792546640E-03
1.11882223E+01 5.81682516834650248E-02 5.80930540903452398E-03 2.22322047353652991E-01 1.06698961436138968E-04 2.08370556264941961E-03
1.12078506E+01 5.79929438357328700E-02 5.78995604401165518E-03 2.22361718619549398E-01 1.06589848552775157E-04 2.06978371730433220E-03
1.12276117E+01 5.78172083286411717E-02 5.77045493427393811E-03 2.22422942456767775E-01 1.06478745842900901E-04 2.05573204616387980E-03
1.12475369E+01 5.76407635673310964E-02 5.75081756588113543E-03 2.22466433883376419E-01 1.06365173053287848E-04 2.04168451988893896E-03
1.12674911E+01 5.74647914690212813E-02 5.73122450606878154E-03 2.22584815403419539E-01 1.06244939307567241E-04 2.02759928004793769E-03
1.12874975E+01 5.72890674181693732E-02 5.71170307463914582E-03 2.22588431857105973E-01 1.06120919221421386E-04 2.01340575943286535E-03
1.13075884E+01 5.71132870146662114E-02 5.69227577654968838E-03 2.22609001201164641E-01 1.06006590901498780E-04 1.99924879707253592E-03
1.13277172E+01 5.69378316448663421E-02 5.67303953195803616E-03 2.22725604097152557E-01 1.05901572819593829E-04 1.98483904942989980E-03
1.13478212E+01 5.67632158122038516E-02 5.65410556940891106E-03 2.22739990372881919E-01 1.05786950503826302E-04 1.97038783845072604E-03
1.13679593E+01 5.65888971937012000E-02 5.63546755830149348E-03 2.22771731004893614E-01 1.05657783614728100E-04 1.95633040181492036E-03
1.13881677E+01 5.64145355911951293E-02 5.61713333907347488E-03 2.22833405790681810E-01 1.05520331173341943E-04 1.94292475126590903E-03
1.14084010E+01 5.62404974064734317E-02 5.59917499522014431E-03 2.22873858977814060E-01 1.05385536591746657E-04 1.93031941658435057E-03
1.14286774E+01 5.60666059297842342E-02 5.58159956958344684E-03 2.22908801885636609E-01 1.05270096468526621E-04 1.91848709757777677E-03
1.14490191E+01 5.58926525861442591E-02 5.56440258440217463E-03 2.22931681498721584E-01 1.05159745350734543E-04 1.90706787228170577E-03
1.14694519E+01 5.57184073810260139E-02 5.54757299595113641E-03 2.22944319903716187E-01 1.05032332250563589E-04 1.89557822198993509E-03
1.14900045E+01 5.55436328169648386E-02 5.53109923849733152E-03 2.22945753683034348E-01 1.04897796786518365E-04 1.88381764018460680E-03
1.15107080E+01 5.53680822234434364E-02 5.51496332416150873E-03 2.22935798773250510E-01 1.04779301942293563E-04 1.87235857841988509E-03
1.15315949E+01 5.51914947860380478E-02 5.49913199815039045E-03 2.22911291382763610E-01 1.04666238298130771E-04 1.86113253210090559E-03
1.15526985E+01 5.50136110008359533E-02 5.48356377365931923E-03 2.22862171445619095E-01 1.04557573054454281E-04 1.85023988210052007E-03
1.15740343E+01 5.48343300592829264E-02 5.46822322010851163E-03 2.22817526029650825E-01 1.04443788843080934E-04 1.83965277110998077E-03
1.15953738E+01 5.46555912259432120E-02 5.45323512840139961E-03 2.22764775550496064E-01 1.04316913361126649E-04 1.82908311731187398E-03
1.16167913E+01 5.44767951782635304E-02 5.43850540663835640E-03 2.22638983721705153E-01 1.04209704847336683E-04 1.81921121143634569E-03
1.16382527E+01 5.42982356097236538E-02 5.42400161162812870E-03 2.22634208283622653E-01 1.04122127550029082E-04 1.81005028678311191E-03
1.16597683E+01 5.41198313619468963E-02 5.40965645845527081E-03 2.22483269399113198E-01 1.04030127720048532E-04 1.80061200587166583E-03
1.16813612E+01 5.39414145193180053E-02 5.39540905911491814E-03 2.22453794941782440E-01 1.03929490533333978E-04 1.79056920761299981E-03
1.17030569E+01 5.37628050250624281E-02 5.38121027700881951E-03 2.22202294233578374E-01 1.03823370173832964E-04 1.78013097049120432E-03
1.17247792E+01 5.35846551814492186E-02 5.36708348602584796E-03 2.22189997885402002E-01 1.03726294239739848E-04 1.76978979060694029E-03
1.17465833E+01 5.34065249327474456E-02 5.35296988015040304E-03 2.21951823539819071E-01 1.03634792282546336E-04 1.75973416906060709E-03
1.17686610E+01 5.32268702002591035E-02 5.33872831729793277E-03 2.21899020107758971E-01 1.03541301150577610E-04 1.74973040342198474E-03
1.17909194E+01 5.30464669229316413E-02 5.32440006574189193E-03 2.21604519714719755E-01 1.03443919394365400E-04 1.73976442850420129E-03
1.18131921E+01 5.28666647205882981E-02 5.31006880465498092E-03 2.21557398157057855E-01 1.03369627712520572E-04 1.73069742533364917E-03
1.18354824E+01 5.26874224852470763E-02 5.29569524781137255E-03 2.21245978715349956E-01 1.03304471967140390E-04 1.72192339918116792E-03
1.18577946E+01 5.25087038484380528E-02 5.28124532963485972E-03 2.21134632590437891E-01 1.03245410737236762E-04 1.71364401082114677E-03
1.18801331E+01 5.23304739659639362E-02 5.26668351945621793E-03 2.20911772398478007E-01 1.03176720554696275E-04 1.70556517948073348E-03
1.19025014E+01 5.21527065670475201E-02 5.25197690052430291E-03 2.20710734642052125E-01 1.03105409749752733E-04 1.69744025566990640E-03
1.19249024E+01 5.19753864254580075E-02 5.23709895859634286E-03 2.20496676587847440E-01 1.03034242120458397E-04 1.68908368955858652E-03
1.19473376E+01 5.17985056248387796E-02 5.22202882219709348E-03 2.20279214047903849E-01 1.02944894808720334E-04 1.67997508857257007E-03
1.19698076E+01 5.16220728902025139E-02 5.20675979957856486E-03 2.20056359260287049E-01 1.02846871996842257E-04 1.67045771564874792E-03
1.19923126E+01 5.14460969895554482E-02 5.19128526046946231E-03 2.19828958156230020E-01 1.02742049103473132E-04 1.66039989034218204E-03
1.20148536E+01 5.12705847165018727E-02 5.17560360135093864E-03 2.19597338982112589E-01 1.02633657294147704E-04 1.65005913617533202E-03
1.20374331E+01 5.10955292350963527E-02 5.15971077074626160E-03 2.19361836354526357E-01 1.02527785345660346E-04 1.63989299220268503E-03
1.20600564E+01 5.09208976230365803E-02 5.14359494945810548E-03 2.19122778912581945E-01 1.02414661605754623E-04 1.63012780758695205E-03
1.20827329E+01 5.07466263203454337E-02 5.12723946275113820E-03 2.18880354705197122E-01 1.02308621070718573E-04 1.62083420455743396E-03
1.21054769E+01 5.05726151713138741E-02 5.11062143521341661E-03 2.18634729102028025E-01 1.02199474928553951E-04 1.61181200420184266E-03
1.21282266E+01 5.03993466118637795E-02 5.09377333155371440E-03 2.18387035916434075E-01 1.02092168310193078E-04 1.60302041161985574E-03
1.21509461E+01 5.02270991704473549E-02 5.07671059935854360E-03 2.18138012539245724E-01 1.01989235162540295E-04 1.59455593841474922E-03
1.21736471E+01 5.00557870584617745E-02 5.05941307664010617E-03 2.17887850105562525E-01 1.01890966503503575E-04 1.58636960815254158E-03
1.21963438E+01 4.98853040618713953E-02 5.04185698657342533E-03 2.17636741946413803E-01 1.01788981009411775E-04 1.57797520964647088E-03
1.22190536E+01 4.97155321986918128E-02 5.02402140344722619E-03 2.17385040749421582E-01 1.01668830074683959E-04 1.56925094743611947E-03
1.22417959E+01 4.95463421777222676E-02 5.00588483233263114E-03 2.17133055779769713E-01 1.01529710591518064E-04 1.56016035747052789E-03
1.22645921E+01 4.93775945340707914E-02 4.98742389839337916E-03 2.16881090260915066E-01 1.01394990018939210E-04 1.55103180783850336E-03
1.22874648E+01 4.92091354922651811E-02 4.96860701496520778E-03 2.16629542209779175E-01 1.01256446959862046E-04 1.54163527820331625E-03
1.23103236E+01 4.90416396123103532E-02 4.94949628726095575E-03 2.16380234639975272E-01 1.01115061681990960E-04 1.53219333206638638E-03
1.23331695E+01 4.88751085444139935E-02 4.93008248168664079E-03 2.16133882716936315E-01 1.00970670559043924E-04 1.52263607354097275E-03
1.23560446E+01 4.87092432803681655E-02 4.91032274900718175E-03 2.15890625669112768E-01 1.00825310720823282E-04 1.51287091500610748E-03
1.23789953E+01 4.85437216259362314E-02 4.89017214262892509E-03 2.15650801247490365E-01 1.00690734032823090E-04 1.50316923593744618E-03
1.24020695E+01 4.83782117968436995E-02 4.86958412376336733E-03 2.15414851962731607E-01 1.00567163730241714E-04 1.49343213232095741E-03
1.24253150E+01 4.82123827875861471E-02 4.84851534376025493E-03 2.15183307461635109E-01 1.00426712907167494E-04 1.48318499875861078E-03
1.24487779E+01 4.80459288122160946E-02 4.82693545280357163E-03 2.14956768310528901E-01 1.00284708425984464E-04 1.47278718404624757E-03
1.24722222E+01 4.78805279792262964E-02 4.80507346645326575E-03 2.14738886849804717E-01 1.00136411175236062E-04 1.46230970714983041E-03
1.24955331E+01 4.77169773496823532E-02 4.78305990101321812E-03 2.14531662148153612E-01 9.99689987667713839E-05 1.45151711514617822E-03
1.25187628E+01 4.75548998480318993E-02 4.76088019971244222E-03 2.14335012653128543E-01 9.97903173448975035E-05 1.44075709135820440E-03
1.25419643E+01 4.73939163677129099E-02 4.73851497044016409E-03 2.14149103315334099E-01 9.96106191050953588E-05 1.42987611096070943E-03
1.25651909E+01 4.72336524418819279E-02 4.71594661269329231E-03 2.13974214173318023E-01 9.94332349166288283E-05 1.41875595087927880E-03
1.25884952E+01 4.70737415741302803E-02 4.69316367739025520E-03 2.13810746989549910E-01 9.92620910243536219E-05 1.40774467954541673E-03
1.26119280E+01 4.69138287667587861E-02 4.67015647264379732E-03 2.13659209890770391E-01 9.90898908367109842E-05 1.39645543398956304E-03
1.26355379E+01 4.67535880080678715E-02 4.64692802590433145E-03 2.13520191057240183E-01 9.89241004517971660E-05 1.38500651847563053E-03
1.26591643E+01 4.65941051808856990E-02 4.62368900331211561E-03 2.13395665906654208E-01 9.87720189970776424E-05 1.37382016658395951E-03
1.26827285E+01 4.64358907958479505E-02 4.60056388361366770E-03 2.13286598870090049E-01 9.86118183364168000E-05 1.36230114078256855E-03
1.27062898E+01 4.62785341476000742E-02 4.57754736047419342E-03 2.13192875252240038E-01 9.84474400181416075E-05 1.35050302710466147E-03
1.27299044E+01 4.61216534732660915E-02 4.55463391892542251E-03 2.13144121422456839E-01 9.82760330887335682E-05 1.33832941315613937E-03
1.27536248E+01 4.59649010158238239E-02 4.53181919648367251E-03 2.13011883281007619E-01 9.81056949277275147E-05 1.32591998269461432E-03
1.27774915E+01 4.58080123889299043E-02 4.50910801537464639E-03 2.13005391405243494E-01 9.79537218443211622E-05 1.31411798366203622E-03
1.28014074E+01 4.56516169200855415E-02 4.48661783608873127E-03 2.12991946828193668E-01 9.78235069949421650E-05 1.30321729979810601E-03
1.28253839E+01 4.54956212047485861E-02 4.46434910816220863E-03 2.12972218729832019E-01 9.77050096003461804E-05 1.29296458966528770E-03
1.28494298E+01 4.53399562048820912E-02 4.44230079206253854E-03 2.12957266697612196E-01 9.75857815954766215E-05 1.28292897894748711E-03
1.28735511E+01 4.51845826667025829E-02 4.42047480874178337E-03 2.12960718769616503E-01 9.74599555183326189E-05 1.27267724570944612E-03
1.28976973E+01 4.50298305910400154E-02 4.39892223331778305E-03 2.13067298850062925E-01 9.73284851733175783E-05 1.26227527434320005E-03
1.29218731E+01 4.48756723974354371E-02 4.37763424595804824E-03 2.13067131457125164E-01 9.72018172811915416E-05 1.25198623405887457E-03
1.29460856E+01 4.47220593525352317E-02 4.35658524907157983E-03 2.13187902714716160E-01 9.70722924158550881E-05 1.24156391146458848E-03
1.29703402E+01 4.45689617335750729E-02 4.33574911204530952E-03 2.13250482692498411E-01 9.69435412690346622E-05 1.23108401923589512E-03
1.29946410E+01 4.44163620738326909E-02 4.31509952020191299E-03 2.13366346439198162E-01 9.68086235551008766E-05 1.22047186683501359E-03
1.30189909E+01 4.42642525301169681E-02 4.29461057790648908E-03 2.13487327943374050E-01 9.66645542263191705E-05 1.20984391071984844E-03
1.30433923E+01 4.41126298536847344E-02 4.27425636980715336E-03 2.13625844912468360E-01 9.65159803893764185E-05 1.19911272429486151E-03
1.30678474E+01 4.39614940281516861E-02 4.25401290367060075E-03 2.13777836561840517E-01 9.63591312240352630E-05 1.18826628013463781E-03
1.30923585E+01 4.38108429616365716E-02 4.23385661636322373E-03 2.13943296253079507E-01 9.61942695885292559E-05 1.17746520231637474E-03
1.31169286E+01 4.36606671512672143E-02 4.21376172250843145E-03 2.14121198959589865E-01 9.60275095201109112E-05 1.16686494984061728E-03
1.31415611E+01 4.35109518943548323E-02 4.19370243732929051E-03 2.14310642487094583E-01 9.58658264114671901E-05 1.15646555194572043E-03
1.31662224E+01 4.33619053958118894E-02 4.17368576881979071E-03 2.14510391875487566E-01 9.57077630823184269E-05 1.14614167163075388E-03
1.31909187E+01 4.32134922035820740E-02 4.15369100830728036E-03 2.14719410507228536E-01 9.55551528524082640E-05 1.13604703787732091E-03
1.32156570E+01 4.30656730686948680E-02 4.13369928668867910E-03 2.14936773700619171E-01 9.53989971612776864E-05 1.12593472811022715E-03
1.32404445E+01 4.29184102093573411E-02 4.11369852872621282E-03 2.15161562596849543E-01 9.52307545250651434E-05 1.11580594243009977E-03
1.32652892E+01 4.27716644399890877E-02 4.09368053082876694E-03 2.15392927990064931E-01 9.50584274083997798E-05 1.10586576330722682E-03
1.32901989E+01 4.26253918478646243E-02 4.07363669968117178E-03 2.15630092517927835E-01 9.48889129726031744E-05 1.09637385622403925E-03
1.33151813E+01 4.24795467370032848E-02 4.05355629389786594E-03 2.15872372255067113E-01 9.47150273677785116E-05 1.08673031842744451E-03
1.33402436E+01 4.23340951147495245E-02 4.03344174958881769E-03 2.16119142607598180E-01 9.45381167630602210E-05 1.07688292465712141E-03
1.33653918E+01 4.21890107430122271E-02 4.01330227783000190E-03 2.16369892365876587E-01 9.43582724963294223E-05 1.06686816906607831E-03
1.33906312E+01 4.20442729991769293E-02 3.99314893177595345E-03 2.16624205343460996E-01 9.41748730329938218E-05 1.05669871966173907E-03
1.34159655E+01 4.18998659703682871E-02 3.97299317421671589E-03 2.16881762853742777E-01 9.39887510521646152E-05 1.04647593888390405E-03
1.34413976E+01 4.17557784209696345E-02 3.95284744954331035E-03 2.17142399199023034E-01 9.38052278490862786E-05 1.03646571751091340E-03
1.34669296E+01 4.16119982299454072E-02 3.93272216972419871E-03 2.17406083980339837E-01 9.36255227452788388E-05 1.02689928324639721E-03
1.34925636E+01 4.14685095687605809E-02 3.91262472674802023E-03 2.17672907991492692E-01 9.34484630258046185E-05 1.01756054649161111E-03
1.35182336E+01 4.13256747493983001E-02 3.89261724401805502E-03 2.17942426559442515E-01 9.32765007134760317E-05 1.00837912443396140E-03
1.35438288E+01 4.11840962010217790E-02 3.87279793713882214E-03 2.18213820628419930E-01 9.31005878046096735E-05 9.99289783154829392E-04
1.35693641E+01 4.10436768414962835E-02 3.85317092349906493E-03 2.18487538198067405E-01 9.29169448513552531E-05 9.90260857646196001E-04
1.35948538E+01 4.09043262498106977E-02 3.83374384336794896E-03 2.18764226322496119E-01 9.27319062833988490E-05 9.81334412721492121E-04
1.36203008E+01 4.07660168647903942E-02 3.81453330984460369E-03 2.19044530513353791E-01 9.25405952922484296E-05 9.72453345357901424E-04
1.36457036E+01 4.06287467948263578E-02 3.79555875363442926E-03 2.19329108219366520E-01 9.23538885740131854E-05 9.63730376640269744E-04
1.36710965E+01 4.04923203453339681E-02 3.77681107036012629E-03 2.19619055336265245E-01 9.21725752496825622E-05 9.55082330286823934E-04
1.36965134E+01 4.03565467943020131E-02 3.75828229594455353E-03 2.19915585272853764E-01 9.19970293210891293E-05 9.46527485402691199E-04
1.37219713E+01 4.02213298520328819E-02 3.73997643300922689E-03 2.20219828059859152E-01 9.18217493983438499E-05 9.38101038822562673E-04
1.37472017E+01 4.00880759442577145E-02 3.72209512515227258E-03 2.20529679209181900E-01 9.16503302773357726E-05 9.30017488370820018E-04
1.37722104E+01 3.99567239071482588E-02 3.70463600438270153E-03 2.20845712855231552E-01 9.14843048905640424E-05 9.22311388610607655E-04
1.37970364E+01 3.98270419407379464E-02 3.68757123379644201E-03 2.21169037982666156E-01 9.13142353650961061E-05 9.14882208958299882E-04
1.38217196E+01 3.96988010119857168E-02 3.67087291832064212E-03 2.21500881376232278E-01 9.11461940099639621E-05 9.07774380555140649E-04
1.38463002E+01 3.95717748986022522E-02 3.65451260787788210E-03 2.21842514713237654E-01 9.09855387311087521E-05 9.00965058529661577E-04
1.38708182E+01 3.94457418865990853E-02 3.63846130716155786E-03 2.22195254762779820E-01 9.08262831380870871E-05 8.94228644640911023E-04
1.38953132E+01 3.93204898059549002E-02 3.62269297691147126E-03 2.22560419225811768E-01 9.06682129042413898E-05 8.87500527147020313E-04
1.39198242E+01 3.91958152524717329E-02 3.60718318896017034E-03 2.22939383938092761E-01 9.05084106424475715E-05 8.80734127512837841E-04
1.39443892E+01 3.90715244276363671E-02 3.59190801301350606E-03 2.23333578848291053E-01 9.03447425956424224E-05 8.73865870910719988E-04
1.39690449E+01 3.89474348200146425E-02 3.57684435918165147E-03 2.23744480191998774E-01 9.01756991940345215E-05 8.66883776656957429E-04
1.39938045E+01 3.88234870113425418E-02 3.56198287065140383E-03 2.24173232827225899E-01 9.00046494399330796E-05 8.59885054016576921E-04
1.40185831E+01 3.87001071441666553E-02 3.54736848705547664E-03 2.24619254193498374E-01 8.98430925986065036E-05 8.53093921524582417E-04
1.40432841E+01 3.85777673032245069E-02 3.53304513138624461E-03 2.25081339272651587E-01 8.96851722726694838E-05 8.46481473279134256E-04
1.40678627E+01 3.84566732831467875E-02 3.51902203062550139E-03 2.25558960929039126E-01 8.95307387948866010E-05 8.40047081509120433E-04
1.40923595E+01 3.83366103170676084E-02 3.50525834350942558E-03 2.26053065287945359E-01 8.93757105607161865E-05 8.33736913395100618E-04
1.41168141E+01 3.82173732537828201E-02 3.49171552724309147E-03 2.26564718330486414E-01 8.92185612698438463E-05 8.27530345363842058E-04
1.41412652E+01 3.80987663596400322E-02 3.47835706865228227E-03 2.27095027171252573E-01 8.90670208446213370E-05 8.21457361887768822E-04
1.41657506E+01 3.79806014964114216E-02 3.46514758752053051E-03 2.27645109317783312E-01 8.89217520566876071E-05 8.15465356629605756E-04
1.41903070E+01 3.78626990238391317E-02 3.45205320891244080E-03 2.28216230225400024E-01 8.87777737777996676E-05 8.09508524078874172E-04
1.42148620E+01 3.77454033345958201E-02 3.43909746061642034E-03 2.28807341852839102E-01 8.86343205871248862E-05 8.03731883775283987E-04
1.42394459E+01 3.76285631521942887E-02 3.42624698806871537E-03 2.29419458055914349E-01 8.84922566762621056E-05 7.98110389204364362E-04
1.42640965E+01 3.75119935018780257E-02 3.41346489761747097E-03 2.30053643471961250E-01 8.83542052100348523E-05 7.92625088215011069E-04
1.42888521E+01 3.73955126452807096E-02 3.40071577884598370E-03 2.30711049072421792E-01 8.82205392032274428E-05 7.87228805868253915E-04
1.43137508E+01 3.72789420349341066E-02 3.38796557718233290E-03 2.31392950152324833E-01 8.80882866550632804E-05 7.81817633795062737E-04
1.43388310E+01 3.71621074357473755E-02 3.37518220235141471E-03 2.32100716268836965E-01 8.79557200106756681E-05 7.76415214359145369E-04
1.43641226E+01 3.70448769507114375E-02 3.36233933051193661E-03 2.32835587845154596E-01 8.78223727044895178E-05 7.71104648929650137E-04
1.43894660E+01 3.69279914627809805E-02 3.34950601414541914E-03 2.33593205747791577E-01 8.76909009789064676E-05 7.65976400300185170E-04
1.44148779E+01 3.68113684783607231E-02 3.33666104550368013E-03 2.34373775228505471E-01 8.75590494924752288E-05 7.60990840273993306E-04
1.44403765E+01 3.66949228716549683E-02 3.32378440496805235E-03 2.35177553457020211E-01 8.74339015589104950E-05 7.56121449159407916E-04
1.44659809E+01 3.65785653870301930E-02 3.31085745117086060E-03 2.36005059051389465E-01 8.73129742502758247E-05 7.51232722616672018E-04
1.44917116E+01 3.64622046113347933E-02 3.29786359872945951E-03 2.36856728653443233E-01 8.71957793113289643E-05 7.46293095693001461E-04
1.45175901E+01 3.63457473318200761E-02 3.28478784183455124E-03 2.37733000457243160E-01 8.70798078234425902E-05 7.41267059017956418E-04
1.45436392E+01 3.62290989422880891E-02 3.27161648654091149E-03 2.38634396407796934E-01 8.69620608515901498E-05 7.36137218665917827E-04
1.45698827E+01 3.61121625991474640E-02 3.25833615756300965E-03 2.39561481828380052E-01 8.68409177679033297E-05 7.30923938700548249E-04
1.45961837E+01 3.59955533034852851E-02 3.24501370335267226E-03 2.40509120397800286E-01 8.67174594180622038E-05 7.25615129236354024E-04
1.46225157E+01 3.58793895833879745E-02 3.23166063118223573E-03 2.41475622349080932E-01 8.66010950477273992E-05 7.20387642617168855E-04
1.46488857E+01 3.57636401754877278E-02 3.21826908929328127E-03 2.42460377540179489E-01 8.64912903386245708E-05 7.15212191566366512E-04
1.46752901E+01 3.56483207415721967E-02 3.20483767084109089E-03 2.43462421834433923E-01 8.63762804002882759E-05 7.10009428752615386E-04
1.47016934E+01 3.55335871090075237E-02 3.19138355041589895E-03 2.44479581650440536E-01 8.62621653958207593E-05 7.04880428995417600E-04
1.47281052E+01 3.54193973558312378E-02 3.17790110715064937E-03 2.45511272093076521E-01 8.61545937383839948E-05 6.99838878839924598E-04
1.47545337E+01 3.53057139994307975E-02 3.16438568574042888E-03 2.46556823370756045E-01 8.60446503973050420E-05 6.94748354804091838E-04
1.47809866E+01 3.51925058079637226E-02 3.15083579649891353E-03 2.47615436179258686E-01 8.59259184609989344E-05 6.89535276198984274E-04
1.48074708E+01 3.50797463372468227E-02 3.13725235516954968E-03 2.48686429015721383E-01 8.58075825454425217E-05 6.84304659979572457E-04
1.48339931E+01 3.49674101940787643E-02 3.12363638530259186E-03 2.49769008543368670E-01 8.56899740018024015E-05 6.79075840888416853E-04
1.48605543E+01 3.48554958962487074E-02 3.10999224312397951E-03 2.50862108499928682E-01 8.55681886144990918E-05 6.73833646379272790E-04
1.48871173E+01 3.47441616912209789E-02 3.09634504528550052E-03 2.51963054914997597E-01 8.54386436059268855E-05 6.68516494981369553E-04
1.49136896E+01 3.46333774463648617E-02 3.08269900413181072E-03 2.53070964611649907E-01 8.53091763971510153E-05 6.63173494307881710E-04
1.49402786E+01 3.45231147933854066E-02 3.06905906370462086E-03 2.54184987046270294E-01 8.51823719968412341E-05 6.57843722710060278E-04
1.49668913E+01 3.44133457581817168E-02 3.05542969658210550E-03 2.55304267167070886E-01 8.50560832878533327E-05 6.52493070786337595E-04
1.49834456E+01 3.43453283903668513E-02 3.04695113361057790E-03 2.56006577752075248E-01 8.49804567699051733E-05 6.49194851546719279E-04
1.50000000E+01 3.42775327791687429E-02 3.03848470734405848E-03 2.56706915613098552E-01 8.49048081472091314E-05 6.45902032239942768E-04
