#  time, MeanKE MeanKEDR MeanP MeanNuT MeanLesProduction
0 1.24981176168378685E-01 4.68679415828199297E-04 3.58063961071907322E-18 1.79290909980760260E-06 1.66626177028174524E-06
7.36310778E-03 1.24977292562838363E-01 4.68667498037953791E-04 6.16480730230141932E-05 1.79303804401965833E-06 1.66627010907073522E-06
1.47275080E-02 1.24973689745606395E-01 4.68661926056608883E-04 7.22482742281419611E-05 1.79343166182629973E-06 1.66644190931770949E-06
2.20921221E-02 1.24970180377465032E-01 4.68661997232232112E-04 7.12429556523336006E-05 1.79404851700124431E-06 1.66675769676294008E-06
2.94570023E-02 1.24966701797004517E-01 4.68667476818097461E-04 6.62739347988353653E-05 1.79486822216608335E-06 1.66720796445885086E-06
3.68222084E-02 1.24963233066562290E-01 4.68678286964461946E-04 5.70365114876112385E-05 1.79584753076355919E-06 1.66777903967679545E-06
4.41878026E-02 1.24959767160027102E-01 4.68694402432978511E-04 4.34401284898238468E-05 1.79695368707036529E-06 1.66845523514162192E-06
5.15538477E-02 1.24956301688880930E-01 4.68715815818490644E-04 2.55058098979577067E-05 1.79816923254978429E-06 1.66922623723954900E-06
5.89202984E-02 1.24952835861637093E-01 4.68742525522146110E-04 3.23306304617285825E-06 1.79948443950809004E-06 1.67008578285608815E-06
6.62869947E-02 1.24949369456274564E-01 4.68774531465910649E-04 -2.33781026954820134E-05 1.80089329049096041E-06 1.67103004427311932E-06
7.36539998E-02 1.24945902317485105E-01 4.68811835225744382E-04 -5.43245937147832664E-05 1.80239083315575029E-06 1.67205649601925835E-06
8.10213771E-02 1.24942434347272729E-01 4.68854439032079999E-04 -8.96026566159374309E-05 1.80397179316917288E-06 1.67316294144387095E-06
8.83891897E-02 1.24938965466770580E-01 4.68902345626086444E-04 -1.29208088190590342E-04 1.80563102670351975E-06 1.67434721124940001E-06
9.57575007E-02 1.24935495603511762E-01 4.68955558211401106E-04 -1.73136359710043792E-04 1.80736402313116209E-06 1.67560724182142355E-06
1.03126373E-01 1.24932024687184728E-01 4.69014080437610422E-04 -2.21382660516202066E-04 1.80916694755983799E-06 1.67694115720568490E-06
1.10495870E-01 1.24928552648219809E-01 4.69077916394307478E-04 -2.73941909332993275E-04 1.81103654996831877E-06 1.67834734424028619E-06
1.17866053E-01 1.24925079417317897E-01 4.69147070608639052E-04 -3.30808756104267014E-04 1.81296989019924172E-06 1.67982432073147131E-06
1.25236986E-01 1.24921604925292626E-01 4.69221548044009831E-04 -3.91977579798491395E-04 1.81496435755068341E-06 1.68137081710197072E-06
1.32608731E-01 1.24918129103018319E-01 4.69301354099125223E-04 -4.57442487478331372E-04 1.81701751580100945E-06 1.68298562285394215E-06
1.39981350E-01 1.24914651881410266E-01 4.69386494607144163E-04 -5.27197309664896563E-04 1.81912717993483352E-06 1.68466764207883154E-06
1.47354904E-01 1.24911173191423100E-01 4.69476975834843353E-04 -6.01235599685872994E-04 1.82129138929661001E-06 1.68641589399838758E-06
1.54729456E-01 1.24907692964047606E-01 4.69572804481751800E-04 -6.79550629034031796E-04 1.82350821685023742E-06 1.68822944891399078E-06
1.62104779E-01 1.24904211265974244E-01 4.69673983632618269E-04 -7.62132134553804405E-04 1.82577558150865090E-06 1.69010738015120407E-06
1.69480898E-01 1.24900728045851825E-01 4.69780519677112749E-04 -8.48971845635565275E-04 1.82809147070748183E-06 1.69204891044697063E-06
1.76857875E-01 1.24897243234475958E-01 4.69892419915725259E-04 -9.40039979243084451E-04 1.83045399002080890E-06 1.69405334160577621E-06
1.84235771E-01 1.24893756762675015E-01 4.70009692079934342E-04 -1.03539735448771714E-03 1.83286139930502240E-06 1.69612002931782695E-06
1.91614647E-01 1.24890268561309137E-01 4.70132344331186940E-04 -1.13495569767826975E-03 1.83531210033520321E-06 1.69824837404523583E-06
1.98994566E-01 1.24886778561264553E-01 4.70260385259895451E-04 -1.23874374325001367E-03 1.83780463141796944E-06 1.70043783398665868E-06
2.06375587E-01 1.24883286693459120E-01 4.70393823884358245E-04 -1.34674648248907236E-03 1.84033764176224732E-06 1.70268791541361224E-06
2.13757771E-01 1.24879792888847152E-01 4.70532669649662396E-04 -1.45895418750948531E-03 1.84290989175524820E-06 1.70499818009469272E-06
2.21141179E-01 1.24876297078408804E-01 4.70676932426566897E-04 -1.57535693251619337E-03 1.84552023140174727E-06 1.70736822582897504E-06
2.28525870E-01 1.24872799193165560E-01 4.70826622510329073E-04 -1.69594448200709571E-03 1.84816761374392160E-06 1.70979769372808127E-06
2.35911904E-01 1.24869299164167752E-01 4.70981750619524635E-04 -1.82070628526555733E-03 1.85085109945726322E-06 1.71228626297975373E-06
2.43299340E-01 1.24865796922504699E-01 4.71142327894797926E-04 -1.94963147154737304E-03 1.85356984153103576E-06 1.71483363943287008E-06
2.50688237E-01 1.24862292399302008E-01 4.71308365897619042E-04 -2.08270884593620169E-03 1.85632303810695469E-06 1.71743956561328924E-06
2.58078611E-01 1.24858785546373655E-01 4.71479875583043857E-04 -2.21992607061225920E-03 1.85910980666594462E-06 1.72010380496718233E-06
2.65470250E-01 1.24855276422428149E-01 4.71656862725312290E-04 -2.36126604176779440E-03 1.86192906453865122E-06 1.72282606238268539E-06
2.72863214E-01 1.24851764958199607E-01 4.71839339486158633E-04 -2.50671604424072304E-03 1.86477980061346945E-06 1.72560616353395756E-06
2.80257562E-01 1.24848251084465511E-01 4.72027318445842530E-04 -2.65626304500202106E-03 1.86766106747306455E-06 1.72844396598617735E-06
2.87653353E-01 1.24844734732038054E-01 4.72220812601741079E-04 -2.80989368279675007E-03 1.87057200476031479E-06 1.73133935682474929E-06
2.95050643E-01 1.24841215831762872E-01 4.72419835366904846E-04 -2.96759425037155513E-03 1.87351182656260040E-06 1.73429224656725574E-06
3.02449492E-01 1.24837694314525127E-01 4.72624400568575807E-04 -3.12935068922278641E-03 1.87647980803454536E-06 1.73730256680954122E-06
3.09849956E-01 1.24834170111242773E-01 4.72834522446688714E-04 -3.29514858249648889E-03 1.87947527971948203E-06 1.74037027172746444E-06
3.17252092E-01 1.24830643152876425E-01 4.73050215652315862E-04 -3.46497315150023476E-03 1.88249762684023534E-06 1.74349533964494300E-06
3.24655956E-01 1.24827113370421822E-01 4.73271495246100412E-04 -3.63880924919799320E-03 1.88554629110595163E-06 1.74667777221554975E-06
3.32061605E-01 1.24823580694919375E-01 4.73498376696643482E-04 -3.81664135297747403E-03 1.88862077475457208E-06 1.74991759145540211E-06
3.39469093E-01 1.24820045057445220E-01 4.73730875878864560E-04 -3.99845356130957164E-03 1.89172064400886670E-06 1.75321483714788341E-06
3.46878477E-01 1.24816506389127779E-01 4.73969009072318446E-04 -4.18422958512450812E-03 1.89484551433568147E-06 1.75656956644873177E-06
3.54289809E-01 1.24812964621129646E-01 4.74212792959506223E-04 -4.37395274232163945E-03 1.89799499181705647E-06 1.75998185470553325E-06
3.61703144E-01 1.24809419684664913E-01 4.74462244624127471E-04 -4.56760595301150454E-03 1.90116860073843181E-06 1.76345179576353591E-06
3.69118290E-01 1.24805871628314843E-01 4.74717373020095107E-04 -4.76516516118639672E-03 1.90436567815512979E-06 1.76697938390724370E-06
3.76535255E-01 1.24802320405372646E-01 4.74978193852789918E-04 -4.96661082769626634E-03 1.90758563237691540E-06 1.77056472051520818E-06
3.83954093E-01 1.24798765946477361E-01 4.75244724807968952E-04 -5.17192423229142096E-03 1.91082793217042269E-06 1.77420794562586122E-06
3.91374858E-01 1.24795208182313072E-01 4.75516983969636610E-04 -5.38108625265508456E-03 1.91409209956571790E-06 1.77790921496538899E-06
3.98797603E-01 1.24791647043611453E-01 4.75794989818179872E-04 -5.59407734612140869E-03 1.91737770448409676E-06 1.78166869897392884E-06
4.06222381E-01 1.24788082461142674E-01 4.76078761228457769E-04 -5.81087753996433094E-03 1.92068435740353919E-06 1.78548658211196052E-06
4.13649244E-01 1.24784514365725518E-01 4.76368317467874814E-04 -6.03146642698452334E-03 1.92401170517755179E-06 1.78936306263336806E-06
4.21078244E-01 1.24780942688218668E-01 4.76663678194419840E-04 -6.25582315508027651E-03 1.92735943039384233E-06 1.79329835267332851E-06
4.28509432E-01 1.24777367359533167E-01 4.76964863454668844E-04 -6.48392642413118427E-03 1.93072725333479154E-06 1.79729267832786279E-06
4.35942858E-01 1.24773788310621025E-01 4.77271893681772876E-04 -6.71575447389427364E-03 1.93411493421218176E-06 1.80134627950377588E-06
4.43378573E-01 1.24770205472485574E-01 4.77584789693399133E-04 -6.95128508160022546E-03 1.93752226962306587E-06 1.80545940952622551E-06
4.50816626E-01 1.24766618776179047E-01 4.77903572689660297E-04 -7.19049555020413820E-03 1.94094907310335872E-06 1.80963233462680225E-06
4.58257065E-01 1.24763028152800576E-01 4.78228264251000343E-04 -7.43336270465690813E-03 1.94439513786297412E-06 1.81386533344759491E-06
4.65699938E-01 1.24759433533503036E-01 4.78558886336047493E-04 -7.67986287955249505E-03 1.94786020629669010E-06 1.81815869663281377E-06
4.73145294E-01 1.24755834849487685E-01 4.78895461279443856E-04 -7.92997191742335697E-03 1.95134397646598260E-06 1.82251272651017718E-06
4.80593018E-01 1.24752232109387767E-01 4.79238004370003865E-04 -8.18365967793929089E-03 1.95484606079422607E-06 1.82692764137769372E-06
4.88043054E-01 1.24748625294565457E-01 4.79586533448506721E-04 -8.44089718470514803E-03 1.95836611630436104E-06 1.83140370002740197E-06
4.95495450E-01 1.24745014335470958E-01 4.79941071458781063E-04 -8.70165846387217778E-03 1.96190388040228846E-06 1.83594123356994522E-06
5.02950253E-01 1.24741399162609581E-01 4.80301641717210926E-04 -8.96591703614865385E-03 1.96545912249515833E-06 1.84054058396068353E-06
5.10407510E-01 1.24737779706535587E-01 4.80668267910420587E-04 -9.23364589882414051E-03 1.96903164142450371E-06 1.84520210381265298E-06
5.17867267E-01 1.24734155897856150E-01 4.81040974092959901E-04 -9.50481751990257979E-03 1.97262126295549405E-06 1.84992615621065950E-06
5.25329569E-01 1.24730527667226837E-01 4.81419784684944375E-04 -9.77940382892754888E-03 1.97622783793764631E-06 1.85471311452814805E-06
5.32794461E-01 1.24726894945353051E-01 4.81804724469656097E-04 -1.00573762086476528E-02 1.97985124035515375E-06 1.85956336225338337E-06
5.40261987E-01 1.24723257662994275E-01 4.82195818591139576E-04 -1.03387054862615780E-02 1.98349136367033833E-06 1.86447729283258182E-06
5.47732190E-01 1.24719615750961313E-01 4.82593092551746939E-04 -1.06233619267806258E-02 1.98714811368118256E-06 1.86945530953312681E-06
5.55205113E-01 1.24715969140118926E-01 4.82996572209651591E-04 -1.09113152234046988E-02 1.99082139759642265E-06 1.87449782532391181E-06
5.62680798E-01 1.24712317761384570E-01 4.83406283776357691E-04 -1.12025344899781918E-02 1.99451111256680331E-06 1.87960526276479007E-06
5.70159285E-01 1.24708661545732402E-01 4.83822253814141271E-04 -1.14969882536744474E-02 1.99821713965878390E-06 1.88477805389542971E-06
5.77640616E-01 1.24705000424189402E-01 4.84244509233493583E-04 -1.17946444454532264E-02 2.00193934691089082E-06 1.89001664011608811E-06
5.85124829E-01 1.24701334327841751E-01 4.84673077290518250E-04 -1.20954703907602702E-02 2.00567759893183997E-06 1.89532147205724233E-06
5.92611965E-01 1.24697663187829599E-01 4.85107985584300888E-04 -1.23994328057481420E-02 2.00943176714914166E-06 1.90069300943963913E-06
6.00102060E-01 1.24693986935352941E-01 4.85549262054248631E-04 -1.27064977827830439E-02 2.01320173675394360E-06 1.90613172092887955E-06
6.07594976E-01 1.24690305588184280E-01 4.85996924384890993E-04 -1.30166234608580147E-02 2.01698732069365612E-06 1.91163795383295692E-06
6.15090702E-01 1.24686619101598617E-01 4.86450997807345137E-04 -1.33297724435089537E-02 2.02078841286796280E-06 1.91721215356180389E-06
6.22589277E-01 1.24682927405870905E-01 4.86911510881796205E-04 -1.36459087856379609E-02 2.02460494912297152E-06 1.92285481098842818E-06
6.30090738E-01 1.24679230431332180E-01 4.87378492504749827E-04 -1.39649959014686905E-02 2.02843687957633263E-06 1.92856642544456960E-06
6.37595123E-01 1.24675528108372735E-01 4.87851971906273969E-04 -1.42869965560648449E-02 2.03228416592856797E-06 1.93434750462176094E-06
6.45102469E-01 1.24671820367437888E-01 4.88331978647204234E-04 -1.46118728582042556E-02 2.03614677821045374E-06 1.94019856448686898E-06
6.52612810E-01 1.24668107139029677E-01 4.88818542616341312E-04 -1.49395862519075395E-02 2.04002469127223961E-06 1.94612012920952244E-06
6.60126182E-01 1.24664388353706357E-01 4.89311694027591776E-04 -1.52700975067897229E-02 2.04391788160460406E-06 1.95211273109829694E-06
6.67642620E-01 1.24660663942084665E-01 4.89811463417121127E-04 -1.56033667163328095E-02 2.04782632522016525E-06 1.95817691054191393E-06
6.75162155E-01 1.24656933834836572E-01 4.90317881640438919E-04 -1.59393532812898454E-02 2.05174999711252386E-06 1.96431321595265516E-06
6.82684822E-01 1.24653197962694473E-01 4.90830979869469027E-04 -1.62780159092892930E-02 2.05568887228596546E-06 1.97052220370982482E-06
6.90210651E-01 1.24649456256447369E-01 4.91350789589608747E-04 -1.66193126037670891E-02 2.05964292781338638E-06 1.97680443810230006E-06
6.97739674E-01 1.24645708646946296E-01 4.91877342596725342E-04 -1.69632006580318836E-02 2.06361214514553756E-06 1.98316049127007207E-06
7.05271920E-01 1.24641955065099799E-01 4.92410670994152476E-04 -1.73096366460277137E-02 2.06759651202194870E-06 1.98959094314509955E-06
7.12807419E-01 1.24638195441876029E-01 4.92950807189644472E-04 -1.76585764184747675E-02 2.07159602364503705E-06 1.99609638139209297E-06
7.20346199E-01 1.24634429708306113E-01 4.93497783892298480E-04 -1.80099750893866033E-02 2.07561068306719764E-06 2.00267740134975640E-06
7.27888288E-01 1.24630657795478966E-01 4.94051634109460270E-04 -1.83637870384849196E-02 2.07964050091388578E-06 2.00933460597298932E-06
7.35433713E-01 1.24626879634549298E-01 4.94612391143593711E-04 -1.87199658952385203E-02 2.08368549463715190E-06 2.01606860577636964E-06
7.42982499E-01 1.24623095156729341E-01 4.95180088589119126E-04 -1.90784645400325394E-02 2.08774568750938800E-06 2.02288001877888055E-06
7.50534672E-01 1.24619304293296498E-01 4.95754760329234303E-04 -1.94392350882423709E-02 2.09182110755843362E-06 2.02976947045007226E-06
7.58090102E-01 1.24615507052607863E-01 4.96336428668676618E-04 -1.98022214866903669E-02 2.09591170353301657E-06 2.03673745158745708E-06
7.65648795E-01 1.24611703375333935E-01 4.96925126246872931E-04 -2.01673733478599897E-02 2.10001749984657752E-06 2.04378458102058088E-06
7.73210776E-01 1.24607893191657687E-01 4.97520887582544565E-04 -2.05346405082099948E-02 2.10413853500169663E-06 2.05091150402481419E-06
7.80776072E-01 1.24604076431826957E-01 4.98123747478441937E-04 -2.09039720279652966E-02 2.10827485018057708E-06 2.05811887317850118E-06
7.88344704E-01 1.24600253026151894E-01 4.98733741018064520E-04 -2.12753161854850707E-02 2.11242648941412472E-06 2.06540734831377333E-06
7.95916698E-01 1.24596422905004611E-01 4.99350903562350667E-04 -2.16486204805050007E-02 2.11659349988370525E-06 2.07277759646781240E-06
8.03492074E-01 1.24592585998818062E-01 4.99975270746330896E-04 -2.20238316190603974E-02 2.12077593224274104E-06 2.08023029183441839E-06
8.11070854E-01 1.24588742238087025E-01 5.00606878475767076E-04 -2.24008955165499735E-02 2.12497384086822990E-06 2.08776611571583194E-06
8.18653059E-01 1.24584891553370436E-01 5.01245762923758771E-04 -2.27797572883470488E-02 2.12918728398993589E-06 2.09538575647488466E-06
8.26238708E-01 1.24581033875284644E-01 5.01891960527317701E-04 -2.31603612499324749E-02 2.13341632368395433E-06 2.10308990948717815E-06
8.33827821E-01 1.24577169134517135E-01 5.02545507983932663E-04 -2.35426509068793963E-02 2.13766102574837082E-06 2.11087927709335794E-06
8.41420414E-01 1.24573297261811600E-01 5.03206442248093906E-04 -2.39265689565818160E-02 2.14192145949717933E-06 2.11875456855114517E-06
8.49016505E-01 1.24569418187978911E-01 5.03874800527801025E-04 -2.43120572848382031E-02 2.14619769751533050E-06 2.12671649998709591E-06
8.56616111E-01 1.24565531843890936E-01 5.04550620281045371E-04 -2.46990569550820799E-02 2.15048981541389291E-06 2.13476579434786339E-06
8.64219246E-01 1.24561638160486585E-01 5.05233939212255175E-04 -2.50875082164503868E-02 2.15479789161469242E-06 2.14290318135073628E-06
8.71825924E-01 1.24557737068768215E-01 5.05924795268742722E-04 -2.54773504919676881E-02 2.15912200717996454E-06 2.15112939743340797E-06
8.79436160E-01 1.24553828499800887E-01 5.06623226637086801E-04 -2.58685223857164914E-02 2.16346224569014409E-06 2.15944518570276919E-06
8.87049965E-01 1.24549912384715744E-01 5.07329271739528388E-04 -2.62609616705234347E-02 2.16781869316215023E-06 2.16785129588265752E-06
8.94667352E-01 1.24545988654709824E-01 5.08042969230316230E-04 -2.66546052953830041E-02 2.17219143799442123E-06 2.17634848426036558E-06
9.02288330E-01 1.24542057241043488E-01 5.08764357992032485E-04 -2.70493893809096025E-02 2.17658057092347860E-06 2.18493751363199167E-06
9.09912911E-01 1.24538118075043489E-01 5.09493477131900906E-04 -2.74452492188495961E-02 2.18098618497840757E-06 2.19361915324645098E-06
9.17541103E-01 1.24534171088102497E-01 5.10230365978061305E-04 -2.78421192725225794E-02 2.18540837542399914E-06 2.20239417874804289E-06
9.25172915E-01 1.24530216211677314E-01 5.10975064075821898E-04 -2.82399331769158830E-02 2.18984723968829784E-06 2.21126337211769779E-06
9.32808353E-01 1.24526253377291354E-01 5.11727611183893007E-04 -2.86386237405194706E-02 2.19430287727455351E-06 2.22022752161268787E-06
9.40447424E-01 1.24522282516533217E-01 5.12488047270583786E-04 -2.90381229453957959E-02 2.19877538966089788E-06 2.22928742170484660E-06
9.48090133E-01 1.24518303561059085E-01 5.13256412510003173E-04 -2.94383619472247463E-02 2.20326488019251684E-06 2.23844387301725432E-06
9.55736485E-01 1.24514316442591019E-01 5.14032747278201870E-04 -2.98392710850201200E-02 2.20777145397109189E-06 2.24769768225939532E-06
9.63386484E-01 1.24510321092914031E-01 5.14817092149323641E-04 -3.02407798716104494E-02 2.21229521774554897E-06 2.25704966216071275E-06
9.71040109E-01 1.24506317455969323E-01 5.15609485489019310E-04 -3.06428157874323107E-02 2.21683626608072917E-06 2.26650060274059573E-06
9.78697296E-01 1.24502305498256305E-01 5.16409961267315105E-04 -3.10453032302965212E-02 2.22139466929392854E-06 2.27605124513390677E-06
9.86358050E-01 1.24498285150326168E-01 5.17218560692853319E-04 -3.14481694698807088E-02 2.22597053981031821E-06 2.28570242034247858E-06
9.94022375E-01 1.24494256342803089E-01 5.18035325165746674E-04 -3.18513409519777663E-02 2.23056399131590624E-06 2.29545496519756396E-06
1.00169027E+00 1.24490219006379091E-01 5.18860296273591492E-04 -3.22547433287771745E-02 2.23517513866547570E-06 2.30530972228693208E-06
1.00936174E+00 1.24486173071812228E-01 5.19693515787472303E-04 -3.26583014629806476E-02 2.23980409779102466E-06 2.31526753988019447E-06
1.01703679E+00 1.24482118469928113E-01 5.20535025657927093E-04 -3.30619394347034384E-02 2.24445098560966153E-06 2.32532927185287873E-06
1.02471541E+00 1.24478055131619372E-01 5.21384868010899981E-04 -3.34655805535361422E-02 2.24911591993070628E-06 2.33549577760918837E-06
1.03239760E+00 1.24473982987846191E-01 5.22243085143658217E-04 -3.38691473574112278E-02 2.25379901936195313E-06 2.34576792200360788E-06
1.04008336E+00 1.24469901969634006E-01 5.23109719520703986E-04 -3.42725616325072202E-02 2.25850040321525599E-06 2.35614657526138320E-06
1.04777269E+00 1.24465812008075286E-01 5.23984813769662241E-04 -3.46757444095863801E-02 2.26322019141212247E-06 2.36663261289806463E-06
1.05546559E+00 1.24461713034331664E-01 5.24868410677144692E-04 -3.50786159822319976E-02 2.26795850438956354E-06 2.37722691563822682E-06
1.06316205E+00 1.24457604979626144E-01 5.25760553184598939E-04 -3.54810959140551621E-02 2.27271546300679547E-06 2.38793036933336039E-06
1.07086206E+00 1.24453487775253779E-01 5.26661284384138191E-04 -3.58831030483199795E-02 2.27749118845297418E-06 2.39874386487926074E-06
1.07856562E+00 1.24449361352572618E-01 5.27570647514350290E-04 -3.62845555208541198E-02 2.28228580215615656E-06 2.40966829813295365E-06
1.08627272E+00 1.24445225643007848E-01 5.28488685956091976E-04 -3.66853707740600332E-02 2.28709942569360353E-06 2.42070456982924136E-06
1.09398335E+00 1.24441080578050242E-01 5.29415443228269068E-04 -3.70854655627114657E-02 2.29193218070340483E-06 2.43185358549724523E-06
1.10169751E+00 1.24436926089256522E-01 5.30350962983581727E-04 -3.74847559778918524E-02 2.29678418879742308E-06 2.44311625537698276E-06
1.10941518E+00 1.24432762108246761E-01 5.31295289004282841E-04 -3.78831574524696318E-02 2.30165557147558296E-06 2.45449349433607713E-06
1.11713635E+00 1.24428588566710491E-01 5.32248465197889572E-04 -3.82805847799058338E-02 2.30654645004159652E-06 2.46598622178711561E-06
1.12486102E+00 1.24424405396396043E-01 5.33210535592914094E-04 -3.86769521288149315E-02 2.31145694552001958E-06 2.47759536160547547E-06
1.13258916E+00 1.24420212529120985E-01 5.34181544334537514E-04 -3.90721730619277355E-02 2.31638717857498654E-06 2.48932184204816427E-06
1.14032078E+00 1.24416009896764115E-01 5.35161535680321208E-04 -3.94661605471991958E-02 2.32133726943047750E-06 2.50116659567372231E-06
1.14805584E+00 1.24411797431267429E-01 5.36150553995863718E-04 -3.98588269846610332E-02 2.32630733779247334E-06 2.51313055926339137E-06
1.15579434E+00 1.24407575064636844E-01 5.37148643750472621E-04 -4.02500842152877999E-02 2.33129750277288333E-06 2.52521467374403644E-06
1.16353627E+00 1.24403342728939756E-01 5.38155849512818286E-04 -4.06398435483072279E-02 2.33630788281552542E-06 2.53741988411271951E-06
1.17128159E+00 1.24399100356306483E-01 5.39172215946575706E-04 -4.10280157776307941E-02 2.34133859562414032E-06 2.54974713936351004E-06
1.17903031E+00 1.24394847878924367E-01 5.40197787806071103E-04 -4.14145112023570627E-02 2.34638975809257478E-06 2.56219739241651836E-06
1.18678240E+00 1.24390585229045128E-01 5.41232609931905110E-04 -4.17992396487125301E-02 2.35146148623715197E-06 2.57477160004965837E-06
1.19453784E+00 1.24386312338978469E-01 5.42276727246595040E-04 -4.21821104957680881E-02 2.35655389513129409E-06 2.58747072283315780E-06
1.20229661E+00 1.24382029141091588E-01 5.43330184750183865E-04 -4.25630326934757566E-02 2.36166709884256237E-06 2.60029572506735179E-06
1.21005869E+00 1.24377735567809899E-01 5.44393027515868819E-04 -4.29419147895072073E-02 2.36680121037190155E-06 2.61324757472379073E-06
1.21782407E+00 1.24373431551614400E-01 5.45465300685615590E-04 -4.33186649543169239E-02 2.37195634159543942E-06 2.62632724339013532E-06
1.22559271E+00 1.24369117025043899E-01 5.46547049465780522E-04 -4.36931910043082822E-02 2.37713260320868083E-06 2.63953570621894279E-06
1.23336460E+00 1.24364791920688431E-01 5.47638319122728924E-04 -4.40654004306656397E-02 2.38233010467320101E-06 2.65287394188078918E-06
1.24113971E+00 1.24360456171194650E-01 5.48739154978438522E-04 -4.44352004248909083E-02 2.38754895416579307E-06 2.66634293252190748E-06
1.24891802E+00 1.24356109709257603E-01 5.49849602406139119E-04 -4.48024979051915295E-02 2.39278925853027437E-06 2.67994366372667301E-06
1.25669950E+00 1.24351752467626586E-01 5.50969706825926459E-04 -4.51671995464934112E-02 2.39805112323171498E-06 2.69367712448519928E-06
1.26448413E+00 1.24347384379097009E-01 5.52099513700381509E-04 -4.55292118114801608E-02 2.40333465231333173E-06 2.70754430716632235E-06
1.27227188E+00 1.24343005376513910E-01 5.53239068530226707E-04 -4.58884409736970145E-02 2.40863994835591199E-06 2.72154620749641225E-06
1.28006272E+00 1.24338615392768581E-01 5.54388416849947089E-04 -4.62447931597827003E-02 2.41396711243978439E-06 2.73568382454398330E-06
1.28785663E+00 1.24334214360796433E-01 5.55547604223448821E-04 -4.65981743646629309E-02 2.41931624410942429E-06 2.74995816071081288E-06
1.29565358E+00 1.24329802213576104E-01 5.56716676239720756E-04 -4.69484904973486369E-02 2.42468744134055798E-06 2.76437022172954019E-06
1.30345354E+00 1.24325378884127813E-01 5.57895678508515090E-04 -4.72956474092690524E-02 2.43008080050985883E-06 2.77892101666819992E-06
1.31125648E+00 1.24320944305510536E-01 5.59084656656028004E-04 -4.76395509229460418E-02 2.43549641636713747E-06 2.79361155794197742E-06
1.31906237E+00 1.24316498410820542E-01 5.60283656320610017E-04 -4.79801068723633914E-02 2.44093438201008837E-06 2.80844286133247443E-06
1.32687117E+00 1.24312041133190637E-01 5.61492723148492175E-04 -4.83172211318707023E-02 2.44639478886152582E-06 2.82341594601475910E-06
1.33468287E+00 1.24307572405786396E-01 5.62711902789534779E-04 -4.86507996569853773E-02 2.45187772664906998E-06 2.83853183459263304E-06
1.34249741E+00 1.24303092161803727E-01 5.63941240892988486E-04 -4.89807485154028291E-02 2.45738328338731555E-06 2.85379155314227809E-06
1.35031478E+00 1.24298600334467949E-01 5.65180783103295188E-04 -4.93069739235267313E-02 2.46291154536245177E-06 2.86919613126476771E-06
1.35813493E+00 1.24294096857030828E-01 5.66430575055899528E-04 -4.96293822864671830E-02 2.46846259711927019E-06 2.88474660214760899E-06
1.36595784E+00 1.24289581662767462E-01 5.67690662373111039E-04 -4.99478802320304296E-02 2.47403652145058783E-06 2.90044400263575875E-06
1.37378347E+00 1.24285054684972918E-01 5.68961090659967370E-04 -5.02623746519922643E-02 2.47963339938901944E-06 2.91628937331248678E-06
1.38161178E+00 1.24280515856963689E-01 5.70241905500152918E-04 -5.05727727342114505E-02 2.48525331020119191E-06 2.93228375859027272E-06
1.38944273E+00 1.24275965112068509E-01 5.71533152451955510E-04 -5.08789820094356152E-02 2.49089633138416213E-06 2.94842820681219114E-06
1.39727630E+00 1.24271402383629215E-01 5.72834877044232200E-04 -5.11809103832106121E-02 2.49656253866423880E-06 2.96472377036414561E-06
1.40511244E+00 1.24266827604997895E-01 5.74147124772442815E-04 -5.14784661798980067E-02 2.50225200599801575E-06 2.98117150579812252E-06
1.41295112E+00 1.24262240709531707E-01 5.75469941094709000E-04 -5.17715581811757017E-02 2.50796480557555008E-06 2.99777247396681898E-06
1.42079230E+00 1.24257641630592955E-01 5.76803371427925065E-04 -5.20600956648056001E-02 2.51370100782566793E-06 3.01452774016991093E-06
1.42863594E+00 1.24253030301538739E-01 5.78147461143907015E-04 -5.23439884470188257E-02 2.51946068142316174E-06 3.03143837431200413E-06
1.43648200E+00 1.24248406655726090E-01 5.79502255565595890E-04 -5.26231469246725703E-02 2.52524389329773829E-06 3.04850545107247012E-06
1.44433044E+00 1.24243770626500910E-01 5.80867799963316503E-04 -5.28974821104511370E-02 2.53105070864449818E-06 3.06573005008695395E-06
1.45218122E+00 1.24239122147198067E-01 5.82244139551073596E-04 -5.31669056797250475E-02 2.53688119093552541E-06 3.08311325614065658E-06
1.46003431E+00 1.24234461151138925E-01 5.83631319482927238E-04 -5.34313300121303167E-02 2.54273540193248651E-06 3.10065615937300167E-06
1.46788965E+00 1.24229787571619663E-01 5.85029384849411276E-04 -5.36906682272612554E-02 2.54861340169963254E-06 3.11835985549349901E-06
1.47574722E+00 1.24225101341916597E-01 5.86438380674026479E-04 -5.39448342311645290E-02 2.55451524861719363E-06 3.13622544600854986E-06
1.48360697E+00 1.24220402395274890E-01 5.87858351909782912E-04 -5.41937633329643703E-02 2.56044099939698893E-06 3.15425403846554027E-06
1.49146885E+00 1.24215690664906564E-01 5.89289343435846062E-04 -5.44373052848578162E-02 2.56639070908711540E-06 3.17244674667700237E-06
1.49933282E+00 1.24210966083985103E-01 5.90731400054205196E-04 -5.46754519991622875E-02 2.57236443109922564E-06 3.19080469101684429E-06
1.50719885E+00 1.24206228585641829E-01 5.92184566486471495E-04 -5.49080854358348774E-02 2.57836221721531811E-06 3.20932899867189562E-06
1.51506689E+00 1.24201478105218407E-01 5.93648886672123316E-04 -5.51351291473936508E-02 2.58438411474025847E-06 3.22802079501278003E-06
1.52293682E+00 1.24196714610258205E-01 5.95124394434055123E-04 -5.53565011531158072E-02 2.59043012840818923E-06 3.24688108448248414E-06
1.53080862E+00 1.24191938034329624E-01 5.96611133880450167E-04 -5.55721221834295440E-02 2.59650030430745124E-06 3.26591101140346780E-06
1.53868224E+00 1.24187148310912127E-01 5.98109149033157006E-04 -5.57819140665821236E-02 2.60259468704412467E-06 3.28511172824793193E-06
1.54655762E+00 1.24182345373386196E-01 5.99618483825405633E-04 -5.59857997760541681E-02 2.60871331979305052E-06 3.30448439603349085E-06
1.55443473E+00 1.24177529155024405E-01 6.01139182099591366E-04 -5.61837034885608530E-02 2.61485624436054321E-06 3.32403018475229874E-06
1.56231353E+00 1.24172699588987301E-01 6.02671287605156748E-04 -5.63755506258182271E-02 2.62102350125793635E-06 3.34375027383366634E-06
1.57019396E+00 1.24167856608316265E-01 6.04214843996567566E-04 -5.65612678904566027E-02 2.62721512978200385E-06 3.36364585263556288E-06
1.57807598E+00 1.24163000145923352E-01 6.05769894831415163E-04 -5.67407833067826300E-02 2.63343116809498590E-06 3.38371812095486699E-06
1.58595955E+00 1.24158130134585765E-01 6.07336483568611573E-04 -5.69140262581101092E-02 2.63967165329358404E-06 3.40396828954027657E-06
1.59384462E+00 1.24153246506941053E-01 6.08914653566737085E-04 -5.70809275262667698E-02 2.64593662145373576E-06 3.42439758058666719E-06
1.60173115E+00 1.24148349195474808E-01 6.10504448082477692E-04 -5.72414193257870726E-02 2.65222610763835170E-06 3.44500722818882144E-06
1.60961908E+00 1.24143438132514897E-01 6.12105910269218558E-04 -5.73954353439149051E-02 2.65854014585887519E-06 3.46579847873659987E-06
1.61750838E+00 1.24138513250223625E-01 6.13719083175748173E-04 -5.75429107742514642E-02 2.66487876899070387E-06 3.48677259124638029E-06
1.62539899E+00 1.24133574480587650E-01 6.15344009745116046E-04 -5.76837823514914499E-02 2.67124200865621576E-06 3.50793083764430605E-06
1.63329088E+00 1.24128621755412366E-01 6.16980732813617559E-04 -5.78179883881372453E-02 2.67762989510570221E-06 3.52927450304397348E-06
1.64118399E+00 1.24123655006310785E-01 6.18629295109929321E-04 -5.79454688062790157E-02 2.68404245714211075E-06 3.55080488608759093E-06
1.64907828E+00 1.24118674164692994E-01 6.20289739254396735E-04 -5.80661651698293063E-02 2.69047972214348806E-06 3.57252329943752303E-06
1.65697371E+00 1.24113679161762080E-01 6.21962107758460784E-04 -5.81800207185174598E-02 2.69694171623189273E-06 3.59443107050338120E-06
1.66487022E+00 1.24108669928499907E-01 6.23646443024248416E-04 -5.82869803955929563E-02 2.70342846461454119E-06 3.61652954246000478E-06
1.67276778E+00 1.24103646395658573E-01 6.25342787344335756E-04 -5.83869908792247969E-02 2.70993999208030794E-06 3.63882007555123112E-06
1.68066634E+00 1.24098608493752607E-01 6.27051182901649661E-04 -5.84800006113903523E-02 2.71647632357769843E-06 3.66130404858572737E-06
1.68856585E+00 1.24093556153044571E-01 6.28771671769555430E-04 -5.85659598223396208E-02 2.72303748473889399E-06 3.68398286043055181E-06
1.69646626E+00 1.24088489303541119E-01 6.30504295912117773E-04 -5.86448205587265653E-02 2.72962350216965605E-06 3.70685793122298481E-06
1.70436753E+00 1.24083407874973642E-01 6.32249097184521590E-04 -5.87165367073314501E-02 2.73623440332328677E-06 3.72993070299543635E-06
1.71226963E+00 1.24078311796796764E-01 6.34006117333696796E-04 -5.87810640177189245E-02 2.74287021584996716E-06 3.75320263949360068E-06
1.72017249E+00 1.24073200998167682E-01 6.35775397999106102E-04 -5.88383601238425882E-02 2.74953096647635904E-06 3.77667522520205040E-06
1.72807608E+00 1.24068075407943956E-01 6.37556980713742914E-04 -5.88883845656011651E-02 2.75621667970587704E-06 3.80034996396248051E-06
1.73598035E+00 1.24062934954664555E-01 6.39350906905300433E-04 -5.89310988025595894E-02 2.76292737686116235E-06 3.82422837797275093E-06
1.74388526E+00 1.24057779566541640E-01 6.41157217897561377E-04 -5.89664662242240720E-02 2.76966307607184346E-06 3.84831200815009213E-06
1.75179077E+00 1.24052609171449724E-01 6.42975954911980058E-04 -5.89944521244984976E-02 2.77642379356215758E-06 3.87260241650035281E-06
1.75969682E+00 1.24047423696906967E-01 6.44807159069465778E-04 -5.90150235601715964E-02 2.78320954595608176E-06 3.89710119010203762E-06
1.76760339E+00 1.24042223070071692E-01 6.46650871392387525E-04 -5.90281485189965496E-02 2.79002035259386253E-06 3.92180994509080813E-06
1.77551041E+00 1.24037007217721387E-01 6.48507132806801462E-04 -5.90337868978534006E-02 2.79685623670590616E-06 3.94673032882849452E-06
1.78341786E+00 1.24031776066242230E-01 6.50375984144865664E-04 -5.90321243853410005E-02 2.80371722503497109E-06 3.97186401999195442E-06
1.79132569E+00 1.24026529541620842E-01 6.52257466147543362E-04 -5.90224673504437039E-02 2.81060334610858782E-06 3.99721272696903728E-06
1.79923386E+00 1.24021267569417920E-01 6.54151619467435090E-04 -5.90056992138757244E-02 2.81751462729434176E-06 4.02277818605121003E-06
1.80714232E+00 1.24015990074766352E-01 6.56058484671968520E-04 -5.89812020573680998E-02 2.82445109089194523E-06 4.04856215772266514E-06
1.81505104E+00 1.24010696982352897E-01 6.57978102246735202E-04 -5.89491365962773323E-02 2.83141275372967113E-06 4.07456642932473719E-06
1.82295997E+00 1.24005388216400642E-01 6.59910512599102259E-04 -5.89094705326164494E-02 2.83839963833209151E-06 4.10079283727620213E-06
1.83086908E+00 1.24000063700658275E-01 6.61855756062079735E-04 -5.88621896522379048E-02 2.84541179757020121E-06 4.12724331315443862E-06
1.83877832E+00 1.23994723358382380E-01 6.63813872898416603E-04 -5.88072819218282000E-02 2.85244932409944652E-06 4.15391990032705713E-06
1.84668766E+00 1.23989367112320864E-01 6.65784903304954159E-04 -5.87447374975947345E-02 2.85951228854862112E-06 4.18082463041901411E-06
1.85459705E+00 1.23983994884698842E-01 6.67768887417252645E-04 -5.86745486314166967E-02 2.86660067310418422E-06 4.20795938460869083E-06
1.86250647E+00 1.23978606597203903E-01 6.69765865314508966E-04 -5.85967096696503389E-02 2.87371442439364705E-06 4.23532599450491971E-06
1.87041586E+00 1.23973202170968133E-01 6.71775877024712183E-04 -5.85112170524088523E-02 2.88085352005198768E-06 4.26292638361909551E-06
1.87832520E+00 1.23967781526552925E-01 6.73798962530089678E-04 -5.84180693135081391E-02 2.88801799568591699E-06 4.29076262681927083E-06
1.88623445E+00 1.23962344583933057E-01 6.75835161772792492E-04 -5.83172670741314569E-02 2.89520798781964721E-06 4.31883702929362017E-06
1.89414357E+00 1.23956891262475943E-01 6.77884514660860062E-04 -5.82088130406394691E-02 2.90242366791017452E-06 4.34715202333456170E-06
1.90205253E+00 1.23951421480922461E-01 6.79947061074470433E-04 -5.80927119954579851E-02 2.90966501973477156E-06 4.37570978609068675E-06
1.90996129E+00 1.23945935157372830E-01 6.82022840872528735E-04 -5.79689707916030833E-02 2.91693190761926133E-06 4.40451230325198657E-06
1.91786982E+00 1.23940432209271159E-01 6.84111893899565964E-04 -5.78375983373879132E-02 2.92422422463730387E-06 4.43356158347372210E-06
1.92577809E+00 1.23934912553382834E-01 6.86214259992892111E-04 -5.76986055887864294E-02 2.93154203751005246E-06 4.46285995957969600E-06
1.93368607E+00 1.23929376105783015E-01 6.88329978990015142E-04 -5.75520055381095047E-02 2.93888557699901111E-06 4.49241011748327352E-06
1.94159372E+00 1.23923822781824594E-01 6.90459090736354124E-04 -5.73978132002238850E-02 2.94625501253341765E-06 4.52221473273040938E-06
1.94950101E+00 1.23918252496125883E-01 6.92601635093284648E-04 -5.72360455967549156E-02 2.95365024558607652E-06 4.55227609124391182E-06
1.95740791E+00 1.23912665162551311E-01 6.94757651946568402E-04 -5.70667217396552129E-02 2.96107109182146586E-06 4.58259636368919726E-06
1.96531439E+00 1.23907060694194340E-01 6.96927181215087712E-04 -5.68898626106849742E-02 2.96851770646071742E-06 4.61317834340835378E-06
1.97322044E+00 1.23901439003355318E-01 6.99110262859788155E-04 -5.67054911483314064E-02 2.97599038219453045E-06 4.64402511170872693E-06
1.98112601E+00 1.23895800001514039E-01 7.01306936892945776E-04 -5.65136322221733989E-02 2.98348878958291049E-06 4.67513869673484439E-06
1.98903108E+00 1.23890143599320657E-01 7.03517243387963179E-04 -5.63143126147073736E-02 2.99101291920762153E-06 4.70652167673998918E-06
1.99693563E+00 1.23884469706569356E-01 7.05741222489314588E-04 -5.61075610056510493E-02 2.99856347605830937E-06 4.73817784029884073E-06
2.00483963E+00 1.23878778232171097E-01 7.07978914422687585E-04 -5.58934079364213979E-02 3.00614065936291307E-06 4.77011029231147766E-06
2.01274306E+00 1.23873069084129789E-01 7.10230359505682448E-04 -5.56718858155221957E-02 3.01374378235406088E-06 4.80232082793468817E-06
2.02064589E+00 1.23867342169538347E-01 7.12495598159010226E-04 -5.54430288558670492E-02 3.02137249885318703E-06 4.83481182339785653E-06
2.02854811E+00 1.23861597394553435E-01 7.14774670917820375E-04 -5.52068730420635714E-02 3.02902679804656536E-06 4.86758623357969847E-06
2.03644969E+00 1.23855834664368766E-01 7.17067618443296517E-04 -5.49634561501043534E-02 3.03670681585960961E-06 4.90064730011441487E-06
2.04435061E+00 1.23850053883190397E-01 7.19374481534595890E-04 -5.47128176923314738E-02 3.04441267089910348E-06 4.93399828479650047E-06
2.05225086E+00 1.23844254954210947E-01 7.21695301141192448E-04 -5.44549988903388141E-02 3.05214547710127473E-06 4.96764401026004067E-06
2.06015041E+00 1.23838437779573929E-01 7.24030118375323397E-04 -5.41900888006402320E-02 3.05990719158547347E-06 5.00159068377132417E-06
2.06804925E+00 1.23832602260336308E-01 7.26378974524764126E-04 -5.39179812661721852E-02 3.06769529406401277E-06 5.03583767942203683E-06
2.07594737E+00 1.23826748296489347E-01 7.28741911067164075E-04 -5.36388988306106748E-02 3.07550924715557815E-06 5.07038746433404188E-06
2.08384474E+00 1.23820875786942355E-01 7.31118969683755928E-04 -5.33528042493707291E-02 3.08334891566807973E-06 5.10524318699085365E-06
2.09174136E+00 1.23814984629478708E-01 7.33510192273307670E-04 -5.30597597420563657E-02 3.09121429259721065E-06 5.14040826851744552E-06
2.09963722E+00 1.23809074720729648E-01 7.35915620966514175E-04 -5.27598164215325668E-02 3.09910553644421867E-06 5.17588646016254253E-06
2.10753229E+00 1.23803145956148289E-01 7.38335298140768270E-04 -5.24530266201845286E-02 3.10702535805237961E-06 5.21168545950582636E-06
2.11542658E+00 1.23797198229946073E-01 7.40769266434664433E-04 -5.21394441218056282E-02 3.11497375658788482E-06 5.24780897400121604E-06
2.12332008E+00 1.23791231435089147E-01 7.43217568764005304E-04 -5.18191241338797001E-02 3.12294878644425728E-06 5.28425781243113577E-06
2.13121276E+00 1.23785245463312765E-01 7.45680248338431067E-04 -5.14921232452251118E-02 3.13095003053877687E-06 5.32103515654543629E-06
2.13910464E+00 1.23779240205087251E-01 7.48157348677549127E-04 -5.11584994000640336E-02 3.13897730092542305E-06 5.35814460927682046E-06
2.14699570E+00 1.23773215549582344E-01 7.50648913627493999E-04 -5.08183118558985097E-02 3.14703062261278600E-06 5.39559016886739855E-06
2.15488594E+00 1.23767171384638358E-01 7.53154987377872734E-04 -5.04716211508719481E-02 3.15511285872279686E-06 5.43338011576954755E-06
2.16277536E+00 1.23761107596696521E-01 7.55675614478327844E-04 -5.01184890652542139E-02 3.16322469558066179E-06 5.47151961888899227E-06
2.17066396E+00 1.23755024070786326E-01 7.58210839856615832E-04 -4.97589785907436716E-02 3.17136376735539025E-06 5.51000939863261521E-06
2.17855172E+00 1.23748920690552336E-01 7.60760708837742491E-04 -4.93931538850261864E-02 3.17952941985040996E-06 5.54885278848571641E-06
2.18643867E+00 1.23742797338219593E-01 7.63325267162355851E-04 -4.90210802403978491E-02 3.18772118421975356E-06 5.58805348386276642E-06
2.19432479E+00 1.23736653894559803E-01 7.65904561005525866E-04 -4.86428240481838886E-02 3.19593924728716401E-06 5.62761620681601359E-06
2.20221010E+00 1.23730490238853644E-01 7.68498636995850653E-04 -4.82584527632667695E-02 3.20419039674076595E-06 5.66755529456461564E-06
2.21009459E+00 1.23724306248757673E-01 7.71107542232992381E-04 -4.78680348794408086E-02 3.21247017304829555E-06 5.70786894307860181E-06
2.21797828E+00 1.23718101800412011E-01 7.73731324310375371E-04 -4.74716397904978160E-02 3.22077702473013459E-06 5.74855967716847703E-06
2.22586117E+00 1.23711876768416593E-01 7.76370031335609314E-04 -4.70693379727952360E-02 3.22911021315570691E-06 5.78963128912271973E-06
2.23374327E+00 1.23705631025790519E-01 7.79023711951109285E-04 -4.66612007296300924E-02 3.23746914191884832E-06 5.83108786135499730E-06
2.24162458E+00 1.23699364443937504E-01 7.81692415355109962E-04 -4.62473002606024960E-02 3.24586142546388803E-06 5.87294505993982901E-06
2.24950502E+00 1.23693076983498976E-01 7.84376152436526116E-04 -4.58277155781978973E-02 3.25428540126979799E-06 5.91520501843240346E-06
2.25738456E+00 1.23686768538167610E-01 7.87074962275047100E-04 -4.54025225391149201E-02 3.26273713970958772E-06 5.95786734505977996E-06
2.26526320E+00 1.23680438978797783E-01 7.89788893566161637E-04 -4.49717963228289663E-02 3.27121597269454546E-06 6.00093646697160052E-06
2.27314097E+00 1.23674088174587374E-01 7.92517995610170765E-04 -4.45356128159002107E-02 3.27972273052676025E-06 6.04441897856109253E-06
2.28101787E+00 1.23667715993017804E-01 7.95262318335169019E-04 -4.40940486049074057E-02 3.28825983998082692E-06 6.08832373783701068E-06
2.28889392E+00 1.23661322299788407E-01 7.98021912320174805E-04 -4.36471809338073863E-02 3.29682787023738227E-06 6.13265700391161556E-06
2.29676914E+00 1.23654906958805530E-01 8.00796828819731049E-04 -4.31950876925854266E-02 3.30542732580044789E-06 6.17742477602750614E-06
2.30464353E+00 1.23648469832159991E-01 8.03587119788687354E-04 -4.27378473359930969E-02 3.31405610417703769E-06 6.22263014522293390E-06
2.31251713E+00 1.23642010780142711E-01 8.06392837908135630E-04 -4.22755389077828364E-02 3.32271486916315465E-06 6.26827987100202030E-06
2.32038994E+00 1.23635529661184060E-01 8.09214036610234424E-04 -4.18082419332876654E-02 3.33140406940445339E-06 6.31438079658070573E-06
2.32826200E+00 1.23629026331817604E-01 8.12050770103915891E-04 -4.13360364712130057E-02 3.34012386065521868E-06 6.36093935426346513E-06
2.33613333E+00 1.23622500646652117E-01 8.14903093401233430E-04 -4.08590030182590450E-02 3.34887429873339625E-06 6.40796192172424507E-06
2.34400394E+00 1.23615952458342740E-01 8.17771062344107647E-04 -4.03772225063408693E-02 3.35765577625724024E-06 6.45545539448239971E-06
2.35187386E+00 1.23609381617561881E-01 8.20654733631367116E-04 -3.98907762558317752E-02 3.36646871607368795E-06 6.50342682830599465E-06
2.35974313E+00 1.23602787972961758E-01 8.23554164846258927E-04 -3.93997459501000680E-02 3.37531301348453523E-06 6.55188291878856055E-06
2.36761176E+00 1.23596171371156763E-01 8.26469414484585574E-04 -3.89042136008627970E-02 3.38418876535320251E-06 6.60083055634428656E-06
2.37547980E+00 1.23589531656687970E-01 8.29400541983121463E-04 -3.84042615245558036E-02 3.39309611089644105E-06 6.65027695421350030E-06
2.38334727E+00 1.23582868671997748E-01 8.32347607748456044E-04 -3.78999723061380217E-02 3.40203600526951556E-06 6.70023038386103400E-06
2.39121420E+00 1.23576182257382663E-01 8.35310673185977797E-04 -3.73914287719232380E-02 3.41100872624817359E-06 6.75069849650851460E-06
2.39908063E+00 1.23569472250968218E-01 8.38289800729776304E-04 -3.68787139653045173E-02 3.42001316391824033E-06 6.80168723005437113E-06
2.40694659E+00 1.23562738488709620E-01 8.41285053873411584E-04 -3.63619111109128867E-02 3.42904951088931761E-06 6.85320447217737294E-06
2.41481190E+00 1.23555980995237902E-01 8.44296412077479908E-04 -3.58411181389741845E-02 3.43812434072984588E-06 6.90526560590317455E-06
2.42267659E+00 1.23549199610366894E-01 8.47323936818845783E-04 -3.53164195419506804E-02 3.44723264581035806E-06 6.95787154548676816E-06
2.43054070E+00 1.23542394168907291E-01 8.50367691943492397E-04 -3.47878995511053807E-02 3.45637338910788488E-06 7.01102871865767838E-06
2.43840427E+00 1.23535564503437487E-01 8.53427742451580386E-04 -3.42556424953037245E-02 3.46554900510245615E-06 7.06474835548844796E-06
2.44626732E+00 1.23528710444208545E-01 8.56504154529539566E-04 -3.37197326968648320E-02 3.47476072700893039E-06 7.11904002253253773E-06
2.45412991E+00 1.23521831819112887E-01 8.59596995583927922E-04 -3.31802545231871873E-02 3.48400734703013837E-06 7.17391024915199017E-06
2.46199208E+00 1.23514928453701170E-01 8.62706334276720646E-04 -3.26372923287610375E-02 3.49328859313729948E-06 7.22936688183767854E-06
2.46985386E+00 1.23508000171148616E-01 8.65832240560024781E-04 -3.20909304383866500E-02 3.50260456632550076E-06 7.28541860001290738E-06
2.47771531E+00 1.23501046792214589E-01 8.68974785711178416E-04 -3.15412531389659689E-02 3.51195589980411782E-06 7.34207442359238906E-06
2.48557646E+00 1.23494068135203680E-01 8.72134042368355672E-04 -3.09883446488212339E-02 3.52134208200316625E-06 7.39934271450424652E-06
2.49343737E+00 1.23487064015949263E-01 8.75310084567221844E-04 -3.04322890949768089E-02 3.53076372144426766E-06 7.45723248900347448E-06
2.50129809E+00 1.23480034247768072E-01 8.78502987777683947E-04 -2.98731704903471597E-02 3.54022095244112987E-06 7.51575260117153900E-06
2.50915866E+00 1.23472978641436068E-01 8.81712828941474806E-04 -2.93110727267077882E-02 3.54971330962741506E-06 7.57491166420195982E-06
2.51701914E+00 1.23465897005165470E-01 8.84939686510450435E-04 -2.87460795490685900E-02 3.55924237116660102E-06 7.63471938725295544E-06
2.52487957E+00 1.23458789144549469E-01 8.88183640484863026E-04 -2.81782745281946960E-02 3.56880738897892714E-06 7.69518447827664716E-06
2.53273985E+00 1.23451655024751861E-01 8.91444698276897159E-04 -2.76077539231511064E-02 3.57841089643214567E-06 7.75631785390699783E-06
2.54059991E+00 1.23444494546451872E-01 8.94722896774043943E-04 -2.70346090186478691E-02 3.58805551852582133E-06 7.81813048878937733E-06
2.54845981E+00 1.23437307513380987E-01 8.98018317463829090E-04 -2.64589234296398225E-02 3.59773911231538370E-06 7.88062920353289441E-06
2.55631960E+00 1.23430093726578885E-01 9.01331043520847632E-04 -2.58807804578238855E-02 3.60746317664663810E-06 7.94382467809663462E-06
2.56417933E+00 1.23422852984338124E-01 9.04661159849737360E-04 -2.53002630951470013E-02 3.61722650325237809E-06 8.00772431819490474E-06
2.57203908E+00 1.23415585082218351E-01 9.08008753129962553E-04 -2.47174540998246796E-02 3.62702775021959651E-06 8.07233578465957353E-06
2.57989889E+00 1.23408289813036379E-01 9.11373911860411550E-04 -2.41324359063400072E-02 3.63686650062435295E-06 8.13766815087981303E-06
2.58775883E+00 1.23400966966818251E-01 9.14756726403853269E-04 -2.35452906542185057E-02 3.64674200599637541E-06 8.20373070709270227E-06
2.59561896E+00 1.23393616330769895E-01 9.18157289032415580E-04 -2.29561001911096907E-02 3.65665433399098526E-06 8.27053332965389667E-06
2.60347934E+00 1.23386237689233264E-01 9.21575693973736981E-04 -2.23649460300751578E-02 3.66660390160088839E-06 8.33808642532141686E-06
2.61134003E+00 1.23378830823652308E-01 9.25012037457881753E-04 -2.17719093585268704E-02 3.67659004133718546E-06 8.40640051495687158E-06
2.61920111E+00 1.23371395512543072E-01 9.28466417765338894E-04 -2.11770710184393599E-02 3.68661263747279048E-06 8.47548695255349166E-06
2.62706263E+00 1.23363931531459275E-01 9.31938935275572478E-04 -2.05805115013215807E-02 3.69667385266037539E-06 8.54535878655383223E-06
2.63492446E+00 1.23356438856264281E-01 9.35429597754835313E-04 -1.99823270537947441E-02 3.70677515715614439E-06 8.61602814326651245E-06
2.64278655E+00 1.23348917372745046E-01 9.38938455275011865E-04 -1.93826066738686763E-02 3.71692105055546627E-06 8.68751342812445651E-06
2.65064895E+00 1.23341366853696052E-01 9.42465611172726113E-04 -1.87814302240596372E-02 3.72711600157750387E-06 8.75983371275717193E-06
2.65851175E+00 1.23333787068659051E-01 9.46011171066981943E-04 -1.81788771440050748E-02 3.73735722514635644E-06 8.83299607590922827E-06
2.66637501E+00 1.23326177784093688E-01 9.49575242919673121E-04 -1.75750264142568342E-02 3.74764341636195398E-06 8.90701195571228173E-06
2.67423880E+00 1.23318538763363364E-01 9.53157937091132930E-04 -1.69699565440650270E-02 3.75797234848416607E-06 8.98189308714971598E-06
2.68210320E+00 1.23310869766712849E-01 9.56759366396377274E-04 -1.63637457043689649E-02 3.76834274629299954E-06 9.05765233125854801E-06
2.68996827E+00 1.23303170551234714E-01 9.60379646161932908E-04 -1.57564716187294715E-02 3.77875580232656096E-06 9.13430401750101280E-06
2.69783411E+00 1.23295440870805531E-01 9.64018894283376923E-04 -1.51482115821447872E-02 3.78921064423617030E-06 9.21186297401423312E-06
2.70570077E+00 1.23287680476056705E-01 9.67677231284442131E-04 -1.45390424601323613E-02 3.79970584081239208E-06 9.29034496897074325E-06
2.71356834E+00 1.23279889114342275E-01 9.71354780377257183E-04 -1.39290406877877280E-02 3.81024232833281384E-06 9.36976749615872666E-06
2.72143689E+00 1.23272066538274841E-01 9.75051663460592562E-04 -1.33182829380506657E-02 3.82082262460639832E-06 9.45014970497147844E-06
2.72930615E+00 1.23264212846715404E-01 9.78767839744185608E-04 -1.27068724840330265E-02 3.83144789099350881E-06 9.53150911536484870E-06
2.73717618E+00 1.23256327783518055E-01 9.82503437102309014E-04 -1.20948848242284062E-02 3.84212312243062207E-06 9.61387185091155032E-06
2.74504706E+00 1.23248411088902235E-01 9.86258586331729969E-04 -1.14823949236784167E-02 3.85285481110656741E-06 9.69726594065759318E-06
2.75291889E+00 1.23240462499381101E-01 9.90033421221088797E-04 -1.08694772517050064E-02 3.86364214868099220E-06 9.78170782308577986E-06
2.76079174E+00 1.23232481747921771E-01 9.93828078625854728E-04 -1.02562057953053155E-02 3.87448199569440347E-06 9.86721160254064218E-06
2.76866569E+00 1.23224468564030951E-01 9.97642698541958192E-04 -9.64265408458424636E-03 3.88537245306440841E-06 9.95379398534393263E-06
2.77654083E+00 1.23216422673723403E-01 1.00147742417764003E-03 -9.02889519489491477E-03 3.89631258925666634E-06 1.00414730732491035E-05
2.78441723E+00 1.23208343799469877E-01 1.00533240202640853E-03 -8.41500173622063488E-03 3.90730176479746277E-06 1.01302679204479694E-05
2.79229500E+00 1.23200231660150997E-01 1.00920778194164124E-03 -7.80104587325005944E-03 3.91833992552752208E-06 1.02201987015224807E-05
2.80017421E+00 1.23192085970998816E-01 1.01310371721290344E-03 -7.18709931241678750E-03 3.92942732978621212E-06 1.03112869897062628E-05
2.80805485E+00 1.23183906558967715E-01 1.01702030936665641E-03 -6.57324193441328249E-03 3.94056551996307136E-06 1.04035552378923780E-05
2.81593670E+00 1.23175693432100858E-01 1.02095757464766958E-03 -5.95956676835141148E-03 3.95175579836208792E-06 1.04970262738460575E-05
2.82381987E+00 1.23167446301031228E-01 1.02491567325674587E-03 -5.34614432815819999E-03 3.96300223249514121E-06 1.05917293533686794E-05
2.83170444E+00 1.23159164872387150E-01 1.02889476913755771E-03 -4.73304461124461184E-03 3.97431125508530137E-06 1.06876985754420773E-05
2.83959050E+00 1.23150848848670669E-01 1.03289503006374754E-03 -4.12033713978868753E-03 3.98568390795506435E-06 1.07849560396846580E-05
2.84747814E+00 1.23142497928378419E-01 1.03691662773374880E-03 -3.50809095589906016E-03 3.99711727275968288E-06 1.08835167611929975E-05
2.85536746E+00 1.23134111806139951E-01 1.04095973786734052E-03 -2.89637465698275266E-03 4.00860891142748638E-06 1.09833987619917526E-05
2.86325853E+00 1.23125690172706095E-01 1.04502454029927546E-03 -2.28525638665178030E-03 4.02015715857749932E-06 1.10846216721237672E-05
2.87115147E+00 1.23117232714899938E-01 1.04911121907432111E-03 -1.67480384746657661E-03 4.03176135972760236E-06 1.11872075035701955E-05
2.87904636E+00 1.23108739115545221E-01 1.05321996254405508E-03 -1.06508430272263407E-03 4.04342150095774414E-06 1.12911804478023057E-05
2.88694324E+00 1.23100209119121562E-01 1.05735093163005704E-03 -4.56169262267112137E-04 4.05513854840209586E-06 1.13965666199968015E-05
2.89484184E+00 1.23091642793166617E-01 1.06150413296368868E-03 1.51847174379032872E-04 4.06691368533507645E-06 1.15033910073952120E-05
2.90274226E+00 1.23083039814707376E-01 1.06567976448315076E-03 7.58899067333242226E-04 4.07874986393929405E-06 1.16116861255100075E-05
2.91064459E+00 1.23074399856364980E-01 1.06987802882559427E-03 1.36492094070982681E-03 4.09065120176369504E-06 1.17214843143673243E-05
2.91854893E+00 1.23065722586332499E-01 1.07409913344290605E-03 1.96984776883059494E-03 4.10262179121387610E-06 1.18328165403633203E-05
2.92645537E+00 1.23057007668343973E-01 1.07834329071769563E-03 2.57361493982216118E-03 4.11466187570611679E-06 1.19457149954226026E-05
2.93436403E+00 1.23048254761600112E-01 1.08261071807915616E-03 3.17615829421205196E-03 4.12676555970821455E-06 1.20601930601629945E-05
2.94227499E+00 1.23039463521023684E-01 1.08690163813329917E-03 3.77741407320434036E-03 4.13892966951508098E-06 1.21762758750355708E-05
2.95018835E+00 1.23030633597180916E-01 1.09121627878365555E-03 4.37731893961919305E-03 4.15115294792731796E-06 1.22939929877779265E-05
2.95810422E+00 1.23021764636146946E-01 1.09555487335507586E-03 4.97580992926323178E-03 4.16343924064696955E-06 1.24133722563086281E-05
2.96602250E+00 1.23012856500727616E-01 1.09991755233953908E-03 5.57280966825197607E-03 4.17578943120822970E-06 1.25344398237339862E-05
2.97394305E+00 1.23003909108409887E-01 1.10430442237152595E-03 6.16823765633868915E-03 4.18820405307757400E-06 1.26572264071196276E-05
2.98186596E+00 1.22994922097909118E-01 1.10871572981813878E-03 6.76203233709497462E-03 4.20068303489161435E-06 1.27817692908756596E-05
2.98979134E+00 1.22985895103057657E-01 1.11315172697966478E-03 7.35413256924365415E-03 4.21322673316097104E-06 1.29081068878008267E-05
2.99771930E+00 1.22976827752769233E-01 1.11761267223753173E-03 7.94447757987504395E-03 4.22583527211207548E-06 1.30362746160191830E-05
3.00564993E+00 1.22967719671046014E-01 1.12209883020554318E-03 8.53300696953667587E-03 4.23850782295279428E-06 1.31663042078502069E-05
3.01358334E+00 1.22958570476977336E-01 1.12661047188496503E-03 9.11966070039967394E-03 4.25124614063402124E-06 1.32982345195027915E-05
3.02151963E+00 1.22949379784600507E-01 1.13114787481826177E-03 9.70437908086003477E-03 4.26405067926555318E-06 1.34320976139314468E-05
3.02945892E+00 1.22940147202893785E-01 1.13571132325339819E-03 1.02871027547193593E-02 4.27691708012515737E-06 1.35679117279217692E-05
3.03740127E+00 1.22930872370822966E-01 1.14030109104289678E-03 1.08677705469698085E-02 4.28984555317001938E-06 1.37057109069913406E-05
3.04534636E+00 1.22921555390856072E-01 1.14491722680350422E-03 1.14462926884424977E-02 4.30283960624840809E-06 1.38455360133248582E-05
3.05329430E+00 1.22912195863060791E-01 1.14956003181253979E-03 1.20226112491104535E-02 4.31589849172898384E-06 1.39874359835696456E-05
3.06124519E+00 1.22902793381974698E-01 1.15422981469124686E-03 1.25966686678537203E-02 4.32902140167856275E-06 1.41314561451483195E-05
3.06919915E+00 1.22893347536682809E-01 1.15892689159696250E-03 1.31684076913188303E-02 4.34220859716235193E-06 1.42776366143536595E-05
3.07715628E+00 1.22883857910798283E-01 1.16365158641867006E-03 1.37377713670841523E-02 4.35546072165580444E-06 1.44260171052050922E-05
3.08511668E+00 1.22874324082399400E-01 1.16840423097471055E-03 1.43047030452072600E-02 4.36877669830363713E-06 1.45766387258975043E-05
3.09308047E+00 1.22864745623972968E-01 1.17318516521246132E-03 1.48691463918168582E-02 4.38215534333992835E-06 1.47295383342625426E-05
3.10104776E+00 1.22855122102353373E-01 1.17799473741643122E-03 1.54310453474164940E-02 4.39559705760664809E-06 1.48847589923791392E-05
3.10901865E+00 1.22845453078572864E-01 1.18283330441798702E-03 1.59903441362060951E-02 4.40910385255511898E-06 1.50423536601353798E-05
3.11699281E+00 1.22835738638546757E-01 1.18770096575551861E-03 1.65469568990181705E-02 4.42267579518517791E-06 1.52023553361234043E-05
3.12497033E+00 1.22825978381616907E-01 1.19259806981374377E-03 1.71008264413316340E-02 4.43631111166746996E-06 1.53648031523784597E-05
3.13295131E+00 1.22816171857211595E-01 1.19752499607590030E-03 1.76518984130858980E-02 4.45000812796625040E-06 1.55297432988302921E-05
3.14093586E+00 1.22806318608642426E-01 1.20248213341896245E-03 1.82001186998646675E-02 4.46376749764936815E-06 1.56972296991623115E-05
3.14892409E+00 1.22796418172934116E-01 1.20746988035109093E-03 1.87454334177636524E-02 4.47759504763851509E-06 1.58673472227066983E-05
3.15691612E+00 1.22786470080394422E-01 1.21248864523919482E-03 1.92877888916062439E-02 4.49148737887160523E-06 1.60401297157032519E-05
3.16491205E+00 1.22776473855000900E-01 1.21753884658425734E-03 1.98271317692035251E-02 4.50544341976193424E-06 1.62156279657087734E-05
3.17291200E+00 1.22766429014344924E-01 1.22262091327727629E-03 2.03634088315717519E-02 4.51946270964179330E-06 1.63939191989144977E-05
3.18091607E+00 1.22756335069336128E-01 1.22773528484518518E-03 2.08965671238785615E-02 4.53354594762048192E-06 1.65750829870593831E-05
3.18892393E+00 1.22746192108928023E-01 1.23288211482852281E-03 2.14265234047231364E-02 4.54769402413937082E-06 1.67591741753512896E-05
3.19693565E+00 1.22735999662182044E-01 1.23806184726780663E-03 2.19532245247817288E-02 4.56191116246964921E-06 1.69462784043446220E-05
3.20495136E+00 1.22725757224910553E-01 1.24327495067855036E-03 2.24766188613805297E-02 4.57620144763794305E-06 1.71364817117427568E-05
3.21297116E+00 1.22715464285526196E-01 1.24852190525318908E-03 2.29966549546415447E-02 4.59056098388673271E-06 1.73298399891377045E-05
3.22099518E+00 1.22705120325259473E-01 1.25380320317370112E-03 2.35132815838343529E-02 4.60498593557475788E-06 1.75263987036469423E-05
3.22902352E+00 1.22694724818173964E-01 1.25911934892557935E-03 2.40264476907423516E-02 4.61947525944262270E-06 1.77262157875397290E-05
3.23705629E+00 1.22684277230954389E-01 1.26447085960383729E-03 2.45361023636303105E-02 4.63403138955197776E-06 1.79293866696868603E-05
3.24509361E+00 1.22673777022480765E-01 1.26985826520334085E-03 2.50421948297277971E-02 4.64866171237812745E-06 1.81360635704885310E-05
3.25313554E+00 1.22663223721470108E-01 1.27528206864951574E-03 2.55446707181772106E-02 4.66336971543488836E-06 1.83463825514660267E-05
3.26118175E+00 1.22652617338182349E-01 1.28074253371649729E-03 2.60434530338403587E-02 4.67815225320384427E-06 1.85604058397621889E-05
3.26923236E+00 1.22641957312588770E-01 1.28624022607889553E-03 2.65384923881408497E-02 4.69300542927868390E-06 1.87781645034089540E-05
3.27728749E+00 1.22631243076617866E-01 1.29177572553836354E-03 2.70297394386329846E-02 4.70792511481362142E-06 1.89996920800449948E-05
3.28534725E+00 1.22620474054101550E-01 1.29734962638980282E-03 2.75171449664602975E-02 4.72291055554619521E-06 1.92250697043543183E-05
3.29341176E+00 1.22609649660375228E-01 1.30296253773812287E-03 2.80006598336385616E-02 4.73796442220274168E-06 1.94544343142205981E-05
3.30148112E+00 1.22598769301746305E-01 1.30861508379047343E-03 2.84802350014425470E-02 4.75309381896541563E-06 1.96879330968659953E-05
3.30955546E+00 1.22587832375067332E-01 1.31430790419192166E-03 2.89558214789503131E-02 4.76830272889055042E-06 1.99256461654688318E-05
3.31763489E+00 1.22576838267759558E-01 1.32004165445410190E-03 2.94273703817492030E-02 4.78357675369548529E-06 2.01675294134239564E-05
3.32571934E+00 1.22565786616618724E-01 1.32581687165822569E-03 2.98948221729214356E-02 4.79891199958600018E-06 2.04136268838064473E-05
3.33380860E+00 1.22554677216348454E-01 1.33163402109314280E-03 3.03581108612619027E-02 4.81430746055603326E-06 2.06640184786789826E-05
3.34190281E+00 1.22543509433711048E-01 1.33749380285653400E-03 3.08171888602248416E-02 4.82976618303776216E-06 2.09188266491943838E-05
3.35000207E+00 1.22532282625381850E-01 1.34339693420206571E-03 3.12720085007737805E-02 4.84529274729916702E-06 2.11781838747870729E-05
3.35810649E+00 1.22520996137616953E-01 1.34934414989881378E-03 3.17225221252791165E-02 4.86088572421425170E-06 2.14421818704656436E-05
3.36621621E+00 1.22509649306353940E-01 1.35533620262798639E-03 3.21686821607604090E-02 4.87654235096832925E-06 2.17109012352423322E-05
3.37433132E+00 1.22498241457208654E-01 1.36137386336737925E-03 3.26104410572259709E-02 4.89226455926392575E-06 2.19844766405493747E-05
3.38245196E+00 1.22486771904928946E-01 1.36745792171731302E-03 3.30477512507370980E-02 4.90805740051854268E-06 2.22630934527588948E-05
3.39057822E+00 1.22475239952767878E-01 1.37358918620353169E-03 3.34805651722302755E-02 4.92392485567780470E-06 2.25469454965447904E-05
3.39870987E+00 1.22463645394350257E-01 1.37976821681009979E-03 3.39088167072698621E-02 4.93986938970742556E-06 2.28362161166886924E-05
3.40684688E+00 1.22451987725348571E-01 1.38599574341157243E-03 3.43324514040804843E-02 4.95589104959084729E-06 2.31310696986428831E-05
3.41498938E+00 1.22440266219222660E-01 1.39227262709549072E-03 3.47514227519748961E-02 4.97199307243553276E-06 2.34317572262734751E-05
3.42313746E+00 1.22428480136610493E-01 1.39859974888316939E-03 3.51656841274089887E-02 4.98818321089202292E-06 2.37386533256401107E-05
3.43129126E+00 1.22416628724407270E-01 1.40497800985866432E-03 3.55751888672286715E-02 5.00446049725963451E-06 2.40519373133125545E-05
3.43945088E+00 1.22404711216469592E-01 1.41140833161650775E-03 3.59798902734042650E-02 5.02081354293225172E-06 2.43714837885710065E-05
3.44761644E+00 1.22392726835096763E-01 1.41789165701611307E-03 3.63797415015811379E-02 5.03723221670032155E-06 2.46971613073720795E-05
3.45578806E+00 1.22380674791247118E-01 1.42442895067270976E-03 3.67746956243489506E-02 5.05371333842859390E-06 2.50290052292019596E-05
3.46396581E+00 1.22368554337425564E-01 1.43102116978219458E-03 3.71647038736281146E-02 5.07025899831365386E-06 2.53671695865632231E-05
3.47214934E+00 1.22356365353722643E-01 1.43766894327174047E-03 3.75496972294394257E-02 5.08687301304814344E-06 2.57118133393097797E-05
3.48033876E+00 1.22344107017527529E-01 1.44437329493126983E-03 3.79296297048686976E-02 5.10355510292651398E-06 2.60630705460639798E-05
3.48853421E+00 1.22331778492000803E-01 1.45113527067591819E-03 3.83044551181930121E-02 5.12030309503268428E-06 2.64210794398925981E-05
3.49673578E+00 1.22319378925967712E-01 1.45795593875467158E-03 3.86741271217847168E-02 5.13712066957124138E-06 2.67861035206302299E-05
3.50494360E+00 1.22306907452946978E-01 1.46483638978251590E-03 3.90385991977070315E-02 5.15401643303172129E-06 2.71585428310265716E-05
3.51315778E+00 1.22294363189778668E-01 1.47177773666930484E-03 3.93978246283211986E-02 5.17099646802727067E-06 2.75386552943783638E-05
3.52137843E+00 1.22281745236595518E-01 1.47878111482988256E-03 3.97517564439775761E-02 5.18806033468296588E-06 2.79264561102230090E-05
3.52960567E+00 1.22269052678089324E-01 1.48584768262553790E-03 4.01003474733394732E-02 5.20520037068905878E-06 2.83220250524379794E-05
3.53783938E+00 1.22256284950304189E-01 1.49297841639782990E-03 4.04435405858703453E-02 5.22241843472030064E-06 2.87255788733377567E-05
3.54607940E+00 1.22243441526226390E-01 1.50017428282665614E-03 4.07812778802471645E-02 5.23971912690154896E-06 2.91374161198629822E-05
3.55432585E+00 1.22230521447793283E-01 1.50743650085830710E-03 4.11135128733111851E-02 5.25711069323316082E-06 2.95579527650459611E-05
3.56257885E+00 1.22217523738324244E-01 1.51476631157605344E-03 4.14401987280435258E-02 5.27460501692627781E-06 2.99877100286437997E-05
3.57083850E+00 1.22204447401536034E-01 1.52216497775286294E-03 4.17612882807531921E-02 5.29220239665590730E-06 3.04268997508544794E-05
3.57910493E+00 1.22191291422610981E-01 1.52963378410297273E-03 4.20767341236867459E-02 5.30988673664446410E-06 3.08752271728582615E-05
3.58737825E+00 1.22178054770885988E-01 1.53717403826934937E-03 4.23864885990733603E-02 5.32765127395814461E-06 3.13326801811096009E-05
3.59565857E+00 1.22164736399142215E-01 1.54478707053292796E-03 4.26905037128326795E-02 5.34550019173494365E-06 3.17995583004538127E-05
3.60394600E+00 1.22151335241429640E-01 1.55247423304529192E-03 4.29887311603220565E-02 5.36344397957072460E-06 3.22763232045629198E-05
3.61224022E+00 1.22137850933122877E-01 1.56023648300860013E-03 4.32811065787634189E-02 5.38149024519494647E-06 3.27633708546143496E-05
3.62054127E+00 1.22124282472518053E-01 1.56807514865699464E-03 4.35675801248943742E-02 5.39964992525648463E-06 3.32613306414011997E-05
3.62884928E+00 1.22110628737115423E-01 1.57599163386655332E-03 4.38481037705477222E-02 5.41792556406637374E-06 3.37706068959731231E-05
3.63716435E+00 1.22096888582756552E-01 1.58398736154296681E-03 4.41226290335332560E-02 5.43630701325071569E-06 3.42910680578494231E-05
3.64548660E+00 1.22083060846457092E-01 1.59206377430522682E-03 4.43911069948931189E-02 5.45480102905249072E-06 3.48232982585729248E-05
3.65380530E+00 1.22069162514915883E-01 1.60021166647449239E-03 4.46531441692079381E-02 5.47337982472272965E-06 3.53667968047509504E-05
3.66211569E+00 1.22055200908396735E-01 1.60842737641343010E-03 4.49085696651228203E-02 5.49201985026803331E-06 3.59209180699048426E-05
3.67041775E+00 1.22041175470245400E-01 1.61671182907201292E-03 4.51573698859503436E-02 5.51072929549303383E-06 3.64860392687048541E-05
3.67871191E+00 1.22027084874908584E-01 1.62506639814490126E-03 4.53995416402190113E-02 5.52951497600782941E-06 3.70624468800858045E-05
3.68699859E+00 1.22012927789920497E-01 1.63349246034306950E-03 4.56350794048519873E-02 5.54837476464165757E-06 3.76500772876418562E-05
3.69527820E+00 1.21998702877610027E-01 1.64199139567487913E-03 4.58639762313499677E-02 5.56730386680479341E-06 3.82489273263701628E-05
3.70355113E+00 1.21984408794943183E-01 1.65056458707125899E-03 4.60862238422860629E-02 5.58629869113550728E-06 3.88593707440334975E-05
3.71181778E+00 1.21970044191543142E-01 1.65921341880879590E-03 4.63018127038328786E-02 5.60537874354543439E-06 3.94829265296635311E-05
3.72007851E+00 1.21955607702872046E-01 1.66793927236619341E-03 4.65107320997664372E-02 5.62453983272520819E-06 4.01195327780492036E-05
3.72833370E+00 1.21941097955152136E-01 1.67674352872260006E-03 4.67129699508796112E-02 5.64378551004747135E-06 4.07697125010904240E-05
3.73658371E+00 1.21926513563874198E-01 1.68562756556179497E-03 4.69085130086529314E-02 5.66311825524205648E-06 4.14337847110805737E-05
3.74482731E+00 1.21911855976019390E-01 1.69459101709061219E-03 4.70973100260261221E-02 5.68251237244239832E-06 4.21101121216317913E-05
3.75306348E+00 1.21897126276314383E-01 1.70363371640937038E-03 4.72793198355984587E-02 5.70198496675051660E-06 4.27998086298641062E-05
3.76129261E+00 1.21882323055699529E-01 1.71275699980840855E-03 4.74545349835516564E-02 5.72159752349007548E-06 4.35067836131715365E-05
3.76951508E+00 1.21867444878455397E-01 1.72196218318472591E-03 4.76229460582397179E-02 5.74133612190729642E-06 4.42295829392576353E-05
3.77773127E+00 1.21852490302698180E-01 1.73125057629763238E-03 4.77845421353509242E-02 5.76116163381230126E-06 4.49661064355137393E-05
3.78594154E+00 1.21837457890988751E-01 1.74062348837694691E-03 4.79393107264278820E-02 5.78104506083606788E-06 4.57153465491954666E-05
3.79414625E+00 1.21822346208575016E-01 1.75008222538343265E-03 4.80872381699771825E-02 5.80098385656374099E-06 4.64772083747287291E-05
3.80234575E+00 1.21807153817694247E-01 1.75962808609205737E-03 4.82283096190039007E-02 5.82100567591806871E-06 4.72535418253509329E-05
3.81054037E+00 1.21791879265761460E-01 1.76926235297547823E-03 4.83625090999667551E-02 5.84119591587536851E-06 4.80504288248220966E-05
3.81873045E+00 1.21776521059717271E-01 1.77898627393133940E-03 4.84898196350815325E-02 5.86151064177575986E-06 4.88649844282492161E-05
3.82691468E+00 1.21761080821678427E-01 1.78879910275351055E-03 4.86101981235284100E-02 5.88187456958802037E-06 4.96927303109044545E-05
3.83509237E+00 1.21745559032159154E-01 1.79870080326054258E-03 4.87236155504007923E-02 5.90226788907907147E-06 5.05327845053886400E-05
3.84326390E+00 1.21729943537099414E-01 1.80869229183816169E-03 4.88299808379536043E-02 5.92268922304480427E-06 5.13850993711200736E-05
3.85142963E+00 1.21714239700477345E-01 1.81877489393136968E-03 4.89295175222891066E-02 5.94318618089657714E-06 5.22534164929359200E-05
3.85958989E+00 1.21698448365486808E-01 1.82894984053609284E-03 4.90220573588083797E-02 5.96389408798068037E-06 5.31475654043693922E-05
3.86774506E+00 1.21682568733930588E-01 1.83921825968986889E-03 4.91075738929485292E-02 5.98483255923215809E-06 5.40677624662341683E-05
3.87589545E+00 1.21666599453368288E-01 1.84958122401001203E-03 4.91860510614943944E-02 6.00595873388444373E-06 5.50101070655788319E-05
3.88404142E+00 1.21650539001917454E-01 1.86003978443429808E-03 4.92574685747575597E-02 6.02721255477642437E-06 5.59699918519261853E-05
3.89218330E+00 1.21634385821354538E-01 1.87059498704817686E-03 4.93218053561495229E-02 6.04858667225264444E-06 5.69466793459230962E-05
3.90032140E+00 1.21618138340232496E-01 1.88124786385124006E-03 4.93790385946975274E-02 6.07008925010729566E-06 5.79399778340582809E-05
3.90845606E+00 1.21601794976338842E-01 1.89199942669866956E-03 4.94291439460575605E-02 6.09167617086148948E-06 5.89479304448117160E-05
3.91658559E+00 1.21585358218053746E-01 1.90284798525457545E-03 4.94720846521331317E-02 6.11330977591617961E-06 5.99691086851268922E-05
3.92470985E+00 1.21568827483356512E-01 1.91379382988947073E-03 4.95078373824608883E-02 6.13500306482027160E-06 6.10045463583922312E-05
3.93282919E+00 1.21552201195654061E-01 1.92483786612243049E-03 4.95363794440610780E-02 6.15678411102444932E-06 6.20580381411147184E-05
3.94094397E+00 1.21535477753275251E-01 1.93598094936873999E-03 4.95576822335945036E-02 6.17867778792687324E-06 6.31320407057954557E-05
3.94905452E+00 1.21518655531890313E-01 1.94722387872749798E-03 4.95663212317512467E-02 6.20066500990114078E-06 6.42221235129501755E-05
3.95716118E+00 1.21501732915870311E-01 1.95856743392906112E-03 4.95856135822993899E-02 6.22269638271719503E-06 6.53236292815228300E-05
3.96526428E+00 1.21484708317194184E-01 1.97001238496221677E-03 4.95844367019177210E-02 6.24476010873421032E-06 6.64342752096143017E-05
3.97336415E+00 1.21467580167999398E-01 1.98155948622062749E-03 4.95605053010103463E-02 6.26700832492176625E-06 6.75690177161329393E-05
3.98146111E+00 1.21450346828907874E-01 1.99320941217434816E-03 4.95602805103799657E-02 6.28956189944638452E-06 6.87411269159098813E-05
3.98955548E+00 1.21433006568565829E-01 2.00496272545387221E-03 4.95286776720456762E-02 6.31230094639625169E-06 6.99407721323806004E-05
3.99764536E+00 1.21415562454674969E-01 2.01681671428550384E-03 4.95034678377149900E-02 6.33510677602015148E-06 7.11569331845507050E-05
4.00573094E+00 1.21398013185208431E-01 2.02877165873128476E-03 4.94649563143182563E-02 6.35798914043437029E-06 7.23903310908691070E-05
4.01381261E+00 1.21380357088530580E-01 2.04082806202333499E-03 4.94201532242568090E-02 6.38096453828543346E-06 7.36418644453461511E-05
4.02189072E+00 1.21362592484741114E-01 2.05298638204944907E-03 4.93677281940215693E-02 6.40398979059445326E-06 7.49058033003588100E-05
4.02996563E+00 1.21344717714303607E-01 2.06524706606379515E-03 4.93078030520983437E-02 6.42708773786310258E-06 7.61837025807673399E-05
4.03803771E+00 1.21326731113001393E-01 2.07761053525690447E-03 4.92403154456077935E-02 6.45033749114264336E-06 7.74826522870766620E-05
4.04610730E+00 1.21308630976546455E-01 2.09007715806192474E-03 4.91652360886602816E-02 6.47365923808462463E-06 7.87940245511301903E-05
4.05417478E+00 1.21290415628776724E-01 2.10264729220772679E-03 4.90825301819069540E-02 6.49699627643209041E-06 8.01122450881601699E-05
4.06224049E+00 1.21272083427293106E-01 2.11532128713161870E-03 4.89921606855130559E-02 6.52030411729718031E-06 8.14330764462706914E-05
4.07030478E+00 1.21253632758625760E-01 2.12809947912519400E-03 4.88940914486371905E-02 6.54355743788023240E-06 8.27532436892182443E-05
4.07836801E+00 1.21235062031161953E-01 2.14098218398557595E-03 4.87882841692593786E-02 6.56673699496804124E-06 8.40727081803810405E-05
4.08642886E+00 1.21216373495283719E-01 2.15396701375771167E-03 4.86747221233519642E-02 6.58985355606477079E-06 8.53946063467377552E-05
4.09448691E+00 1.21197567471174730E-01 2.16705282867820509E-03 4.85533844206993345E-02 6.61300296309583404E-06 8.67280268882303037E-05
4.10254253E+00 1.21178642332941400E-01 2.18023969695337484E-03 4.84242391727733382E-02 6.63624058709459245E-06 8.80817951997468562E-05
4.11059611E+00 1.21159596381432325E-01 2.19352760729184899E-03 4.82872521176382283E-02 6.65959830265518732E-06 8.94520560649279383E-05
4.11864802E+00 1.21140427904664463E-01 2.20691652961298775E-03 4.81423896382461164E-02 6.68316480703097742E-06 9.08368220953212569E-05
4.12669864E+00 1.21121135188017190E-01 2.22040643013654126E-03 4.79896144337284419E-02 6.70690417289745978E-06 9.22328475246315509E-05
4.13473476E+00 1.21101749505326553E-01 2.23397426959618534E-03 4.78291551036292770E-02 6.73075120647262684E-06 9.36383412686376713E-05
4.14272726E+00 1.21082341935533133E-01 2.24756917365840671E-03 4.76616317768771905E-02 6.75461067599773913E-06 9.50480966388699770E-05
4.15067703E+00 1.21062911736327869E-01 2.26119035095868112E-03 4.74871538416968206E-02 6.77847760115271490E-06 9.64596787036787676E-05
4.15858504E+00 1.21043457837772553E-01 2.27483716614319950E-03 4.73058019516038042E-02 6.80230190421192700E-06 9.78679871985585394E-05
4.16645237E+00 1.21023978880178976E-01 2.28850919650042811E-03 4.71176498246774628E-02 6.82614061384361136E-06 9.92826326241380005E-05
4.17428021E+00 1.21004473125023340E-01 2.30220623230265996E-03 4.69227686194776533E-02 6.84996173489049670E-06 1.00697632954131397E-04
4.18206986E+00 1.20984938479070117E-01 2.31592835053354845E-03 4.67212222095272564E-02 6.87366055116347109E-06 1.02105113897536123E-04
4.18982279E+00 1.20965372486175782E-01 2.32967594803993715E-03 4.65130695952062981E-02 6.89742034448812849E-06 1.03518284726846898E-04
4.19754059E+00 1.20945772197339832E-01 2.34344968261934478E-03 4.62983642580589300E-02 6.92123773842526327E-06 1.04919997055668540E-04
4.20522502E+00 1.20926134238321506E-01 2.35725064121842251E-03 4.60771481667329036E-02 6.94502169217596592E-06 1.06303893059603009E-04
4.21287801E+00 1.20906454737345209E-01 2.37108035222144452E-03 4.58494570529210735E-02 6.96896500446958850E-06 1.07703651999578061E-04
4.22050168E+00 1.20886729079381111E-01 2.38494063148260308E-03 4.56153220647188828E-02 6.99305594326409552E-06 1.09105207318634963E-04
4.22808667E+00 1.20866982653642610E-01 2.39881231291330264E-03 4.53751178871605945E-02 7.01719519416254441E-06 1.10502527446895913E-04
4.23563221E+00 1.20847218909187079E-01 2.41269164995496681E-03 4.51290052668901903E-02 7.04125889909452286E-06 1.11885181924484825E-04
4.24314003E+00 1.20827434741676468E-01 2.42657953852244744E-03 4.48770544087322906E-02 7.06515282491016030E-06 1.13243436339628695E-04
4.25061204E+00 1.20807626511787836E-01 2.44047731189012693E-03 4.46193281307855905E-02 7.08891417465480387E-06 1.14575629011851415E-04
4.25805034E+00 1.20787789976971441E-01 2.45438675881317616E-03 4.43558802895813870E-02 7.11247818937103734E-06 1.15886077480873654E-04
4.26545723E+00 1.20767920207902155E-01 2.46831012485856233E-03 4.40867543714049889E-02 7.13600856580469019E-06 1.17191319781020941E-04
4.27283521E+00 1.20748011483486517E-01 2.48225010965214985E-03 4.38119838503329001E-02 7.15982735469406849E-06 1.18523994241198896E-04
4.28018701E+00 1.20728057165538707E-01 2.49620979719192499E-03 4.35315933411255240E-02 7.18391523268234617E-06 1.19887351378382295E-04
4.28750144E+00 1.20708088697311575E-01 2.51016570402628602E-03 4.32461348285085520E-02 7.20820712493879529E-06 1.21269979999948983E-04
4.29478070E+00 1.20688101219457028E-01 2.52411975337730196E-03 4.29557000405592360E-02 7.23266387572997272E-06 1.22661290929763336E-04
4.30202730E+00 1.20668089000148762E-01 2.53807450976807495E-03 4.26603455615909288E-02 7.25728878769104002E-06 1.24057949657840140E-04
4.30924401E+00 1.20648045387576425E-01 2.55203322289236948E-03 4.23601203868970433E-02 7.28207642825886064E-06 1.25473003402348739E-04
4.31643108E+00 1.20627970640737922E-01 2.56599428751626193E-03 4.20551777603586363E-02 7.30690234544549847E-06 1.26880168580743987E-04
4.32357456E+00 1.20607905214803732E-01 2.57992852943757104E-03 4.17462778980400295E-02 7.33167981391755180E-06 1.28271824777866371E-04
4.33067683E+00 1.20587844232539029E-01 2.59383836116949644E-03 4.14335536689322340E-02 7.35637665643560661E-06 1.29643785558497272E-04
4.33774053E+00 1.20567781844479166E-01 2.60772685285194867E-03 4.11170909981264723E-02 7.38089770779892251E-06 1.30986795572575655E-04
4.34476860E+00 1.20547711221880655E-01 2.62159778484095983E-03 4.07969699780728820E-02 7.40521255032345970E-06 1.32296654234341678E-04
4.35176429E+00 1.20527624500589237E-01 2.63545565849684048E-03 4.04732533015754181E-02 7.42947417754537191E-06 1.33591653088147244E-04
4.35873115E+00 1.20507512638359737E-01 2.64930561109681965E-03 4.01459879993326593E-02 7.45385890660797793E-06 1.34882943786046643E-04
4.36567306E+00 1.20487365351156381E-01 2.66315342433408883E-03 3.98152010514169000E-02 7.47826853439734446E-06 1.36160152388257717E-04
4.37259419E+00 1.20467171198964579E-01 2.67700561983792544E-03 3.94809039524329219E-02 7.50272495773649173E-06 1.37430948753809420E-04
4.37949908E+00 1.20446917530769748E-01 2.69086943998560115E-03 3.91430889059130940E-02 7.52737308389803535E-06 1.38714291201807798E-04
4.38638314E+00 1.20426618335231425E-01 2.70473386673325284E-03 3.88021860219412984E-02 7.55218042655981193E-06 1.40004867824349840E-04
4.39323095E+00 1.20406320340325806E-01 2.71856584183171896E-03 3.84591963554047483E-02 7.57714411102555697E-06 1.41305525185143898E-04
4.40004655E+00 1.20386012963144370E-01 2.73237135488246276E-03 3.81142071882152600E-02 7.60218747185595369E-06 1.42613882368925631E-04
4.40683425E+00 1.20365684396148184E-01 2.74615706113882875E-03 3.77672513905248017E-02 7.62717267724034506E-06 1.43911006473399086E-04
4.41359868E+00 1.20345321748735037E-01 2.75993031474360039E-03 3.74183523844682578E-02 7.65205142847707644E-06 1.45194301326500853E-04
4.42034473E+00 1.20324911057256484E-01 2.77369908652237403E-03 3.70675188128036515E-02 7.67690759062814262E-06 1.46470192863838532E-04
4.42707754E+00 1.20304437295258221E-01 2.78747187320327414E-03 3.67147445279402754E-02 7.70178953261417960E-06 1.47743963348429035E-04
4.43380247E+00 1.20283884428568411E-01 2.80125763075689564E-03 3.63600116201912502E-02 7.72679745216087352E-06 1.49024446288031150E-04
4.44051969E+00 1.20263252187851902E-01 2.81505461928801973E-03 3.60035741730015679E-02 7.75183657905241849E-06 1.50299986135777914E-04
4.44721540E+00 1.20242583689381566E-01 2.82883238908844623E-03 3.56464325805226703E-02 7.77685872297668659E-06 1.51562978535691627E-04
4.45389070E+00 1.20221876567530819E-01 2.84259095433775973E-03 3.52888430516587540E-02 7.80169203454461073E-06 1.52797437074867300E-04
4.46054662E+00 1.20201128563493478E-01 2.85633022207279876E-03 3.49310342779876742E-02 7.82641119767294650E-06 1.54007131080530983E-04
4.46718415E+00 1.20180337497639539E-01 2.87004997234445230E-03 3.45732534327967966E-02 7.85123835177989224E-06 1.55208892389452775E-04
4.47380424E+00 1.20159501221679385E-01 2.88374982443860258E-03 3.42157473799242773E-02 7.87614596884919432E-06 1.56409295449701609E-04
4.48040778E+00 1.20138617643824414E-01 2.89742923343897342E-03 3.38587722234153024E-02 7.90121459588682947E-06 1.57621652486708639E-04
4.48699561E+00 1.20117684726455967E-01 2.91108751551814177E-03 3.35025829758558158E-02 7.92639668075271738E-06 1.58844407723747125E-04
4.49356854E+00 1.20096700527137279E-01 2.92472388523968814E-03 3.31474400970753272E-02 7.95177563304895412E-06 1.60084969663061468E-04
4.50012733E+00 1.20075663190377602E-01 2.93833746284457220E-03 3.27936086979418867E-02 7.97722801770921468E-06 1.61334025805303218E-04
4.50667267E+00 1.20054570987373030E-01 2.95192731483752370E-03 3.24413534188735114E-02 8.00276840408154641E-06 1.62590575831705018E-04
4.51320524E+00 1.20033422299842929E-01 2.96549247486485937E-03 3.20909382093648374E-02 8.02844959907195810E-06 1.63857609265382937E-04
4.51972567E+00 1.20012215604674483E-01 2.97903196295749113E-03 3.17426299404879389E-02 8.05429023977732549E-06 1.65137508689234820E-04
4.52623452E+00 1.19990949475382261E-01 2.99254479516638475E-03 3.13966950056884589E-02 8.08027844867856076E-06 1.66429372262561219E-04
4.53273234E+00 1.19969622577826077E-01 3.00602998153527571E-03 3.10533991297420806E-02 8.10639360277426635E-06 1.67728857425825047E-04
4.53921963E+00 1.19948233675531618E-01 3.01948655546284504E-03 3.07130043486014172E-02 8.13251066877536783E-06 1.69022987688971770E-04
4.54569687E+00 1.19926781648232089E-01 3.03291362986416553E-03 3.03757720644151318E-02 8.15860902468146069E-06 1.70308255358780870E-04
4.55216448E+00 1.19905265468292568E-01 3.04631041083153632E-03 3.00419565886804393E-02 8.18475818237724571E-06 1.71591569257849888E-04
4.55862289E+00 1.19883684158743592E-01 3.05967619349908990E-03 2.97118070417904251E-02 8.21087664571389579E-06 1.72866710137000319E-04
4.56507247E+00 1.19862036798272314E-01 3.07301036653826430E-03 2.93855672806855976E-02 8.23689017851297630E-06 1.74125968747333644E-04
4.57151361E+00 1.19840322518692158E-01 3.08631241515676825E-03 2.90634758946258544E-02 8.26282775090020372E-06 1.75370669944565965E-04
4.57794666E+00 1.19818540476781060E-01 3.09958192532789516E-03 2.87457621531789463E-02 8.28866241670309831E-06 1.76598484544317869E-04
4.58437195E+00 1.19796689847783133E-01 3.11281858847489755E-03 2.84326458498464704E-02 8.31442806849862048E-06 1.77813735807409007E-04
4.59078982E+00 1.19774769807001011E-01 3.12602219392743358E-03 2.81243385454822796E-02 8.34024467672121220E-06 1.79026577291510023E-04
4.59720058E+00 1.19752779506997628E-01 3.13919261238185731E-03 2.78210414811610914E-02 8.36618541762878684E-06 1.80243128984468521E-04
4.60360455E+00 1.19730718044517404E-01 3.15232978762597675E-03 2.75229464228699851E-02 8.39220364714482747E-06 1.81461798027373922E-04
4.61000201E+00 1.19708584532240203E-01 3.16543377293307697E-03 2.72302338268452619E-02 8.41826111368261306E-06 1.82678350392496540E-04
4.61639326E+00 1.19686378133488494E-01 3.17850473948574344E-03 2.69430745901658927E-02 8.44435131732346102E-06 1.83889788552050331E-04
4.62277858E+00 1.19664098054210452E-01 3.19154295361465806E-03 2.66616288325530332E-02 8.47042152304150512E-06 1.85092244119729052E-04
4.62915822E+00 1.19641743558252647E-01 3.20454876530080557E-03 2.63860452423586057E-02 8.49641448993648981E-06 1.86282024066965207E-04
4.63553244E+00 1.19619313981219944E-01 3.21752259783778492E-03 2.61164619288737528E-02 8.52232989832338993E-06 1.87458372759750306E-04
4.64190146E+00 1.19596808716293523E-01 3.23046491709054430E-03 2.58530060701824722E-02 8.54819821806334690E-06 1.88621799353840453E-04
4.64826551E+00 1.19574227199142347E-01 3.24337619546615896E-03 2.55957949018641995E-02 8.57400555607922365E-06 1.89769566001274717E-04
4.65462477E+00 1.19551568921346635E-01 3.25625689461199507E-03 2.53449336920039472E-02 8.59972182459486402E-06 1.90901068933677445E-04
4.66097943E+00 1.19528833493259753E-01 3.26910749786817750E-03 2.51005192198283898E-02 8.62534376261269489E-06 1.92016414311150992E-04
4.66732963E+00 1.19506020592376430E-01 3.28192845077199388E-03 2.48626355083948411E-02 8.65089432114010824E-06 1.93118045838547737E-04
4.67367553E+00 1.19483129961686849E-01 3.29472014727892051E-03 2.46313567489170465E-02 8.67646426368396589E-06 1.94212264842725770E-04
4.68001724E+00 1.19460161371466173E-01 3.30748289318719656E-03 2.44067457592767809E-02 8.70214601211389937E-06 1.95307830571791281E-04
4.68635392E+00 1.19437118078977833E-01 3.32021494174466461E-03 2.41888879715569244E-02 8.72787095540577081E-06 1.96402539118966735E-04
4.69268502E+00 1.19414002251784085E-01 3.33291510014364304E-03 2.39778494926881185E-02 8.75367053283899966E-06 1.97499899847903047E-04
4.69901074E+00 1.19390813421798136E-01 3.34558357857525895E-03 2.37736538219320351E-02 8.77955418323059297E-06 1.98601219203552274E-04
4.70533130E+00 1.19367551043631268E-01 3.35822056162648781E-03 2.35763178056377365E-02 8.80558514618551475E-06 1.99708257790338439E-04
4.71164695E+00 1.19344214459763245E-01 3.37082618989500158E-03 2.33858473065356419E-02 8.83173513186527394E-06 2.00820114315281814E-04
4.71795797E+00 1.19320802930546477E-01 3.38340056819797560E-03 2.32022427767527920E-02 8.85787751077668885E-06 2.01932627421926226E-04
4.72426465E+00 1.19297315695518061E-01 3.39594380764155022E-03 2.30254991050219127E-02 8.88407896766790478E-06 2.03049901564272443E-04
4.73056733E+00 1.19273751905941194E-01 3.40845596897876475E-03 2.28556005457764937E-02 8.91034531800161478E-06 2.04172167600839724E-04
4.73686637E+00 1.19250110602959355E-01 3.42093704427053795E-03 2.26925295627511056E-02 8.93661920846949969E-06 2.05293795106114820E-04
4.74316216E+00 1.19226390770259996E-01 3.43338700210577821E-03 2.25362653492134149E-02 8.96293826446580298E-06 2.06415061138303535E-04
4.74945512E+00 1.19202591313345943E-01 3.44580577898968843E-03 2.23867785889410344E-02 8.98919987290810552E-06 2.07528062887914774E-04
4.75574570E+00 1.19178711040751659E-01 3.45819325487432220E-03 2.22440378877318892E-02 9.01541154641528614E-06 2.08634847199633033E-04
4.76203436E+00 1.19154748666834634E-01 3.47054926056808953E-03 2.21080112013484209E-02 9.04158294131310385E-06 2.09737281893294204E-04
4.76832162E+00 1.19130702822666495E-01 3.48287358599823176E-03 2.19786623900396702E-02 9.06774395081869376E-06 2.10835064039513015E-04
4.77460801E+00 1.19106572000457295E-01 3.49516594241964249E-03 2.18559527380990624E-02 9.09386935726039232E-06 2.11925150892594224E-04
4.78089407E+00 1.19082354572405527E-01 3.50742600705781929E-03 2.17398425784633698E-02 9.11993500836814642E-06 2.13004455664426773E-04
4.78718042E+00 1.19058048811896466E-01 3.51965347009585523E-03 2.16302869457250559E-02 9.14595687528960705E-06 2.14070698202942363E-04
4.79346766E+00 1.19033652832190986E-01 3.53184800940687478E-03 2.15272360444724031E-02 9.17198617112163937E-06 2.15125713582500446E-04
4.79975647E+00 1.19009164519760749E-01 3.54400926471627438E-03 2.14306361931499330E-02 9.19798273957375304E-06 2.16168286721678526E-04
4.80604755E+00 1.18984581568280706E-01 3.55613688975567506E-03 2.13404347724385698E-02 9.22389541677398249E-06 2.17196895333501280E-04
4.81234164E+00 1.18959901513772975E-01 3.56823061068896764E-03 2.12565805207652544E-02 9.24975924570935898E-06 2.18214465860497010E-04
4.81863955E+00 1.18935121679159331E-01 3.58029022524710425E-03 2.11790229647498690E-02 9.27561029797944892E-06 2.19222353741157930E-04
4.82494211E+00 1.18910239129523601E-01 3.59231562395527374E-03 2.11077154858510807E-02 9.30152453731949678E-06 2.20222930464187042E-04
4.83125024E+00 1.18885250556539146E-01 3.60430672933482804E-03 2.10426081837701423E-02 9.32741171984084336E-06 2.21216105665470261E-04
4.83756490E+00 1.18860152417910397E-01 3.61626364701802530E-03 2.09836582757557157E-02 9.35334712382145237E-06 2.22207329450966381E-04
4.84388715E+00 1.18834940813737550E-01 3.62818660038832395E-03 2.09308156457051892E-02 9.37943315277445781E-06 2.23206669439608826E-04
4.85021809E+00 1.18809611444942856E-01 3.64007593447676983E-03 2.08840364158425947E-02 9.40566190166915113E-06 2.24215203683305920E-04
4.85655821E+00 1.18784162544825794E-01 3.65193083845012601E-03 2.08432725285822990E-02 9.43201648438621541E-06 2.25229628400936397E-04
4.86290815E+00 1.18758591607029160E-01 3.66375090184935595E-03 2.08084859581629186E-02 9.45852833694173169E-06 2.26250986517552134E-04
4.86926919E+00 1.18732893546543358E-01 3.67553688444359180E-03 2.07972695276285556E-02 9.48518567350917550E-06 2.27279958968848846E-04
4.87564270E+00 1.18707062817796610E-01 3.68728975903126303E-03 2.07309857325902458E-02 9.51200721248811889E-06 2.28313595330070215E-04
4.88203015E+00 1.18681093357491760E-01 3.69901073313017373E-03 2.07318726832855550E-02 9.53890870953552344E-06 2.29347169351980327E-04
4.88843309E+00 1.18654978629571140E-01 3.71070131014349667E-03 2.07327822040143973E-02 9.56588742866970056E-06 2.30380430156759360E-04
4.89485322E+00 1.18628711585423804E-01 3.72236328364012638E-03 2.07317083306754121E-02 9.59297420843214851E-06 2.31415430141851560E-04
4.90129232E+00 1.18602284602235764E-01 3.73399871036060203E-03 2.07288570002626682E-02 9.62017362200873889E-06 2.32451187934961892E-04
4.90775232E+00 1.18575689458098626E-01 3.74560991482109779E-03 2.07263918278080966E-02 9.64748738554576688E-06 2.33487213972826188E-04
4.91423524E+00 1.18548917308032131E-01 3.75719948295713275E-03 2.07275538730935134E-02 9.67492443057985102E-06 2.34523362402250479E-04
4.92073669E+00 1.18521985864386448E-01 3.76875860524055351E-03 2.07364916721343023E-02 9.70256102208111985E-06 2.35563204464770846E-04
4.92723864E+00 1.18494969662362934E-01 3.78025463610914695E-03 2.08107130763173775E-02 9.73034216321840447E-06 2.36606288372829567E-04
4.93374212E+00 1.18467864512859608E-01 3.79168917574356336E-03 2.08127657022000694E-02 9.75821181539583903E-06 2.37648874118180235E-04
4.94024828E+00 1.18440665838454431E-01 3.80306404344152521E-03 2.08214930595832584E-02 9.78613586716783024E-06 2.38689758428165016E-04
4.94675831E+00 1.18413368635933630E-01 3.81438127911207930E-03 2.09126402264647564E-02 9.81406967581753755E-06 2.39728458149593491E-04
4.95327355E+00 1.18385967456606289E-01 3.82564311282551249E-03 2.09186022346998825E-02 9.84197197238929246E-06 2.40763750897541722E-04
4.95979540E+00 1.18358456410813842E-01 3.83685197773318441E-03 2.09918638269760878E-02 9.86980697558825541E-06 2.41793314765325452E-04
4.96632537E+00 1.18330829140597463E-01 3.84801048721911555E-03 2.10343632573332801E-02 9.89764423979430935E-06 2.42817951439537144E-04
4.97286507E+00 1.18303078748802970E-01 3.85912138099108208E-03 2.11027938243496110E-02 9.92550528192503545E-06 2.43840096766462081E-04
4.97941622E+00 1.18275197830676887E-01 3.87018752402097307E-03 2.11651050848117687E-02 9.95335398377765323E-06 2.44860730695119710E-04
4.98598063E+00 1.18247178514110041E-01 3.88121190779305283E-03 2.12387352804043368E-02 9.98117063734874161E-06 2.45878989718794163E-04
4.99256020E+00 1.18219012454115355E-01 3.89219763129741540E-03 2.13139453932269449E-02 1.00089811808853224E-05 2.46894442999056436E-04
4.99915693E+00 1.18190690835194206E-01 3.90314787486342567E-03 2.13961472951274233E-02 1.00368687114891777E-05 2.47909585527244516E-04
5.00577288E+00 1.18162204366511508E-01 3.91406585235267931E-03 2.14823188280260265E-02 1.00648145211082070E-05 2.48923704335604558E-04
5.01241022E+00 1.18133543345355654E-01 3.92495480931231815E-03 2.15740892715231281E-02 1.00927840776181256E-05 2.49935017502373965E-04
5.01907116E+00 1.18104697729702210E-01 3.93581801502838630E-03 2.16705689768846403E-02 1.01208100337246714E-05 2.50945416770035289E-04
5.02575795E+00 1.18075657176359552E-01 3.94665871677967947E-03 2.17722273207614919E-02 1.01489615821094785E-05 2.51960588585697616E-04
5.03247290E+00 1.18046411096453349E-01 3.95748009445726773E-03 2.18788275546613828E-02 1.01772425268147449E-05 2.52979671361272583E-04
5.03921832E+00 1.18016948747358685E-01 3.96828525932581364E-03 2.19905065902519271E-02 1.02056203721578971E-05 2.53999829802552441E-04
5.04599652E+00 1.17987259302587258E-01 3.97907721007208313E-03 2.21072207441853422E-02 1.02341012956260320E-05 2.55021408223085730E-04
5.05279038E+00 1.17957417227288142E-01 3.98982814390641972E-03 2.22287490573958649E-02 1.02626645423260318E-05 2.56043514437355414E-04
5.05959367E+00 1.17927449792159175E-01 4.00052799159306052E-03 2.23547819855194445E-02 1.02912899373871638E-05 2.57062451724463241E-04
5.06640549E+00 1.17897360989269659E-01 4.01117522373776320E-03 2.24853056996716025E-02 1.03198977341254097E-05 2.58074954031653817E-04
5.07322701E+00 1.17867145838636028E-01 4.02177151083215299E-03 2.26202632952575144E-02 1.03484355666700509E-05 2.59080958435408423E-04
5.08005945E+00 1.17836799065515030E-01 4.03231856005022236E-03 2.27596362856928892E-02 1.03768635457452635E-05 2.60079807694974896E-04
5.08690409E+00 1.17806315102398987E-01 4.04281811777401634E-03 2.29033909696518649E-02 1.04052261991527308E-05 2.61075261804390331E-04
5.09376086E+00 1.17775694429178124E-01 4.05326977075620189E-03 2.30514814337465720E-02 1.04334794658250563E-05 2.62065278238064986E-04
5.10062903E+00 1.17744940407304280E-01 4.06367213543525497E-03 2.32038385314381201E-02 1.04616345322817768E-05 2.63049021753257949E-04
5.10750996E+00 1.17714047164459990E-01 4.07402696641654023E-03 2.33604368229966657E-02 1.04897656366686285E-05 2.64028504647136769E-04
5.11440503E+00 1.17683008607560632E-01 4.08433599614322403E-03 2.35212698166451656E-02 1.05178413539231049E-05 2.65002626863977903E-04
5.12131562E+00 1.17651818512972337E-01 4.09460092591068525E-03 2.36863268279497753E-02 1.05459087344554486E-05 2.65973451051969073E-04
5.12824300E+00 1.17620471122837911E-01 4.10482323755639433E-03 2.38556030224670208E-02 1.05739962557592435E-05 2.66940992659950999E-04
5.13518059E+00 1.17588996307395430E-01 4.11499287585520394E-03 2.40289191710876988E-02 1.06020148236007882E-05 2.67900913451228075E-04
5.14212871E+00 1.17557392762697055E-01 4.12511014541531995E-03 2.42061982455721685E-02 1.06299198338438192E-05 2.68851835061713481E-04
5.14908559E+00 1.17525668784421458E-01 4.13517236076079223E-03 2.43873837954340714E-02 1.06576989803114529E-05 2.69794306268687778E-04
5.15605222E+00 1.17493820098959104E-01 4.14518091234149059E-03 2.45724399792913092E-02 1.06853275038581802E-05 2.70725327382837888E-04
5.16302990E+00 1.17461841017796137E-01 4.15513765293363136E-03 2.47613726626976817E-02 1.07128684146662358E-05 2.71646337084931590E-04
5.17001993E+00 1.17429725730575391E-01 4.16504446825832937E-03 2.49541793801726260E-02 1.07403749516793534E-05 2.72559100373168236E-04
5.17702362E+00 1.17397468377972145E-01 4.17490323600592638E-03 2.51508657698611103E-02 1.07679395390838590E-05 2.73468386790389558E-04
5.18404177E+00 1.17365065322824258E-01 4.18471509903307112E-03 2.53514281518765726E-02 1.07956052702596659E-05 2.74375561464185679E-04
5.19107262E+00 1.17332524559987078E-01 4.19447772036964615E-03 2.55557945854800878E-02 1.08233420579402589E-05 2.75276740469830876E-04
5.19811736E+00 1.17299840676403241E-01 4.20419291129136858E-03 2.57639612638430014E-02 1.08510757739068888E-05 2.76167278747350628E-04
5.20517707E+00 1.17267008617452817E-01 4.21386246469007426E-03 2.59759460476827360E-02 1.08788225236874778E-05 2.77047803234028436E-04
5.21225278E+00 1.17234023720840339E-01 4.22348810435241133E-03 2.61917588342760327E-02 1.09064883867450185E-05 2.77911926157079023E-04
5.21934539E+00 1.17200881791343817E-01 4.23307152687795417E-03 2.64114125175508932E-02 1.09340663405808041E-05 2.78757177095735023E-04
5.22644930E+00 1.17167609173590551E-01 4.24260575371059566E-03 2.66347311006832170E-02 1.09616421207484397E-05 2.79587230933333361E-04
5.23355962E+00 1.17134228985889030E-01 4.25208502553573592E-03 2.68615243120337438E-02 1.09892232868468379E-05 2.80405605441355101E-04
5.24067703E+00 1.17100738389226550E-01 4.26151114535911965E-03 2.70917801026504569E-02 1.10167478663359126E-05 2.81213224692142814E-04
5.24780224E+00 1.17067134324658276E-01 4.27088600819323407E-03 2.73255099012951613E-02 1.10442073307116502E-05 2.82013300065040752E-04
5.25493594E+00 1.17033413922522811E-01 4.28021147197631211E-03 2.75627140531443104E-02 1.10715092296600497E-05 2.82803165530612745E-04
5.26207873E+00 1.16999574492896177E-01 4.28948937776400287E-03 2.78033973600374969E-02 1.10986306512134136E-05 2.83581163053552086E-04
5.26922963E+00 1.16965621048655627E-01 4.29871952189511165E-03 2.80475144993488600E-02 1.11256800440656536E-05 2.84352421231012613E-04
5.27638845E+00 1.16931554716973668E-01 4.30790282893743319E-03 2.82950400858135651E-02 1.11525330031489964E-05 2.85111391644220474E-04
5.28355573E+00 1.16897373086958120E-01 4.31704123914671695E-03 2.85459821332176150E-02 1.11791923908605120E-05 2.85856194480844320E-04
5.29073201E+00 1.16863073867715148E-01 4.32613673948066806E-03 2.88003488517301690E-02 1.12056999533064551E-05 2.86587284619431687E-04
5.29791779E+00 1.16828654863422865E-01 4.33519135478132190E-03 2.90581499799543799E-02 1.12320178223829790E-05 2.87305138262948197E-04
5.30511358E+00 1.16794113902741609E-01 4.34420712290074437E-03 2.93193975208112904E-02 1.12582628175353566E-05 2.88015434115250827E-04
5.31231985E+00 1.16759448750010764E-01 4.35318607776112761E-03 2.95841050574678424E-02 1.12845154828215561E-05 2.88719459415543529E-04
5.31953553E+00 1.16724664706170836E-01 4.36212832221473910E-03 2.98522323251022535E-02 1.13106884404943534E-05 2.89413597180763690E-04
5.32676050E+00 1.16689762482022286E-01 4.37103523626640889E-03 3.01237673595777904E-02 1.13368440194639887E-05 2.90100857570167118E-04
5.33399531E+00 1.16654739485858513E-01 4.37990910417189287E-03 3.03987299263143579E-02 1.13630436014327139E-05 2.90781885576707770E-04
5.34124055E+00 1.16619592979038969E-01 4.38875226144708978E-03 3.06771432006432768E-02 1.13893154873562395E-05 2.91458654512016552E-04
5.34849683E+00 1.16584320038566502E-01 4.39756705091597262E-03 3.09590317536758176E-02 1.14157620416562649E-05 2.92141254848762042E-04
5.35576480E+00 1.16548917521717213E-01 4.40635582427511413E-03 3.12444231654760776E-02 1.14423569566625704E-05 2.92831175768785718E-04
5.36304512E+00 1.16513382052981201E-01 4.41512089036792156E-03 3.15333480401268837E-02 1.14688656192574721E-05 2.93516151413592669E-04
5.37033716E+00 1.16477716686246346E-01 4.42386303882347492E-03 3.18257901735648011E-02 1.14953197352920713E-05 2.94190136157175867E-04
5.37764097E+00 1.16441921235491283E-01 4.43258401611511862E-03 3.21217537026745673E-02 1.15217852820704343E-05 2.94850966753954543E-04
5.38495735E+00 1.16405991761798513E-01 4.44128665250694867E-03 3.24212776455382254E-02 1.15480934818373581E-05 2.95488443522383426E-04
5.39228716E+00 1.16369924226142202E-01 4.44997390704156542E-03 3.27244072565900102E-02 1.15742039488637462E-05 2.96100800613948768E-04
5.39962872E+00 1.16333711720256958E-01 4.45864069717799918E-03 3.30321344175604770E-02 1.16001716754515213E-05 2.96693862547459455E-04
5.40697983E+00 1.16297375295828037E-01 4.46728982027934981E-03 3.33422424935168465E-02 1.16261694769491322E-05 2.97277487543819207E-04
5.41434136E+00 1.16260914148918981E-01 4.47592547435810006E-03 3.36560040198579311E-02 1.16520004180768598E-05 2.97843308986486517E-04
5.42171371E+00 1.16224327665985089E-01 4.48455052138581594E-03 3.39732149569509714E-02 1.16775898364294768E-05 2.98393072292372813E-04
5.42908696E+00 1.16187665634476661E-01 4.49315553528280547E-03 3.42935669424649578E-02 1.17030567588191781E-05 2.98930615769223194E-04
5.43646122E+00 1.16150927953984046E-01 4.50174277649779096E-03 3.46170064587678142E-02 1.17285945579570433E-05 2.99458774168589645E-04
5.44383587E+00 1.16114118058111060E-01 4.51031365734006449E-03 3.49435252189063406E-02 1.17540506256027154E-05 2.99974205673615723E-04
5.45121074E+00 1.16077237220284082E-01 4.51887007406011603E-03 3.52731062155936179E-02 1.17793525641700873E-05 3.00477520458561939E-04
5.45858594E+00 1.16040285099200849E-01 4.52741423157772185E-03 3.56057500523629528E-02 1.18045315013185657E-05 3.00974664908778991E-04
5.46596159E+00 1.16003261316474690E-01 4.53594823262745087E-03 3.59414588276106561E-02 1.18296892223589875E-05 3.01469164362004648E-04
5.47333781E+00 1.15966165490199336E-01 4.54447415749118216E-03 3.62802330971002743E-02 1.18547421688664214E-05 3.01954583562753028E-04
5.48071472E+00 1.15928997241692450E-01 4.55299407621137520E-03 3.66220750637404266E-02 1.18797655215650183E-05 3.02436620686322762E-04
5.48809242E+00 1.15891756136325200E-01 4.56150997238052597E-03 3.69669849310968399E-02 1.19048365575290918E-05 3.02921363788724184E-04
5.49547102E+00 1.15854441697050961E-01 4.57002374278112859E-03 3.73149618099858360E-02 1.19300177923318026E-05 3.03411449420890435E-04
5.50285064E+00 1.15817053437252099E-01 4.57853722412844295E-03 3.76660054431347119E-02 1.19551372892402568E-05 3.03901216637596726E-04
5.51023136E+00 1.15779590913806713E-01 4.58705223967433625E-03 3.80201161909831872E-02 1.19802182662058299E-05 3.04405701147724837E-04
5.51761328E+00 1.15742053644968604E-01 4.59557055368612754E-03 3.83772934149418168E-02 1.20053267091135755E-05 3.04924279668752549E-04
5.52499651E+00 1.15704441159010227E-01 4.60409394971426130E-03 3.87375336073556287E-02 1.20305704727981609E-05 3.05448887370463561E-04
5.53238114E+00 1.15666753021079469E-01 4.61262425055591289E-03 3.91008312020297497E-02 1.20558439489719360E-05 3.05972393582898048E-04
5.53976725E+00 1.15628988806240340E-01 4.62116325083190491E-03 3.94671840819220202E-02 1.20810103295045146E-05 3.06495533663975151E-04
5.54715493E+00 1.15591148110938541E-01 4.62971266005785063E-03 3.98365860428205390E-02 1.21061939635562292E-05 3.07035924857568287E-04
5.55454427E+00 1.15553230455304107E-01 4.63827405678682650E-03 4.02090303528998133E-02 1.21315084934779976E-05 3.07593800905849935E-04
5.56193535E+00 1.15515235317145845E-01 4.64684898258569540E-03 4.05845085397165267E-02 1.21565460631318325E-05 3.08134127614700275E-04
5.56932825E+00 1.15477162301718742E-01 4.65543912692183495E-03 4.09630101237966199E-02 1.21813296244105057E-05 3.08657993461199153E-04
5.57672306E+00 1.15439011068035099E-01 4.66404620786267307E-03 4.13445260131089162E-02 1.22061785158830787E-05 3.09193872499435797E-04
5.58411984E+00 1.15400781184118006E-01 4.67267176420393601E-03 4.17290431341889034E-02 1.22311547420966374E-05 3.09755510802442056E-04
5.59151867E+00 1.15362472125303553E-01 4.68131714632316013E-03 4.21165464027206463E-02 1.22558677762946292E-05 3.10300442164584847E-04
5.59891962E+00 1.15324083534994015E-01 4.68998395954334235E-03 4.25070188376606289E-02 1.22804529995845983E-05 3.10835162188233846E-04
5.60632199E+00 1.15285619095139596E-01 4.69867292551876849E-03 4.29004033359096301E-02 1.23050568470304703E-05 3.11362872780242262E-04
5.61372580E+00 1.15247078732903990E-01 4.70738552742150027E-03 4.32966725997341595E-02 1.23296695874971768E-05 3.11880098708528116E-04
5.62113113E+00 1.15208462032057063E-01 4.71612324258172816E-03 4.36958029260029329E-02 1.23543146394709028E-05 3.12397009785872210E-04
5.62853804E+00 1.15169768471694453E-01 4.72488740302889378E-03 4.40977702335976288E-02 1.23789857839028670E-05 3.12920781907515412E-04
5.63594662E+00 1.15130997436942398E-01 4.73367917922806573E-03 4.45025471424735225E-02 1.24037709214989096E-05 3.13451703116967933E-04
5.64335692E+00 1.15092148218649479E-01 4.74249961148628680E-03 4.49101046141280671E-02 1.24287392505168807E-05 3.13984179684999689E-04
5.65076901E+00 1.15053220125868327E-01 4.75134980768257466E-03 4.53204104241011763E-02 1.24537039963646210E-05 3.14503542033312596E-04
5.65818297E+00 1.15014212585146630E-01 4.76023104098541490E-03 4.57334313511725335E-02 1.24785456059119701E-05 3.15007749644662441E-04
5.66559884E+00 1.14975125039503898E-01 4.76914460463507064E-03 4.61491306216395697E-02 1.25033689255336640E-05 3.15511721772213755E-04
5.67301670E+00 1.14935956875470119E-01 4.77809170844423377E-03 4.65674674653216714E-02 1.25282444393369282E-05 3.16022376163028302E-04
5.68043661E+00 1.14896707435229145E-01 4.78707348424600981E-03 4.69884005440795866E-02 1.25530281615118018E-05 3.16525268689295215E-04
5.68785861E+00 1.14857376103392333E-01 4.79609113496790116E-03 4.74118858240262994E-02 1.25777047005550120E-05 3.17014820670384904E-04
5.69528277E+00 1.14817962290930498E-01 4.80514595197647013E-03 4.78378739891000965E-02 1.26025724253459279E-05 3.17501328480260605E-04
5.70270914E+00 1.14778465325801604E-01 4.81423915161127008E-03 4.82663144862549437E-02 1.26276579992027060E-05 3.17994433581374680E-04
5.71013776E+00 1.14738884400066368E-01 4.82337176675753324E-03 4.86971523314189969E-02 1.26528690154239370E-05 3.18498185899114962E-04
5.71756869E+00 1.14699218650846799E-01 4.83254474819789191E-03 4.91303336080897990E-02 1.26781804779470229E-05 3.19022491831529411E-04
5.72500198E+00 1.14659467141839860E-01 4.84175895683456713E-03 4.95658001574725560E-02 1.27034587601527047E-05 3.19559879450868162E-04
5.73243766E+00 1.14619628979213461E-01 4.85101529566287198E-03 5.00034920150826054E-02 1.27285668025596373E-05 3.20101823624952626E-04
5.73987577E+00 1.14579703357538809E-01 4.86031474965169675E-03 5.04433432794332767E-02 1.27537370155466332E-05 3.20664855394513270E-04
5.74731636E+00 1.14539689394682759E-01 4.86965820287592679E-03 5.08852858397662658E-02 1.27790296950454600E-05 3.21261194492759828E-04
5.75475946E+00 1.14499586053678992E-01 4.87904626772047052E-03 5.13292517025698072E-02 1.28043387515470630E-05 3.21884261870450438E-04
5.76220510E+00 1.14459392281366576E-01 4.88847949482282534E-03 5.17751648519099716E-02 1.28295447221653543E-05 3.22515225774024203E-04
5.76965332E+00 1.14419107139913892E-01 4.89795861337751978E-03 5.22229504879163156E-02 1.28546915007542989E-05 3.23146231711751741E-04
5.77710413E+00 1.14378729747570629E-01 4.90748448384586543E-03 5.26725296101090354E-02 1.28799654297637122E-05 3.23789289142063265E-04
5.78455734E+00 1.14338260420566079E-01 4.91705760069539519E-03 5.31238069721844675E-02 1.29055979908039548E-05 3.24451491094195923E-04
5.79201252E+00 1.14297700476778591E-01 4.92667806058217327E-03 5.35766744401901807E-02 1.29313217255531863E-05 3.25124554051913655E-04
5.79946971E+00 1.14257048833286426E-01 4.93634646823615589E-03 5.40310466519755769E-02 1.29570536765871938E-05 3.25809740671919560E-04
5.80692894E+00 1.14216304433864879E-01 4.94606340186554139E-03 5.44868374250204457E-02 1.29829647628344104E-05 3.26516025413592674E-04
5.81439022E+00 1.14175466196840783E-01 4.95582937119471052E-03 5.49439573122684835E-02 1.30090280089932489E-05 3.27241385626981336E-04
5.82185358E+00 1.14134533054390239E-01 4.96564484715568324E-03 5.54023153602599405E-02 1.30350870334752700E-05 3.27978522562543783E-04
5.82931904E+00 1.14093503980857117E-01 4.97551027452420268E-03 5.58618180764454270E-02 1.30611758326540051E-05 3.28729544748202808E-04
5.83678661E+00 1.14052377976635672E-01 4.98542608518302410E-03 5.63223713068686169E-02 1.30873725325895393E-05 3.29508644043493128E-04
5.84425630E+00 1.14011154000494136E-01 4.99539265313973802E-03 5.67838789617152659E-02 1.31134522116189162E-05 3.30303833311907432E-04
5.85172811E+00 1.13969831134931976E-01 5.00541045918729763E-03 5.72462443306164803E-02 1.31392105274936119E-05 3.31101941560868539E-04
5.85920207E+00 1.13928408569896666E-01 5.01548006822296819E-03 5.77093684200328041E-02 1.31649977637725531E-05 3.31910396433229436E-04
5.86667816E+00 1.13886885433140433E-01 5.02560197470448312E-03 5.81731503960116816E-02 1.31909634125119775E-05 3.32744414713018698E-04
5.87415640E+00 1.13845260656776387E-01 5.03577644199894401E-03 5.86374900998062262E-02 1.32169814507075987E-05 3.33591670507773271E-04
5.88163677E+00 1.13803533164382548E-01 5.04600369298549394E-03 5.91022829208208492E-02 1.32430739923445798E-05 3.34441816463534956E-04
5.88911927E+00 1.13761702007445425E-01 5.05628407027907626E-03 5.95674269838070494E-02 1.32692389916721956E-05 3.35324539935154546E-04
5.89660391E+00 1.13719766175295445E-01 5.06661781418443584E-03 6.00328174768050837E-02 1.32957219312325127E-05 3.36284621937163453E-04
5.90409065E+00 1.13677724452077300E-01 5.07700490691041090E-03 6.04983507111176572E-02 1.33225035942889035E-05 3.37283438898156604E-04
5.91157950E+00 1.13635575749668524E-01 5.08744544413231286E-03 6.09639212808138140E-02 1.33492475848900375E-05 3.38290847934261097E-04
5.91907044E+00 1.13593319186972699E-01 5.09793971972596037E-03 6.14294246835992430E-02 1.33761580413515988E-05 3.39321572141819991E-04
5.92656345E+00 1.13550953829541820E-01 5.10848794213922958E-03 6.18947534647612194E-02 1.34031282667774131E-05 3.40372557707972225E-04
5.93405851E+00 1.13508478866336998E-01 5.11909043082871273E-03 6.23598053626718274E-02 1.34303682476228114E-05 3.41467514354719490E-04
5.94155558E+00 1.13465893433839615E-01 5.12974739354652830E-03 6.28244768250409563E-02 1.34575546233349363E-05 3.42583809959635260E-04
5.94905466E+00 1.13423196728781428E-01 5.14045898538827324E-03 6.32886665378463997E-02 1.34845621909371512E-05 3.43710866452579932E-04
5.95655569E+00 1.13380388063751780E-01 5.15122540431079117E-03 6.37522711800766612E-02 1.35114274368653533E-05 3.44854713538775065E-04
5.96405865E+00 1.13337466821151076E-01 5.16204686096991949E-03 6.42151861694775644E-02 1.35387714717721851E-05 3.46088400496526226E-04
5.97156350E+00 1.13294432062478606E-01 5.17292305898277727E-03 6.46773088724449385E-02 1.35662060505136420E-05 3.47349835415078204E-04
5.97907019E+00 1.13251283113943890E-01 5.18385396234986862E-03 6.51385340795780782E-02 1.35931949365598346E-05 3.48598011226836178E-04
5.98657869E+00 1.13208019629444490E-01 5.19483985855710359E-03 6.55987662428460239E-02 1.36198760523310702E-05 3.49836529521657766E-04
5.99408893E+00 1.13164641373348820E-01 5.20588106068584598E-03 6.60579040910722892E-02 1.36463836670257274E-05 3.51079297339184650E-04
6.00160086E+00 1.13121148126430746E-01 5.21697777194857475E-03 6.65158471030528192E-02 1.36731502106645103E-05 3.52373651915470726E-04
6.00911443E+00 1.13077539436956434E-01 5.22812976959886183E-03 6.69724999019032652E-02 1.37001170175283602E-05 3.53684352133338544E-04
6.01662957E+00 1.13033814918817241E-01 5.23933679208539015E-03 6.74277630484450136E-02 1.37272049295704827E-05 3.55017925270331442E-04
6.02414608E+00 1.12989974984513991E-01 5.25059825334558191E-03 6.78815371012882612E-02 1.37544658995997674E-05 3.56385721482257425E-04
6.03166362E+00 1.12946020980305331E-01 5.26191326299779542E-03 6.83337105100815384E-02 1.37818867705155782E-05 3.57776709055146165E-04
6.03918213E+00 1.12901952665971708E-01 5.27328131499957622E-03 6.87841976390907439E-02 1.38096949629066660E-05 3.59206741536732506E-04
6.04670154E+00 1.12857769778453867E-01 5.28470173382653268E-03 6.92329098929448244E-02 1.38376918854508246E-05 3.60670523636310366E-04
6.05422177E+00 1.12813472132627823E-01 5.29617379549037100E-03 6.96797606189081958E-02 1.38657109718839714E-05 3.62182532520951715E-04
6.06174276E+00 1.12769059593929286E-01 5.30769650857469168E-03 7.01246680915326714E-02 1.38936383277156099E-05 3.63784239259543356E-04
6.06926441E+00 1.12724532095036009E-01 5.31926806738186424E-03 7.05675343662260368E-02 1.39210626724210445E-05 3.65389422152562454E-04
6.07678665E+00 1.12679889894193141E-01 5.33088732102280673E-03 7.10082979056710917E-02 1.39480351267179365E-05 3.66976576124736437E-04
6.08430939E+00 1.12635133501461024E-01 5.34255345277624433E-03 7.14468581436035061E-02 1.39745733025525398E-05 3.68556253912435917E-04
6.09183252E+00 1.12590263474825300E-01 5.35426553882619501E-03 7.18831558425375577E-02 1.40011015187041473E-05 3.70179400257815872E-04
6.09935596E+00 1.12545280215011687E-01 5.36602216738680214E-03 7.23171107835291066E-02 1.40275562472472476E-05 3.71818698709804204E-04
6.10687960E+00 1.12500184249513510E-01 5.37782190282084030E-03 7.27486456141473725E-02 1.40539108588982357E-05 3.73465539405430657E-04
6.11440332E+00 1.12454976181330754E-01 5.38966325584816757E-03 7.31776973557026339E-02 1.40802245825138397E-05 3.75139168695846708E-04
6.12192702E+00 1.12409656628595755E-01 5.40154452320517134E-03 7.36042026315844450E-02 1.41063356978623271E-05 3.76814476671757242E-04
6.12945058E+00 1.12364226339550288E-01 5.41346398361712729E-03 7.40280918160323848E-02 1.41324811746460205E-05 3.78501711169665638E-04
6.13697388E+00 1.12318686112828373E-01 5.42541980465003140E-03 7.44493057144679643E-02 1.41587298883417715E-05 3.80209767773430395E-04
6.14449678E+00 1.12273036769847331E-01 5.43741006301752192E-03 7.48677820667515703E-02 1.41849067365244652E-05 3.81933846828876923E-04
6.15201916E+00 1.12227279163672700E-01 5.44943277025572437E-03 7.52834669643336896E-02 1.42110715700751938E-05 3.83686868890120714E-04
6.15954088E+00 1.12181414118113790E-01 5.46148573585702752E-03 7.56963079655283005E-02 1.42373036694872740E-05 3.85485291335068618E-04
6.16706181E+00 1.12135442456534951E-01 5.47356659337988258E-03 7.61062504147193425E-02 1.42634583544639541E-05 3.87320075894832545E-04
6.17458178E+00 1.12089365016301470E-01 5.48567301613815672E-03 7.65132500405097810E-02 1.42899767585431236E-05 3.89202733985836633E-04
6.18210065E+00 1.12043182575103387E-01 5.49780257842083075E-03 7.69172638274760734E-02 1.43168424769638543E-05 3.91134334200483652E-04
6.18961827E+00 1.11996895990687573E-01 5.50995280927075656E-03 7.73182457598682871E-02 1.43438941918546145E-05 3.93086711140251894E-04
6.19713447E+00 1.11950506310035863E-01 5.52212142490217297E-03 7.77161564009839767E-02 1.43712832591908055E-05 3.95083084702144236E-04
6.20464908E+00 1.11904014556762660E-01 5.53430602086617263E-03 7.81109616959728414E-02 1.43989558600961290E-05 3.97123444399277562E-04
6.21216193E+00 1.11857421837037785E-01 5.54650413078225813E-03 7.85026266288129937E-02 1.44263602111412006E-05 3.99173551470956962E-04
6.21967285E+00 1.11810729488579660E-01 5.55871350968615684E-03 7.88911150225639346E-02 1.44535028938295459E-05 4.01233122848225487E-04
6.22718164E+00 1.11763938950592612E-01 5.57093197288814623E-03 7.92764039208016108E-02 1.44805193911599726E-05 4.03297626261401513E-04
6.23468811E+00 1.11717051732324144E-01 5.58315743138795579E-03 7.96584659997967709E-02 1.45073516969839985E-05 4.05374621637301217E-04
6.24219207E+00 1.11670069316623100E-01 5.59538777978303356E-03 8.00372840833692423E-02 1.45342246056202779E-05 4.07478456509113894E-04
6.24969332E+00 1.11622993102610715E-01 5.60762079236244802E-03 8.04128415894764248E-02 1.45612222996772301E-05 4.09608307339637137E-04
6.25719164E+00 1.11575824536623389E-01 5.61985423013983045E-03 8.07851214592607836E-02 1.45880464586725227E-05 4.11725810398916152E-04
6.26468681E+00 1.11528565277630373E-01 5.63208625711623511E-03 8.11541114266021574E-02 1.46145900617712956E-05 4.13824194032536702E-04
6.27217862E+00 1.11481217095538501E-01 5.64431524886823983E-03 8.15198077619511963E-02 1.46408313197931103E-05 4.15894829684010120E-04
6.27966683E+00 1.11433781810273233E-01 5.65653975477206899E-03 8.18822033453997927E-02 1.46669906020221939E-05 4.17946994465366107E-04
6.28715121E+00 1.11386261207290740E-01 5.66875834345744681E-03 8.22412979087845802E-02 1.46932463769070027E-05 4.19992429079934127E-04
6.29463150E+00 1.11338656996493160E-01 5.68096959438217208E-03 8.25970890216621706E-02 1.47196271423253005E-05 4.22062360864722231E-04
6.30210747E+00 1.11290970774255815E-01 5.69317195804871275E-03 8.29495790761604068E-02 1.47459777832783388E-05 4.24154459647412571E-04
6.30957886E+00 1.11243204137992074E-01 5.70536398486705051E-03 8.32987737565008546E-02 1.47724433982614243E-05 4.26275730874663085E-04
6.31704540E+00 1.11195358706954905E-01 5.71754445275485159E-03 8.36446849821730759E-02 1.47987706543002132E-05 4.28416116872744703E-04
6.32450683E+00 1.11147436183584178E-01 5.72971246698280017E-03 8.39873247671763384E-02 1.48247914300224569E-05 4.30541804358016984E-04
6.33196286E+00 1.11099438416010179E-01 5.74186765249456218E-03 8.43267091875705976E-02 1.48506036789639918E-05 4.32663534332672958E-04
6.33941321E+00 1.11051367277858096E-01 5.75400989577928845E-03 8.46628563080145252E-02 1.48763101597973455E-05 4.34803867231814889E-04
6.34685761E+00 1.11003224581137844E-01 5.76613905431288404E-03 8.49957852965314148E-02 1.49021181534373927E-05 4.36954788985421624E-04
6.35429574E+00 1.10955012148068646E-01 5.77825522146856955E-03 8.53255209941111564E-02 1.49279832954528290E-05 4.39128046853275980E-04
6.36172731E+00 1.10906731733707159E-01 5.79035854488000636E-03 8.56520927387670744E-02 1.49537554139660239E-05 4.41314762631691735E-04
6.36915202E+00 1.10858385057464592E-01 5.80244932219987995E-03 8.59755291364190100E-02 1.49798143658074024E-05 4.43555691605476980E-04
6.37656955E+00 1.10809973707742274E-01 5.81452771639554434E-03 8.62958652514718011E-02 1.50060616476231652E-05 4.45844683485010107E-04
6.38397957E+00 1.10761499263195645E-01 5.82659399163510099E-03 8.66131356675666347E-02 1.50323019819595981E-05 4.48135933853372349E-04
6.39138177E+00 1.10712963461166103E-01 5.83864872520233665E-03 8.69273840303918383E-02 1.50585359528476715E-05 4.50433920239271695E-04
6.39877581E+00 1.10664368043598221E-01 5.85069259796912235E-03 8.72386503208840564E-02 1.50845597932389579E-05 4.52723073185697881E-04
6.40616135E+00 1.10615714913420038E-01 5.86272647395473002E-03 8.75469765328721755E-02 1.51104694905708160E-05 4.55005659440455392E-04
6.41353804E+00 1.10567006106754351E-01 5.87475125683132628E-03 8.78524084609785677E-02 1.51368140338317856E-05 4.57333230254032400E-04
6.42090555E+00 1.10518243571266231E-01 5.88676754237736632E-03 8.81549890430289029E-02 1.51633866488828296E-05 4.59688948796819466E-04
6.42826350E+00 1.10469429343774114E-01 5.89877584190234578E-03 8.84547620521184408E-02 1.51901688407274559E-05 4.62066523610092802E-04
6.43561153E+00 1.10420565537138457E-01 5.91077655730801697E-03 8.87517814180476539E-02 1.52169571526821416E-05 4.64450576019689290E-04
6.44294929E+00 1.10371654407759021E-01 5.92277008544004821E-03 8.90461004210143514E-02 1.52433061698689254E-05 4.66811604505441553E-04
6.45027638E+00 1.10322698438060335E-01 5.93475689341928497E-03 8.93377720105445888E-02 1.52690497455197244E-05 4.69142805324381700E-04
6.45759244E+00 1.10273700262818866E-01 5.94673732061656943E-03 8.96268502911504034E-02 1.52951091872656218E-05 4.71524197864994646E-04
6.46489707E+00 1.10224662333907736E-01 5.95871112568095284E-03 8.99133855488856992E-02 1.53214235574323639E-05 4.73954431432308887E-04
6.47218988E+00 1.10175587101445982E-01 5.97067769442924997E-03 9.01974328598314362E-02 1.53480031211482876E-05 4.76430815553391060E-04
6.47947049E+00 1.10126477020457594E-01 5.98263599803351958E-03 9.04790518687909190E-02 1.53750125808810232E-05 4.78985895988074176E-04
6.48673828E+00 1.10077335840640556E-01 5.99458418157711257E-03 9.07582987430650273E-02 1.54023761555492163E-05 4.81624682174936435E-04
6.49399263E+00 1.10028167462360521E-01 6.00652000774495442E-03 9.10352215621779426E-02 1.54293112065808274E-05 4.84260496451133324E-04
6.50123315E+00 1.09978974745477256E-01 6.01844154806702690E-03 9.13098885019480860E-02 1.54556332136498055E-05 4.86865835761855672E-04
6.50845942E+00 1.09929760824669751E-01 6.03034675061361099E-03 9.15823638560492731E-02 1.54818212710719346E-05 4.89449619887259669E-04
6.51567104E+00 1.09880528973458846E-01 6.04223323994514637E-03 9.18527140414131110E-02 1.55080914094372819E-05 4.92046809799301507E-04
6.52286759E+00 1.09831282400671137E-01 6.05409802983348806E-03 9.21209988445340078E-02 1.55342754159182455E-05 4.94677832819699604E-04
6.53004868E+00 1.09782024237250225E-01 6.06593753445707016E-03 9.23872796217120595E-02 1.55603336346160587E-05 4.97320524123772800E-04
6.53721389E+00 1.09732757735481093E-01 6.07774789890580362E-03 9.26516216683365562E-02 1.55863138566192417E-05 4.99971104863303900E-04
6.54436281E+00 1.09683486200993469E-01 6.08952494915535568E-03 9.29140926005987411E-02 1.56118016857262980E-05 5.02604499738837363E-04
6.55149506E+00 1.09634213141901082E-01 6.10126441780022705E-03 9.31747541139942848E-02 1.56367692991107738E-05 5.05198547308661279E-04
6.55861023E+00 1.09584942302010963E-01 6.11296204352813899E-03 9.34336668555943162E-02 1.56615432442682219E-05 5.07796579396846935E-04
6.56570792E+00 1.09535677341489210E-01 6.12461301633591450E-03 9.36908948155613930E-02 1.56862355934024784E-05 5.10376767840642950E-04
6.57278775E+00 1.09486422059735716E-01 6.13621252653669992E-03 9.39464923439502081E-02 1.57109273452410844E-05 5.12935670289193786E-04
6.57984934E+00 1.09437180293106048E-01 6.14775562678528901E-03 9.42005270070983419E-02 1.57357803559801698E-05 5.15468267022084936E-04
6.58689230E+00 1.09387955906733683E-01 6.15923726009846070E-03 9.44530542077314655E-02 1.57608497888531516E-05 5.17970258776409781E-04
6.59391628E+00 1.09338752789186242E-01 6.17065227636563567E-03 9.47041390520303589E-02 1.57858054849142337E-05 5.20435358869843971E-04
6.60092091E+00 1.09289574834790126E-01 6.18199543800894251E-03 9.49538411171786528E-02 1.58103433450873766E-05 5.22852377133741202E-04
6.60790585E+00 1.09240425957246451E-01 6.19326146865128296E-03 9.52022211439657456E-02 1.58343616607713461E-05 5.25230761816833803E-04
6.61487076E+00 1.09191310005612024E-01 6.20444503860563198E-03 9.54493352126824096E-02 1.58581386711158021E-05 5.27613229839587268E-04
6.62181531E+00 1.09142230620135547E-01 6.21554063599550743E-03 9.56952378377617929E-02 1.58818724460514985E-05 5.29987180324221260E-04
6.62873920E+00 1.09093191395594161E-01 6.22654282221486201E-03 9.59399866873860696E-02 1.59055900999407516E-05 5.32344234405341950E-04
6.63564214E+00 1.09044195890278875E-01 6.23744623783998534E-03 9.61836363821791940E-02 1.59293883833679191E-05 5.34707032864212479E-04
6.64252384E+00 1.08995247472160842E-01 6.24824544114946281E-03 9.64262401650441414E-02 1.59533283837326864E-05 5.37049415373002975E-04
6.64938405E+00 1.08946349551897706E-01 6.25893536740919614E-03 9.66678513170306231E-02 1.59769727676539286E-05 5.39332529989408811E-04
6.65622253E+00 1.08897505696322977E-01 6.26951152640840489E-03 9.69085174454417109E-02 1.60004974008451918E-05 5.41548445310361813E-04
6.66303907E+00 1.08848719473201960E-01 6.27996987596861952E-03 9.71482910486225065E-02 1.60235542279473821E-05 5.43671673824043565E-04
6.66983347E+00 1.08799994499460179E-01 6.29030698159376619E-03 9.73872196135920631E-02 1.60457619267363604E-05 5.45684698770648930E-04
6.67660556E+00 1.08751334404225658E-01 6.30052004292821176E-03 9.76253457008440240E-02 1.60679555999156449E-05 5.47616386342470720E-04
6.68335521E+00 1.08702742518501955E-01 6.31060656664935837E-03 9.78627184786398097E-02 1.60903573205090714E-05 5.49465086433943836E-04
6.69008229E+00 1.08654221935348530E-01 6.32056439886281244E-03 9.80993847711814915E-02 1.61129332713823121E-05 5.51228147974607246E-04
6.69678648E+00 1.08605777356830538E-01 6.33039143362486116E-03 9.83353761024711309E-02 1.61353510838950125E-05 5.52886836304830229E-04
6.70346680E+00 1.08557418275804327E-01 6.34008509438451894E-03 9.85707076824657163E-02 1.61572277477174149E-05 5.54409588065965888E-04
6.71012308E+00 1.08509148415827331E-01 6.34964465647267634E-03 9.88054127960601991E-02 1.61786822916749845E-05 5.55795321684465944E-04
6.71675521E+00 1.08460971330179470E-01 6.35906992370860371E-03 9.90395261792225701E-02 1.61995114739040849E-05 5.57034209333519248E-04
6.72336306E+00 1.08412890426743402E-01 6.36836120332035221E-03 9.92730854290052311E-02 1.62196514138885576E-05 5.58151099519027137E-04
6.72994657E+00 1.08364908798864901E-01 6.37751906710487624E-03 9.95061167496337773E-02 1.62395708003562827E-05 5.59205848811506552E-04
6.73650569E+00 1.08317028994241199E-01 6.38654393531743088E-03 9.97386623430719793E-02 1.62595122457597913E-05 5.60176656891763001E-04
6.74304042E+00 1.08269273857592774E-01 6.39544335809092823E-03 9.99702573662767241E-02 1.62797583286158082E-05 5.61096484002694229E-04
6.74955077E+00 1.08221631286319855E-01 6.40421394041436939E-03 1.00202027634235108E-01 1.63003641841056389E-05 5.61954192130368181E-04
6.75603681E+00 1.08174098288389309E-01 6.41285566544440386E-03 1.00433147031765965E-01 1.63211237525441468E-05 5.62729070232885031E-04
6.76249864E+00 1.08126674739105880E-01 6.42137005101665968E-03 1.00664047168402868E-01 1.63418193567807182E-05 5.63413546656348573E-04
6.76893639E+00 1.08079361302634347E-01 6.42975943342116111E-03 1.00894554010367246E-01 1.63620209033673789E-05 5.63992494517489163E-04
6.77535024E+00 1.08032158728372879E-01 6.43802669874727999E-03 1.01124769183294036E-01 1.63818018208391198E-05 5.64466956200191088E-04
6.78174041E+00 1.07985067520359482E-01 6.44617505584250006E-03 1.01354694505643994E-01 1.64013056463768817E-05 5.64838379819055563E-04
6.78810718E+00 1.07938087860037654E-01 6.45420792314543770E-03 1.01584368810702208E-01 1.64206294048669928E-05 5.65107734385956258E-04
6.79445083E+00 1.07891219592659376E-01 6.46212891314657846E-03 1.01813817210887045E-01 1.64396030284193775E-05 5.65278086573614818E-04
6.80077173E+00 1.07844462191030638E-01 6.46994179507970682E-03 1.02043067561542078E-01 1.64586710580740217E-05 5.65391214417700115E-04
6.80707028E+00 1.07797814560049179E-01 6.47765014550933434E-03 1.02272146337801267E-01 1.64779731878117141E-05 5.65483758771345973E-04
6.81334692E+00 1.07751275031946592E-01 6.48525735480386025E-03 1.02501086165191241E-01 1.64976733575159636E-05 5.65572620387842198E-04
6.81960214E+00 1.07704841351163275E-01 6.49276674899757888E-03 1.02729923194271267E-01 1.65173014030666263E-05 5.65622545088720905E-04
6.82583650E+00 1.07658510985975467E-01 6.50018207705841625E-03 1.02958689682311741E-01 1.65363944530214298E-05 5.65613234931463030E-04
6.83205058E+00 1.07612281134090035E-01 6.50750752997804327E-03 1.03187420705709298E-01 1.65550087017816420E-05 5.65555571070906304E-04
6.83824258E+00 1.07566166850506670E-01 6.51474461102646320E-03 1.03416074464454458E-01 1.65734337003403559E-05 5.65521890108123962E-04
6.84441134E+00 1.07520178088767515E-01 6.52189518265376949E-03 1.03644598581783196E-01 1.65917724378930683E-05 5.65501970039868681E-04
6.85055735E+00 1.07474312291173560E-01 6.52896362284397565E-03 1.03873011540268581E-01 1.66098605033840494E-05 5.65427817432838072E-04
6.85668116E+00 1.07428566689181257E-01 6.53595525009834522E-03 1.04101368023620272E-01 1.66279574302138816E-05 5.65286541067894070E-04
6.86278338E+00 1.07382938183603935E-01 6.54287607904138584E-03 1.04329687389907944E-01 1.66458414991490632E-05 5.65063875333834042E-04
6.86886464E+00 1.07337423311985369E-01 6.54973264098897192E-03 1.04558010789280384E-01 1.66635531770124021E-05 5.64771402560244407E-04
6.87492565E+00 1.07292018087338528E-01 6.55653162551574423E-03 1.04786373237552244E-01 1.66809612251756233E-05 5.64419814976768611E-04
6.88096713E+00 1.07246717971680672E-01 6.56327976069605214E-03 1.05014812708569369E-01 1.66987069430705047E-05 5.64068774293537416E-04
6.88698989E+00 1.07201517676057442E-01 6.56998342896463697E-03 1.05243363785310295E-01 1.67166437240149027E-05 5.63713624712478987E-04
6.89299475E+00 1.07156411387963252E-01 6.57664900127775606E-03 1.05472078179774581E-01 1.67347519019543437E-05 5.63358460557281246E-04
6.89898262E+00 1.07111392828065463E-01 6.58328284489625125E-03 1.05700995796130945E-01 1.67528754466084299E-05 5.62995741878115092E-04
6.90495442E+00 1.07066455297213259E-01 6.58989133136050551E-03 1.05930163910271824E-01 1.67708533456355350E-05 5.62610973220226368E-04
6.91091115E+00 1.07021591712796627E-01 6.59648092139030525E-03 1.06159638654166000E-01 1.67888166233180489E-05 5.62214019681135961E-04
6.91685382E+00 1.06976794482837756E-01 6.60305797800845098E-03 1.06389475541453435E-01 1.68066330779811392E-05 5.61820528386568424E-04
6.92278005E+00 1.06932081756247355E-01 6.60962491601326755E-03 1.06619605458409650E-01 1.68243636156355568E-05 5.61443412286873923E-04
6.92868817E+00 1.06887466261197842E-01 6.61618472107027272E-03 1.06849960983110767E-01 1.68419600709630714E-05 5.61085457449590048E-04
6.93457912E+00 1.06842941066392583E-01 6.62274308566600332E-03 1.07080587300539432E-01 1.68592097200385823E-05 5.60733955876188640E-04
6.94045386E+00 1.06798498885955995E-01 6.62930572403554273E-03 1.07311548847164651E-01 1.68763800386490006E-05 5.60423665737770573E-04
6.94631342E+00 1.06754131949658215E-01 6.63587828413475089E-03 1.07542892068895959E-01 1.68938357107678634E-05 5.60173052065129407E-04
6.95215887E+00 1.06709831954398551E-01 6.64246637618123338E-03 1.07774675796731931E-01 1.69112840905731261E-05 5.59956941322708058E-04
6.95799130E+00 1.06665590273909219E-01 6.64907582853042824E-03 1.08006959861404087E-01 1.69285326109197314E-05 5.59779987969358933E-04
6.96381187E+00 1.06621397926363007E-01 6.65571254919979875E-03 1.08239805643898568E-01 1.69453741571603338E-05 5.59610038940872869E-04
6.96962175E+00 1.06577245720689245E-01 6.66238277541082551E-03 1.08473279807624098E-01 1.69619615737557285E-05 5.59448411651884822E-04
6.97542217E+00 1.06533124157513662E-01 6.66909283325669601E-03 1.08707453304012533E-01 1.69784925556872490E-05 5.59323908598949684E-04
6.98121437E+00 1.06489023275784619E-01 6.67584881255259451E-03 1.08942399215014807E-01 1.69949118289012166E-05 5.59210303534096709E-04
6.98699966E+00 1.06444932844309822E-01 6.68265683817386141E-03 1.09178181999428692E-01 1.70113848283636845E-05 5.59115424782999251E-04
6.99277848E+00 1.06400848979798721E-01 6.68952204208618333E-03 1.09414860971536701E-01 1.70280347113818777E-05 5.59050425595796516E-04
6.99854574E+00 1.06356810036265972E-01 6.69644274811216113E-03 1.09652262493878022E-01 1.70447672712573949E-05 5.59038097686091512E-04
7.00430266E+00 1.06312806211356525E-01 6.70342438719710981E-03 1.09890420710316031E-01 1.70614841478049001E-05 5.59076633165542822E-04
7.01005048E+00 1.06268827362232365E-01 6.71047225619066014E-03 1.10129434644070892E-01 1.70781120484554527E-05 5.59136729505770686E-04
7.01579048E+00 1.06224863123239269E-01 6.71759173417882903E-03 1.10369367689714962E-01 1.70946674447429437E-05 5.59224234491262654E-04
7.02152396E+00 1.06180902854920878E-01 6.72478828423844766E-03 1.10610318847356393E-01 1.71112156593246431E-05 5.59359147867708145E-04
7.02725226E+00 1.06136935583731190E-01 6.73206729437383737E-03 1.10852353292995892E-01 1.71276637890921946E-05 5.59540626314108838E-04
7.03297672E+00 1.06092950064533204E-01 6.73943410247293973E-03 1.11095561430751180E-01 1.71440126853378305E-05 5.59764315074792458E-04
7.03869871E+00 1.06048934859582916E-01 6.74689413417235012E-03 1.11340029761548512E-01 1.71605453398691165E-05 5.60065666075609380E-04
7.04441962E+00 1.06004878207413680E-01 6.75445272402981720E-03 1.11585848298287341E-01 1.71779538575632086E-05 5.60506257949020437E-04
7.05014086E+00 1.05960767899239985E-01 6.76211489876347559E-03 1.11833106269816906E-01 1.71957172703287747E-05 5.61034228669838350E-04
7.05586382E+00 1.05916571953607125E-01 6.76987883919494531E-03 1.12082366356550681E-01 1.72134885041059133E-05 5.61610261960491424E-04
7.06158995E+00 1.05872291162936158E-01 6.77775458480465044E-03 1.12332738831248891E-01 1.72314715305083527E-05 5.62234989691906334E-04
7.06731401E+00 1.05827969054737125E-01 6.78574007207000465E-03 1.12584697096062822E-01 1.72495657996254069E-05 5.62921719467266227E-04
7.07303656E+00 1.05783601792302479E-01 6.79383985670855596E-03 1.12838050683331734E-01 1.72676101095568960E-05 5.63651819476446961E-04
7.07875899E+00 1.05739177844067223E-01 6.80205956180147606E-03 1.13093004963814359E-01 1.72855451390663526E-05 5.64428159434286151E-04
7.08448272E+00 1.05694685199085314E-01 6.81040476193426909E-03 1.13349619583340042E-01 1.73035357085391847E-05 5.65249450696167000E-04
7.09020918E+00 1.05650111573650327E-01 6.81888096569563742E-03 1.13608007283385992E-01 1.73216980136444828E-05 5.66118313395474397E-04
7.09593978E+00 1.05605444518308889E-01 6.82749353232812994E-03 1.13868254530750418E-01 1.73399551934734486E-05 5.67057264369313484E-04
7.10167597E+00 1.05560671420186852E-01 6.83624756081863127E-03 1.14130460641673009E-01 1.73582566212587605E-05 5.68066925831396240E-04
7.10741915E+00 1.05515779562012676E-01 6.84514814712329413E-03 1.14394725985482879E-01 1.73766191012239144E-05 5.69132229320145852E-04
7.11316166E+00 1.05470827589641325E-01 6.85418620365628537E-03 1.14660760161354000E-01 1.73949052053651799E-05 5.70250239726003490E-04
7.11890435E+00 1.05425807586563738E-01 6.86336557522692313E-03 1.14928576595899348E-01 1.74132603993846324E-05 5.71436531891381561E-04
7.12464872E+00 1.05380706267861862E-01 6.87269109149010998E-03 1.15198302478539460E-01 1.74319407734249517E-05 5.72703829609663663E-04
7.13038811E+00 1.05335574621741257E-01 6.88215399900087271E-03 1.15469670743843664E-01 1.74509332440512895E-05 5.74053177982817545E-04
7.13612065E+00 1.05290426037702251E-01 6.89175285891994310E-03 1.15742571543753572E-01 1.74697407000889626E-05 5.75419507769040655E-04
7.14184790E+00 1.05245247175155140E-01 6.90149209808267779E-03 1.16017107461671792E-01 1.74882257810453111E-05 5.76788940867206798E-04
7.14757144E+00 1.05200024667812128E-01 6.91137633988000294E-03 1.16293376278737717E-01 1.75066843652431132E-05 5.78185463430260253E-04
7.15329284E+00 1.05154744972254244E-01 6.92141013679077599E-03 1.16571468927101560E-01 1.75250160270139775E-05 5.79609877001837823E-04
7.15901367E+00 1.05109394407852802E-01 6.93159811723575298E-03 1.16851482889619981E-01 1.75431947207916229E-05 5.81107248618634880E-04
7.16473551E+00 1.05063959076539787E-01 6.94194469552300054E-03 1.17133517466338460E-01 1.75614860254912697E-05 5.82718142546511460E-04
7.17045240E+00 1.05018484924037675E-01 6.95243995173134514E-03 1.17417322600016388E-01 1.75805006132572736E-05 5.84426542279216843E-04
7.17616382E+00 1.04972974804191821E-01 6.96308358016429173E-03 1.17702823415092264E-01 1.76000665683167540E-05 5.86225689807245076E-04
7.18187141E+00 1.04927414362425586E-01 6.97387927165176499E-03 1.17990142549544250E-01 1.76194829616835462E-05 5.88076386627416482E-04
7.18757679E+00 1.04881789293502989E-01 6.98483093034516379E-03 1.18279360659836644E-01 1.76386095951123676E-05 5.89974660194190928E-04
7.19327988E+00 1.04836099026132293E-01 6.99593909966373436E-03 1.18570488877828686E-01 1.76575191116418124E-05 5.91913573404372713E-04
7.19898216E+00 1.04790330518738095E-01 7.00720730863069186E-03 1.18863599876185153E-01 1.76765280941684466E-05 5.93907982645793583E-04
7.20468525E+00 1.04744469309415084E-01 7.01863942863064239E-03 1.19158784214703523E-01 1.76956043168379405E-05 5.95962614141987601E-04
7.21039078E+00 1.04698500873649056E-01 7.03023930493807802E-03 1.19456130734934760E-01 1.77141307649227515E-05 5.98043009706707260E-04
7.21610037E+00 1.04652410806149884E-01 7.04201100051418324E-03 1.19755729189389801E-01 1.77324577205200139E-05 6.00163403657715780E-04
7.22181559E+00 1.04606184722940046E-01 7.05395867159982082E-03 1.20057664856167604E-01 1.77505485813559136E-05 6.02315875389726929E-04
7.22753574E+00 1.04559826902384287E-01 7.06608169238866213E-03 1.20361913811137838E-01 1.77688966207025531E-05 6.04521924153003914E-04
7.23325739E+00 1.04513363651950145E-01 7.07837323265963353E-03 1.20668298283141656E-01 1.77877667032996449E-05 6.06797649649986324E-04
7.23898225E+00 1.04466779659629666E-01 7.09083700539052744E-03 1.20976870742354720E-01 1.78073328369428424E-05 6.09161869167023501E-04
7.24471199E+00 1.04420059479250746E-01 7.10347663666251270E-03 1.21287734021786511E-01 1.78274426883702013E-05 6.11603103661291308E-04
7.25044798E+00 1.04373190092487050E-01 7.11629506577989360E-03 1.21600959906890294E-01 1.78473569223680991E-05 6.14095152013243188E-04
7.25619143E+00 1.04326159979526698E-01 7.12929490376494005E-03 1.21916599558611810E-01 1.78673902452144021E-05 6.16653304982086128E-04
7.26194397E+00 1.04278953742190525E-01 7.14247971175158581E-03 1.22234735172509559E-01 1.78878040825352692E-05 6.19277707934240743E-04
7.26770724E+00 1.04231556007765458E-01 7.15585313515792326E-03 1.22555452795460346E-01 1.79079943970047207E-05 6.21932813067939860E-04
7.27348231E+00 1.04183956097221905E-01 7.16941780063891539E-03 1.22878799397414237E-01 1.79275836696260141E-05 6.24607574798706142E-04
7.27926360E+00 1.04136198223626533E-01 7.18316058959270892E-03 1.23204477495096193E-01 1.79471776510523392E-05 6.27320651828430645E-04
7.28505294E+00 1.04088265800477142E-01 7.19708548453039821E-03 1.23532511424792407E-01 1.79669419336051638E-05 6.30080194507904017E-04
7.29085213E+00 1.04040142146355818E-01 7.21119647722748280E-03 1.23863009727610482E-01 1.79868569253751823E-05 6.32899963879632603E-04
7.29666294E+00 1.03991810469853729E-01 7.22549736637753161E-03 1.24196041545611882E-01 1.80070427462422544E-05 6.35796085278782621E-04
7.30248714E+00 1.03943253877411698E-01 7.23999183291513474E-03 1.24531691245058238E-01 1.80277057482182841E-05 6.38780334168902435E-04
7.30832648E+00 1.03894455368757452E-01 7.25468354651776122E-03 1.24870033011755824E-01 1.80483700260963019E-05 6.41838373248430362E-04
7.31418269E+00 1.03845397985369500E-01 7.26957625229161363E-03 1.25211142276176718E-01 1.80694754658728732E-05 6.44982224177978046E-04
7.32005749E+00 1.03796064776254610E-01 7.28467370069383301E-03 1.25555092625600273E-01 1.80911863382995641E-05 6.48212225835737704E-04
7.32595256E+00 1.03746438792252302E-01 7.29997962244636339E-03 1.25901952581802229E-01 1.81132701280715640E-05 6.51506767955047149E-04
7.33186296E+00 1.03696559193461130E-01 7.31548046005912715E-03 1.26251428817355016E-01 1.81350695316803588E-05 6.54837624345718590E-04
7.33779027E+00 1.03646410269895517E-01 7.33117966226293737E-03 1.26603534241633925E-01 1.81569360527451523E-05 6.58228707391260329E-04
7.34373653E+00 1.03595972385041271E-01 7.34708173331598442E-03 1.26958371808653103E-01 1.81789364731558958E-05 6.61644758377868719E-04
7.34970372E+00 1.03545225897081997E-01 7.36319144367756240E-03 1.27316020875876929E-01 1.82006165885275892E-05 6.65088560043922681E-04
7.35569384E+00 1.03494151071524973E-01 7.37951351506409021E-03 1.27676562913456221E-01 1.82223520161249990E-05 6.68592061803609510E-04
7.36170887E+00 1.03442728041668291E-01 7.39605255558007605E-03 1.28040081513858262E-01 1.82446317765699327E-05 6.72189964423498647E-04
7.36775073E+00 1.03390936751748777E-01 7.41281285190499139E-03 1.28406649352427460E-01 1.82677178129758915E-05 6.75895142450674878E-04
7.37382137E+00 1.03338756995216330E-01 7.42979831760325147E-03 1.28776344389569003E-01 1.82914171297329170E-05 6.79699235650493556E-04
7.37992268E+00 1.03286168559983849E-01 7.44701252903487865E-03 1.29149248922069637E-01 1.83151835406650339E-05 6.83575700555982759E-04
7.38605652E+00 1.03233151283819005E-01 7.46445887762316532E-03 1.29525422595563905E-01 1.83395357726428600E-05 6.87560451625851771E-04
7.39222475E+00 1.03179685119150669E-01 7.48214055270382799E-03 1.29904948241701124E-01 1.83646297961287469E-05 6.91676252725095852E-04
7.39842915E+00 1.03125749994671459E-01 7.50006031167536804E-03 1.30287882161400886E-01 1.83900853520419405E-05 6.95888815866503672E-04
7.40467034E+00 1.03071336162960991E-01 7.51821722357442091E-03 1.30674225873560451E-01 1.84160480013283467E-05 7.00183802006954935E-04
7.41094954E+00 1.03016428611824626E-01 7.53661188650801492E-03 1.31063998195354442E-01 1.84420101729179726E-05 7.04534248520204132E-04
7.41726914E+00 1.02961001914940065E-01 7.55524806033128736E-03 1.31457298072403722E-01 1.84678707857519476E-05 7.08932156987056609E-04
7.42363151E+00 1.02905030839149578E-01 7.57412899844578900E-03 1.31854232653388054E-01 1.84941374033235750E-05 7.13398363221295342E-04
7.43003896E+00 1.02848490315926577E-01 7.59325719211456900E-03 1.32254896129953170E-01 1.85212884547883258E-05 7.17971008742620859E-04
7.43649376E+00 1.02791355369549572E-01 7.61263382655613663E-03 1.32659381075526273E-01 1.85484001331860208E-05 7.22654786209109626E-04
7.44299744E+00 1.02733607128170298E-01 7.63225660487711673E-03 1.33067727056491864E-01 1.85750929663839274E-05 7.27358942583094582E-04
7.44954968E+00 1.02675243789512372E-01 7.65211757075965129E-03 1.33479885792432140E-01 1.86019081523813296E-05 7.32032762174138229E-04
7.45615165E+00 1.02616250415373603E-01 7.67221335141000330E-03 1.33895852062291071E-01 1.86282186190266211E-05 7.36608547811157472E-04
7.46280447E+00 1.02556613313946429E-01 7.69254017315838205E-03 1.34315668646043246E-01 1.86544969109064395E-05 7.41168627845685654E-04
7.46950911E+00 1.02496319466152314E-01 7.71309231207963682E-03 1.34739349625249971E-01 1.86809104585485061E-05 7.45821400683158013E-04
7.47624396E+00 1.02435559823767994E-01 7.73379191275797972E-03 1.35165593074820789E-01 1.87076511105570406E-05 7.50500971005933293E-04
7.48298586E+00 1.02374542134933966E-01 7.75455514691514042E-03 1.35592813454346234E-01 1.87350470536321116E-05 7.55193893175807002E-04
7.48973645E+00 1.02313251423376397E-01 7.77537323412885902E-03 1.36020951598823853E-01 1.87632430709638286E-05 7.59882770395415024E-04
7.49649105E+00 1.02251730020936668E-01 7.79621764444260717E-03 1.36449785413894270E-01 1.87916022377936582E-05 7.64564498628639158E-04
7.50325152E+00 1.02189961294596399E-01 7.81707966444434091E-03 1.36879290889494465E-01 1.88201359213283606E-05 7.69221294386692594E-04
7.51000206E+00 1.02128090686860573E-01 7.83789599621457361E-03 1.37308565381279196E-01 1.88487012813200458E-05 7.73825526722896431E-04
7.51674258E+00 1.02066121336509080E-01 7.85865252924959796E-03 1.37737395865345891E-01 1.88772958730005068E-05 7.78542987702076825E-04
7.52347170E+00 1.02004067539720883E-01 7.87932905513532081E-03 1.38165732650958523E-01 1.89066189675627427E-05 7.83259381472885523E-04
7.53019090E+00 1.01941918089861361E-01 7.89991492346009926E-03 1.38593593152528893E-01 1.89368231904644597E-05 7.87906847244918321E-04
7.53690252E+00 1.01879653590671665E-01 7.92040373518545712E-03 1.39021096052616810E-01 1.89674900052183907E-05 7.92427886274232125E-04
7.54360902E+00 1.01817253868550381E-01 7.94079083194569255E-03 1.39448359738488431E-01 1.89980873156575391E-05 7.96788365302349122E-04
7.55031297E+00 1.01754697948187520E-01 7.96107312789613719E-03 1.39875511459136181E-01 1.90284312822176667E-05 8.00978528756300288E-04
7.55701704E+00 1.01691963725348569E-01 7.98124844131114890E-03 1.40302686240681457E-01 1.90587241868856428E-05 8.04996072024994681E-04
7.56372399E+00 1.01629027898813451E-01 8.00131587334241591E-03 1.40730026516830115E-01 1.90888243449405423E-05 8.08861273654941175E-04
7.57043408E+00 1.01565890869596109E-01 8.02126800880818489E-03 1.41157538901815205E-01 1.91184318214701989E-05 8.12688886206613622E-04
7.57714470E+00 1.01502579365756129E-01 8.04108800250377849E-03 1.41585008584942440E-01 1.91481937378467021E-05 8.16679648783054575E-04
7.58385828E+00 1.01439071881786691E-01 8.06077114498548325E-03 1.42012530929037262E-01 1.91778285298124554E-05 8.20637063632214878E-04
7.59057735E+00 1.01375346475353359E-01 8.08031563256968524E-03 1.42440275619846207E-01 1.92074748575588267E-05 8.24405838589373132E-04
7.59730451E+00 1.01311381059378397E-01 8.09972418255626610E-03 1.42868357657439826E-01 1.92371916853418943E-05 8.27964814538581159E-04
7.60404243E+00 1.01247152877928348E-01 8.11900225358147543E-03 1.43296916965215015E-01 1.92670459924564223E-05 8.31344637254864465E-04
7.61079386E+00 1.01182638124744498E-01 8.13815650008810516E-03 1.43726099520623624E-01 1.92969909758943982E-05 8.34567943933141429E-04
7.61756163E+00 1.01117811876022229E-01 8.15719425419199513E-03 1.44156054292469221E-01 1.93263578631200791E-05 8.37650765444121286E-04
7.62434426E+00 1.01052690253100944E-01 8.17611116925398736E-03 1.44586677693516519E-01 1.93553213043260003E-05 8.40679015230705469E-04
7.63113753E+00 1.00987315070126524E-01 8.19489556590268647E-03 1.45017664604190827E-01 1.93843572063715640E-05 8.43636852200336379E-04
7.63794367E+00 1.00921666239105506E-01 8.21355486201526437E-03 1.45449064604792982E-01 1.94133845752806906E-05 8.46580028882793498E-04
7.64476492E+00 1.00855723008367260E-01 8.23209710741334109E-03 1.45881031494065089E-01 1.94428562128666602E-05 8.49558282515831733E-04
7.65157205E+00 1.00789769231527243E-01 8.25044647119862855E-03 1.46311883730484149E-01 1.94726384014245240E-05 8.52598708658841228E-04
7.65835135E+00 1.00723939914399110E-01 8.26857187674611208E-03 1.46740424500140076E-01 1.95025057988311029E-05 8.55643196007335369E-04
7.66510806E+00 1.00658186960909557E-01 8.28649448177504883E-03 1.47166969270703218E-01 1.95324458138086620E-05 8.58684587406668628E-04
7.67184720E+00 1.00592463379526653E-01 8.30423511742190909E-03 1.47591879618310301E-01 1.95627715384743207E-05 8.61734568018296854E-04
7.67857362E+00 1.00526723366809345E-01 8.32181436767984867E-03 1.48015391734773488E-01 1.95924124596814111E-05 8.64709131327137063E-04
7.68529196E+00 1.00460922855609203E-01 8.33925355868071413E-03 1.48437772015782316E-01 1.96210442908848405E-05 8.67566775199304658E-04
7.69200668E+00 1.00395019467590968E-01 8.35657463959514971E-03 1.48859251336634829E-01 1.96499387102706996E-05 8.70395866826210031E-04
7.69872206E+00 1.00328971864274447E-01 8.37379885782925035E-03 1.49280039832117711E-01 1.96787333702493757E-05 8.73174584362440597E-04
7.70544217E+00 1.00262740118131952E-01 8.39094716581914764E-03 1.49700355022291037E-01 1.97069955698035758E-05 8.75915092335652801E-04
7.71216202E+00 1.00196373472892092E-01 8.40801721561071358E-03 1.50119910750123986E-01 1.97348064060647515E-05 8.78635967415240912E-04
7.71888401E+00 1.00129848153645631E-01 8.42502520292483931E-03 1.50538715266773732E-01 1.97620914075803183E-05 8.81341244184024241E-04
7.72561411E+00 1.00063104530025107E-01 8.44199583079696149E-03 1.50957155315389668E-01 1.97889789813005405E-05 8.84054958925523191E-04
7.73235807E+00 9.99960847009343373E-02 8.45895241837222103E-03 1.51375556650055837E-01 1.98155491259332851E-05 8.86802196391421474E-04
7.73912137E+00 9.99287324809721017E-02 8.47591701006993915E-03 1.51794219375494033E-01 1.98427124354457961E-05 8.89644654157316188E-04
7.74589188E+00 9.98611670049849715E-02 8.49286656728490130E-03 1.52212467774681615E-01 1.98698124504055585E-05 8.92534628332891308E-04
7.75264945E+00 9.97935888037445318E-02 8.50975778346591862E-03 1.52628958058012881E-01 1.98971675980885813E-05 8.95477656750588041E-04
7.75940051E+00 9.97259330372042563E-02 8.52661294524280355E-03 1.53043804121579946E-01 1.99248453950371549E-05 8.98486616216131822E-04
7.76614094E+00 9.96582405653418518E-02 8.54342678426533650E-03 1.53456977447346793E-01 1.99526974798222041E-05 9.01542887412375323E-04
7.77286865E+00 9.95905320944516365E-02 8.56019865304588276E-03 1.53868160222823291E-01 1.99800049376258444E-05 9.04620837872156824E-04
7.77958282E+00 9.95228154595289155E-02 8.57693043994602056E-03 1.54277298374200705E-01 2.00071264092484625E-05 9.07742161901866056E-04
7.78628477E+00 9.94550772583276121E-02 8.59362819918827771E-03 1.54684408237052984E-01 2.00343139971416371E-05 9.10963561812244173E-04
7.79297870E+00 9.93872741940814292E-02 8.61030387015844327E-03 1.55089703850123717E-01 2.00613230376743790E-05 9.14255628024367097E-04
7.79966913E+00 9.93193596317708677E-02 8.62696920646407323E-03 1.55493417295155090E-01 2.00878197521830445E-05 9.17590214793905672E-04
7.80635533E+00 9.92513398929034257E-02 8.64362243269206285E-03 1.55895521292480493E-01 2.01133939256456283E-05 9.20943216703082258E-04
7.81301973E+00 9.91833937267203314E-02 8.66021939393639417E-03 1.56295016987381657E-01 2.01386339733699349E-05 9.24313447118848739E-04
7.81966653E+00 9.91154787555140748E-02 8.67676957922156565E-03 1.56691817428646907E-01 2.01637163189653421E-05 9.27719539529612744E-04
7.82630030E+00 9.90475485364517017E-02 8.69328276309979352E-03 1.57086383961729803E-01 2.01883802681542732E-05 9.31183609225479450E-04
7.83292221E+00 9.89795910671855544E-02 8.70975980903297871E-03 1.57478716854673129E-01 2.02132101303609275E-05 9.34754562426955149E-04
7.83953641E+00 9.89115632085841023E-02 8.72620839391905975E-03 1.57868991716547530E-01 2.02383838785780494E-05 9.38401331795256149E-04
7.84614851E+00 9.88434066958687046E-02 8.74263963819544264E-03 1.58257514842527452E-01 2.02639831254318047E-05 9.42144984821437410E-04
7.85276437E+00 9.87750599864855305E-02 8.75906491596561976E-03 1.58644603727912920E-01 2.02892662433280587E-05 9.45960630646129640E-04
7.85937263E+00 9.87066396302307830E-02 8.77545284050654933E-03 1.59029705136410071E-01 2.03137293765958977E-05 9.49786801945577751E-04
7.86596196E+00 9.86382637849841232E-02 8.79177245396755083E-03 1.59411969598966113E-01 2.03378035882822460E-05 9.53609052593932909E-04
7.87253602E+00 9.85698954531823435E-02 8.80803026366361666E-03 1.59791503020645348E-01 2.03616743914013151E-05 9.57428133696888489E-04
7.87910060E+00 9.85014752688842393E-02 8.82423821588020595E-03 1.60168708357408096E-01 2.03854525325151689E-05 9.61302215065682310E-04
7.88566170E+00 9.84329405429271859E-02 8.84040861873934547E-03 1.60543886636652450E-01 2.04094714661742919E-05 9.65198367954759663E-04
7.89222556E+00 9.83642260674862795E-02 8.85655472792895408E-03 1.60917358340168931E-01 2.04336993948667102E-05 9.69164847875521752E-04
7.89879170E+00 9.82953358951712264E-02 8.87267351681050344E-03 1.61289126243422981E-01 2.04585698916999383E-05 9.73322679922423582E-04
7.90533945E+00 9.82264866198176295E-02 8.88871217052622509E-03 1.61658100332455673E-01 2.04834978495752690E-05 9.77509838857697818E-04
7.91187461E+00 9.81576178659199633E-02 8.90468395920400793E-03 1.62024162471850863E-01 2.05077410216123326E-05 9.81683977207283964E-04
7.91840316E+00 9.80886675596875784E-02 8.92060284082962611E-03 1.62387947039010327E-01 2.05319284732078739E-05 9.85928492753914342E-04
7.92493116E+00 9.80195717733263333E-02 8.93648247600403386E-03 1.62749664656704929E-01 2.05565011034924793E-05 9.90253815098931893E-04
7.93146479E+00 9.79502653031077836E-02 8.95233648969109494E-03 1.63109661612143270E-01 2.05816100227389013E-05 9.94679199286226026E-04
7.93800184E+00 9.78807708965111906E-02 8.96815842339540245E-03 1.63467852238624645E-01 2.06066269729039385E-05 9.99145436573442222E-04
7.94452481E+00 9.78112757204479821E-02 8.98390534320955836E-03 1.63823335519871882E-01 2.06320559729598706E-05 1.00369418327711599E-03
7.95104001E+00 9.77417132295389235E-02 8.99959141979382246E-03 1.64176042249111143E-01 2.06576707307372159E-05 1.00833684674665074E-03
7.95755375E+00 9.76720164496787807E-02 9.01523039465932340E-03 1.64526620393424861E-01 2.06826188970918389E-05 1.01296508313329517E-03
7.96407223E+00 9.76021193029009970E-02 9.03083663115611217E-03 1.64875262518521498E-01 2.07074504431230750E-05 1.01759577232460687E-03
7.97060158E+00 9.75319564824058266E-02 9.04642430491969796E-03 1.65222289840285530E-01 2.07324112771923739E-05 1.02227624724810472E-03
7.97714778E+00 9.74614635014535158E-02 9.06200674062749428E-03 1.65567965633968167E-01 2.07575525579584829E-05 1.02702459642723429E-03
7.98369277E+00 9.73908349983159671E-02 9.07753953773716635E-03 1.65911597666857147E-01 2.07824642063933312E-05 1.03179623023176505E-03
7.99023435E+00 9.73200957118115356E-02 9.09301628655120008E-03 1.66252520323339981E-01 2.08069104021659948E-05 1.03659553218850655E-03
7.99677946E+00 9.72491718866741461E-02 9.10845174431525531E-03 1.66591285792165811E-01 2.08312466508890858E-05 1.04142722156588341E-03
8.00333478E+00 9.71779915961485941E-02 9.12385947466385488E-03 1.66928193968511412E-01 2.08563048470845009E-05 1.04649892895963240E-03
8.00990674E+00 9.71064840622133246E-02 9.13924970590398317E-03 1.67263555227677274E-01 2.08814088545100746E-05 1.05162158985640589E-03
8.01650151E+00 9.70345814448454885E-02 9.15463228939973096E-03 1.67597595680971545E-01 2.09067061509300504E-05 1.05677693210266084E-03
8.02312495E+00 9.69622189074912932E-02 9.17001586565650492E-03 1.67930580299655241E-01 2.09325421105205047E-05 1.06193849672681670E-03
8.02977584E+00 9.68894089339947251E-02 9.18539178104268474E-03 1.68262472340736130E-01 2.09579067283441101E-05 1.06695326523527823E-03
8.03643491E+00 9.68163632197746454E-02 9.20071029510258036E-03 1.68592393167361215E-01 2.09834090156586993E-05 1.07198614394461256E-03
8.04310980E+00 9.67429987464636237E-02 9.21598065491081170E-03 1.68920035105781380E-01 2.10096562189249142E-05 1.07735745253232816E-03
8.04980783E+00 9.66692336534243635E-02 9.23120452758642747E-03 1.69246258324007220E-01 2.10362340073888073E-05 1.08298799019315760E-03
8.05650391E+00 9.65953433161316211E-02 9.24630828872259440E-03 1.69570062495235069E-01 2.10629348287641788E-05 1.08874592798434747E-03
8.06317642E+00 9.65215674798215184E-02 9.26122841792377874E-03 1.69889877608018658E-01 2.10894296284528776E-05 1.09442701822401022E-03
8.06983163E+00 9.64478401564370647E-02 9.27596645670573927E-03 1.70205818511204754E-01 2.11163678184349801E-05 1.09997834080732934E-03
8.07647596E+00 9.63740932762215397E-02 9.29052459208413312E-03 1.70518578896198980E-01 2.11439595988108237E-05 1.10543517141245074E-03
8.08311601E+00 9.63002559204341052E-02 9.30490440194873744E-03 1.70828304799205077E-01 2.11709902901769947E-05 1.11064345936654537E-03
8.08974331E+00 9.62264251960050776E-02 9.31907577541203104E-03 1.71134916432891943E-01 2.11969657797869759E-05 1.11571085219395170E-03
8.09633156E+00 9.61528977728699358E-02 9.33297041953445004E-03 1.71437193769762741E-01 2.12223142550097348E-05 1.12063779080847801E-03
8.10288718E+00 9.60796061508454868E-02 9.34659105456652275E-03 1.71734734427400060E-01 2.12480852538982713E-05 1.12582659059829436E-03
8.10941667E+00 9.60064800025126897E-02 9.35993578472435472E-03 1.72028582159947041E-01 2.12738966516249218E-05 1.13152612506908735E-03
8.11592664E+00 9.59334461299151398E-02 9.37299812124284260E-03 1.72318724396526263E-01 2.12996842243159593E-05 1.13720037253206736E-03
8.12242374E+00 9.58604314965268989E-02 9.38577797215290124E-03 1.72605603215816861E-01 2.13249157493439979E-05 1.14243767478722528E-03
8.12891473E+00 9.57873639787687331E-02 9.39828391272301555E-03 1.72889450966128816E-01 2.13493598316334686E-05 1.14713819519984828E-03
8.13540644E+00 9.57141710014896147E-02 9.41052900746445001E-03 1.73170626761978891E-01 2.13732881110826769E-05 1.15128643922580488E-03
8.14190577E+00 9.56407788182959129E-02 9.42252850376152674E-03 1.73449353512075161E-01 2.13971452076664564E-05 1.15508060119128789E-03
8.14841972E+00 9.55671116382160596E-02 9.43429624429124175E-03 1.73725921511915460E-01 2.14216417012186925E-05 1.15894584635803117E-03
8.15491299E+00 9.54935708336632633E-02 9.44576672048558739E-03 1.73999641564524882E-01 2.14459353611438912E-05 1.16284183933057267E-03
8.16136346E+00 9.54204108983106314E-02 9.45690274793673999E-03 1.74268355357926175E-01 2.14690912744901063E-05 1.16657544944370208E-03
8.16777784E+00 9.53475610507123345E-02 9.46771991339602492E-03 1.74532541530992263E-01 2.14917713575721606E-05 1.17052816814121417E-03
8.17416302E+00 9.52749455895994524E-02 9.47822600190698430E-03 1.74792882340042172E-01 2.15135365735679283E-05 1.17415102469540806E-03
8.18052619E+00 9.52024873764088786E-02 9.48843557497963154E-03 1.75049596026617876E-01 2.15350335583344658E-05 1.17761335462687462E-03
8.18687481E+00 9.51301056124132793E-02 9.49836458893117339E-03 1.75303071111991116E-01 2.15562450266753631E-05 1.18089774669225835E-03
8.19321663E+00 9.50577157334553946E-02 9.50802920731047552E-03 1.75553570439443973E-01 2.15772649602497485E-05 1.18393327364762027E-03
8.19955977E+00 9.49852291614631805E-02 9.51744499738395311E-03 1.75801478360681440E-01 2.15980884333847256E-05 1.18668125484133963E-03
8.20591264E+00 9.49125532030610231E-02 9.52662689811913099E-03 1.76047118296843969E-01 2.16185599919432536E-05 1.18917927067722050E-03
8.21224106E+00 9.48400831614520518E-02 9.53552938525461732E-03 1.76290113686212863E-01 2.16383015916352293E-05 1.19131133745038731E-03
8.21851842E+00 9.47681291960391775E-02 9.54412371361387964E-03 1.76528215184960868E-01 2.16576305830325333E-05 1.19307554908511639E-03
8.22475243E+00 9.46966087488688713E-02 9.55242998804586331E-03 1.76761719285122409E-01 2.16773344906838041E-05 1.19465378417859852E-03
8.23095093E+00 9.46254365612697879E-02 9.56046444157277950E-03 1.76991589211070749E-01 2.16965383099414022E-05 1.19612006653634475E-03
8.23712192E+00 9.45545248167003471E-02 9.56823956664461933E-03 1.77217949823486320E-01 2.17153408487634437E-05 1.19754655549148166E-03
8.24327354E+00 9.44837831974174452E-02 9.57576535500083773E-03 1.77441238522982547E-01 2.17340528449579651E-05 1.19929361843377699E-03
8.24941411E+00 9.44131175098271436E-02 9.58304526320370893E-03 1.77661716663520819E-01 2.17527597532290160E-05 1.20124861962923640E-03
8.25555209E+00 9.43424313393460973E-02 9.59008018604625215E-03 1.77879767113231141E-01 2.17712046320219651E-05 1.20279672004541469E-03
8.26169606E+00 9.42716291295178088E-02 9.59687911997788960E-03 1.78095672947074429E-01 2.17896110758775187E-05 1.20399003126334440E-03
8.26785473E+00 9.42006140263096092E-02 9.60345249385859481E-03 1.78309731589313264E-01 2.18078242863428392E-05 1.20501676937084085E-03
8.27403693E+00 9.41292868389702331E-02 9.60980893907559947E-03 1.78522266934322160E-01 2.18255420670326573E-05 1.20595317503879233E-03
8.28023304E+00 9.40577604340174234E-02 9.61593745004796045E-03 1.78733412835559741E-01 2.18436154300055623E-05 1.20669268060648207E-03
8.28637424E+00 9.39868323251020349E-02 9.62177576542844366E-03 1.78941721840226414E-01 2.18620364931556400E-05 1.20730752408977062E-03
8.29246948E+00 9.39164024821162041E-02 9.62734236967202790E-03 1.79143981836169836E-01 2.18810100789307382E-05 1.20785503247297643E-03
8.29852781E+00 9.38463691137256667E-02 9.63265392346692936E-03 1.79343704360673151E-01 2.19003911440943583E-05 1.20837109282020136E-03
8.30455846E+00 9.37766277385950614E-02 9.63772494987376327E-03 1.79539944724006695E-01 2.19203057898986619E-05 1.20887111425490483E-03
8.31057094E+00 9.37070701109018883E-02 9.64256826202568307E-03 1.79733730531558500E-01 2.19410889385958125E-05 1.20935402648542360E-03
8.31657510E+00 9.36375837735423100E-02 9.64719540127322202E-03 1.79925054270683810E-01 2.19619953940567969E-05 1.20990850983911731E-03
8.32258108E+00 9.35680518542233303E-02 9.65161582711390395E-03 1.80114458232971925E-01 2.19821698558731214E-05 1.21024998950350717E-03
8.32859938E+00 9.34983545872363764E-02 9.65584015290208396E-03 1.80302277654387305E-01 2.20026884157715016E-05 1.21046857829853788E-03
8.33464085E+00 9.34283680538346567E-02 9.65987841939821602E-03 1.80488859898742388E-01 2.20232739059525887E-05 1.21065202645203652E-03
8.34071668E+00 9.33579638000999329E-02 9.66373886746758198E-03 1.80674629014432458E-01 2.20435484682197466E-05 1.21082669078711471E-03
8.34683846E+00 9.32870085078904010E-02 9.66742807624682531E-03 1.80859954388605720E-01 2.20631714394018580E-05 1.21098087408969663E-03
8.35296539E+00 9.32159759002538085E-02 9.67092306026679990E-03 1.81044875224385365E-01 2.20831499293331649E-05 1.21116040730306364E-03
8.35903603E+00 9.31455796983598344E-02 9.67419650552979113E-03 1.81226574243995936E-01 2.21031876546618545E-05 1.21130396625954650E-03
8.36506074E+00 9.30757016871565923E-02 9.67726519269434225E-03 1.81403675829868077E-01 2.21230939044167012E-05 1.21148499145251934E-03
8.37105003E+00 9.30062215239446793E-02 9.68014385639838493E-03 1.81578707786692606E-01 2.21425574639894962E-05 1.21151272689805920E-03
8.37701448E+00 9.29370176365404838E-02 9.68284764158559678E-03 1.81751295054992462E-01 2.21612010167602680E-05 1.21139630692138544E-03
8.38296479E+00 9.28679673023362490E-02 9.68539100533236108E-03 1.81922108716122272E-01 2.21795700897097556E-05 1.21110611443813192E-03
8.38891174E+00 9.27989468350640390E-02 9.68778822780787599E-03 1.82091402098949695E-01 2.21978109952276059E-05 1.21080027312868302E-03
8.39486618E+00 9.27298308300999186E-02 9.69005070201659109E-03 1.82259547389041321E-01 2.22161177239083893E-05 1.21062072189666737E-03
8.40083909E+00 9.26604917421147006E-02 9.69218670833382409E-03 1.82426901235263422E-01 2.22346737833131102E-05 1.21048243211144334E-03
8.40684162E+00 9.25907997776010822E-02 9.69420485983301695E-03 1.82593829179445916E-01 2.22539996028686644E-05 1.21040933314636636E-03
8.41285040E+00 9.25210256573336109E-02 9.69610288169690804E-03 1.82760591348340856E-01 2.22733558507847097E-05 1.21030607003433811E-03
8.41884945E+00 9.24513551478705481E-02 9.69788414823510511E-03 1.82925598162085951E-01 2.22921903353079456E-05 1.21002955792176830E-03
8.42484166E+00 9.23817554092689897E-02 9.69956021664729329E-03 1.83089055909812087E-01 2.23111066794277600E-05 1.20984080106450683E-03
8.43083015E+00 9.23121903662398741E-02 9.70114011772723467E-03 1.83251507215520665E-01 2.23300476917062882E-05 1.20990801606916660E-03
8.43681573E+00 9.22426498667870964E-02 9.70262936245163028E-03 1.83413015482862540E-01 2.23491915526041438E-05 1.20997735188956533E-03
8.44277693E+00 9.21733832164751410E-02 9.70402996096403174E-03 1.83573590017786531E-01 2.23675354359452842E-05 1.20985525259663645E-03
8.44871472E+00 9.21043799651233563E-02 9.70535160077533494E-03 1.83732066929640531E-01 2.23852928451674948E-05 1.20960637034342303E-03
8.45463229E+00 9.20356037837163771E-02 9.70660322776562001E-03 1.83889451186652453E-01 2.24031377659108403E-05 1.20930833498394692E-03
8.46053308E+00 9.19670150047861151E-02 9.70779142666242101E-03 1.84045683137681493E-01 2.24210686183770404E-05 1.20891395999012563E-03
8.46642075E+00 9.18985710546705165E-02 9.70892144810216011E-03 1.84200991038609263E-01 2.24393448355010214E-05 1.20843157093092628E-03
8.47229914E+00 9.18302267694031532E-02 9.70999844899365222E-03 1.84355524229618289E-01 2.24584038285813305E-05 1.20806761577091620E-03
8.47817224E+00 9.17619344354493327E-02 9.71102658048840842E-03 1.84509457405041377E-01 2.24774432032053998E-05 1.20761397094534817E-03
8.48404412E+00 9.16936458370336965E-02 9.71201157160073679E-03 1.84662970607696708E-01 2.24956433029468998E-05 1.20704549881890883E-03
8.48991891E+00 9.16253126193122130E-02 9.71295993119196399E-03 1.84816220143672189E-01 2.25136391610697464E-05 1.20648546582235636E-03
8.49580074E+00 9.15568859376496430E-02 9.71387703776106608E-03 1.84969379765260566E-01 2.25311726723244893E-05 1.20585139478981691E-03
8.50167022E+00 9.14885912316816402E-02 9.71476703589053796E-03 1.85122650703184843E-01 2.25496930820557707E-05 1.20544951690415222E-03
8.50752037E+00 9.14205090074527160E-02 9.71563399287223538E-03 1.85274848184132812E-01 2.25681693103533669E-05 1.20500424710599406E-03
8.51335566E+00 9.13525866472450765E-02 9.71648713847744240E-03 1.85426390865256807E-01 2.25866224899975368E-05 1.20453610234732265E-03
8.51918070E+00 9.12847703891304929E-02 9.71733621247907950E-03 1.85577682277455414E-01 2.26061681674390400E-05 1.20427965894438229E-03
8.52500011E+00 9.12170050889508088E-02 9.71818880875299253E-03 1.85728850440068594E-01 2.26260946016826275E-05 1.20411695787969774E-03
8.53081848E+00 9.11492365012703948E-02 9.71905360938076987E-03 1.85880075717602483E-01 2.26454213191194384E-05 1.20387340714087575E-03
8.53664034E+00 9.10814119990833448E-02 9.71994031714155070E-03 1.86031472629815703E-01 2.26650485953430179E-05 1.20355436026906145E-03
8.54247011E+00 9.10134802204785043E-02 9.72085840255144766E-03 1.86183201553847211E-01 2.26842807320209918E-05 1.20292263359967700E-03
8.54831201E+00 9.09453926478140939E-02 9.72181944276655219E-03 1.86335446306280739E-01 2.27025714928633786E-05 1.20187238125206669E-03
8.55417007E+00 9.08771039666086272E-02 9.72283612114532500E-03 1.86488330131719698E-01 2.27208764320972992E-05 1.20060123224813818E-03
8.56001591E+00 9.08089466040695320E-02 9.72391394163111232E-03 1.86642079321540588E-01 2.27397461520394301E-05 1.19955064664368366E-03
8.56585117E+00 9.07409017080155617E-02 9.72505837680070172E-03 1.86794892087670195E-01 2.27588479547776607E-05 1.19857199438704065E-03
8.57168083E+00 9.06729115499003285E-02 9.72627457446531389E-03 1.86858220662113689E-01 2.27775601193078610E-05 1.19753074292891265E-03
8.57750972E+00 9.06049204703687078E-02 9.72756920839047169E-03 1.87233127792480886E-01 2.27956417034301200E-05 1.19647587074089303E-03
8.58334247E+00 9.05368744246360241E-02 9.72894826511742396E-03 1.87245769683440699E-01 2.28144968931346896E-05 1.19591671735380157E-03
8.58918347E+00 9.04687200660167778E-02 9.73041390388739227E-03 1.87290960700815801E-01 2.28341115134034395E-05 1.19545372488924278E-03
8.59503645E+00 9.04004121695136248E-02 9.73197033846413991E-03 1.87691935040902258E-01 2.28550982761545861E-05 1.19519281256013927E-03
8.60090429E+00 9.03319154621992360E-02 9.73362171124497050E-03 1.87706883536488234E-01 2.28761479698951521E-05 1.19506106409558352E-03
8.60679018E+00 9.02631919856290571E-02 9.73537428145149035E-03 1.87756811980396732E-01 2.28973808932333029E-05 1.19496923935612166E-03
8.61269696E+00 9.01942084254234444E-02 9.73723419221748411E-03 1.88184875694062920E-01 2.29180558136487939E-05 1.19484207828794015E-03
8.61860093E+00 9.01252421645239443E-02 9.73919814159194923E-03 1.88195665909534016E-01 2.29380336567213338E-05 1.19464127604543844E-03
8.62450293E+00 9.00562837985725839E-02 9.74126927003833923E-03 1.88238646097285689E-01 2.29566249050351398E-05 1.19427988988856336E-03
8.63040704E+00 8.99872872765540288E-02 9.74345476248332683E-03 1.88636116829926537E-01 2.29753501137459744E-05 1.19402755966744180E-03
8.63631711E+00 8.99182081974031627E-02 9.74576050663764591E-03 1.88655362013235378E-01 2.29942463392702074E-05 1.19391583781401286E-03
8.64223662E+00 8.98490053336309102E-02 9.74819094813583233E-03 1.88835054085526588E-01 2.30140984233014035E-05 1.19400558465479565E-03
8.64816866E+00 8.97796407387914247E-02 9.75074973934939547E-03 1.89014975628592874E-01 2.30340544578811672E-05 1.19408431645575503E-03
8.65411594E+00 8.97100810777164137E-02 9.75344147918561465E-03 1.89176499217603739E-01 2.30538157105656806E-05 1.19401980717516367E-03
8.66008076E+00 8.96402983955199850E-02 9.75627221349434533E-03 1.89344161231232100E-01 2.30731758517238830E-05 1.19389287203042140E-03
8.66606502E+00 8.95702694911399699E-02 9.75924775301327367E-03 1.89512630294099066E-01 2.30922567706152395E-05 1.19398310351226844E-03
8.67207025E+00 8.94999746593737322E-02 9.76237125137596924E-03 1.89682925261013019E-01 2.31114921660652803E-05 1.19426299336525894E-03
8.67809762E+00 8.94293979264323691E-02 9.76564535213647264E-03 1.89854741485535605E-01 2.31310852691710059E-05 1.19472967493636207E-03
8.68413493E+00 8.93586788054183262E-02 9.76906492713148188E-03 1.90028310474929907E-01 2.31503551353284598E-05 1.19523874298189752E-03
8.69017787E+00 8.92878652039903742E-02 9.77262933295656132E-03 1.90202779521875587E-01 2.31702009344470291E-05 1.19596720365102967E-03
8.69622900E+00 8.92169239974687361E-02 9.77633917742070160E-03 1.90378427934657646E-01 2.31905397090830754E-05 1.19664129829441242E-03
8.70229046E+00 8.91458277008048972E-02 9.78019515044517389E-03 1.90555522019301454E-01 2.32118866793322539E-05 1.19773354242735702E-03
8.70836396E+00 8.90745525751529266E-02 9.78419430938178014E-03 1.90734092889576518E-01 2.32332129475669922E-05 1.19905350725173503E-03
8.71445084E+00 8.90030800350611606E-02 9.78833281217159241E-03 1.90914156466908319E-01 2.32539620486828229E-05 1.20039689306659231E-03
8.72055208E+00 8.89313967920023901E-02 9.79260711861548901E-03 1.91095826604569308E-01 2.32746705171912370E-05 1.20163195767560038E-03
8.72666834E+00 8.88594939998976763E-02 9.79701386331017013E-03 1.91279098098098482E-01 2.32941893675729574E-05 1.20258922667359418E-03
8.73279996E+00 8.87873664747225455E-02 9.80155079479822292E-03 1.91464001258291744E-01 2.33131574262042156E-05 1.20338804990824107E-03
8.73894710E+00 8.87150113267338170E-02 9.80621438157954287E-03 1.91650560162123063E-01 2.33325860502058646E-05 1.20441826793169209E-03
8.74510970E+00 8.86424260944666392E-02 9.81099691114299503E-03 1.91838799574130636E-01 2.33530487345876018E-05 1.20562533593421804E-03
8.75128758E+00 8.85696093348196101E-02 9.81588893294161116E-03 1.92028675184392650E-01 2.33735063943938399E-05 1.20683239176981746E-03
8.75748050E+00 8.84965615982840487E-02 9.82088336617382984E-03 1.92220259371787106E-01 2.33936176493709504E-05 1.20796103932812714E-03
8.76368818E+00 8.84232845026650949E-02 9.82597496961360242E-03 1.92413518445229637E-01 2.34128691434862421E-05 1.20897135614131683E-03
8.76991040E+00 8.83497794218491700E-02 9.83115898129584276E-03 1.92608470652063518E-01 2.34329068821787535E-05 1.21016893893411467E-03
8.77614696E+00 8.82760454836657438E-02 9.83642719887152517E-03 1.92805078970637006E-01 2.34530587897905717E-05 1.21153038811692266E-03
8.78239781E+00 8.82020800770761670E-02 9.84176960848902674E-03 1.93003351483974628E-01 2.34732840692782765E-05 1.21292861371626558E-03
8.78865520E+00 8.81279722054696402E-02 9.84716928355969072E-03 1.93203216910922071E-01 2.34943113950740828E-05 1.21435878690017785E-03
8.79491860E+00 8.80537258816274371E-02 9.85261683773493852E-03 1.93404269705559212E-01 2.35149374161955292E-05 1.21575178865605512E-03
8.80118778E+00 8.79793420936640230E-02 9.85810483828573024E-03 1.93606744718219453E-01 2.35356464377947230E-05 1.21708666041407025E-03
8.80746251E+00 8.79048227021573397E-02 9.86362691543746575E-03 1.93810531167428662E-01 2.35565437251495833E-05 1.21837621004683753E-03
8.81374259E+00 8.78301692598489614E-02 9.86917684586850058E-03 1.94015675982446067E-01 2.35781272043271026E-05 1.21952285921482083E-03
8.82002793E+00 8.77553830353772074E-02 9.87474973624780615E-03 1.94222120560761047E-01 2.36000062343598956E-05 1.22067858666981732E-03
8.82631850E+00 8.76804635317296327E-02 9.88033969402240045E-03 1.94429842432411265E-01 2.36208031022524223E-05 1.22184000416820471E-03
8.83261444E+00 8.76054082231368658E-02 9.88594080626220041E-03 1.94638842889778035E-01 2.36419006202847597E-05 1.22325613684493278E-03
8.83891601E+00 8.75302117511298633E-02 9.89154511833895828E-03 1.94849099700471901E-01 2.36626398753217973E-05 1.22480188928910977E-03
8.84522363E+00 8.74548675444214579E-02 9.89714555594201593E-03 1.95060633776332037E-01 2.36829575339113067E-05 1.22636977340233907E-03
8.85153789E+00 8.73793679841532861E-02 9.90273672466843863E-03 1.95273431402869013E-01 2.37034027604833473E-05 1.22805624698208923E-03
8.85785951E+00 8.73037030035321154E-02 9.90831252420133410E-03 1.95487476230229662E-01 2.37247659574580114E-05 1.22986806255340956E-03
8.86418938E+00 8.72278611840979629E-02 9.91386625363204627E-03 1.95702808672386930E-01 2.37468035752988376E-05 1.23166962946164135E-03
8.87052850E+00 8.71518273335871452E-02 9.91939147408179948E-03 1.95919645978778229E-01 2.37692126581645583E-05 1.23347811457120006E-03
8.87686844E+00 8.70757056617069841E-02 9.92487313904736636E-03 1.96137532865600955E-01 2.37914692721008396E-05 1.23524383938604181E-03
8.88320701E+00 8.69995245403940992E-02 9.93030167486756710E-03 1.96356138780928530E-01 2.38127854880735224E-05 1.23699593513001277E-03
8.88952596E+00 8.69235078814953183E-02 9.93565214171539778E-03 1.96575294301310571E-01 2.38331353446588985E-05 1.23859484974060533E-03
8.89583680E+00 8.68475172483571534E-02 9.94092559374524717E-03 1.96794360276841690E-01 2.38526062961309607E-05 1.23994452917730873E-03
8.90212865E+00 8.67716861957887470E-02 9.94610464393032127E-03 1.97014484657567296E-01 2.38718538675126376E-05 1.24116467128107619E-03
8.90840713E+00 8.66959498640535314E-02 9.95118446250857491E-03 1.97234247687032793E-01 2.38919364505870224E-05 1.24254209942707759E-03
8.91464471E+00 8.66206414889657272E-02 9.95612980035617476E-03 1.97454570553151965E-01 2.39117724298373049E-05 1.24387242959553171E-03
8.92086349E+00 8.65454974754356482E-02 9.96094732275513810E-03 1.97673297663372299E-01 2.39317035385665175E-05 1.24537691763224848E-03
8.92708575E+00 8.64702493980711168E-02 9.96563932868072336E-03 1.97893519772856463E-01 2.39516124450604744E-05 1.24668957943607837E-03
8.93332784E+00 8.63947022034572132E-02 9.97020471692189846E-03 1.98114946105007794E-01 2.39706540878801578E-05 1.24792667407330358E-03
8.93952181E+00 8.63196812775789413E-02 9.97458150121611001E-03 1.98337740654420391E-01 2.39891308200337000E-05 1.24914000949556247E-03
8.94568851E+00 8.62449385486362685E-02 9.97877542401650296E-03 1.98557174574021333E-01 2.40074076906244535E-05 1.25024393018382174E-03
8.95184834E+00 8.61702307751847363E-02 9.98279068630391307E-03 1.98778200665737786E-01 2.40253644679035245E-05 1.25116177629435842E-03
8.95802137E+00 8.60953178490305865E-02 9.98662917934003622E-03 1.98999704532172805E-01 2.40427521269465777E-05 1.25175179556139948E-03
8.96422756E+00 8.60199619013336386E-02 9.99029169856503231E-03 1.99223295920854498E-01 2.40603667773958119E-05 1.25215246163039697E-03
8.97041404E+00 8.59448088572587754E-02 9.99373543423749504E-03 1.99448571535396663E-01 2.40782929227065295E-05 1.25254205575220140E-03
8.97657676E+00 8.58699120267075178E-02 9.99694912916832337E-03 1.99671784509082434E-01 2.40955430330541878E-05 1.25283754859171711E-03
8.98273536E+00 8.57950371339982337E-02 9.99993545418348916E-03 1.99895554362019751E-01 2.41127057092764527E-05 1.25302433676991376E-03
8.98890900E+00 8.57199552939342801E-02 1.00026948925120464E-02 2.00120288904995919E-01 2.41296994696097850E-05 1.25319530048265040E-03
8.99511666E+00 8.56444387919956251E-02 1.00052243137387208E-02 2.00346899853650035E-01 2.41461370673869634E-05 1.25309489063180133E-03
9.00134717E+00 8.55686274048470946E-02 1.00075094692471840E-02 2.00575655378247064E-01 2.41620555223918464E-05 1.25276919641433243E-03
9.00757816E+00 8.54927982972926298E-02 1.00095353251304069E-02 2.00805103904292764E-01 2.41775327759341547E-05 1.25244888871336893E-03
9.01376137E+00 8.54175425302897834E-02 1.00112831203281617E-02 2.01034203254209565E-01 2.41926153069329666E-05 1.25202375144728970E-03
9.01991437E+00 8.53426506993027884E-02 1.00127581790560877E-02 2.01260813287675755E-01 2.42070300749540362E-05 1.25145632291963783E-03
9.02605392E+00 8.52679224445602874E-02 1.00139628470459485E-02 2.01488244394559396E-01 2.42215718255770768E-05 1.25083873686414522E-03
9.03219631E+00 8.51931632881114259E-02 1.00148974136404726E-02 2.01715981648045078E-01 2.42353801450475350E-05 1.25017801512182047E-03
9.03835761E+00 8.51181816518124801E-02 1.00155609196384953E-02 2.01945164307754832E-01 2.42486993045063398E-05 1.24934402437618304E-03
9.04455398E+00 8.50427857223814421E-02 1.00159512615174608E-02 2.02176123731495044E-01 2.42612974472791015E-05 1.24819370460348762E-03
9.05072859E+00 8.49676719910283235E-02 1.00160651723332026E-02 2.02408981422736972E-01 2.42739325473570670E-05 1.24679340007790413E-03
9.05687724E+00 8.48928961517441960E-02 1.00159071697401413E-02 2.02639434354945136E-01 2.42855804703874267E-05 1.24513955766554127E-03
9.06301818E+00 8.48182408982245950E-02 1.00154814252542430E-02 2.02870463395643214E-01 2.42969060747669825E-05 1.24365005984772379E-03
9.06916936E+00 8.47434913102277504E-02 1.00147859575488909E-02 2.03102319425660344E-01 2.43079643064409077E-05 1.24222179022659136E-03
9.07534869E+00 8.46684323003698558E-02 1.00138148235735490E-02 2.03335949153349488E-01 2.43192543335374514E-05 1.24077359581847846E-03
9.08155647E+00 8.45930623637154155E-02 1.00125628084236397E-02 2.03571759526524926E-01 2.43305541142800467E-05 1.23936916106078226E-03
9.08779741E+00 8.45173270680058125E-02 1.00110256062097558E-02 2.03809244081659041E-01 2.43416262345065961E-05 1.23782512449103132E-03
9.09408044E+00 8.44411222009098933E-02 1.00092003908249516E-02 2.04049015059286132E-01 2.43523147802166291E-05 1.23582543993582547E-03
9.10031403E+00 8.43655625448337665E-02 1.00071230849482877E-02 2.04290520596269676E-01 2.43624155386547464E-05 1.23339540287862714E-03
9.10651788E+00 8.42904138267340092E-02 1.00048031553562344E-02 2.04527684335436222E-01 2.43721234232248296E-05 1.23077951209094386E-03
9.11271065E+00 8.42154528869118596E-02 1.00022455865276007E-02 2.04766732512671468E-01 2.43814451090751971E-05 1.22810555789957458E-03
9.11891035E+00 8.41404640702756584E-02 9.99945073211599457E-03 2.05006061406853568E-01 2.43909536601643828E-05 1.22562622311160520E-03
9.12513458E+00 8.40652353292901111E-02 9.99641331816684443E-03 2.05247501764922069E-01 2.44002674704859724E-05 1.22329772286038823E-03
9.13140087E+00 8.39895563009860346E-02 9.99312464266780345E-03 2.05491146955723042E-01 2.44092807989542345E-05 1.22108767111230206E-03
9.13772687E+00 8.39132152211983506E-02 9.98957345742872496E-03 2.05738009481330003E-01 2.44176130039877332E-05 1.21882723226582682E-03
9.14404887E+00 8.38369827498470083E-02 9.98579840164809211E-03 2.05987843100046059E-01 2.44250810587952833E-05 1.21638539558210110E-03
9.15035626E+00 8.37609887600993114E-02 9.98181685107768675E-03 2.06235846498458525E-01 2.44318223511127434E-05 1.21367073285283140E-03
9.15666752E+00 8.36850136296210662E-02 9.97763082588299863E-03 2.06485025018039420E-01 2.44387240830459690E-05 1.21083054859727696E-03
9.16300089E+00 8.36088401088890681E-02 9.97323953416249381E-03 2.06735784305054932E-01 2.44453376430414629E-05 1.20784553607899145E-03
9.16933930E+00 8.35326754939415411E-02 9.96866443632067264E-03 2.06988755200888497E-01 2.44522965198931347E-05 1.20489795632891246E-03
9.17569659E+00 8.34563541439695827E-02 9.96390225340563519E-03 2.07242193252328205E-01 2.44588330767773438E-05 1.20206363055169957E-03
9.18208963E+00 8.33796743386566869E-02 9.95894565396691911E-03 2.07498383783894264E-01 2.44651879883031709E-05 1.19932008937085450E-03
9.18849124E+00 8.33029626610012203E-02 9.95382281074215676E-03 2.07756845644175597E-01 2.44713000244819159E-05 1.19659614664840812E-03
9.19487575E+00 8.32265269477621833E-02 9.94856476138311803E-03 2.08015346416876190E-01 2.44766786374323732E-05 1.19377455897859853E-03
9.20125966E+00 8.31501703324666885E-02 9.94317029758500816E-03 2.08273893100111546E-01 2.44824464498535338E-05 1.19091942159601670E-03
9.20766006E+00 8.30736892070263605E-02 9.93763457923897003E-03 2.08534369206796799E-01 2.44879979370133777E-05 1.18801918045715270E-03
9.21409470E+00 8.29968725981928834E-02 9.93194951308332477E-03 2.08797054758230877E-01 2.44932194937582222E-05 1.18500185564190453E-03
9.22058216E+00 8.29195007947805263E-02 9.92610445468903452E-03 2.09062953763165860E-01 2.44981245884873353E-05 1.18192485395987286E-03
9.22705038E+00 8.28424334447580152E-02 9.92017073964556774E-03 2.09331433571401299E-01 2.45028070450020179E-05 1.17912845351780750E-03
9.23351414E+00 8.27654940898045616E-02 9.91414239454808249E-03 2.09597737153916081E-01 2.45072807666879084E-05 1.17653973825140867E-03
9.23999130E+00 8.26884698659805240E-02 9.90800899259495008E-03 2.09866782752204745E-01 2.45116814451739465E-05 1.17397975984519644E-03
9.24650037E+00 8.26111419412218634E-02 9.90176052139686569E-03 2.10137471348731397E-01 2.45168606547669676E-05 1.17154535711700195E-03
9.25306061E+00 8.25332823185219722E-02 9.89538342108447697E-03 2.10411591652289481E-01 2.45214837401637311E-05 1.16904567937311361E-03
9.25964244E+00 8.24552428076313626E-02 9.88891215964988676E-03 2.10688635099367944E-01 2.45249223512567568E-05 1.16644930629387195E-03
9.26621587E+00 8.23773791182317305E-02 9.88238306890675683E-03 2.10966038227376307E-01 2.45284956460100606E-05 1.16390559756651647E-03
9.27279948E+00 8.22994711101825982E-02 9.87578411434655162E-03 2.11243832538741988E-01 2.45319314541288232E-05 1.16134536028822595E-03
9.27941235E+00 8.22212937823498108E-02 9.86910303541839277E-03 2.11524117498747638E-01 2.45342552123394337E-05 1.15856525359853677E-03
9.28607428E+00 8.21426156975163663E-02 9.86232881052310356E-03 2.11807143853594892E-01 2.45353390569837337E-05 1.15556129485729119E-03
9.29279357E+00 8.20633418992507691E-02 9.85546250923213796E-03 2.12093827486078079E-01 2.45364455297881656E-05 1.15256412300242988E-03
9.29950113E+00 8.19842875997700143E-02 9.84857886802869772E-03 2.12382497395417424E-01 2.45381188209381159E-05 1.14969574764439198E-03
9.30621615E+00 8.19052258762393987E-02 9.84166193218492455E-03 2.12669762350440550E-01 2.45398116037215661E-05 1.14691368980573212E-03
9.31295820E+00 8.18259264239798029E-02 9.83469613716155683E-03 2.12959967458077298E-01 2.45420126418413835E-05 1.14426686068249371E-03
9.31974742E+00 8.17461528033829044E-02 9.82766473507681350E-03 2.13252287370062188E-01 2.45448774632512701E-05 1.14171494403149517E-03
9.32660476E+00 8.16656600907790658E-02 9.82054993219254324E-03 2.13548507967997098E-01 2.45477543090204110E-05 1.13915983982181934E-03
9.33346397E+00 8.15852256695617645E-02 9.81342416109143127E-03 2.13847110780276572E-01 2.45508089287619068E-05 1.13660265599997939E-03
9.34032901E+00 8.15048030184693101E-02 9.80628947399779342E-03 2.14144523283594845E-01 2.45531229171135334E-05 1.13392207975595476E-03
9.34721980E+00 8.14241594248990980E-02 9.79913381279972143E-03 2.14444066948732165E-01 2.45544521932573081E-05 1.13118805035486479E-03
9.35415672E+00 8.13430575316201054E-02 9.79194323301265518E-03 2.14745615309386267E-01 2.45558202204253364E-05 1.12854429663322513E-03
9.36116081E+00 8.12612523485582994E-02 9.78470014327129448E-03 2.15050561974660548E-01 2.45575029002095524E-05 1.12592374575581889E-03
9.36818102E+00 8.11793399814172562E-02 9.77746017127855381E-03 2.15357752725912593E-01 2.45582853234007984E-05 1.12314186591384695E-03
9.37520697E+00 8.10974413293969187E-02 9.77024174275626517E-03 2.15664137259359595E-01 2.45585774683230760E-05 1.12033475262131093E-03
9.38225887E+00 8.10153215558194473E-02 9.76303392492316839E-03 2.15971641768916062E-01 2.45586145677728937E-05 1.11756583932613751E-03
9.38935719E+00 8.09327427911505637E-02 9.75582504691358335E-03 2.16280990522413563E-01 2.45585132261619890E-05 1.11478336851662373E-03
9.39652298E+00 8.08494617985681119E-02 9.74860338187427504E-03 2.16593116893007392E-01 2.45597797609171141E-05 1.11211213299228272E-03
9.40370509E+00 8.07660717936172501E-02 9.74142564530950002E-03 2.16906938598439902E-01 2.45610178157155378E-05 1.10948466710644430E-03
9.41089482E+00 8.06826722562302978E-02 9.73430547634722421E-03 2.17219452059467327E-01 2.45626472706650478E-05 1.10690854939892629E-03
9.41811249E+00 8.05990268932434140E-02 9.72722878400110631E-03 2.17532607788385374E-01 2.45643695738907952E-05 1.10431427613283482E-03
9.42537859E+00 8.05148985058750516E-02 9.72018373803296663E-03 2.17846982522539451E-01 2.45656224343601565E-05 1.10165438635199476E-03
9.43268470E+00 8.04303850352530436E-02 9.71318810659696670E-03 2.18162761831180302E-01 2.45668277912722132E-05 1.09904355032445730E-03
9.43998892E+00 8.03459698793121124E-02 9.70628941498895628E-03 2.18477815227758443E-01 2.45681375608102050E-05 1.09650287049520116E-03
9.44730612E+00 8.02614797914385503E-02 9.69948155244893841E-03 2.18791158547978426E-01 2.45703066375899401E-05 1.09407449289535279E-03
9.45465496E+00 8.01766979213651698E-02 9.69275582003126940E-03 2.19104815944681258E-01 2.45727077210128509E-05 1.09174025914481878E-03
9.46205746E+00 8.00913696774377959E-02 9.68610231790429689E-03 2.19418903527349052E-01 2.45747208271492402E-05 1.08943655059046997E-03
9.46953860E+00 8.00052073757544363E-02 9.67950992629371815E-03 2.19734589904816202E-01 2.45766017821764380E-05 1.08708062884972927E-03
9.47702005E+00 7.99191118413771079E-02 9.67305600168168536E-03 2.20050051186359646E-01 2.45785691040801261E-05 1.08481051683102293E-03
9.48451869E+00 7.98328872995429373E-02 9.66673271780728489E-03 2.20361885372316463E-01 2.45809796210936169E-05 1.08256909037806291E-03
9.49205461E+00 7.97463018547277663E-02 9.66053054257593087E-03 2.20673719370258981E-01 2.45826289080923547E-05 1.08014864550092979E-03
9.49964790E+00 7.96591251201298062E-02 9.65444366885954280E-03 2.20984757987901986E-01 2.45832017742019761E-05 1.07762149279208097E-03
9.50725446E+00 7.95718631571874779E-02 9.64851473129777273E-03 2.21294838755560025E-01 2.45844918636205157E-05 1.07531831442742878E-03
9.51486611E+00 7.94846076915775857E-02 9.64275048132256889E-03 2.21600914642903823E-01 2.45864815797986777E-05 1.07321766682813417E-03
9.52250272E+00 7.93971294699933050E-02 9.63713592569640995E-03 2.21904724795155495E-01 2.45889827986382843E-05 1.07123274909957911E-03
9.53018398E+00 7.93092022576021988E-02 9.63165937139829308E-03 2.22206548296604078E-01 2.45914282776182092E-05 1.06931843942348359E-03
9.53790313E+00 7.92209032393205725E-02 9.62632778792206142E-03 2.22506489578162658E-01 2.45934736683451065E-05 1.06744885428721229E-03
9.54561738E+00 7.91327201924550278E-02 9.62116810681664346E-03 2.22802556742080521E-01 2.45958163959797134E-05 1.06557487485099385E-03
9.55334549E+00 7.90444372672258061E-02 9.61616524586361883E-03 2.23093703737063498E-01 2.45974690991510016E-05 1.06356653984828733E-03
9.56107576E+00 7.89561880687561640E-02 9.61132560519758865E-03 2.23381284015789106E-01 2.45987498595975455E-05 1.06152174960043202E-03
9.56881197E+00 7.88679288750641222E-02 9.60664351862632743E-03 2.23663578445100569E-01 2.46000083164219173E-05 1.05947305788798652E-03
9.57655801E+00 7.87796149984770627E-02 9.60211111602764927E-03 2.23941509651304327E-01 2.46015644762014892E-05 1.05749684893546143E-03
9.58431783E+00 7.86912006672421532E-02 9.59771807938131910E-03 2.24214444134426927E-01 2.46040174820374583E-05 1.05569646879812994E-03
9.59209545E+00 7.86026389819696192E-02 9.59345171577663004E-03 2.24482540371877648E-01 2.46079244468188389E-05 1.05406837947119841E-03
9.59988542E+00 7.85139906516769126E-02 9.58930290818910819E-03 2.24745385185722485E-01 2.46123951952412075E-05 1.05260076150587821E-03
9.60768443E+00 7.84252914926904937E-02 9.58525948473834891E-03 2.25002429462454023E-01 2.46172779305440831E-05 1.05133484419827738E-03
9.61549667E+00 7.83364921937637348E-02 9.58130331735104757E-03 2.25253517706315298E-01 2.46220529702369740E-05 1.05013411861919746E-03
9.62332635E+00 7.82475434724555358E-02 9.57741690930133047E-03 2.25498691115211425E-01 2.46262239252830751E-05 1.04879783590112281E-03
9.63117781E+00 7.81583968833444720E-02 9.57358554653062015E-03 2.25737741794630659E-01 2.46296982554867398E-05 1.04730105941784699E-03
9.63905539E+00 7.80690040338747754E-02 9.56979523900562852E-03 2.25970557716997422E-01 2.46333165506384234E-05 1.04583907296695909E-03
9.64696349E+00 7.79793155109207853E-02 9.56602970807540233E-03 2.26196983242683836E-01 2.46370949184183042E-05 1.04441056709082890E-03
9.65490656E+00 7.78892813386125038E-02 9.56227237848489460E-03 2.26416864645357679E-01 2.46409214366769810E-05 1.04297592671560770E-03
9.66286892E+00 7.77990790901535445E-02 9.55851612398852905E-03 2.26629867333616952E-01 2.46451018645769901E-05 1.04160868211884933E-03
9.67084596E+00 7.77087610174109628E-02 9.55474822786579227E-03 2.26834986453704535E-01 2.46486742577918201E-05 1.04020895457388775E-03
9.67883814E+00 7.76183216232570611E-02 9.55095484218135976E-03 2.27032334493288579E-01 2.46519903175806885E-05 1.03881011935413837E-03
9.68684598E+00 7.75277554733194013E-02 9.54712266640523471E-03 2.27221698549701701E-01 2.46554885292694639E-05 1.03742567012401967E-03
9.69486995E+00 7.74370571347818837E-02 9.54323863841565791E-03 2.27402920787017071E-01 2.46593541089109108E-05 1.03610241308470610E-03
9.70291054E+00 7.73462212469704369E-02 9.53928978356193003E-03 2.27575841589738925E-01 2.46635103246341075E-05 1.03486510161281370E-03
9.71096821E+00 7.72552424744009369E-02 9.53526332244799754E-03 2.27740299188376460E-01 2.46682615151814193E-05 1.03369884799588336E-03
9.71901630E+00 7.71644216864260796E-02 9.53116115088197512E-03 2.27896146074463013E-01 2.46741754238254170E-05 1.03267876167766970E-03
9.72702839E+00 7.70740558148268751E-02 9.52698664070863836E-03 2.27955181580617366E-01 2.46802658487385319E-05 1.03171733651536411E-03
9.73503386E+00 7.69838133044737777E-02 9.52271699938765648E-03 2.28305792647152755E-01 2.46859840855125941E-05 1.03072788025656398E-03
9.74302841E+00 7.68937432825158723E-02 9.51834842376337968E-03 2.28311960548742754E-01 2.46913486108287635E-05 1.02970765632997142E-03
9.75101029E+00 7.68038659036631571E-02 9.51387715696459108E-03 2.28339034307374317E-01 2.46963892879826228E-05 1.02858432026670414E-03
9.75900945E+00 7.67138456036889765E-02 9.50928341822530887E-03 2.28585309583134222E-01 2.47017754524225058E-05 1.02739693628588202E-03
9.76705543E+00 7.66233520499814552E-02 9.50454613062734488E-03 2.28606427272133955E-01 2.47068183554445332E-05 1.02615906106293098E-03
9.77517757E+00 7.65320577947869590E-02 9.49964268309746486E-03 2.28662635205531872E-01 2.47117744484612873E-05 1.02492400199729532E-03
9.78334470E+00 7.64403151474456755E-02 9.49458587932204730E-03 2.28918377744612350E-01 2.47171122738803722E-05 1.02378405815725768E-03
9.79147056E+00 7.63490924296283680E-02 9.48942526787791181E-03 2.28920662342503661E-01 2.47223481824753694E-05 1.02265880431943665E-03
9.79958628E+00 7.62580411198598984E-02 9.48414258701238931E-03 2.28924878176119256E-01 2.47269027315024517E-05 1.02148006407490593E-03
9.80766412E+00 7.61674729960226254E-02 9.47875828546547797E-03 2.28944548895690103E-01 2.47298309370082974E-05 1.02013066141105717E-03
9.81572450E+00 7.60771611821431798E-02 9.47326376962554298E-03 2.29000535882611350E-01 2.47322367062819926E-05 1.01870643326567190E-03
9.82379704E+00 7.59867760393678759E-02 9.46764348221778608E-03 2.29199379683950377E-01 2.47352274131571358E-05 1.01733296954897856E-03
9.83190993E+00 7.58960040169681938E-02 9.46188061660781579E-03 2.29193804596322770E-01 2.47397124830783930E-05 1.01609471122401517E-03
9.84008289E+00 7.58046264706968148E-02 9.45596214178600313E-03 2.29174977866581170E-01 2.47440109231360349E-05 1.01480534976332347E-03
9.84830611E+00 7.57127553347233112E-02 9.44989797969329574E-03 2.29154257267436684E-01 2.47472636536380373E-05 1.01341655449926926E-03
9.85659089E+00 7.56202636898884867E-02 9.44368484593895684E-03 2.29140032576210795E-01 2.47485480253776424E-05 1.01189560177532712E-03
9.86485990E+00 7.55280216363592577E-02 9.43738739244955049E-03 2.29135309275645044E-01 2.47491089900169759E-05 1.01029975870379042E-03
9.87311358E+00 7.54360238395612448E-02 9.43101579928327764E-03 2.29138073022502636E-01 2.47499816287607491E-05 1.00873555982585405E-03
9.88135620E+00 7.53442225482096883E-02 9.42457673325871118E-03 2.29142627543710731E-01 2.47509991556590055E-05 1.00722590042587714E-03
9.88961480E+00 7.52523172830876358E-02 9.41805885566771375E-03 2.29141818417361504E-01 2.47525496015293427E-05 1.00567537716683480E-03
9.89791444E+00 7.51600305820500081E-02 9.41145305418085096E-03 2.29129325375133502E-01 2.47540891675975208E-05 1.00404972287684727E-03
9.90627861E+00 7.50670996811985264E-02 9.40475247159636152E-03 2.29098084431604010E-01 2.47554070295866094E-05 1.00240785025767229E-03
9.91467982E+00 7.49738333828634806E-02 9.39799115734390664E-03 2.28950970103935864E-01 2.47560909605995649E-05 1.00074228846029623E-03
9.92312394E+00 7.48801688069303112E-02 9.39117865297982822E-03 2.28939674036554325E-01 2.47577647348235487E-05 9.99172592902887804E-04
9.93161870E+00 7.47860208047309294E-02 9.38432247410416094E-03 2.28924984727187808E-01 2.47593628043248869E-05 9.97647876393232018E-04
9.94009971E+00 7.46921025595494864E-02 9.37748836829559868E-03 2.28892921776291863E-01 2.47602846434764461E-05 9.96073408198959540E-04
9.94858931E+00 7.45981664615871232E-02 9.37067448960777864E-03 2.28716894384492775E-01 2.47610089055261398E-05 9.94574261950281367E-04
9.95704573E+00 7.45046733537951950E-02 9.36392853104434444E-03 2.28702688817707611E-01 2.47611017968727016E-05 9.93076084719349229E-04
9.96548125E+00 7.44114866037202255E-02 9.35725575097073013E-03 2.28675987272118936E-01 2.47605953657857109E-05 9.91562818698349651E-04
9.97391004E+00 7.43184491630217436E-02 9.35066020469320705E-03 2.28521006118453884E-01 2.47598710666880904E-05 9.90035412470409177E-04
9.98234608E+00 7.42254062939916581E-02 9.34414513459207001E-03 2.28497013638286006E-01 2.47586749437698217E-05 9.88488479458072894E-04
9.99080302E+00 7.41322071412936490E-02 9.33771373032284135E-03 2.28455172234532267E-01 2.47576978811052273E-05 9.87060970230133105E-04
9.99927652E+00 7.40388983860103544E-02 9.33138040999275699E-03 2.28202282138665669E-01 2.47570539955585909E-05 9.85688053605360574E-04
1.00077343E+01 7.39458333586012762E-02 9.32517885291800352E-03 2.28197951861830672E-01 2.47568538532046646E-05 9.84409603716570117E-04
1.00161897E+01 7.38528652872210284E-02 9.31910783459758904E-03 2.28184640033838038E-01 2.47575791350356196E-05 9.83281221517149804E-04
1.00246523E+01 7.37598843947717964E-02 9.31316696606622127E-03 2.28129295152558781E-01 2.47576898108044588E-05 9.82183848310546996E-04
1.00331096E+01 7.36670292160494095E-02 9.30737066972507111E-03 2.27830255973398732E-01 2.47569970629903899E-05 9.81088977576792922E-04
1.00415760E+01 7.35741376773789563E-02 9.30171403289347005E-03 2.27829940868021413E-01 2.47550512652630572E-05 9.79927434939386601E-04
1.00500660E+01 7.34810506842126093E-02 9.29619311509318445E-03 2.27821674565563820E-01 2.47526078508035516E-05 9.78751600536187328E-04
1.00585938E+01 7.33876128142130907E-02 9.29080469865743892E-03 2.27781744737452996E-01 2.47504279317328470E-05 9.77650790112982032E-04
1.00671730E+01 7.32936726163637697E-02 9.28554500332740701E-03 2.27467238636263364E-01 2.47482386738947324E-05 9.76667631903759860E-04
1.00757772E+01 7.31995190178243577E-02 9.28043278470639700E-03 2.27467257721243599E-01 2.47467301463014078E-05 9.75769136190987553E-04
1.00843692E+01 7.31055560217529349E-02 9.27549094438043058E-03 2.27459649134265945E-01 2.47455306976950121E-05 9.74910268868031302E-04
1.00929403E+01 7.30118786380672125E-02 9.27072503080902423E-03 2.27421815862814541E-01 2.47442807953590195E-05 9.74135239209907955E-04
1.01014833E+01 7.29185594765772993E-02 9.26613740905824455E-03 2.27123655459413182E-01 2.47432394754484775E-05 9.73474224884659394E-04
1.01100032E+01 7.28255431842037976E-02 9.26172215423537969E-03 2.27124726875306160E-01 2.47413946234728787E-05 9.72817536129187330E-04
1.01185055E+01 7.27327653205976643E-02 9.25747426966513562E-03 2.27120380751922535E-01 2.47387887007003873E-05 9.72190200034506592E-04
1.01269967E+01 7.26401530842541027E-02 9.25338963435418972E-03 2.27090190662754821E-01 2.47354780121830040E-05 9.71588445824633187E-04
1.01354840E+01 7.25476260660083833E-02 9.24946500639242490E-03 2.26848614879826493E-01 2.47327013892020210E-05 9.71124963385232016E-04
1.01439753E+01 7.24550963431603023E-02 9.24569631930887564E-03 2.26843358236641673E-01 2.47310563695907181E-05 9.70775830528852616E-04
1.01524475E+01 7.23628140584634538E-02 9.24209309348409530E-03 2.26831789540333922E-01 2.47301392522152025E-05 9.70491742647827541E-04
1.01608958E+01 7.22708279350609689E-02 9.23865611092605961E-03 2.26798400956457397E-01 2.47296595921643309E-05 9.70296593619948385E-04
1.01693266E+01 7.21790699850751588E-02 9.23538134053654078E-03 2.26586627971783777E-01 2.47296928338669004E-05 9.70253730052728254E-04
1.01777469E+01 7.20874592380208040E-02 9.23226352369101860E-03 2.26585005478891710E-01 2.47296272219650533E-05 9.70290772511681965E-04
1.01861643E+01 7.19959106048332631E-02 9.22929742525228219E-03 2.26582907939636480E-01 2.47299960829452925E-05 9.70370069039247756E-04
1.01945867E+01 7.19043342567299432E-02 9.22647830359620350E-03 2.26568606790191085E-01 2.47312494550961577E-05 9.70587720070508289E-04
1.02030227E+01 7.18126349355405896E-02 9.22380015532584842E-03 2.26532090794598434E-01 2.47328603855438127E-05 9.70887716477330186E-04
1.02114315E+01 7.17212529461283277E-02 9.22127240558037221E-03 2.26336872359857805E-01 2.47332567385306174E-05 9.71087024101224632E-04
1.02198084E+01 7.16302380256022136E-02 9.21889493468576807E-03 2.26341270137506628E-01 2.47327852168710230E-05 9.71286541855492574E-04
1.02281643E+01 7.15394695285095777E-02 9.21666308445627178E-03 2.26353674443628944E-01 2.47334423921836247E-05 9.71593452585636048E-04
1.02365113E+01 7.14488152032447532E-02 9.21457089639070477E-03 2.26362078489746987E-01 2.47343576289260094E-05 9.71971924500429304E-04
1.02448626E+01 7.13581300552581094E-02 9.21261249283948820E-03 2.26357948811374582E-01 2.47350438058650696E-05 9.72319550040206442E-04
1.02531958E+01 7.12676543977709270E-02 9.21079057343754393E-03 2.26338479387523522E-01 2.47356989467875894E-05 9.72637723777299099E-04
1.02615039E+01 7.11774632487394837E-02 9.20910339595775590E-03 2.26302575005020767E-01 2.47366750922816017E-05 9.73025711704228620E-04
1.02697975E+01 7.10874409854069661E-02 9.20754426792770933E-03 2.26261890156053497E-01 2.47378854508470604E-05 9.73454629362632004E-04
1.02780527E+01 7.09978423614996690E-02 9.20611138625684541E-03 2.26225979679412187E-01 2.47393566120014150E-05 9.73906333616634721E-04
1.02862560E+01 7.09088143234162110E-02 9.20479948476964072E-03 2.26204566754568515E-01 2.47405390595990692E-05 9.74295907383188682E-04
1.02944199E+01 7.08202183572826660E-02 9.20360029402107239E-03 2.26195511183248127E-01 2.47415881317729199E-05 9.74666942166672488E-04
1.03025580E+01 7.07319068997784711E-02 9.20250613994512065E-03 2.26198266017004962E-01 2.47437909717228661E-05 9.75123884776612159E-04
1.03106846E+01 7.06437212399604053E-02 9.20150819520824947E-03 2.26209797342448476E-01 2.47462153942924085E-05 9.75608314886548030E-04
1.03187711E+01 7.05559709446619276E-02 9.20060259627246066E-03 2.26225873226698709E-01 2.47485870090395423E-05 9.76142388156670373E-04
1.03268171E+01 7.04686614285577745E-02 9.19978139496037232E-03 2.26242375773077903E-01 2.47508832992888773E-05 9.76673935974960031E-04
1.03348352E+01 7.03816518552120018E-02 9.19903582378505183E-03 2.26256309740127615E-01 2.47530050234543139E-05 9.77180707672484434E-04
1.03428393E+01 7.02947932607212722E-02 9.19835734744254771E-03 2.26266394491052208E-01 2.47550437798967604E-05 9.77690836538020521E-04
1.03508439E+01 7.02079263049164848E-02 9.19773709048867134E-03 2.26273078109889197E-01 2.47574617282165709E-05 9.78181773436227232E-04
1.03588649E+01 7.01208786629037850E-02 9.19716504416474671E-03 2.26278067490195023E-01 2.47607099414325631E-05 9.78698521984966386E-04
1.03668840E+01 7.00338460259969237E-02 9.19663239706746197E-03 2.26283609189908863E-01 2.47635613333460127E-05 9.79270071303011422E-04
1.03748785E+01 6.99470765108809595E-02 9.19612979371466598E-03 2.26291712255619393E-01 2.47664106079914586E-05 9.79852998314410762E-04
1.03828632E+01 6.98604072486758015E-02 9.19564626301043637E-03 2.26303558792252696E-01 2.47691595852395470E-05 9.80374110200280544E-04
1.03908549E+01 6.97736567531905133E-02 9.19517144634816180E-03 2.26319267694497811E-01 2.47722720386148904E-05 9.80872746048830390E-04
1.03988722E+01 6.96866231844323614E-02 9.19469395748904496E-03 2.26338001671314820E-01 2.47764554453692622E-05 9.81382169283287302E-04
1.04069097E+01 6.95993657491273676E-02 9.19420240350977275E-03 2.26358366094749991E-01 2.47805401873934294E-05 9.81860021127384762E-04
1.04149150E+01 6.95124516303099738E-02 9.19368869104882948E-03 2.26378912091320716E-01 2.47835454265402836E-05 9.82251163736929788E-04
1.04229039E+01 6.94257132790779830E-02 9.19314172472361808E-03 2.26398302327778911E-01 2.47865243455088384E-05 9.82601445605628615E-04
1.04308580E+01 6.93393491720791372E-02 9.19255221100759475E-03 2.26415722614697612E-01 2.47895546021345953E-05 9.82878367486315647E-04
1.04387711E+01 6.92534288777263973E-02 9.19191087506506660E-03 2.26430917789426228E-01 2.47933976858441772E-05 9.83191051989187490E-04
1.04466580E+01 6.91677914602428501E-02 9.19120650949889310E-03 2.26444093508691074E-01 2.47973809936361623E-05 9.83475813491623821E-04
1.04545347E+01 6.90822658209057916E-02 9.19042779758780064E-03 2.26455775732904097E-01 2.48010338113064685E-05 9.83716903860352163E-04
1.04624179E+01 6.89966702860575903E-02 9.18956255651932376E-03 2.26466586152338167E-01 2.48051010846033789E-05 9.84011052554166444E-04
1.04703254E+01 6.89108116529100201E-02 9.18859719591900992E-03 2.26477024732537613E-01 2.48086662980451126E-05 9.84302061889036481E-04
1.04782758E+01 6.88244895534513429E-02 9.18751845328256295E-03 2.26487324866935485E-01 2.48125194968194489E-05 9.84593456266640975E-04
1.04862275E+01 6.87381560224704508E-02 9.18632283570700384E-03 2.26497466704446065E-01 2.48170420773783482E-05 9.84835399368650007E-04
1.04941975E+01 6.86516273263617222E-02 9.18500141692830431E-03 2.26507103465755727E-01 2.48215344523581038E-05 9.84997885283912626E-04
1.05022035E+01 6.85647130220344014E-02 9.18354542146323019E-03 2.26515714025149473E-01 2.48262663986689757E-05 9.85099656515309044E-04
1.05102637E+01 6.84772162898156789E-02 9.18194573271113347E-03 2.26522763643532826E-01 2.48301530290505768E-05 9.85169853116114576E-04
1.05183970E+01 6.83889342422679819E-02 9.18019279739516053E-03 2.26527832691113457E-01 2.48330758799270951E-05 9.85161933300029513E-04
1.05265288E+01 6.83006775982394482E-02 9.17829875653944881E-03 2.26530758768089868E-01 2.48351651175315168E-05 9.85065659012213102E-04
1.05346720E+01 6.82123075251040989E-02 9.17626076260647308E-03 2.26531527090191892E-01 2.48368045581578325E-05 9.84885055163550391E-04
1.05428426E+01 6.81236514560755319E-02 9.17407575412864003E-03 2.26530260597504113E-01 2.48384044918420917E-05 9.84623828581544748E-04
1.05510473E+01 6.80346372325217053E-02 9.17174299672278599E-03 2.26527156480543224E-01 2.48405978633619899E-05 9.84308161493838412E-04
1.05592512E+01 6.79456438198723506E-02 9.16927388388590926E-03 2.26522418413468263E-01 2.48433759954399280E-05 9.84004975776614152E-04
1.05674698E+01 6.78565027034257057E-02 9.16666654583541546E-03 2.26516210527235001E-01 2.48453795904896664E-05 9.83664923812644634E-04
1.05756861E+01 6.77673982601490615E-02 9.16393028226782959E-03 2.26508615067055691E-01 2.48467007526272701E-05 9.83284953156504096E-04
1.05839171E+01 6.76781474453530957E-02 9.16106487610828489E-03 2.26499650189374818E-01 2.48481137605986686E-05 9.82868479326171659E-04
1.05921952E+01 6.75883988742834313E-02 9.15806425356294196E-03 2.26489272051884766E-01 2.48499294517961696E-05 9.82399029917771071E-04
1.06004864E+01 6.74985220272085740E-02 9.15494534450792680E-03 2.26477367370628985E-01 2.48519806884761999E-05 9.81875381350136040E-04
1.06088056E+01 6.74083559829885409E-02 9.15170769383664810E-03 2.26463882533492811E-01 2.48541169353903525E-05 9.81359712919429444E-04
1.06171339E+01 6.73181052634641008E-02 9.14836182750203460E-03 2.26448804639795109E-01 2.48564797276244909E-05 9.80861831862341136E-04
1.06254248E+01 6.72282748190380225E-02 9.14492927163200811E-03 2.26432194324912600E-01 2.48587146033560539E-05 9.80396800358955458E-04
1.06337034E+01 6.71385914197353273E-02 9.14140294840846794E-03 2.26414289838690080E-01 2.48604955945744553E-05 9.79892680315662748E-04
1.06419962E+01 6.70487687669979598E-02 9.13777405440257054E-03 2.26395365263868942E-01 2.48624744256868906E-05 9.79362852448996922E-04
1.06503293E+01 6.69585268116084237E-02 9.13403198265734691E-03 2.26375638847962551E-01 2.48647232820818993E-05 9.78809465232005670E-04
1.06587147E+01 6.68677346959321017E-02 9.13016983810293996E-03 2.26355223455839305E-01 2.48661637494975926E-05 9.78139728167628456E-04
1.06670594E+01 6.67774017370703216E-02 9.12622818682063200E-03 2.26334064306600774E-01 2.48663708015706875E-05 9.77353736808343971E-04
1.06753911E+01 6.66872289316019357E-02 9.12219405133250262E-03 2.26312342866847066E-01 2.48663473860933566E-05 9.76532467207915159E-04
1.06837373E+01 6.65969210877176560E-02 9.11805223465002312E-03 2.26290269968009550E-01 2.48666373275199034E-05 9.75692263525757757E-04
1.06921252E+01 6.65061864432896083E-02 9.11378473980352030E-03 2.26267994234096020E-01 2.48671832252953529E-05 9.74827970326033440E-04
1.07005816E+01 6.64147366824116708E-02 9.10937089110093641E-03 2.26245585296545204E-01 2.48683780067175680E-05 9.73950697083357845E-04
1.07091004E+01 6.63226412174465763E-02 9.10480497252085658E-03 2.26223010084650900E-01 2.48699682117868562E-05 9.72995377973867636E-04
1.07176638E+01 6.62300960722031068E-02 9.10008806728102373E-03 2.26200241801313817E-01 2.48714058031099021E-05 9.71948182966325181E-04
1.07262575E+01 6.61372531654462331E-02 9.09522020159066538E-03 2.26177380253108157E-01 2.48732371023785842E-05 9.70878499144339898E-04
1.07348588E+01 6.60443674180583862E-02 9.09020559110842834E-03 2.26154552004793674E-01 2.48753766970478137E-05 9.69802799643109835E-04
1.07434776E+01 6.59513328672124283E-02 9.08503091385335845E-03 2.26132039983593436E-01 2.48770738951571535E-05 9.68661929392234723E-04
1.07521238E+01 6.58580462380592285E-02 9.07968281174251039E-03 2.26110136394696459E-01 2.48783820826413078E-05 9.67447196448568861E-04
1.07608073E+01 6.57644048161002970E-02 9.07414761259665859E-03 2.26089073482947045E-01 2.48794147887733835E-05 9.66127905919353749E-04
1.07695381E+01 6.56703016868363243E-02 9.06841137019027271E-03 2.26069020611109922E-01 2.48808187890433505E-05 9.64804991483437548E-04
1.07783264E+01 6.55756330384629632E-02 9.06245749096365287E-03 2.26050015244334018E-01 2.48841708086646952E-05 9.63656119145658526E-04
1.07871829E+01 6.54802891981897395E-02 9.05626589117439207E-03 2.26032012978750280E-01 2.48884432817054025E-05 9.62557680200969612E-04
1.07960993E+01 6.53843630794877645E-02 9.04982988719210679E-03 2.26014918704398660E-01 2.48914095757642913E-05 9.61285241111187530E-04
1.08050614E+01 6.52880136412694878E-02 9.04315094116287486E-03 2.25998672130268086E-01 2.48930321167451090E-05 9.59842862471015209E-04
1.08140804E+01 6.51911278483077172E-02 9.03621320075516030E-03 2.25983313472908703E-01 2.48945017182964987E-05 9.58295604412071999E-04
1.08230665E+01 6.50946737671597025E-02 9.02907929556749818E-03 2.25968860882068329E-01 2.48954997536890793E-05 9.56718151159675445E-04
1.08320462E+01 6.49983711391104862E-02 9.02172585050961193E-03 2.25955541474854221E-01 2.48962527305348473E-05 9.55164524832201886E-04
1.08410503E+01 6.49018964284857336E-02 9.01412357669516100E-03 2.25943564469840569E-01 2.48968704040600760E-05 9.53605219075443497E-04
1.08501067E+01 6.48049538265077635E-02 9.00624192622823290E-03 2.25933014782686681E-01 2.48985769667261940E-05 9.52113217709924507E-04
1.08592341E+01 6.47073512071409951E-02 8.99805481230677058E-03 2.25923836253492660E-01 2.49009006515504255E-05 9.50656548542295056E-04
1.08683051E+01 6.46104514580848055E-02 8.98966826893899187E-03 2.25915816546843895E-01 2.49035193821068370E-05 9.49251731957972988E-04
1.08773527E+01 6.45139090837949514E-02 8.98105130039170835E-03 2.25908844598476100E-01 2.49061435853923638E-05 9.47929453214453295E-04
1.08864064E+01 6.44174106014737125E-02 8.97217327681965569E-03 2.25902819340503963E-01 2.49090640385141374E-05 9.46632527141384023E-04
1.08954926E+01 6.43206777225297094E-02 8.96300287219428844E-03 2.25897595899404696E-01 2.49125032610001590E-05 9.45269093873137988E-04
1.09046351E+01 6.42234645231377910E-02 8.95351052491013752E-03 2.25892994250594920E-01 2.49155597297256030E-05 9.43802478752875113E-04
1.09138547E+01 6.41255522599982336E-02 8.94366828067398416E-03 2.25888843931221550E-01 2.49173934481986619E-05 9.42186448104268990E-04
1.09231697E+01 6.40267576703417163E-02 8.93344954302217019E-03 2.25884935151339256E-01 2.49188819922950464E-05 9.40425285463676185E-04
1.09324597E+01 6.39283625723610915E-02 8.92298204526118660E-03 2.25881043826852590E-01 2.49198378129394876E-05 9.38561642847242860E-04
1.09417490E+01 6.38301148697316134E-02 8.91224145453743850E-03 2.25877037343515719E-01 2.49212788682516388E-05 9.36755290827484327E-04
1.09510611E+01 6.37317711122614150E-02 8.90119998055908038E-03 2.25872775317918023E-01 2.49231512006390200E-05 9.35026851548938177E-04
1.09604162E+01 6.36331219094987688E-02 8.88983136759580878E-03 2.25868070037560237E-01 2.49250656106591983E-05 9.33309390542294039E-04
1.09698318E+01 6.35339893560213781E-02 8.87811254552664346E-03 2.25862674544020231E-01 2.49274647784853860E-05 9.31574810555037269E-04
1.09793227E+01 6.34342241600734935E-02 8.86602284212309640E-03 2.25856284319979533E-01 2.49300730815541718E-05 9.29773629804414733E-04
1.09888115E+01 6.33346434585523033E-02 8.85366011745187566E-03 2.25848534294891601E-01 2.49313794945485303E-05 9.27759022904268223E-04
1.09982919E+01 6.32353175906453235E-02 8.84104062115107295E-03 2.25839104697372978E-01 2.49316095028747007E-05 9.25563825113157718E-04
1.10077699E+01 6.31361863100986104E-02 8.82816607560458523E-03 2.25827701364177014E-01 2.49311901741040906E-05 9.23288617499050889E-04
1.10172521E+01 6.30371850476049156E-02 8.81503597564711056E-03 2.25814034380158846E-01 2.49301150722359470E-05 9.20960469351792313E-04
1.10267328E+01 6.29383771990323498E-02 8.80166663451802979E-03 2.25797801521868291E-01 2.49282378446139609E-05 9.18564836547676802E-04
1.10361887E+01 6.28400066286743386E-02 8.78810041685507658E-03 2.25778689849518016E-01 2.49258250622852188E-05 9.16106972389092180E-04
1.10456257E+01 6.27420151027938272E-02 8.77433994065116539E-03 2.25756435690123491E-01 2.49237037296995495E-05 9.13608047171322619E-04
1.10550497E+01 6.26443401396881289E-02 8.76038610982433560E-03 2.25727626284604133E-01 2.49220324755585477E-05 9.11137365393878689E-04
1.10644674E+01 6.25469155163956014E-02 8.74623740559504412E-03 2.25696247752072310E-01 2.49211539043281152E-05 9.08675089216089116E-04
1.10738857E+01 6.24496715769589650E-02 8.73189005476099692E-03 2.25662368168177335E-01 2.49196847925592598E-05 9.06151245494756907E-04
1.10833117E+01 6.23525361517175553E-02 8.71733992100891079E-03 2.25625547134169713E-01 2.49169037465422324E-05 9.03515829052365738E-04
1.10927530E+01 6.22554349624450040E-02 8.70258337568152913E-03 2.25487675849221914E-01 2.49126497987563417E-05 9.00769173151484952E-04
1.11021920E+01 6.21585516943575916E-02 8.68765550108559041E-03 2.25489393899305807E-01 2.49076316126096402E-05 8.97951589953273756E-04
1.11116205E+01 6.20619723831662279E-02 8.67257682393290583E-03 2.25490446627637536E-01 2.49022130829671914E-05 8.95041879584385211E-04
1.11210472E+01 6.19656087186363710E-02 8.65734015994967278E-03 2.25476103866574601E-01 2.48972778422325405E-05 8.92101068618087086E-04
1.11304564E+01 6.18696221770578814E-02 8.64197554563605336E-03 2.25318385466460075E-01 2.48925536613422113E-05 8.89206298475634532E-04
1.11398512E+01 6.17739817564903135E-02 8.62648125554792665E-03 2.25301827895764556E-01 2.48874505245413801E-05 8.86323989893940856E-04
1.11492401E+01 6.16786007431776445E-02 8.61084604797989969E-03 2.25264753678906721E-01 2.48814221850926559E-05 8.83357425806393162E-04
1.11586325E+01 6.15833864814124277E-02 8.59505825052365655E-03 2.25011411192775707E-01 2.48748101654303204E-05 8.80292326819362447E-04
1.11680383E+01 6.14882408197157670E-02 8.57910457604716889E-03 2.25013284221117438E-01 2.48676812533906182E-05 8.77212251187547152E-04
1.11774198E+01 6.13935447369483925E-02 8.56304959701725300E-03 2.25004173876539176E-01 2.48601050260981216E-05 8.74094501815861065E-04
1.11867691E+01 6.12993787357736936E-02 8.54690800049746555E-03 2.24840551743140799E-01 2.48518304088101387E-05 8.70925837532239024E-04
1.11961068E+01 6.12055360889590463E-02 8.53064555576281067E-03 2.24807674655846473E-01 2.48435422696787751E-05 8.67830301027970336E-04
1.12054545E+01 6.11117983390211533E-02 8.51422327020241038E-03 2.24525528127201307E-01 2.48345656387585793E-05 8.64719847913762761E-04
1.12148269E+01 6.10180232668042360E-02 8.49761452364970228E-03 2.24519665088148690E-01 2.48247634424956787E-05 8.61612929612659085E-04
1.12241960E+01 6.09244915040702412E-02 8.48086718686505772E-03 2.24486536694639638E-01 2.48147181876311105E-05 8.58560756941651143E-04
1.12335644E+01 6.08311779439666342E-02 8.46397544725648737E-03 2.24138635790384039E-01 2.48045720894901826E-05 8.55500408897443498E-04
1.12429093E+01 6.07383099921100858E-02 8.44698024369238722E-03 2.24133066043317758E-01 2.47934617506599973E-05 8.52331916104497067E-04
1.12522517E+01 6.06456780757153105E-02 8.42984574220612647E-03 2.24004358313680735E-01 2.47810364053752036E-05 8.49058138024051472E-04
1.12616138E+01 6.05530659001582913E-02 8.41253476469564811E-03 2.23812727809208412E-01 2.47682677062479478E-05 8.45749443798542535E-04
1.12710186E+01 6.04602499481285832E-02 8.39500692148510003E-03 2.23675000665640250E-01 2.47554050767054916E-05 8.42444015734018390E-04
1.12804368E+01 6.03675207620543372E-02 8.37731751863141430E-03 2.23502707092004704E-01 2.47420055569256654E-05 8.39125127281585689E-04
1.12898272E+01 6.02752837219247481E-02 8.35954734782294075E-03 2.23339775842925747E-01 2.47277920151681057E-05 8.35858560571426930E-04
1.12992105E+01 6.01833345767963795E-02 8.34166298480050993E-03 2.23163700618926153E-01 2.47128203675429335E-05 8.32563287130388074E-04
1.13086081E+01 6.00914647383640824E-02 8.32363065413960906E-03 2.22985849845813849E-01 2.46965503665276835E-05 8.29123148180099020E-04
1.13180420E+01 5.99994620872663226E-02 8.30541635112807056E-03 2.22799509042654692E-01 2.46795941995100255E-05 8.25576026920255370E-04
1.13275216E+01 5.99072395771785282E-02 8.28701018858072139E-03 2.22608062342208257E-01 2.46635371406849556E-05 8.22069597474988246E-04
1.13370076E+01 5.98151786437105260E-02 8.26849441455250467E-03 2.22410258611128148E-01 2.46470532580093101E-05 8.18547014923284052E-04
1.13464852E+01 5.97234256647005690E-02 8.24990678384585757E-03 2.22208517404838185E-01 2.46297556046801678E-05 8.14969564843038901E-04
1.13559755E+01 5.96317756719870889E-02 8.23121503240268823E-03 2.22001744136786389E-01 2.46119282115840467E-05 8.11388337506598208E-04
1.13655001E+01 5.95400211798571277E-02 8.21238479958243638E-03 2.21789807456965887E-01 2.45943496993188547E-05 8.07872335859101875E-04
1.13750179E+01 5.94485596134295621E-02 8.19350337349305721E-03 2.21573197301469738E-01 2.45763975364238674E-05 8.04355454931150781E-04
1.13845238E+01 5.93574387107151172E-02 8.17458666332198346E-03 2.21353484531770645E-01 2.45586045311090142E-05 8.00891519682654846E-04
1.13940228E+01 5.92666089755879352E-02 8.15562887229837399E-03 2.21130052927698967E-01 2.45411088477799962E-05 7.97509399604017584E-04
1.14035203E+01 5.91760189017023347E-02 8.13662196885244805E-03 2.20903334384011413E-01 2.45226068454361692E-05 7.94136624488222067E-04
1.14130150E+01 5.90856797579157461E-02 8.11757010492736818E-03 2.20673385570187869E-01 2.45028058550609076E-05 7.90718049566767832E-04
1.14224934E+01 5.89957215980176086E-02 8.09850174785170344E-03 2.20440912000501255E-01 2.44829988050114162E-05 7.87330125463794883E-04
1.14319600E+01 5.89060983726754778E-02 8.07940695227095211E-03 2.20206262530678570E-01 2.44624222769680389E-05 7.83961628444285446E-04
1.14414201E+01 5.88167624345368942E-02 8.06027433393221616E-03 2.19969391459847563E-01 2.44416477860788895E-05 7.80652091078449747E-04
1.14508789E+01 5.87276642951950617E-02 8.04109043716098176E-03 2.19730507799940411E-01 2.44211737758279073E-05 7.77395167723810704E-04
1.14603246E+01 5.86389135018399316E-02 8.02187453801048340E-03 2.19490026325274562E-01 2.44009352768501450E-05 7.74198355365266866E-04
1.14697548E+01 5.85505339048443055E-02 8.00262672373802664E-03 2.19248576491199276E-01 2.43797664028654312E-05 7.70987076223407139E-04
1.14791742E+01 5.84624806365194247E-02 7.98333226177583982E-03 2.19006160742798078E-01 2.43576588218884700E-05 7.67726712865268810E-04
1.14885877E+01 5.83747075746901614E-02 7.96397605501159185E-03 2.18762930153832136E-01 2.43345863489786728E-05 7.64444863686668057E-04
1.14979982E+01 5.82871895390939254E-02 7.94454658205836182E-03 2.18519031836137217E-01 2.43128211063202188E-05 7.61269256215028000E-04
1.15073897E+01 5.82000748738655677E-02 7.92506942174883190E-03 2.18275024967089282E-01 2.42925400562074472E-05 7.58218252177038864E-04
1.15167666E+01 5.81133209724163172E-02 7.90552810412495713E-03 2.18031399199763637E-01 2.42714763153773500E-05 7.55141200240848072E-04
1.15261336E+01 5.80268846286609782E-02 7.88590790637617653E-03 2.17787942850620919E-01 2.42496662769621076E-05 7.52011881910953574E-04
1.15354957E+01 5.79407218408115113E-02 7.86619485360094337E-03 2.17544907723788872E-01 2.42278247330775232E-05 7.48898963361206140E-04
1.15448487E+01 5.78548710005902037E-02 7.84639368486246373E-03 2.17302473503711208E-01 2.42056904522270182E-05 7.45767162514869120E-04
1.15541838E+01 5.77694133376703556E-02 7.82652036087412052E-03 2.17061186670187950E-01 2.41837532238177517E-05 7.42676647709338369E-04
1.15635054E+01 5.76843085123407012E-02 7.80656360661057848E-03 2.16821215445389931E-01 2.41617964586614786E-05 7.39645512502200980E-04
1.15728180E+01 5.75995149364310829E-02 7.78651211981733985E-03 2.16582488908941273E-01 2.41398067821548807E-05 7.36635531015368528E-04
1.15821265E+01 5.75149900413198592E-02 7.76635522433801601E-03 2.16345106861883657E-01 2.41169797465864666E-05 7.33561548857803694E-04
1.15914223E+01 5.74308102126264014E-02 7.74611267113851400E-03 2.16109346461548862E-01 2.40936679933352451E-05 7.30453453502962770E-04
1.16007014E+01 5.73470133909803406E-02 7.72579681632441437E-03 2.15875657494231099E-01 2.40703524897921781E-05 7.27362937211976598E-04
1.16099679E+01 5.72635612878878916E-02 7.70540294048263977E-03 2.15644019420786898E-01 2.40471219370738502E-05 7.24298716685383630E-04
1.16192263E+01 5.71804147397301579E-02 7.68492690014909493E-03 2.15414403996419923E-01 2.40234546091074085E-05 7.21259267756334060E-04
1.16284810E+01 5.70975339592002806E-02 7.66436451002371500E-03 2.15186853462096150E-01 2.39993603110016787E-05 7.18216770970702681E-04
1.16377214E+01 5.70150143927690978E-02 7.64374585556401327E-03 2.14961634860495160E-01 2.39751973701806171E-05 7.15150948006736814E-04
1.16469463E+01 5.69328678119125284E-02 7.62308189363211652E-03 2.14739111643714259E-01 2.39504623344990807E-05 7.12045715437415708E-04
1.16561595E+01 5.68510587293576258E-02 7.60237240881279398E-03 2.14519144830598057E-01 2.39251886040158605E-05 7.08878993119964980E-04
1.16653654E+01 5.67695511361641300E-02 7.58161732520285826E-03 2.14301723031036812E-01 2.39007297408937041E-05 7.05740236456446493E-04
1.16745681E+01 5.66883080395071681E-02 7.56081555546032815E-03 2.14086807722770972E-01 2.38768747180997644E-05 7.02609140800508386E-04
1.16837561E+01 5.66074337802968119E-02 7.54000122495961794E-03 2.13874519874512670E-01 2.38525106251727141E-05 6.99429840689364587E-04
1.16929298E+01 5.65269231455497595E-02 7.51918270229673218E-03 2.13665429709790300E-01 2.38271510562149514E-05 6.96187883342939831E-04
1.17020930E+01 5.64467420877009587E-02 7.49836075592823226E-03 2.13459113710534554E-01 2.38015638160560288E-05 6.92909977935386007E-04
1.17112496E+01 5.63668565464712362E-02 7.47753582439095957E-03 2.13255645805212585E-01 2.37756076521367603E-05 6.89575750953488084E-04
1.17204036E+01 5.62872325088960915E-02 7.45670838283417608E-03 2.13054891742261054E-01 2.37495242753407472E-05 6.86218124893076182E-04
1.17295440E+01 5.62079651804693881E-02 7.43591223886917382E-03 2.12857054737774332E-01 2.37233057131138067E-05 6.82868324463163146E-04
1.17386716E+01 5.61290483323987482E-02 7.41515446017679269E-03 2.12662356088036714E-01 2.36963316623275776E-05 6.79488639472945418E-04
1.17477900E+01 5.60504507957969994E-02 7.39443555412359985E-03 2.12470557636748381E-01 2.36695268744318902E-05 6.76113764268816849E-04
1.17569028E+01 5.59721409454764368E-02 7.37375515504654078E-03 2.12281619041707559E-01 2.36423176458251043E-05 6.72736433962050056E-04
1.17660137E+01 5.58940870080864780E-02 7.35311233648801472E-03 2.12095423756882839E-01 2.36148075595048812E-05 6.69368139090318628E-04
1.17751144E+01 5.58163611900326512E-02 7.33253314894085229E-03 2.11912084733172801E-01 2.35866867765564220E-05 6.65959881135864832E-04
1.17842039E+01 5.57389707631312029E-02 7.31202691065539583E-03 2.11731758579301071E-01 2.35585948659865447E-05 6.62528373925342306E-04
1.17932857E+01 5.56618862293222841E-02 7.29159346454953325E-03 2.11554255848169226E-01 2.35303139301204178E-05 6.59083432335466125E-04
1.18023632E+01 5.55850777478868116E-02 7.27123237418681682E-03 2.11379483023721809E-01 2.35018972909801217E-05 6.55612949405261517E-04
1.18114399E+01 5.55085153928242259E-02 7.25094291566647821E-03 2.11207315428367515E-01 2.34730744986463677E-05 6.52128868059193728E-04
1.18205127E+01 5.54322260966455538E-02 7.23073919398319314E-03 2.11037731801044431E-01 2.34439461297382443E-05 6.48664466296632785E-04
1.18295762E+01 5.53562534376831547E-02 7.21063917416072796E-03 2.10870815428059327E-01 2.34148553490886697E-05 6.45217813622585442E-04
1.18386337E+01 5.52805690339521760E-02 7.19064131763125659E-03 2.10706494412807532E-01 2.33861788177148123E-05 6.41777041383470169E-04
1.18476885E+01 5.52051443666927502E-02 7.17074382356110932E-03 2.10544523928943156E-01 2.33581066820530085E-05 6.38368565508964469E-04
1.18567439E+01 5.51299505941099041E-02 7.15094449809179720E-03 2.10384789860803806E-01 2.33299860401545966E-05 6.34954281516631586E-04
1.18658033E+01 5.50549589503741207E-02 7.13124138579920071E-03 2.10227150555210629E-01 2.33018415530267337E-05 6.31535264241401563E-04
1.18748573E+01 5.49802459026067086E-02 7.11166001203648000E-03 2.10071622771876299E-01 2.32733042532956658E-05 6.28121916837344365E-04
1.18839072E+01 5.49057992097783387E-02 7.09220258078900774E-03 2.09918288299945494E-01 2.32437723642182510E-05 6.24679535016607027E-04
1.18929561E+01 5.48315914906231314E-02 7.07286739534950405E-03 2.09766857634965831E-01 2.32140931280935665E-05 6.21224182243536207E-04
1.19020073E+01 5.47575953084801434E-02 7.05365257424446588E-03 2.09617236534708457E-01 2.31848949263505617E-05 6.17805335762675826E-04
1.19110639E+01 5.46837829637452089E-02 7.03455557558638200E-03 2.09469236692266247E-01 2.31558327377942695E-05 6.14422665594367159E-04
1.19201288E+01 5.46101304238083701E-02 7.01557452697685203E-03 2.09322743543508605E-01 2.31269164992491211E-05 6.11057850545038616E-04
1.19291915E+01 5.45367202764610592E-02 6.99673479336057960E-03 2.09177725726577168E-01 2.30984281813000591E-05 6.07734067309096196E-04
1.19382551E+01 5.44635252415715670E-02 6.97803323955100818E-03 2.09034263842694690E-01 2.30708653977899321E-05 6.04500337595586038E-04
1.19473227E+01 5.43905180326510890E-02 6.95946647258271264E-03 2.08891993110569107E-01 2.30432838989282743E-05 6.01289192590763835E-04
1.19563975E+01 5.43176718059138336E-02 6.94103186879110445E-03 2.08750854344316727E-01 2.30151992335962540E-05 5.98086372702308963E-04
1.19654826E+01 5.42449601402986981E-02 6.92272709889497125E-03 2.08610649167548567E-01 2.29867262520500855E-05 5.94877864534619515E-04
1.19745809E+01 5.41723571671085952E-02 6.90454985939615608E-03 2.08471256249421533E-01 2.29583849780131788E-05 5.91710946238467746E-04
1.19836820E+01 5.40999448505562822E-02 6.88652393062030421E-03 2.08332634236887054E-01 2.29307090635473782E-05 5.88608912316529627E-04
1.19927890E+01 5.40276967851099701E-02 6.86864524720620997E-03 2.08194863579435674E-01 2.29034065758757370E-05 5.85549619139413553E-04
1.20019049E+01 5.39555870457193720E-02 6.85091000252156020E-03 2.08057582106212446E-01 2.28762242905189570E-05 5.82504634815510778E-04
1.20110327E+01 5.38835903118477719E-02 6.83331481724571213E-03 2.07920757098352588E-01 2.28490671453935654E-05 5.79470495708512981E-04
1.20201754E+01 5.38116817767088085E-02 6.81585643269026330E-03 2.07784193455100935E-01 2.28220104962645590E-05 5.76467345063666980E-04
1.20293360E+01 5.37398371221111323E-02 6.79853119461651216E-03 2.07647795443940020E-01 2.27948753467431412E-05 5.73534005490769299E-04
1.20385052E+01 5.36681281776639207E-02 6.78135764834990763E-03 2.07511535484255744E-01 2.27682794554251122E-05 5.70653147479216515E-04
1.20476851E+01 5.35965375076605452E-02 6.76433265107948770E-03 2.07375503771494774E-01 2.27421950027332603E-05 5.67820563793537377E-04
1.20568785E+01 5.35250406480766022E-02 6.74745114952008535E-03 2.07239440687263632E-01 2.27170028569530769E-05 5.65088459488908234E-04
1.20660885E+01 5.34536133870869359E-02 6.73070734622798622E-03 2.07103311147166791E-01 2.26920532941239177E-05 5.62436440668640392E-04
1.20753180E+01 5.33822321803755079E-02 6.71409558070939789E-03 2.06966981845983777E-01 2.26673963336451411E-05 5.59845141955997525E-04
1.20845698E+01 5.33108743369550414E-02 6.69761047759189106E-03 2.06830392867313889E-01 2.26434757489817847E-05 5.57307848725384402E-04
1.20938341E+01 5.32396155980761135E-02 6.68126900288231688E-03 2.06693568817906126E-01 2.26195032013100150E-05 5.54789597130910667E-04
1.21031136E+01 5.31684337094955259E-02 6.66506580294598874E-03 2.06556643451373506E-01 2.25950772447528165E-05 5.52310200976569346E-04
1.21124113E+01 5.30973061623172815E-02 6.64899552953351902E-03 2.06419382881472102E-01 2.25707896821281523E-05 5.49871692525276878E-04
1.21217301E+01 5.30262109599031750E-02 6.63305269154505252E-03 2.06281806571983750E-01 2.25466072078253216E-05 5.47460632724597915E-04
1.21310657E+01 5.29551796012149648E-02 6.61724329339718770E-03 2.06143895400008492E-01 2.25237713221245394E-05 5.45151643895231092E-04
1.21403514E+01 5.28847176638395366E-02 6.60167582227544521E-03 2.06006394510082458E-01 2.25020997692163521E-05 5.42927478663587731E-04
1.21495932E+01 5.28147743380254567E-02 6.58633448040974855E-03 2.05870124259457998E-01 2.24803455367926345E-05 5.40705574298694044E-04
1.21587972E+01 5.27453002949472213E-02 6.57120522680971954E-03 2.05734154171950151E-01 2.24581962140930902E-05 5.38462807125509950E-04
1.21679694E+01 5.26762470920795131E-02 6.55627491860231396E-03 2.05598793982463030E-01 2.24360796879465558E-05 5.36224038371819903E-04
1.21771000E+01 5.26076839330905793E-02 6.54155532847165797E-03 2.05463917866432116E-01 2.24146389002612611E-05 5.34038496408543962E-04
1.21861764E+01 5.25397029336755611E-02 6.52706181560848159E-03 2.05329987115029561E-01 2.23937244875450809E-05 5.31901117306911352E-04
1.21952030E+01 5.24722650764460896E-02 6.51278159886221550E-03 2.05196955748837367E-01 2.23725879818732819E-05 5.29817713222496389E-04
1.22041845E+01 5.24053320467333314E-02 6.49870216706778612E-03 2.05064682830258666E-01 2.23512509479691986E-05 5.27740381483305624E-04
1.22131254E+01 5.23388660097164476E-02 6.48481180534870357E-03 2.04933171631392408E-01 2.23303390461528588E-05 5.25668808732222760E-04
1.22220304E+01 5.22728293035805841E-02 6.47109901329903908E-03 2.04802368467314561E-01 2.23102192395968392E-05 5.23620033843522851E-04
1.22309040E+01 5.22071843506563757E-02 6.45755215736452514E-03 2.04672253131329668E-01 2.22906295123717738E-05 5.21607259359165541E-04
1.22397508E+01 5.21418936804405805E-02 6.44415953444399305E-03 2.04542792982448873E-01 2.22716535787064895E-05 5.19637030693023520E-04
1.22485754E+01 5.20769199707753414E-02 6.43090949026073593E-03 2.04413963493663198E-01 2.22530874178579106E-05 5.17716052580603488E-04
1.22573827E+01 5.20122260557481508E-02 6.41779053150761357E-03 2.04285747172537002E-01 2.22347422030256463E-05 5.15815673248113706E-04
1.22661635E+01 5.19478747728653809E-02 6.40481165522718571E-03 2.04158257836619617E-01 2.22160760003982986E-05 5.13899662428639998E-04
1.22749011E+01 5.18839863721281130E-02 6.39199328567006779E-03 2.04031863084273957E-01 2.21973209657136572E-05 5.11972568022124857E-04
1.22835993E+01 5.18205288899085612E-02 6.37932534399562098E-03 2.03906657390740070E-01 2.21785043891559473E-05 5.10055540887181650E-04
1.22922620E+01 5.17574714183722459E-02 6.36679808815342023E-03 2.03782468691155100E-01 2.21601686192132590E-05 5.08177559494169592E-04
1.23008906E+01 5.16948000745122913E-02 6.35440499782710666E-03 2.03659373452727416E-01 2.21422429047051551E-05 5.06316050328570666E-04
1.23094894E+01 5.16324811182720805E-02 6.34213573849643202E-03 2.03537352989321491E-01 2.21242320441592139E-05 5.04453729467305113E-04
1.23180627E+01 5.15704808874774545E-02 6.32998020470742356E-03 2.03416387652097130E-01 2.21063382520000430E-05 5.02605891071267489E-04
1.23266147E+01 5.15087656788982204E-02 6.31792825745923405E-03 2.03296460943311719E-01 2.20884715909363754E-05 5.00757509115410749E-04
1.23351500E+01 5.14473018564041706E-02 6.30596990961629095E-03 2.03177561369809689E-01 2.20705764018091599E-05 4.98903645665135158E-04
1.23436728E+01 5.13860560013657403E-02 6.29409552589932191E-03 2.03059676641563519E-01 2.20528757801374718E-05 4.97055634943713970E-04
1.23521876E+01 5.13249948633794015E-02 6.28229574471370414E-03 2.02942798333041852E-01 2.20354239434540233E-05 4.95216973828973010E-04
1.23606786E+01 5.12642306753846796E-02 6.27058922077526268E-03 2.02827108547892931E-01 2.20182293923630877E-05 4.93388733285500232E-04
1.23691346E+01 5.12038395255003942E-02 6.25898767513757837E-03 2.02712974332730972E-01 2.20013726726565775E-05 4.91580478300534195E-04
1.23775598E+01 5.11437903107851630E-02 6.24748245092637908E-03 2.02600351931682243E-01 2.19847720489616791E-05 4.89798635773344942E-04
1.23859582E+01 5.10840522194919780E-02 6.23606513271165661E-03 2.02489168014165666E-01 2.19682042404424368E-05 4.88021514034817690E-04
1.23943338E+01 5.10245948656512932E-02 6.22472776772532363E-03 2.02379431602906640E-01 2.19513714181400661E-05 4.86234308436248540E-04
1.24026906E+01 5.09653883286128387E-02 6.21346294443678084E-03 2.02271133618828786E-01 2.19345817290127158E-05 4.84452934377830496E-04
1.24110326E+01 5.09064029275863444E-02 6.20226342585859878E-03 2.02164280573740529E-01 2.19182300476232095E-05 4.82695234070029905E-04
1.24193637E+01 5.08476091235507341E-02 6.19112200127092116E-03 2.02058871471198581E-01 2.19020336720184423E-05 4.80961408696373800E-04
1.24276881E+01 5.07889775735388890E-02 6.18003163328415678E-03 2.01954910671884591E-01 2.18859356964291161E-05 4.79247031104210706E-04
1.24360096E+01 5.07304790887040391E-02 6.16898543195288935E-03 2.01852406206473656E-01 2.18698761583363260E-05 4.77548037199904455E-04
1.24443324E+01 5.06720845493456376E-02 6.15797666051485625E-03 2.01751365523391207E-01 2.18541644756526320E-05 4.75870453670637281E-04
1.24526397E+01 5.06139107661021034E-02 6.14702610303317128E-03 2.01651960102138567E-01 2.18384395766108492E-05 4.74208535285698847E-04
1.24609222E+01 5.05560201841989895E-02 6.13614452648591265E-03 2.01554532745536030E-01 2.18225544694011980E-05 4.72549804909907177E-04
1.24691841E+01 5.04983831409279854E-02 6.12532576274345351E-03 2.01459020709110953E-01 2.18067537616813682E-05 4.70896422279077915E-04
1.24774294E+01 5.04409704588933069E-02 6.11456399198915743E-03 2.01365381906239649E-01 2.17909784285206241E-05 4.69256540696796562E-04
1.24856621E+01 5.03837533462946491E-02 6.10385361538533320E-03 2.01273629672432425E-01 2.17749204910808074E-05 4.67635718114306671E-04
1.24938861E+01 5.03267032906664982E-02 6.09318919762527351E-03 2.01183768672124369E-01 2.17586110167940295E-05 4.66027642515943542E-04
1.25021054E+01 5.02697920083482880E-02 6.08256550752202859E-03 2.01095811063144447E-01 2.17422931961780968E-05 4.64425650054815830E-04
1.25103239E+01 5.02129913703037029E-02 6.07197749515959312E-03 2.01009772502021650E-01 2.17258883883703648E-05 4.62820789538381740E-04
1.25185458E+01 5.01562733784458661E-02 6.06142025723648871E-03 2.00925672022127161E-01 2.17094747310651429E-05 4.61217477066836108E-04
1.25267749E+01 5.00996100462687069E-02 6.05088889511116394E-03 2.00843528164227486E-01 2.16929888996041972E-05 4.59614791980136157E-04
1.25350153E+01 5.00429733982877822E-02 6.04037860972864247E-03 2.00763363565033853E-01 2.16766963649989698E-05 4.58024466147760926E-04
1.25432467E+01 4.99865030317725098E-02 6.02991544135446454E-03 2.00685334687690536E-01 2.16606369787646521E-05 4.56447294805370615E-04
1.25514647E+01 4.99302275310292420E-02 6.01950471644669988E-03 2.00609776400650586E-01 2.16447730271708207E-05 4.54884592725270738E-04
1.25596732E+01 4.98741186934227795E-02 6.00914121218678980E-03 2.00536545823989942E-01 2.16290797503575756E-05 4.53340147145834030E-04
1.25678763E+01 4.98181487225375849E-02 5.99881973775221768E-03 2.00465677349436266E-01 2.16133847067633273E-05 4.51808235286128466E-04
1.25760778E+01 4.97622901705603790E-02 5.98853512785159966E-03 2.00397168377204810E-01 2.15972051103841792E-05 4.50276118685866416E-04
1.25842816E+01 4.97065159333533665E-02 5.97828228530217221E-03 2.00331056868215396E-01 2.15807683317086503E-05 4.48748086818259999E-04
1.25924917E+01 4.96507991287838124E-02 5.96805600473858215E-03 2.00267360698127839E-01 2.15643114628974202E-05 4.47236351648240527E-04
1.26007108E+01 4.95951207323036686E-02 5.95785223758337184E-03 2.00206118495566410E-01 2.15478592196455284E-05 4.45750612716450784E-04
1.26089371E+01 4.95394926455384188E-02 5.94767230732592359E-03 2.00147391176728390E-01 2.15315925101425166E-05 4.44287406325377394E-04
1.26171743E+01 4.94838902210972542E-02 5.93751070453428075E-03 2.00091272781263041E-01 2.15152718177238873E-05 4.42834994724377706E-04
1.26254258E+01 4.94282891127188415E-02 5.92736184146464441E-03 2.00037751779251899E-01 2.14988746288294578E-05 4.41401442706996832E-04
1.26336954E+01 4.93726652666076488E-02 5.91722001245611421E-03 1.99986887997970320E-01 2.14822636539804316E-05 4.39970784941618733E-04
1.26419678E+01 4.93171205417329631E-02 5.90710233719487186E-03 1.99938754060224710E-01 2.14656203078716528E-05 4.38556008322103796E-04
1.26502427E+01 4.92616567442567127E-02 5.89700744413064470E-03 1.99919763645822812E-01 2.14491722185453370E-05 4.37158461198370338E-04
1.26585234E+01 4.92062511698555458E-02 5.88692930993115794E-03 1.99813248582017905E-01 2.14327958112114315E-05 4.35775663054055462E-04
1.26668064E+01 4.91509283738091399E-02 5.87687034696189690E-03 1.99810135287853491E-01 2.14166560448366666E-05 4.34421173451758050E-04
1.26750948E+01 4.90956650952609347E-02 5.86682408295986606E-03 1.99801697314420101E-01 2.14005788623859238E-05 4.33094054480882395E-04
1.26833923E+01 4.90404386021235650E-02 5.85678403936003376E-03 1.99726346295965029E-01 2.13845528740580253E-05 4.31779992423101300E-04
1.26917021E+01 4.89852267098343508E-02 5.84674380715503178E-03 1.99719252392656338E-01 2.13684923792471660E-05 4.30473578526393088E-04
1.27000274E+01 4.89300077831108099E-02 5.83669704154689186E-03 1.99705580542316879E-01 2.13523889070697985E-05 4.29175674287366892E-04
1.27083716E+01 4.88747607291645653E-02 5.82663740251879430E-03 1.99630018635862716E-01 2.13361059093934789E-05 4.27875569631743771E-04
1.27167326E+01 4.88194992370761666E-02 5.81656491676127950E-03 1.99628705885778412E-01 2.13195170260857395E-05 4.26573145982020170E-04
1.27251097E+01 4.87642286389592047E-02 5.80647813638020868E-03 1.99627781330378562E-01 2.13024800953223469E-05 4.25264984870866243E-04
1.27335057E+01 4.87089304326896524E-02 5.79637138636970948E-03 1.99623641646461042E-01 2.12852467867941256E-05 4.23957282981396759E-04
1.27419235E+01 4.86535865771550585E-02 5.78623910694047675E-03 1.99613996630328444E-01 2.12680626126371179E-05 4.22658225645285894E-04
1.27503659E+01 4.85981794713366833E-02 5.77607582283545806E-03 1.99600613580226099E-01 2.12508084916279905E-05 4.21371014170983371E-04
1.27588356E+01 4.85426919600466661E-02 5.76587615971713239E-03 1.99586814392896550E-01 2.12332429213269662E-05 4.20087945929586103E-04
1.27673295E+01 4.84871455950115146E-02 5.75564198645585161E-03 1.99576470166258207E-01 2.12156948915669998E-05 4.18817061261831855E-04
1.27758309E+01 4.84316501785439918E-02 5.74539161389528517E-03 1.99572923073391195E-01 2.11979919447915215E-05 4.17550516710119663E-04
1.27843423E+01 4.83761889545379770E-02 5.73512039730903009E-03 1.99576587859806809E-01 2.11800951046986666E-05 4.16279052823577140E-04
1.27928664E+01 4.83207457627319176E-02 5.72482406792633285E-03 1.99620333688676738E-01 2.11620896672714937E-05 4.15001331897765367E-04
1.28014057E+01 4.82653049424356523E-02 5.71449868232070616E-03 1.99624153759294348E-01 2.11442681639188215E-05 4.13729494279869905E-04
1.28099626E+01 4.82098512123040404E-02 5.70414050058328913E-03 1.99632062411257971E-01 2.11268021391868878E-05 4.12463244349895472E-04
1.28185395E+01 4.81543696418837777E-02 5.69374602896027121E-03 1.99683784060391140E-01 2.11094695361079185E-05 4.11195171220040312E-04
1.28271377E+01 4.80988530898124184E-02 5.68331349451546737E-03 1.99687580123061870E-01 2.10921484991361757E-05 4.09922141885647013E-04
1.28357526E+01 4.80433325390934238E-02 5.67284859256442665E-03 1.99698878760888654E-01 2.10746471552602126E-05 4.08643615791295380E-04
1.28443864E+01 4.79877935308540629E-02 5.66234880323797027E-03 1.99794298171002332E-01 2.10568770121065186E-05 4.07362816494130696E-04
1.28530416E+01 4.79322217147777202E-02 5.65181187162917299E-03 1.99795124966086424E-01 2.10390675063560481E-05 4.06078390148410958E-04
1.28617205E+01 4.78766028029293106E-02 5.64123580585344352E-03 1.99804735504832659E-01 2.10212509532745667E-05 4.04795396436765037E-04
1.28704255E+01 4.78209224888347731E-02 5.63061882605981907E-03 1.99918370244165144E-01 2.10036520314773864E-05 4.03535203402997358E-04
1.28791590E+01 4.77651663050471520E-02 5.61995922262936015E-03 1.99922107758246259E-01 2.09859769516114937E-05 4.02293734869500503E-04
1.28879236E+01 4.77093196488999477E-02 5.60925549750779587E-03 1.99993563139455016E-01 2.09680205881641622E-05 4.01065304961261034E-04
1.28967216E+01 4.76533677316644880E-02 5.59850635278321025E-03 2.00046252243568728E-01 2.09500135912970070E-05 3.99851038646134474E-04
1.29055557E+01 4.75972955069609224E-02 5.58771070135226974E-03 2.00112869899435775E-01 2.09321552807908726E-05 3.98656936991870214E-04
1.29144285E+01 4.75410876184984635E-02 5.57686764533469898E-03 2.00178182069604499E-01 2.09142738387290531E-05 3.97474933707324819E-04
1.29233426E+01 4.74847283823931349E-02 5.56597652942624269E-03 2.00250788348181552E-01 2.08963743470322014E-05 3.96294910113117137E-04
1.29322808E+01 4.74283285231810806E-02 5.55506148062604246E-03 2.00326044331203212E-01 2.08787736533734635E-05 3.95138119406932161E-04
1.29412367E+01 4.73719289727414575E-02 5.54413325591389047E-03 2.00406274218897146E-01 2.08614123680768757E-05 3.93999052652145359E-04
1.29502129E+01 4.73155138802791031E-02 5.53319196870060131E-03 2.00490134191452729E-01 2.08438268016722794E-05 3.92864008131315159E-04
1.29592120E+01 4.72590673286008775E-02 5.52223800321329037E-03 2.00578417515032054E-01 2.08255193567087974E-05 3.91709058908587277E-04
1.29682368E+01 4.72025734417382548E-02 5.51127212073292128E-03 2.00670707324773850E-01 2.08069736075386423E-05 3.90549713286882972E-04
1.29772900E+01 4.71460161529435318E-02 5.50029516079189769E-03 2.00767253357415576E-01 2.07884771419150608E-05 3.89388507702890152E-04
1.29863744E+01 4.70893792842938669E-02 5.48930790734329481E-03 2.00867934681422555E-01 2.07702884978088090E-05 3.88230834584566754E-04
1.29954928E+01 4.70326465214457173E-02 5.47831101083191916E-03 2.00972842987262174E-01 2.07525018585059926E-05 3.87074722931403652E-04
1.30046475E+01 4.69758048129108596E-02 5.46730560638800881E-03 2.01081949021405609E-01 2.07353865033915617E-05 3.85938424699446188E-04
1.30138373E+01 4.69188623814301778E-02 5.45629664575695682E-03 2.01195250075339727E-01 2.07185694617846568E-05 3.84831122838174774E-04
1.30230651E+01 4.68618020849654385E-02 5.44528385738987653E-03 2.01312712580401593E-01 2.07016822981335435E-05 3.83727332188970769E-04
1.30323340E+01 4.68046068361578638E-02 5.43426695970332298E-03 2.01434390229670496E-01 2.06845683689063597E-05 3.82617509981671936E-04
1.30416469E+01 4.67472595340193697E-02 5.42324558667366119E-03 2.01560275334009970E-01 2.06678542224941761E-05 3.81512697997535343E-04
1.30510068E+01 4.66897428784637386E-02 5.41221896387322678E-03 2.01690394766273207E-01 2.06511905299408804E-05 3.80403163897987057E-04
1.30604169E+01 4.66320394358251331E-02 5.40118596872146868E-03 2.01824758359789663E-01 2.06347821259238398E-05 3.79289991825398226E-04
1.30698803E+01 4.65741315695406208E-02 5.39014496175872250E-03 2.01963387539527389E-01 2.06184838138604056E-05 3.78173592190189016E-04
1.30794002E+01 4.65160013496710989E-02 5.37909365269551801E-03 2.02106300362642599E-01 2.06020477100842695E-05 3.77050820277440783E-04
1.30889799E+01 4.64576305378789356E-02 5.36802919704030840E-03 2.02253517530350313E-01 2.05851649985127609E-05 3.75911328217323423E-04
1.30986229E+01 4.63990005545431503E-02 5.35694830606728116E-03 2.02405064254700728E-01 2.05680229405581685E-05 3.74755861213622984E-04
1.31083325E+01 4.63400923406591878E-02 5.34584704436111453E-03 2.02560964295193713E-01 2.05513201796805288E-05 3.73602159722637086E-04
1.31181068E+01 4.62809206252942779E-02 5.33472696014125787E-03 2.02721168835579835E-01 2.05348728146685321E-05 3.72443700280815620E-04
1.31279321E+01 4.62215695831054638E-02 5.32360188077424159E-03 2.02885428218767622E-01 2.05182306011243663E-05 3.71265367585424031E-04
1.31378119E+01 4.61620196027175064E-02 5.31246573229135401E-03 2.03053661974506167E-01 2.05012488394739888E-05 3.70064919940107299E-04
1.31477499E+01 4.61022507306068294E-02 5.30131191172399097E-03 2.03225939570907621E-01 2.04838299969021539E-05 3.68866990697377570E-04
1.31577497E+01 4.60422425165676191E-02 5.29013282852234916E-03 2.03402247979971001E-01 2.04664136027693569E-05 3.67683935148373068E-04
1.31678153E+01 4.59819740018981779E-02 5.27892018921023200E-03 2.03582606977337544E-01 2.04490067722010964E-05 3.66485013465418558E-04
1.31779505E+01 4.59214239098568872E-02 5.26766575684537927E-03 2.03767030735960336E-01 2.04316477338847458E-05 3.65271446489565013E-04
1.31881595E+01 4.58605704911091844E-02 5.25636111587990135E-03 2.03955530763548581E-01 2.04142522101333641E-05 3.64038933695512033E-04
1.31984464E+01 4.57993915083535069E-02 5.24499761956361086E-03 2.04148131492452145E-01 2.03965249439099783E-05 3.62783495272770589E-04
1.32088157E+01 4.57378642380569661E-02 5.23356632584435003E-03 2.04344853220336825E-01 2.03784188109448922E-05 3.61499727597456558E-04
1.32192718E+01 4.56759654222779130E-02 5.22205815210581917E-03 2.04545724967889420E-01 2.03601950785455634E-05 3.60180754391491045E-04
1.32298195E+01 4.56136712448407255E-02 5.21046398626065672E-03 2.04750771461541775E-01 2.03413708513408986E-05 3.58811326875750430E-04
1.32404635E+01 4.55509573722153241E-02 5.19877475958544465E-03 2.04960028717695364E-01 2.03222478575877658E-05 3.57429348107235945E-04
1.32512090E+01 4.54877985616429434E-02 5.18698065438902896E-03 2.05173529491596507E-01 2.03032675633873925E-05 3.56060065250992492E-04
1.32620610E+01 4.54241686389123267E-02 5.17507111561675646E-03 2.05391312340445747E-01 2.02840401056034638E-05 3.54668489777613038E-04
1.32730252E+01 4.53600409188666259E-02 5.16303594500704902E-03 2.05613426414006178E-01 2.02647514792421093E-05 3.53255094979852127E-04
1.32841071E+01 4.52953880468340495E-02 5.15086491597115982E-03 2.05839923704288358E-01 2.02458414061382686E-05 3.51844117522211175E-04
1.32953125E+01 4.52301817731337943E-02 5.13854722746442515E-03 2.06070857506156058E-01 2.02269172285859161E-05 3.50419654337028876E-04
1.33066476E+01 4.51643931724044490E-02 5.12607203786287144E-03 2.06306284446665045E-01 2.02073186305048626E-05 3.48949264071283431E-04
1.33181187E+01 4.50979928353878595E-02 5.11342897687531474E-03 2.06546268978583719E-01 2.01874139329596640E-05 3.47434280320825669E-04
1.33296980E+01 4.50311487619591139E-02 5.10064542837243475E-03 2.06790243680513075E-01 2.01674059750013667E-05 3.45872402958803530E-04
1.33413785E+01 4.49639064471179933E-02 5.08772608268131914E-03 2.07037847295726885E-01 2.01472053509849673E-05 3.44273781084169432E-04
1.33531687E+01 4.48962241625803296E-02 5.07465890908369213E-03 2.07289210711451011E-01 2.01269098062292356E-05 3.42653656039452201E-04
1.33650776E+01 4.48280574149374847E-02 5.06143127607642900E-03 2.07544454706310305E-01 2.01065878430495370E-05 3.41019286729655558E-04
1.33771121E+01 4.47593734861099282E-02 5.04803268447734637E-03 2.07803657021022603E-01 2.00859634554320712E-05 3.39338596156202538E-04
1.33892650E+01 4.46902217686745429E-02 5.03446920022976047E-03 2.08066618756237942E-01 2.00650597170440083E-05 3.37631375039657445E-04
1.34014979E+01 4.46208272351412763E-02 5.02078166565643642E-03 2.08332481919137252E-01 2.00436173124165580E-05 3.35875449803695449E-04
1.34136720E+01 4.45519784028280963E-02 5.00712435897915972E-03 2.08598324595341916E-01 2.00220475014875176E-05 3.34094191643875685E-04
1.34257936E+01 4.44836383256931520E-02 4.99349131813443814E-03 2.08863638110422967E-01 2.00006856049297843E-05 3.32324794345630612E-04
1.34378710E+01 4.44157589449243190E-02 4.97987432573006490E-03 2.09128856536713120E-01 1.99796787072182917E-05 3.30544905638357328E-04
1.34499147E+01 4.43482813604529832E-02 4.96626353344337742E-03 2.09394032973298033E-01 1.99588768839140194E-05 3.28753141583602632E-04
1.34619369E+01 4.42811360672041437E-02 4.95264711053813953E-03 2.09659392022375518E-01 1.99381926865590281E-05 3.26941907553388045E-04
1.34739338E+01 4.42143445032491603E-02 4.93903205517709411E-03 2.09924814503659407E-01 1.99174697515006333E-05 3.25099941154063184E-04
1.34858763E+01 4.41480671521502985E-02 4.92545471681340823E-03 2.10189630525069476E-01 1.98967170212616504E-05 3.23240534885360371E-04
1.34977741E+01 4.40822489014039906E-02 4.91190813553826159E-03 2.10453862027552091E-01 1.98755915626808176E-05 3.21363158613784236E-04
1.35096385E+01 4.40168254666853942E-02 4.89838367059837985E-03 2.10717815757587967E-01 1.98540746757205565E-05 3.19471523230224709E-04
1.35214827E+01 4.39517238423551351E-02 4.88487086927847248E-03 2.10981721024211394E-01 1.98316252273697249E-05 3.17555910295167659E-04
1.35333213E+01 4.38868630049192646E-02 4.87135770299193353E-03 2.11245886928214277E-01 1.98085853198765556E-05 3.15629799716089408E-04
1.35451216E+01 4.38224218839927057E-02 4.85788624039559021E-03 2.11509675922909424E-01 1.97859428730858626E-05 3.13729837290468950E-04
1.35568777E+01 4.37584288548570760E-02 4.84446727908975985E-03 2.11772776347283143E-01 1.97641337192460294E-05 3.11855303732235314E-04
1.35686019E+01 4.36948158645220006E-02 4.83109166403108276E-03 2.12035494770947158E-01 1.97424865501481139E-05 3.09992074940134809E-04
1.35803075E+01 4.36315080674449240E-02 4.81774899579421722E-03 2.12298142578901033E-01 1.97207852712979224E-05 3.08140926286022373E-04
1.35920093E+01 4.35684243766997145E-02 4.80442744528725152E-03 2.12561050102844706E-01 1.96988049610363918E-05 3.06301301205941625E-04
1.36036748E+01 4.35057386224574488E-02 4.79116883720614312E-03 2.12823608815664478E-01 1.96764969528910248E-05 3.04465555556375066E-04
1.36152790E+01 4.34435809425329222E-02 4.77800607706868434E-03 2.13085141130804151E-01 1.96540499439960233E-05 3.02632546729860493E-04
1.36268324E+01 4.33818914175792894E-02 4.76493205597214396E-03 2.13345856744474205E-01 1.96315153236165347E-05 3.00805008315104374E-04
1.36383443E+01 4.33206175749154196E-02 4.75194101596617107E-03 2.13606048742536109E-01 1.96090409574768863E-05 2.98986273452937486E-04
1.36498247E+01 4.32597025644153518E-02 4.73902587229825360E-03 2.13865945687523817E-01 1.95868488656637739E-05 2.97189157403424066E-04
1.36612838E+01 4.31990902284669631E-02 4.72617920403169307E-03 2.14125798048507371E-01 1.95648738362099117E-05 2.95411086850862637E-04
1.36726937E+01 4.31389248720748450E-02 4.71343553194175299E-03 2.14385088197777379E-01 1.95432708855781278E-05 2.93658113305759550E-04
1.36840561E+01 4.30791939850771674E-02 4.70079595911936012E-03 2.14643735762178850E-01 1.95216744231200981E-05 2.91911901792531008E-04
1.36953808E+01 4.30198418834974450E-02 4.68825252206628729E-03 2.14902057130671287E-01 1.95002347320590529E-05 2.90188744858248303E-04
1.37066777E+01 4.29608147251234543E-02 4.67579710251330403E-03 2.15160302282827703E-01 1.94783488408564787E-05 2.88465375840718313E-04
1.37179561E+01 4.29020609493974969E-02 4.66342204465456777E-03 2.15418727299039992E-01 1.94564028193445628E-05 2.86759183184039210E-04
1.37292252E+01 4.28435312170359212E-02 4.65111983118331792E-03 2.15677577452597857E-01 1.94345105829384579E-05 2.85077150206012296E-04
1.37404797E+01 4.27852501354052811E-02 4.63889803172935246E-03 2.15936810780835042E-01 1.94124518780453512E-05 2.83414927022944689E-04
1.37516976E+01 4.27273301594264521E-02 4.62678220007261328E-03 2.16195962440138501E-01 1.93904208859618069E-05 2.81773805689054671E-04
1.37628882E+01 4.26697198245860124E-02 4.61476340338586380E-03 2.16455196223699242E-01 1.93684915415685851E-05 2.80157816176408747E-04
1.37740606E+01 4.26123701436444749E-02 4.60283307649553188E-03 2.16714836231694880E-01 1.93464799796135336E-05 2.78559037837133167E-04
1.37852234E+01 4.25552347193064243E-02 4.59098312650766706E-03 2.16975112178512258E-01 1.93240494933546966E-05 2.76969440775549371E-04
1.37963848E+01 4.24982698301561573E-02 4.57920596596090180E-03 2.17236270586497554E-01 1.93017574837587624E-05 2.75395743690417898E-04
1.38075465E+01 4.24414657376200599E-02 4.56750089256161354E-03 2.17498413255214268E-01 1.92798748906335417E-05 2.73845675808806911E-04
1.38186807E+01 4.23849616588607078E-02 4.55589735957946489E-03 2.17760985786708050E-01 1.92586953465297494E-05 2.72344195497889138E-04
1.38297961E+01 4.23287106702316882E-02 4.54438602010836905E-03 2.18024109290178653E-01 1.92375762666822397E-05 2.70869826808727574E-04
1.38409011E+01 4.22726688055333130E-02 4.53295838399324618E-03 2.18288119158356692E-01 1.92163167693819181E-05 2.69418820990888501E-04
1.38520034E+01 4.22167949846147528E-02 4.52160668529138186E-03 2.18553230516702085E-01 1.91952570783853858E-05 2.68000571159446516E-04
1.38631103E+01 4.21610507523837233E-02 4.51032365670260473E-03 2.18819678355829772E-01 1.91745271927735566E-05 2.66612709342190781E-04
1.38742164E+01 4.21054624984461903E-02 4.49911501494950315E-03 2.19087413231784961E-01 1.91541431277617007E-05 2.65256771005333318E-04
1.38853030E+01 4.20501222278656869E-02 4.48799928278450274E-03 2.19356039094719485E-01 1.91339835704816369E-05 2.63930008963245133E-04
1.38963778E+01 4.19949883175773780E-02 4.47696794722632178E-03 2.19625726465225962E-01 1.91138545627974360E-05 2.62621866801282977E-04
1.39074485E+01 4.19400220932878778E-02 4.46601319802285464E-03 2.19896767977255436E-01 1.90935530672627214E-05 2.61322035491301822E-04
1.39185218E+01 4.18851876567768316E-02 4.45512787428898726E-03 2.20169379920143710E-01 1.90735823083950812E-05 2.60039708661032032E-04
1.39296045E+01 4.18304515377044897E-02 4.44430523284448063E-03 2.20443788750703501E-01 1.90540105446000993E-05 2.58771479307278579E-04
1.39406728E+01 4.17759292626934745E-02 4.43356770771519051E-03 2.20719523579847227E-01 1.90347980725648321E-05 2.57517248075907928E-04
1.39517283E+01 4.17216119037078920E-02 4.42291296405108742E-03 2.20996575350725255E-01 1.90155423315952243E-05 2.56276455910953843E-04
1.39627779E+01 4.16674632921035931E-02 4.41233327805085583E-03 2.21275219883366653E-01 1.89957785806877959E-05 2.55043310179146410E-04
1.39738284E+01 4.16134499581782627E-02 4.40182149642142848E-03 2.21555678150862800E-01 1.89763244022997608E-05 2.53841112816425836E-04
1.39848858E+01 4.15595406540943124E-02 4.39137066631371895E-03 2.21838170359529491E-01 1.89574171681561679E-05 2.52665225231363786E-04
1.39959319E+01 4.15058235882684382E-02 4.38099672945709787E-03 2.22122325204811566E-01 1.89384764888060504E-05 2.51503546207043117E-04
1.40069639E+01 4.14523099594245950E-02 4.37070063652728047E-03 2.22408064901982339E-01 1.89194729857734787E-05 2.50353289473024578E-04
1.40179887E+01 4.13989659628588857E-02 4.36047475845784908E-03 2.22695630352162832E-01 1.89004209228707149E-05 2.49216670101861553E-04
1.40290124E+01 4.13457603312383515E-02 4.35031199434998857E-03 2.22985248107621603E-01 1.88811455463660912E-05 2.48089807336676030E-04
1.40400408E+01 4.12926640663357977E-02 4.34020572353949197E-03 2.23277124225106427E-01 1.88621956298169689E-05 2.46981501274227706E-04
1.40510497E+01 4.12397929575598482E-02 4.33017662390170095E-03 2.23570715407120924E-01 1.88432147637380831E-05 2.45881717810351346E-04
1.40620436E+01 4.11871236007660124E-02 4.32021890436411291E-03 2.23866107331841896E-01 1.88242894471031956E-05 2.44794037326022103E-04
1.40730287E+01 4.11346247211073004E-02 4.31032534893572867E-03 2.24163556091538790E-01 1.88053332850221462E-05 2.43722227640800343E-04
1.40840110E+01 4.10822674405284596E-02 4.30048915958908349E-03 2.24463260565682859E-01 1.87864116014305200E-05 2.42667990678241494E-04
1.40949861E+01 4.10300710415458375E-02 4.29071251744965378E-03 2.24765166657143384E-01 1.87677092876916619E-05 2.41630552515791259E-04
1.41059390E+01 4.09781061744129704E-02 4.28100716818406810E-03 2.25068905033660532E-01 1.87494070684744005E-05 2.40612132265932384E-04
1.41168760E+01 4.09263414773873360E-02 4.27136588240206640E-03 2.25374648291720214E-01 1.87313379017798030E-05 2.39601302148089411E-04
1.41278028E+01 4.08747481260005596E-02 4.26178212001386211E-03 2.25682620471758688E-01 1.87134829193993973E-05 2.38599918531614603E-04
1.41387250E+01 4.08232994704732025E-02 4.25224985599178228E-03 2.25993009057879113E-01 1.86956382617097128E-05 2.37601771439294542E-04
1.41496320E+01 4.07720442250612547E-02 4.24277714553675678E-03 2.26305568304741689E-01 1.86783343001599146E-05 2.36621864453832393E-04
1.41605163E+01 4.07210160253951223E-02 4.23336924285239776E-03 2.26620099265442854E-01 1.86611655377973570E-05 2.35659159687835019E-04
1.41713839E+01 4.06701859988008937E-02 4.22401999575591509E-03 2.26936778989006743E-01 1.86437445638767577E-05 2.34705260723441924E-04
1.41822401E+01 4.06195276304018929E-02 4.21472393057095978E-03 2.27255802893153530E-01 1.86262667020929911E-05 2.33764967709259723E-04
1.41930900E+01 4.05690164166748884E-02 4.20547607897502670E-03 2.27577345615760596E-01 1.86085872861317863E-05 2.32826032875785776E-04
1.42039328E+01 4.05186555587008015E-02 4.19627670098253643E-03 2.27901412469309173E-01 1.85911020233071697E-05 2.31895794891996492E-04
1.42147527E+01 4.04685173524617567E-02 4.18713867788744320E-03 2.28227565501763097E-01 1.85735209857130293E-05 2.30977211296253383E-04
1.42255552E+01 4.04185751380691724E-02 4.17805692161149315E-03 2.28555938252337637E-01 1.85560149252214793E-05 2.30071321623828495E-04
1.42363453E+01 4.03688043296595092E-02 4.16902690359891200E-03 2.28886720246075731E-01 1.85385394776171681E-05 2.29168741421051885E-04
1.42471278E+01 4.03191822066949687E-02 4.16004464012591224E-03 2.29220066192419608E-01 1.85206709212165519E-05 2.28258754724406488E-04
1.42579071E+01 4.02696877154766486E-02 4.15110669183216350E-03 2.29556125011627143E-01 1.85027662186714847E-05 2.27347796168026069E-04
1.42686875E+01 4.02203011348523168E-02 4.14220995836511383E-03 2.29895038774085569E-01 1.84852503398966363E-05 2.26445348643703538E-04
1.42794513E+01 4.01711025161801891E-02 4.13336929684518344E-03 2.30236282531205150E-01 1.84676798433879496E-05 2.25552600815505161E-04
1.42902020E+01 4.01220745265473619E-02 4.12458208280120416E-03 2.30579920661247162E-01 1.84498700016155076E-05 2.24664200549954209E-04
1.43009442E+01 4.00731956803125691E-02 4.11584511302261723E-03 2.30926109190300460E-01 1.84319266940034145E-05 2.23778496568114587E-04
1.43116820E+01 4.00244459366083660E-02 4.10715552361353223E-03 2.31274977358947198E-01 1.84141503967424031E-05 2.22900446098806573E-04
1.43224197E+01 3.99758064532270627E-02 4.09851069759989244E-03 2.31626651671729938E-01 1.83968080017194142E-05 2.22039640880865324E-04
1.43331609E+01 3.99272593122597316E-02 4.08990816704569559E-03 2.31981250452450855E-01 1.83794156982325281E-05 2.21190316048965659E-04
1.43439093E+01 3.98787873439095802E-02 4.08134563744881780E-03 2.32338887801372074E-01 1.83619779894742345E-05 2.20349605769115182E-04
1.43546578E+01 3.98304227747510939E-02 4.07282960326595892E-03 2.32699319675891303E-01 1.83444808755090825E-05 2.19516348221471437E-04
1.43654011E+01 3.97821878837358797E-02 4.06436481363338462E-03 2.33062342450385429E-01 1.83269630403881281E-05 2.18687272853616534E-04
1.43761432E+01 3.97340642774753686E-02 4.05594895504256692E-03 2.33428050248550734E-01 1.83098900714127192E-05 2.17869502948664254E-04
1.43868879E+01 3.96860344068518736E-02 4.04757987982643994E-03 2.33796546195026739E-01 1.82928724077992647E-05 2.17059097905932544E-04
1.43976389E+01 3.96380813937730128E-02 4.03925558782051997E-03 2.34167917131583192E-01 1.82757946338834680E-05 2.16256079498138091E-04
1.44083997E+01 3.95901888279860184E-02 4.03097418950770520E-03 2.34542246191189768E-01 1.82583350402960001E-05 2.15454935549391579E-04
1.44191739E+01 3.95423406445177678E-02 4.02273394834947503E-03 2.34919618111536277E-01 1.82405296588591929E-05 2.14655460293541167E-04
1.44299650E+01 3.94945209036830017E-02 4.01453314607055130E-03 2.35300115952069733E-01 1.82229039644031852E-05 2.13867048033882906E-04
1.44407713E+01 3.94467365847677304E-02 4.00637388409452039E-03 2.35683644759122179E-01 1.82052727459398734E-05 2.13085426528031248E-04
1.44515831E+01 3.93990307018606961E-02 3.99826426025547046E-03 2.36069806302361324E-01 1.81875072466869185E-05 2.12308112055034713E-04
1.44624039E+01 3.93513866973260809E-02 3.99020217244685799E-03 2.36458652566436583E-01 1.81695381773531917E-05 2.11531066292965520E-04
1.44732371E+01 3.93037892313658557E-02 3.98218576715059398E-03 2.36850253084550988E-01 1.81515514496108212E-05 2.10755133007336018E-04
1.44840790E+01 3.92562543556076796E-02 3.97421842585158561E-03 2.37244412226981893E-01 1.81336930162522343E-05 2.09995203230569429E-04
1.44949332E+01 3.92087658875305001E-02 3.96629792951407652E-03 2.37641176499587770E-01 1.81161234317098238E-05 2.09249630982007612E-04
1.45058033E+01 3.91613069023989124E-02 3.95842191476412832E-03 2.38040614662797079E-01 1.80984520599421686E-05 2.08504950096763939E-04
1.45166934E+01 3.91138598219046146E-02 3.95058799402224579E-03 2.38442795377725641E-01 1.80805832805712556E-05 2.07756222026516714E-04
1.45276076E+01 3.90664064037339540E-02 3.94279367697949329E-03 2.38847783445138462E-01 1.80627615442252510E-05 2.07017282367154872E-04
1.45385438E+01 3.90189549345893727E-02 3.93504070282565000E-03 2.39255421940530122E-01 1.80451848884962477E-05 2.06293240532101586E-04
1.45494907E+01 3.89715549418718638E-02 3.92733726917668564E-03 2.39665192139644351E-01 1.80277204287941444E-05 2.05576873339269919E-04
1.45604521E+01 3.89241885509219385E-02 3.91968047563261233E-03 2.40077121689437928E-01 1.80103623514289679E-05 2.04873686211335749E-04
1.45714322E+01 3.88768371223428902E-02 3.91206720611294093E-03 2.40491270267554069E-01 1.79929835061227880E-05 2.04183621528714298E-04
1.45824356E+01 3.88294812623037680E-02 3.90449423404969770E-03 2.40907694748544787E-01 1.79754892061326717E-05 2.03497353496232577E-04
1.45934668E+01 3.87821009334922903E-02 3.89695832099253318E-03 2.41326455704975240E-01 1.79580500152170824E-05 2.02823814532883287E-04
1.46045299E+01 3.87346781640345722E-02 3.88945643340279012E-03 2.41747593632647806E-01 1.79407543276356849E-05 2.02164167183432528E-04
1.46156208E+01 3.86872308042534307E-02 3.88199107913893499E-03 2.42170832623038929E-01 1.79235583344644888E-05 2.01509057494709648E-04
1.46267437E+01 3.86397409491845284E-02 3.87455912696898054E-03 2.42596190866945366E-01 1.79061624068400424E-05 2.00865970685047798E-04
1.46378792E+01 3.85922907610960347E-02 3.86717298584551622E-03 2.43022822811038125E-01 1.78886848698659129E-05 2.00225962517962551E-04
1.46490317E+01 3.85448611568398394E-02 3.85982913382349998E-03 2.43450714789806483E-01 1.78713195498223826E-05 1.99595501592611632E-04
1.46602064E+01 3.84974300290824370E-02 3.85252352498936974E-03 2.43879922854279729E-01 1.78539936250765723E-05 1.98968439442847423E-04
1.46714086E+01 3.84499747155375507E-02 3.84525204321320728E-03 2.44310494071003304E-01 1.78369060853322421E-05 1.98356921161879749E-04
1.46826437E+01 3.84024720864027252E-02 3.83801039708622956E-03 2.44742479601612134E-01 1.78200963115655501E-05 1.97766625043870601E-04
1.46939174E+01 3.83548986785082272E-02 3.83079414092252039E-03 2.45175927492463169E-01 1.78035588619626096E-05 1.97202142687990411E-04
1.47052305E+01 3.83072509807965006E-02 3.82360176151143490E-03 2.45610704265108143E-01 1.77872102401897401E-05 1.96649052814769452E-04
1.47165648E+01 3.82596055285558193E-02 3.81644378565489106E-03 2.46045947842123913E-01 1.77711165578362958E-05 1.96107450206433654E-04
1.47279261E+01 3.82119380640254108E-02 3.80931549398607358E-03 2.46481675999195932E-01 1.77551187054568227E-05 1.95566586809441416E-04
1.47393203E+01 3.81642240362734531E-02 3.80221221181643605E-03 2.46917941672907953E-01 1.77393441758067959E-05 1.95027894285007173E-04
1.47507499E+01 3.81164537300677717E-02 3.79513146743847007E-03 2.47354649601746107E-01 1.77233981743894420E-05 1.94477244612153668E-04
1.47622120E+01 3.80686391650428696E-02 3.78807408125578834E-03 2.47791495882963175E-01 1.77073958011372621E-05 1.93941983245325049E-04
1.47737127E+01 3.80207555254274687E-02 3.78103523485876598E-03 2.48228504674965877E-01 1.76912893124904013E-05 1.93399621766947169E-04
1.47852581E+01 3.79727779226378681E-02 3.77401018504758528E-03 2.48665699702298293E-01 1.76749986968174314E-05 1.92848781337677386E-04
1.47968402E+01 3.79247403360890994E-02 3.76700279255072360E-03 2.49102577769141270E-01 1.76587646350905139E-05 1.92307995089472289E-04
1.48084489E+01 3.78766850976967051E-02 3.76001788616647402E-03 2.49538539958657296E-01 1.76427079342176780E-05 1.91784686970601544E-04
1.48200907E+01 3.78285857739365378E-02 3.75305020083431702E-03 2.49973605101142193E-01 1.76266716887243656E-05 1.91262169111813975E-04
1.48317722E+01 3.77804159318674074E-02 3.74609464770438638E-03 2.50407805065638256E-01 1.76106995055208787E-05 1.90740811556977443E-04
1.48434998E+01 3.77321491612008231E-02 3.73914620504277578E-03 2.50841160243063022E-01 1.75947927953373045E-05 1.90225516722129795E-04
1.48552803E+01 3.76837590338918102E-02 3.73219980727499409E-03 2.51273680668143484E-01 1.75786767131193279E-05 1.89714848540113398E-04
1.48671080E+01 3.76352696514067192E-02 3.72525758518068998E-03 2.51704929593613902E-01 1.75621416106964787E-05 1.89197575267799784E-04
1.48789689E+01 3.75867397221422983E-02 3.71832664850102858E-03 2.52134154600967830E-01 1.75455210336175289E-05 1.88680375332790878E-04
1.48908699E+01 3.75381412097996955E-02 3.71140158816950791E-03 2.52561363757191959E-01 1.75293103675909631E-05 1.88186133816900205E-04
1.49028181E+01 3.74894459963284188E-02 3.70447669675710899E-03 2.52986580596493649E-01 1.75130696610968540E-05 1.87711456482800933E-04
1.49148206E+01 3.74406260838606730E-02 3.69754625376950445E-03 2.53409807840264789E-01 1.74964800488779477E-05 1.87224158016295952E-04
1.49268846E+01 3.73916537576919547E-02 3.69060488378252644E-03 2.53831042752075742E-01 1.74794638967646162E-05 1.86720225099367126E-04
1.49390016E+01 3.73425641042275866E-02 3.68365623088716876E-03 2.54249741793469486E-01 1.74624599784376394E-05 1.86216228382591952E-04
1.49511587E+01 3.72934108976831283E-02 3.67670647146198107E-03 2.54665206730260718E-01 1.74453418580063499E-05 1.85717788160798193E-04
1.49633635E+01 3.72441648379956067E-02 3.66974999230774545E-03 2.55077440209808326E-01 1.74277291288360950E-05 1.85205351992323987E-04
1.49756234E+01 3.71947970029862032E-02 3.66278139142029932E-03 2.55486454136016838E-01 1.74097800669023815E-05 1.84681974889666758E-04
1.49878117E+01 3.71458170850557240E-02 3.65587106601052104E-03 2.55887904684666656E-01 1.73920803674975814E-05 1.84164532923808009E-04
1.50000000E+01 3.70969367094608343E-02 3.64897697214364419E-03 2.56283873033508469E-01 1.73746337818256421E-05 1.83657737929651378E-04
