#  time, MeanKE MeanKEDR MeanP MeanNuT MeanLesProduction
0 1.24981176168378685E-01 4.68679415828199297E-04 3.58063961071907322E-18 4.69788724643586119E-06 5.04333129987828316E-06
7.36310778E-03 1.24977274964329324E-01 4.68667432041930203E-04 6.16851951051771075E-05 4.69787231646560163E-06 5.04313060080751387E-06
1.47275084E-02 1.24973654575539439E-01 4.68661794158559814E-04 7.24812918670160423E-05 4.69796437251115780E-06 5.04302773071899486E-06
2.20921230E-02 1.24970127645806062E-01 4.68661799456104552E-04 7.16043759462665365E-05 4.69814805775179522E-06 5.04300984548603499E-06
2.94570042E-02 1.24966631507180723E-01 4.68667213156690192E-04 6.67610054052798682E-05 4.69841449163098950E-06 5.04307270764767044E-06
3.68222116E-02 1.24963145219673541E-01 4.68677957395158349E-04 5.76520665967390449E-05 4.69875749231725130E-06 5.04321497770812194E-06
4.41878074E-02 1.24959661756201712E-01 4.68694006922835212E-04 4.41823318695543982E-05 4.69917229595306180E-06 5.04343629999983126E-06
5.15538544E-02 1.24956178727672965E-01 4.68715354325726231E-04 2.63748202778659210E-05 4.69965497660157659E-06 5.04373666365918751E-06
5.89203074E-02 1.24952695342379572E-01 4.68741997997519047E-04 4.22901116253818623E-06 4.70020211213172077E-06 5.04411618279740122E-06
6.62870062E-02 1.24949211378375391E-01 4.68773937853753336E-04 -2.22552558887521562E-05 4.70081061506913824E-06 5.04457501844740594E-06
7.36540142E-02 1.24945726679889402E-01 4.68811175461967080E-04 -5.30748651450086727E-05 4.70147771682750954E-06 5.04511337447186914E-06
8.10213947E-02 1.24942241148460989E-01 4.68853713044135271E-04 -8.82260636864642429E-05 4.70220093741999532E-06 5.04573148106447952E-06
8.83892108E-02 1.24938754704756100E-01 4.68901553332952404E-04 -1.27704645050435913E-04 4.70297805151027024E-06 5.04642959149770635E-06
9.57575257E-02 1.24935267275839354E-01 4.68954699523554150E-04 -1.71506075050589557E-04 4.70380704821189452E-06 5.04720798068608089E-06
1.03126402E-01 1.24931778790925457E-01 4.69013155257003275E-04 -2.19625537642475068E-04 4.70468609663836849E-06 5.04806694438524705E-06
1.10495903E-01 1.24928289179971036E-01 4.69076924614341220E-04 -2.72057946088218538E-04 4.70561351951627411E-06 5.04900679862830676E-06
1.17866092E-01 1.24924798373201223E-01 4.69146012114151246E-04 -3.28797943746823070E-04 4.70658777367776313E-06 5.05002787926217697E-06
1.25237030E-01 1.24921306300950760E-01 4.69220422711256145E-04 -3.89839903876719896E-04 4.70760743598843029E-06 5.05113054153588593E-06
1.32608780E-01 1.24917812893612284E-01 4.69300161795763767E-04 -4.55177926328553491E-04 4.70867119309984350E-06 5.05231515972193585E-06
1.39981405E-01 1.24914318081623441E-01 4.69385235192230443E-04 -5.24805835275338846E-04 4.70977783089304848E-06 5.05358212676331216E-06
1.47354965E-01 1.24910821795454902E-01 4.69475649158811572E-04 -5.98717176992005057E-04 4.71092621314710440E-06 5.05493185394244942E-06
1.54729523E-01 1.24907323965616698E-01 4.69571410386414258E-04 -6.76905215803976358E-04 4.71211524097403407E-06 5.05636477056782748E-06
1.62104853E-01 1.24903824659026011E-01 4.69672521953172278E-04 -7.59359687024950092E-04 4.71334376920312199E-06 5.05788126293866698E-06
1.69480979E-01 1.24900323823924103E-01 4.69778990240794379E-04 -8.46072312546951007E-04 4.71461070140549532E-06 5.05948177745029783E-06
1.76857963E-01 1.24896821390626495E-01 4.69890822541040693E-04 -9.37013344356765537E-04 4.71591499058544671E-06 5.06116678470257881E-06
1.84235867E-01 1.24893317289475142E-01 4.70008026576628542E-04 -1.03224340273768496E-03 4.71725565069205343E-06 5.06293677206668969E-06
1.91614752E-01 1.24889811450843047E-01 4.70130610500239907E-04 -1.13167447804448729E-03 4.71863175724690324E-06 5.06479224340157335E-06
1.98994678E-01 1.24886303805131438E-01 4.70258582893480048E-04 -1.23533514771808467E-03 4.72004244210121718E-06 5.06673371878932273E-06
2.06375708E-01 1.24882794282775128E-01 4.70391952765830007E-04 -1.34321042046674178E-03 4.72148688812362901E-06 5.06876173427573883E-06
2.13757901E-01 1.24879282814236853E-01 4.70530729553544946E-04 -1.45529055928897140E-03 4.72296432531919887E-06 5.07087684161969288E-06
2.21141319E-01 1.24875769330014971E-01 4.70674923118512864E-04 -1.57156562884651005E-03 4.72447402856242951E-06 5.07307960804947637E-06
2.28526019E-01 1.24872253760639915E-01 4.70824543747098187E-04 -1.69202538492945614E-03 4.72601531677235706E-06 5.07537061602566072E-06
2.35912064E-01 1.24868736036677599E-01 4.70979602148954455E-04 -1.81665926839578670E-03 4.72758755229744325E-06 5.07775046301023924E-06
2.43299511E-01 1.24865216088729289E-01 4.71140109455770394E-04 -1.94545639961337898E-03 4.72919013565608194E-06 5.08021976124218120E-06
2.50688419E-01 1.24861693847437352E-01 4.71306077220025083E-04 -2.07840557418362964E-03 4.73082248667405201E-06 5.08277913751868728E-06
2.58078804E-01 1.24858169264346272E-01 4.71477516382424436E-04 -2.21549444175013878E-03 4.73248400501677158E-06 5.08542921701995276E-06
2.65470455E-01 1.24854642398223040E-01 4.71654432715592315E-04 -2.35670590082718862E-03 4.73417401700134637E-06 5.08817055223369274E-06
2.72863431E-01 1.24851113179316853E-01 4.71836838372117118E-04 -2.50202722410777833E-03 4.73589190746783686E-06 5.09100380128584373E-06
2.80257791E-01 1.24847581537915198E-01 4.72024745923051224E-04 -2.65144536869141474E-03 4.73763708388969643E-06 5.09392963591594297E-06
2.87653594E-01 1.24844047404343433E-01 4.72218168356503269E-04 -2.80494696424548207E-03 4.73940898551921317E-06 5.09694874125741834E-06
2.95050898E-01 1.24840510708961308E-01 4.72417119076207973E-04 -2.96251829407739994E-03 4.74120708344129738E-06 5.10006181562210564E-06
3.02449760E-01 1.24836971382165485E-01 4.72621611900030754E-04 -3.12414528932569539E-03 4.74303087824179883E-06 5.10326957028849631E-06
3.09850238E-01 1.24833429354388625E-01 4.72831661058475809E-04 -3.28981352371691830E-03 4.74487989797179869E-06 5.10657272929374342E-06
3.17252388E-01 1.24829884556102264E-01 4.73047281193138909E-04 -3.45950820980807329E-03 4.74675369704063734E-06 5.10997202922798766E-06
3.24656267E-01 1.24826336917816791E-01 4.73268487355124026E-04 -3.63321418856577937E-03 4.74865185609566963E-06 5.11346821903123292E-06
3.32061931E-01 1.24822786370086258E-01 4.73495295003449233E-04 -3.81091592998562562E-03 4.75057398253870845E-06 5.11706205979319914E-06
3.39469435E-01 1.24819232843502700E-01 4.73727720003387870E-04 -3.99259752065404903E-03 4.75251970990759670E-06 5.12075432455501502E-06
3.46878835E-01 1.24815676268702172E-01 4.73965778624803650E-04 -4.17824266290859562E-03 4.75448869124044271E-06 5.12454579811437330E-06
3.54290183E-01 1.24812116576368065E-01 4.74209487540437884E-04 -4.36783466434396191E-03 4.75648058157993029E-06 5.12843727683262492E-06
3.61703535E-01 1.24808553697226543E-01 4.74458863824173246E-04 -4.56135643497533431E-03 4.75849501872071554E-06 5.13242956844109313E-06
3.69118699E-01 1.24804987680204718E-01 4.74713916405628661E-04 -4.75878390393172368E-03 4.76053155511286947E-06 5.13652335453408104E-06
3.76535681E-01 1.24801418478001760E-01 4.74974660996104392E-04 -4.96009753273310167E-03 4.76258979634119142E-06 5.14071942911168535E-06
3.83954537E-01 1.24797846020771680E-01 4.75241115271257816E-04 -5.16527858940867609E-03 4.76466937605930434E-06 5.14501862190736496E-06
3.91375320E-01 1.24794270238713201E-01 4.75513297304922433E-04 -5.37430794289236839E-03 4.76676994897926546E-06 5.14942177317671763E-06
3.98798084E-01 1.24790691062068693E-01 4.75791225567238321E-04 -5.58716603871900735E-03 4.76889119110616129E-06 5.15392973349996382E-06
4.06222881E-01 1.24787108421123200E-01 4.76074918922756839E-04 -5.80383289645268387E-03 4.77103279855818572E-06 5.15854336358604145E-06
4.13649764E-01 1.24783522246208534E-01 4.76364396628489988E-04 -6.02428809629455397E-03 4.77319448657338371E-06 5.16326353407815175E-06
4.21078784E-01 1.24779932467699653E-01 4.76659678331968874E-04 -6.24851077901506912E-03 4.77537598905370876E-06 5.16809112536082207E-06
4.28509993E-01 1.24776339016019186E-01 4.76960784069240537E-04 -6.47647963194115852E-03 4.77757705849727463E-06 5.17302702736789876E-06
4.35943440E-01 1.24772741821635655E-01 4.77267734262845048E-04 -6.70817288749071469E-03 4.77979746563130803E-06 5.17807213939186991E-06
4.43379177E-01 1.24769140815068263E-01 4.77580549719755141E-04 -6.94356831081171730E-03 4.78203699706087835E-06 5.18322736989471694E-06
4.50817252E-01 1.24765535926881332E-01 4.77899251629306800E-04 -7.18264319691285479E-03 4.78429544852977049E-06 5.18849363631953276E-06
4.58257714E-01 1.24761927087693750E-01 4.78223861561061486E-04 -7.42537435914701876E-03 4.78657261395119652E-06 5.19387186490294469E-06
4.65700610E-01 1.24758314228171768E-01 4.78554401462671930E-04 -7.67173812457648714E-03 4.78886827690605983E-06 5.19936299048567465E-06
4.73145990E-01 1.24754697279034849E-01 4.78890893657690970E-04 -7.92171032478984800E-03 4.79118221220758853E-06 5.20496795632017289E-06
4.80593737E-01 1.24751076249214748E-01 4.79233353388794543E-04 -8.17526078891089684E-03 4.79351414474458219E-06 5.21068758920620479E-06
4.88043797E-01 1.24747451119476993E-01 4.79581798520851575E-04 -8.43236055744269082E-03 4.79586382591373136E-06 5.21652276037234502E-06
4.95496218E-01 1.24743821819787312E-01 4.79936251986234268E-04 -8.69298364746673782E-03 4.79823105360004656E-06 5.22247442692990809E-06
5.02951046E-01 1.24740188280165143E-01 4.80296737089750195E-04 -8.95710356532022738E-03 4.80061564098427369E-06 5.22854355361747846E-06
5.10408329E-01 1.24736550430681811E-01 4.80663277506338047E-04 -9.22469330333799270E-03 4.80301741638032634E-06 5.23473111261032560E-06
5.17868112E-01 1.24732908201458409E-01 4.81035897278744189E-04 -9.49572531869870284E-03 4.80543622269159655E-06 5.24103808333058135E-06
5.25330441E-01 1.24729261522668902E-01 4.81414620815167444E-04 -9.77017153110946827E-03 4.80787191674717998E-06 5.24746545225838378E-06
5.32795361E-01 1.24725610324534747E-01 4.81799472886854172E-04 -1.00480033155217578E-02 4.81032436834583827E-06 5.25401421274350128E-06
5.40262915E-01 1.24721954537333424E-01 4.82190478625690421E-04 -1.03291914891401482E-02 4.81279345859100166E-06 5.26068536481824583E-06
5.47733146E-01 1.24718294091392845E-01 4.82587663521747508E-04 -1.06137063082800808E-02 4.81527907709778370E-06 5.26747991501032031E-06
5.55206098E-01 1.24714628917096018E-01 4.82991053420799195E-04 -1.09015174587410932E-02 4.81778111814748894E-06 5.27439887615653974E-06
5.62681813E-01 1.24710958944879186E-01 4.83400674521811114E-04 -1.11925940435047139E-02 4.82029947687587912E-06 5.28144326721575315E-06
5.70160331E-01 1.24707284105235364E-01 4.83816553374398690E-04 -1.14869045838045351E-02 4.82283404727466161E-06 5.28861411308085556E-06
5.77641692E-01 1.24703604328712303E-01 4.84238716876257474E-04 -1.17844169995456206E-02 4.82538472305003101E-06 5.29591244438967011E-06
5.85125937E-01 1.24699919545915416E-01 4.84667192270558781E-04 -1.20850986104773343E-02 4.82795140061530853E-06 5.30333929733449103E-06
5.92613105E-01 1.24696229687506863E-01 4.85102007143321746E-04 -1.23889161226467502E-02 4.83053398249150313E-06 5.31089571347129703E-06
6.00103233E-01 1.24692534684206269E-01 4.85543189420750525E-04 -1.26958356218574951E-02 4.83313237984434211E-06 5.31858273952923588E-06
6.07596181E-01 1.24688834554324862E-01 4.85990756706507134E-04 -1.30058151982644487E-02 4.83574645183684586E-06 5.32640124076140109E-06
6.15091941E-01 1.24685129252228841E-01 4.86444734284847274E-04 -1.33188174926603259E-02 4.83837611245006574E-06 5.33435221411141172E-06
6.22590549E-01 1.24681418707710517E-01 4.86905150702230522E-04 -1.36348065499039654E-02 4.84102130316812989E-06 5.34243671205245681E-06
6.30092044E-01 1.24677702850620659E-01 4.87372034841285749E-04 -1.39537457783562146E-02 4.84368197500167738E-06 5.35065579153463079E-06
6.37596464E-01 1.24673981610868914E-01 4.87845415918054001E-04 -1.42755979343197233E-02 4.84635808745780775E-06 5.35901051380229031E-06
6.45103845E-01 1.24670254918419154E-01 4.88325323479192283E-04 -1.46003251212328527E-02 4.84904960725505827E-06 5.36750194421167705E-06
6.52614223E-01 1.24666522703294799E-01 4.88811787399160650E-04 -1.49278887740638654E-02 4.85175650693415903E-06 5.37613115204919017E-06
6.60127632E-01 1.24662784895573822E-01 4.89304837877375096E-04 -1.52582496588531801E-02 4.85447876360048029E-06 5.38489921034974942E-06
6.67644106E-01 1.24659041425394523E-01 4.89804505435327206E-04 -1.55913678594612644E-02 4.85721635806773817E-06 5.39380719571584266E-06
6.75163680E-01 1.24655292222950520E-01 4.90310820913688792E-04 -1.59272027731304361E-02 4.85996927458687798E-06 5.40285618813593468E-06
6.82686386E-01 1.24651537218495964E-01 4.90823815469369046E-04 -1.62657131011799197E-02 4.86273750116181508E-06 5.41204727080349521E-06
6.90212254E-01 1.24647776342344890E-01 4.91343520572563560E-04 -1.66068568390790872E-02 4.86552103026659059E-06 5.42138152993607697E-06
6.97741317E-01 1.24644009524869537E-01 4.91869968003763873E-04 -1.69505912769746005E-02 4.86831985969007666E-06 5.43086005459485187E-06
7.05273605E-01 1.24640236696504370E-01 4.92403189850729628E-04 -1.72968729832697204E-02 4.87113399326601303E-06 5.44048393650502900E-06
7.12809145E-01 1.24636457787742239E-01 4.92943218505454100E-04 -1.76456578009284472E-02 4.87396344134627394E-06 5.45025426987715784E-06
7.20347968E-01 1.24632672729140026E-01 4.93490086661075959E-04 -1.79969008445790869E-02 4.87680822097689263E-06 5.46017215122940376E-06
7.27890100E-01 1.24628881451312956E-01 4.94043827308793303E-04 -1.83505564842922284E-02 4.87966835580694683E-06 5.47023867921129233E-06
7.35435569E-01 1.24625083884941451E-01 4.94604473734709606E-04 -1.87065783479260089E-02 4.88254387579558784E-06 5.48045495442842180E-06
7.42984399E-01 1.24621279960767578E-01 4.95172059516698964E-04 -1.90649193093798512E-02 4.88543481679835305E-06 5.49082207926863158E-06
7.50536617E-01 1.24617469609595036E-01 4.95746618521195992E-04 -1.94255314835192622E-02 4.88834122011503669E-06 5.50134115772927532E-06
7.58092092E-01 1.24613652840546776E-01 4.96328172909857638E-04 -1.97883587409031121E-02 4.89126307203586587E-06 5.51201307496441362E-06
7.65650830E-01 1.24609829593052834E-01 4.96916755428183899E-04 -2.01533507618218838E-02 4.89420041640006499E-06 5.52283890506653854E-06
7.73212858E-01 1.24605999796819980E-01 4.97512400577409760E-04 -2.05204573827840152E-02 4.89715330903683347E-06 5.53381975021644331E-06
7.80778200E-01 1.24602163381621972E-01 4.98115143142578991E-04 -2.08896276593514250E-02 4.90012181024281387E-06 5.54495671366275273E-06
7.88346880E-01 1.24598320277295824E-01 4.98725018189263999E-04 -2.12608098688384754E-02 4.90310598481595469E-06 5.55625089955956726E-06
7.95918922E-01 1.24594470413738001E-01 4.99342061060249255E-04 -2.16339515084265840E-02 4.90610590214906080E-06 5.56770341280568944E-06
8.03494347E-01 1.24590613720910182E-01 4.99966307372192603E-04 -2.20089992810511455E-02 4.90912163633666115E-06 5.57931535888577381E-06
8.11073177E-01 1.24586750128834162E-01 5.00597793012246125E-04 -2.23858991027879178E-02 4.91215326625688206E-06 5.59108784371294401E-06
8.18655433E-01 1.24582879567596130E-01 5.01236554134671915E-04 -2.27645960875843684E-02 4.91520087560451965E-06 5.60302197347371710E-06
8.26241134E-01 1.24579001967346850E-01 5.01882627157410792E-04 -2.31450345488198525E-02 4.91826455286727973E-06 5.61511885447503538E-06
8.33830298E-01 1.24575117258296689E-01 5.02536048758638770E-04 -2.35271579945684588E-02 4.92134439125064508E-06 5.62737959299341907E-06
8.41422945E-01 1.24571225370723973E-01 5.03196855873287090E-04 -2.39109091202574717E-02 4.92444048856529808E-06 5.63980529512654251E-06
8.49019090E-01 1.24567326234969411E-01 5.03865085689554561E-04 -2.42962298119770298E-02 4.92755294709489876E-06 5.65239706664731235E-06
8.56618751E-01 1.24563419781439089E-01 5.04540775645370026E-04 -2.46830611345868513E-02 4.93068187346133296E-06 5.66515601286043267E-06
8.64221941E-01 1.24559505940603152E-01 5.05223963424847886E-04 -2.50713433390190345E-02 4.93382737850044156E-06 5.67808323846163409E-06
8.71828676E-01 1.24555584642996015E-01 5.05914686954715763E-04 -2.54610158503427823E-02 4.93698957715610828E-06 5.69117984739963362E-06
8.79438969E-01 1.24551655819220536E-01 5.06612984400703456E-04 -2.58520172709449936E-02 4.94016858839453156E-06 5.70444694274092872E-06
8.87052833E-01 1.24547719399940818E-01 5.07318894163928755E-04 -2.62442853814750798E-02 4.94336453513640594E-06 5.71788562653780248E-06
8.94670278E-01 1.24543775315890726E-01 5.08032454877235004E-04 -2.66377571289524474E-02 4.94657754420099082E-06 5.73149699969918579E-06
9.02291317E-01 1.24539823497867339E-01 5.08753705401520967E-04 -2.70323686408602201E-02 4.94980774625551465E-06 5.74528216186499074E-06
9.09915959E-01 1.24535863876734390E-01 5.09482684822038716E-04 -2.74280552103560935E-02 4.95305527576413185E-06 5.75924221128385575E-06
9.17544213E-01 1.24531896383424184E-01 5.10219432444665704E-04 -2.78247513060435880E-02 4.95632027093163749E-06 5.77337824469445598E-06
9.25176088E-01 1.24527920948931822E-01 5.10963987792158202E-04 -2.82223905661019743E-02 4.95960287364002706E-06 5.78769135721048638E-06
9.32811589E-01 1.24523937504321572E-01 5.11716390600373827E-04 -2.86209058052807781E-02 4.96290322937764299E-06 5.80218264220976987E-06
9.40450725E-01 1.24519945980722940E-01 5.12476680814478026E-04 -2.90202290099166663E-02 4.96622148716209299E-06 5.81685319122707289E-06
9.48093500E-01 1.24515946309333214E-01 5.13244898585123242E-04 -2.94202913446059248E-02 4.96955779945905008E-06 5.83170409385153400E-06
9.55739918E-01 1.24511938421416404E-01 5.14021084264607258E-04 -2.98210231497512933E-02 4.97291232209922809E-06 5.84673643762803279E-06
9.63389985E-01 1.24507922248303107E-01 5.14805278403012681E-04 -3.02223539490353334E-02 4.97628521419531314E-06 5.86195130796346994E-06
9.71043676E-01 1.24503897734828450E-01 5.15597519087278603E-04 -3.06242110994418872E-02 4.97967662671229930E-06 5.87734973634808950E-06
9.78700931E-01 1.24499864845952782E-01 5.16397840510232848E-04 -3.10265191410277856E-02 4.98308669658252892E-06 5.89293267200741819E-06
9.86361753E-01 1.24495823511767953E-01 5.17206283855344917E-04 -3.14292053449256800E-02 4.98651559308929903E-06 5.90870119370743117E-06
9.94026146E-01 1.24491773662436439E-01 5.18022890497211487E-04 -3.18321961694103886E-02 4.98996348849079819E-06 5.92465637795327020E-06
1.00169411E+00 1.24487715228190923E-01 5.18847701997595593E-04 -3.22354172739600861E-02 4.99343055794261311E-06 5.94079929892209334E-06
1.00936565E+00 1.24483648139331299E-01 5.19680760101404030E-04 -3.26387935289690553E-02 4.99691697942011758E-06 5.95713102840054198E-06
1.01704077E+00 1.24479572326225349E-01 5.20522106732661271E-04 -3.30422490300564600E-02 5.00042293363998049E-06 5.97365263572810476E-06
1.02471946E+00 1.24475487719308789E-01 5.21371783990450866E-04 -3.34457070925480993E-02 5.00394860398099701E-06 5.99036518774609657E-06
1.03240173E+00 1.24471394249085432E-01 5.22229834144834616E-04 -3.38490902694405724E-02 5.00749417640368231E-06 6.00726974875249731E-06
1.04008757E+00 1.24467291846124789E-01 5.23096299632753851E-04 -3.42523203561761400E-02 5.01105983936915801E-06 6.02436738046298240E-06
1.04777698E+00 1.24463180441065926E-01 5.23971223053917162E-04 -3.46553183976128984E-02 5.01464578375734992E-06 6.04165914197830783E-06
1.05546995E+00 1.24459059964614302E-01 5.24854647166649209E-04 -3.50580047009640405E-02 5.01825220278450659E-06 6.05914608975817828E-06
1.06316649E+00 1.24454930347543499E-01 5.25746614883747221E-04 -3.54602988397681451E-02 5.02187929192068129E-06 6.07682927760168329E-06
1.07086658E+00 1.24450791520694326E-01 5.26647169268289260E-04 -3.58621196750407226E-02 5.02552724880670502E-06 6.09470975663468230E-06
1.07857022E+00 1.24446643414973149E-01 5.27556353529457325E-04 -3.62633853571937836E-02 5.02919627317134755E-06 6.11278857530422195E-06
1.08627740E+00 1.24442485961355612E-01 5.28474211018309836E-04 -3.66640133405269422E-02 5.03288656674803628E-06 6.13106677938028934E-06
1.09398811E+00 1.24438319090882002E-01 5.29400785223562570E-04 -3.70639203995639932E-02 5.03659833319159289E-06 6.14954541196466871E-06
1.10170235E+00 1.24434142734660094E-01 5.30336119767334246E-04 -3.74630226385470888E-02 5.04033177799484297E-06 6.16822551350776596E-06
1.10942011E+00 1.24429956823862917E-01 5.31280258400889413E-04 -3.78612355087620533E-02 5.04408710840477751E-06 6.18710812183307950E-06
1.11714137E+00 1.24425761289730846E-01 5.32233245000361590E-04 -3.82584738204408831E-02 5.04786453333877122E-06 6.20619427216954587E-06
1.12486612E+00 1.24421556063568944E-01 5.33195123562458422E-04 -3.86546517611721027E-02 5.05166426330032137E-06 6.22548499719226001E-06
1.13259435E+00 1.24417341076744639E-01 5.34165938200155226E-04 -3.90496829095496045E-02 5.05548651029471803E-06 6.24498132707139392E-06
1.14032605E+00 1.24413116260692888E-01 5.35145733138386588E-04 -3.94434802569606086E-02 5.05933148774446273E-06 6.26468428952978904E-06
1.14806121E+00 1.24408881546913708E-01 5.36134552709703269E-04 -3.98359562187800345E-02 5.06319941040463637E-06 6.28459490990923057E-06
1.15579980E+00 1.24404636866967538E-01 5.37132441349944824E-04 -4.02270226585117532E-02 5.06709049427789603E-06 6.30471421124566830E-06
1.16354182E+00 1.24400382152478103E-01 5.38139443593879272E-04 -4.06165909060220084E-02 5.07100495652961667E-06 6.32504321435352938E-06
1.17128724E+00 1.24396117335132936E-01 5.39155604070853055E-04 -4.10045717750465374E-02 5.07494301540282195E-06 6.34558293791944930E-06
1.17903606E+00 1.24391842346680506E-01 5.40180967500420079E-04 -4.13908755875711243E-02 5.07890489013298199E-06 6.36633439860519655E-06
1.18678824E+00 1.24387557118929126E-01 5.41215578687975632E-04 -4.17754121937723363E-02 5.08289080086298824E-06 6.38729861116068635E-06
1.19454378E+00 1.24383261583748531E-01 5.42259482520373063E-04 -4.21580909924255398E-02 5.08690096855773781E-06 6.40847658854647254E-06
1.20230265E+00 1.24378955673065839E-01 5.43312723961540027E-04 -4.25388209588743321E-02 5.09093561491902022E-06 6.42986934206632185E-06
1.21006483E+00 1.24374639318866748E-01 5.44375348048105464E-04 -4.29175106649679131E-02 5.09499496230023895E-06 6.45147788151000584E-06
1.21783031E+00 1.24370312453195589E-01 5.45447399884997413E-04 -4.32940683048491023E-02 5.09907923362089841E-06 6.47330321530653343E-06
1.22559905E+00 1.24365975008150234E-01 5.46528924641062294E-04 -4.36684017211512177E-02 5.10318865228175749E-06 6.49534635068753674E-06
1.23337104E+00 1.24361626915886356E-01 5.47619967544675187E-04 -4.40404184290508205E-02 5.10732344207913015E-06 6.51760829386164128E-06
1.24114626E+00 1.24357268108609739E-01 5.48720573879353697E-04 -4.44100256470269378E-02 5.11148382711990682E-06 6.54009005019939111E-06
1.24892467E+00 1.24352898518582153E-01 5.49830788979361294E-04 -4.47771303200745624E-02 5.11567003173635308E-06 6.56279262442918101E-06
1.25670626E+00 1.24348518078114686E-01 5.50950658225343726E-04 -4.51416391502935804E-02 5.11988228040099893E-06 6.58571702084434596E-06
1.26449100E+00 1.24344126719568446E-01 5.52080227039928890E-04 -4.55034586269175839E-02 5.12412079764156112E-06 6.60886424352116110E-06
1.27227886E+00 1.24339724375352581E-01 5.53219540883382872E-04 -4.58624950530596362E-02 5.12838580795610429E-06 6.63223529654847239E-06
1.28006982E+00 1.24335310977923386E-01 5.54368645249218926E-04 -4.62186545815769581E-02 5.13267753572812766E-06 6.65583118426863006E-06
1.28786384E+00 1.24330886459781839E-01 5.55527585659870205E-04 -4.65718432385682363E-02 5.13699620514194388E-06 6.67965291152989507E-06
1.29566091E+00 1.24326450753472414E-01 5.56696407662323682E-04 -4.69219669616421850E-02 5.14134204009804178E-06 6.70370148395076257E-06
1.30346098E+00 1.24322003791582550E-01 5.57875156823811635E-04 -4.72689316323189543E-02 5.14571526412873887E-06 6.72797790819571005E-06
1.31126404E+00 1.24317545506735586E-01 5.59063878727474191E-04 -4.76126431022834001E-02 5.15011610031391507E-06 6.75248319226304540E-06
1.31907004E+00 1.24313075831596676E-01 5.60262618968090822E-04 -4.79530072372069682E-02 5.15454477119691085E-06 6.77721834578474050E-06
1.32687897E+00 1.24308594698862795E-01 5.61471423147771398E-04 -4.82899299418363473E-02 5.15900149870071754E-06 6.80218438033797838E-06
1.33469078E+00 1.24304102041269821E-01 5.62690336871711754E-04 -4.86233172042411232E-02 5.16348650404434974E-06 6.82738230976911877E-06
1.34250545E+00 1.24299597791577843E-01 5.63919405743960097E-04 -4.89530751215329699E-02 5.16800000765922460E-06 6.85281315052962631E-06
1.35032294E+00 1.24295081882581551E-01 5.65158675363198592E-04 -4.92791099450331990E-02 5.17254222910625838E-06 6.87847792202421544E-06
1.35814323E+00 1.24290554247097201E-01 5.66408191318557800E-04 -4.96013281086201963E-02 5.17711338699280310E-06 6.90437764697130023E-06
1.36596626E+00 1.24286014817969470E-01 5.67667999185459305E-04 -4.99196362785042577E-02 5.18171369888990066E-06 6.93051335177564650E-06
1.37379202E+00 1.24281463528060784E-01 5.68938144521489455E-04 -5.02339413723525904E-02 5.18634338125011478E-06 6.95688606691311200E-06
1.38162046E+00 1.24276900310253693E-01 5.70218672862309647E-04 -5.05441506170486998E-02 5.19100264932538910E-06 6.98349682732801241E-06
1.38945155E+00 1.24272325097443723E-01 5.71509629717586228E-04 -5.08501715735008852E-02 5.19569171708534407E-06 7.01034667284254741E-06
1.39728525E+00 1.24267737822541205E-01 5.72811060566979493E-04 -5.11519121821682465E-02 5.20041079713586779E-06 7.03743664857844104E-06
1.40512152E+00 1.24263138418464716E-01 5.74123010856145469E-04 -5.14492808019164014E-02 5.20516010063818029E-06 7.06476780539083508E-06
1.41296034E+00 1.24258526818137871E-01 5.75445525992806768E-04 -5.17421862476187128E-02 5.20993983722812319E-06 7.09234120031447221E-06
1.42080166E+00 1.24253902954487572E-01 5.76778651342848051E-04 -5.20305378305735491E-02 5.21475021493597867E-06 7.12015789702188403E-06
1.42864544E+00 1.24249266760439431E-01 5.78122432226466673E-04 -5.23142454036917282E-02 5.21959144010665272E-06 7.14821896629374509E-06
1.43649164E+00 1.24244618168914203E-01 5.79476913914360198E-04 -5.25932193948054419E-02 5.22446371732031918E-06 7.17652548650097101E-06
1.44434022E+00 1.24239957112825664E-01 5.80842141623980155E-04 -5.28673708554950258E-02 5.22936724931347965E-06 7.20507854409924171E-06
1.45219115E+00 1.24235283525072127E-01 5.82218160515845531E-04 -5.31366114927322303E-02 5.23430223690060955E-06 7.23387923413476564E-06
1.46004438E+00 1.24230597338537363E-01 5.83605015689881638E-04 -5.34008537215710302E-02 5.23926887889629547E-06 7.26292866076219979E-06
1.46789988E+00 1.24225898486084840E-01 5.85002752181855803E-04 -5.36600106959135500E-02 5.24426737203771725E-06 7.29222793777392580E-06
1.47575760E+00 1.24221186900551714E-01 5.86411414959850234E-04 -5.39139963585878318E-02 5.24929791090801859E-06 7.32177818914086529E-06
1.48361749E+00 1.24216462514746800E-01 5.87831048920819141E-04 -5.41627461619587705E-02 5.25436068786097029E-06 7.35158054955842310E-06
1.49147953E+00 1.24211725261442724E-01 5.89261698887199410E-04 -5.44061095702698602E-02 5.25945589294166673E-06 7.38163616503461186E-06
1.49934366E+00 1.24206975073376358E-01 5.90703409603611268E-04 -5.46440788672290650E-02 5.26458371381716240E-06 7.41194619342751054E-06
1.50720984E+00 1.24202211883236852E-01 5.92156225733615218E-04 -5.48765359033036026E-02 5.26974433569843385E-06 7.44251180505484014E-06
1.51507804E+00 1.24197435623667155E-01 5.93620191856563295E-04 -5.51034043926933725E-02 5.27493794126787203E-06 7.47333418328384508E-06
1.52294814E+00 1.24192646263180301E-01 5.95095341370034583E-04 -5.53246023238460546E-02 5.28016467132068427E-06 7.50441429130266600E-06
1.53082011E+00 1.24187843735905828E-01 5.96581718017414405E-04 -5.55400504104202122E-02 5.28542470107931105E-06 7.53575332601916689E-06
1.53869389E+00 1.24183027974882274E-01 5.98079365760249729E-04 -5.57496705138572982E-02 5.29071820412729082E-06 7.56735250577343313E-06
1.54656945E+00 1.24178198913047086E-01 5.99588328470765852E-04 -5.59533856427527829E-02 5.29604535125719019E-06 7.59921306456111526E-06
1.55444674E+00 1.24173356483230038E-01 6.01108649929650509E-04 -5.61511200065352920E-02 5.30140631040275230E-06 7.63133625268911964E-06
1.56232571E+00 1.24168500618148228E-01 6.02640373823925472E-04 -5.63427990594307371E-02 5.30680124657191434E-06 7.66372333744008470E-06
1.57020632E+00 1.24163631250395728E-01 6.04183543744921483E-04 -5.65283495347287460E-02 5.31223032178077964E-06 7.69637560374617528E-06
1.57808852E+00 1.24158748312437311E-01 6.05738203186358668E-04 -5.67076994906604986E-02 5.31769369498861464E-06 7.72929435487141342E-06
1.58597227E+00 1.24153851736602386E-01 6.07304395542569101E-04 -5.68807783406030179E-02 5.32319152203394535E-06 7.76248091310298006E-06
1.59385752E+00 1.24148941455077114E-01 6.08882164106797638E-04 -5.70475168971164848E-02 5.32872395557162112E-06 7.79593662045049494E-06
1.60174423E+00 1.24144017399892406E-01 6.10471552069670161E-04 -5.72078474068655474E-02 5.33429114501118197E-06 7.82966283935360085E-06
1.60963235E+00 1.24139079502926478E-01 6.12072602517753969E-04 -5.73617035851241089E-02 5.33989323645620764E-06 7.86366095339718297E-06
1.61752184E+00 1.24134127695881433E-01 6.13685358432273760E-04 -5.75090206560776376E-02 5.34553037264510237E-06 7.89793236803401505E-06
1.62541265E+00 1.24129161910289540E-01 6.15309862687949587E-04 -5.76497353836454632E-02 5.35120269289298081E-06 7.93247851131474595E-06
1.63330473E+00 1.24124182077493470E-01 6.16946158051987783E-04 -5.77837861083328325E-02 5.35691033303496342E-06 7.96730083462474884E-06
1.64119803E+00 1.24119188128645377E-01 6.18594287183203196E-04 -5.79111127795181660E-02 5.36265342537078894E-06 8.00240081342720966E-06
1.64909252E+00 1.24114179994693000E-01 6.20254292631294943E-04 -5.80316569897736320E-02 5.36843209861083982E-06 8.03777994801306299E-06
1.65698815E+00 1.24109157606370424E-01 6.21926216836268418E-04 -5.81453620043019537E-02 5.37424647782367101E-06 8.07343976425626590E-06
1.66488487E+00 1.24104120894192829E-01 6.23610102128031537E-04 -5.82521727924124946E-02 5.38009668438505588E-06 8.10938181437522640E-06
1.67278263E+00 1.24099069788440958E-01 6.25305990726125207E-04 -5.83520360584978068E-02 5.38598283592850848E-06 8.14560767769918863E-06
1.68068139E+00 1.24094004219155646E-01 6.27013924739630297E-04 -5.84449002677198959E-02 5.39190504629751003E-06 8.18211896143985112E-06
1.68858111E+00 1.24088924116125029E-01 6.28733946167258501E-04 -5.85307156746964971E-02 5.39786342549941085E-06 8.21891730146768433E-06
1.69648173E+00 1.24083829408874802E-01 6.30466096897579469E-04 -5.86094343493698752E-02 5.40385807966105090E-06 8.25600436309248676E-06
1.70438322E+00 1.24078720026658637E-01 6.32210418709460028E-04 -5.86810102002495310E-02 5.40988911098608628E-06 8.29338184184830494E-06
1.71228553E+00 1.24073595898444397E-01 6.33966953272663736E-04 -5.87453989979653535E-02 5.41595661771435537E-06 8.33105146428188734E-06
1.72018861E+00 1.24068456952906248E-01 6.35735742148641598E-04 -5.88025583977305338E-02 5.42206069408294408E-06 8.36901498874483121E-06
1.72809242E+00 1.24063303118409421E-01 6.37516826791509577E-04 -5.88524479582213031E-02 5.42820143028934589E-06 8.40727420618890083E-06
1.73599691E+00 1.24058134323003777E-01 6.39310248549232224E-04 -5.88950291579016377E-02 5.43437891245661657E-06 8.44583094096415949E-06
1.74390205E+00 1.24052950494406122E-01 6.41116048664977273E-04 -5.89302654035369564E-02 5.44059322260064147E-06 8.48468705162004589E-06
1.75180778E+00 1.24047751559991370E-01 6.42934268278708338E-04 -5.89581220041138568E-02 5.44684443859953388E-06 8.52384443170857308E-06
1.75971406E+00 1.24042537446778914E-01 6.44764948428950321E-04 -5.89785660237291953E-02 5.45313263416526030E-06 8.56330501058979073E-06
1.76762086E+00 1.24037308081421285E-01 6.46608130054798108E-04 -5.89915654230314251E-02 5.45945787881758826E-06 8.60307075423940735E-06
1.77552812E+00 1.24032063390187741E-01 6.48463853998117179E-04 -5.89970795443546178E-02 5.46582023786030158E-06 8.64314366605841996E-06
1.78343580E+00 1.24026803298955268E-01 6.50332161005965498E-04 -5.89952921908067224E-02 5.47221977236067513E-06 8.68352578766890319E-06
1.79134387E+00 1.24021527733194498E-01 6.52213091733290355E-04 -5.89855259996395695E-02 5.47865653912812787E-06 8.72421919977909426E-06
1.79925228E+00 1.24016236617947723E-01 6.54106686745736777E-04 -5.89686323079204044E-02 5.48513059070185448E-06 8.76522602291056731E-06
1.80716098E+00 1.24010929877828510E-01 6.56012986522843647E-04 -5.89440208266007598E-02 5.49164197533424130E-06 8.80654841828191413E-06
1.81506995E+00 1.24005607436996373E-01 6.57932031461357352E-04 -5.89118416304266340E-02 5.49819073698108650E-06 8.84818858859520068E-06
1.82297913E+00 1.24000269219147655E-01 6.59863861878845210E-04 -5.88720638147111411E-02 5.50477691529326950E-06 8.89014877885474299E-06
1.83088849E+00 1.23994915147498025E-01 6.61808518017537669E-04 -5.88246731761321445E-02 5.51140054561152141E-06 8.93243127718270509E-06
1.83879798E+00 1.23989545144766802E-01 6.63766040048441763E-04 -5.87696576930625963E-02 5.51806165896399145E-06 8.97503841563438507E-06
1.84670757E+00 1.23984159133165461E-01 6.65736468075664705E-04 -5.87070075269622085E-02 5.52476028206688230E-06 9.01797257101443304E-06
1.85461722E+00 1.23978757034375220E-01 6.67719842141058597E-04 -5.86367149338994087E-02 5.53149643732802451E-06 9.06123616569246422E-06
1.86252690E+00 1.23973338769538116E-01 6.69716202229082326E-04 -5.85587742638107867E-02 5.53827014285370025E-06 9.10483166841911418E-06
1.87043656E+00 1.23967904259235109E-01 6.71725588271948485E-04 -5.84731819596868430E-02 5.54508141245850696E-06 9.14876159514206531E-06
1.87834616E+00 1.23962453423471744E-01 6.73748040155045793E-04 -5.83799365560553410E-02 5.55193025567859568E-06 9.19302850982187002E-06
1.88625568E+00 1.23956986181661233E-01 6.75783597722625848E-04 -5.82790386759595921E-02 5.55881667778813057E-06 9.23763502524780433E-06
1.89416507E+00 1.23951502452606360E-01 6.77832300783788892E-04 -5.81704910247757487E-02 5.56574067981923226E-06 9.28258380385390119E-06
1.90207430E+00 1.23946002154482024E-01 6.79894189118730773E-04 -5.80542983831708534E-02 5.57270225858520951E-06 9.32787755853480241E-06
1.90998334E+00 1.23940485204818707E-01 6.81969302485294993E-04 -5.79304676001319921E-02 5.57970140670743042E-06 9.37351905346158859E-06
1.91789215E+00 1.23934951520482894E-01 6.84057680625813048E-04 -5.77990075816894322E-02 5.58673811264578850E-06 9.41951110489833924E-06
1.92580070E+00 1.23929401017658300E-01 6.86159363274238044E-04 -5.76599292802656010E-02 5.59381236073257557E-06 9.46585658201825242E-06
1.93370895E+00 1.23923833611827475E-01 6.88274390163579183E-04 -5.75132456830838926E-02 5.60092413121033988E-06 9.51255840772065879E-06
1.94161689E+00 1.23918249217754281E-01 6.90402801033647515E-04 -5.73589717970916999E-02 5.60807340027326448E-06 9.55961955944859483E-06
1.94952447E+00 1.23912647749462382E-01 6.92544635639091074E-04 -5.71971246356308832E-02 5.61526014011238611E-06 9.60704307000691967E-06
1.95743166E+00 1.23907029120217588E-01 6.94699933757762528E-04 -5.70277232003366802E-02 5.62248431896473414E-06 9.65483202838147061E-06
1.96533844E+00 1.23901393242505514E-01 6.96868735199383587E-04 -5.68507884655266166E-02 5.62974590116623872E-06 9.70298958055948898E-06
1.97324478E+00 1.23895740028013360E-01 6.99051079814540840E-04 -5.66663433586546070E-02 5.63704484720861419E-06 9.75151893035130479E-06
1.98115065E+00 1.23890069387607590E-01 7.01247007503991463E-04 -5.64744127407696278E-02 5.64438111380028615E-06 9.80042334021396960E-06
1.98905602E+00 1.23884381231316731E-01 7.03456558228305034E-04 -5.62750233854647369E-02 5.65175465393121232E-06 9.84970613207671209E-06
1.99696088E+00 1.23878675468305013E-01 7.05679772017816067E-04 -5.60682039572965515E-02 5.65916541694178192E-06 9.89937068816865698E-06
2.00486519E+00 1.23872952006854553E-01 7.07916688982927625E-04 -5.58539849893199269E-02 5.66661334859586038E-06 9.94942045184934254E-06
2.01276892E+00 1.23867210754343829E-01 7.10167349324734116E-04 -5.56323988568224875E-02 5.67409839115773808E-06 9.99985892844227217E-06
2.02067207E+00 1.23861451617222132E-01 7.12431793345975417E-04 -5.54034797557810127E-02 5.68162048347338959E-06 1.00506896860718320E-05
2.02857460E+00 1.23855674500992510E-01 7.14710061462351070E-04 -5.51672636729544641E-02 5.68917956105576565E-06 1.01019163565038934E-05
2.03647650E+00 1.23849879310184596E-01 7.17002194214145963E-04 -5.49237883632224255E-02 5.69677555617420851E-06 1.01535426359911565E-05
2.04437774E+00 1.23844065948334095E-01 7.19308232278229628E-04 -5.46730933181775805E-02 5.70440839794800080E-06 1.02055722861226366E-05
2.05227831E+00 1.23838234317959858E-01 7.21628216480377335E-04 -5.44152197384152048E-02 5.71207801244418512E-06 1.02580091346788014E-05
2.06017819E+00 1.23832384320539376E-01 7.23962187807951026E-04 -5.41502531070496146E-02 5.71978432277536925E-06 1.03108570765073062E-05
2.06807736E+00 1.23826515856486574E-01 7.26310187422956797E-04 -5.38780988851163198E-02 5.72752724922148118E-06 1.03641200743302287E-05
2.07597581E+00 1.23820628825124096E-01 7.28672256675343393E-04 -5.35989659380736935E-02 5.73530670931621227E-06 1.04178021597069688E-05
2.08387352E+00 1.23814723124664863E-01 7.31048437116830888E-04 -5.33128236043843295E-02 5.74312261797703758E-06 1.04719074338564026E-05
2.09177048E+00 1.23808798652182500E-01 7.33438770514953917E-04 -5.30197330697816591E-02 5.75097488761935614E-06 1.05264400685610431E-05
2.09966667E+00 1.23802855303592363E-01 7.35843298867527211E-04 -5.27197454028067378E-02 5.75886342827882963E-06 1.05814043070646943E-05
2.10756209E+00 1.23796892973618997E-01 7.38262064417446909E-04 -5.24129129163072652E-02 5.76678814773753773E-06 1.06368044649797093E-05
2.11545673E+00 1.23790911555778038E-01 7.40695109667865483E-04 -5.20992893703255966E-02 5.77474895165415864E-06 1.06926449312040599E-05
2.12335057E+00 1.23784910942347129E-01 7.43142477397728467E-04 -5.17789299429404284E-02 5.78274574369792989E-06 1.07489301688491538E-05
2.13124361E+00 1.23778891024340115E-01 7.45604210677671786E-04 -5.14518912022227798E-02 5.79077842568651055E-06 1.08056647161789290E-05
2.13913584E+00 1.23772851691484526E-01 7.48080352886284789E-04 -5.11182310642679452E-02 5.79884689772759668E-06 1.08628531875613062E-05
2.14702726E+00 1.23766792832189595E-01 7.50570947726741152E-04 -5.07780087603945315E-02 5.80695105836394779E-06 1.09205002744319104E-05
2.15491786E+00 1.23760714333524507E-01 7.53076039243807081E-04 -5.04312848020104648E-02 5.81509080472237904E-06 1.09786107462722025E-05
2.16280764E+00 1.23754616081193342E-01 7.55595671841195705E-04 -5.00781209428688076E-02 5.82326603266592653E-06 1.10371894516013874E-05
2.17069660E+00 1.23748497959503434E-01 7.58129890299321860E-04 -4.97185801451231271E-02 5.83147663694948448E-06 1.10962413189840133E-05
2.17858473E+00 1.23742359851339689E-01 7.60678739793407941E-04 -4.93527265372123575E-02 5.83972251137873489E-06 1.11557713580533373E-05
2.18647205E+00 1.23736201638141682E-01 7.63242265911966296E-04 -4.89806253873273575E-02 5.84800354897220357E-06 1.12157846605519894E-05
2.19435855E+00 1.23730023199870476E-01 7.65820514675655348E-04 -4.86023430542482371E-02 5.85631964212640616E-06 1.12762864013904458E-05
2.20224423E+00 1.23723824414985681E-01 7.68413532556520276E-04 -4.82179469598670446E-02 5.86467068278371564E-06 1.13372818397237208E-05
2.21012910E+00 1.23717605160414551E-01 7.71021366497585525E-04 -4.78275055512955016E-02 5.87305656260320214E-06 1.13987763200487185E-05
2.21801317E+00 1.23711365311526822E-01 7.73644063932843917E-04 -4.74310882564237257E-02 5.88147717313387147E-06 1.14607752733212593E-05
2.22589644E+00 1.23705104742105332E-01 7.76281672807618188E-04 -4.70287654578659328E-02 5.88993240599052017E-06 1.15232842180956406E-05
2.23377893E+00 1.23698823324317933E-01 7.78934241599296348E-04 -4.66206084485926570E-02 5.89842215303178526E-06 1.15863087616859885E-05
2.24166064E+00 1.23692520928690888E-01 7.81601819338448149E-04 -4.62066893985860622E-02 5.90694630654016581E-06 1.16498546013521074E-05
2.24954146E+00 1.23686197522741764E-01 7.84284413733722196E-04 -4.57870877616356892E-02 5.91550462584857083E-06 1.17139265235161729E-05
2.25742138E+00 1.23679852992453848E-01 7.86982066695992677E-04 -4.53618788902351716E-02 5.92409697890407088E-06 1.17785302020867921E-05
2.26530041E+00 1.23673487207866084E-01 7.89694826748994425E-04 -4.49311379504067493E-02 5.93272325385802525E-06 1.18436715463253400E-05
2.27317857E+00 1.23667100037321800E-01 7.92422743018258557E-04 -4.44949407966058544E-02 5.94138333995831974E-06 1.19093565585529033E-05
2.28105587E+00 1.23660691347439997E-01 7.95165865254710024E-04 -4.40533639772416469E-02 5.95007712774035819E-06 1.19755913354426685E-05
2.28893232E+00 1.23654261003086796E-01 7.97924243858474198E-04 -4.36064847076968673E-02 5.95880450921835384E-06 1.20423820693378503E-05
2.29680793E+00 1.23647808867348385E-01 8.00697929903076261E-04 -4.31543808284080288E-02 5.96756537807734494E-06 1.21097350496002311E-05
2.30468273E+00 1.23641334801496694E-01 8.03486975159997847E-04 -4.26971307735296915E-02 5.97635962986532214E-06 1.21776566639900997E-05
2.31255673E+00 1.23634838664963650E-01 8.06291432123679716E-04 -4.22348135413666906E-02 5.98518716218571760E-06 1.22461534000802760E-05
2.32042996E+00 1.23628320315310070E-01 8.09111354036881787E-04 -4.17675086481341939E-02 5.99404787488956113E-06 1.23152318467054471E-05
2.32830242E+00 1.23621779608194496E-01 8.11946794916515988E-04 -4.12952961055884221E-02 6.00294167026741202E-06 1.23848986954474433E-05
2.33617416E+00 1.23615216397344685E-01 8.14797809579847739E-04 -4.08182563842072466E-02 6.01186845324045720E-06 1.24551607421591023E-05
2.34404519E+00 1.23608630534526753E-01 8.17664453671151275E-04 -4.03364703774361025E-02 6.02082813155086163E-06 1.25260248885271252E-05
2.35191553E+00 1.23602021869514425E-01 8.20546783688774696E-04 -3.98500193723892379E-02 6.02982061595062951E-06 1.25974981436761329E-05
2.35978522E+00 1.23595390250062900E-01 8.23444857012630674E-04 -3.93589850186540982E-02 6.03884582038915857E-06 1.26695876258148255E-05
2.36765428E+00 1.23588735521871718E-01 8.26358731932108148E-04 -3.88634492991882172E-02 6.04790366219882075E-06 1.27423005639265249E-05
2.37552274E+00 1.23582057528559067E-01 8.29288467674447419E-04 -3.83634944908701619E-02 6.05699406227826096E-06 1.28156442995049651E-05
2.38339064E+00 1.23575356111632395E-01 8.32234124433521918E-04 -3.78592031503996104E-02 6.06611694527351391E-06 1.28896262883377068E-05
2.39125800E+00 1.23568631110456073E-01 8.35195763399068625E-04 -3.73506580644779734E-02 6.07527223975601743E-06 1.29642541023384154E-05
2.39912486E+00 1.23561882362220071E-01 8.38173446786389135E-04 -3.68379422464117090E-02 6.08445987839763737E-06 1.30395354314300536E-05
2.40699125E+00 1.23555109706580457E-01 8.41167235801477931E-04 -3.63211392334737357E-02 6.09367979178864342E-06 1.31154780330111456E-05
2.41485700E+00 1.23548313166478976E-01 8.44177110510881904E-04 -3.58003467917683976E-02 6.10293166249763135E-06 1.31920876892747360E-05
2.42272212E+00 1.23541492578081821E-01 8.47203133415761768E-04 -3.52756491569411398E-02 6.11221542891809410E-06 1.32693723571782394E-05
2.43058667E+00 1.23534647775293771E-01 8.50245368133146812E-04 -3.47471305649128953E-02 6.12153103418580461E-06 1.33473401172361255E-05
2.43845067E+00 1.23527778589738194E-01 8.53303879429810142E-04 -3.42148752711118817E-02 6.13087842633873305E-06 1.34259991756803749E-05
2.44631417E+00 1.23520884850728319E-01 8.56378733255813360E-04 -3.36789675730022817E-02 6.14025755846946959E-06 1.35053578666608879E-05
2.45417720E+00 1.23513966385238955E-01 8.59469996778256364E-04 -3.31394917984314322E-02 6.14966838887105127E-06 1.35854246545031743E-05
2.46203981E+00 1.23507023017872294E-01 8.62577738415464196E-04 -3.25965322648173322E-02 6.15911088117675546E-06 1.36662081360301150E-05
2.46990204E+00 1.23500054570831672E-01 8.65702027871627085E-04 -3.20501732717344348E-02 6.16858500449310270E-06 1.37477170429529344E-05
2.47776393E+00 1.23493060863885923E-01 8.68842936171989309E-04 -3.15004990640129212E-02 6.17809073352632375E-06 1.38299602443333049E-05
2.48562554E+00 1.23486041714342257E-01 8.72000535698540160E-04 -3.09475938230571214E-02 6.18762804870142539E-06 1.39129467491201392E-05
2.49348690E+00 1.23478996937012253E-01 8.75174900226269336E-04 -3.03915416431505304E-02 6.19719693627402325E-06 1.39966857087640157E-05
2.50134807E+00 1.23471926344184149E-01 8.78366104959977666E-04 -2.98324265028113919E-02 6.20679738843395009E-06 1.40811864199113235E-05
2.50920910E+00 1.23464829745587049E-01 8.81574226571659098E-04 -2.92703322552089751E-02 6.21642940340093070E-06 1.41664583271816978E-05
2.51707004E+00 1.23457706948366455E-01 8.84799343238458838E-04 -2.87053426143547251E-02 6.22609298551126385E-06 1.42525110260315108E-05
2.52493095E+00 1.23450557757049439E-01 8.88041534681243945E-04 -2.81375411159655274E-02 6.23578814529568751E-06 1.43393542657068031E-05
2.53279168E+00 1.23443382144301617E-01 8.91300804593162205E-04 -2.75670245794478880E-02 6.24551466817031124E-06 1.44269958612681158E-05
2.54065220E+00 1.23436180002718582E-01 8.94577193052419235E-04 -2.69938836662212377E-02 6.25527245117598653E-06 1.45154446949711348E-05
2.54851256E+00 1.23428951135062484E-01 8.97870781257114280E-04 -2.64182019484520345E-02 6.26506151591603204E-06 1.46047108647173468E-05
2.55637281E+00 1.23421695341374468E-01 9.01181652086429914E-04 -2.58400626763117570E-02 6.27488189041676986E-06 1.46948046319024381E-05
2.56423301E+00 1.23414412418949945E-01 9.04509890144214695E-04 -2.52595488334757326E-02 6.28473360915878352E-06 1.47857364248510332E-05
2.57209323E+00 1.23407102162310725E-01 9.07855581802467044E-04 -2.46767431155507158E-02 6.29461671309479125E-06 1.48775168423388261E-05
2.57995351E+00 1.23399764363174042E-01 9.11218815245287391E-04 -2.40917279443149356E-02 6.30453124965492388E-06 1.49701566572213027E-05
2.58781392E+00 1.23392398810423964E-01 9.14599680513456773E-04 -2.35045854342016622E-02 6.31447727273945467E-06 1.50636668201773795E-05
2.59567452E+00 1.23385005290074942E-01 9.17998269549747379E-04 -2.29153973925901172E-02 6.32445484269898139E-06 1.51580584635746538E-05
2.60353538E+00 1.23377583585248321E-01 9.21414676244989325E-04 -2.23242453065399700E-02 6.33446402630150458E-06 1.52533429054606667E-05
2.61139655E+00 1.23370133476132404E-01 9.24848996484935724E-04 -2.17312103239367324E-02 6.34450489668593995E-06 1.53495316536854569E-05
2.61925811E+00 1.23362654739958236E-01 9.28301328197980269E-04 -2.11363732630338377E-02 6.35457753330228555E-06 1.54466364101602250E-05
2.62712011E+00 1.23355147150964448E-01 9.31771771403673652E-04 -2.05398145818191519E-02 6.36468202183700506E-06 1.55446690752565249E-05
2.63498242E+00 1.23347610692602860E-01 9.35260329988797504E-04 -1.99416310977306825E-02 6.37481816888178267E-06 1.56436389583329793E-05
2.64284498E+00 1.23340045242370730E-01 9.38767057235357044E-04 -1.93419111773279299E-02 6.38498592617156720E-06 1.57435568756140708E-05
2.65070787E+00 1.23332450571929347E-01 9.42292056105024879E-04 -1.87407346540281704E-02 6.39518538971240005E-06 1.58444351899547746E-05
2.65857115E+00 1.23324826449821900E-01 9.45835431837506522E-04 -1.81381809115088236E-02 6.40541666133687759E-06 1.59462864781880273E-05
2.66643489E+00 1.23317172641452893E-01 9.49397292005762171E-04 -1.75343288928081452E-02 6.41567984855924164E-06 1.60491235362918308E-05
2.67429917E+00 1.23309488909059031E-01 9.52977746571190970E-04 -1.69292571378454743E-02 6.42597506441126852E-06 1.61529593846962596E-05
2.68216405E+00 1.23301775011680478E-01 9.56576907939483793E-04 -1.63230437631431240E-02 6.43630242726140042E-06 1.62578072737578751E-05
2.69002962E+00 1.23294030705127095E-01 9.60194891017422322E-04 -1.57157664690956989E-02 6.44666206061700893E-06 1.63636806894139622E-05
2.69789594E+00 1.23286255741948667E-01 9.63831813270797665E-04 -1.51075025176631000E-02 6.45705409290999068E-06 1.64705933590275883E-05
2.70576310E+00 1.23278449871399548E-01 9.67487794783420123E-04 -1.44983287544202637E-02 6.46747865726627782E-06 1.65785592574277617E-05
2.71363117E+00 1.23270612839408489E-01 9.71162958317405922E-04 -1.38883215903276482E-02 6.47793589125856202E-06 1.66875926131549065E-05
2.72150021E+00 1.23262744404948693E-01 9.74857421671146331E-04 -1.32775582598197509E-02 6.48842591479262144E-06 1.67977076847777105E-05
2.72936995E+00 1.23254844659807627E-01 9.78571147322844156E-04 -1.26661414086594471E-02 6.49894840430587925E-06 1.69089142473760010E-05
2.73724047E+00 1.23246913346489337E-01 9.82304262675200634E-04 -1.20541465030336581E-02 6.50950350153408814E-06 1.70212271428586282E-05
2.74511185E+00 1.23238950203999290E-01 9.86056898048036454E-04 -1.14416484758708362E-02 6.52009135155836255E-06 1.71346614897882776E-05
2.75298417E+00 1.23230954967843101E-01 9.89829186748981309E-04 -1.08287217471210832E-02 6.53071210249125546E-06 1.72492326907806253E-05
2.76085752E+00 1.23222927369997806E-01 9.93621265143121955E-04 -1.02154402928414951E-02 6.54136590514172645E-06 1.73649564400724782E-05
2.76873197E+00 1.23214867138884548E-01 9.97433272723279116E-04 -9.60187760724950760E-03 6.55205291266506295E-06 1.74818487313166056E-05
2.77660760E+00 1.23206773999332941E-01 1.00126535218160646E-03 -8.98810674030624430E-03 6.56277328019934384E-06 1.75999258656290397E-05
2.78448451E+00 1.23198647672545972E-01 1.00511764948268316E-03 -8.37420027619056873E-03 6.57352716448984477E-06 1.77192044599024974E-05
2.79236279E+00 1.23190487876068483E-01 1.00899031393828702E-03 -7.76023034245683536E-03 6.58431472350305450E-06 1.78397014553975646E-05
2.80024250E+00 1.23182294323747679E-01 1.01288349828390569E-03 -7.14626861942315936E-03 6.59513611603118681E-06 1.79614341266201298E-05
2.80812363E+00 1.23174066849605579E-01 1.01679729980592775E-03 -6.53239551759688796E-03 6.60599133795840017E-06 1.80844182334660295E-05
2.81600599E+00 1.23165805454265712E-01 1.02073173797110131E-03 -5.91870345478006429E-03 6.61688016155413875E-06 1.82086672735092803E-05
2.82388966E+00 1.23157509847043156E-01 1.02468697239815670E-03 -5.30526290089082097E-03 6.62780273857692671E-06 1.83341993587910696E-05
2.83177473E+00 1.23149179733362146E-01 1.02866316644000802E-03 -4.69214380947641316E-03 6.63875922003254444E-06 1.84610329681735453E-05
2.83966130E+00 1.23140814814751032E-01 1.03266048727329563E-03 -4.07941564915024080E-03 6.64974975576449658E-06 1.85891869577847242E-05
2.84754944E+00 1.23132414788808375E-01 1.03667910598749676E-03 -3.46714742761105492E-03 6.66077449403705329E-06 1.87186805717175724E-05
2.85543927E+00 1.23123979349173282E-01 1.04071919767528397E-03 -2.85540770447413692E-03 6.67183358111725304E-06 1.88495334530491311E-05
2.86333085E+00 1.23115508185481851E-01 1.04478094152490745E-03 -2.24426458568720462E-03 6.68292716085848595E-06 1.89817656552075363E-05
2.87122430E+00 1.23107000983330536E-01 1.04886452091485340E-03 -1.63378573749637583E-03 6.69405537428781343E-06 1.91153976537056105E-05
2.87911970E+00 1.23098457424235530E-01 1.05297012351092140E-03 -1.02403839011498536E-03 6.70521835919889094E-06 1.92504503582528168E-05
2.88701709E+00 1.23089877259578970E-01 1.05709790576681627E-03 -4.15094564471034605E-04 6.71641615328872496E-06 1.93869439450137341E-05
2.89491619E+00 1.23081260550011160E-01 1.06124787750866943E-03 1.92952250650676841E-04 6.72764838257123831E-06 1.95248939882706167E-05
2.90281712E+00 1.23072606971287746E-01 1.06542023594110051E-03 8.00036152168630732E-04 6.73891516634533293E-06 1.96643225270133535E-05
2.91071996E+00 1.23063916194845371E-01 1.06961518295118534E-03 1.40609171956207696E-03 6.75021661923352319E-06 1.98052520808968916E-05
2.91862481E+00 1.23055187887801648E-01 1.07383292522332486E-03 2.01105398199240889E-03 6.76155285084337170E-06 1.99477056644197072E-05
2.92653177E+00 1.23046421712918255E-01 1.07807367435349658E-03 2.61485838925567876E-03 6.77292396543445801E-06 2.00917068014238814E-05
2.93444094E+00 1.23037617328558571E-01 1.08233764696534659E-03 3.21744081038047129E-03 6.78433006159863216E-06 2.02372795400130004E-05
2.94235241E+00 1.23028774388643972E-01 1.08662506482908082E-03 3.81873752450795226E-03 6.79577123195637447E-06 2.03844484679241500E-05
2.95026629E+00 1.23019892542603815E-01 1.09093615498360454E-03 4.41868521204100140E-03 6.80724756287104651E-06 2.05332387283800663E-05
2.95818268E+00 1.23010971435329505E-01 1.09527114986199443E-03 5.01722094768781990E-03 6.81875913418266947E-06 2.06836760364364716E-05
2.96610147E+00 1.23002010937670186E-01 1.09963017525578416E-03 5.61426690057140881E-03 6.83030572221802275E-06 2.08357827710498487E-05
2.97402253E+00 1.22993010959611918E-01 1.10401334081570621E-03 6.20974315287900307E-03 6.84188704179187203E-06 2.09895810629105713E-05
2.98194595E+00 1.22983971138724946E-01 1.10842089193548851E-03 6.80358818688955175E-03 6.85350314623532850E-06 2.11450981578137507E-05
2.98987185E+00 1.22974891107775458E-01 1.11285307991419355E-03 7.39574089072173816E-03 6.86515408164413691E-06 2.13023619366931681E-05
2.99780032E+00 1.22965770494696217E-01 1.11731016210366149E-03 7.98614053625554265E-03 6.87683988674157482E-06 2.14614009345981842E-05
3.00573147E+00 1.22956608922546035E-01 1.12179240205659498E-03 8.57472676300571890E-03 6.88856059275945374E-06 2.16222443601367198E-05
3.01366540E+00 1.22947406009453572E-01 1.12630006967785962E-03 9.16143957658224588E-03 6.90031622334278482E-06 2.17849221154792668E-05
3.02160221E+00 1.22938161368558008E-01 1.13083344137972935E-03 9.74621933141082974E-03 6.91210679448142488E-06 2.19494648169678469E-05
3.02954202E+00 1.22928874607950198E-01 1.13539280024163884E-03 1.03290067285081080E-02 6.92393231446901401E-06 2.21159038163597406E-05
3.03748488E+00 1.22919545373776487E-01 1.13997841495458809E-03 1.09097401262601632E-02 6.93579272908302779E-06 2.22842704413444748E-05
3.04543049E+00 1.22910173762284344E-01 1.14459033704293481E-03 1.14883303020519058E-02 6.94768739969871337E-06 2.24545884785874835E-05
3.05337894E+00 1.22900759372541538E-01 1.14922886649582233E-03 1.20647193807477023E-02 6.95961630700212796E-06 2.26268912936207699E-05
3.06133035E+00 1.22891301798223426E-01 1.15389431061205467E-03 1.26388498313034520E-02 6.97157942426218655E-06 2.28012130699930938E-05
3.06928483E+00 1.22881800627593393E-01 1.15858698418975538E-03 1.32106644371253884E-02 6.98357671745308011E-06 2.29775888339536292E-05
3.07724248E+00 1.22872255443444212E-01 1.16330720971581387E-03 1.37801062983323140E-02 6.99560814539102322E-06 2.31560544796917403E-05
3.08520340E+00 1.22862665823032430E-01 1.16805531755902973E-03 1.43471188173395787E-02 7.00767365989502764E-06 2.33366467952888415E-05
3.09316771E+00 1.22853031338003155E-01 1.17283164616826066E-03 1.49116456953999749E-02 7.01977320597506897E-06 2.35194034894500489E-05
3.10113552E+00 1.22843351554309393E-01 1.17763654227615857E-03 1.54736309141875143E-02 7.03190672204930155E-06 2.37043632190565489E-05
3.10910693E+00 1.22833626032134449E-01 1.18247036110879361E-03 1.60330187390703982E-02 7.04407414019223310E-06 2.38915656175691005E-05
3.11708162E+00 1.22823854867927351E-01 1.18733319676465909E-03 1.65897229078668454E-02 7.05627471051523114E-06 2.40810407781802425E-05
3.12505965E+00 1.22814037652487371E-01 1.19222539997646958E-03 1.71436867531030677E-02 7.06850830478610736E-06 2.42728293112995990E-05
3.13304115E+00 1.22804173934474889E-01 1.19714734846332674E-03 1.76948559480911045E-02 7.08077483465005121E-06 2.44669735739104303E-05
3.14102622E+00 1.22794263256401040E-01 1.20209942927753939E-03 1.82431764088710792E-02 7.09307420691368400E-06 2.46635170106818801E-05
3.14901498E+00 1.22784305154550660E-01 1.20708203904528041E-03 1.87885943055775620E-02 7.10540632395793237E-06 2.48625041867040480E-05
3.15700753E+00 1.22774299158893041E-01 1.21209558421127967E-03 1.93310560476864686E-02 7.11777108417512278E-06 2.50639808211327816E-05
3.16500398E+00 1.22764244792985033E-01 1.21714048128937079E-03 1.98705082785905207E-02 7.13016838243458784E-06 2.52679938218338189E-05
3.17300446E+00 1.22754141573868644E-01 1.22221715711957391E-03 2.04068978631801040E-02 7.14259811057712012E-06 2.54745913210799652E-05
3.18100906E+00 1.22743989011963137E-01 1.22732604913196688E-03 2.09401718787251105E-02 7.15506015793878832E-06 2.56838227123341865E-05
3.18901743E+00 1.22733787207489481E-01 1.23246730492504084E-03 2.14702466922422931E-02 7.16755368259214983E-06 2.58957262548522522E-05
3.19702968E+00 1.22723535681401028E-01 1.23764137048165495E-03 2.19970696346600443E-02 7.18007854653747203E-06 2.61103531792309702E-05
3.20504591E+00 1.22713233929769655E-01 1.24284871208711471E-03 2.25205891508576291E-02 7.19263463309118746E-06 2.63277564462132960E-05
3.21306623E+00 1.22702881441562758E-01 1.24808980765438887E-03 2.30407538522189766E-02 7.20522182558762226E-06 2.65479904216362467E-05
3.22109077E+00 1.22692477698543606E-01 1.25336514702152645E-03 2.35575125339865521E-02 7.21784000800192364E-06 2.67711109186019213E-05
3.22911963E+00 1.22682022175147287E-01 1.25867523225323000E-03 2.40708141672270164E-02 7.23048906557450528E-06 2.69971752407688963E-05
3.23715293E+00 1.22671514338351453E-01 1.26402057794840618E-03 2.45806078850480392E-02 7.24316888544221224E-06 2.72262422268529554E-05
3.24519078E+00 1.22660953647541496E-01 1.26940171155419759E-03 2.50868429767831004E-02 7.25587935728135368E-06 2.74583722963848967E-05
3.25323323E+00 1.22650339641317066E-01 1.27481912929229058E-03 2.55894647674534161E-02 7.26862026978731872E-06 2.76936255624335399E-05
3.26127996E+00 1.22639672326837784E-01 1.28027309691254761E-03 2.60883966913752451E-02 7.28139084739071492E-06 2.79320530608930744E-05
3.26933110E+00 1.22628951146023304E-01 1.28576417751752130E-03 2.65835893942975784E-02 7.29419099069601047E-06 2.81737197311914979E-05
3.27738675E+00 1.22618175532551554E-01 1.29129294825142409E-03 2.70749935964027036E-02 7.30702060580543238E-06 2.84186922710023648E-05
3.28544703E+00 1.22607344911753929E-01 1.29686000065121492E-03 2.75625601094228422E-02 7.31987960511089993E-06 2.86670391881701499E-05
3.29351206E+00 1.22596458700473865E-01 1.30246594099500332E-03 2.80462398553480291E-02 7.33276790808882704E-06 2.89188308535590519E-05
3.30158196E+00 1.22585516306898790E-01 1.30811139065295902E-03 2.85259838580426035E-02 7.34568544210034985E-06 2.91741395550402115E-05
3.30965682E+00 1.22574517130388430E-01 1.31379698644210237E-03 2.90017432321836958E-02 7.35863214319083183E-06 2.94330395526614196E-05
3.31773678E+00 1.22563460561297077E-01 1.31952338098525633E-03 2.94734691754107297E-02 7.37160795688053683E-06 2.96956071349942123E-05
3.32582174E+00 1.22552346248204755E-01 1.32529110423274823E-03 2.99411017123944606E-02 7.38461252667714472E-06 2.99619142435452592E-05
3.33391153E+00 1.22541173981695201E-01 1.33110062281929288E-03 3.04045753431577172E-02 7.39764533475979155E-06 3.02320310577874364E-05
3.34200626E+00 1.22529943130125385E-01 1.33695263359463962E-03 3.08638425076181513E-02 7.41070636009229719E-06 3.05060396932711231E-05
3.35010605E+00 1.22518653052044138E-01 1.34284785051507773E-03 3.13188556346489858E-02 7.42379559424034716E-06 3.07840245067798947E-05
3.35821100E+00 1.22507303096035233E-01 1.34878700501912113E-03 3.17695671610979391E-02 7.43691304212701723E-06 3.10660721571955531E-05
3.36632124E+00 1.22495892600512107E-01 1.35477084639616641E-03 3.22159295601972887E-02 7.45005872278488616E-06 3.13522716667459574E-05
3.37443688E+00 1.22484420893509915E-01 1.36080014215242645E-03 3.26578953222559989E-02 7.46323267012427593E-06 3.16427144827304999E-05
3.38255804E+00 1.22472887292455895E-01 1.36687567837486825E-03 3.30954169417885385E-02 7.47643493372520387E-06 3.19374945396479779E-05
3.39068483E+00 1.22461291103934694E-01 1.37299826009283036E-03 3.35284469170255353E-02 7.48966557965483886E-06 3.22367083215931255E-05
3.39881701E+00 1.22449632136547984E-01 1.37916843992348225E-03 3.39569188745301662E-02 7.50292410910240447E-06 3.25404415004046119E-05
3.40695455E+00 1.22437909883800225E-01 1.38538694884974417E-03 3.43807787304632947E-02 7.51621039289981891E-06 3.28487899278549197E-05
3.41509757E+00 1.22426123624547842E-01 1.39165464472025611E-03 3.47999800443509963E-02 7.52952455297146949E-06 3.31618573773918848E-05
3.42324618E+00 1.22414272625836693E-01 1.39797240551592914E-03 3.52144762709178244E-02 7.54286673115235999E-06 3.34797503907723220E-05
3.43140050E+00 1.22402356142672350E-01 1.40434112968444865E-03 3.56242208040298755E-02 7.55623709002615833E-06 3.38025783378762728E-05
3.43956065E+00 1.22390373417763404E-01 1.41076173645952700E-03 3.60291669650246171E-02 7.56963581373563680E-06 3.41304534750773268E-05
3.44772674E+00 1.22378323681248402E-01 1.41723516616762955E-03 3.64292680055007534E-02 7.58306310877557119E-06 3.44634910020386203E-05
3.45589889E+00 1.22366206150415144E-01 1.42376238052208354E-03 3.68244770877570182E-02 7.59651920477620132E-06 3.48018091166496987E-05
3.46407716E+00 1.22354020091689136E-01 1.43034432923849764E-03 3.72147452769124240E-02 7.61000428652776809E-06 3.51455273030789236E-05
3.47226121E+00 1.22341765386489082E-01 1.43698164295371343E-03 3.76000039161590166E-02 7.62351787314073016E-06 3.54947500827842375E-05
3.48045117E+00 1.22329441218282736E-01 1.44367534227996517E-03 3.79802071311038658E-02 7.63706027026587453E-06 3.58496040967485105E-05
3.48864714E+00 1.22317046756511991E-01 1.45042646996905791E-03 3.83553087995245623E-02 7.65063180979586511E-06 3.62102191416444541E-05
3.49684924E+00 1.22304581156355618E-01 1.45723609113240869E-03 3.87252625994138483E-02 7.66423285071105004E-06 3.65767282092479783E-05
3.50505758E+00 1.22292043558434871E-01 1.46410529342701256E-03 3.90900220512369681E-02 7.67786377990882041E-06 3.69492675208783422E-05
3.51327229E+00 1.22279433088505765E-01 1.47103518721411431E-03 3.94495405037079763E-02 7.69152501302858902E-06 3.73279765567750377E-05
3.52149347E+00 1.22266748857141117E-01 1.47802690569151019E-03 3.98037711199095284E-02 7.70521699527122531E-06 3.77129980800279820E-05
3.52972125E+00 1.22253989959405049E-01 1.48508160499860359E-03 4.01526668649738946E-02 7.71894020221010467E-06 3.81044781545754430E-05
3.53795548E+00 1.22241155851205804E-01 1.49220025515278015E-03 4.04961703923820901E-02 7.73269473786570109E-06 3.85025544161563067E-05
3.54619603E+00 1.22228246010187766E-01 1.49938382549611327E-03 4.08342241059691663E-02 7.74648070377108655E-06 3.89073661109530760E-05
3.55444301E+00 1.22215259489805453E-01 1.50663353321573270E-03 4.11667816277068374E-02 7.76029867334211470E-06 3.93190681994551512E-05
3.56269653E+00 1.22202195326765212E-01 1.51395061823524990E-03 4.14937962298370933E-02 7.77414925332903130E-06 3.97378189015579558E-05
3.57095672E+00 1.22189052540745580E-01 1.52133634316485556E-03 4.18152208848865392E-02 7.78803308459508042E-06 4.01637796762667471E-05
3.57922368E+00 1.22175830134085658E-01 1.52879199320335836E-03 4.21310082868208632E-02 7.80195084287311329E-06 4.05971151916178930E-05
3.58749752E+00 1.22162527091463899E-01 1.53631887599710846E-03 4.24411108406600734E-02 7.81590323951339471E-06 4.10379932845888841E-05
3.59577837E+00 1.22149142379569753E-01 1.54391832145617681E-03 4.27454806416655980E-02 7.82989102222549884E-06 4.14865849105268146E-05
3.60406634E+00 1.22135674946783193E-01 1.55159168152648407E-03 4.30440694674957755E-02 7.84391497581336443E-06 4.19430640815520643E-05
3.61236108E+00 1.22122124456022441E-01 1.55933991019845835E-03 4.33368128646348660E-02 7.85797516399483320E-06 4.24075825320665523E-05
3.62066266E+00 1.22108489916840396E-01 1.56716434146500407E-03 4.36236612875120708E-02 7.87207235440783013E-06 4.28803158573591643E-05
3.62897120E+00 1.22094770228297816E-01 1.57506638195565219E-03 4.39045668043812481E-02 7.88620744886031093E-06 4.33614454820394955E-05
3.63728680E+00 1.22080964270055409E-01 1.58304745859378791E-03 4.41794810265453350E-02 7.90038138877352280E-06 4.38511554713831337E-05
3.64560958E+00 1.22067070902113453E-01 1.59110901812642099E-03 4.44483551620409242E-02 7.91459515584483479E-06 4.43496324060672635E-05
3.65392916E+00 1.22053106637548467E-01 1.59924222065905620E-03 4.47108062910295950E-02 7.92883179840718541E-06 4.48564205720796907E-05
3.66224044E+00 1.22039079423995389E-01 1.60744309392946583E-03 4.49666519322126784E-02 7.94308332149814365E-06 4.53713523111986234E-05
3.67054338E+00 1.22024988748097071E-01 1.61571255829964029E-03 4.52158783552907284E-02 7.95735041900706602E-06 4.58945610084908676E-05
3.67883842E+00 1.22010833305281230E-01 1.62405199385376496E-03 4.54584824908101093E-02 7.97163460217225939E-06 4.64262089834943678E-05
3.68712597E+00 1.21996611785091746E-01 1.63246278447360619E-03 4.56944588947378605E-02 7.98593740030606878E-06 4.69664590397329056E-05
3.69540645E+00 1.21982322871036164E-01 1.64094631763892287E-03 4.59238007284034841E-02 8.00026036215294226E-06 4.75154742966220052E-05
3.70368024E+00 1.21967965240058374E-01 1.64950398405216514E-03 4.61464998659813219E-02 8.01460505697814265E-06 4.80734180029028450E-05
3.71194774E+00 1.21953537561889869E-01 1.65813717717867089E-03 4.63625469189272305E-02 8.02897307554470187E-06 4.86404533363986549E-05
3.72020933E+00 1.21939038498373453E-01 1.66684729273288540E-03 4.65719312650701295E-02 8.04336603103105906E-06 4.92167431915371516E-05
3.72846538E+00 1.21924466702784284E-01 1.67563572812120371E-03 4.67746410630782150E-02 8.05778555990763983E-06 4.98024499549559529E-05
3.73671624E+00 1.21909820819175702E-01 1.68450388184522549E-03 4.69706632779239366E-02 8.07223332277729751E-06 5.03977352691271035E-05
3.74496069E+00 1.21895102319958315E-01 1.69345142531587356E-03 4.71599468681343156E-02 8.08670822027433848E-06 5.10026425708655053E-05
3.75319770E+00 1.21880312341820188E-01 1.70247820173631461E-03 4.73424504009463329E-02 8.10120953147563652E-06 5.16172224949116860E-05
3.76142768E+00 1.21865449500750955E-01 1.71158556867686824E-03 4.75181665640131423E-02 8.11573903804203106E-06 5.22416254671230983E-05
3.76965100E+00 1.21850512406195960E-01 1.72077487801614720E-03 4.76870859761124172E-02 8.13029854103053173E-06 5.28759997963848668E-05
3.77786803E+00 1.21835499660881100E-01 1.73004747531820750E-03 4.78491977328690532E-02 8.14488986180377593E-06 5.35204913884681195E-05
3.78607914E+00 1.21820409860399811E-01 1.73940469908718262E-03 4.80044896655754949E-02 8.15951484274559210E-06 5.41752434421983344E-05
3.79428468E+00 1.21805241592742058E-01 1.74884787996406601E-03 4.81529483587711596E-02 8.17417534787950486E-06 5.48403961316149541E-05
3.80248501E+00 1.21789993437798699E-01 1.75837833988862278E-03 4.82945591683284423E-02 8.18887326341933018E-06 5.55160862753425644E-05
3.81068046E+00 1.21774663966880498E-01 1.76799739123605386E-03 4.84293062289782236E-02 8.20361049826085933E-06 5.62024469936298965E-05
3.81887137E+00 1.21759251742243502E-01 1.77770633593363528E-03 4.85571724700865140E-02 8.21838898441290380E-06 5.68996073533063046E-05
3.82705644E+00 1.21743758438438682E-01 1.78750448810183898E-03 4.86781148347899262E-02 8.23320769775934013E-06 5.76075487489032570E-05
3.83523496E+00 1.21728184582230281E-01 1.79739184316032407E-03 4.87921045253399896E-02 8.24806675181355233E-06 5.83262948821126485E-05
3.84340732E+00 1.21712518144214230E-01 1.80736940099946266E-03 4.88989857456302648E-02 8.26296848097001994E-06 5.90559099653407523E-05
3.85157387E+00 1.21696764421161466E-01 1.81743848838452227E-03 4.89991071450045154E-02 8.27791470913917415E-06 5.97965207834247952E-05
3.85973496E+00 1.21680924256722250E-01 1.82760037327500571E-03 4.90922407400298244E-02 8.29290746878911138E-06 6.05482342274165188E-05
3.86789095E+00 1.21664996925750432E-01 1.83785626651741482E-03 4.91783596844507787E-02 8.30794884732492645E-06 6.13111442162293140E-05
3.87604216E+00 1.21648981176287738E-01 1.84820734100757107E-03 4.92574475990890243E-02 8.32304095688261478E-06 6.20853351658075557E-05
3.88418895E+00 1.21632875576118085E-01 1.85865474092699787E-03 4.93294849692675202E-02 8.33818592703678785E-06 6.28708831323340799E-05
3.89233164E+00 1.21616678628055586E-01 1.86919958532183158E-03 4.93944507612444489E-02 8.35338590300077899E-06 6.36678559944188325E-05
3.90047056E+00 1.21600388808239271E-01 1.87984296900498742E-03 4.94523225071761344E-02 8.36864304488418348E-06 6.44763132500722816E-05
3.90860602E+00 1.21584004578784904E-01 1.89058596231233265E-03 4.95030763177752436E-02 8.38395952700289256E-06 6.52963056629377703E-05
3.91673638E+00 1.21567528413417558E-01 1.90142696623140967E-03 4.95466756331534655E-02 8.39933379672956258E-06 6.61276716105431520E-05
3.92486147E+00 1.21550959803690045E-01 1.91236628484222444E-03 4.95830972659117922E-02 8.41476710509211726E-06 6.69703852153740890E-05
3.93298165E+00 1.21534297193702345E-01 1.92340487346151653E-03 4.96123188575737645E-02 8.43026168088189969E-06 6.78244624086385536E-05
3.94109726E+00 1.21517539021862839E-01 1.93454365751081678E-03 4.96343125832601206E-02 8.44581975685693198E-06 6.86899087177399371E-05
3.94920863E+00 1.21500683722105360E-01 1.94578353162126413E-03 4.96490360834477423E-02 8.46144356822174525E-06 6.95667188572686104E-05
3.95731612E+00 1.21483729724429973E-01 1.95712535864625342E-03 4.96509872466347826E-02 8.47713535085454806E-06 7.04548763199676679E-05
3.96542004E+00 1.21466675455246434E-01 1.96856996866421165E-03 4.96585265947003668E-02 8.49289733933522876E-06 7.13543529759757812E-05
3.97352073E+00 1.21449519337472278E-01 1.98011815800814769E-03 4.96584166597781457E-02 8.50873176497363725E-06 7.22651086862240833E-05
3.98161850E+00 1.21432259790799288E-01 1.99177068833718100E-03 4.96300201462544915E-02 8.52464085361698933E-06 7.31870909398421121E-05
3.98971367E+00 1.21414895231921713E-01 2.00352828577100503E-03 4.96144071898128383E-02 8.54062682350899270E-06 7.41202345067821318E-05
3.99780435E+00 1.21397428889970488E-01 2.01538837510433465E-03 4.95840323764639851E-02 8.55668746979115919E-06 7.50642009150974100E-05
4.00589073E+00 1.21379859495589257E-01 2.02735136984838905E-03 4.95475957795308980E-02 8.57282471611541394E-06 7.60188775275682594E-05
4.01397319E+00 1.21362185425066035E-01 2.03941788179375560E-03 4.95034328575694668E-02 8.58904078822561103E-06 7.69841572321831587E-05
4.02205208E+00 1.21344405047304316E-01 2.05158848794873222E-03 4.94518351832520867E-02 8.60533789358300318E-06 7.79599198706802817E-05
4.03012778E+00 1.21326516725269368E-01 2.06386372987064221E-03 4.93927162842814210E-02 8.62171821692108394E-06 7.89460321350665933E-05
4.03820064E+00 1.21308518816876917E-01 2.07624411287287694E-03 4.93260505388268197E-02 8.63818391486783145E-06 7.99423475083015144E-05
4.04627103E+00 1.21290409675698291E-01 2.08873010519222127E-03 4.92518040138515828E-02 8.65473710984168409E-06 8.09487062545476810E-05
4.05433929E+00 1.21272187651621399E-01 2.10132213715667109E-03 4.91699424919185210E-02 8.67137988360844714E-06 8.19649354554998763E-05
4.06240578E+00 1.21253851091479375E-01 2.11402060037868111E-03 4.90804304313591996E-02 8.68811427110843851E-06 8.29908490841098015E-05
4.07047085E+00 1.21235398339646888E-01 2.12682584699444913E-03 4.89832311733085293E-02 8.70494225531731966E-06 8.40262481061220711E-05
4.07853485E+00 1.21216827738585803E-01 2.13973818896827893E-03 4.88783070154374735E-02 8.72186576386656625E-06 8.50709206048220400E-05
4.08659643E+00 1.21198141584472494E-01 2.15275514969268198E-03 4.87656422724817226E-02 8.73888307946098288E-06 8.61244195389597157E-05
4.09465521E+00 1.21179340024031745E-01 2.16587569289716656E-03 4.86452143027718553E-02 8.75599439245558142E-06 8.71864053070684403E-05
4.10271155E+00 1.21160421422578615E-01 2.17909997460902314E-03 4.85169901641677795E-02 8.77320145457845966E-06 8.82566263914443189E-05
4.11076585E+00 1.21141384139198213E-01 2.19242811261655774E-03 4.83809355348744016E-02 8.79050596403194329E-06 8.93348203242843398E-05
4.11881848E+00 1.21122226529431651E-01 2.20586018614324191E-03 4.82370154566207771E-02 8.80790956097002122E-06 9.04207143647660903E-05
4.12686981E+00 1.21102946946743811E-01 2.21939623533236059E-03 4.80851945882406831E-02 8.82541381706909318E-06 9.15140263929015683E-05
4.13490582E+00 1.21083578688299318E-01 2.23301178023510398E-03 4.79257160978457941E-02 8.84298864235100533E-06 9.26124924543117179E-05
4.14289810E+00 1.21064191115581962E-01 2.24665695502476379E-03 4.77591844298453777E-02 8.86057141019060081E-06 9.37118136340983800E-05
4.15084752E+00 1.21044783559174154E-01 2.26033090642311675E-03 4.75857084671695990E-02 8.87816281626032856E-06 9.48116583990604072E-05
4.15875503E+00 1.21025355012092967E-01 2.27403294922044925E-03 4.74053690757007332E-02 8.89576364614047371E-06 9.59117162751966905E-05
4.16662169E+00 1.21005904149071211E-01 2.28776260234936748E-03 4.72182413063523473E-02 8.91337481503185848E-06 9.70117017840372241E-05
4.17444868E+00 1.20986429308329077E-01 2.30151961961542377E-03 4.70243952456655470E-02 8.93099740855127831E-06 9.81113576745896765E-05
4.18223730E+00 1.20966928458680623E-01 2.31530401936796970E-03 4.68238956627530581E-02 8.94863272534845346E-06 9.92104579233604522E-05
4.18998900E+00 1.20947399159947691E-01 2.32911611472109764E-03 4.66168013354191571E-02 8.96628231913576831E-06 1.00308810741461286E-04
4.19770535E+00 1.20927838519347158E-01 2.34295654489995696E-03 4.64031642920176429E-02 8.98394803789951866E-06 1.01406261701445627E-04
4.20538812E+00 1.20908243144747740E-01 2.35682630790058417E-03 4.61830289700667918E-02 9.00163206000344421E-06 1.02502697001241217E-04
4.21303925E+00 1.20888609095070071E-01 2.37072679450121967E-03 4.59564313165773536E-02 9.01933692916370162E-06 1.03598046811450664E-04
4.22066085E+00 1.20868931827915693E-01 2.38465982360186804E-03 4.57233978232216773E-02 9.03706559153707274E-06 1.04692288622097813E-04
4.22824459E+00 1.20849234064445032E-01 2.39860800121427520E-03 4.54842738357541451E-02 9.05479642946855467E-06 1.05783913443357479E-04
4.23578867E+00 1.20829521843380930E-01 2.41256574503325751E-03 4.52392444124181045E-02 9.07252276508692957E-06 1.06872368861050092E-04
4.24329485E+00 1.20809792008875733E-01 2.42653395620846162E-03 4.49883819625457107E-02 9.09024603842185390E-06 1.07957630558464922E-04
4.25076503E+00 1.20790040809546764E-01 2.44051394934640623E-03 4.47317476392499816E-02 9.10796808281613649E-06 1.09039724840466468E-04
4.25820134E+00 1.20770263866714037E-01 2.45450748331522235E-03 4.44693939862269988E-02 9.12569116434495106E-06 1.10118731060590718E-04
4.26560607E+00 1.20750456134603182E-01 2.46851678951743193E-03 4.42013636714045990E-02 9.14341801585315891E-06 1.11194783775828249E-04
4.27298176E+00 1.20730611858286138E-01 2.48254459832024507E-03 4.39276887503474781E-02 9.16115186800081310E-06 1.12268074686779700E-04
4.28033115E+00 1.20710724531700495E-01 2.49659416364123509E-03 4.36483898837764575E-02 9.17889647925617998E-06 1.13338854367292562E-04
4.28764532E+00 1.20690819422468718E-01 2.51064642059446383E-03 4.33639276450960565E-02 9.19662732084686118E-06 1.14405701521417806E-04
4.29492371E+00 1.20670899407076440E-01 2.52469813143111265E-03 4.30744932429278082E-02 9.21433979094453718E-06 1.15468434915684534E-04
4.30216877E+00 1.20650959045934481E-01 2.53875188705019079E-03 4.27801506801158346E-02 9.23203654174452520E-06 1.16527338190631550E-04
4.30938324E+00 1.20630991935734289E-01 2.55281092814559898E-03 4.24809493088947679E-02 9.24972093130612061E-06 1.17582763593027256E-04
4.31657014E+00 1.20610990651883354E-01 2.56687918914570538E-03 4.21769243099771318E-02 9.26739707234735631E-06 1.18635134411289870E-04
4.32371373E+00 1.20591000514655003E-01 2.58092373880500344E-03 4.18689001259646906E-02 9.28502270375901005E-06 1.19682149065297307E-04
4.33081536E+00 1.20571019437361468E-01 2.59494496993048409E-03 4.15570557675208688E-02 9.30259742173450923E-06 1.20724031047064745E-04
4.33787765E+00 1.20551041636843756E-01 2.60894580449047434E-03 4.12414799012208039E-02 9.32012391022625737E-06 1.21761208277250971E-04
4.34490350E+00 1.20531060289202796E-01 2.62292985118038700E-03 4.09222532581505621E-02 9.33760562190613565E-06 1.22794173014902606E-04
4.35189613E+00 1.20511067494103563E-01 2.63690143272405893E-03 4.05994399682623672E-02 9.35504681101451633E-06 1.23823481870273132E-04
4.35885908E+00 1.20491054234028241E-01 2.65086560582000882E-03 4.02730868870509739E-02 9.37245256041749864E-06 1.24849755292426215E-04
4.36579621E+00 1.20471010336023393E-01 2.66482817445188019E-03 3.99432230490244650E-02 9.38982880773310645E-06 1.25873676581027483E-04
4.37271171E+00 1.20450924439116161E-01 2.67879569640632224E-03 3.96098592933557814E-02 9.40718237420416980E-06 1.26895990362839694E-04
4.37961009E+00 1.20430783969145944E-01 2.69277548246718871E-03 3.92729881424346075E-02 9.42452099728869336E-06 1.27917500419091705E-04
4.38649145E+00 1.20410589153532158E-01 2.70676592934120412E-03 3.89328139063526701E-02 9.44184141452947823E-06 1.28938362535348385E-04
4.39333561E+00 1.20390400470347270E-01 2.72072403021250339E-03 3.85905517997231079E-02 9.45908940374701316E-06 1.29955718984784102E-04
4.40014660E+00 1.20370207436439433E-01 2.73465584702371409E-03 3.82463039941115523E-02 9.47627184366202385E-06 1.30970290485191810E-04
4.40692878E+00 1.20349998304893749E-01 2.74856812928183378E-03 3.79000955385689273E-02 9.49339668141116901E-06 1.31982835330834503E-04
4.41368681E+00 1.20329760144158346E-01 2.76246829435944797E-03 3.75519510364991232E-02 9.51047291113011562E-06 1.32994145348715751E-04
4.42042562E+00 1.20309478892570709E-01 2.77636438870381861E-03 3.72018768111928716E-02 9.52751050432737636E-06 1.34005041145447240E-04
4.42715041E+00 1.20289139415722418E-01 2.79026503432788829E-03 3.68498639879039080E-02 9.54452029990434224E-06 1.35016366988219581E-04
4.43386660E+00 1.20268725577408753E-01 2.80417936145534912E-03 3.64958911447823275E-02 9.56151386641419145E-06 1.36028985207172550E-04
4.44057683E+00 1.20248229473507981E-01 2.81811075393127112E-03 3.61400822286066931E-02 9.57849583434725279E-06 1.37043320138833760E-04
4.44726568E+00 1.20227698916410122E-01 2.83202497573756913E-03 3.57835182078807823E-02 9.59542518522637617E-06 1.38057032900956044E-04
4.45393421E+00 1.20207131577589291E-01 2.84592186407841207E-03 3.54264634270446271E-02 9.61230269927634027E-06 1.39070236157818298E-04
4.46058342E+00 1.20186525175857803E-01 2.85980111020080066E-03 3.50691472534108428E-02 9.62912918183842427E-06 1.40083001016774332E-04
4.46721430E+00 1.20165877506355365E-01 2.87366227956298900E-03 3.47118173821935813E-02 9.64590557291499351E-06 1.41095354684221436E-04
4.47382775E+00 1.20145186447809638E-01 2.88750482616656262E-03 3.43547252685130894E-02 9.66263305111886346E-06 1.42107278366291213E-04
4.48042466E+00 1.20124449964095825E-01 2.90132810459119280E-03 3.39981263247189844E-02 9.67931310528210540E-06 1.43118706764829029E-04
4.48700587E+00 1.20103666104782861E-01 2.91513138126377538E-03 3.36422796209490671E-02 9.69594755349614258E-06 1.44129530027351004E-04
4.49357220E+00 1.20082833005827894E-01 2.92891384570291569E-03 3.32874473511453745E-02 9.71253850913042318E-06 1.45139598065497348E-04
4.50012439E+00 1.20061948890440570E-01 2.94267462212695081E-03 3.29338942053027522E-02 9.72908831773766281E-06 1.46148726097787118E-04
4.50666318E+00 1.20041012069789982E-01 2.95641278165054448E-03 3.25818867023277420E-02 9.74559950334507267E-06 1.47156699664380183E-04
4.51318924E+00 1.20020020943179026E-01 2.97012735520534510E-03 3.22316924636974617E-02 9.76207475102541320E-06 1.48163277657101288E-04
4.51970322E+00 1.19998973997347741E-01 2.98381734724802910E-03 3.18835794619168125E-02 9.77851690426297405E-06 1.49168193103609199E-04
4.52620573E+00 1.19977869804692203E-01 2.99748175024609808E-03 3.15378152279381513E-02 9.79492888817713046E-06 1.50171152946104914E-04
4.53269732E+00 1.19956707020363179E-01 3.01111955986159158E-03 3.11946660230280476E-02 9.81131347069357888E-06 1.51171838907656985E-04
4.53917854E+00 1.19935484378413157E-01 3.02472979066059243E-03 3.08543959654639134E-02 9.82767294811731456E-06 1.52169911084062699E-04
4.54564988E+00 1.19914200687155789E-01 3.03831149198810621E-03 3.05172661266543167E-02 9.84400902281614252E-06 1.53165014508877391E-04
4.55211180E+00 1.19892854823678507E-01 3.05186376339284171E-03 3.01835335958826820E-02 9.86032296666950664E-06 1.54156787652967825E-04
4.55856475E+00 1.19871445727390571E-01 3.06538576892253448E-03 2.98534505339807729E-02 9.87661585106641715E-06 1.55144871007369573E-04
4.56500912E+00 1.19849972392801415E-01 3.07887674985742434E-03 2.95272632274528359E-02 9.89288865973918047E-06 1.56128913504813684E-04
4.57144530E+00 1.19828433862088163E-01 3.09233603575294769E-03 2.92052111737831598E-02 9.90914232661229400E-06 1.57108575081863573E-04
4.57787367E+00 1.19806829218065916E-01 3.10576305376916240E-03 2.88875262144805585E-02 9.92537781870739161E-06 1.58083525485379030E-04
4.58429455E+00 1.19785157578035040E-01 3.11915733616788217E-03 2.85744317437626669E-02 9.94159630045524670E-06 1.59053441724848089E-04
4.59070828E+00 1.19763418088800366E-01 3.13251852568801866E-03 2.82661419894892942E-02 9.95779930507864203E-06 1.60018008003472503E-04
4.59711516E+00 1.19741609923084122E-01 3.14584637838794760E-03 2.79628614206274134E-02 9.97398879786079262E-06 1.60976921508831710E-04
4.60351549E+00 1.19719732277548049E-01 3.15914076353669823E-03 2.76647842264895055E-02 9.99016705886968368E-06 1.61929905056516982E-04
4.60990956E+00 1.19697784372605517E-01 3.17240166025961568E-03 2.73720939281087219E-02 1.00063363990703671E-05 1.62876724189775290E-04
4.61629762E+00 1.19675765454118843E-01 3.18562915089885736E-03 2.70849630726758481E-02 1.00224988116195557E-05 1.63817203409860807E-04
4.62267994E+00 1.19653674796873402E-01 3.19882341140903439E-03 2.68035530329493038E-02 1.00386557188696926E-05 1.64751235206509633E-04
4.62905674E+00 1.19631511709508045E-01 3.21198469947122809E-03 2.65280138952270414E-02 1.00548079696525536E-05 1.65678777542466687E-04
4.63542826E+00 1.19609275540325286E-01 3.22511334118183836E-03 2.62584844408009152E-02 1.00709561289875954E-05 1.66599840447825180E-04
4.64179471E+00 1.19586965683243632E-01 3.23820971702078967E-03 2.59950922024009615E-02 1.00871009022946307E-05 1.67514468349702779E-04
4.64815626E+00 1.19564581583127008E-01 3.25127424743014426E-03 2.57379535781303639E-02 1.01032433851664126E-05 1.68422727921362287E-04
4.65451310E+00 1.19542122739952628E-01 3.26430737802110935E-03 2.54871739539471315E-02 1.01193848638945624E-05 1.69324708788929344E-04
4.66086538E+00 1.19519588711609906E-01 3.27730956440675522E-03 2.52428477879881284E-02 1.01355261551696335E-05 1.70220536762449761E-04
4.66721325E+00 1.19496979115386884E-01 3.29028125698482572E-03 2.50050586286676979E-02 1.01516669590993365E-05 1.71110390195384040E-04
4.67355682E+00 1.19474293628014844E-01 3.30322288638680399E-03 2.47738790708979216E-02 1.01678059021471753E-05 1.71994506585859517E-04
4.67989622E+00 1.19451531983572140E-01 3.31613485028975320E-03 2.45493707418229547E-02 1.01839412449359665E-05 1.72873172896028694E-04
4.68623154E+00 1.19428693968384056E-01 3.32901750194215676E-03 2.43315844122469552E-02 1.02000716596806229E-05 1.73746703565799844E-04
4.69256226E+00 1.19405781685231999E-01 3.34186987240724489E-03 2.41205802787044579E-02 1.02161951253568208E-05 1.74615331014382687E-04
4.69888757E+00 1.19382798269834001E-01 3.35469040467811048E-03 2.39164160339846825E-02 1.02323099131067246E-05 1.75479241325644857E-04
4.70520768E+00 1.19359743275551655E-01 3.36747950062503843E-03 2.37191061588100174E-02 1.02484173035361352E-05 1.76338743923517573E-04
4.71152280E+00 1.19336616180440738E-01 3.38023752402059506E-03 2.35286530772322762E-02 1.02645181895523624E-05 1.77194144637792125E-04
4.71783319E+00 1.19313416382947970E-01 3.39296479045073486E-03 2.33450544438772653E-02 1.02806125081400852E-05 1.78045754187059694E-04
4.72413913E+00 1.19290143198366894E-01 3.40566155773371375E-03 2.31683007534365347E-02 1.02966995070873190E-05 1.78893888356524420E-04
4.73044092E+00 1.19266795856084559E-01 3.41832801741065364E-03 2.29983765904649001E-02 1.03127784329732090E-05 1.79738858169151903E-04
4.73673888E+00 1.19243373497043878E-01 3.43096428772607853E-03 2.28352611096893712E-02 1.03288491243084521E-05 1.80580954518802658E-04
4.74303339E+00 1.19219875171004727E-01 3.44357040848440469E-03 2.26789287332084463E-02 1.03449122166718489E-05 1.81420433837856489E-04
4.74932482E+00 1.19196299833395178E-01 3.45614633813077013E-03 2.25293498552844688E-02 1.03609684405422903E-05 1.82257510067237077E-04
4.75561361E+00 1.19172646341922386E-01 3.46869195345718114E-03 2.23864916400613005E-02 1.03770175968411687E-05 1.83092354681295931E-04
4.76190018E+00 1.19148913453013344E-01 3.48120705218727929E-03 2.22503187982183576E-02 1.03930591477054563E-05 1.83925103226234701E-04
4.76818502E+00 1.19125099816943081E-01 3.49369135802188660E-03 2.21207941729749703E-02 1.04090928450039253E-05 1.84755865672996898E-04
4.77446863E+00 1.19101203970908037E-01 3.50614452793307236E-03 2.19978788226994799E-02 1.04251182966903884E-05 1.85584736886829175E-04
4.78075156E+00 1.19077224330187442E-01 3.51856616207668399E-03 2.18815313434298116E-02 1.04411345555636114E-05 1.86411803393100948E-04
4.78703436E+00 1.19053159177353748E-01 3.53095581661435915E-03 2.17717066651304803E-02 1.04571402507554267E-05 1.87237144925187990E-04
4.79331765E+00 1.19029006649138860E-01 3.54331301936830446E-03 2.16683553213736883E-02 1.04731340029029965E-05 1.88060831993789793E-04
4.79960207E+00 1.19004764720681833E-01 3.55563728798102439E-03 2.15714243530084372E-02 1.04891147751970868E-05 1.88882921733387233E-04
4.80588832E+00 1.18980431187168251E-01 3.56792815015995537E-03 2.14808598116416616E-02 1.05050820189207521E-05 1.89703453831366607E-04
4.81217712E+00 1.18956003643120728E-01 3.58018516555009018E-03 2.13966093342117351E-02 1.05210356290898983E-05 1.90522447651025938E-04
4.81846925E+00 1.18931479459699618E-01 3.59240794874143713E-03 2.13186233078138040E-02 1.05369758312673678E-05 1.91339901261308916E-04
4.82476556E+00 1.18906855760391741E-01 3.60459619287646291E-03 2.12468545599513794E-02 1.05529031352222033E-05 1.92155792929674210E-04
4.83106694E+00 1.18882129395379427E-01 3.61674969329786643E-03 2.11812574707624310E-02 1.05688183833543560E-05 1.92970085441787777E-04
4.83737435E+00 1.18857296914855151E-01 3.62886837071166096E-03 2.11217872282447525E-02 1.05847228282165260E-05 1.93782733116218539E-04
4.84368883E+00 1.18832354541560353E-01 3.64095229343821278E-03 2.10683993967723492E-02 1.06006181876661675E-05 1.94593690633002459E-04
4.85001128E+00 1.18807298918582077E-01 3.65300132682348138E-03 2.10210502941117969E-02 1.06165061890065309E-05 1.95402897214941865E-04
4.85634175E+00 1.18782130101790243E-01 3.66501373065389888E-03 2.09796991559203852E-02 1.06323867126184307E-05 1.96210188829506007E-04
4.86268141E+00 1.18756843594611125E-01 3.67698999132453274E-03 2.09443054868422018E-02 1.06482628410656327E-05 1.97015560201143134E-04
4.86903151E+00 1.18731434467526376E-01 3.68893082124311473E-03 2.09328561067778883E-02 1.06641381749127854E-05 1.97819032834171401E-04
4.87539343E+00 1.18705897326008780E-01 3.70083717508356246E-03 2.08649463737611771E-02 1.06800167320706743E-05 1.98620656756078794E-04
4.88176862E+00 1.18680226279485143E-01 3.71271026363064697E-03 2.08658111616963349E-02 1.06959028517913607E-05 1.99420511471155425E-04
4.88815865E+00 1.18654414910801531E-01 3.72455156463886604E-03 2.08665468286603727E-02 1.07118011439113999E-05 2.00218706952958576E-04
4.89456519E+00 1.18628456248727865E-01 3.73636283036175637E-03 2.08650366660376937E-02 1.07277163970519264E-05 2.01015384948019234E-04
4.90099003E+00 1.18602342742452418E-01 3.74814609144693330E-03 2.08614582921889252E-02 1.07436534194631532E-05 2.01810720226694440E-04
4.90743510E+00 1.18576066238955113E-01 3.75990365713570586E-03 2.08580242231383578E-02 1.07596168533678185E-05 2.02604920916396797E-04
4.91390243E+00 1.18549617963437076E-01 3.77163811186619199E-03 2.08580728847221099E-02 1.07756109067093793E-05 2.03398227139939595E-04
4.92039417E+00 1.18522988503018595E-01 3.78335230850894086E-03 2.08657187531237007E-02 1.07916392021881826E-05 2.04190907558759083E-04
4.92689289E+00 1.18496249070714654E-01 3.79501402398750706E-03 2.09338310042598043E-02 1.08076564318559987E-05 2.04980857736417868E-04
4.93339247E+00 1.18469424880605745E-01 3.80661202137933148E-03 2.09372481906788116E-02 1.08236452731186323E-05 2.05767386182027502E-04
4.93989401E+00 1.18442511570067105E-01 3.81814817568348506E-03 2.09699477641479767E-02 1.08396062314184967E-05 2.06550681217290238E-04
4.94639869E+00 1.18415504320282111E-01 3.82962457929205509E-03 2.10151137327430210E-02 1.08555400835510020E-05 2.07330934019886589E-04
4.95290782E+00 1.18388397829465378E-01 3.84104353141659230E-03 2.10574848861265936E-02 1.08714478347091710E-05 2.08108334391805485E-04
4.95942277E+00 1.18361186292671630E-01 3.85240752776169672E-03 2.11085617071983533E-02 1.08873307868952262E-05 2.08883067424375530E-04
4.96594507E+00 1.18333863386910487E-01 3.86371924884194732E-03 2.11631567214343001E-02 1.09031908277961381E-05 2.09655310669287575E-04
4.97247631E+00 1.18306422261527253E-01 3.87498154654456958E-03 2.12239038446399263E-02 1.09190306921687721E-05 2.10425231980653198E-04
4.97901822E+00 1.18278855534309696E-01 3.88619742885354304E-03 2.12892728571543455E-02 1.09348539846505298E-05 2.11192988360748001E-04
4.98557261E+00 1.18251155294162205E-01 3.89737004265881815E-03 2.13600393890515834E-02 1.09506650157133905E-05 2.11958726024682532E-04
4.99214143E+00 1.18223313111062989E-01 3.90850265455656726E-03 2.14357127561175045E-02 1.09664686072705204E-05 2.12722581683265507E-04
4.99872670E+00 1.18195320053943884E-01 3.91959862954198695E-03 2.15165222928428816E-02 1.09822699682591423E-05 2.13484684779268721E-04
5.00533053E+00 1.18167166716938971E-01 3.93066140749990123E-03 2.16023062943413273E-02 1.09980746166409270E-05 2.14245160128054865E-04
5.01195515E+00 1.18138843254386824E-01 3.94169447742889843E-03 2.16931293595716383E-02 1.10138882744594986E-05 2.15004130190929384E-04
5.01860282E+00 1.18110339424891173E-01 3.95270134939738286E-03 2.17889423717492550E-02 1.10297166897703073E-05 2.15761716204475361E-04
5.02527587E+00 1.18081644644734460E-01 3.96368552430825544E-03 2.18897676363886198E-02 1.10455654387775787E-05 2.16518037675043982E-04
5.03197670E+00 1.18052748050873069E-01 3.97465046161166614E-03 2.19955996063690672E-02 1.10614398744816705E-05 2.17273210220453192E-04
5.03870770E+00 1.18023638573646644E-01 3.98559954512591168E-03 2.21064571981288219E-02 1.10773452511739642E-05 2.18027342196364105E-04
5.04547130E+00 1.17994305019251899E-01 3.99653604715571355E-03 2.22223563536829843E-02 1.10932866726879230E-05 2.18780530738590733E-04
5.05225302E+00 1.17964809554848768E-01 4.00743601356877942E-03 2.23430871808727033E-02 1.11092292453949905E-05 2.19530992657679370E-04
5.05904469E+00 1.17935187470306110E-01 4.01828608598903819E-03 2.24683472529198756E-02 1.11251531918726607E-05 2.20277671503924709E-04
5.06584550E+00 1.17905442344621414E-01 4.02908483644397707E-03 2.25980887539584119E-02 1.11410561209681875E-05 2.21020329494242866E-04
5.07265551E+00 1.17875574091044891E-01 4.03983218606352844E-03 2.27322561285237638E-02 1.11569375841609793E-05 2.21758818168007397E-04
5.07947595E+00 1.17845577379955810E-01 4.05052990167589690E-03 2.28708128892749565E-02 1.11728000551591032E-05 2.22493112260319353E-04
5.08630815E+00 1.17815446504926952E-01 4.06117979688694602E-03 2.30137332577751534E-02 1.11886464575870770E-05 2.23223186030926897E-04
5.09315350E+00 1.17785175404899620E-01 4.07178372123440015E-03 2.31609934564908672E-02 1.12044801040953512E-05 2.23949012780060491E-04
5.10001051E+00 1.17754770669298972E-01 4.08233905120986961E-03 2.33125220211778499E-02 1.12202977661571319E-05 2.24670257041094737E-04
5.10687995E+00 1.17724229099168923E-01 4.09284659859978413E-03 2.34682679894392156E-02 1.12361012921795463E-05 2.25386816868285226E-04
5.11376325E+00 1.17693544347115542E-01 4.10330821080916522E-03 2.36282268074364636E-02 1.12518940192911178E-05 2.26098658804246470E-04
5.12066188E+00 1.17662709919381311E-01 4.11372571659161194E-03 2.37923888173079100E-02 1.12676792679077118E-05 2.26805745781276206E-04
5.12757731E+00 1.17631719255697154E-01 4.12410090459661670E-03 2.39607509193039761E-02 1.12834603456837175E-05 2.27508035923675755E-04
5.13450375E+00 1.17600598274051490E-01 4.13442474814238077E-03 2.41331536673492185E-02 1.12992240004093414E-05 2.28204756499960249E-04
5.14144035E+00 1.17569351055855392E-01 4.14469572601203987E-03 2.43094943571759495E-02 1.13149681642454670E-05 2.28895647579518936E-04
5.14838730E+00 1.17537976843407652E-01 4.15491398545383105E-03 2.44897522288149601E-02 1.13306932918903868E-05 2.29580564791127746E-04
5.15534364E+00 1.17506480199379662E-01 4.16507799997646068E-03 2.46738602087056384E-02 1.13463974809811543E-05 2.30259256130904076E-04
5.16231073E+00 1.17474855186978908E-01 4.17518970326697172E-03 2.48618048116306424E-02 1.13620845407392237E-05 2.30931707386059534E-04
5.16928994E+00 1.17443095732636421E-01 4.18525106588728268E-03 2.50535927162135151E-02 1.13777586962875675E-05 2.31597913562791847E-04
5.17628264E+00 1.17411195720452152E-01 4.19526406798088804E-03 2.52492268096345118E-02 1.13934243422256585E-05 2.32257879005480066E-04
5.18329019E+00 1.17379149093221030E-01 4.20523067293740709E-03 2.54487158370954938E-02 1.14090856880713036E-05 2.32911616994811965E-04
5.19031107E+00 1.17346962781110620E-01 4.21514885379436523E-03 2.56519966184508459E-02 1.14247400675434308E-05 2.33558891587243869E-04
5.19734574E+00 1.17314634802936732E-01 4.22501945596917474E-03 2.58590437922172345E-02 1.14403884927157538E-05 2.34199668984770045E-04
5.20439535E+00 1.17282159937927150E-01 4.23484436580925938E-03 2.60698717198849274E-02 1.14560330512137943E-05 2.34833994176837798E-04
5.21146094E+00 1.17249533355535979E-01 4.24462538035804467E-03 2.62844916720028701E-02 1.14716755165992033E-05 2.35461915923487731E-04
5.21854345E+00 1.17216750686324311E-01 4.25436419246861749E-03 2.65029148999507448E-02 1.14873176513934501E-05 2.36083485417323304E-04
5.22564131E+00 1.17183819267092218E-01 4.26405909046797052E-03 2.67250822950180836E-02 1.15029560725068414E-05 2.36698547696438281E-04
5.23274702E+00 1.17150773788305018E-01 4.27370054695336895E-03 2.69507491935009995E-02 1.15185747504454269E-05 2.37306472007254362E-04
5.23985923E+00 1.17117620810811549E-01 4.28328759386415684E-03 2.71798218589008635E-02 1.15341705463110196E-05 2.37907192584335344E-04
5.24697867E+00 1.17084357177842754E-01 4.29282219303692061E-03 2.74123101530254973E-02 1.15497438036577892E-05 2.38500842915514944E-04
5.25410602E+00 1.17050979946018888E-01 4.30230628779953734E-03 2.76482162472332614E-02 1.15652943387111837E-05 2.39087566256337470E-04
5.26124190E+00 1.17017486371230883E-01 4.31174180444672712E-03 2.78875423074805215E-02 1.15808222824473540E-05 2.39667513547034725E-04
5.26838529E+00 1.16983866942243955E-01 4.32112331397201815E-03 2.81310831744501812E-02 1.15963203129681326E-05 2.40240156211570606E-04
5.27553599E+00 1.16950132341290855E-01 4.33045524500275548E-03 2.83770874455989003E-02 1.16117909567319933E-05 2.40805974761544074E-04
5.28269457E+00 1.16916283403609989E-01 4.33974080902333956E-03 2.86266088634869256E-02 1.16272366516721904E-05 2.41365283873747890E-04
5.28986155E+00 1.16882318896120871E-01 4.34898244643058211E-03 2.88793985316087229E-02 1.16426590934166675E-05 2.41918327273971470E-04
5.29703745E+00 1.16848236930265956E-01 4.35818234659960616E-03 2.91355757741047355E-02 1.16580596281114805E-05 2.42465333625011627E-04
5.30422274E+00 1.16814035409196132E-01 4.36734263244565723E-03 2.93951241896852310E-02 1.16734395186532550E-05 2.43006536105363238E-04
5.31141793E+00 1.16779712150552759E-01 4.37646543018559500E-03 2.96580624702430760E-02 1.16888001470243204E-05 2.43542178901118197E-04
5.31862220E+00 1.16745271205210624E-01 4.38555124081361786E-03 2.99243568504311587E-02 1.17041403259216828E-05 2.44072421931777538E-04
5.32583517E+00 1.16710714445393521E-01 4.39460120769281926E-03 3.01939870848860342E-02 1.17194600985970126E-05 2.44597472413468251E-04
5.33305741E+00 1.16676039262212650E-01 4.40361769255009829E-03 3.04669710586889277E-02 1.17347615977431768E-05 2.45117613436347391E-04
5.34028953E+00 1.16641242895579228E-01 4.41260311717954663E-03 3.07433318477129784E-02 1.17500468455384255E-05 2.45633132046478391E-04
5.34753214E+00 1.16606322405898730E-01 4.42155996812996967E-03 3.10230940264503707E-02 1.17653176318794150E-05 2.46144315337940554E-04
5.35478590E+00 1.16571274651740636E-01 4.43049079940887117E-03 3.13062859466238241E-02 1.17805757422052884E-05 2.46651446052475630E-04
5.36205152E+00 1.16536096274222331E-01 4.43939823305764675E-03 3.15929394997063184E-02 1.17958232705050821E-05 2.47154798787311441E-04
5.36932872E+00 1.16500788588355150E-01 4.44828372740040199E-03 3.18830519022397993E-02 1.18110605998420907E-05 2.47654568840761913E-04
5.37661723E+00 1.16465352980806278E-01 4.45714875866304663E-03 3.21766165187697684E-02 1.18262884293115608E-05 2.48150939470116109E-04
5.38391789E+00 1.16429785288620399E-01 4.46599621208335160E-03 3.24736732868955019E-02 1.18415101321648334E-05 2.48644160567238121E-04
5.39123159E+00 1.16394081164372887E-01 4.47482901478081421E-03 3.27742693818662070E-02 1.18567291262129969E-05 2.49134474566652282E-04
5.39855711E+00 1.16358246545268842E-01 4.48364756215342917E-03 3.30783682856103795E-02 1.18719438268891874E-05 2.49621979158097811E-04
5.40589159E+00 1.16322295410142981E-01 4.49245032932856728E-03 3.33858592441084318E-02 1.18871484903208709E-05 2.50106667930737839E-04
5.41323596E+00 1.16286223243131412E-01 4.50124036696913400E-03 3.36967787835253524E-02 1.19023451989908611E-05 2.50588790765190518E-04
5.42059117E+00 1.16250025326447917E-01 4.51002075724973774E-03 3.40111832993732072E-02 1.19175366208899827E-05 2.51068604475281260E-04
5.42795823E+00 1.16213696766333252E-01 4.51879460721318384E-03 3.43291243167123394E-02 1.19327257176785531E-05 2.51546376559352066E-04
5.43532701E+00 1.16177287448036584E-01 4.52755185196927756E-03 3.46501940378099935E-02 1.19478922197239712E-05 2.52021673560478827E-04
5.44269617E+00 1.16140804345557569E-01 4.53629288469996686E-03 3.49742961244179709E-02 1.19630332283057123E-05 2.52494647950950570E-04
5.45006553E+00 1.16104248474681079E-01 4.54501952633502935E-03 3.53014369110218953E-02 1.19781479391234213E-05 2.52965539435940918E-04
5.45743523E+00 1.16067619469385638E-01 4.55373390718742579E-03 3.56316181997219719E-02 1.19932363806342592E-05 2.53434610048487502E-04
5.46480538E+00 1.16030916962574102E-01 4.56243813342879605E-03 3.59648437907599192E-02 1.20082994513803818E-05 2.53902121371705461E-04
5.47217611E+00 1.15994140584981253E-01 4.57113428684397579E-03 3.63011169155249142E-02 1.20233391614326930E-05 2.54368329770924423E-04
5.47954752E+00 1.15957289964833649E-01 4.57982442366194550E-03 3.66404409401504053E-02 1.20383581301153567E-05 2.54833483661142974E-04
5.48691973E+00 1.15920364727727279E-01 4.58851057261181611E-03 3.69828189741209026E-02 1.20533582865428695E-05 2.55297823415911063E-04
5.49429284E+00 1.15883364496717836E-01 4.59719473244793626E-03 3.73282537857296190E-02 1.20683398985226700E-05 2.55761581355884405E-04
5.50166696E+00 1.15846288892643895E-01 4.60587886918345079E-03 3.76767476902062082E-02 1.20833020195977882E-05 2.56224979218823694E-04
5.50904219E+00 1.15809137534531939E-01 4.61456491318798772E-03 3.80283024316093662E-02 1.20982437610357553E-05 2.56688224030949532E-04
5.51641864E+00 1.15771910039907125E-01 4.62325475623850089E-03 3.83829190813300622E-02 1.21131652673442526E-05 2.57151505516174119E-04
5.52379639E+00 1.15734606024913547E-01 4.63195024857609907E-03 3.87405979179209145E-02 1.21280677086912519E-05 2.57614996705052995E-04
5.53117554E+00 1.15697225104196610E-01 4.64065319602764269E-03 3.91013383129745415E-02 1.21429524196737011E-05 2.58078856574902227E-04
5.53855618E+00 1.15659766890555016E-01 4.64936535731196900E-03 3.94651386149076910E-02 1.21578200011474234E-05 2.58543232400617977E-04
5.54593840E+00 1.15622230994418485E-01 4.65808844170627605E-03 3.98319960351029012E-02 1.21726702098619426E-05 2.59008260488499610E-04
5.55332229E+00 1.15584617023206909E-01 4.66682410725275439E-03 4.02019065194300154E-02 1.21875027081120157E-05 2.59474065639576012E-04
5.56070792E+00 1.15546924580609375E-01 4.67557395964879764E-03 4.05748646426823539E-02 1.22023179909345258E-05 2.59940760702848377E-04
5.56809539E+00 1.15509153265757017E-01 4.68433955190735406E-03 4.09508634840263924E-02 1.22171177750429972E-05 2.60408447631114851E-04
5.57548476E+00 1.15471302672239373E-01 4.69312238480243827E-03 4.13298945266911549E-02 1.22319046145795592E-05 2.60877220770670912E-04
5.58287611E+00 1.15433372386913299E-01 4.70192390805411736E-03 4.17119475524794642E-02 1.22466810599300396E-05 2.61347171719291174E-04
5.59026953E+00 1.15395361988522377E-01 4.71074552219265946E-03 4.20970105565926164E-02 1.22614489435448169E-05 2.61818393721693844E-04
5.59766508E+00 1.15357271046242424E-01 4.71958858107023992E-03 4.24850696610666462E-02 1.22762092213396540E-05 2.62290983883326954E-04
5.60506204E+00 1.15319103252160271E-01 4.72845343503346983E-03 4.28760681003825320E-02 1.22909609175552235E-05 2.62764992343230992E-04
5.61246044E+00 1.15280858290625510E-01 4.73734132163848923E-03 4.32699835023661952E-02 1.23057050316298960E-05 2.63240524329048367E-04
5.61986038E+00 1.15242535673633434E-01 4.74625347843711260E-03 4.36667965131185831E-02 1.23204432111743558E-05 2.63717696775248728E-04
5.62726191E+00 1.15204134900046135E-01 4.75519110998135278E-03 4.40664844078351228E-02 1.23351770814448747E-05 2.64196643539943465E-04
5.63466512E+00 1.15165655453623922E-01 4.76415539222924036E-03 4.44690223307642810E-02 1.23499073699738516E-05 2.64677522884982275E-04
5.64207006E+00 1.15127096801073331E-01 4.77314747669123872E-03 4.48743830762831225E-02 1.23646335711542609E-05 2.65160521526425956E-04
5.64947682E+00 1.15088458390226772E-01 4.78216849432628720E-03 4.52825370025876361E-02 1.23793545711226606E-05 2.65645853588421471E-04
5.65688545E+00 1.15049739648477922E-01 4.79121955923927662E-03 4.56934519309662238E-02 1.23940697001255559E-05 2.66133756662257747E-04
5.66429602E+00 1.15010939981522092E-01 4.80030177214112522E-03 4.61070930579713587E-02 1.24087791985878364E-05 2.66624489113931622E-04
5.67170859E+00 1.14972058772381105E-01 4.80941622341063500E-03 4.65234228868807789E-02 1.24234836624700829E-05 2.67118330647696885E-04
5.67912322E+00 1.14933095380648678E-01 4.81856399552975639E-03 4.69424011676358027E-02 1.24381830637457980E-05 2.67615584123631861E-04
5.68653997E+00 1.14894049141877452E-01 4.82774616468241522E-03 4.73639848450780401E-02 1.24528764349860248E-05 2.68116574920155692E-04
5.69395888E+00 1.14854919367038566E-01 4.83696380138938422E-03 4.77881280283972767E-02 1.24675626153161088E-05 2.68621646737741244E-04
5.70138003E+00 1.14815705342049046E-01 4.84621797015434737E-03 4.82147819608052045E-02 1.24822412942872752E-05 2.69131156890845078E-04
5.70880344E+00 1.14776406327430622E-01 4.85550972817912728E-03 4.86438949895093009E-02 1.24969133506512651E-05 2.69645475255638823E-04
5.71622918E+00 1.14737021558201133E-01 4.86484012325832677E-03 4.90754125600565486E-02 1.25115801688487836E-05 2.70164988198826354E-04
5.72365729E+00 1.14697550244085150E-01 4.87421019099904679E-03 4.95092772045480634E-02 1.25262424001572196E-05 2.70690104620895794E-04
5.73108782E+00 1.14657991570095902E-01 4.88362095154266235E-03 4.99454285464286593E-02 1.25408990434011528E-05 2.71221258800818108E-04
5.73852079E+00 1.14618344697486191E-01 4.89307340599085937E-03 5.03838033171096211E-02 1.25555475317718317E-05 2.71758905853473486E-04
5.74595627E+00 1.14578608765011331E-01 4.90256853273431104E-03 5.08243353871695308E-02 1.25701848451757512E-05 2.72303509935035656E-04
5.75339427E+00 1.14538782890394431E-01 4.91210728380294271E-03 5.12669557967624576E-02 1.25848089239835497E-05 2.72855530367493754E-04
5.76083483E+00 1.14498866171839089E-01 4.92169058122126496E-03 5.17115928067538935E-02 1.25994193116465067E-05 2.73415412789106062E-04
5.76827799E+00 1.14458857689477611E-01 4.93131931329396193E-03 5.21581719581051886E-02 1.26140164370530023E-05 2.73983588782998101E-04
5.77572377E+00 1.14418756506742825E-01 4.94099433085773681E-03 5.26066161425614021E-02 1.26286001312071379E-05 2.74560480490390504E-04
5.78317196E+00 1.14378562964031760E-01 4.95071613113311215E-03 5.30568317874844306E-02 1.26431683248418857E-05 2.75146483802665557E-04
5.79062215E+00 1.14338278426791742E-01 4.96048491277842861E-03 5.35087105781483358E-02 1.26577176965243208E-05 2.75741966260342817E-04
5.79807438E+00 1.14297901892616641E-01 4.97030139645823939E-03 5.39621667808682856E-02 1.26722460983039160E-05 2.76347308270041630E-04
5.80552867E+00 1.14257432351065363E-01 4.98016625596168095E-03 5.44171146597530603E-02 1.26867523968712487E-05 2.76962861705680235E-04
5.81298504E+00 1.14216868786256281E-01 4.99008011954347672E-03 5.48734653191875199E-02 1.27012363014572571E-05 2.77588946117099703E-04
5.82044352E+00 1.14176210179249615E-01 5.00004357259028077E-03 5.53311280059811741E-02 1.27156977690951869E-05 2.78225847976177828E-04
5.82790412E+00 1.14135455510150349E-01 5.01005716124760647E-03 5.57900100565118101E-02 1.27301365903645836E-05 2.78873821350077264E-04
5.83536686E+00 1.14094603759939781E-01 5.02012139672673892E-03 5.62500170373168296E-02 1.27445523613370592E-05 2.79533090119554067E-04
5.84283175E+00 1.14053653912171760E-01 5.03023676012281495E-03 5.67110528658438737E-02 1.27589446902692337E-05 2.80203853224269422E-04
5.85029881E+00 1.14012604954724581E-01 5.04040370763469883E-03 5.71730199353245594E-02 1.27733134589141083E-05 2.80886293633215718E-04
5.85776803E+00 1.13971455881708747E-01 5.05062267599365889E-03 5.76358192540465733E-02 1.27876589006129105E-05 2.81580589221665299E-04
5.86523943E+00 1.13930205695496931E-01 5.06089408778276784E-03 5.80993505800829549E-02 1.28019812502995692E-05 2.82286921084259944E-04
5.87271300E+00 1.13888853408780452E-01 5.07121835635711369E-03 5.85635125570670989E-02 1.28162802976858023E-05 2.83005474314036362E-04
5.88018875E+00 1.13847398046578840E-01 5.08159589021457171E-03 5.90282028594776020E-02 1.28305555252235302E-05 2.83736429840593331E-04
5.88766667E+00 1.13805838648191701E-01 5.09202709676328646E-03 5.94933183337814156E-02 1.28448068987303758E-05 2.84479952243248200E-04
5.89514675E+00 1.13764174269140525E-01 5.10251238541424828E-03 5.99587551465529667E-02 1.28590355598112602E-05 2.85236182241303555E-04
5.90262898E+00 1.13722403983191736E-01 5.11305216984701653E-03 6.04244089317104299E-02 1.28732437599446178E-05 2.86005239849759449E-04
5.91011336E+00 1.13680526884577041E-01 5.12364686925520507E-03 6.08901749345530513E-02 1.28874341530584243E-05 2.86787237125797287E-04
5.91759987E+00 1.13638542090467504E-01 5.13429690841007893E-03 6.13559481518067898E-02 1.29016090063175884E-05 2.87582293256436589E-04
5.92508849E+00 1.13596448743697703E-01 5.14500271644230487E-03 6.18216234674780207E-02 1.29157697291696555E-05 2.88390542969601974E-04
5.93257920E+00 1.13554246015665924E-01 5.15576472430528780E-03 6.22870957867413880E-02 1.29299168407874719E-05 2.89212132796171746E-04
5.94007197E+00 1.13511933109353910E-01 5.16658336095529493E-03 6.27522601606938096E-02 1.29440503616488875E-05 2.90047207049367272E-04
5.94756678E+00 1.13469509262438165E-01 5.17745904832158169E-03 6.32170119123593166E-02 1.29581704097807014E-05 2.90895891887877570E-04
5.95506360E+00 1.13426973750487811E-01 5.18839219509757178E-03 6.36812467472877702E-02 1.29722775936719790E-05 2.91758286368152316E-04
5.96256240E+00 1.13384325890199908E-01 5.19938318934807728E-03 6.41448608642528201E-02 1.29863729808535531E-05 2.92634464202937324E-04
5.97006313E+00 1.13341565042594308E-01 5.21043239005121710E-03 6.46077510508166752E-02 1.30004577016131850E-05 2.93524484013022238E-04
5.97756575E+00 1.13298690616091630E-01 5.22154011794213977E-03 6.50698147797441756E-02 1.30145323896479744E-05 2.94428401812841362E-04
5.98507023E+00 1.13255702069443839E-01 5.23270664613976512E-03 6.55309503067329768E-02 1.30285969064390338E-05 2.95346277983900589E-04
5.99257650E+00 1.13212598914515794E-01 5.24393219087162209E-03 6.59910567757665406E-02 1.30426506675413307E-05 2.96278175544725374E-04
6.00008452E+00 1.13169380718925461E-01 5.25521690228328633E-03 6.64500343155639411E-02 1.30566931572565615E-05 2.97224155220613448E-04
6.00759423E+00 1.13126047108560432E-01 5.26656085507381643E-03 6.69077841703331205E-02 1.30707241718586015E-05 2.98184273716213652E-04
6.01510557E+00 1.13082597770010021E-01 5.27796403876749486E-03 6.73642088024353908E-02 1.30847439930234121E-05 2.99158582129009762E-04
6.02261832E+00 1.13039033340869108E-01 5.28942611407066249E-03 6.78192032318657156E-02 1.30987533962447982E-05 3.00147096406814455E-04
6.03013215E+00 1.12995355115114493E-01 5.30094647916994066E-03 6.82726574259184538E-02 1.31127536867344055E-05 3.01149787278826833E-04
6.03764701E+00 1.12951562919781215E-01 5.31252482182647135E-03 6.87244781721505216E-02 1.31267465212064826E-05 3.02166618727771742E-04
6.04516283E+00 1.12907656650440100E-01 5.32416070981245586E-03 6.91745758094183261E-02 1.31407325397870281E-05 3.03197517957322924E-04
6.05267953E+00 1.12863636273384832E-01 5.33585358466746700E-03 6.96228614120562861E-02 1.31547113202224503E-05 3.04242391535447759E-04
6.06019706E+00 1.12819501827370675E-01 5.34760275608608775E-03 7.00692480588293448E-02 1.31686817247879998E-05 3.05301143100014216E-04
6.06771532E+00 1.12775253425003788E-01 5.35940739683459823E-03 7.05136507166429088E-02 1.31826419705839312E-05 3.06373681666050079E-04
6.07523423E+00 1.12730891253871063E-01 5.37126653871225230E-03 7.09559863461488721E-02 1.31965894214916768E-05 3.07459914471994275E-04
6.08275371E+00 1.12686415577413768E-01 5.38317907039248273E-03 7.13961739824119923E-02 1.32105212181415592E-05 3.08559728019301011E-04
6.09027365E+00 1.12641826735416811E-01 5.39514373784393247E-03 7.18341347857614360E-02 1.32244354030418686E-05 3.09672969195896213E-04
6.09779398E+00 1.12597125143957325E-01 5.40715914775592547E-03 7.22697921297132673E-02 1.32383313120491771E-05 3.10799437950681149E-04
6.10531457E+00 1.12552311294770946E-01 5.41922377408089479E-03 7.27030716457459647E-02 1.32522090916814786E-05 3.11938895044339799E-04
6.11283534E+00 1.12507385754116729E-01 5.43133596733268685E-03 7.31339013099497892E-02 1.32660687064545659E-05 3.13091078533997273E-04
6.12035615E+00 1.12462349161273359E-01 5.44349396575301812E-03 7.35622114892702378E-02 1.32799095615938581E-05 3.14255717273356533E-04
6.12787691E+00 1.12417202226748947E-01 5.45569590710376796E-03 7.39879350196048086E-02 1.32937309487599608E-05 3.15432532491566775E-04
6.13539748E+00 1.12371945730240105E-01 5.46793983990786353E-03 7.44110072665197658E-02 1.33075323047318699E-05 3.16621228944185336E-04
6.14291775E+00 1.12326580518366401E-01 5.48022373349408946E-03 7.48313661970593652E-02 1.33213135356099657E-05 3.17821486460595362E-04
6.15043757E+00 1.12281107502231178E-01 5.49254548686241816E-03 7.52489524427648188E-02 1.33350750273913485E-05 3.19032957940093315E-04
6.15795683E+00 1.12235527654884579E-01 5.50490293673791369E-03 7.56637093587295279E-02 1.33488169451350229E-05 3.20255272906939535E-04
6.16547537E+00 1.12189842008745932E-01 5.51729386504033747E-03 7.60755830687462609E-02 1.33625392851704447E-05 3.21488051095726590E-04
6.17299306E+00 1.12144051652954463E-01 5.52971600574380870E-03 7.64845225290219921E-02 1.33762418542117662E-05 3.22730925566672101E-04
6.18050973E+00 1.12098157730656511E-01 5.54216705101287076E-03 7.68904795731572138E-02 1.33899239471370508E-05 3.23983565418796491E-04
6.18802525E+00 1.12052161436272932E-01 5.55464465641870592E-03 7.72934089599491697E-02 1.34035843966427468E-05 3.25245697059128836E-04
6.19553944E+00 1.12006064012876577E-01 5.56714644529809552E-03 7.76932684181431965E-02 1.34172215869474642E-05 3.26517122660143616E-04
6.20305215E+00 1.11959866749843567E-01 5.57967001298236356E-03 7.80900186840669114E-02 1.34308333508201035E-05 3.27797720408592650E-04
6.21056319E+00 1.11913570980827895E-01 5.59221293224040211E-03 7.84836235285080175E-02 1.34444169369516915E-05 3.29087409710341597E-04
6.21807240E+00 1.11867178081950625E-01 5.60477276163629315E-03 7.88740497840282051E-02 1.34579692903637658E-05 3.30386075821582795E-04
6.22557959E+00 1.11820689470018345E-01 5.61734705834279237E-03 7.92612673656942907E-02 1.34714877449639838E-05 3.31693467860368324E-04
6.23308457E+00 1.11774106600569939E-01 5.62993339602574361E-03 7.96452493014038337E-02 1.34849706253076975E-05 3.33009106622151425E-04
6.24058714E+00 1.11727430965616603E-01 5.64252938701453356E-03 8.00259717585041358E-02 1.34984172540763765E-05 3.34332244182427326E-04
6.24808711E+00 1.11680664091070941E-01 5.65513270664817422E-03 8.04034140805147401E-02 1.35118280945370676E-05 3.35661902290318155E-04
6.25558427E+00 1.11633807533920631E-01 5.66774111678538996E-03 8.07775588044852555E-02 1.35252054100519761E-05 3.36996993567591750E-04
6.26307839E+00 1.11586862879199528E-01 5.68035248534639117E-03 8.11483916982467246E-02 1.35385533483480941E-05 3.38336505019865886E-04
6.27056927E+00 1.11539831736870168E-01 5.69296479973296476E-03 8.15159017873806346E-02 1.35518769311137702E-05 3.39679697882549342E-04
6.27805667E+00 1.11492715738841772E-01 5.70557617416974760E-03 8.18800813631059138E-02 1.35651803785994248E-05 3.41026254208235324E-04
6.28554035E+00 1.11445516536376216E-01 5.71818485393229062E-03 8.22409259865359565E-02 1.35784655320558106E-05 3.42376294799120041E-04
6.29302008E+00 1.11398235797990158E-01 5.73078922169116545E-03 8.25984344544593158E-02 1.35917310475803399E-05 3.43730227225253415E-04
6.30049561E+00 1.11350875207773231E-01 5.74338781122687124E-03 8.29526087714963639E-02 1.36049728117257911E-05 3.45088456286398056E-04
6.30796669E+00 1.11303436463928915E-01 5.75597933109300852E-03 8.33034541057452588E-02 1.36181857393330198E-05 3.46451063097234150E-04
6.31543305E+00 1.11255921277318176E-01 5.76856269643020135E-03 8.36509787505416297E-02 1.36313665215797395E-05 3.47817590399176427E-04
6.32289442E+00 1.11208331369855029E-01 5.78113706285281019E-03 8.39951940850016399E-02 1.36445159236340506E-05 3.49187042803492944E-04
6.33035053E+00 1.11160668472753701E-01 5.79370185398186011E-03 8.43361145389004696E-02 1.36576386698959151E-05 3.50558129354472500E-04
6.33780110E+00 1.11112934324988866E-01 5.80625677500862074E-03 8.46737575497959610E-02 1.36707412269204026E-05 3.51929672242317108E-04
6.34524585E+00 1.11065130672475643E-01 5.81880180841730463E-03 8.50081435202296037E-02 1.36838301125511509E-05 3.53301023031129180E-04
6.35268447E+00 1.11017259267999421E-01 5.83133719321482068E-03 8.53392957657718026E-02 1.36969097194433907E-05 3.54672306096711937E-04
6.36011667E+00 1.10969321872084747E-01 5.84386339439242099E-03 8.56672404520689434E-02 1.37099803599185696E-05 3.56044367042867909E-04
6.36754215E+00 1.10921320255036732E-01 5.85638107214821787E-03 8.59920065281442325E-02 1.37230388299856142E-05 3.57418437091415009E-04
6.37496059E+00 1.10873256199979411E-01 5.86889105842485371E-03 8.63136256511581185E-02 1.37360815219219817E-05 3.58795673237489380E-04
6.38237167E+00 1.10825131506414071E-01 5.88139434240436253E-03 8.66321321235695857E-02 1.37491076814918191E-05 3.60176795528663698E-04
6.38977507E+00 1.10776947993976985E-01 5.89389206030445194E-03 8.69475628284091806E-02 1.37621204853779118E-05 3.61561978143290746E-04
6.39717045E+00 1.10728707506443813E-01 5.90638548145778867E-03 8.72599571560210285E-02 1.37751273043592262E-05 3.62951016365246210E-04
6.40455749E+00 1.10680411915696664E-01 5.91887598309135191E-03 8.75693569042192005E-02 1.37881376866560023E-05 3.64343663269444946E-04
6.41193583E+00 1.10632063125730762E-01 5.93136501060648105E-03 8.78758061709826038E-02 1.38011584107699688E-05 3.65739955311296665E-04
6.41930512E+00 1.10583663077625335E-01 5.94385402636288078E-03 8.81793512476710950E-02 1.38141905281683903E-05 3.67140358192323416E-04
6.42666502E+00 1.10535213755787384E-01 5.95634445376033456E-03 8.84800405286770703E-02 1.38272305928650980E-05 3.68545672972520554E-04
6.43401515E+00 1.10486717194775430E-01 5.96883762337851922E-03 8.87779244283237318E-02 1.38402737525669911E-05 3.69956783121421395E-04
6.44135516E+00 1.10438175485978160E-01 5.98133472538470070E-03 8.90730552781527213E-02 1.38533168708541552E-05 3.71374396817628831E-04
6.44868465E+00 1.10389590783659064E-01 5.99383676858082030E-03 8.93654872066455830E-02 1.38663603895709783E-05 3.72798912277041647E-04
6.45600327E+00 1.10340965310162520E-01 6.00634454347063682E-03 8.96552759866115351E-02 1.38794075911757040E-05 3.74230447221003530E-04
6.46331061E+00 1.10292301360559952E-01 6.01885858616847680E-03 8.99424788681594811E-02 1.38924615202853101E-05 3.75668984174382190E-04
6.47060630E+00 1.10243601307320291E-01 6.03137914153326939E-03 9.02271544082131893E-02 1.39055226061730363E-05 3.77114530448624541E-04
6.47788992E+00 1.10194867605069358E-01 6.04390612604202657E-03 9.05093623191134816E-02 1.39185887247648760E-05 3.78567198538775165E-04
6.48516101E+00 1.10146103352081415E-01 6.05643894961231753E-03 9.07891603754348991E-02 1.39316565020309158E-05 3.80027160109327772E-04
6.49241881E+00 1.10097313471952341E-01 6.06897618336597455E-03 9.10665978345050892E-02 1.39447212488175288E-05 3.81494511380656208E-04
6.49966292E+00 1.10048500702308052E-01 6.08151656705972071E-03 9.13417359269367013E-02 1.39577782135169468E-05 3.82969287775347103E-04
6.50689293E+00 1.09999667859013994E-01 6.09405841230429950E-03 9.16146391069116578E-02 1.39708245891655766E-05 3.84451332436535232E-04
6.51410842E+00 1.09950817837358106E-01 6.10659959517289175E-03 9.18853711649158938E-02 1.39838610328277682E-05 3.85940293646941867E-04
6.52130899E+00 1.09901953611504580E-01 6.11913755435301767E-03 9.21539965762117191E-02 1.39968902194483006E-05 3.87435664147713977E-04
6.52849422E+00 1.09853078232715243E-01 6.13166929417780903E-03 9.24205800045396902E-02 1.40099145556222082E-05 3.88936823872085996E-04
6.53566371E+00 1.09804194826687018E-01 6.14419139268922339E-03 9.26851862833939916E-02 1.40229341166281974E-05 3.90443061960068507E-04
6.54281704E+00 1.09755306590366697E-01 6.15670001526942741E-03 9.29478802709237939E-02 1.40359458167307657E-05 3.91953574992583013E-04
6.54995382E+00 1.09706416788368552E-01 6.16919093422454382E-03 9.32087267505662259E-02 1.40489448391993331E-05 3.93467454722563198E-04
6.55707364E+00 1.09657528748728222E-01 6.18165955405649940E-03 9.34677903229373802E-02 1.40619267025866699E-05 3.94983683814196845E-04
6.56417609E+00 1.09608645857763046E-01 6.19410094143545056E-03 9.37251352982592795E-02 1.40748883623644474E-05 3.96501147025143529E-04
6.57126080E+00 1.09559771553986177E-01 6.20650985844648125E-03 9.39808255996605474E-02 1.40878275895364895E-05 3.98018650676799099E-04
6.57832736E+00 1.09510909321233696E-01 6.21888079802244628E-03 9.42349246669473839E-02 1.41007404003703562E-05 3.99534934515313116E-04
6.58537539E+00 1.09462062681324176E-01 6.23120802126344003E-03 9.44874953538497458E-02 1.41136199936532105E-05 4.01048662175873256E-04
6.59240453E+00 1.09413235186048535E-01 6.24348559658816082E-03 9.47385998373053012E-02 1.41264602341259527E-05 4.02558395132026020E-04
6.59941440E+00 1.09364430407940597E-01 6.25570744040095713E-03 9.49882995153937953E-02 1.41392592185157926E-05 4.04062570371231157E-04
6.60640465E+00 1.09315651929904306E-01 6.26786735893633453E-03 9.52366549155371916E-02 1.41520179896949686E-05 4.05559495130408676E-04
6.61337493E+00 1.09266903334437240E-01 6.27995909114110063E-03 9.54837256032139842E-02 1.41647370473406541E-05 4.07047353738598425E-04
6.62032491E+00 1.09218188192813134E-01 6.29197635226952032E-03 9.57295701109705383E-02 1.41774142419977272E-05 4.08524212828003926E-04
6.62725426E+00 1.09169510054022589E-01 6.30391287770415941E-03 9.59742458736419085E-02 1.41900462379335900E-05 4.09988020565997546E-04
6.63416269E+00 1.09120872433144570E-01 6.31576246655587200E-03 9.62178091693736276E-02 1.42026287060771850E-05 4.11436608999660592E-04
6.64104991E+00 1.09072278799603087E-01 6.32751902486834456E-03 9.64603150685358762E-02 1.42151544788500680E-05 4.12867707683300554E-04
6.64791564E+00 1.09023732565936490E-01 6.33917660815782550E-03 9.67018173988799107E-02 1.42276180158477476E-05 4.14278966700305762E-04
6.65475963E+00 1.08975237076120557E-01 6.35072946199677964E-03 9.69423687261301986E-02 1.42400166095022470E-05 4.15667982457831712E-04
6.66158165E+00 1.08926795593150938E-01 6.36217205986854255E-03 9.71820203453083176E-02 1.42523503318835236E-05 4.17032321126601128E-04
6.66838150E+00 1.08878411285818058E-01 6.37349913818634380E-03 9.74208222787930067E-02 1.42646188743609388E-05 4.18369540121463104E-04
6.67515898E+00 1.08830087215158758E-01 6.38470572906948020E-03 9.76588232880976348E-02 1.42768187969598368E-05 4.19677209167679027E-04
6.68191395E+00 1.08781826321080105E-01 6.39578719143751601E-03 9.78960708958511450E-02 1.42889476215497137E-05 4.20952931414276589E-04
6.68864626E+00 1.08733631408494749E-01 6.40673924024760203E-03 9.81326114172311054E-02 1.43010035554077221E-05 4.22194365508860893E-04
6.69535582E+00 1.08685505133043647E-01 6.41755797392258142E-03 9.83684899876862834E-02 1.43129852557562153E-05 4.23399248282151758E-04
6.70204220E+00 1.08637452468092047E-01 6.42823935267461660E-03 9.86037401684606435E-02 1.43248914747009325E-05 4.24565358104706978E-04
6.70870450E+00 1.08589482050106226E-01 6.43877895853163604E-03 9.88383749506268061E-02 1.43367205372973210E-05 4.25690513761365047E-04
6.71534257E+00 1.08541597079286470E-01 6.44917402352283581E-03 9.90724250920437671E-02 1.43484716047375131E-05 4.26772806357504761E-04
6.72195627E+00 1.08493800598639042E-01 6.45942224889440881E-03 9.93059303400334464E-02 1.43601412617732848E-05 4.27810469279883655E-04
6.72854553E+00 1.08446095478016646E-01 6.46952181897660940E-03 9.95389232575872029E-02 1.43717250868502573E-05 4.28801876600265225E-04
6.73511027E+00 1.08398484396107261E-01 6.47947140978351061E-03 9.97714370951370971E-02 1.43832202413877995E-05 4.29745542439248290E-04
6.74165048E+00 1.08350969821112739E-01 6.48927019069992124E-03 1.00003503224041917E-01 1.43946257677516826E-05 4.30640129749617880E-04
6.74816615E+00 1.08303553990777304E-01 6.49891781768152307E-03 1.00235152360590440E-01 1.44059425312024051E-05 4.31484475159100262E-04
6.75465733E+00 1.08256238892210976E-01 6.50841441679061994E-03 1.00466414224364170E-01 1.44171729843700171E-05 4.32277633277693639E-04
6.76112409E+00 1.08209026241866180E-01 6.51776055794897526E-03 1.00697317870367259E-01 1.44283206331825731E-05 4.33018937814057172E-04
6.76756655E+00 1.08161917466009588E-01 6.52695722024498968E-03 1.00927891745493534E-01 1.44393890208486802E-05 4.33708069844930338E-04
6.77398487E+00 1.08114913682100550E-01 6.53600575156905016E-03 1.01158163872518872E-01 1.44503807284532763E-05 4.34345119123423409E-04
6.78037923E+00 1.08068015681417412E-01 6.54490782641051639E-03 1.01388161990123737E-01 1.44612974792306740E-05 4.34930623922332512E-04
6.78674989E+00 1.08021223912925235E-01 6.55366540609186605E-03 1.01617913723682965E-01 1.44721408706354976E-05 4.35465578655232677E-04
6.79309712E+00 1.07974538468125228E-01 6.56228070556181577E-03 1.01847446765714056E-01 1.44829123155809246E-05 4.35951404487559075E-04
6.79942125E+00 1.07927979794184281E-01 6.57076343297686299E-03 1.02076285959389834E-01 1.44936180614853649E-05 4.36390807660561736E-04
6.80572266E+00 1.07881533128352372E-01 6.57911142581274477E-03 1.02305613187334013E-01 1.45042526625147493E-05 4.36785221278753702E-04
6.81200175E+00 1.07835192789000292E-01 6.58732597272064079E-03 1.02534500348022667E-01 1.45148133137290106E-05 4.37136651448374652E-04
6.81825899E+00 1.07788955774746523E-01 6.59540965631902343E-03 1.02763471422308239E-01 1.45252985342117934E-05 4.37447287692810914E-04
6.82449491E+00 1.07742819686155358E-01 6.60336568102129831E-03 1.02992300854700111E-01 1.45357075786581672E-05 4.37719320550594032E-04
6.83071005E+00 1.07696782025536147E-01 6.61119767087694783E-03 1.03221116460625581E-01 1.45460402376312567E-05 4.37954842993596588E-04
6.83690504E+00 1.07650839955936301E-01 6.61890962744925756E-03 1.03449913431268040E-01 1.45562970740000610E-05 4.38155802290121892E-04
6.84307677E+00 1.07605018137376537E-01 6.62650133861817422E-03 1.03678623316856525E-01 1.45664735444451259E-05 4.38323895012410712E-04
6.84922537E+00 1.07559317409167646E-01 6.63397703914867746E-03 1.03907216182689707E-01 1.45765712621245059E-05 4.38460820192887674E-04
6.85535134E+00 1.07513735457289789E-01 6.64134184885434731E-03 1.04135744425580601E-01 1.45865926799943096E-05 4.38568194042281178E-04
6.86145526E+00 1.07468269502095357E-01 6.64860132485708185E-03 1.04364231838891111E-01 1.45965401625294266E-05 4.38647581709459048E-04
6.86753775E+00 1.07422916293188231E-01 6.65576145993520760E-03 1.04592713072738361E-01 1.46064163446899376E-05 4.38700541028121268E-04
6.87359948E+00 1.07377672105993402E-01 6.66282866807464853E-03 1.04821221368971748E-01 1.46162246965758059E-05 4.38728663857844068E-04
6.87964114E+00 1.07332532740081643E-01 6.66980975733455755E-03 1.05049793749818141E-01 1.46259697498084274E-05 4.38733615775139662E-04
6.88566351E+00 1.07287493519436436E-01 6.67671189180593910E-03 1.05278468941281109E-01 1.46356566974244866E-05 4.38717174409444224E-04
6.89166738E+00 1.07242549294726694E-01 6.68354254496141779E-03 1.05507288130372107E-01 1.46452905018264597E-05 4.38681264999342846E-04
6.89765362E+00 1.07197694447448852E-01 6.69030944682144201E-03 1.05736294662339664E-01 1.46548751537683902E-05 4.38627990013913975E-04
6.90362312E+00 1.07152922895684247E-01 6.69702052747717276E-03 1.05965534191147043E-01 1.46644136096301191E-05 4.38559649403670311E-04
6.90957683E+00 1.07108228101213745E-01 6.70368385972127702E-03 1.06195054718594417E-01 1.46739084005683678E-05 4.38478749621041631E-04
6.91551575E+00 1.07063603077824990E-01 6.71030760372438168E-03 1.06424906723985191E-01 1.46833623814557940E-05 4.38388002395351066E-04
6.92144089E+00 1.07019040400759061E-01 6.71689995682175651E-03 1.06655143281976089E-01 1.46927778245565940E-05 4.38290316038325426E-04
6.92734800E+00 1.06974572613338051E-01 6.72346315244783978E-03 1.06885635813244520E-01 1.47021472733159358E-05 4.38188870144942916E-04
6.93323733E+00 1.06930198014985170E-01 6.73000439936455655E-03 1.07116361836440466E-01 1.47114721396560392E-05 4.38086918335009294E-04
6.93910982E+00 1.06885909724156208E-01 6.73653151285700212E-03 1.07347395164137188E-01 1.47207577780456327E-05 4.37987803068767823E-04
6.94496646E+00 1.06841700449846574E-01 6.74305218896619277E-03 1.07578783249943175E-01 1.47300116142313844E-05 4.37894917087808071E-04
6.95080829E+00 1.06797562505045115E-01 6.74957399483830378E-03 1.07810582980832598E-01 1.47392415637896731E-05 4.37811638500382476E-04
6.95663635E+00 1.06753487819043674E-01 6.75610436715863658E-03 1.08042851544664767E-01 1.47484543611199173E-05 4.37741255049742132E-04
6.96245177E+00 1.06709467949431133E-01 6.76265061763321827E-03 1.08275650033432758E-01 1.47576545229793244E-05 4.37686893103572281E-04
6.96825568E+00 1.06665494094268468E-01 6.76921994480707539E-03 1.08509041992696065E-01 1.47668439871379836E-05 4.37651464780160378E-04
6.97404926E+00 1.06621536944058751E-01 6.77581198055181213E-03 1.08743572824568008E-01 1.47760160694355827E-05 4.37636768512583902E-04
6.97983373E+00 1.06577600408654646E-01 6.78243856059050892E-03 1.08978285179100839E-01 1.47851735171759439E-05 4.37645762929273917E-04
6.98561032E+00 1.06533679070788548E-01 6.78910825054958918E-03 1.09213978888045210E-01 1.47943174858482135E-05 4.37680740777463266E-04
6.99138031E+00 1.06489764267005682E-01 6.79582852851456573E-03 1.09450445317702219E-01 1.48034508215121983E-05 4.37743583606870878E-04
6.99714235E+00 1.06445866224247551E-01 6.80260338387625972E-03 1.09687798313246557E-01 1.48125748283592775E-05 4.37835811693549097E-04
7.00289329E+00 1.06402008829354980E-01 6.80943434724719330E-03 1.09925886836325634E-01 1.48216898315926113E-05 4.37958591255555485E-04
7.00863433E+00 1.06358182485732020E-01 6.81632790599878084E-03 1.10164774660029233E-01 1.48308031609703872E-05 4.38112903327987603E-04
7.01436669E+00 1.06314377248155151E-01 6.82329050287604644E-03 1.10404549084648432E-01 1.48399204250323743E-05 4.38299541020233617E-04
7.02009165E+00 1.06270582876262468E-01 6.83032855508986219E-03 1.10645284466927285E-01 1.48490447960057411E-05 4.38519144380139687E-04
7.02581047E+00 1.06226788863886062E-01 6.83744846502014249E-03 1.10887061098588105E-01 1.48581770280467939E-05 4.38772247191906192E-04
7.03152448E+00 1.06182984460374719E-01 6.84465662621680515E-03 1.11129960834579933E-01 1.48673154463922672E-05 4.39059328408954164E-04
7.03723500E+00 1.06139158689232224E-01 6.85195942645422471E-03 1.11374068259690998E-01 1.48764577296918515E-05 4.39380844318033956E-04
7.04294336E+00 1.06095300365593587E-01 6.85936324860836853E-03 1.11619470054349690E-01 1.48856041258746317E-05 4.39737224236187989E-04
7.04865092E+00 1.06051398112947268E-01 6.86687447014018224E-03 1.11866255025513048E-01 1.48947592225669443E-05 4.40128839298512876E-04
7.05435906E+00 1.06007440379439738E-01 6.87449946214357260E-03 1.12114513946273670E-01 1.49039316794366175E-05 4.40555974602638582E-04
7.06006915E+00 1.05963415454077239E-01 6.88224458838895044E-03 1.12364339482028647E-01 1.49131322025627934E-05 4.41018830720477973E-04
7.06578259E+00 1.05919311483016865E-01 6.89011620397376665E-03 1.12615826108877215E-01 1.49223705795211766E-05 4.41517560289531237E-04
7.07149369E+00 1.05875171165656159E-01 6.89811071976092170E-03 1.12868785566461946E-01 1.49316419311874442E-05 4.42051650835437789E-04
7.07720368E+00 1.05830984192426897E-01 6.90623371765788398E-03 1.13123247897363874E-01 1.49409490570599326E-05 4.42621200281767871E-04
7.08291391E+00 1.05786738814642747E-01 6.91449095072707229E-03 1.13379335512747204E-01 1.49502933375629640E-05 4.43226447183048473E-04
7.08862578E+00 1.05742423135955776E-01 6.92288812046733260E-03 1.13637134545864021E-01 1.49596763518279971E-05 4.43867758519394075E-04
7.09434065E+00 1.05698025136063842E-01 6.93143087873193241E-03 1.13896741942454804E-01 1.49691009850290346E-05 4.44545576081884148E-04
7.10005993E+00 1.05653532689076804E-01 6.94012483168352824E-03 1.14158253433216658E-01 1.49785721377997271E-05 4.45260331100294645E-04
7.10578500E+00 1.05608933579220687E-01 6.94897554667375014E-03 1.14421767139044006E-01 1.49880978092019586E-05 4.46012374802460415E-04
7.11151726E+00 1.05564215514794335E-01 6.95798856163253997E-03 1.14687382076896396E-01 1.49976894046326842E-05 4.46801969592429816E-04
7.11725282E+00 1.05519407393598205E-01 6.96716092320594574E-03 1.14954974901071219E-01 1.50073503309822471E-05 4.47628574695267982E-04
7.12298969E+00 1.05474523458572597E-01 6.97649221514436146E-03 1.15224454989447056E-01 1.50170839262970004E-05 4.48491854788283368E-04
7.12872581E+00 1.05429578672189814E-01 6.98598151255568327E-03 1.15495765275951442E-01 1.50268892185602231E-05 4.49391458608716860E-04
7.13445411E+00 1.05384627387642385E-01 6.99561905543573826E-03 1.15768612246365393E-01 1.50367538605910474E-05 4.50326185835710723E-04
7.14017609E+00 1.05339656858126809E-01 7.00540888824715147E-03 1.16043028838863194E-01 1.50466782653374119E-05 4.51296127052081323E-04
7.14589326E+00 1.05294654150297318E-01 7.01535507739353258E-03 1.16319142530785694E-01 1.50566616078303764E-05 4.52301379738081263E-04
7.15160714E+00 1.05249606190195341E-01 7.02546173760516118E-03 1.16597034306835989E-01 1.50667025732914141E-05 4.53342065531968602E-04
7.15731924E+00 1.05204499789906175E-01 7.03573305274809557E-03 1.16876797990304940E-01 1.50768003415862591E-05 4.54418389423691155E-04
7.16303108E+00 1.05159321666071795E-01 7.04617328827961478E-03 1.17158524767543321E-01 1.50869554743733668E-05 4.55530714853220019E-04
7.16873980E+00 1.05114093380726942E-01 7.05677858300163101E-03 1.17442108389341160E-01 1.50971620002753868E-05 4.56678713913033962E-04
7.17444194E+00 1.05068841150025696E-01 7.06754358620525613E-03 1.17727373896324580E-01 1.51074126751661928E-05 4.57862007016187071E-04
7.18013872E+00 1.05023554380094253E-01 7.07847139624029602E-03 1.18014370092085444E-01 1.51177068446603951E-05 4.59081158562389636E-04
7.18583011E+00 1.04978232135402166E-01 7.08956274390543355E-03 1.18303125458047914E-01 1.51280401874974354E-05 4.60336375048029571E-04
7.19151773E+00 1.04932860522470459E-01 7.10082146739210180E-03 1.18593709457890717E-01 1.51384111782805088E-05 4.61628046279186869E-04
7.19720317E+00 1.04887425598442802E-01 7.11225146254608649E-03 1.18886216794409943E-01 1.51488184654097175E-05 4.62956453731996193E-04
7.20288803E+00 1.04841913389988065E-01 7.12385667498118165E-03 1.19180731131389384E-01 1.51592609504656410E-05 4.64321874579289864E-04
7.20857388E+00 1.04796309906025786E-01 7.13564108788243816E-03 1.19477338827413904E-01 1.51697399451582225E-05 4.65724666944600772E-04
7.21426231E+00 1.04750601146674852E-01 7.14760870767883975E-03 1.19776125022487467E-01 1.51802600172104829E-05 4.67165290874597321E-04
7.21995486E+00 1.04704773109269858E-01 7.15976355131689446E-03 1.20077174559612102E-01 1.51908274075689091E-05 4.68644267148704194E-04
7.22565311E+00 1.04658811792092257E-01 7.17210963801967818E-03 1.20380571431623937E-01 1.52014486175385803E-05 4.70162114620703217E-04
7.23135139E+00 1.04612761312870020E-01 7.18463514624788531E-03 1.20686047837591667E-01 1.52121164452585744E-05 4.71717346399833321E-04
7.23705055E+00 1.04566613750182197E-01 7.19734188439999541E-03 1.20993579728749120E-01 1.52228350255754383E-05 4.73310128554522177E-04
7.24275225E+00 1.04520354250068698E-01 7.21023350568731486E-03 1.21303278066478865E-01 1.52336085395188533E-05 4.74940961292936992E-04
7.24845813E+00 1.04473967935569081E-01 7.22331367819555471E-03 1.21615217458512032E-01 1.52444385234954670E-05 4.76610533015518691E-04
7.25416985E+00 1.04427439917727155E-01 7.23658609382376358E-03 1.21929477682095153E-01 1.52553252731608693E-05 4.78319698461811011E-04
7.25988903E+00 1.04380755299214187E-01 7.25005447445849650E-03 1.22246135445009688E-01 1.52662693637664968E-05 4.80069371590437796E-04
7.26561729E+00 1.04333899173872424E-01 7.26372257640048834E-03 1.22565266924726538E-01 1.52772734194976510E-05 4.81860425909681680E-04
7.27135621E+00 1.04286856623730606E-01 7.27759419347284373E-03 1.22886946550081838E-01 1.52883455256744954E-05 4.83693668221069236E-04
7.27710481E+00 1.04239634066730827E-01 7.29166678571128470E-03 1.23211113851224782E-01 1.52994861012611285E-05 4.85569042341344012E-04
7.28285965E+00 1.04192257896399715E-01 7.30593157853080995E-03 1.23537554504851585E-01 1.53106857221443237E-05 4.87485693201590380E-04
7.28862249E+00 1.04144711892988490E-01 7.32039233229026583E-03 1.23866307843515377E-01 1.53219440847492007E-05 4.89444522914179309E-04
7.29439510E+00 1.04096979745498114E-01 7.33505286441288405E-03 1.24197471007219160E-01 1.53332571622673317E-05 4.91446493386560974E-04
7.30017921E+00 1.04049045067526116E-01 7.34991705544868305E-03 1.24531108546527866E-01 1.53446224638445175E-05 4.93492504541466980E-04
7.30597655E+00 1.04000891402337703E-01 7.36498885493362156E-03 1.24867291351102430E-01 1.53560435122325439E-05 4.95583314218347483E-04
7.31178885E+00 1.03952502223601820E-01 7.38027228559074312E-03 1.25206087077770895E-01 1.53675274031970667E-05 4.97719575682829731E-04
7.31761780E+00 1.03903860935905090E-01 7.39577144593782550E-03 1.25547562818765696E-01 1.53790798182990239E-05 4.99901943656344983E-04
7.32346304E+00 1.03854968155919200E-01 7.41148495362788096E-03 1.25891672957413547E-01 1.53907006647291681E-05 5.02130355804311299E-04
7.32932094E+00 1.03805851960926482E-01 7.42740240420238299E-03 1.26238172975207202E-01 1.54023820132023375E-05 5.04403493346365877E-04
7.33519350E+00 1.03756493225185445E-01 7.44352843299023095E-03 1.26587100908607947E-01 1.54141240607419161E-05 5.06722121730097497E-04
7.34108271E+00 1.03706872656980198E-01 7.45986777511918608E-03 1.26938560923838567E-01 1.54259277103795206E-05 5.09086865204323399E-04
7.34699057E+00 1.03656970819359914E-01 7.47642525873192399E-03 1.27292624054611225E-01 1.54378014900552883E-05 5.11498139559137671E-04
7.35291904E+00 1.03606768140430044E-01 7.49320579154371964E-03 1.27649368924090512E-01 1.54497540740716894E-05 5.13956223080504464E-04
7.35887011E+00 1.03556244926098995E-01 7.51021434157282501E-03 1.28008871859523116E-01 1.54617904591155109E-05 5.16461419246286736E-04
7.36484571E+00 1.03505381378387676E-01 7.52745591147688502E-03 1.28371209010963799E-01 1.54739138632331502E-05 5.19014198012342459E-04
7.37084779E+00 1.03454157613642461E-01 7.54493549941276896E-03 1.28736455072728018E-01 1.54861208412672062E-05 5.21615205771949297E-04
7.37687826E+00 1.03402553686608695E-01 7.56265804996924390E-03 1.29104683283410432E-01 1.54984106675807618E-05 5.24265122974157437E-04
7.38293814E+00 1.03350557384751282E-01 7.58062571118216059E-03 1.29475914534842251E-01 1.55107860497980146E-05 5.26964088791224364E-04
7.38902569E+00 1.03298179790296013E-01 7.59883229528014997E-03 1.29850007599105255E-01 1.55232470860342335E-05 5.29710780554444724E-04
7.39514338E+00 1.03245395991629615E-01 7.61728371911065284E-03 1.30227031683741973E-01 1.55358045699251823E-05 5.32505542663616149E-04
7.40129366E+00 1.03192180894420449E-01 7.63598564697657699E-03 1.30607111092759409E-01 1.55484692835999737E-05 5.35348659770463358E-04
7.40747897E+00 1.03138509284885826E-01 7.65494337664785959E-03 1.30990342775965413E-01 1.55612477846663904E-05 5.38240413942776374E-04
7.41370173E+00 1.03084355897760785E-01 7.67416171603650839E-03 1.31376829624440722E-01 1.55741458086618468E-05 5.41181025709364712E-04
7.41996432E+00 1.03029695494588930E-01 7.69364485559874932E-03 1.31766671717348599E-01 1.55871718150032022E-05 5.44170511464977537E-04
7.42626908E+00 1.02974502954278624E-01 7.71339624073873447E-03 1.32159968265408490E-01 1.56003344880653343E-05 5.47208538111846297E-04
7.43261832E+00 1.02918753377553324E-01 7.73341844494086165E-03 1.32556816215627038E-01 1.56136410536429332E-05 5.50294343759787454E-04
7.43901428E+00 1.02862422206271314E-01 7.75371303991397465E-03 1.32957309966084986E-01 1.56270961144450717E-05 5.53426767066607915E-04
7.44545911E+00 1.02805485358308149E-01 7.77428045821249546E-03 1.33361540772438059E-01 1.56407020104879514E-05 5.56604365192083428E-04
7.45195491E+00 1.02747919377239733E-01 7.79511984360460597E-03 1.33769596276525154E-01 1.56544591224405320E-05 5.59825524389127296E-04
7.45850363E+00 1.02689701596653651E-01 7.81622888967034059E-03 1.34181559936330463E-01 1.56683655522563996E-05 5.63088445125023537E-04
7.46508989E+00 1.02630964730241275E-01 7.83754778057661403E-03 1.34596524003604390E-01 1.56823800954108003E-05 5.66382327990587204E-04
7.47171060E+00 1.02571732823699732E-01 7.85905483548439247E-03 1.35014099393594045E-01 1.56964868101413484E-05 5.69701953287552344E-04
7.47835838E+00 1.02512069272269191E-01 7.88071295279068815E-03 1.35433890152809877E-01 1.57106632568162500E-05 5.73039235643467968E-04
7.48502278E+00 1.02452066256270111E-01 7.90247366064143926E-03 1.35855176840063152E-01 1.57248844357566642E-05 5.76383842489234708E-04
7.49171069E+00 1.02391660306163215E-01 7.92434399283557453E-03 1.36278248508985039E-01 1.57391613218907718E-05 5.79733606413370176E-04
7.49842933E+00 1.02330784390442714E-01 7.94633118120599731E-03 1.36703611682960136E-01 1.57535042354964183E-05 5.83086125039836904E-04
7.50517251E+00 1.02269492912171203E-01 7.96839785594861093E-03 1.37130905093289263E-01 1.57678997562666610E-05 5.86432050311327274E-04
7.51190383E+00 1.02208117638189835E-01 7.99040747643101242E-03 1.37557919701942616E-01 1.57822666722043915E-05 5.89747146352095106E-04
7.51862526E+00 1.02146642914857366E-01 8.01234922185905737E-03 1.37984350989806409E-01 1.57965944009903345E-05 5.93026528874477168E-04
7.52533452E+00 1.02085092124589785E-01 8.03419848036926454E-03 1.38410294366002301E-01 1.58108631988237118E-05 5.96263459537933836E-04
7.53203380E+00 1.02023447878837326E-01 8.05594550333031505E-03 1.38835733845972059E-01 1.58250685170139637E-05 5.99453572135043669E-04
7.53872556E+00 1.01961690176985753E-01 8.07758180469082994E-03 1.39260839858276225E-01 1.58392114169553014E-05 6.02592797991788852E-04
7.54541235E+00 1.01899797892182037E-01 8.09909975439000208E-03 1.39685729256625840E-01 1.58532934960841583E-05 6.05677391603270422E-04
7.55209686E+00 1.01837748745668560E-01 8.12049269999013008E-03 1.40110546908065431E-01 1.58673082149179559E-05 6.08703982704399018E-04
7.55878187E+00 1.01775519266177311E-01 8.14175508545212680E-03 1.40535439863763684E-01 1.58812478535668729E-05 6.11669445070634659E-04
7.56547031E+00 1.01713084736414341E-01 8.16288255852597872E-03 1.40960565825843237E-01 1.58951154453623688E-05 6.14570756938574150E-04
7.57216140E+00 1.01650454626747933E-01 8.18386026005144679E-03 1.41385877506465946E-01 1.59089161047999644E-05 6.17403383349514659E-04
7.57885354E+00 1.01587646744057500E-01 8.20467206037707973E-03 1.41811228370707892E-01 1.59226633483345861E-05 6.20162570754487132E-04
7.58554927E+00 1.01524639754688020E-01 8.22531624856950340E-03 1.42236724384097096E-01 1.59363706984484131E-05 6.22845472184622257E-04
7.59225126E+00 1.01461411225199569E-01 8.24579259932723546E-03 1.42662534347129250E-01 1.59500382235045428E-05 6.25449619059414660E-04
7.59896224E+00 1.01397937628546389E-01 8.26610238855380632E-03 1.43088797255408434E-01 1.59636722454169047E-05 6.27973321546716106E-04
7.60568503E+00 1.01334194344677941E-01 8.28624840993353630E-03 1.43515666449156892E-01 1.59772653905772575E-05 6.30416012504014713E-04
7.61241758E+00 1.01270202976936383E-01 8.30622036021929494E-03 1.43943020640852570E-01 1.59907941832390810E-05 6.32776632924932992E-04
7.61914273E+00 1.01206129552892932E-01 8.32596580091660848E-03 1.44369827985501104E-01 1.60042064482770066E-05 6.35050525180954999E-04
7.62586445E+00 1.01141939118093882E-01 8.34549727383905940E-03 1.44796042934858454E-01 1.60175062424907098E-05 6.37241777423768569E-04
7.63258654E+00 1.01077598242431718E-01 8.36482777541750107E-03 1.45222061438377764E-01 1.60307158487490799E-05 6.39355148704905574E-04
7.63930195E+00 1.01013176841814475E-01 8.38394077875995701E-03 1.45647438189567463E-01 1.60438315720009989E-05 6.41392941320000965E-04
7.64599099E+00 1.00948867249237961E-01 8.40278661002097881E-03 1.46070935709977118E-01 1.60568230998575524E-05 6.43354942890560721E-04
7.65264799E+00 1.00884727860512974E-01 8.42135811306593714E-03 1.46491967705568160E-01 1.60696910123373619E-05 6.45246130218870553E-04
7.65927824E+00 1.00820711314427922E-01 8.43967991263227385E-03 1.46910879997022931E-01 1.60824375259354505E-05 6.47074798169694596E-04
7.66588683E+00 1.00756771447034668E-01 8.45777644368215197E-03 1.47328007684727008E-01 1.60950677670112519E-05 6.48848956579698745E-04
7.67247865E+00 1.00692863426706192E-01 8.47567190737289443E-03 1.47743607547189681E-01 1.61075946452867229E-05 6.50576466602186074E-04
7.67905835E+00 1.00628943841376856E-01 8.49339021456258295E-03 1.48157936010948454E-01 1.61200262065418955E-05 6.52265262831944431E-04
7.68563041E+00 1.00564970744015700E-01 8.51095492656250667E-03 1.48571228680125483E-01 1.61323589557883490E-05 6.53923373912519267E-04
7.69219908E+00 1.00500903659793445E-01 8.52838920675278757E-03 1.48983707808379523E-01 1.61445897650861530E-05 6.55558696133331197E-04
7.69876840E+00 1.00436703555893944E-01 8.54571577399837121E-03 1.49395582473758948E-01 1.61567318118290201E-05 6.57178811434629031E-04
7.70534223E+00 1.00372332773881329E-01 8.56295683070828692E-03 1.49807053606046098E-01 1.61688004202154305E-05 6.58791148290301088E-04
7.71192425E+00 1.00307754935951482E-01 8.58013397539444771E-03 1.50218316857863132E-01 1.61808065664894339E-05 6.60403271980467606E-04
7.71851796E+00 1.00242934838650863E-01 8.59726812128107885E-03 1.50629562722806060E-01 1.61927637226824092E-05 6.62022958229628415E-04
7.72512673E+00 1.00177838342070169E-01 8.61437942506086164E-03 1.51040972247799055E-01 1.62046795195130148E-05 6.63657915144032174E-04
7.73175377E+00 1.00112432259474790E-01 8.63148721663290104E-03 1.51452710901211068E-01 1.62165559597673033E-05 6.65315244368505990E-04
7.73839202E+00 1.00046784798646926E-01 8.64858383160049815E-03 1.51864382961552663E-01 1.62283739594370703E-05 6.66998380294919497E-04
7.74501725E+00 9.99811351542529425E-02 8.66561703476121520E-03 1.52274508131997222E-01 1.62400842533933249E-05 6.68704978252922461E-04
7.75163623E+00 9.99154159679742498E-02 8.68261360613436887E-03 1.52683066316900318E-01 1.62516984995073875E-05 6.70439544706914010E-04
7.75825575E+00 9.98495590778627623E-02 8.69959907107749342E-03 1.53090716689543327E-01 1.62632306936921867E-05 6.72206389800201727E-04
7.76488260E+00 9.97834956666143191E-02 8.71659775053552043E-03 1.53497724580550943E-01 1.62746931787551966E-05 6.74010045697711734E-04
7.77152355E+00 9.97171563558391788E-02 8.73363284714005761E-03 1.53904480341936517E-01 1.62860994126070861E-05 6.75855138039465546E-04
7.77814884E+00 9.96508376766479381E-02 8.75063286228535547E-03 1.54309439462523845E-01 1.62974056326308000E-05 6.77735491210234870E-04
7.78475616E+00 9.95845625646239879E-02 8.76759577203277581E-03 1.54711827959493342E-01 1.63086190328281378E-05 6.79651381977332226E-04
7.79134136E+00 9.95183729746979689E-02 8.78451353432614136E-03 1.55111743316098477E-01 1.63197351710778241E-05 6.81601540647534224E-04
7.79792209E+00 9.94520911665068286E-02 8.80143289711802362E-03 1.55509863708336971E-01 1.63307752472647512E-05 6.83590550140901997E-04
7.80451719E+00 9.93855257510132262E-02 8.81840257858737715E-03 1.55907534953824561E-01 1.63417649006942343E-05 6.85623421864534630E-04
7.81114354E+00 9.93185036985420461E-02 8.83546529073711562E-03 1.56305648987176055E-01 1.63527292054574902E-05 6.87704960377271660E-04
7.81774757E+00 9.92515654726122409E-02 8.85248185243272916E-03 1.56701651514652457E-01 1.63635791024612248E-05 6.89817938012349122E-04
7.82433341E+00 9.91846696830730318E-02 8.86946107565299638E-03 1.57094459896129024E-01 1.63743361950821048E-05 6.91963183140580909E-04
7.83090554E+00 9.91177710569831477E-02 8.88641214617070727E-03 1.57485144370816399E-01 1.63850257384932898E-05 6.94141906008452405E-04
7.83746874E+00 9.90508204575129975E-02 8.90334473698665106E-03 1.57873663029590272E-01 1.63956579047927358E-05 6.96355428565425725E-04
7.84402817E+00 9.89837649193885949E-02 8.92026913730838318E-03 1.58260398136909813E-01 1.64062396011600237E-05 6.98604869675765561E-04
7.85058929E+00 9.89165477150924094E-02 8.93719635837071300E-03 1.58645575285418783E-01 1.64167750796773130E-05 7.00890963094440047E-04
7.85715787E+00 9.88491084617437732E-02 8.95413822644540447E-03 1.59029510168500893E-01 1.64272732360142218E-05 7.03214179426756621E-04
7.86370703E+00 9.87817229730392904E-02 8.97102274024390994E-03 1.59410939165929633E-01 1.64376846443941413E-05 7.05563385710744140E-04
7.87023467E+00 9.87144134536375312E-02 8.98784238080869297E-03 1.59789080640709902E-01 1.64479850137590657E-05 7.07936801637205665E-04
7.87674658E+00 9.86471211060608033E-02 9.00461017310798077E-03 1.60164569405279927E-01 1.64581685832895678E-05 7.10336834371456905E-04
7.88324892E+00 9.85797824206278289E-02 9.02134046920679590E-03 1.60537665836352261E-01 1.64682588440545741E-05 7.12767473948446896E-04
7.88974822E+00 9.85123297327159114E-02 9.03804879293925410E-03 1.60908739343886192E-01 1.64782848285498759E-05 7.15233777652367537E-04
7.89625129E+00 9.84446918134655180E-02 9.05475163168509289E-03 1.61278115117040849E-01 1.64882578556909742E-05 7.17741083537524484E-04
7.90276517E+00 9.83767944923135407E-02 9.07146619175742096E-03 1.61646149076642098E-01 1.64981751006335135E-05 7.20294236012946395E-04
7.90927377E+00 9.83088051231922611E-02 9.08815065123868768E-03 1.62012146690027614E-01 1.65079967720163730E-05 7.22887695925263887E-04
7.91576545E+00 9.82408462394644411E-02 9.10477495131637934E-03 1.62375090956488416E-01 1.65177083023511732E-05 7.25515862697960630E-04
7.92224684E+00 9.81728490878358284E-02 9.12135592756834618E-03 1.62735279387576592E-01 1.65273281184292228E-05 7.28179240328228261E-04
7.92872493E+00 9.81047410729004032E-02 9.13791098805412719E-03 1.63093242539675443E-01 1.65368553484047981E-05 7.30878142971698517E-04
7.93520689E+00 9.80364466557110126E-02 9.15445796130480785E-03 1.63449298591772485E-01 1.65462972355251779E-05 7.33613531475971127E-04
7.94170005E+00 9.79678882508646237E-02 9.17101498092544321E-03 1.63803837511932393E-01 1.65556918179463171E-05 7.36387624972527528E-04
7.94820599E+00 9.78990484696730945E-02 9.18758572192531625E-03 1.64156967337564297E-01 1.65650807902058188E-05 7.39201455414573768E-04
7.95469794E+00 9.78302110510121947E-02 9.20410239871022676E-03 1.64507494786043124E-01 1.65744193722272467E-05 7.42044322524619071E-04
7.96118281E+00 9.77613040755962587E-02 9.22058345346276308E-03 1.64854966075195980E-01 1.65836854575570277E-05 7.44919804070456079E-04
7.96766738E+00 9.76922559507992228E-02 9.23704730792060044E-03 1.65200337603156611E-01 1.65928683461720563E-05 7.47830780667240163E-04
7.97415834E+00 9.76229958929702435E-02 9.25351228733013731E-03 1.65543676214137875E-01 1.66019965774234244E-05 7.50779215965937004E-04
7.98066218E+00 9.75534542616605799E-02 9.26999646842910016E-03 1.65885399530550787E-01 1.66110997107595032E-05 7.53766332697711292E-04
7.98718526E+00 9.74835627735617799E-02 9.28651741653629265E-03 1.66225725239133787E-01 1.66201633737059720E-05 7.56793013063016017E-04
7.99369797E+00 9.74136389311950762E-02 9.30300174951883933E-03 1.66563621386708660E-01 1.66291149343946122E-05 7.59843484403578619E-04
8.00020720E+00 9.73436103748603065E-02 9.31946765575242600E-03 1.66898263596176238E-01 1.66379724313280714E-05 7.62919168755296770E-04
8.00672029E+00 9.72733986332992157E-02 9.33593312535821798E-03 1.67230858899805768E-01 1.66468003226143459E-05 7.66022287789690074E-04
8.01324440E+00 9.72029271766630537E-02 9.35241371539870074E-03 1.67561365147233243E-01 1.66556286061087947E-05 7.69155335674798386E-04
8.01978639E+00 9.71321216072754262E-02 9.36892223560720737E-03 1.67890265977488656E-01 1.66644375438591578E-05 7.72320646339126810E-04
8.02635290E+00 9.70609097770507162E-02 9.38546851214590652E-03 1.68217732879306386E-01 1.66732110533837517E-05 7.75519874178576978E-04
8.03295030E+00 9.69892218602863010E-02 9.40205922315501437E-03 1.68544069764730242E-01 1.66819659741338644E-05 7.78753455957828327E-04
8.03956125E+00 9.69172459553520188E-02 9.41863931427345917E-03 1.68868707753565050E-01 1.66907139892521388E-05 7.82008644760872782E-04
8.04618014E+00 9.68450437127517522E-02 9.43518138376981015E-03 1.69190698194833317E-01 1.66994119997718373E-05 7.85276671149258247E-04
8.05281505E+00 9.67725273801561675E-02 9.45169013567032437E-03 1.69510575429355631E-01 1.67080360313014064E-05 7.88554056224289885E-04
8.05946130E+00 9.66997485973253995E-02 9.46813647850549243E-03 1.69828367322793078E-01 1.67165847177394849E-05 7.91830602538963805E-04
8.06608698E+00 9.66270582395247213E-02 9.48442370547511113E-03 1.70142728326207804E-01 1.67250676174156407E-05 7.95084117445741655E-04
8.07269835E+00 9.65543899321267690E-02 9.50054923070565646E-03 1.70452858867186641E-01 1.67335039980443797E-05 7.98313520592359516E-04
8.07930181E+00 9.64816750157891367E-02 9.51650977469944981E-03 1.70760041543607910E-01 1.67418521773915302E-05 8.01518683568975382E-04
8.08590391E+00 9.64088426222638045E-02 9.53230177352372941E-03 1.71064145509211674E-01 1.67500781573779497E-05 8.04697300649131293E-04
8.09247938E+00 9.63361738407448182E-02 9.54784687567213075E-03 1.71364842925823102E-01 1.67581632420881763E-05 8.07826857715408342E-04
8.09901905E+00 9.62637730672034758E-02 9.56310864697866754E-03 1.71660600708318178E-01 1.67661719979015425E-05 8.10888061624266188E-04
8.10552934E+00 9.61915725286480311E-02 9.57808927506276740E-03 1.71952199964290869E-01 1.67741103402416355E-05 8.13867755451959580E-04
8.11201674E+00 9.61195033910920982E-02 9.59279230920220480E-03 1.72239950627241262E-01 1.67819559479119961E-05 8.16756236223497223E-04
8.11848777E+00 9.60474958295888387E-02 9.60722278740725258E-03 1.72524208405552493E-01 1.67897133567008733E-05 8.19551131352500560E-04
8.12494900E+00 9.59754790673460617E-02 9.62138725135827308E-03 1.72805240038051061E-01 1.67974082462932826E-05 8.22257897067146218E-04
8.13140705E+00 9.59033814279519198E-02 9.63529371010030111E-03 1.73083350533575570E-01 1.68050864460052910E-05 8.24886076819822032E-04
8.13786859E+00 9.58311303907106588E-02 9.64895157052614479E-03 1.73358810622994991E-01 1.68127405544124105E-05 8.27443312854450326E-04
8.14434034E+00 9.57586526190781773E-02 9.66237149998684132E-03 1.73631894735773895E-01 1.68203314454129973E-05 8.29930677999173938E-04
8.15082906E+00 9.56858739430092309E-02 9.67556515295548390E-03 1.73902858712604219E-01 1.68278447603914569E-05 8.32342120854358334E-04
8.15729673E+00 9.56132234559818328E-02 9.68845640657225657E-03 1.74171078554795550E-01 1.68352677286477712E-05 8.34653115267986433E-04
8.16373091E+00 9.55408450382569246E-02 9.70102579393726863E-03 1.74434274293471608E-01 1.68426489748772850E-05 8.36854268882680709E-04
8.17013318E+00 9.54687251580974006E-02 9.71328235151869453E-03 1.74693492521111132E-01 1.68499660629448783E-05 8.38949326236576565E-04
8.17651074E+00 9.53967869282324743E-02 9.72524451328699024E-03 1.74948733292083186E-01 1.68571952753237174E-05 8.40949730802556072E-04
8.18287099E+00 9.53249504140536025E-02 9.73692906741108199E-03 1.75200652314834726E-01 1.68643154636799315E-05 8.42867836361179713E-04
8.18922161E+00 9.52531323801178165E-02 9.74835123699280270E-03 1.75449419338191831E-01 1.68713396184860725E-05 8.44712368951734465E-04
8.19557054E+00 9.51812460939628485E-02 9.75952479878432200E-03 1.75695465618818825E-01 1.68783249565075846E-05 8.46487194397763120E-04
8.20192600E+00 9.51092012082221799E-02 9.77046213005512004E-03 1.75939082409414999E-01 1.68853168782973801E-05 8.48193961722360835E-04
8.20827200E+00 9.50371816367016758E-02 9.78113359334149488E-03 1.76180284650513386E-01 1.68922830363448262E-05 8.49829553176603561E-04
8.21456410E+00 9.49656962346866057E-02 9.79146561089873010E-03 1.76417397583319230E-01 1.68991393587521368E-05 8.51386963328459412E-04
8.22081018E+00 9.48946601558436770E-02 9.80147424677643708E-03 1.76648975954270232E-01 1.69058703376144695E-05 8.52872490633457868E-04
8.22701821E+00 9.48239871946119778E-02 9.81117368036726195E-03 1.76877180537910433E-01 1.69124985650988801E-05 8.54288069014211369E-04
8.23319624E+00 9.47535896105676095E-02 9.82057639014802253E-03 1.77101578852279090E-01 1.69190368842405265E-05 8.55630812747328225E-04
8.23935241E+00 9.46833780541279646E-02 9.82969338555791591E-03 1.77322909569524484E-01 1.69255073340176290E-05 8.56895960912935472E-04
8.24549497E+00 9.46132616163960077E-02 9.83853436295858974E-03 1.77541279961705045E-01 1.69319463852476899E-05 8.58081470631253383E-04
8.25163224E+00 9.45431479948382614E-02 9.84710781315647869E-03 1.77757126351248407E-01 1.69383491617040284E-05 8.59190650632305213E-04
8.25777260E+00 9.44729437419397772E-02 9.85542118598858527E-03 1.77970705378947824E-01 1.69447150833727092E-05 8.60230075697598928E-04
8.26392451E+00 9.44025545141588679E-02 9.86348117394887994E-03 1.78182350890280450E-01 1.69510416645767476E-05 8.61204804303734471E-04
8.27009643E+00 9.43318852325475826E-02 9.87129407376801347E-03 1.78392341783227215E-01 1.69573297624918123E-05 8.62115163963205638E-04
8.27629291E+00 9.42608855813441698E-02 9.87886138174916793E-03 1.78600939839647449E-01 1.69635732261145754E-05 8.62956546905641335E-04
8.28243120E+00 9.41905063939443149E-02 9.88608532230732945E-03 1.78807576248128680E-01 1.69697125792393312E-05 8.63713174451621120E-04
8.28852060E+00 9.41206450213009221E-02 9.89298683466357728E-03 1.79007281490622505E-01 1.69757888595111739E-05 8.64386407108768003E-04
8.29457043E+00 9.40511976380382642E-02 9.89958555462532377E-03 1.79204619503364304E-01 1.69818253301063737E-05 8.64981928169387937E-04
8.30059015E+00 9.39820583923513531E-02 9.90589954648741014E-03 1.79398350609622864E-01 1.69878098266841376E-05 8.65507752081641924E-04
8.30658938E+00 9.39131188801715228E-02 9.91194522517182229E-03 1.79589554821732750E-01 1.69937444380182706E-05 8.65970658698428245E-04
8.31257801E+00 9.38442679009448694E-02 9.91773733128697120E-03 1.79778222362168394E-01 1.69996242459207236E-05 8.66373833035543467E-04
8.31856613E+00 9.37753914175407099E-02 9.92328896256387816E-03 1.79964874114853152E-01 1.70054300757838212E-05 8.66716526117281266E-04
8.32456407E+00 9.37063726251209789E-02 9.92861167737847661E-03 1.80149794783981160E-01 1.70111774365967031E-05 8.66995195457760941E-04
8.33058238E+00 9.36370920135132373E-02 9.93371567061983492E-03 1.80333387179766463E-01 1.70168870745121542E-05 8.67205523206237248E-04
8.33663184E+00 9.35674273113507454E-02 9.93861000912695143E-03 1.80516003183652352E-01 1.70225668869453115E-05 8.67344659847462405E-04
8.34272348E+00 9.34972532034962084E-02 9.94330288493107915E-03 1.80698016699087916E-01 1.70282275120594547E-05 8.67413125071519369E-04
8.34882190E+00 9.34269794403360387E-02 9.94776905408666437E-03 1.80879587715305434E-01 1.70338609533635819E-05 8.67416341451199974E-04
8.35486245E+00 9.33573535765736678E-02 9.95197075882447296E-03 1.81058205668190503E-01 1.70394273140575623E-05 8.67366454810769832E-04
8.36085632E+00 9.32882493704597221E-02 9.95592870884406955E-03 1.81231930583054340E-01 1.70449369003055312E-05 8.67278238254444900E-04
8.36681286E+00 9.32195613266637579E-02 9.95966021885068623E-03 1.81403660230405994E-01 1.70503794164887068E-05 8.67164689622134484E-04
8.37274234E+00 9.31511726568377135E-02 9.96318142232322825E-03 1.81572865249406246E-01 1.70557447537435476E-05 8.67034782017089898E-04
8.37865520E+00 9.30829641660206458E-02 9.96650706597228785E-03 1.81740241386304374E-01 1.70610156470423249E-05 8.66892703491303155E-04
8.38456187E+00 9.30148165673737037E-02 9.96965072367774797E-03 1.81905988219048881E-01 1.70661878713947164E-05 8.66738375698570163E-04
8.39047280E+00 9.29466103356196421E-02 9.97262510959644535E-03 1.82070502590434891E-01 1.70712949074358499E-05 8.66568873099676069E-04
8.39639845E+00 9.28782252834188665E-02 9.97544235388887410E-03 1.82234102014469240E-01 1.70763690220712729E-05 8.66380345551314487E-04
8.40234939E+00 9.28095398348018630E-02 9.97811424452462771E-03 1.82397131178384270E-01 1.70814199556583844E-05 8.66169592790169999E-04
8.40833637E+00 9.27404299694374878E-02 9.98065241098609543E-03 1.82462403364542530E-01 1.70864518740931248E-05 8.65934661848215400E-04
8.41437048E+00 9.26707678013863057E-02 9.98306842986973822E-03 1.82866510211498107E-01 1.70914743382172737E-05 8.65674692661728951E-04
8.42040769E+00 9.26010616661117336E-02 9.98535422463167101E-03 1.82876667137213428E-01 1.70964356926169405E-05 8.65392742570447824E-04
8.42643679E+00 9.25314413425732535E-02 9.98751784199776622E-03 1.82920578330605793E-01 1.71013194414786513E-05 8.65092208220474422E-04
8.43246125E+00 9.24618669761967660E-02 9.98957267892919623E-03 1.83337190599773436E-01 1.71061431493913226E-05 8.64776475475854045E-04
8.43846118E+00 9.23925682404179022E-02 9.99152407348723876E-03 1.83350226938713695E-01 1.71109083808162156E-05 8.64449049765999579E-04
8.44443803E+00 9.23235283957172664E-02 9.99338438040186725E-03 1.83397976562834714E-01 1.71156309865749181E-05 8.64109248915199166E-04
8.45040382E+00 9.22546082183965110E-02 9.99516795634729054E-03 1.83824348003397420E-01 1.71203531469761010E-05 8.63752773105234961E-04
8.45636538E+00 9.21857283069065225E-02 9.99688638516607088E-03 1.83832693487705950E-01 1.71250930488643217E-05 8.63375219147137171E-04
8.46230990E+00 9.21170358695831692E-02 9.99854544630752670E-03 1.83871324015223964E-01 1.71298375367721964E-05 8.62975962177062943E-04
8.46824133E+00 9.20484845523434347E-02 1.00001554519515718E-02 1.84245735412512324E-01 1.71345753812105849E-05 8.62557070493540491E-04
8.47416383E+00 9.19800253999527029E-02 1.00017260348176790E-02 1.84264611333852441E-01 1.71393035078602997E-05 8.62122634138509278E-04
8.48008170E+00 9.19116074788202675E-02 1.00032663847913119E-02 1.84441865282921086E-01 1.71440314114082650E-05 8.61675432379665498E-04
8.48599936E+00 9.18431785270801132E-02 1.00047854681449035E-02 1.84506049383819648E-01 1.71487802884205930E-05 8.61215391766760444E-04
8.49192127E+00 9.17746856197540622E-02 1.00062920862316693E-02 1.84886824207982470E-01 1.71535772091894450E-05 8.60740838909640786E-04
8.49785187E+00 9.17060758557217554E-02 1.00077948134251575E-02 1.84897396993566054E-01 1.71584368391873453E-05 8.60251046075008311E-04
8.50377436E+00 9.16375423506964465E-02 1.00092968743018731E-02 1.84938313111442182E-01 1.71633366420883966E-05 8.59749371755903877E-04
8.50967848E+00 9.15692027265501141E-02 1.00108030704845058E-02 1.85310447388346122E-01 1.71682463280778819E-05 8.59239445859386985E-04
8.51556898E+00 9.15010011707504956E-02 1.00123214510813505E-02 1.85329442710342268E-01 1.71731482670102040E-05 8.58722525737576976E-04
8.52145068E+00 9.14328807487031492E-02 1.00138594859141075E-02 1.85396437780551704E-01 1.71780389431315332E-05 8.58198805979523151E-04
8.52732845E+00 9.13647841315448905E-02 1.00154242086563840E-02 1.85799888982098427E-01 1.71829380482904919E-05 8.57668791354714521E-04
8.53320712E+00 9.12966543342289272E-02 1.00170222652641618E-02 1.85809374318388260E-01 1.71878816922950574E-05 8.57134071764863322E-04
8.53909145E+00 9.12284354751603938E-02 1.00186599108039280E-02 1.85846819504659921E-01 1.71929151863790938E-05 8.56596390095139292E-04
8.54498603E+00 9.11600735519998567E-02 1.00203430098813936E-02 1.86189579268371042E-01 1.71980662328467967E-05 8.56056886231872072E-04
8.55089525E+00 9.10915172178056037E-02 1.00220770158838818E-02 1.86219398743687620E-01 1.72033294973424637E-05 8.55516576914966821E-04
8.55682323E+00 9.10227185270985617E-02 1.00238668472382650E-02 1.86432310594940531E-01 1.72086718042974355E-05 8.54976314796685377E-04
8.56273976E+00 9.09540283057354015E-02 1.00257063671396127E-02 1.86480565707884793E-01 1.72140416507091046E-05 8.54439518152308843E-04
8.56864776E+00 9.08854135098220439E-02 1.00275983362077305E-02 1.86833172716436569E-01 1.72194555961298962E-05 8.53906791161793610E-04
8.57455235E+00 9.08168156416414712E-02 1.00295451388685217E-02 1.86851817676527115E-01 1.72248810243064877E-05 8.53381090730171918E-04
8.58045847E+00 9.07481781647915958E-02 1.00315487339274999E-02 1.86905216516178724E-01 1.72303032197401788E-05 8.52867548610882842E-04
8.58637082E+00 9.06794471821363440E-02 1.00336115141074836E-02 1.87330306972229271E-01 1.72357410761461347E-05 8.52369458159683542E-04
8.59229382E+00 9.06105720926735220E-02 1.00357367839905079E-02 1.87340232925857691E-01 1.72412310751266064E-05 8.51885275582302021E-04
8.59823136E+00 9.05415082717192093E-02 1.00379285498610853E-02 1.87379053731648565E-01 1.72467986421069868E-05 8.51410725631676310E-04
8.60418596E+00 9.04722270138592216E-02 1.00401906754107560E-02 1.87734790990228051E-01 1.72524332938517701E-05 8.50946180680018358E-04
8.61016075E+00 9.04026923111955760E-02 1.00425273141637374E-02 1.87765995482442521E-01 1.72580952225567173E-05 8.50499472489912867E-04
8.61615842E+00 9.03328734109888065E-02 1.00449428006713984E-02 1.87991964880177886E-01 1.72637245339022759E-05 8.50078392677132877E-04
8.62215554E+00 9.02630433591967429E-02 1.00474314490305149E-02 1.88041834913626554E-01 1.72692678546985485E-05 8.49682290571442816E-04
8.62815354E+00 9.01931826806272041E-02 1.00499982952589537E-02 1.88411155442485462E-01 1.72747674511704315E-05 8.49301015868719322E-04
8.63415535E+00 9.01232596709285599E-02 1.00526487860768399E-02 1.88431195164418697E-01 1.72802922866683358E-05 8.48932586850196418E-04
8.64016467E+00 9.00532321054146323E-02 1.00553896430131719E-02 1.88489062288747955E-01 1.72858847673241581E-05 8.48589406646478930E-04
8.64618492E+00 8.99830602069106034E-02 1.00582280399047642E-02 1.88952371413675935E-01 1.72915825972347620E-05 8.48287979997926428E-04
8.65221904E+00 8.99127091471341733E-02 1.00611719572647543E-02 1.88960217181287082E-01 1.72973676179409345E-05 8.48037408085018304E-04
8.65826947E+00 8.98421494156979028E-02 1.00642307584654610E-02 1.88997811460117432E-01 1.73031730284828213E-05 8.47835299800403161E-04
8.66433817E+00 8.97713570283891621E-02 1.00674154209731501E-02 1.89366908321065203E-01 1.73089730071385592E-05 8.47671177684055873E-04
8.67042659E+00 8.97003134935208668E-02 1.00707379094981935E-02 1.89402833088599398E-01 1.73147786834211597E-05 8.47539193102686095E-04
8.67653572E+00 8.96290055631028676E-02 1.00742101027133813E-02 1.89676053438119580E-01 1.73205836336891308E-05 8.47446507625785011E-04
8.68266610E+00 8.95574248819393098E-02 1.00778431714332022E-02 1.89722595803327454E-01 1.73263847175262922E-05 8.47402303735966095E-04
8.68881748E+00 8.94855720415040357E-02 1.00816471885075108E-02 1.90080238397810325E-01 1.73322668811836457E-05 8.47407364470293355E-04
8.69497476E+00 8.94136213217623099E-02 1.00856214215258744E-02 1.90108311494922355E-01 1.73382839276775005E-05 8.47461887829692884E-04
8.70114016E+00 8.93415442783669633E-02 1.00897743814463269E-02 1.90361806672740497E-01 1.73443652299343276E-05 8.47570248563038714E-04
8.70731543E+00 8.92693183259807843E-02 1.00941127113052635E-02 1.90415050508461914E-01 1.73504747094262801E-05 8.47730202423380456E-04
8.71350182E+00 8.91969265243899162E-02 1.00986407451748705E-02 1.90834936444202824E-01 1.73566001447184208E-05 8.47936829423666556E-04
8.71970011E+00 8.91243572399887662E-02 1.01033603998494925E-02 1.90853820427076493E-01 1.73627533358468024E-05 8.48191530251212714E-04
8.72591067E+00 8.90516036806112549E-02 1.01082716261943015E-02 1.90929494250570569E-01 1.73689289436201436E-05 8.48494108029606512E-04
8.73213351E+00 8.89786631888323104E-02 1.01133726000330985E-02 1.91422771997465990E-01 1.73751658836809291E-05 8.48837512137265719E-04
8.73836836E+00 8.89055364065151482E-02 1.01186595785455694E-02 1.91433230611578770E-01 1.73815203701920303E-05 8.49218389084460071E-04
8.74461471E+00 8.88322264465900985E-02 1.01241269630207957E-02 1.91481677295770425E-01 1.73879887175502773E-05 8.49643124291529295E-04
8.75087196E+00 8.87587380446122898E-02 1.01297677451066444E-02 1.91956379772620006E-01 1.73944905481743771E-05 8.50114552205345482E-04
8.75713940E+00 8.86850766205985186E-02 1.01355738591205665E-02 1.91976150185942329E-01 1.74009999055319722E-05 8.50619838367970798E-04
8.76341640E+00 8.86112473214099999E-02 1.01415362824341399E-02 1.92187635461179201E-01 1.74076220610826148E-05 8.51140034476636402E-04
8.76970237E+00 8.85372541631699872E-02 1.01476449120468000E-02 1.92403302386482622E-01 1.74144056812176835E-05 8.51673684309392737E-04
8.77599692E+00 8.84630994174424035E-02 1.01538886726982719E-02 1.92479918085572993E-01 1.74212857282294048E-05 8.52235720656447293E-04
8.78229984E+00 8.83887831566629173E-02 1.01602556597610427E-02 1.92960845849753065E-01 1.74281658449839249E-05 8.52837921711276808E-04
8.78861115E+00 8.83143028518836026E-02 1.01667332854318299E-02 1.92973765688699367E-01 1.74350549444287894E-05 8.53475996658484065E-04
8.79493113E+00 8.82396530699551540E-02 1.01733085629496945E-02 1.93030431388240858E-01 1.74419682979730847E-05 8.54139063415102341E-04
8.80126032E+00 8.81648253677963928E-02 1.01799686672232586E-02 1.93576071529326932E-01 1.74488867006161804E-05 8.54819861962248474E-04
8.80759951E+00 8.80898083666876441E-02 1.01867014877543051E-02 1.93586233581059419E-01 1.74557603108132415E-05 8.55512165316169504E-04
8.81394157E+00 8.80146847610264599E-02 1.01934868887805421E-02 1.93639591774058650E-01 1.74626038233676152E-05 8.56205684564043438E-04
8.82025669E+00 8.79398064309617478E-02 1.02002802786407432E-02 1.94179547782237810E-01 1.74695081757601408E-05 8.56892923581099235E-04
8.82655171E+00 8.78650918141360426E-02 1.02070771188024906E-02 1.94192403283559800E-01 1.74765051233025876E-05 8.57586704509311591E-04
8.83283306E+00 8.77904642935639079E-02 1.02138727619505518E-02 1.94251297554928787E-01 1.74834686473266564E-05 8.58305075082270116E-04
8.83910674E+00 8.77158518169899593E-02 1.02206626803625772E-02 1.94825165364722830E-01 1.74902879558558934E-05 8.59050761249334710E-04
8.84537841E+00 8.76411864172310373E-02 1.02274426616230634E-02 1.94830868866630036E-01 1.74970077402650485E-05 8.59809820181042014E-04
8.85165344E+00 8.75664036062903522E-02 1.02342086571957768E-02 1.94878346679510428E-01 1.75037452154033783E-05 8.60567066393411726E-04
8.85793693E+00 8.74914417045384307E-02 1.02409564634097124E-02 1.95405280250043473E-01 1.75105672728343888E-05 8.61320602051230213E-04
8.86423380E+00 8.74162411411153889E-02 1.02476814035764446E-02 1.95423358385925505E-01 1.75173857512844157E-05 8.62079566086149281E-04
8.87054886E+00 8.73407437435384376E-02 1.02543782685109580E-02 1.95665626704468937E-01 1.75240892541064388E-05 8.62849672079101199E-04
8.87688686E+00 8.72648919883706048E-02 1.02610414022604492E-02 1.95894975849996184E-01 1.75306874487365806E-05 8.63627357918801426E-04
8.88325256E+00 8.71886282365798571E-02 1.02676647335270196E-02 1.96107000754896788E-01 1.75372099348479666E-05 8.64406487729902002E-04
8.88963981E+00 8.71120257968178713E-02 1.02742304989171303E-02 1.96326644317029703E-01 1.75436455401780121E-05 8.65181575721348764E-04
8.89603865E+00 8.70352041083582995E-02 1.02807173632502146E-02 1.96545044917624118E-01 1.75500122248485237E-05 8.65945902754093177E-04
8.90245092E+00 8.69581420600395033E-02 1.02871161833192164E-02 1.96765760451136557E-01 1.75563456306520516E-05 8.66695374570721454E-04
8.90886163E+00 8.68810209507592385E-02 1.02934005551008536E-02 1.96987208176123335E-01 1.75626032685482740E-05 8.67429096167910297E-04
8.91526902E+00 8.68038637955257097E-02 1.02995574756245128E-02 1.97209057728419568E-01 1.75687225768058661E-05 8.68149101971927130E-04
8.92167468E+00 8.67266536303494540E-02 1.03055769364419781E-02 1.97431576082250732E-01 1.75746572172825064E-05 8.68852622817076485E-04
8.92808029E+00 8.66493725935610498E-02 1.03114487525555534E-02 1.97654806980378850E-01 1.75804230565327152E-05 8.69529438777577927E-04
8.93448759E+00 8.65720021996606720E-02 1.03171627370462586E-02 1.97878792681158489E-01 1.75860693798486890E-05 8.70165138550483695E-04
8.94089837E+00 8.64945235809278651E-02 1.03227087497391595E-02 1.98103568857691342E-01 1.75916456621996949E-05 8.70745681592957664E-04
8.94731446E+00 8.64169176755623381E-02 1.03280766247917932E-02 1.98329181238342173E-01 1.75971984374288909E-05 8.71260781529540197E-04
8.95373770E+00 8.63391653306188889E-02 1.03332559294047072E-02 1.98555674431859702E-01 1.76027320699153438E-05 8.71707545933935206E-04
8.96015394E+00 8.62614414729827444E-02 1.03382234312335008E-02 1.98782980618667365E-01 1.76082062498130808E-05 8.72089155171655410E-04
8.96655642E+00 8.61838321225987108E-02 1.03429629798452022E-02 1.99010086821908266E-01 1.76135787780279141E-05 8.72411576826977371E-04
8.97296808E+00 8.61060632876933379E-02 1.03474798038181853E-02 1.99237436964110809E-01 1.76188600556642666E-05 8.72677547595009247E-04
8.97940874E+00 8.60278981381985691E-02 1.03517733855636278E-02 1.99466643432322094E-01 1.76240862888154443E-05 8.72882010858366353E-04
8.98581342E+00 8.59501295102102908E-02 1.03557884733373115E-02 1.99697354537048594E-01 1.76292108299412534E-05 8.73015181784819174E-04
8.99220325E+00 8.58725061199746842E-02 1.03595315348275242E-02 1.99925167377271368E-01 1.76342153729976557E-05 8.73072874151325238E-04
8.99859914E+00 8.57947782837153866E-02 1.03630065828515614E-02 2.00154866984086716E-01 1.76391147545938262E-05 8.73052847671163651E-04
9.00502197E+00 8.57166965073388465E-02 1.03662147640420105E-02 2.00385538947249947E-01 1.76439476423020998E-05 8.72956119777121742E-04
9.01143768E+00 8.56386789564650280E-02 1.03691307164083465E-02 2.00618324396803938E-01 1.76486760175643872E-05 8.72789146113509646E-04
9.01783961E+00 8.55608112511797025E-02 1.03717481229481760E-02 2.00849878647609753E-01 1.76532904599975543E-05 8.72557981576233639E-04
9.02423393E+00 8.54830230586189621E-02 1.03740680740634465E-02 2.01081964585944406E-01 1.76578102940009207E-05 8.72262936631802775E-04
9.03060391E+00 8.54055224857601658E-02 1.03760849122227685E-02 2.01314280467669970E-01 1.76622068577306699E-05 8.71901365994813353E-04
9.03696545E+00 8.53281206436011103E-02 1.03778052018816697E-02 2.01545874872231717E-01 1.76664633104413121E-05 8.71466713685203052E-04
9.04331780E+00 8.52508309136628672E-02 1.03792293338367606E-02 2.01778585164655161E-01 1.76705952269700739E-05 8.70952276459456489E-04
9.04966067E+00 8.51736611261779547E-02 1.03803579161225283E-02 2.02011266253086130E-01 1.76746342293233808E-05 8.70353488588954702E-04
9.05600757E+00 8.50964513357343882E-02 1.03811931019511753E-02 2.02244522946103816E-01 1.76785952673200068E-05 8.69668954950338405E-04
9.06233138E+00 8.50195352981483188E-02 1.03817320870013240E-02 2.02478846660356482E-01 1.76824613219404610E-05 8.68905980765675057E-04
9.06861999E+00 8.49430646068936313E-02 1.03819783882291728E-02 2.02711789995736941E-01 1.76862174017184467E-05 8.68072879644152446E-04
9.07488888E+00 8.48668546824811881E-02 1.03819380831412407E-02 2.02944239386451480E-01 1.76898590227014920E-05 8.67172921690198919E-04
9.08115438E+00 8.47907138382230086E-02 1.03816156507825740E-02 2.03177130106765330E-01 1.76933888657432880E-05 8.66206029921136214E-04
9.08742830E+00 8.47144997426324681E-02 1.03810138273621334E-02 2.03411335483288075E-01 1.76968304962935429E-05 8.65171118580764214E-04
9.09370680E+00 8.46382615379311781E-02 1.03801365398258991E-02 2.03646783169369683E-01 1.77002165458628857E-05 8.64070608825292575E-04
9.09997519E+00 8.45621805126325066E-02 1.03789916571947072E-02 2.03882867220109870E-01 1.77035370782004419E-05 8.62912202540032022E-04
9.10622102E+00 8.44864106453519642E-02 1.03775896759878850E-02 2.04118804918071078E-01 1.77067323572995631E-05 8.61706098719839764E-04
9.11245395E+00 8.44108372003721796E-02 1.03759369500643732E-02 2.04354493424521055E-01 1.77097789436870816E-05 8.60458082780196794E-04
9.11867583E+00 8.43354402572207007E-02 1.03740402727007710E-02 2.04591026811049792E-01 1.77126539013505126E-05 8.59172881720562834E-04
9.12489707E+00 8.42600959758622731E-02 1.03719026363522978E-02 2.04827976334600953E-01 1.77153649661056623E-05 8.57850257962373204E-04
9.13113485E+00 8.41845987598943135E-02 1.03695225267001132E-02 2.05066370032349288E-01 1.77179547143639653E-05 8.56486464118713349E-04
9.13739981E+00 8.41088224076844554E-02 1.03668987863913195E-02 2.05306853052443200E-01 1.77204213628142553E-05 8.55079521102379797E-04
9.14363524E+00 8.40334542332014517E-02 1.03640607816738572E-02 2.05549105826383416E-01 1.77227156374811025E-05 8.53644639910574156E-04
9.14985650E+00 8.39583102857418134E-02 1.03610110727864729E-02 2.05789042507884906E-01 1.77248506630195425E-05 8.52183059781729435E-04
9.15607955E+00 8.38831989474898010E-02 1.03577502697431746E-02 2.06030965254104748E-01 1.77268345223631289E-05 8.50696589279872906E-04
9.16232114E+00 8.38079196389445308E-02 1.03542766452548556E-02 2.06274059021279960E-01 1.77286929422239227E-05 8.49185810408929764E-04
9.16859893E+00 8.37322614790655811E-02 1.03505861062870973E-02 2.06519739782970779E-01 1.77304784804315673E-05 8.47648996462961406E-04
9.17488147E+00 8.36566044733748626E-02 1.03467033041784937E-02 2.06767952275091871E-01 1.77321651975520343E-05 8.46094574198308293E-04
9.18114567E+00 8.35812275849762421E-02 1.03426515903851744E-02 2.07015857690792920E-01 1.77337127626704736E-05 8.44527427250633608E-04
9.18740853E+00 8.35059268635939128E-02 1.03384298999635079E-02 2.07263877690864684E-01 1.77351521615162247E-05 8.42942381815758109E-04
9.19368778E+00 8.34304899945609579E-02 1.03340344927586852E-02 2.07513813825396659E-01 1.77365114380902265E-05 8.41337327641008344E-04
9.20000205E+00 8.33546944650998128E-02 1.03294587902902826E-02 2.07766045029572077E-01 1.77377848804933925E-05 8.39714507050206053E-04
9.20636963E+00 8.32783225285536471E-02 1.03246945945249784E-02 2.08021538661190108E-01 1.77389351041188819E-05 8.38077677894189790E-04
9.21271427E+00 8.32022890136452087E-02 1.03198046881431242E-02 2.08279938785920660E-01 1.77398830983902286E-05 8.36451142260620593E-04
9.21905399E+00 8.31263781050752132E-02 1.03147843726076622E-02 2.08535708569813211E-01 1.77406485194757678E-05 8.34829273602095880E-04
9.22540745E+00 8.30503667584915062E-02 1.03096268080073803E-02 2.08794518691145237E-01 1.77412957754635137E-05 8.33202871777946933E-04
9.23179419E+00 8.29740223850529701E-02 1.03043222883777812E-02 2.09055049715721253E-01 1.77418873749187390E-05 8.31563433612877490E-04
9.23823478E+00 8.28971004417063395E-02 1.02988583134543659E-02 2.09319227989912759E-01 1.77424451492359613E-05 8.29905611123334694E-04
9.24469197E+00 8.28200463860942898E-02 1.02932704597804535E-02 2.09586644851410070E-01 1.77429246494218156E-05 8.28241212257878334E-04
9.25114080E+00 8.27431580804729311E-02 1.02875863898495307E-02 2.09854100781298347E-01 1.77432980232640085E-05 8.26579007185148772E-04
9.25760083E+00 8.26662023424269837E-02 1.02817963800632840E-02 2.10122298112751127E-01 1.77435505780469120E-05 8.24916242412692432E-04
9.26409238E+00 8.25889377615642434E-02 1.02758891473121016E-02 2.10393124375251012E-01 1.77436657674180049E-05 8.23250328934916177E-04
9.27063678E+00 8.25111119389211056E-02 1.02698514557593972E-02 2.10667083709250746E-01 1.77436733068094251E-05 8.21577938315156352E-04
9.27723258E+00 8.24327435414049792E-02 1.02636900763255559E-02 2.10944939683103572E-01 1.77436159414390671E-05 8.19900329386741007E-04
9.28381742E+00 8.23545731570760886E-02 1.02574684975853311E-02 2.11224781022627983E-01 1.77434386634110587E-05 8.18233050222348765E-04
9.29041173E+00 8.22763582418100103E-02 1.02511751288391299E-02 2.11503504396784392E-01 1.77431053046210100E-05 8.16569813008539568E-04
9.29703658E+00 8.21978495332704451E-02 1.02447973790296461E-02 2.11785512239865165E-01 1.77426378178363718E-05 8.14902589681832713E-04
9.30371392E+00 8.21187879736422072E-02 1.02383208936548120E-02 2.12070126331421416E-01 1.77421225508454488E-05 8.13221907186679875E-04
9.31046689E+00 8.20389015294056695E-02 1.02317294814897059E-02 2.12359159672170672E-01 1.77416627554317678E-05 8.11519879395353107E-04
9.31720810E+00 8.19592232436851670E-02 1.02251127369221966E-02 2.12651173001216359E-01 1.77411822290053417E-05 8.09820152774029913E-04
9.32395854E+00 8.18795045078525296E-02 1.02184573695660395E-02 2.12940988993577218E-01 1.77406154529394559E-05 8.08120603132969845E-04
9.33073997E+00 8.17994887553862016E-02 1.02117498780391718E-02 2.13234381799880857E-01 1.77399475355403837E-05 8.06417432352405424E-04
9.33757491E+00 8.17189111180025018E-02 1.02049757696346804E-02 2.13529985383159954E-01 1.77392209971001779E-05 8.04706381809194371E-04
9.34448692E+00 8.16374952441610152E-02 1.01981193691087681E-02 2.13830015086614283E-01 1.77385255218319280E-05 8.02985877144798510E-04
9.35139737E+00 8.15561670706963227E-02 1.01912639297813187E-02 2.14132712259805180E-01 1.77378280430941409E-05 8.01282277350789745E-04
9.35831884E+00 8.14747775478498193E-02 1.01844042383458754E-02 2.14433712825380512E-01 1.77370472882889596E-05 7.99596153370281501E-04
9.36527371E+00 8.13930638723761035E-02 1.01775266996358710E-02 2.14737549247136394E-01 1.77361846703344825E-05 7.97917909537335947E-04
9.37228500E+00 8.13107562804490924E-02 1.01706176230674707E-02 2.15043585477757426E-01 1.77353021454575849E-05 7.96234090937387225E-04
9.37937664E+00 8.12275749758621657E-02 1.01636630909557150E-02 2.15353651310018962E-01 1.77344665011775039E-05 7.94535234665581748E-04
9.38646164E+00 8.11445393797208259E-02 1.01567550399975001E-02 2.15665811447168065E-01 1.77336685735686636E-05 7.92845193182174497E-04
9.39356197E+00 8.10613909046961345E-02 1.01498802441639027E-02 2.15975654765051345E-01 1.77328881878361203E-05 7.91165960190214480E-04
9.40070051E+00 8.09778616298823389E-02 1.01430252750255370E-02 2.16288303431013185E-01 1.77321190305383917E-05 7.89499078613063146E-04
9.40790070E+00 8.08936778550793517E-02 1.01361760359688757E-02 2.16602639703038696E-01 1.77313617398223178E-05 7.87843652041234359E-04
9.41515971E+00 8.08088726796448720E-02 1.01293428377228177E-02 2.16920070021583089E-01 1.77306104762872429E-05 7.86201939212544587E-04
9.42241809E+00 8.07241398103612645E-02 1.01225871610188152E-02 2.17237702709052211E-01 1.77298481438028287E-05 7.84585649009050465E-04
9.42969880E+00 8.06392103399105470E-02 1.01158951365417655E-02 2.17553812602936464E-01 1.77290849648925122E-05 7.82986396030284902E-04
9.43702509E+00 8.05538130631758831E-02 1.01092547166499562E-02 2.17871709509158407E-01 1.77283463828881116E-05 7.81396096186365470E-04
9.44442066E+00 8.04676681975484975E-02 1.01026548477120542E-02 2.18191319553560442E-01 1.77276697747711315E-05 7.79808114523663446E-04
9.45183805E+00 8.03813303215775571E-02 1.00961458383954823E-02 2.18512058667308190E-01 1.77270515075359123E-05 7.78232956255591759E-04
9.45926420E+00 8.02949508252617100E-02 1.00897470189929631E-02 2.18830584631628022E-01 1.77264806929115509E-05 7.76675581028072985E-04
9.46672235E+00 8.02082591115531041E-02 1.00834475324102155E-02 2.19148689546167980E-01 1.77259552534208665E-05 7.75134478261975835E-04
9.47419947E+00 8.01214054876009385E-02 1.00772663151942332E-02 2.19466425264854770E-01 1.77254782077773867E-05 7.73615348253601912E-04
9.48167795E+00 8.00345934355468219E-02 1.00712236452482409E-02 2.19782060563886633E-01 1.77250568916547483E-05 7.72124283295188749E-04
9.48916663E+00 7.99477188938626793E-02 1.00653169981878687E-02 2.20095448286159595E-01 1.77246804194941701E-05 7.70663386749767076E-04
9.49667759E+00 7.98606409520475208E-02 1.00595403738537453E-02 2.20407323831426832E-01 1.77243447409190714E-05 7.69235728771887404E-04
9.50422585E+00 7.97731849726396741E-02 1.00538844525294904E-02 2.20717867966834597E-01 1.77240663015521138E-05 7.67842354911899916E-04
9.51182265E+00 7.96852204015322113E-02 1.00483417663817104E-02 2.21027493097382510E-01 1.77238514158854868E-05 7.66480785490645015E-04
9.51942793E+00 7.95972103422347421E-02 1.00429389842623291E-02 2.21335144594322325E-01 1.77236788352845910E-05 7.65153426079256483E-04
9.52704201E+00 7.95091502947855300E-02 1.00376720471369429E-02 2.21638567605891512E-01 1.77235404197943060E-05 7.63853702684215278E-04
9.53466528E+00 7.94210350382895391E-02 1.00325364333485878E-02 2.21939062052971037E-01 1.77234516292369511E-05 7.62575284858811489E-04
9.54229818E+00 7.93328592709857949E-02 1.00275268751617731E-02 2.22235658416749998E-01 1.77234415869028807E-05 7.61312620777297938E-04
9.54992932E+00 7.92447536218416210E-02 1.00226445418959385E-02 2.22528305397871023E-01 1.77234939688977134E-05 7.60062794238329444E-04
9.55754481E+00 7.91568781008227806E-02 1.00178906381487593E-02 2.22815766498615925E-01 1.77235702596634782E-05 7.58824332759008889E-04
9.56514881E+00 7.90691875965474217E-02 1.00132541653424646E-02 2.23097662446414768E-01 1.77236550265169234E-05 7.57594696598227558E-04
9.57274562E+00 7.89816298137231976E-02 1.00087238091308844E-02 2.23374641682140357E-01 1.77237647041952228E-05 7.56373731631100610E-04
9.58033974E+00 7.88941522508149751E-02 1.00042865347417919E-02 2.23646227106307466E-01 1.77239036248048849E-05 7.55163671099789015E-04
9.58793577E+00 7.88067013875252409E-02 9.99992809454360726E-03 2.23912581979706704E-01 1.77240560087059384E-05 7.53968572932810937E-04
9.59553630E+00 7.87192478027831377E-02 9.99563432354269935E-03 2.24173465958458690E-01 1.77241902508350428E-05 7.52793078872629972E-04
9.60312550E+00 7.86319734571912510E-02 9.99140005664986633E-03 2.24428511098619610E-01 1.77242805406767539E-05 7.51642824107382661E-04
9.61070812E+00 7.85448242458287732E-02 9.98720846806798283E-03 2.24676778815493361E-01 1.77243088492134820E-05 7.50516866576590009E-04
9.61828904E+00 7.84577443642585082E-02 9.98304292665038590E-03 2.24918948661922163E-01 1.77242698358217285E-05 7.49410334475120177E-04
9.62587333E+00 7.83706762299388182E-02 9.97888709831606067E-03 2.25154631804958649E-01 1.77241701766214400E-05 7.48315716482788620E-04
9.63346622E+00 7.82835604163022170E-02 9.97472504596627965E-03 2.25383947004954205E-01 1.77240140249683595E-05 7.47225343561744066E-04
9.64107314E+00 7.81963356043781782E-02 9.97054121278290705E-03 2.25606728140377327E-01 1.77238062116262024E-05 7.46133492397851178E-04
9.64869967E+00 7.81089385381039947E-02 9.96632028949696706E-03 2.25822953802069598E-01 1.77235429594396155E-05 7.45037370017700875E-04
9.65635160E+00 7.80213039785814105E-02 9.96204698516284584E-03 2.26032515636466591E-01 1.77232006158968565E-05 7.43937077223316679E-04
9.66403490E+00 7.79333646875960823E-02 9.95770577753986308E-03 2.26235337442760642E-01 1.77227445846489192E-05 7.42834681401399548E-04
9.67173506E+00 7.78452876276071321E-02 9.95329231148715972E-03 2.26431219080509449E-01 1.77221502933996644E-05 7.41735467554166051E-04
9.67944923E+00 7.77571064040012139E-02 9.94879609656047943E-03 2.26619141046733447E-01 1.77214117757248242E-05 7.40641729219917522E-04
9.68718357E+00 7.76687516590491567E-02 9.94420177844436079E-03 2.26799362073635824E-01 1.77205344124813662E-05 7.39552229677058930E-04
9.69494443E+00 7.75801520536780892E-02 9.93949393772236740E-03 2.26971875592858446E-01 1.77195211730460049E-05 7.38463455778605037E-04
9.70273838E+00 7.74912343484627786E-02 9.93465716072222671E-03 2.27037704223420261E-01 1.77183683319480264E-05 7.37370477108943061E-04
9.71057213E+00 7.74019235378905629E-02 9.92967613181619524E-03 2.27438323405447007E-01 1.77170678295563433E-05 7.36268187291279157E-04
9.71843349E+00 7.73123569343992373E-02 9.92454810762757357E-03 2.27445219250101832E-01 1.77156111759147370E-05 7.35155023396948798E-04
9.72625102E+00 7.72233540556848119E-02 9.91931049274874868E-03 2.27478210941542497E-01 1.77140050348859028E-05 7.34038919074880879E-04
9.73401121E+00 7.71350671408775473E-02 9.91396881910224306E-03 2.27789755453849968E-01 1.77122513595251156E-05 7.32921235903355862E-04
9.74174675E+00 7.70471244004073408E-02 9.90849783828729770E-03 2.27808614182409191E-01 1.77103704222772309E-05 7.31797133643280755E-04
9.74948978E+00 7.69591616365600667E-02 9.90287061985116977E-03 2.27854718535000639E-01 1.77084000439237419E-05 7.30661476881303180E-04
9.75721825E+00 7.68714301122416788E-02 9.89709807830276532E-03 2.28171475497272874E-01 1.77063740018031054E-05 7.29516419206125257E-04
9.76495269E+00 7.67836980578105732E-02 9.89116089501099020E-03 2.28173020722896414E-01 1.77042843803735167E-05 7.28357590745217507E-04
9.77272650E+00 7.66955888493070642E-02 9.88502854385301180E-03 2.28180599144296975E-01 1.77020936762385810E-05 7.27178510027076111E-04
9.78057302E+00 7.66067280605666201E-02 9.87866799550270874E-03 2.28215045368615949E-01 1.76997603833105268E-05 7.25972655879290841E-04
9.78843393E+00 7.65177779897598248E-02 9.87211967354689746E-03 2.28449622017112941E-01 1.76972924140507878E-05 7.24747816688288372E-04
9.79624380E+00 7.64294793359130836E-02 9.86543633275774323E-03 2.28457999066428497E-01 1.76947381558561316E-05 7.23513977770792347E-04
9.80403811E+00 7.63414321711240740E-02 9.85858978497735489E-03 2.28467098012517300E-01 1.76921182108984734E-05 7.22266144429499230E-04
9.81182129E+00 7.62535876798768192E-02 9.85157749425609464E-03 2.28485769972724961E-01 1.76894465958429885E-05 7.21004058508534955E-04
9.81957431E+00 7.61661617001264946E-02 9.84441888658629631E-03 2.28521043238745253E-01 1.76867245027638532E-05 7.19730789251500657E-04
9.82732897E+00 7.60787969876574877E-02 9.83708817291862464E-03 2.28565851600201958E-01 1.76839270173974154E-05 7.18440670769203730E-04
9.83511819E+00 7.59911251604516724E-02 9.82955680307432030E-03 2.28611243570294775E-01 1.76810194303933047E-05 7.17127645904270194E-04
9.84297370E+00 7.59027925823858585E-02 9.82179559948068853E-03 2.28647468435219881E-01 1.76779599142882005E-05 7.15786310908233885E-04
9.85088134E+00 7.58139615467189887E-02 9.81382011382965491E-03 2.28665395675395261E-01 1.76747432897769030E-05 7.14419809560431704E-04
9.85883815E+00 7.57246682448429603E-02 9.80563705472591203E-03 2.28667066593115809E-01 1.76713931747842245E-05 7.13029951266990207E-04
9.86677759E+00 7.56356602209650591E-02 9.79732129687775621E-03 2.28652849152578247E-01 1.76679810276285094E-05 7.11629637098730190E-04
9.87470569E+00 7.55468703610487069E-02 9.78887697100630678E-03 2.28622164198274358E-01 1.76645504977627165E-05 7.10219327498320561E-04
9.88260990E+00 7.54584393437846140E-02 9.78032874069960714E-03 2.28582609092705114E-01 1.76611314228320651E-05 7.08803426040272000E-04
9.89052298E+00 7.53700016347919194E-02 9.77165312155304187E-03 2.28539544993994315E-01 1.76576883343185672E-05 7.07379488593366454E-04
9.89847549E+00 7.52812171582633166E-02 9.76282766513405197E-03 2.28496499339125331E-01 1.76541648716031633E-05 7.05946166457373648E-04
9.90649511E+00 7.51917796985634296E-02 9.75383234768767600E-03 2.28454367473011899E-01 1.76505243543965578E-05 7.04502457003348547E-04
9.91453332E+00 7.51022311674274801E-02 9.74473266037043095E-03 2.28411531033916482E-01 1.76467772681671944E-05 7.03060107462116389E-04
9.92261757E+00 7.50122637204268389E-02 9.73551130504445549E-03 2.28355172838820786E-01 1.76429185394341854E-05 7.01616698250875481E-04
9.93077425E+00 7.49215877732990615E-02 9.72615200087951527E-03 2.28297420771967768E-01 1.76389687096047763E-05 7.00170057880805143E-04
9.93891148E+00 7.48312253939356076E-02 9.71677451417484080E-03 2.28144285855224394E-01 1.76350025081333322E-05 6.98739567557395483E-04
9.94705141E+00 7.47409298382351733E-02 9.70737051699399785E-03 2.28136765194203811E-01 1.76310066589600632E-05 6.97325108721340032E-04
9.95522236E+00 7.46503876262730320E-02 9.69792499575104078E-03 2.28123731493442894E-01 1.76269274548245828E-05 6.95925333204648242E-04
9.96343034E+00 7.45595324915903079E-02 9.68844854655566239E-03 2.28086138378080616E-01 1.76227266478422206E-05 6.94541643687053654E-04
9.97168234E+00 7.44682873452934685E-02 9.67895115674695904E-03 2.27839291669278327E-01 1.76184030709319642E-05 6.93174489380452572E-04
9.97997963E+00 7.43766387453368844E-02 9.66945001489157539E-03 2.27830473927234906E-01 1.76139973858560161E-05 6.91825633922507881E-04
9.98830464E+00 7.42847801999955287E-02 9.65998382516343283E-03 2.27811807654064724E-01 1.76095816811183050E-05 6.90501017887855742E-04
9.99667083E+00 7.41925630606142250E-02 9.65055633084712511E-03 2.27657678770334049E-01 1.76051736956931927E-05 6.89202776072917172E-04
1.00049971E+01 7.41008795556778316E-02 9.64127533867384541E-03 2.27624862238709230E-01 1.76008063583880788E-05 6.87947417485855516E-04
1.00132905E+01 7.40096478127085095E-02 9.63214809638523323E-03 2.27430865342228228E-01 1.75964665581332383E-05 6.86736725187698268E-04
1.00215666E+01 7.39186954868451124E-02 9.62317197389648757E-03 2.27413527319617476E-01 1.75921404386902082E-05 6.85570649482574531E-04
1.00298407E+01 7.38278527372648180E-02 9.61434367702252400E-03 2.27375469064168029E-01 1.75878027197495909E-05 6.84448921113689056E-04
1.00381277E+01 7.37369533859045384E-02 9.60565967637314229E-03 2.27124317587942104E-01 1.75834308665473197E-05 6.83371063611561548E-04
1.00464423E+01 7.36458359005014579E-02 9.59711660961853896E-03 2.27115458722379149E-01 1.75790257734741131E-05 6.82336331549179137E-04
1.00547987E+01 7.35543441566211403E-02 9.58871153553355650E-03 2.27094023626253694E-01 1.75745994519261891E-05 6.81343980631715965E-04
1.00632104E+01 7.34623280134617945E-02 9.58044209008611196E-03 2.26904891394863029E-01 1.75701694833144503E-05 6.80393536246284088E-04
1.00716601E+01 7.33699781890897323E-02 9.57233538097664559E-03 2.26881690173456996E-01 1.75657601070967259E-05 6.79487976811161032E-04
1.00800980E+01 7.32778346314716528E-02 9.56444539335194258E-03 2.26724483765382318E-01 1.75613944425480245E-05 6.78632551609413396E-04
1.00885391E+01 7.31857317705700144E-02 9.55676329018307659E-03 2.26702404578939809E-01 1.75570785733065201E-05 6.77824969888954029E-04
1.00969983E+01 7.30935063609011865E-02 9.54928092685594296E-03 2.26644738610324220E-01 1.75528136421191005E-05 6.77063436996901873E-04
1.01054901E+01 7.30009980262558006E-02 9.54199087285795972E-03 2.26388218493784960E-01 1.75485663299289183E-05 6.76346885787797690E-04
1.01140287E+01 7.29080498312767583E-02 9.53488676766673336E-03 2.26388299667872023E-01 1.75443066573156534E-05 6.75674544840543364E-04
1.01226007E+01 7.28148071479729625E-02 9.52798513112666258E-03 2.26382915679978897E-01 1.75400364816272705E-05 6.75047548872222537E-04
1.01311675E+01 7.27216874706784477E-02 9.52131993674916292E-03 2.26351679566015207E-01 1.75357897848877516E-05 6.74468079958773659E-04
1.01397253E+01 7.26287281688946379E-02 9.51489553337558219E-03 2.26112562830147551E-01 1.75315971346974410E-05 6.73935507794029879E-04
1.01482553E+01 7.25361328343999134E-02 9.50872628284911252E-03 2.26106381583301930E-01 1.75275018315680778E-05 6.73450603981988038E-04
1.01567649E+01 7.24438170621422711E-02 9.50280606760109045E-03 2.26094673307267707E-01 1.75234899565009806E-05 6.73013060681070386E-04
1.01652625E+01 7.23516880400503631E-02 9.49712844029908937E-03 2.26062448995972998E-01 1.75195439599827018E-05 6.72621983886385433E-04
1.01737570E+01 7.22596451338113760E-02 9.49168675559821512E-03 2.25868017236980356E-01 1.75156463516057291E-05 6.72275024730296543E-04
1.01822583E+01 7.21675803815314265E-02 9.48647437326894348E-03 2.25863084203149628E-01 1.75117679386708841E-05 6.71968993377410821E-04
1.01907768E+01 7.20753788560034026E-02 9.48148478616740731E-03 2.25857163701632779E-01 1.75079035120285879E-05 6.71701080411178284E-04
1.01992942E+01 7.19832369685109719E-02 9.47672758675109812E-03 2.25840237427994445E-01 1.75040781058880771E-05 6.71470031680780686E-04
1.02078090E+01 7.18911670988411217E-02 9.47220128428936936E-03 2.25803551525020768E-01 1.75003318576286185E-05 6.71274202293159462E-04
1.02162908E+01 7.17994956243914878E-02 9.46791792511785489E-03 2.25628714497671412E-01 1.74967142783038214E-05 6.71112627093299998E-04
1.02247341E+01 7.17082814809796437E-02 9.46387469213878958E-03 2.25630830344307504E-01 1.74932608107189554E-05 6.70983933239334657E-04
1.02331548E+01 7.16173481657085553E-02 9.46005826616821109E-03 2.25641373167613762E-01 1.74899703192822541E-05 6.70886541576352327E-04
1.02415688E+01 7.15265234064744598E-02 9.45645643708461874E-03 2.25649635610980226E-01 1.74867881427721472E-05 6.70819131322740892E-04
1.02499913E+01 7.14356403650364125E-02 9.45305808741433128E-03 2.25647817370598996E-01 1.74836637541580297E-05 6.70781144966832226E-04
1.02584191E+01 7.13447304555588774E-02 9.44985973586798603E-03 2.25633108088242496E-01 1.74805760898148956E-05 6.70772620738319071E-04
1.02668124E+01 7.12542218290791729E-02 9.44686991485599141E-03 2.25604640074831470E-01 1.74775445916230609E-05 6.70792848611801405E-04
1.02751784E+01 7.11640347908133880E-02 9.44407853210926448E-03 2.25571962071027560E-01 1.74746084658667917E-05 6.70839811757649278E-04
1.02835250E+01 7.10740826232767742E-02 9.44147547999028836E-03 2.25543413513330765E-01 1.74718546514612275E-05 6.70910885264064350E-04
1.02918608E+01 7.09842683906067862E-02 9.43905040634670373E-03 2.25527310104052081E-01 1.74693324944184776E-05 6.71003958971807873E-04
1.03001901E+01 7.08945457763379833E-02 9.43679434181099279E-03 2.25522357413310393E-01 1.74670092462949501E-05 6.71118046607422302E-04
1.03085132E+01 7.08049081847346856E-02 9.43469912246898933E-03 2.25528233327160821E-01 1.74648076625514059E-05 6.71253076030500599E-04
1.03168101E+01 7.07155704534248170E-02 9.43276090191422743E-03 2.25542448975899451E-01 1.74626702311100895E-05 6.71408862320820401E-04
1.03250762E+01 7.06265830464710975E-02 9.43097095208681423E-03 2.25561343032514461E-01 1.74605848646340070E-05 6.71584905613191235E-04
1.03333115E+01 7.05379428142389880E-02 9.42931948397511543E-03 2.25581283654969239E-01 1.74585849372882063E-05 6.71780308504809015E-04
1.03415233E+01 7.04495688433726536E-02 9.42779423002338204E-03 2.25599555656995326E-01 1.74567051923572576E-05 6.71993895545969265E-04
1.03497207E+01 7.03613610532050765E-02 9.42638225107296154E-03 2.25614887875099313E-01 1.74549473092456031E-05 6.72224343173168288E-04
1.03579129E+01 7.02732182095386348E-02 9.42507022515892863E-03 2.25627497214834688E-01 1.74532857055058341E-05 6.72469976928708694E-04
1.03660907E+01 7.01852405557375908E-02 9.42384710855533915E-03 2.25638736654350552E-01 1.74517125684096929E-05 6.72728206208517425E-04
1.03742581E+01 7.00973811667352231E-02 9.42269901927890972E-03 2.25650431221857906E-01 1.74502271795381622E-05 6.72996896020092248E-04
1.03824330E+01 7.00094493036574478E-02 9.42160975476931915E-03 2.25664234329019275E-01 1.74487888707579930E-05 6.73274578300629462E-04
1.03906104E+01 6.99214975571666314E-02 9.42056543306074752E-03 2.25681185580601767E-01 1.74473694610437265E-05 6.73558844828920028E-04
1.03987407E+01 6.98340576770659638E-02 9.41955687895815533E-03 2.25701531610750461E-01 1.74459858939921228E-05 6.73845032385308692E-04
1.04068386E+01 6.97469729511329545E-02 9.41856684234720909E-03 2.25724605473685919E-01 1.74446415205236752E-05 6.74129920689392655E-04
1.04149203E+01 6.96600687847728772E-02 9.41757761214059679E-03 2.25749132427016219E-01 1.74433436376579567E-05 6.74409840702672354E-04
1.04229962E+01 6.95732339484000373E-02 9.41657160834596246E-03 2.25773671063910664E-01 1.74420875090673888E-05 6.74681125327808353E-04
1.04310336E+01 6.94868200822604115E-02 9.41553633849735380E-03 2.25797077698205173E-01 1.74408325751150983E-05 6.74939199948720718E-04
1.04390494E+01 6.94006452408943708E-02 9.41445359195659630E-03 2.25818544465257343E-01 1.74395409427685047E-05 6.75181157531923662E-04
1.04470617E+01 6.93145159153566032E-02 9.41330466787391497E-03 2.25837778473153700E-01 1.74382222421256440E-05 6.75403567051790273E-04
1.04550897E+01 6.92282262269075521E-02 9.41207007434064109E-03 2.25854978119861133E-01 1.74369048738090377E-05 6.75602660077631741E-04
1.04631419E+01 6.91416857112851918E-02 9.41073143394339368E-03 2.25870677408056220E-01 1.74355815122069736E-05 6.75774311797968708E-04
1.04711892E+01 6.90552069257225343E-02 9.40927727943753796E-03 2.25885539426108811E-01 1.74342552083119142E-05 6.75913906072236653E-04
1.04792513E+01 6.89685821220145379E-02 9.40768928655176528E-03 2.25900001554550700E-01 1.74329294273647134E-05 6.76018309181564917E-04
1.04873481E+01 6.88815957987855831E-02 9.40594863202994999E-03 2.25914200446606706E-01 1.74316130714123007E-05 6.76084528543197030E-04
1.04955006E+01 6.87940207027239320E-02 9.40403601237459891E-03 2.25928001824815372E-01 1.74302895217842672E-05 6.76109784422509194E-04
1.05037241E+01 6.87056964226975680E-02 9.40193235877880874E-03 2.25941006582363879E-01 1.74289241837939869E-05 6.76091229123863520E-04
1.05119777E+01 6.86170639686836670E-02 9.39963530361771771E-03 2.25952763317109118E-01 1.74274695598538302E-05 6.76026618850341233E-04
1.05202559E+01 6.85281847628516072E-02 9.39713778552094155E-03 2.25962784467614558E-01 1.74259079445510859E-05 6.75913942694267799E-04
1.05285531E+01 6.84391196672648194E-02 9.39443578863156069E-03 2.25970676631735118E-01 1.74242964706323739E-05 6.75751172690300579E-04
1.05368855E+01 6.83496969194065523E-02 9.39152065359293367E-03 2.25976196064105878E-01 1.74226409174710934E-05 6.75536420285065666E-04
1.05452412E+01 6.82600450641915463E-02 9.38839518466718682E-03 2.25979306262712870E-01 1.74209483320957290E-05 6.75269137633062108E-04
1.05536044E+01 6.81703336597806187E-02 9.38506749415369233E-03 2.25980126835135270E-01 1.74192284975846200E-05 6.74949756295579431E-04
1.05619850E+01 6.80804582668523839E-02 9.38153901567333887E-03 2.25978850668793696E-01 1.74174775746621484E-05 6.74578345969477789E-04
1.05703433E+01 6.79908452758356957E-02 9.37783450757546065E-03 2.25975695375911889E-01 1.74156989966050925E-05 6.74158094125625919E-04
1.05786608E+01 6.79016914446464864E-02 9.37397416261713003E-03 2.25970843710365688E-01 1.74139157865390845E-05 6.73693097840142728E-04
1.05869741E+01 6.78126066286984241E-02 9.36995456889681659E-03 2.25964410737638843E-01 1.74121438622179507E-05 6.73185345428051586E-04
1.05953203E+01 6.77231930860895670E-02 9.36576978687107820E-03 2.25956411894389253E-01 1.74103758246938222E-05 6.72636008738552093E-04
1.06036616E+01 6.76338553715648133E-02 9.36145007284629529E-03 2.25946762829179582E-01 1.74086098798847839E-05 6.72050309335662979E-04
1.06120287E+01 6.75442656270425351E-02 9.35699209192636557E-03 2.25935395122808858E-01 1.74068216167179921E-05 6.71428807957488521E-04
1.06204367E+01 6.74542619343553723E-02 9.35239872192921394E-03 2.25922246625995471E-01 1.74049919058731368E-05 6.70772895859974997E-04
1.06287805E+01 6.73649679708302473E-02 9.34773728176486324E-03 2.25907241962848560E-01 1.74031529038773775E-05 6.70093422939409700E-04
1.06370881E+01 6.72760862527231052E-02 9.34300399232697656E-03 2.25890553771344926E-01 1.74013208495652508E-05 6.69391379332586692E-04
1.06453863E+01 6.71873289536539658E-02 9.33819217964651851E-03 2.25872446462997478E-01 1.73995085532994990E-05 6.68667298442449315E-04
1.06537006E+01 6.70984238947334583E-02 9.33329198861707759E-03 2.25853168220549072E-01 1.73977191196239320E-05 6.67920340113599626E-04
1.06620036E+01 6.70096666174473388E-02 9.32832115395406877E-03 2.25832856568202012E-01 1.73959588934534996E-05 6.67152474075123083E-04
1.06702591E+01 6.69214422502282386E-02 9.32330115518114136E-03 2.25811628796759839E-01 1.73942343784538972E-05 6.66366120694674466E-04
1.06784852E+01 6.68335589505443667E-02 9.31822004644316040E-03 2.25789695393661616E-01 1.73925150893622242E-05 6.65560238665475882E-04
1.06866995E+01 6.67458308268101264E-02 9.31306354289567623E-03 2.25767237704455198E-01 1.73907591235529597E-05 6.64735580295277499E-04
1.06949187E+01 6.66580803750935480E-02 9.30781512389556795E-03 2.25744364807682979E-01 1.73889312933391888E-05 6.63893492048252330E-04
1.07031588E+01 6.65701399077813227E-02 9.30245640049451837E-03 2.25721117091142592E-01 1.73870218448517515E-05 6.63034093089656489E-04
1.07114347E+01 6.64818519400602326E-02 9.29696743118588534E-03 2.25697489018777953E-01 1.73850213074964950E-05 6.62154654602825914E-04
1.07197310E+01 6.63933844104525051E-02 9.29134682664077907E-03 2.25673428865915154E-01 1.73829313911637968E-05 6.61252717346849542E-04
1.07280185E+01 6.63050496239965537E-02 9.28560274746416392E-03 2.25648941552985122E-01 1.73807653929147781E-05 6.60326911074071363E-04
1.07363108E+01 6.62167065141340827E-02 9.27971503570983007E-03 2.25624217890047163E-01 1.73785473964698256E-05 6.59373654773385675E-04
1.07446208E+01 6.61282214231139753E-02 9.27366276384031761E-03 2.25599504824196745E-01 1.73762885376337757E-05 6.58392214112556726E-04
1.07529607E+01 6.60394671629364327E-02 9.26742396299844347E-03 2.25575031695248701E-01 1.73739549493969780E-05 6.57383076606218972E-04
1.07613424E+01 6.59503217117658469E-02 9.26097575933919510E-03 2.25550972036149128E-01 1.73714995747397443E-05 6.56346036794984086E-04
1.07697776E+01 6.58606665025359278E-02 9.25429457350831694E-03 2.25527427672798320E-01 1.73689101824816032E-05 6.55279406254578520E-04
1.07782615E+01 6.57705555498618449E-02 9.24736934978822624E-03 2.25504417047226680E-01 1.73661625286244016E-05 6.54182534641276027E-04
1.07867689E+01 6.56802619780598451E-02 9.24020757043623846E-03 2.25481923132872936E-01 1.73632070662431527E-05 6.53057463951642585E-04
1.07953137E+01 6.55896423745489232E-02 9.23278644775585473E-03 2.25460032196722865E-01 1.73600508942394960E-05 6.51901810101013376E-04
1.08039096E+01 6.54985589712850091E-02 9.22508314404742354E-03 2.25438846355436900E-01 1.73567384571427397E-05 6.50713640227123407E-04
1.08125696E+01 6.54068782154001160E-02 9.21707433348967903E-03 2.25418451068722908E-01 1.73532875538091922E-05 6.49490567321663785E-04
1.08213067E+01 6.53144692891340778E-02 9.20873614842529324E-03 2.25398907464458093E-01 1.73496694849738227E-05 6.48228886071678745E-04
1.08301339E+01 6.52212025545618329E-02 9.20004420456891313E-03 2.25380251695863704E-01 1.73458475964531045E-05 6.46923692828903500E-04
1.08390492E+01 6.51271066288689332E-02 9.19098886281185384E-03 2.25362487141122392E-01 1.73418171769121251E-05 6.45572354747695702E-04
1.08480154E+01 6.50325802515726026E-02 9.18159884257280408E-03 2.25345599073450170E-01 1.73375870186350663E-05 6.44179588093616055E-04
1.08570467E+01 6.49374802171310411E-02 9.17185399950787641E-03 2.25329680262088272E-01 1.73331125070111892E-05 6.42745168102419584E-04
1.08661596E+01 6.48416397551463825E-02 9.16173165869256338E-03 2.25314822608893572E-01 1.73283782231082189E-05 6.41269829164118959E-04
1.08753293E+01 6.47453286158206631E-02 9.15125567283835671E-03 2.25301038736023584E-01 1.73234145724733999E-05 6.39760395467306540E-04
1.08845411E+01 6.46487055285527579E-02 9.14044207977079623E-03 2.25288333124268519E-01 1.73182370818245152E-05 6.38220304232499976E-04
1.08937882E+01 6.45518466463172735E-02 9.12930076696849904E-03 2.25276694476952699E-01 1.73128638767497602E-05 6.36649767175239334E-04
1.09030444E+01 6.44550327764748104E-02 9.11786770636802829E-03 2.25266061103798987E-01 1.73073147164320553E-05 6.35051079216157372E-04
1.09123131E+01 6.43582319294591643E-02 9.10614537561686005E-03 2.25256357281780589E-01 1.73015950846141836E-05 6.33421288406635819E-04
1.09215995E+01 6.42613926667671975E-02 9.09413424700127558E-03 2.25247454261071706E-01 1.72957062388280283E-05 6.31758340735280978E-04
1.09309120E+01 6.41644337998274472E-02 9.08183085370686295E-03 2.25239166119203249E-01 1.72896124678650426E-05 6.30062184902574832E-04
1.09402623E+01 6.40672365207394789E-02 9.06922625999582836E-03 2.25231261182666453E-01 1.72832960017945546E-05 6.28333762058181982E-04
1.09496666E+01 6.39696391173768808E-02 9.05630483464886851E-03 2.25223477453675935E-01 1.72767619197608363E-05 6.26572784566699630E-04
1.09590997E+01 6.38719067122833078E-02 9.04310681295912577E-03 2.25215526102164137E-01 1.72700392515901804E-05 6.24784713534225276E-04
1.09684946E+01 6.37747341996198341E-02 9.02973429492041034E-03 2.25207137458296291E-01 1.72631848504388876E-05 6.22980947809033707E-04
1.09778357E+01 6.36782847421884513E-02 9.01622289941410478E-03 2.25198128310687501E-01 1.72562278508833792E-05 6.21162088605868275E-04
1.09871339E+01 6.35824424930325482E-02 9.00257092085871534E-03 2.25188353316009143E-01 1.72491889408631249E-05 6.19323409696120636E-04
1.09964025E+01 6.34870730550656515E-02 8.98877298964713238E-03 2.25177641190183686E-01 1.72420865280989003E-05 6.17461399847603733E-04
1.10056564E+01 6.33920224639822477E-02 8.97481955530452825E-03 2.25165766507166631E-01 1.72349293193784375E-05 6.15575025815624311E-04
1.10149128E+01 6.32971164037116479E-02 8.96069664108215327E-03 2.25152441795930414E-01 1.72276881873267962E-05 6.13664637593760542E-04
1.10241909E+01 6.32021593512086394E-02 8.94638563235320393E-03 2.25137323317931182E-01 1.72203505441775454E-05 6.11729126491437425E-04
1.10334388E+01 6.31076819835773017E-02 8.93197630814535938E-03 2.25119982373916450E-01 1.72130117761161195E-05 6.09779828688346856E-04
1.10426334E+01 6.30139205583464257E-02 8.91751690169318746E-03 2.25100065035693492E-01 1.72056970365092262E-05 6.07821732061962191E-04
1.10517893E+01 6.29207229602925522E-02 8.90299726079384936E-03 2.25077342587173823E-01 1.71983520773157409E-05 6.05853136145745883E-04
1.10609232E+01 6.28279196635841974E-02 8.88840337586394372E-03 2.25048469481344743E-01 1.71909185781309685E-05 6.03873585232481830E-04
1.10700535E+01 6.27353237225834193E-02 8.87371702946706045E-03 2.25017565313291285E-01 1.71833758938290888E-05 6.01883350849341113E-04
1.10792004E+01 6.26427307321956867E-02 8.85891577035849247E-03 2.24984715400687513E-01 1.71757099436410124E-05 5.99882542708243512E-04
1.10883733E+01 6.25500474039411419E-02 8.84399347295985669E-03 2.24949412330890275E-01 1.71679431263619130E-05 5.97872801384778142E-04
1.10974903E+01 6.24581036784931098E-02 8.82909077169958395E-03 2.24900081625131559E-01 1.71601661405911003E-05 5.95873760141429746E-04
1.11065682E+01 6.23667261048610894E-02 8.81419038382373274E-03 2.24862070307933981E-01 1.71523397933850094E-05 5.93882077462337004E-04
1.11156250E+01 6.22757298728825459E-02 8.79927171680996989E-03 2.24714919747020431E-01 1.71444641921079972E-05 5.91893769840584529E-04
1.11246803E+01 6.21849180475847890E-02 8.78431062928574508E-03 2.24716801216407885E-01 1.71365470247111694E-05 5.89906257755215893E-04
1.11337552E+01 6.20940812858713428E-02 8.76927939145377526E-03 2.24716372136407438E-01 1.71285950345759834E-05 5.87918905291270324E-04
1.11428719E+01 6.20029975158313609E-02 8.75414667046527789E-03 2.24697837578428955E-01 1.71205861341023935E-05 5.85931453154301882E-04
1.11519366E+01 6.19126040373147724E-02 8.73907112959735125E-03 2.24498880358986491E-01 1.71125715918527625E-05 5.83966956265643167E-04
1.11609664E+01 6.18227278677582759E-02 8.72402856187656263E-03 2.24488013073000620E-01 1.71045020614283514E-05 5.82021847016835959E-04
1.11699809E+01 6.17331727607840844E-02 8.70899012867139451E-03 2.24459028477342115E-01 1.70963482156507011E-05 5.80090446865559541E-04
1.11790006E+01 6.16437351122246929E-02 8.69392420665524544E-03 2.24231142862487909E-01 1.70881052550442262E-05 5.78167029793305825E-04
1.11880470E+01 6.15542038868851435E-02 8.67879635607070668E-03 2.24224218568028072E-01 1.70797902035441124E-05 5.76247253483435631E-04
1.11971424E+01 6.14643602725534755E-02 8.66356931150965258E-03 2.24196583826471035E-01 1.70713977820402234E-05 5.74328418187723634E-04
1.12062143E+01 6.13749208517636938E-02 8.64836193777467413E-03 2.23932259639780862E-01 1.70629824073923543E-05 5.72428078653072379E-04
1.12152602E+01 6.12859088751425418E-02 8.63317656493627766E-03 2.23922705569065489E-01 1.70545127684914279E-05 5.70547983645455043E-04
1.12243013E+01 6.11971164867734785E-02 8.61797629262539902E-03 2.23874735317912438E-01 1.70459486453858378E-05 5.68683352605206592E-04
1.12333590E+01 6.11083330842759342E-02 8.60272287537045509E-03 2.23546022635187969E-01 1.70372514969633540E-05 5.66828003687090578E-04
1.12424554E+01 6.10193450002345095E-02 8.58737660690345357E-03 2.23542314373063183E-01 1.70283979466887651E-05 5.64975268575377328E-04
1.12516042E+01 6.09300207408668207E-02 8.57191107099044593E-03 2.23509080108574260E-01 1.70193645705269020E-05 5.63120746654769441E-04
1.12607183E+01 6.08412119450067734E-02 8.55646898287137046E-03 2.23132718537171260E-01 1.70102498120949109E-05 5.61281203021837794E-04
1.12698200E+01 6.07526994233294204E-02 8.54101009695822089E-03 2.23126419310013396E-01 1.70010550064417762E-05 5.59452517710904308E-04
1.12789317E+01 6.06642648531884182E-02 8.52549442992256087E-03 2.22973809973911724E-01 1.69917327126858303E-05 5.57630974460692733E-04
1.12880763E+01 6.05756904393385393E-02 8.50988158108659763E-03 2.22778932498082727E-01 1.69822262646690571E-05 5.55811501690339793E-04
1.12972763E+01 6.04867585123894727E-02 8.49413076345181123E-03 2.22624733697850768E-01 1.69725420754406460E-05 5.53987220723586794E-04
1.13065328E+01 6.03974588605631357E-02 8.47823814889611151E-03 2.22441687784976388E-01 1.69627344945525080E-05 5.52155625022461658E-04
1.13157686E+01 6.03085394713977208E-02 8.46233386123607274E-03 2.22264336117407785E-01 1.69528567819290916E-05 5.50331221977782333E-04
1.13250077E+01 6.02197685221297352E-02 8.44637694224083767E-03 2.22075971260036531E-01 1.69428437204986602E-05 5.48509990732883295E-04
1.13342741E+01 6.01309168548162937E-02 8.43032703143971156E-03 2.21884612486887567E-01 1.69326534713849985E-05 5.46688003959651977E-04
1.13435917E+01 6.00417579239328897E-02 8.41414358326611142E-03 2.21685122881740415E-01 1.69222742447650452E-05 5.44860828406057928E-04
1.13529834E+01 5.99520764357100028E-02 8.39778740006453042E-03 2.21479783590019658E-01 1.69116939361216604E-05 5.43024238867145705E-04
1.13623930E+01 5.98624093937658655E-02 8.38135571724657816E-03 2.21267813450797213E-01 1.69009445451136603E-05 5.41189632215438501E-04
1.13718193E+01 5.97727692173139549E-02 8.36485178765317139E-03 2.21051863139222982E-01 1.68899983011006738E-05 5.39357371521490946E-04
1.13812695E+01 5.96830875941891451E-02 8.34826447111232037E-03 2.20830383794409862E-01 1.68788521795582326E-05 5.37525249361993796E-04
1.13907527E+01 5.95932810486015582E-02 8.33157951269771282E-03 2.20604116354358448E-01 1.68675352591800233E-05 5.35690138634752240E-04
1.14002585E+01 5.95034482675737067E-02 8.31481591476405761E-03 2.20372952775633180E-01 1.68560970933820057E-05 5.33853046643170486E-04
1.14097851E+01 5.94136069915258622E-02 8.29797754686927361E-03 2.20137764700690075E-01 1.68445443503323372E-05 5.32014559129760645E-04
1.14193243E+01 5.93238343846770114E-02 8.28107907389675352E-03 2.19898625522953528E-01 1.68328590256633201E-05 5.30177360361333279E-04
1.14288640E+01 5.92342451968653136E-02 8.26414195424422966E-03 2.19656357677764813E-01 1.68210201921276131E-05 5.28344559666987920E-04
1.14384143E+01 5.91447452908778759E-02 8.24714796341904054E-03 2.19411100867336839E-01 1.68090091985470529E-05 5.26513794049120339E-04
1.14479855E+01 5.90552383851526072E-02 8.23007746564712213E-03 2.19162651924763169E-01 1.67968433523888868E-05 5.24681616352221255E-04
1.14575716E+01 5.89657823188349806E-02 8.21293903323981958E-03 2.18911419653037675E-01 1.67845633648421632E-05 5.22847566182511794E-04
1.14671467E+01 5.88766182817078154E-02 8.19577574119017584E-03 2.18658396388981879E-01 1.67721999600132399E-05 5.21015527299440112E-04
1.14767145E+01 5.87877123617713063E-02 8.17857782628424006E-03 2.18404204459746482E-01 1.67597354278023660E-05 5.19184330490646143E-04
1.14862760E+01 5.86990553297706552E-02 8.16133946231185556E-03 2.18148674815446947E-01 1.67471521319053372E-05 5.17353454886497195E-04
1.14958219E+01 5.86107335484158526E-02 8.14407260106275212E-03 2.17892489452872096E-01 1.67344389255782523E-05 5.15524025439707042E-04
1.15053556E+01 5.85227167035907297E-02 8.12676605778779593E-03 2.17635961474272888E-01 1.67216036062231312E-05 5.13694113740540944E-04
1.15148805E+01 5.84349722873710384E-02 8.10940760060450440E-03 2.17379141043731822E-01 1.67086722274685921E-05 5.11861455318203236E-04
1.15243867E+01 5.83475938822934984E-02 8.09200949468750000E-03 2.17122528490282296E-01 1.66956458308187474E-05 5.10026851911902471E-04
1.15338762E+01 5.82605621305796462E-02 8.07456172223845400E-03 2.16866548169537959E-01 1.66824766588782078E-05 5.08189112205691281E-04
1.15433523E+01 5.81738478688035576E-02 8.05705220586652206E-03 2.16611182533156948E-01 1.66691404939802488E-05 5.06346426997624616E-04
1.15528117E+01 5.80874819546325638E-02 8.03948103310207600E-03 2.16356783430947108E-01 1.66556867364389543E-05 5.04497725997527088E-04
1.15622503E+01 5.80015024053629480E-02 8.02185028766606682E-03 2.16103719961893453E-01 1.66421823134982428E-05 5.02642339996639217E-04
1.15716710E+01 5.79158835782266762E-02 8.00414969188228097E-03 2.15852175855453271E-01 1.66286194937103894E-05 5.00778921494596783E-04
1.15810769E+01 5.78305971420416190E-02 7.98636891535127458E-03 2.15602192136307325E-01 1.66149438583041539E-05 4.98906249146236218E-04
1.15904641E+01 5.77456815075454433E-02 7.96851226417978967E-03 2.15354046559079304E-01 1.66011420161355923E-05 4.97024266513263163E-04
1.15998290E+01 5.76611676237439169E-02 7.95058369208893195E-03 2.15108074217313122E-01 1.65872498399019260E-05 4.95132619476937861E-04
1.16091745E+01 5.75770307663081848E-02 7.93257650476036739E-03 2.14864369199921801E-01 1.65733102387413455E-05 4.93229937385914526E-04
1.16185037E+01 5.74932433330904297E-02 7.91448422755681828E-03 2.14622949801200863E-01 1.65593383275344539E-05 4.91315292726839602E-04
1.16278185E+01 5.74097890433848401E-02 7.89630364915089138E-03 2.14383911921971648E-01 1.65453199173644384E-05 4.89388642477756215E-04
1.16371096E+01 5.73267520848830814E-02 7.87805451818116877E-03 2.14147557217615775E-01 1.65312417205524772E-05 4.87452761639662561E-04
1.16463795E+01 5.72441086312564656E-02 7.85973427594673264E-03 2.13914123229214548E-01 1.65170845876316222E-05 4.85508108928204727E-04
1.16556314E+01 5.71618319221233948E-02 7.84134047038569613E-03 2.13683465859130783E-01 1.65028518590200357E-05 4.83555103756279868E-04
1.16648686E+01 5.70798923838511454E-02 7.82287065435676235E-03 2.13455669489976574E-01 1.64885636781936450E-05 4.81594335225600978E-04
1.16740906E+01 5.69982946287402245E-02 7.80433071711792402E-03 2.13230770916045476E-01 1.64742136958855636E-05 4.79627655930796055E-04
1.16832898E+01 5.69171050120808111E-02 7.78574146502893256E-03 2.13009049285151575E-01 1.64597662661429001E-05 4.77658594198229574E-04
1.16924692E+01 5.68362977467017638E-02 7.76710363040323398E-03 2.12790609170162209E-01 1.64452047097819788E-05 4.75688095423925370E-04
1.17016320E+01 5.67558442503925328E-02 7.74841777737611277E-03 2.12575307138053227E-01 1.64305494323690542E-05 4.73716543236781733E-04
1.17107816E+01 5.66757133008333885E-02 7.72968424590044379E-03 2.12363154397153836E-01 1.64158342482986818E-05 4.71743945718338764E-04
1.17199192E+01 5.65958952989460556E-02 7.71090881834543464E-03 2.12154118235555911E-01 1.64010870632378424E-05 4.69770672031634439E-04
1.17290354E+01 5.65164719410188310E-02 7.69211932187534222E-03 2.11948410513024987E-01 1.63863114663077271E-05 4.67799215374557081E-04
1.17381331E+01 5.64374157095321877E-02 7.67331855205940008E-03 2.11746139788843740E-01 1.63714966782723862E-05 4.65829323574602240E-04
1.17472158E+01 5.63586965553368457E-02 7.65450899133192884E-03 2.11547067760363167E-01 1.63566360947445183E-05 4.63860993601731512E-04
1.17562870E+01 5.62802820873509538E-02 7.63569274485567315E-03 2.11351181561503676E-01 1.63417134806225628E-05 4.61894592324993544E-04
1.17653507E+01 5.62021378203081332E-02 7.61687153020659379E-03 2.11158353009107375E-01 1.63267477780613643E-05 4.59930520845118170E-04
1.17743968E+01 5.61243540936719396E-02 7.59807633963411905E-03 2.10968595713279611E-01 1.63117902557516047E-05 4.57972075187204511E-04
1.17834260E+01 5.60469196279535301E-02 7.57931550397005546E-03 2.10782352202213003E-01 1.62968443388595556E-05 4.56020254590200282E-04
1.17924418E+01 5.59698027243501206E-02 7.56059154550824900E-03 2.10599148955269350E-01 1.62818828347576728E-05 4.54075438630711795E-04
1.18014480E+01 5.58929701882344976E-02 7.54190615378699629E-03 2.10419018191629420E-01 1.62669068349372945E-05 4.52137909410541743E-04
1.18104486E+01 5.58163872373288045E-02 7.52326020033662873E-03 2.10241749504758185E-01 1.62519548222690924E-05 4.50207934820610401E-04
1.18194416E+01 5.57400694100001690E-02 7.50466634496048130E-03 2.10067335018271212E-01 1.62370641262949526E-05 4.48287103115166375E-04
1.18284195E+01 5.56640787748194921E-02 7.48614814871187764E-03 2.09895862011194118E-01 1.62222386122375684E-05 4.46378147543236134E-04
1.18373859E+01 5.55883837453403154E-02 7.46770606924364398E-03 2.09727326992023066E-01 1.62074589071060540E-05 4.44481279315713451E-04
1.18463445E+01 5.55129511323395261E-02 7.44933983674677010E-03 2.09561431358635086E-01 1.61926933303652882E-05 4.42596373581509602E-04
1.18552994E+01 5.54377463694471356E-02 7.43104850974287291E-03 2.09398086684910029E-01 1.61779178969376818E-05 4.40722677849996510E-04
1.18642546E+01 5.53627337726555133E-02 7.41283054864401176E-03 2.09237099092490525E-01 1.61631613382370589E-05 4.38858758106095781E-04
1.18732019E+01 5.52879810383080511E-02 7.39470898988439131E-03 2.09078452447836738E-01 1.61484970011676838E-05 4.37005882772782846E-04
1.18821396E+01 5.52135020684033501E-02 7.37669329769252962E-03 2.08922270118632597E-01 1.61339345110942673E-05 4.35164966950614830E-04
1.18910714E+01 5.51392636775334677E-02 7.35878106785645483E-03 2.08768288168717314E-01 1.61194602262438599E-05 4.33336647564759722E-04
1.19000013E+01 5.50652316635272671E-02 7.34096913054049435E-03 2.08616324075713372E-01 1.61050706262073081E-05 4.31521927937781604E-04
1.19089334E+01 5.49913710330737354E-02 7.32325358783886271E-03 2.08466189968252585E-01 1.60907975070388861E-05 4.29721786742919985E-04
1.19178719E+01 5.49176462410092409E-02 7.30562989340941861E-03 2.08317707230958077E-01 1.60766521392474733E-05 4.27937214202840340E-04
1.19268039E+01 5.48441622763679582E-02 7.28812631850389754E-03 2.08170839154347087E-01 1.60626116021320403E-05 4.26172546533245471E-04
1.19357318E+01 5.47708982422648247E-02 7.27074056762018386E-03 2.08025744165039050E-01 1.60486149338620261E-05 4.24428157917757507E-04
1.19446597E+01 5.46978203599718174E-02 7.25346697754570072E-03 2.07881975835583210E-01 1.60346529182507824E-05 4.22702448114708541E-04
1.19535915E+01 5.46248944254069599E-02 7.23629948456789695E-03 2.07739448584746189E-01 1.60207590795232532E-05 4.20992532062582601E-04
1.19625314E+01 5.45520860205983352E-02 7.21923169580064496E-03 2.07597920320367835E-01 1.60069896072948957E-05 4.19295524799358351E-04
1.19714815E+01 5.44793778346775726E-02 7.20226090268077674E-03 2.07457263020743798E-01 1.59933594487293474E-05 4.17610351815965583E-04
1.19804291E+01 5.44068715516005177E-02 7.18541147875616411E-03 2.07317460164637757E-01 1.59798402004139162E-05 4.15940226976361539E-04
1.19893784E+01 5.43345338779605974E-02 7.16867592870244329E-03 2.07178644439134640E-01 1.59663810423118621E-05 4.14285675421702802E-04
1.19983332E+01 5.42623314349069200E-02 7.15204651254639466E-03 2.07040380030597299E-01 1.59529778730941232E-05 4.12646739197690708E-04
1.20072978E+01 5.41902309088180684E-02 7.13551526963333675E-03 2.06902625213151281E-01 1.59396642896734746E-05 4.11022857986873425E-04
1.20162762E+01 5.41181992118675223E-02 7.11907410188981730E-03 2.06765163085738529E-01 1.59264532917813582E-05 4.09413317012723708E-04
1.20252658E+01 5.40462574214786579E-02 7.10272697458686018E-03 2.06627935940475571E-01 1.59133164343529653E-05 4.07818459729315547E-04
1.20342585E+01 5.39744699044760676E-02 7.08648723019152799E-03 2.06491010463843189E-01 1.59002333136136549E-05 4.06238799785344894E-04
1.20432584E+01 5.39028039499011222E-02 7.07034605772229562E-03 2.06354388253888882E-01 1.58872280895672044E-05 4.04671845457295429E-04
1.20522695E+01 5.38312271762757880E-02 7.05429469125843592E-03 2.06217787947282655E-01 1.58743536299930973E-05 4.03115157646268658E-04
1.20612959E+01 5.37597076286460904E-02 7.03832436776675834E-03 2.06081160874696856E-01 1.58616180392595502E-05 4.01567364905451856E-04
1.20703416E+01 5.36882138762904415E-02 7.02242633715694127E-03 2.05944369352144246E-01 1.58489684551481323E-05 4.00028203343621156E-04
1.20793967E+01 5.36168242947729773E-02 7.00661589622117702E-03 2.05807452680523334E-01 1.58363636016362726E-05 3.98499952134753331E-04
1.20884603E+01 5.35455450817907616E-02 6.99089211119312444E-03 2.05670612261249830E-01 1.58237903690199816E-05 3.96982714946714395E-04
1.20975366E+01 5.34743445474119491E-02 6.97524573771167878E-03 2.05533645992679176E-01 1.58112600467031160E-05 3.95475253380038526E-04
1.21066296E+01 5.34031916102224585E-02 6.95966774697409640E-03 2.05396507502931785E-01 1.57987935337870067E-05 3.93976493697190155E-04
1.21157431E+01 5.33320558336258174E-02 6.94414933745102561E-03 2.05259123775212465E-01 1.57863900500223755E-05 3.92485803606875739E-04
1.21248748E+01 5.32609560510419119E-02 6.92869247367094640E-03 2.05121513252779192E-01 1.57740218996626915E-05 3.91003625285669607E-04
1.21340164E+01 5.31899566721650147E-02 6.91330897002165930E-03 2.04983844439067864E-01 1.57616645436604706E-05 3.89530960725986035E-04
1.21431530E+01 5.31191729594680112E-02 6.89802153841537116E-03 2.04846364421744614E-01 1.57493504888346928E-05 3.88069500543447078E-04
1.21522580E+01 5.30488091104435872E-02 6.88287179892669351E-03 2.04709488645025445E-01 1.57371526584807173E-05 3.86622950101424712E-04
1.21613346E+01 5.29788373748527330E-02 6.86785164487465228E-03 2.04573496068967214E-01 1.57250850986180795E-05 3.85190839322439393E-04
1.21703863E+01 5.29092276938401898E-02 6.85295284568473995E-03 2.04438034530013524E-01 1.57131287408099304E-05 3.83772938875389540E-04
1.21793918E+01 5.28401418041799589E-02 6.83820805671028504E-03 2.04303459668355641E-01 1.57012780971364523E-05 3.82372674493218620E-04
1.21883501E+01 5.27715818172371440E-02 6.82361595581807649E-03 2.04170146133292763E-01 1.56895012123413399E-05 3.80989825467145085E-04
1.21972644E+01 5.27035212616589477E-02 6.80916944282426110E-03 2.04037862600997350E-01 1.56777923379798194E-05 3.79623383547755074E-04
1.22061378E+01 5.26359313268133996E-02 6.79486113269762125E-03 2.03906700632270094E-01 1.56661650455337605E-05 3.78272411991673659E-04
1.22149741E+01 5.25687809385770935E-02 6.78068331312989270E-03 2.03776616127449156E-01 1.56546283319253110E-05 3.76936214385978504E-04
1.22237772E+01 5.25020368826305955E-02 6.76662794341799032E-03 2.03647642742061985E-01 1.56431701288139424E-05 3.75614300421395469E-04
1.22325513E+01 5.24356639467411026E-02 6.75268667331366344E-03 2.03519764844089041E-01 1.56317685884428491E-05 3.74306191517985800E-04
1.22413010E+01 5.23696250607384658E-02 6.73885087035412233E-03 2.03392988164961153E-01 1.56204081823172035E-05 3.73011221333611131E-04
1.22500311E+01 5.23038814143414396E-02 6.72511164222363688E-03 2.03267301178762821E-01 1.56090855893294529E-05 3.71728466569354375E-04
1.22587467E+01 5.22383925390911691E-02 6.71145984927105834E-03 2.03142696921475047E-01 1.55978104557323950E-05 3.70456758279191138E-04
1.22674194E+01 5.21733681236958777E-02 6.69793813529793308E-03 2.03019439665869800E-01 1.55866376612679073E-05 3.69199625666620252E-04
1.22760513E+01 5.21087899459151196E-02 6.68454169731656864E-03 2.02898057131938009E-01 1.55755687423877013E-05 3.67956289467260341E-04
1.22846467E+01 5.20446230991640987E-02 6.67126242982358543E-03 2.02778126622809113E-01 1.55645734891694243E-05 3.66725887971419034E-04
1.22932100E+01 5.19808312500323749E-02 6.65809200667592110E-03 2.02659804891811318E-01 1.55536160355139977E-05 3.65507576578152243E-04
1.23017459E+01 5.19173766781582044E-02 6.64502187638068079E-03 2.02542975881410764E-01 1.55426850021988756E-05 3.64300301625277562E-04
1.23102595E+01 5.18542202982567590E-02 6.63204326478898220E-03 2.02427676675097201E-01 1.55317899756182026E-05 3.63102751060463192E-04
1.23187559E+01 5.17913216592556513E-02 6.61914716704894036E-03 2.02313853878028194E-01 1.55209464763996322E-05 3.61913517012584169E-04
1.23272406E+01 5.17286389264351928E-02 6.60632432969372480E-03 2.02201500099507409E-01 1.55101607170452280E-05 3.60731363012657355E-04
1.23357192E+01 5.16661288567391991E-02 6.59356522921957650E-03 2.02090579469735548E-01 1.54994228162153064E-05 3.59555326113258098E-04
1.23441587E+01 5.16040333578752161E-02 6.58091809836127296E-03 2.01981362699434369E-01 1.54887630619841350E-05 3.58389911973089521E-04
1.23525630E+01 5.15423216492762321E-02 6.56837551406626047E-03 2.01874373296005466E-01 1.54781667596245721E-05 3.57234411414489663E-04
1.23609370E+01 5.14809554688205745E-02 6.55592862712756942E-03 2.01769114594614413E-01 1.54676279767364610E-05 3.56087768780457420E-04
1.23692858E+01 5.14198954426277888E-02 6.54356836921414237E-03 2.01665753832357519E-01 1.54571514308338872E-05 3.54948766649562035E-04
1.23776147E+01 5.13591011343597290E-02 6.53128545578325181E-03 2.01564143860614026E-01 1.54467401187843787E-05 3.53816249890438761E-04
1.23859293E+01 5.12985311070560182E-02 6.51907040482441798E-03 2.01464316717593517E-01 1.54363851244396050E-05 3.52689305469008917E-04
1.23942352E+01 5.12381429923859585E-02 6.50691355756775371E-03 2.01366204841745861E-01 1.54260658487604359E-05 3.51567229079823365E-04
1.24025383E+01 5.11778935666687002E-02 6.49480510416243842E-03 2.01269796645757726E-01 1.54157651979123923E-05 3.50449325653469650E-04
1.24108416E+01 5.11177606397796719E-02 6.48273946949114686E-03 2.01175070640724096E-01 1.54054806582476894E-05 3.49335143027396176E-04
1.24191141E+01 5.10579674054792085E-02 6.47076002696670999E-03 2.01082266230567935E-01 1.53952609429405892E-05 3.48228606780043217E-04
1.24273613E+01 5.09984736478545017E-02 6.45885743779388462E-03 2.00991809998027959E-01 1.53851095029319457E-05 3.47128809906869585E-04
1.24355884E+01 5.09392387261956431E-02 6.44702247015143705E-03 2.00903242993450276E-01 1.53750158914927736E-05 3.46035058898172651E-04
1.24438012E+01 5.08802216565955381E-02 6.43524594944839927E-03 2.00816710825047512E-01 1.53649617426085599E-05 3.44946854053352020E-04
1.24520053E+01 5.08213812248849636E-02 6.42351878966810480E-03 2.00732083370615627E-01 1.53549295338337706E-05 3.43863736611108668E-04
1.24602062E+01 5.07626760996383666E-02 6.41183203384853434E-03 2.00649387722374756E-01 1.53449084508902657E-05 3.42785153312205018E-04
1.24684099E+01 5.07040649353868444E-02 6.40017688626885566E-03 2.00568571515574667E-01 1.53348984618537632E-05 3.41710446584967472E-04
1.24766220E+01 5.06455064628312801E-02 6.38854473125146510E-03 2.00489630910253125E-01 1.53249021400805792E-05 3.40638989003804024E-04
1.24848328E+01 5.05870704301939755E-02 6.37694904142878903E-03 2.00412607248992708E-01 1.53149299703616193E-05 3.39572360237619690E-04
1.24930253E+01 5.05288764641542085E-02 6.36541315949893521E-03 2.00337784522686607E-01 1.53049927524423909E-05 3.38513240764748500E-04
1.25012050E+01 5.04708847122938425E-02 6.35392896981878258E-03 2.00265260192511813E-01 1.52950766545664310E-05 3.37461484443696042E-04
1.25093774E+01 5.04130558180408417E-02 6.34248858916629504E-03 2.00194823078126860E-01 1.52851662806345525E-05 3.36416872406382459E-04
1.25175479E+01 5.03553509759565310E-02 6.33108430648816022E-03 2.00126519523255053E-01 1.52752552260768472E-05 3.35379030023159809E-04
1.25257219E+01 5.02977319936190187E-02 6.31970857297451966E-03 2.00060307079890809E-01 1.52653483882761310E-05 3.34347487652526733E-04
1.25339046E+01 5.02401613432399072E-02 6.30835399745632245E-03 1.99996195156849743E-01 1.52554445881990875E-05 3.33321817569573540E-04
1.25421013E+01 5.01826022028860480E-02 6.29701334267380747E-03 1.99934176537060970E-01 1.52455317345710562E-05 3.32301706034146690E-04
1.25503147E+01 5.01250361519544330E-02 6.28568298705638011E-03 1.99874265176488097E-01 1.52355972699538510E-05 3.31287212406722353E-04
1.25585317E+01 5.00675547028947704E-02 6.27438082463307577E-03 1.99816535178966387E-01 1.52256525929863899E-05 3.30280261704827475E-04
1.25667433E+01 5.00102200290712604E-02 6.26311890007964864E-03 1.99793671127326961E-01 1.52157096582716095E-05 3.29282144530230417E-04
1.25749547E+01 4.99529959097176346E-02 6.25188998324917658E-03 1.99660828244230620E-01 1.52057701890145049E-05 3.28292403331908013E-04
1.25831707E+01 4.98958472210793633E-02 6.24068709665858822E-03 1.99657230301698435E-01 1.51958347448276893E-05 3.27310681204190422E-04
1.25913963E+01 4.98387399262310224E-02 6.22950347712171275E-03 1.99644756734462414E-01 1.51858935849574744E-05 3.26336776248872405E-04
1.25996363E+01 4.97816410776776019E-02 6.21833256580252465E-03 1.99536269048536274E-01 1.51759312939108659E-05 3.25370611187338922E-04
1.26078929E+01 4.97245340309731901E-02 6.20717095893671099E-03 1.99528756294497706E-01 1.51659333935607996E-05 3.24412391157027772E-04
1.26161668E+01 4.96674145303335132E-02 6.19601761723335802E-03 1.99511396557764009E-01 1.51558918218389555E-05 3.23462435468156273E-04
1.26244620E+01 4.96102551492183380E-02 6.18486693407222302E-03 1.99394108338614734E-01 1.51458042260402398E-05 3.22520557400284263E-04
1.26327824E+01 4.95530295053697445E-02 6.17371344958077793E-03 1.99392977636731417E-01 1.51356746602577070E-05 3.21586512930812469E-04
1.26411142E+01 4.94958316645746077E-02 6.16257498858227993E-03 1.99389147462282867E-01 1.51255226928642752E-05 3.20661975859191006E-04
1.26494562E+01 4.94386702911143588E-02 6.15145263404847688E-03 1.99374726318826606E-01 1.51153452678889881E-05 3.19747201052939054E-04
1.26578126E+01 4.93815160048005353E-02 6.14034000868534345E-03 1.99275433294227866E-01 1.51051302569202251E-05 3.18841814966662777E-04
1.26661825E+01 4.93243746728804569E-02 6.12923746290006208E-03 1.99273726636118115E-01 1.50948734388338562E-05 3.17945937818132050E-04
1.26745672E+01 4.92672377531167618E-02 6.11814241969265565E-03 1.99271715905548819E-01 1.50845714604516081E-05 3.17059354507081203E-04
1.26829699E+01 4.92100819914440130E-02 6.10704933128685713E-03 1.99264817212794876E-01 1.50742212677688812E-05 3.16181517867917779E-04
1.26913941E+01 4.91528853671470700E-02 6.09595276237015829E-03 1.99249543699738879E-01 1.50638222692448805E-05 3.15311828729181501E-04
1.26998427E+01 4.90956270504674663E-02 6.08484737088362503E-03 1.99178254498808965E-01 1.50533706973489747E-05 3.14449674474254291E-04
1.27083187E+01 4.90382873658458326E-02 6.07372789475160192E-03 1.99178871441250904E-01 1.50428559595991246E-05 3.13594445373977979E-04
1.27168250E+01 4.89808477575709722E-02 6.06258914165109727E-03 1.99184112879610575E-01 1.50322671429717548E-05 3.12745514745520149E-04
1.27253641E+01 4.89232907572323267E-02 6.05142598016328824E-03 1.99190347749260394E-01 1.50215990936065403E-05 3.11902210521879195E-04
1.27339314E+01 4.88656488991559904E-02 6.04024279906516942E-03 1.99194927291047430E-01 1.50108604056451164E-05 3.11064508751800347E-04
1.27425130E+01 4.88080156876734908E-02 6.02905565160137980E-03 1.99196927276428598E-01 1.50000707329255697E-05 3.10233165384698919E-04
1.27511115E+01 4.87503732018735314E-02 6.01785894030138196E-03 1.99197134991772717E-01 1.49892244806977344E-05 3.09407243240520866E-04
1.27597294E+01 4.86927048325601144E-02 6.00664724974563080E-03 1.99197564288523504E-01 1.49783152057911739E-05 3.08585771127781584E-04
1.27683692E+01 4.86349951909085046E-02 5.99541531081402949E-03 1.99200701809464115E-01 1.49673378787190312E-05 3.07767751724623002E-04
1.27770331E+01 4.85772300337046839E-02 5.98415799842852165E-03 1.99209859960017194E-01 1.49562900356009646E-05 3.06952169678326766E-04
1.27857191E+01 4.85194224165448329E-02 5.97287544249182518E-03 1.99264664425429727E-01 1.49451807266786668E-05 3.06138359382347248E-04
1.27944249E+01 4.84615882917917712E-02 5.96156833207341953E-03 1.99267433346861006E-01 1.49340248238772115E-05 3.05325665304283570E-04
1.28031525E+01 4.84037161125870155E-02 5.95023201796290608E-03 1.99273672359550930E-01 1.49228284853113951E-05 3.04513031429763485E-04
1.28119035E+01 4.83457949855526162E-02 5.93886200792049200E-03 1.99331169556430293E-01 1.49115903117409071E-05 3.03699402323596252E-04
1.28206796E+01 4.82878145574443737E-02 5.92745396656279167E-03 1.99337917832703021E-01 1.49003068567717239E-05 3.02883724661157138E-04
1.28294825E+01 4.82297648994370470E-02 5.91600372402760217E-03 1.99399736219504659E-01 1.48889751473508739E-05 3.02064966501945208E-04
1.28383138E+01 4.81716363835415703E-02 5.90450728702151140E-03 1.99408639781494840E-01 1.48775918778273959E-05 3.01242145006112491E-04
1.28471752E+01 4.81134195517725141E-02 5.89296085049266505E-03 1.99487879578885002E-01 1.48661535764509623E-05 3.00414339468856007E-04
1.28560682E+01 4.80551049764981891E-02 5.88136081162805857E-03 1.99496673606862240E-01 1.48546590718138349E-05 2.99580686460019824E-04
1.28649946E+01 4.79966831147251166E-02 5.86970378555887358E-03 1.99585907950269092E-01 1.48431095899639059E-05 2.98740374608007892E-04
1.28739561E+01 4.79381441557486382E-02 5.85798662418353117E-03 1.99596182230291297E-01 1.48315071088931270E-05 2.97892647844033207E-04
1.28829506E+01 4.78795029721124088E-02 5.84621147004066311E-03 1.99707882559999050E-01 1.48198600365577293E-05 2.97037178084508290E-04
1.28919668E+01 4.78208349818662198E-02 5.83439310083670032E-03 1.99717244745908795E-01 1.48081890611190547E-05 2.96174618797708292E-04
1.29010032E+01 4.77621506718186248E-02 5.82253385178176097E-03 1.99833103955984137E-01 1.47964974275089751E-05 2.95304799370566787E-04
1.29100574E+01 4.77034669565732164E-02 5.81063791943390966E-03 1.99845164446203982E-01 1.47847895337590461E-05 2.94427772853823465E-04
1.29191311E+01 4.76447741820840570E-02 5.79870469937576044E-03 1.99992458874610396E-01 1.47730656680162118E-05 2.93543328381619482E-04
1.29282260E+01 4.75860625874690718E-02 5.78673412710677300E-03 2.00001878945273270E-01 1.47613265029605712E-05 2.92651376851117803E-04
1.29373437E+01 4.75273222192829359E-02 5.77472667624045859E-03 2.00139990477716662E-01 1.47495706062804370E-05 2.91751945107836480E-04
1.29464861E+01 4.74685428531753731E-02 5.76268335401933837E-03 2.00158478697060660E-01 1.47377981903230170E-05 2.90845174074639656E-04
1.29556551E+01 4.74097139252994473E-02 5.75060568305181020E-03 2.00338835319426978E-01 1.47260129671643729E-05 2.89931329366628317E-04
1.29648525E+01 4.73508244681237270E-02 5.73849566827685110E-03 2.00348867794559071E-01 1.47142187876056999E-05 2.89010816748114534E-04
1.29740804E+01 4.72918630560093325E-02 5.72635574604745626E-03 2.00512881076335331E-01 1.47024136264301353E-05 2.88084186109904806E-04
1.29833410E+01 4.72328177533454796E-02 5.71418871634360795E-03 2.00570114024812785E-01 1.46905963780093188E-05 2.87152111117423359E-04
1.29926363E+01 4.71736760682760978E-02 5.70199765245227481E-03 2.00699413083616940E-01 1.46787716120928940E-05 2.86215356071047847E-04
1.30019689E+01 4.71144249040695920E-02 5.68978578967508329E-03 2.00797766751738938E-01 1.46669492312198920E-05 2.85274734988229261E-04
1.30113410E+01 4.70550505087287893E-02 5.67755639398562738E-03 2.00919205059900435E-01 1.46551340277684685E-05 2.84331072257158399E-04
1.30207553E+01 4.69955384173433299E-02 5.66531261445604294E-03 2.01034212706663995E-01 1.46433270619328635E-05 2.83385157476994970E-04
1.30302145E+01 4.69358733846122408E-02 5.65305732263247755E-03 2.01159161931750291E-01 1.46315311511923422E-05 2.82437704825118428E-04
1.30397215E+01 4.68760393027780470E-02 5.64079294267688658E-03 2.01285144147141465E-01 1.46197491458997758E-05 2.81489319077725126E-04
1.30492793E+01 4.68160191024314803E-02 5.62852127678975262E-03 2.01417051859072438E-01 1.46079777156890862E-05 2.80540459567240566E-04
1.30588911E+01 4.67557946341060696E-02 5.61624333023086428E-03 2.01552282057327142E-01 1.45962145942069881E-05 2.79591393162910689E-04
1.30685522E+01 4.66953978475298792E-02 5.60396951325633184E-03 2.01692199646419962E-01 1.45844701331523582E-05 2.78642963796278198E-04
1.30782426E+01 4.66349554136180414E-02 5.59172830044547559E-03 2.01835755783417670E-01 1.45727750420113320E-05 2.77697262386108644E-04
1.30879646E+01 4.65744538098890395E-02 5.57951860077520248E-03 2.01983149995730388E-01 1.45611318157625983E-05 2.76753975851258766E-04
1.30977207E+01 4.65138782049734009E-02 5.56733801013245284E-03 2.02134307802682212E-01 1.45495373118730789E-05 2.75812594756718547E-04
1.31075140E+01 4.64532122517618135E-02 5.55518269800698000E-03 2.02289260012581656E-01 1.45379832522951217E-05 2.74872399510556697E-04
1.31173474E+01 4.63924379186911456E-02 5.54304736911073737E-03 2.02447974297152417E-01 1.45264664821788103E-05 2.73932422848953774E-04
1.31272245E+01 4.63315353464670079E-02 5.53092526104750036E-03 2.02610458441841446E-01 1.45149827450306223E-05 2.72991422253332440E-04
1.31371492E+01 4.62704827294573295E-02 5.51880816892610492E-03 2.02776709064769883E-01 1.45035246109837367E-05 2.72047870037343147E-04
1.31471255E+01 4.62092562231286863E-02 5.50668649446763112E-03 2.02946738147917916E-01 1.44920894774432731E-05 2.71099969937634185E-04
1.31571582E+01 4.61478298768483799E-02 5.49454931633535162E-03 2.03120560502941694E-01 1.44806773796443959E-05 2.70145699297950773E-04
1.31672522E+01 4.60861755906040380E-02 5.48238447989336363E-03 2.03298200815859975E-01 1.44692843708009886E-05 2.69182848845086044E-04
1.31774130E+01 4.60242630929356203E-02 5.47017870449366221E-03 2.03479690860099871E-01 1.44579077640078061E-05 2.68209053551114436E-04
1.31876463E+01 4.59620599363662272E-02 5.45791770478372667E-03 2.03665071439301681E-01 1.44465407084927220E-05 2.67221846870890466E-04
1.31979585E+01 4.58995315094650400E-02 5.44558632590126570E-03 2.03854391923900397E-01 1.44351729136561869E-05 2.66218730564268076E-04
1.32083563E+01 4.58366410608326905E-02 5.43316868602289685E-03 2.04047710876106597E-01 1.44237933946932654E-05 2.65197238609642192E-04
1.32188261E+01 4.57734748237793240E-02 5.42067296754955141E-03 2.04244791939766940E-01 1.44124110551435706E-05 2.64157027832952304E-04
1.32293550E+01 4.57101128387734090E-02 5.40810633537516187E-03 2.04445217094082227E-01 1.44010340459624890E-05 2.63097867933644719E-04
1.32399489E+01 4.56465243160763673E-02 5.39545450141346115E-03 2.04648964296320290E-01 1.43896559902425499E-05 2.62017882658073010E-04
1.32505912E+01 4.55828108204272206E-02 5.38272998400839576E-03 2.04855776983308063E-01 1.43782907853952814E-05 2.60917642035073539E-04
1.32612905E+01 4.55189243341321131E-02 5.36991633955084119E-03 2.05065507116788975E-01 1.43669287687230076E-05 2.59795426202394939E-04
1.32720560E+01 4.54548130206659726E-02 5.35699701211551135E-03 2.05278381565380780E-01 1.43555552605263608E-05 2.58649662340837243E-04
1.32828979E+01 4.53904210311616152E-02 5.34395526143269673E-03 2.05494454711189628E-01 1.43441495993934998E-05 2.57478923411862115E-04
1.32938271E+01 4.53256885188474332E-02 5.33077415773878203E-03 2.05713876727668554E-01 1.43326848304087148E-05 2.56281925062642232E-04
1.33048551E+01 4.52605518774405122E-02 5.31743661392685817E-03 2.05936786538302219E-01 1.43211347527767528E-05 2.55057512492012581E-04
1.33159848E+01 4.51950001755236919E-02 5.30393694948794441E-03 2.06163199302931227E-01 1.43094817616146793E-05 2.53805698416637038E-04
1.33271961E+01 4.51291567174193151E-02 5.29029802456496868E-03 2.06392671310290210E-01 1.42977448429620975E-05 2.52529253144091878E-04
1.33385009E+01 4.50629572727000993E-02 5.27650512935224497E-03 2.06625171654644918E-01 1.42859084068166703E-05 2.51227519455697232E-04
1.33498913E+01 4.49964534690834306E-02 5.26256834061440519E-03 2.06860662848457111E-01 1.42739863228845491E-05 2.49902213998260119E-04
1.33613359E+01 4.49298325072449503E-02 5.24852717357094170E-03 2.07098379514982167E-01 1.42620087887062113E-05 2.48558010979580541E-04
1.33727563E+01 4.48635511946176013E-02 5.23447959530166408E-03 2.07336723279974877E-01 1.42500460295023438E-05 2.47205419659913173E-04
1.33841359E+01 4.47977060193277821E-02 5.22044948776235682E-03 2.07574880610903373E-01 1.42381014951782895E-05 2.45847998867333240E-04
1.33954884E+01 4.47322148923470012E-02 5.20642341782619807E-03 2.07813203167982241E-01 1.42261582233511934E-05 2.44485692138602143E-04
1.34068223E+01 4.46670294011520044E-02 5.19239500959720740E-03 2.08051826602297013E-01 1.42142201868294896E-05 2.43119096891103215E-04
1.34181503E+01 4.46020751264900872E-02 5.17835208611859901E-03 2.08290916667435405E-01 1.42022934490245714E-05 2.41748269612104550E-04
1.34294649E+01 4.45373961659437309E-02 5.16430781156001443E-03 2.08530334853128607E-01 1.41903693371519888E-05 2.40375780727030932E-04
1.34407302E+01 4.44731953336273411E-02 5.15030989855571036E-03 2.08769288327387087E-01 1.41784643279681076E-05 2.39007504455971065E-04
1.34519611E+01 4.44093860939919899E-02 5.13634343151433363E-03 2.09007814517773033E-01 1.41665543882891543E-05 2.37643016149608182E-04
1.34631711E+01 4.43458904039902152E-02 5.12239498902225705E-03 2.09246343060442347E-01 1.41546204045986565E-05 2.36281839018875612E-04
1.34743722E+01 4.42826387667555540E-02 5.10845259446564455E-03 2.09485048706215871E-01 1.41426533520453471E-05 2.34923468868704414E-04
1.34855754E+01 4.42195700848877563E-02 5.09450572579418781E-03 2.09724158056329629E-01 1.41306351965411516E-05 2.33567411515766160E-04
1.34967900E+01 4.41566312069804900E-02 5.08054527294281820E-03 2.09963850283997139E-01 1.41185663735489101E-05 2.32213188946895559E-04
1.35079875E+01 4.40939818749146381E-02 5.06660902767457153E-03 2.10203623745213730E-01 1.41064895024482056E-05 2.30864791928887868E-04
1.35191559E+01 4.40316880213687534E-02 5.05271409114844364E-03 2.10443048442601116E-01 1.40944354142191749E-05 2.29524170434099959E-04
1.35303075E+01 4.39696791117900054E-02 5.03884716528381783E-03 2.10682396540191857E-01 1.40823808388156260E-05 2.28190385199558118E-04
1.35414531E+01 4.39078934872827731E-02 5.02499666226874624E-03 2.10921958116950969E-01 1.40703075401083775E-05 2.26862705346880306E-04
1.35526024E+01 4.38462779857860738E-02 5.01115261735516140E-03 2.11161934265558543E-01 1.40581961964328691E-05 2.25540567682967270E-04
1.35637635E+01 4.37847872367614147E-02 4.99730658014766512E-03 2.11402519476228179E-01 1.40460355317721985E-05 2.24223553439616954E-04
1.35749434E+01 4.37233825689763919E-02 4.98345141541160861E-03 2.11643883841125841E-01 1.40338132741639939E-05 2.22911393238904202E-04
1.35861121E+01 4.36622287527913197E-02 4.96962565780078441E-03 2.11885511809465382E-01 1.40215701256278569E-05 2.21608164799071020E-04
1.35972686E+01 4.36013290496892192E-02 4.95583152079408056E-03 2.12127210331741450E-01 1.40093087379268977E-05 2.20314549170290262E-04
1.36084230E+01 4.35406281881916615E-02 4.94205795763893573E-03 2.12369309382626825E-01 1.39970213934318055E-05 2.19030040631326938E-04
1.36195837E+01 4.34800792011017581E-02 4.92829566201745655E-03 2.12612025482665223E-01 1.39846937132739725E-05 2.17754318035319260E-04
1.36307581E+01 4.34196425021982357E-02 4.91453687379619832E-03 2.12855555480537223E-01 1.39723153028945395E-05 2.16487141264816972E-04
1.36419498E+01 4.33592970167744271E-02 4.90077795654700159E-03 2.13100029331512980E-01 1.39598703949831909E-05 2.15228517122912478E-04
1.36531328E+01 4.32991838112777375E-02 4.88705214620195182E-03 2.13344997283515914E-01 1.39473968319782685E-05 2.13981572649761537E-04
1.36642773E+01 4.32394605081420288E-02 4.87339664280471603E-03 2.13589772909320047E-01 1.39349402847870666E-05 2.12749491075722112E-04
1.36753891E+01 4.31800924911906192E-02 4.85980508588572564E-03 2.13834433252248324E-01 1.39225088642737010E-05 2.11531350997382707E-04
1.36864752E+01 4.31210414175024273E-02 4.84627042069316234E-03 2.14079264080027948E-01 1.39101073512194452E-05 2.10326182308604945E-04
1.36975419E+01 4.30622703833191955E-02 4.83278604403013668E-03 2.14324425594065643E-01 1.38977154496903932E-05 2.09133160480372472E-04
1.37085959E+01 4.30037437551561916E-02 4.81934579051909121E-03 2.14570109942600895E-01 1.38853108718688457E-05 2.07951590546628419E-04
1.37196193E+01 4.29455528154164198E-02 4.80597271285976724E-03 2.14816035411547479E-01 1.38729134345969888E-05 2.06783367118555759E-04
1.37306097E+01 4.28877091782623732E-02 4.79267179361994502E-03 2.15062068208019458E-01 1.38605249615366817E-05 2.05628810912764065E-04
1.37415738E+01 4.28301740287183458E-02 4.77943660192003267E-03 2.15308438874784486E-01 1.38481347647601375E-05 2.04487310691679004E-04
1.37525185E+01 4.27729101600132569E-02 4.76626114189210911E-03 2.15555349669077800E-01 1.38357390596591821E-05 2.03358344323092960E-04
1.37634502E+01 4.27158818347041849E-02 4.75313976109275824E-03 2.15802989493579955E-01 1.38233430622246916E-05 2.02241425644820717E-04
1.37743754E+01 4.26590546609719942E-02 4.74006708738282465E-03 2.16051547006380323E-01 1.38109541485205929E-05 2.01136074243637178E-04
1.37852862E+01 4.26024673887173064E-02 4.72705444919020550E-03 2.16300932954685082E-01 1.37985911267975159E-05 2.00043193177977421E-04
1.37961704E+01 4.25461820463949453E-02 4.71411838075994939E-03 2.16550881218479568E-01 1.37862567180672700E-05 1.98964066694897585E-04
1.38070347E+01 4.24901612165902651E-02 4.70125253347584114E-03 2.16801533087669390E-01 1.37739329745479887E-05 1.97897991193131390E-04
1.38178859E+01 4.24343692109052373E-02 4.68845091098165669E-03 2.17053139933312683E-01 1.37616100905630631E-05 1.96844218889023851E-04
1.38287302E+01 4.23787719417173456E-02 4.67570781093682667E-03 2.17305878963071214E-01 1.37492930483129075E-05 1.95801963769551068E-04
1.38395739E+01 4.23233368023716514E-02 4.66301779480699733E-03 2.17559945289498707E-01 1.37369851888240690E-05 1.94770458495754472E-04
1.38504070E+01 4.22681136000286894E-02 4.65039410210107192E-03 2.17815194441295379E-01 1.37247022902620141E-05 1.93750500741199963E-04
1.38612200E+01 4.22131488890624823E-02 4.63784900618909035E-03 2.18071401685286631E-01 1.37124470603718104E-05 1.92742859750852385E-04
1.38720195E+01 4.21584073786089725E-02 4.62537598160152677E-03 2.18328735369135690E-01 1.37002120486189297E-05 1.91746856595492417E-04
1.38828120E+01 4.21038555963439906E-02 4.61296880096529697E-03 2.18587430999207938E-01 1.36879909960203889E-05 1.90761917949480492E-04
1.38936035E+01 4.20494617483536740E-02 4.60062145832214071E-03 2.18847670634004343E-01 1.36757822940549309E-05 1.89787568828521657E-04
1.39043998E+01 4.19951955788252715E-02 4.58832812035849056E-03 2.19109647283267706E-01 1.36635735332776883E-05 1.88823419731178543E-04
1.39151790E+01 4.19411668019561978E-02 4.57611427071453591E-03 2.19372941447968567E-01 1.36513932847706679E-05 1.87871539557587808E-04
1.39259447E+01 4.18873557828798454E-02 4.56397586275361818E-03 2.19637548888964584E-01 1.36392362152960189E-05 1.86931642886815658E-04
1.39367030E+01 4.18337299736238552E-02 4.55190579394970738E-03 2.19903740480095949E-01 1.36270967461755698E-05 1.86003168412573886E-04
1.39474600E+01 4.17802586635408341E-02 4.53989721708157341E-03 2.20171694982150057E-01 1.36149607811393742E-05 1.85085526378994978E-04
1.39582214E+01 4.17269128165920905E-02 4.52794350873492700E-03 2.20441606246859628E-01 1.36028161658294033E-05 1.84178088739578278E-04
1.39689739E+01 4.16737579657200652E-02 4.51605896435347542E-03 2.20713225949003111E-01 1.35906737006325651E-05 1.83281744965325358E-04
1.39797128E+01 4.16208151141382043E-02 4.50424767839015423E-03 2.20986421210900147E-01 1.35785442605768224E-05 1.82396533232639799E-04
1.39904443E+01 4.15680529279889438E-02 4.49250198705193875E-03 2.21261394793798943E-01 1.35664294558326936E-05 1.81521577557849608E-04
1.40011742E+01 4.15154419960331866E-02 4.48081462256915818E-03 2.21538355401064813E-01 1.35543401223265088E-05 1.80656053927343507E-04
1.40119081E+01 4.14629546430680326E-02 4.46917867980522673E-03 2.21817489381176680E-01 1.35422756558614692E-05 1.79799219562118233E-04
1.40226322E+01 4.14106573171969042E-02 4.45760799827519573E-03 2.22098524025948318E-01 1.35302422362562401E-05 1.78951900268121907E-04
1.40333429E+01 4.13585656623129058E-02 4.44610510914255058E-03 2.22381352536889454E-01 1.35182350209708141E-05 1.78114095797372933E-04
1.40440464E+01 4.13066497592023685E-02 4.43466256612382991E-03 2.22666178332612180E-01 1.35062383524252425E-05 1.77285072298878128E-04
1.40547480E+01 4.12548816091391837E-02 4.42327346927907754E-03 2.22953202269315920E-01 1.34942412683569250E-05 1.76464115220395274E-04
1.40654533E+01 4.12032349357077735E-02 4.41193142999021185E-03 2.23242606971718632E-01 1.34822396380968255E-05 1.75650518339270608E-04
1.40761435E+01 4.11517985121898633E-02 4.40065533919295395E-03 2.23533972824811605E-01 1.34702692680900772E-05 1.74845359299632199E-04
1.40868209E+01 4.11005607932446726E-02 4.38944220756868741E-03 2.23827311986471267E-01 1.34583351499158144E-05 1.74048147830141274E-04
1.40974910E+01 4.10494933700032844E-02 4.37828558332029136E-03 2.24122845903951234E-01 1.34464325550725435E-05 1.73258184110119864E-04
1.41081594E+01 4.09985696620404558E-02 4.36717963744615977E-03 2.24420753879161661E-01 1.34345510414875901E-05 1.72474857327337312E-04
1.41188312E+01 4.09477647140837203E-02 4.35611911922993526E-03 2.24721213240855588E-01 1.34226826861747110E-05 1.71697637773985404E-04
1.41294869E+01 4.08971698376293380E-02 4.34512417917313522E-03 2.25023749453392180E-01 1.34108437127637660E-05 1.70927801963375805E-04
1.41401303E+01 4.08467658486057483E-02 4.33419112071825510E-03 2.25328416762675232E-01 1.33990339194364073E-05 1.70164952901793922E-04
1.41507670E+01 4.07965257302955950E-02 4.32331480273065796E-03 2.25635430032570833E-01 1.33872538561469806E-05 1.69408599145571902E-04
1.41614021E+01 4.07464241375641509E-02 4.31249067344861153E-03 2.25944957801383906E-01 1.33755049239407998E-05 1.68658310927816260E-04
1.41720360E+01 4.06964590979826193E-02 4.30171941660958956E-03 2.26257039601689580E-01 1.33637886510319809E-05 1.67914055480679613E-04
1.41826516E+01 4.06467094932332004E-02 4.29101919765540168E-03 2.26571213292647761E-01 1.33521199875819906E-05 1.67177034682306386E-04
1.41932540E+01 4.05971505370986557E-02 4.28038599286953252E-03 2.26887581504945340E-01 1.33404903435836970E-05 1.66446933951160873E-04
1.42038477E+01 4.05477592952641422E-02 4.26981636190456367E-03 2.27206323493522128E-01 1.33288925194339986E-05 1.65723484097206547E-04
1.42144373E+01 4.04985144441968384E-02 4.25930735202794276E-03 2.27527575145318905E-01 1.33173280830996838E-05 1.65006437028915808E-04
1.42250269E+01 4.04493960179407031E-02 4.24885642014759257E-03 2.27851472467800020E-01 1.33057957231202605E-05 1.64295560161805353E-04
1.42356204E+01 4.04003851443649961E-02 4.23846136019698748E-03 2.28178145701958685E-01 1.32942970152950934E-05 1.63590637136549544E-04
1.42462029E+01 4.03515495154585027E-02 4.22813827655735622E-03 2.28507169008925926E-01 1.32828472982813254E-05 1.62892692448113021E-04
1.42567771E+01 4.03028762218875652E-02 4.21788616927335370E-03 2.28838572549616787E-01 1.32714464686777772E-05 1.62201612707978051E-04
1.42673472E+01 4.02543449849558643E-02 4.20770253540488342E-03 2.29172500722646194E-01 1.32600877200262146E-05 1.61517235553315208E-04
1.42779172E+01 4.02059367335722631E-02 4.19758515273671844E-03 2.29509070915066560E-01 1.32487625032758745E-05 1.60839471191867584E-04
1.42884909E+01 4.01576333264958979E-02 4.18753200262903923E-03 2.29848397541924432E-01 1.32374654538850823E-05 1.60168282274703640E-04
1.42990667E+01 4.01094411012154137E-02 4.17754611409298753E-03 2.30190429264081953E-01 1.32262021692030671E-05 1.59503988720513279E-04
1.43096464E+01 4.00613513825887335E-02 4.16762733065358278E-03 2.30535200554842501E-01 1.32149779838931920E-05 1.58846697925007450E-04
1.43202217E+01 4.00134016740819748E-02 4.15778487879034115E-03 2.30882435837669875E-01 1.32038033485450356E-05 1.58197115955535623E-04
1.43307906E+01 3.99655992724523637E-02 4.14802159407012903E-03 2.31232030257184223E-01 1.31926799489254941E-05 1.57555469118708511E-04
1.43413563E+01 3.99179293867668317E-02 4.13833572232592383E-03 2.31584056272982952E-01 1.31816036269743356E-05 1.56921602207594769E-04
1.43519218E+01 3.98703777350625371E-02 4.12872558021354624E-03 2.31938584872489667E-01 1.31705755338437471E-05 1.56295293434359066E-04
1.43624900E+01 3.98229302055197534E-02 4.11918948553819005E-03 2.32295681922606911E-01 1.31595961810475336E-05 1.55676279991514313E-04
1.43730639E+01 3.97755725514995911E-02 4.10972569915270432E-03 2.32655414896924151E-01 1.31486688265804888E-05 1.55064294377531200E-04
1.43836467E+01 3.97282901278779021E-02 4.10033237338552990E-03 2.33017854091195353E-01 1.31377915209302823E-05 1.54459113409898354E-04
1.43942418E+01 3.96810676757849076E-02 4.09100750752390205E-03 2.33383074260869489E-01 1.31269580292797639E-05 1.53860599348803871E-04
1.44048525E+01 3.96338891597237744E-02 4.08174891200527648E-03 2.33751155923371395E-01 1.31161555060987133E-05 1.53268705189132292E-04
1.44154667E+01 3.95868088488024461E-02 4.07256798820501524E-03 2.34121643268122376E-01 1.31053954745518193E-05 1.52684331196943803E-04
1.44260855E+01 3.95398203489806740E-02 4.06346403740967792E-03 2.34494497789727280E-01 1.30946824338623010E-05 1.52107655577035297E-04
1.44367124E+01 3.94929083899812558E-02 4.05443456506276480E-03 2.34869786405903141E-01 1.30840134474434884E-05 1.51538755382903904E-04
1.44473491E+01 3.94460642684588969E-02 4.04547826757918182E-03 2.35247514237239136E-01 1.30733827291784719E-05 1.50977727007790694E-04
1.44579942E+01 3.93992934186881069E-02 4.03659642674710026E-03 2.35627569719611435E-01 1.30627880088891434E-05 1.50424699440170761E-04
1.44686512E+01 3.93525804669372370E-02 4.02778627794959671E-03 2.36009996380948189E-01 1.30522277283873761E-05 1.49879386809593747E-04
1.44793237E+01 3.93059089511765339E-02 4.01904483331292760E-03 2.36394856261214426E-01 1.30416947082273655E-05 1.49341349779274574E-04
1.44900157E+01 3.92592612803179045E-02 4.01036888543344471E-03 2.36782215800443535E-01 1.30311914567747262E-05 1.48810055870085800E-04
1.45007284E+01 3.92126318194455717E-02 4.00175741837694755E-03 2.37172043843113939E-01 1.30207230539378961E-05 1.48285117774017434E-04
1.45114488E+01 3.91660764837018505E-02 3.99322056468626261E-03 2.37563796124389687E-01 1.30103093261468187E-05 1.47766927863380714E-04
1.45221807E+01 3.91195786312349275E-02 3.98475492249712650E-03 2.37957487714685528E-01 1.29999498546836111E-05 1.47255207410845171E-04
1.45329280E+01 3.90731204811585117E-02 3.97635687107652808E-03 2.38353179921806380E-01 1.29896415221110568E-05 1.46749808809505645E-04
1.45436951E+01 3.90266830796848138E-02 3.96802255509990948E-03 2.38750929341547985E-01 1.29793757524403512E-05 1.46250650980338839E-04
1.45544866E+01 3.89802463182845060E-02 3.95974789577319825E-03 2.39150802750244890E-01 1.29691411998359056E-05 1.45757624693338230E-04
1.45653073E+01 3.89337889902569220E-02 3.95152861637868696E-03 2.39552874784972669E-01 1.29589333409542757E-05 1.45270501127739210E-04
1.45761626E+01 3.88872888748254195E-02 3.94336027491651742E-03 2.39957226900808868E-01 1.29487463256677233E-05 1.44788898974304825E-04
1.45870353E+01 3.88408190811278531E-02 3.93525498521620637E-03 2.40363125307176906E-01 1.29385971718025613E-05 1.44313310928886857E-04
1.45979280E+01 3.87943679497959534E-02 3.92720982591729818E-03 2.40770511861911229E-01 1.29284824890565550E-05 1.43843336444121503E-04
1.46088459E+01 3.87479137623952113E-02 3.91922015895695020E-03 2.41179455676370585E-01 1.29183991837311402E-05 1.43378560887252762E-04
1.46197942E+01 3.87014337059307031E-02 3.91128119375385407E-03 2.41590021557409329E-01 1.29083448955145027E-05 1.42918687697123927E-04
1.46307786E+01 3.86549039576144574E-02 3.90338799948296419E-03 2.42002280682037496E-01 1.28983180019683173E-05 1.42463517150663338E-04
1.46418050E+01 3.86082997900456318E-02 3.89553552835266966E-03 2.42416309129698693E-01 1.28883108135507316E-05 1.42012873948900941E-04
1.46528662E+01 3.85616520559049006E-02 3.88772802787647892E-03 2.42831694753807947E-01 1.28783262075430344E-05 1.41567068174612462E-04
1.46639531E+01 3.85149991304345948E-02 3.87997080363120710E-03 2.43247933517814041E-01 1.28683629984941100E-05 1.41126380784452598E-04
1.46750714E+01 3.84683164549907905E-02 3.87225864184163188E-03 2.43665069527877060E-01 1.28584079403158145E-05 1.40690418294657765E-04
1.46862273E+01 3.84215785030864038E-02 3.86458628020410356E-03 2.44083170721317133E-01 1.28484522370549243E-05 1.40258762406475257E-04
1.46974272E+01 3.83747588759232872E-02 3.85694841982132681E-03 2.44502299842610321E-01 1.28384923588262607E-05 1.39831045300536038E-04
1.47086777E+01 3.83278304133130715E-02 3.84933974406362518E-03 2.44922521909619217E-01 1.28285259881884546E-05 1.39407006098870217E-04
1.47199713E+01 3.82808248523444361E-02 3.84176448147311150E-03 2.45343378880587853E-01 1.28185606706922989E-05 1.38987006320734439E-04
1.47312971E+01 3.82337876175690428E-02 3.83422892129446245E-03 2.45764269480561404E-01 1.28086036594614359E-05 1.38571529704009536E-04
1.47426616E+01 3.81866914366310803E-02 3.82672769126378648E-03 2.46185228399566330E-01 1.27986468019397869E-05 1.38160344706375930E-04
1.47540718E+01 3.81395082427394352E-02 3.81925543850311069E-03 2.46606312419166362E-01 1.27886819420326556E-05 1.37753126654565939E-04
1.47655346E+01 3.80922092732652526E-02 3.81180684470071567E-03 2.47027568075257026E-01 1.27787011130572631E-05 1.37349508486218750E-04
1.47770574E+01 3.80447651779301163E-02 3.80437665277073194E-03 2.47449039871771859E-01 1.27686941119733533E-05 1.36949161593641794E-04
1.47886267E+01 3.79972319809720599E-02 3.79697299188507887E-03 2.47870021951888037E-01 1.27586656919258914E-05 1.36552541101388024E-04
1.48002355E+01 3.79496383746123350E-02 3.78959964693496767E-03 2.48290021990690335E-01 1.27486193543427306E-05 1.36159906222974221E-04
1.48118911E+01 3.79019546890152284E-02 3.78225143048327439E-03 2.48709067932550654E-01 1.27385483158966396E-05 1.35771045474383832E-04
1.48236010E+01 3.78541506821277046E-02 3.77492322592063931E-03 2.49127194980900191E-01 1.27284468614428979E-05 1.35385741452039921E-04
1.48353729E+01 3.78061956356248174E-02 3.76760999267125021E-03 2.49544425503505030E-01 1.27183092655414098E-05 1.35003770537452388E-04
1.48472146E+01 3.77580584535536848E-02 3.76030678696843155E-03 2.49960774785815021E-01 1.27081253259169714E-05 1.34624906483751469E-04
1.48591058E+01 3.77098220343061938E-02 3.75302594109645218E-03 2.50375285607011888E-01 1.26979078797057558E-05 1.34249804549800149E-04
1.48710446E+01 3.76614946753766749E-02 3.74576844928222559E-03 2.50787610352809498E-01 1.26876526008086866E-05 1.33878522412869211E-04
1.48830389E+01 3.76130447920545660E-02 3.73852943353916159E-03 2.51197765188620192E-01 1.26773473788790468E-05 1.33510827220640607E-04
1.48950966E+01 3.75644404991145320E-02 3.73130413143276697E-03 2.51605756471883657E-01 1.26669848719520115E-05 1.33146494708127709E-04
1.49072260E+01 3.75156496995771652E-02 3.72408789909761456E-03 2.52011575580529834E-01 1.26565608530774140E-05 1.32785283721114673E-04
1.49194352E+01 3.74666401694079138E-02 3.71687622438928713E-03 2.52415201640050657E-01 1.26460745909335263E-05 1.32426928207349438E-04
1.49317012E+01 3.74175054611957519E-02 3.70968306058115996E-03 2.52815594856594938E-01 1.26355531598135038E-05 1.32072071515034812E-04
1.49440235E+01 3.73682478083657496E-02 3.70250890215680474E-03 2.53212434992256707E-01 1.26249999205452300E-05 1.31720714905168639E-04
1.49564105E+01 3.73188342621658953E-02 3.69534923452515419E-03 2.53605714915660863E-01 1.26144065803273634E-05 1.31372643330882044E-04
1.49688706E+01 3.72692318741672940E-02 3.68819968433143361E-03 2.53995408002691492E-01 1.26037601351573358E-05 1.31027638780129924E-04
1.49814124E+01 3.72194077769434500E-02 3.68105601342213866E-03 2.54381468293437552E-01 1.25930526683675069E-05 1.30685445071934805E-04
1.49907062E+01 3.71825492574172772E-02 3.67579186736490936E-03 2.54665267096352843E-01 1.25851178855892965E-05 1.30434934080471735E-04
1.50000000E+01 3.71457460591735483E-02 3.67055599504112397E-03 2.54941474349392072E-01 1.25771913132751076E-05 1.30187119776027101E-04
