#  time, MeanKE MeanKEDR MeanP
0 1.24981176165412808E-01 4.68679415817068389E-04 -5.50482138072360219E-18
7.36310778E-03 1.24977283133439435E-01 4.72233540084722675E-04 6.16694700050183391E-05
1.47275082E-02 1.24973670911856349E-01 4.72227837445938201E-04 7.24037675326336458E-05
2.20921225E-02 1.24970152147728289E-01 4.72227841104718891E-04 7.14867578886996605E-05
2.94570031E-02 1.24966664174863254E-01 4.72233311267483268E-04 6.66038696732073086E-05
3.68222098E-02 1.24963186054134118E-01 4.72244168445242266E-04 5.74545925561071371E-05
4.41878047E-02 1.24959710759012646E-01 4.72260386911182951E-04 4.39448059082648643E-05
5.15538507E-02 1.24956235900856027E-01 4.72281959166958871E-04 2.60973333053319166E-05
5.89203024E-02 1.24952760688221684E-01 4.72308883661667336E-04 3.91146966806469408E-06
6.62869998E-02 1.24949284899284405E-01 4.72341160417160224E-04 -2.26128920176282563E-05
7.36540062E-02 1.24945808378644954E-01 4.72378791139091815E-04 -5.34726382860660834E-05
8.10213849E-02 1.24942331028174744E-01 4.72421778210378078E-04 -8.86640188634509388E-05
8.83891991E-02 1.24938852768899059E-01 4.72470124541412944E-04 -1.28182831190072784E-04
9.57575118E-02 1.24935373528206370E-01 4.72523833520887269E-04 -1.72024545591292690E-04
1.03126386E-01 1.24931893235638067E-01 4.72582908998117970E-04 -2.20184350731869848E-04
1.10495885E-01 1.24928411821471394E-01 4.72647355277001045E-04 -2.72657164263919512E-04
1.17866070E-01 1.24924929216247371E-01 4.72717177112957486E-04 -3.29437634629359071E-04
1.25237006E-01 1.24921445350607951E-01 4.72792379711482887E-04 -3.90520139490490930E-04
1.32608753E-01 1.24917960155267835E-01 4.72872968726924952E-04 -4.55898783417229138E-04
1.39981374E-01 1.24914473560959804E-01 4.72958950261281061E-04 -5.25567395378486032E-04
1.47354930E-01 1.24910985498460039E-01 4.73050330863284015E-04 -5.99519526077493163E-04
1.54729485E-01 1.24907495898561177E-01 4.73147117527135256E-04 -6.77748444596179794E-04
1.62104811E-01 1.24904004828100684E-01 4.73249313619224417E-04 -7.60243890162923589E-04
1.69480933E-01 1.24900512235638722E-01 4.73356925824813650E-04 -8.46997588217670693E-04
1.76857913E-01 1.24897018051761982E-01 4.73469961766656892E-04 -9.37979778633272142E-04
1.84235812E-01 1.24893522207111529E-01 4.73588429512216151E-04 -1.03325114728091902E-03
1.91614692E-01 1.24890024632343805E-01 4.73712337570599451E-04 -1.13272360915703490E-03
1.98994613E-01 1.24886525258141437E-01 4.73841694891357420E-04 -1.23642579112903444E-03
2.06375638E-01 1.24883024015215213E-01 4.73976510863267193E-04 -1.34434269702999221E-03
2.13757826E-01 1.24879520834325172E-01 4.74116795313157466E-04 -1.45646459432959116E-03
2.21141237E-01 1.24876015646235280E-01 4.74262558504315529E-04 -1.57278155289932667E-03
2.28525932E-01 1.24872508381756231E-01 4.74413811135523250E-04 -1.69328333309070656E-03
2.35911971E-01 1.24868998971719075E-01 4.74570564339395640E-04 -1.81795937956624461E-03
2.43299411E-01 1.24865487347030416E-01 4.74732829681218159E-04 -1.94679881776522491E-03
2.50688313E-01 1.24861973438563936E-01 4.74900619157324312E-04 -2.07979044782750835E-03
2.58078691E-01 1.24858457198014014E-01 4.75073944160129429E-04 -2.21692192754485229E-03
2.65470335E-01 1.24854938684205302E-01 4.75252810868496164E-04 -2.35817615380238882E-03
2.72863304E-01 1.24851417827653938E-01 4.75437231879445002E-04 -2.50354040413884333E-03
2.80257657E-01 1.24847894558914319E-01 4.75627220239964997E-04 -2.65300164131259493E-03
2.87653453E-01 1.24844368808585307E-01 4.75822789423645579E-04 -2.80654649861441499E-03
2.95050748E-01 1.24840840507295756E-01 4.76023953329143389E-04 -2.96416126401582904E-03
3.02449603E-01 1.24837309585710529E-01 4.76230726278443594E-04 -3.12583187298282397E-03
3.09850072E-01 1.24833775974519862E-01 4.76443123015344065E-04 -3.29154390433036804E-03
3.17252214E-01 1.24830239604483473E-01 4.76661158703610714E-04 -3.46128257365455614E-03
3.24656084E-01 1.24826700406364829E-01 4.76884848925292432E-04 -3.63503272826133650E-03
3.32061739E-01 1.24823158310973042E-01 4.77114209679066047E-04 -3.81277884060090026E-03
3.39469234E-01 1.24819613249187888E-01 4.77349257378421540E-04 -3.99450500298920413E-03
3.46878623E-01 1.24816065151891739E-01 4.77590008849750535E-04 -4.18019492175667525E-03
3.54289962E-01 1.24812513950036674E-01 4.77836481330638362E-04 -4.36983190877379690E-03
3.61703304E-01 1.24808959574612272E-01 4.78088692467901319E-04 -4.56339887802408896E-03
3.69118457E-01 1.24805402074369423E-01 4.78346651718586640E-04 -4.76087177072410678E-03
3.76535429E-01 1.24801841402371799E-01 4.78610375321841450E-04 -4.96223104282553316E-03
3.83954274E-01 1.24798277489029608E-01 4.78879881536173032E-04 -5.16745796882276103E-03
3.91375046E-01 1.24794710264811218E-01 4.79155189031660919E-04 -5.37653342078351758E-03
3.98797799E-01 1.24791139660220901E-01 4.79436316882093287E-04 -5.58943784952775115E-03
4.06222584E-01 1.24787565605819231E-01 4.79723284563065970E-04 -5.80615127758638255E-03
4.13649455E-01 1.24783988032188639E-01 4.80016111949511666E-04 -6.02665329080922987E-03
4.21078464E-01 1.24780406869965527E-01 4.80314819314077380E-04 -6.25092303334132647E-03
4.28509660E-01 1.24776822049845568E-01 4.80619427324587608E-04 -6.47893919718503779E-03
4.35943095E-01 1.24773233502555037E-01 4.80929957042248080E-04 -6.71068001825076647E-03
4.43378819E-01 1.24769641158868017E-01 4.81246429919145646E-04 -6.94612326735038858E-03
4.50816880E-01 1.24766044949634822E-01 4.81568867796194802E-04 -7.18524624198569987E-03
4.58257328E-01 1.24762444805716008E-01 4.81897292900913821E-04 -7.42802576107012055E-03
4.65700211E-01 1.24758840658046363E-01 4.82231727845030731E-04 -7.67443815496431266E-03
4.73145576E-01 1.24755232437619226E-01 4.82572195622193968E-04 -7.92445925930963628E-03
4.80593310E-01 1.24751620153205844E-01 4.82918712112747608E-04 -8.17805892183495406E-03
4.88043356E-01 1.24748003785937131E-01 4.83271295772122304E-04 -8.43520817029665138E-03
4.95495762E-01 1.24744383266048350E-01 4.83629970194153600E-04 -8.69588102708160338E-03
5.02950575E-01 1.24740758523805229E-01 4.83994759369488691E-04 -8.96005100407679458E-03
5.10407842E-01 1.24737129489568679E-01 4.84365687664090115E-04 -9.22769109534282359E-03
5.17867610E-01 1.24733496093721849E-01 4.84742779817010202E-04 -9.49877376383908255E-03
5.25329923E-01 1.24729858266690780E-01 4.85126060937931299E-04 -9.77327093255585602E-03
5.32794826E-01 1.24726215938974191E-01 4.85515556504431786E-04 -1.00511539795469715E-02
5.40262364E-01 1.24722569041115922E-01 4.85911292359610212E-04 -1.03323937276313463E-02
5.47732579E-01 1.24718917503696944E-01 4.86313294709485701E-04 -1.06169604361977914E-02
5.55205514E-01 1.24715261257388035E-01 4.86721590120234380E-04 -1.09048237927500333E-02
5.62681211E-01 1.24711600232892197E-01 4.87136205515848960E-04 -1.11959529088489704E-02
5.70159710E-01 1.24707934360958214E-01 4.87557168175122111E-04 -1.14903163038904948E-02
5.77641054E-01 1.24704263572417220E-01 4.87984505729189167E-04 -1.17878819062310711E-02
5.85125280E-01 1.24700587798117227E-01 4.88418246158684810E-04 -1.20886170356282550E-02
5.92612429E-01 1.24696906969012644E-01 4.88858417791031698E-04 -1.23924884046825723E-02
6.00102538E-01 1.24693221016100433E-01 4.89305049297555071E-04 -1.26994621013676433E-02
6.07595467E-01 1.24689529957436637E-01 4.89758158977163542E-04 -1.30094962400465423E-02
6.15091207E-01 1.24685833747901584E-01 4.90217772760554046E-04 -1.33225534425463910E-02
6.22589796E-01 1.24682132317554970E-01 4.90683919931492532E-04 -1.36385977600446563E-02
6.30091271E-01 1.24678425596511655E-01 4.91156630125515431E-04 -1.39575926013181494E-02
6.37595671E-01 1.24674713514971613E-01 4.91635933314697152E-04 -1.42795007268975011E-02
6.45103031E-01 1.24670996003164558E-01 4.92121859804767192E-04 -1.46042842444274821E-02
6.52613387E-01 1.24667272991374631E-01 4.92614440232249577E-04 -1.49319045909914964E-02
6.60126775E-01 1.24663544409984339E-01 4.93113705561224022E-04 -1.52623225372946168E-02
6.67643228E-01 1.24659810189393927E-01 4.93619687080696420E-04 -1.55954981683509280E-02
6.75162779E-01 1.24656070260069238E-01 4.94132416401243013E-04 -1.59313908865191291E-02
6.82685462E-01 1.24652324552551458E-01 4.94651925452216628E-04 -1.62699593933245852E-02
6.90211308E-01 1.24648572997431470E-01 4.95178246478395400E-04 -1.66111616909822707E-02
6.97740348E-01 1.24644815525356042E-01 4.95711412037120268E-04 -1.69549550687392581E-02
7.05272611E-01 1.24641052067057070E-01 4.96251454994894262E-04 -1.73012961008142223E-02
7.12808128E-01 1.24637282553283019E-01 4.96798408524510237E-04 -1.76501406315506086E-02
7.20346926E-01 1.24633506914879594E-01 4.97352306101507698E-04 -1.80014437770042168E-02
7.27889033E-01 1.24629725082748846E-01 4.97913181501325798E-04 -1.83551599123218424E-02
7.35434477E-01 1.24625936987855498E-01 4.98481068795693480E-04 -1.87112426657801909E-02
7.42983282E-01 1.24622142561222088E-01 4.99056002349557615E-04 -1.90696449151954786E-02
7.50535474E-01 1.24618341733927454E-01 4.99638016817752651E-04 -1.94303187767080679E-02
7.58090923E-01 1.24614534514830025E-01 5.00227135103371206E-04 -1.97932081544289935E-02
7.65649635E-01 1.24610720843988151E-01 5.00823390620562655E-04 -2.01582627009007781E-02
7.73211636E-01 1.24606900651383995E-01 5.01426818651545987E-04 -2.05254322527520239E-02
7.80776951E-01 1.24603073867083400E-01 5.02037454769702681E-04 -2.08946658650718056E-02
7.88345604E-01 1.24599240421209109E-01 5.02655334829956476E-04 -2.12659118221738483E-02
7.95917618E-01 1.24595400243972448E-01 5.03280494965005877E-04 -2.16391176199209195E-02
8.03493015E-01 1.24591553265608099E-01 5.03912971582052790E-04 -2.20142299635201419E-02
8.11071817E-01 1.24587699416426320E-01 5.04552801359211536E-04 -2.23911947701356008E-02
8.18654044E-01 1.24583838626804111E-01 5.05200021242095568E-04 -2.27699571565976797E-02
8.26239715E-01 1.24579970827205289E-01 5.05854668440227457E-04 -2.31504614358551269E-02
8.33828850E-01 1.24576095948132154E-01 5.06516780423577474E-04 -2.35326511180864485E-02
8.41421467E-01 1.24572213920138619E-01 5.07186394918932265E-04 -2.39164689003222679E-02
8.49017582E-01 1.24568324673899264E-01 5.07863549906156634E-04 -2.43018566669873787E-02
8.56617211E-01 1.24564428140065339E-01 5.08548283614799665E-04 -2.46887554885303999E-02
8.64220370E-01 1.24560524249462984E-01 5.09240634520318012E-04 -2.50771056111375838E-02
8.71827073E-01 1.24556612932889429E-01 5.09940641340445771E-04 -2.54668464653300154E-02
8.79437334E-01 1.24552694121267044E-01 5.10648343031460490E-04 -2.58579166508928135E-02
8.87051165E-01 1.24548767745549516E-01 5.11363778784444840E-04 -2.62502539489773319E-02
8.94668577E-01 1.24544833736782101E-01 5.12086988021629602E-04 -2.66437953091557822E-02
9.02289583E-01 1.24540892026057892E-01 5.12818010392705206E-04 -2.70384768559312795E-02
9.09914191E-01 1.24536942544550097E-01 5.13556885770613731E-04 -2.74342338844012906E-02
9.17542410E-01 1.24532985223498496E-01 5.14303654248328282E-04 -2.78310008602019703E-02
9.25174249E-01 1.24529019994187598E-01 5.15058356134636525E-04 -2.82287114262521135E-02
9.32809716E-01 1.24525046788021121E-01 5.15821031950347174E-04 -2.86272983914098583E-02
9.40448815E-01 1.24521065536415051E-01 5.16591722424558381E-04 -2.90266937439372583E-02
9.48091554E-01 1.24517076170873250E-01 5.17370468490587539E-04 -2.94268286463532126E-02
9.55737936E-01 1.24513078622986273E-01 5.18157311282184700E-04 -2.98276334388317688E-02
9.63387965E-01 1.24509072824386349E-01 5.18952292129598331E-04 -3.02290376442464169E-02
9.71041619E-01 1.24505058719684689E-01 5.19755449973732862E-04 -3.06309686658111924E-02
9.78698836E-01 1.24501036274575635E-01 5.20566819613941796E-04 -3.10333509935548646E-02
9.86359621E-01 1.24497005419449316E-01 5.21386442977910523E-04 -3.14361118964261166E-02
9.94023976E-01 1.24492966084802578E-01 5.22214362214981111E-04 -3.18391778293655725E-02
1.00169190E+00 1.24488918201171916E-01 5.23050619660094668E-04 -3.22424744522588277E-02
1.00936341E+00 1.24484861699199756E-01 5.23895257829994358E-04 -3.26459266338611567E-02
1.01703848E+00 1.24480796509548131E-01 5.24748319418878837E-04 -3.30494584625936963E-02
1.02471714E+00 1.24476722563011483E-01 5.25609847294609815E-04 -3.34529932553773932E-02
1.03239936E+00 1.24472639790386058E-01 5.26479884494316167E-04 -3.38564535622570759E-02
1.04008516E+00 1.24468548122572270E-01 5.27358474220461200E-04 -3.42597611727046697E-02
1.04777453E+00 1.24464447490555852E-01 5.28245659836617848E-04 -3.46628371304815303E-02
1.05546746E+00 1.24460337825361783E-01 5.29141484863441289E-04 -3.50656017375122753E-02
1.06316395E+00 1.24456219058076717E-01 5.30045992974254401E-04 -3.54679745668261409E-02
1.07086400E+00 1.24452091119893318E-01 5.30959227991058226E-04 -3.58698744718547874E-02
1.07856759E+00 1.24447953942034367E-01 5.31881233880306939E-04 -3.62712196002313164E-02
1.08627473E+00 1.24443807455811878E-01 5.32812054748618528E-04 -3.66719274025588821E-02
1.09398540E+00 1.24439651592600370E-01 5.33751734838672394E-04 -3.70719146476928760E-02
1.10169959E+00 1.24435486283840838E-01 5.34700318524926202E-04 -3.74710974359760626E-02
1.10941730E+00 1.24431311461054184E-01 5.35657850309240484E-04 -3.78693912136442087E-02
1.11713852E+00 1.24427127055801889E-01 5.36624374816879550E-04 -3.82667107836171250E-02
1.12486322E+00 1.24422932999733629E-01 5.37599936792072883E-04 -3.86629703309019634E-02
1.13259141E+00 1.24418729224563998E-01 5.38584581093688513E-04 -3.90580834267998181E-02
1.14032306E+00 1.24414515662051015E-01 5.39578352691283923E-04 -3.94519630562005161E-02
1.14805817E+00 1.24410292244054588E-01 5.40581296660359628E-04 -3.98445216297544647E-02
1.15579671E+00 1.24406058902463756E-01 5.41593458178550699E-04 -4.02356710035332785E-02
1.16353868E+00 1.24401815569265883E-01 5.42614882520872752E-04 -4.06253225009509319E-02
1.17128405E+00 1.24397562176468621E-01 5.43645615055831613E-04 -4.10133869294416267E-02
1.17903281E+00 1.24393298656189519E-01 5.44685701240924425E-04 -4.13997746030399655E-02
1.18678495E+00 1.24389024940582779E-01 5.45735186618374933E-04 -4.17843953637585322E-02
1.19454043E+00 1.24384740961855103E-01 5.46794116810922015E-04 -4.21671586059771952E-02
1.20229925E+00 1.24380446652296014E-01 5.47862537517388760E-04 -4.25479732932259463E-02
1.21006138E+00 1.24376141944233895E-01 5.48940494508526507E-04 -4.29267479922427406E-02
1.21782680E+00 1.24371826770084862E-01 5.50028033622711860E-04 -4.33033908874768739E-02
1.22559549E+00 1.24367501062281116E-01 5.51125200761682201E-04 -4.36778098128064590E-02
1.23336742E+00 1.24363164753341582E-01 5.52232041886117561E-04 -4.40499122762929990E-02
1.24114258E+00 1.24358817775832506E-01 5.53348603011780756E-04 -4.44196054849409980E-02
1.24892094E+00 1.24354460062377770E-01 5.54474930204704283E-04 -4.47867963766189411E-02
1.25670247E+00 1.24350091545652255E-01 5.55611069577457636E-04 -4.51513916425919370E-02
1.26448716E+00 1.24345712158364402E-01 5.56757067284695891E-04 -4.55132977620439222E-02
1.27227496E+00 1.24341321833285598E-01 5.57912969519003634E-04 -4.58724210324952045E-02
1.28006586E+00 1.24336920503246490E-01 5.59078822506621910E-04 -4.62286675887896986E-02
1.28785982E+00 1.24332508101134706E-01 5.60254672503459001E-04 -4.65819434534866933E-02
1.29565683E+00 1.24328084559821486E-01 5.61440565790650515E-04 -4.69321545515186400E-02
1.30345684E+00 1.24323649812280751E-01 5.62636548670777470E-04 -4.72792067502762065E-02
1.31125983E+00 1.24319203791524086E-01 5.63842667463585433E-04 -4.76230058960748909E-02
1.31906578E+00 1.24314746430562409E-01 5.65058968501726418E-04 -4.79634578384509278E-02
1.32687464E+00 1.24310277662483801E-01 5.66285498127064475E-04 -4.83004684750666935E-02
1.33468639E+00 1.24305797420376465E-01 5.67522302686373787E-04 -4.86339437780233808E-02
1.34250099E+00 1.24301305637416912E-01 5.68769428527526833E-04 -4.89637898349266354E-02
1.35031842E+00 1.24296802246735172E-01 5.70026921995155631E-04 -4.92899128850115692E-02
1.35813864E+00 1.24292287181556521E-01 5.71294829427459734E-04 -4.96122193503917147E-02
1.36596160E+00 1.24287760375094258E-01 5.72573197151431189E-04 -4.99306158814925571E-02
1.37378729E+00 1.24283221760605064E-01 5.73862071479730299E-04 -5.02450093879044588E-02
1.38161566E+00 1.24278671271338917E-01 5.75161498706396198E-04 -5.05553070810731350E-02
1.38944668E+00 1.24274108840587094E-01 5.76471525103398972E-04 -5.08614165094454368E-02
1.39728032E+00 1.24269534401660511E-01 5.77792196916708674E-04 -5.11632456008619049E-02
1.40511652E+00 1.24264947887841343E-01 5.79123560362634513E-04 -5.14607026991989319E-02
1.41295527E+00 1.24260349232460432E-01 5.80465661624418507E-04 -5.17536966080246602E-02
1.42079651E+00 1.24255738368843627E-01 5.81818546848485120E-04 -5.20421366244971928E-02
1.42864022E+00 1.24251115230300899E-01 5.83182262140769609E-04 -5.23259325866550704E-02
1.43648635E+00 1.24246479750155667E-01 5.84556853563698853E-04 -5.26049949103656531E-02
1.44433486E+00 1.24241831861717444E-01 5.85942367132262954E-04 -5.28792346312820655E-02
1.45218571E+00 1.24237171498288945E-01 5.87338848811260503E-04 -5.31485634439723964E-02
1.46003887E+00 1.24232498593146723E-01 5.88746344511551032E-04 -5.34128937478394183E-02
1.46789429E+00 1.24227813079574256E-01 5.90164900086938694E-04 -5.36721386839411410E-02
1.47575192E+00 1.24223114890806008E-01 5.91594561331394426E-04 -5.39262121790471741E-02
1.48361174E+00 1.24218403960050877E-01 5.93035373975402949E-04 -5.41750496974780990E-02
1.49147370E+00 1.24213680220512310E-01 5.94487383683716514E-04 -5.44185006025231857E-02
1.49933775E+00 1.24208943605331149E-01 5.95950636051805990E-04 -5.46565572726687918E-02
1.50720385E+00 1.24204194047594266E-01 5.97425176603316342E-04 -5.48891014829764948E-02
1.51507197E+00 1.24199431480591468E-01 5.98911050723151955E-04 -5.51160569365805944E-02
1.52294199E+00 1.24194655873959336E-01 6.00408292323586753E-04 -5.53373415673419217E-02
1.53081387E+00 1.24189867161228526E-01 6.01916946282870613E-04 -5.55528761262157750E-02
1.53868756E+00 1.24185065275874210E-01 6.03437057458003812E-04 -5.57625824595531228E-02
1.54656303E+00 1.24180250151256291E-01 6.04968670628428548E-04 -5.59663835606151877E-02
1.55444023E+00 1.24175421720624499E-01 6.06511830493714822E-04 -5.61642036247806883E-02
1.56231911E+00 1.24170579917133483E-01 6.08066581672523504E-04 -5.63559680907232199E-02
1.57019963E+00 1.24165724673795469E-01 6.09632968700549714E-04 -5.65416036787304774E-02
1.57808174E+00 1.24160855923526381E-01 6.11211036029412486E-04 -5.67210384311560081E-02
1.58596540E+00 1.24155973599071101E-01 6.12800828025295398E-04 -5.68942017478546169E-02
1.59385056E+00 1.24151077633068582E-01 6.14402388967721209E-04 -5.70610244276708728E-02
1.60173717E+00 1.24146167957997766E-01 6.16015763048526630E-04 -5.72214387008258135E-02
1.60962520E+00 1.24141244506164428E-01 6.17640994370881021E-04 -5.73753782714700872E-02
1.61751459E+00 1.24136307209723157E-01 6.19278126948777244E-04 -5.75227783476448609E-02
1.62540530E+00 1.24131356000669643E-01 6.20927204705986062E-04 -5.76635756801862492E-02
1.63329728E+00 1.24126390810774936E-01 6.22588271476002359E-04 -5.77977085955778541E-02
1.64119049E+00 1.24121411571660345E-01 6.24261371001366434E-04 -5.79251170305072269E-02
1.64908487E+00 1.24116418214749627E-01 6.25946546933712892E-04 -5.80457425627914220E-02
1.65698040E+00 1.24111410671201905E-01 6.27643842833547198E-04 -5.81595284451044553E-02
1.66487701E+00 1.24106388872025908E-01 6.29353302170675231E-04 -5.82664196336676668E-02
1.67277467E+00 1.24101352747951296E-01 6.31074968323996639E-04 -5.83663628200967455E-02
1.68067333E+00 1.24096302229511610E-01 6.32808884582519325E-04 -5.84593064560562647E-02
1.68857294E+00 1.24091237246941904E-01 6.34555094145758327E-04 -5.85452007850857797E-02
1.69647345E+00 1.24086157730276841E-01 6.36313640124269568E-04 -5.86239978634952169E-02
1.70437483E+00 1.24081063609223274E-01 6.38084565541237781E-04 -5.86956515884308680E-02
1.71227703E+00 1.24075954813251441E-01 6.39867913333096020E-04 -5.87601177192983506E-02
1.72018000E+00 1.24070831271530652E-01 6.41663726351348099E-04 -5.88173538992521616E-02
1.72808369E+00 1.24065692912892933E-01 6.43472047363584810E-04 -5.88673196760440484E-02
1.73598808E+00 1.24060539665904274E-01 6.45292919055750992E-04 -5.89099765177145754E-02
1.74389309E+00 1.24055371458779193E-01 6.47126384033878087E-04 -5.89452878204794264E-02
1.75179871E+00 1.24050188219384155E-01 6.48972484826275202E-04 -5.89732188843344676E-02
1.75970488E+00 1.24044989875266673E-01 6.50831263885673339E-04 -5.89937367675235844E-02
1.76761155E+00 1.24039776353562184E-01 6.52702763592217139E-04 -5.90068094436804608E-02
1.77551869E+00 1.24034547581089893E-01 6.54587026255986520E-04 -5.90123965632805628E-02
1.78342626E+00 1.24029303484224085E-01 6.56484094120008159E-04 -5.90106833004254427E-02
1.79133420E+00 1.24024043988964924E-01 6.58394009363648175E-04 -5.90009820573605542E-02
1.79924248E+00 1.24018769020890207E-01 6.60316814105936728E-04 -5.89841637217271911E-02
1.80715106E+00 1.24013478505148489E-01 6.62252550409518853E-04 -5.89596214407847874E-02
1.81505990E+00 1.24008172366422420E-01 6.64201260284098534E-04 -5.89275115938093647E-02
1.82296895E+00 1.24002850528958680E-01 6.66162985691270775E-04 -5.88878024603652975E-02
1.83087818E+00 1.23997512916519906E-01 6.68137768548487726E-04 -5.88404798265586074E-02
1.83878754E+00 1.23992159452389103E-01 6.70125650734012396E-04 -5.87855316601367112E-02
1.84669700E+00 1.23986790059322824E-01 6.72126674091603170E-04 -5.87229481175085208E-02
1.85460652E+00 1.23981404659561034E-01 6.74140880436191123E-04 -5.86527214484715911E-02
1.86251606E+00 1.23976003174827806E-01 6.76168311558660810E-04 -5.85748459977401409E-02
1.87042558E+00 1.23970585526268315E-01 6.78209009232340300E-04 -5.84893182039183113E-02
1.87833504E+00 1.23965151634465892E-01 6.80263015218413405E-04 -5.83961365965632584E-02
1.88624442E+00 1.23959701419439350E-01 6.82330371272416220E-04 -5.82953017955541858E-02
1.89415367E+00 1.23954234800538909E-01 6.84411119151105436E-04 -5.81868165013481112E-02
1.90206276E+00 1.23948751696574627E-01 6.86505300618704098E-04 -5.80706854928436031E-02
1.90997165E+00 1.23943252025664266E-01 6.88612957454658213E-04 -5.79469156154217360E-02
1.91788031E+00 1.23937735705267213E-01 6.90734131460588106E-04 -5.78155157729711155E-02
1.92578871E+00 1.23932202652207155E-01 6.92868864468346429E-04 -5.76764969165686828E-02
1.93369682E+00 1.23926652782579888E-01 6.95017198347944545E-04 -5.75298720311074457E-02
1.94160460E+00 1.23921086011763840E-01 6.97179175015711370E-04 -5.73756561236788767E-02
1.94951203E+00 1.23915502254423618E-01 6.99354836443361093E-04 -5.72138662055749550E-02
1.95741907E+00 1.23909901424473876E-01 7.01544224666421010E-04 -5.70445212802826312E-02
1.96532569E+00 1.23904283435031820E-01 7.03747381793995300E-04 -5.68676423205935755E-02
1.97323187E+00 1.23898648198438682E-01 7.05964350018064451E-04 -5.66832522555450746E-02
1.98113758E+00 1.23892995626236055E-01 7.08195171623362228E-04 -5.64913759479890865E-02
1.98904279E+00 1.23887325629097655E-01 7.10439888997810797E-04 -5.62920401715597055E-02
1.99694748E+00 1.23881638116880813E-01 7.12698544643115871E-04 -5.60852735948315917E-02
2.00485163E+00 1.23875932998565919E-01 7.14971181185319903E-04 -5.58711067518275067E-02
2.01275520E+00 1.23870210182185594E-01 7.17257841386404566E-04 -5.56495720214269934E-02
2.02065817E+00 1.23864469574908043E-01 7.19558568155700788E-04 -5.54207036032162079E-02
2.02856053E+00 1.23858711082943496E-01 7.21873404561939659E-04 -5.51845374873310493E-02
2.03646226E+00 1.23852934611527160E-01 7.24202393845185593E-04 -5.49411114326598254E-02
2.04436333E+00 1.23847140064917052E-01 7.26545579429907799E-04 -5.46904649364700138E-02
2.05226372E+00 1.23841327346386157E-01 7.28903004937562549E-04 -5.44326392031710543E-02
2.06016342E+00 1.23835496358133457E-01 7.31274714200149073E-04 -5.41677197890199774E-02
2.06806241E+00 1.23829647001320958E-01 7.33660751273545022E-04 -5.38956119273281270E-02
2.07596067E+00 1.23823779176031323E-01 7.36061160451985125E-04 -5.36165247856015409E-02
2.08385820E+00 1.23817892781252867E-01 7.38475986282215884E-04 -5.33304275485854545E-02
2.09175497E+00 1.23811987714827515E-01 7.40905273578009349E-04 -5.30373814401935290E-02
2.09965097E+00 1.23806063873455149E-01 7.43349067435670899E-04 -5.27374375385918914E-02
2.10754620E+00 1.23800121152663492E-01 7.45807413249209724E-04 -5.24306481609241454E-02
2.11544064E+00 1.23794159446778351E-01 7.48280356726593074E-04 -5.21170670756912896E-02
2.12333429E+00 1.23788178648882086E-01 7.50767943905374276E-04 -5.17967494723792013E-02
2.13122713E+00 1.23782178650815949E-01 7.53270221169832126E-04 -5.14697519244945445E-02
2.13911916E+00 1.23776159343151143E-01 7.55787235267438404E-04 -5.11361323595115186E-02
2.14701037E+00 1.23770120615137605E-01 7.58319033326569723E-04 -5.07959500175221151E-02
2.15490077E+00 1.23764062354709908E-01 7.60865662874252884E-04 -5.04492654193693171E-02
2.16279034E+00 1.23757984448435582E-01 7.63427171854119159E-04 -5.00961403313535114E-02
2.17067909E+00 1.23751886781520479E-01 7.66003608644479669E-04 -4.97366377218066702E-02
2.17856702E+00 1.23745769237719516E-01 7.68595022078079012E-04 -4.93708217358937579E-02
2.18645412E+00 1.23739631699388425E-01 7.71201461460621239E-04 -4.89987576465634872E-02
2.19434040E+00 1.23733474047403966E-01 7.73822976590680576E-04 -4.86205118295433766E-02
2.20222587E+00 1.23727296161150385E-01 7.76459617779648903E-04 -4.82361517157816402E-02
2.21011052E+00 1.23721097918505288E-01 7.79111435872348931E-04 -4.78457457634901689E-02
2.21799436E+00 1.23714879195775826E-01 7.81778482267447123E-04 -4.74493634148406077E-02
2.22587741E+00 1.23708639867733269E-01 7.84460808938996579E-04 -4.70470750650541156E-02
2.23375966E+00 1.23702379807512905E-01 7.87158468457895455E-04 -4.66389520185884823E-02
2.24164114E+00 1.23696098886643152E-01 7.89871514013903205E-04 -4.62250664586070156E-02
2.24952173E+00 1.23689797069663321E-01 7.92599958622626868E-04 -4.58054976134117872E-02
2.25740142E+00 1.23683474247124919E-01 7.95343846621192428E-04 -4.53803210784273076E-02
2.26528022E+00 1.23677130290077847E-01 7.98103230805509998E-04 -4.49496120324996626E-02
2.27315814E+00 1.23670765067893318E-01 8.00878164684109216E-04 -4.45134463474978967E-02
2.28103520E+00 1.23664378448238507E-01 8.03668702459530760E-04 -4.40719005848611081E-02
2.28891141E+00 1.23657970297032668E-01 8.06474899053436140E-04 -4.36250519763856440E-02
2.29678678E+00 1.23651540478448049E-01 8.09296810131929461E-04 -4.31729783725357599E-02
2.30466133E+00 1.23645088854831803E-01 8.12134492130730645E-04 -4.27157582294177551E-02
2.31253508E+00 1.23638615286744205E-01 8.14988002281624106E-04 -4.22534705551251347E-02
2.32040805E+00 1.23632119632847565E-01 8.17857398638497063E-04 -4.17861948819926582E-02
2.32828026E+00 1.23625601749939723E-01 8.20742740104569925E-04 -4.13140112382263738E-02
2.33615174E+00 1.23619061492924037E-01 8.23644086459657254E-04 -4.08370001083701584E-02
2.34402250E+00 1.23612498714709737E-01 8.26561498387824571E-04 -4.03552424025008377E-02
2.35189258E+00 1.23605913266273987E-01 8.29495037505687547E-04 -3.98688194222972941E-02
2.35976200E+00 1.23599304996590456E-01 8.32444766391178819E-04 -3.93778128359032129E-02
2.36763079E+00 1.23592673752537296E-01 8.35410748612873161E-04 -3.88823046394916466E-02
2.37549898E+00 1.23586019379019002E-01 8.38393048759095822E-04 -3.83823771262170807E-02
2.38336660E+00 1.23579341718765418E-01 8.41391732468663449E-04 -3.78781128708967491E-02
2.39123368E+00 1.23572640612433435E-01 8.44406866460901745E-04 -3.73695946742894844E-02
2.39910026E+00 1.23565915898523226E-01 8.47438518567130805E-04 -3.68569055672487919E-02
2.40696638E+00 1.23559167413786475E-01 8.50486757548786954E-04 -3.63401287879090290E-02
2.41483184E+00 1.23552395185990510E-01 8.53551566373732988E-04 -3.58193624230660757E-02
2.42269667E+00 1.23545599052604094E-01 8.56633012855143689E-04 -3.52946907340577556E-02
2.43056093E+00 1.23538778848924252E-01 8.59731166512564451E-04 -3.47661979652035824E-02
2.43842464E+00 1.23531934407891633E-01 8.62846098107142431E-04 -3.42339683951858390E-02
2.44628784E+00 1.23525065560242772E-01 8.65977879677004071E-04 -3.36980863399344507E-02
2.45415057E+00 1.23518172134372564E-01 8.69126584572258777E-04 -3.31586361399201709E-02
2.46201288E+00 1.23511253956284678E-01 8.72292287491311454E-04 -3.26157021337501393E-02
2.46987480E+00 1.23504310849673976E-01 8.75475064517341247E-04 -3.20693686324447294E-02
2.47773638E+00 1.23497342635757859E-01 8.78674993154685197E-04 -3.15197199036541531E-02
2.48559768E+00 1.23490349133350982E-01 8.81892152366963778E-04 -3.09668401446225837E-02
2.49345873E+00 1.23483330158796117E-01 8.85126622615125332E-04 -3.04108134630279477E-02
2.50131958E+00 1.23476285525922463E-01 8.88378485896154256E-04 -2.98517238598115624E-02
2.50918029E+00 1.23469215046020112E-01 8.91647825782599605E-04 -2.92896552051215564E-02
2.51704090E+00 1.23462118527847678E-01 8.94934727462471562E-04 -2.87246912243370109E-02
2.52490147E+00 1.23454995777530899E-01 8.98239277780217994E-04 -2.81569154784448543E-02
2.53276188E+00 1.23447846764288174E-01 9.01561488725231668E-04 -2.75864244418325376E-02
2.54062206E+00 1.23440671386484846E-01 9.04901404622064425E-04 -2.70133091506915904E-02
2.54848209E+00 1.23433469448565425E-01 9.08259113783781678E-04 -2.64376531891718086E-02
2.55634200E+00 1.23426240752245980E-01 9.11634706589096512E-04 -2.58595398297738373E-02
2.56420186E+00 1.23418985096538120E-01 9.15028275263464063E-04 -2.52790520721325393E-02
2.57206173E+00 1.23411702277735111E-01 9.18439913925388771E-04 -2.46962726315935396E-02
2.57992166E+00 1.23404392089295975E-01 9.21869718632981647E-04 -2.41112839467045210E-02
2.58778172E+00 1.23397054321929406E-01 9.25317787431507955E-04 -2.35241681480905240E-02
2.59564197E+00 1.23389688763477931E-01 9.28784220401225689E-04 -2.29350070609546548E-02
2.60350246E+00 1.23382295198918093E-01 9.32269119706762841E-04 -2.23438821886246183E-02
2.61136327E+00 1.23374873410334526E-01 9.35772589646692013E-04 -2.17508747031757953E-02
2.61922446E+00 1.23367423176864666E-01 9.39294736704606738E-04 -2.11560654309553807E-02
2.62708609E+00 1.23359944274716624E-01 9.42835669600866557E-04 -2.05595348563335951E-02
2.63494803E+00 1.23352436683947436E-01 9.46395401867339151E-04 -1.99613794453684205E-02
2.64281021E+00 1.23344900288201581E-01 9.49973992271483086E-04 -1.93616879474239681E-02
2.65067272E+00 1.23337334861165757E-01 9.53571552482734971E-04 -1.87605402138399761E-02
2.65853561E+00 1.23329740173428654E-01 9.57188196938759880E-04 -1.81580156426917570E-02
2.66639897E+00 1.23322115992469297E-01 9.60824042571318203E-04 -1.75541931991338822E-02
2.67426286E+00 1.23314462082646362E-01 9.64479208865310971E-04 -1.69491514414895662E-02
2.68212735E+00 1.23306778205129780E-01 9.68153817919132297E-04 -1.63429685005392830E-02
2.68999252E+00 1.23299064117937923E-01 9.71847994505090768E-04 -1.57357220949330377E-02
2.69785844E+00 1.23291319575832004E-01 9.75561866132008027E-04 -1.51274895102341128E-02
2.70572519E+00 1.23283544330318753E-01 9.79295563108767983E-04 -1.45183476003005203E-02
2.71359284E+00 1.23275738129626236E-01 9.83049218608932117E-04 -1.39083728021114402E-02
2.72146147E+00 1.23267900730526653E-01 9.86822963062736810E-04 -1.32976420168854550E-02
2.72933080E+00 1.23260032230295954E-01 9.90616765148558381E-04 -1.26862582580471121E-02
2.73720090E+00 1.23252132373781825E-01 9.94430761973394244E-04 -1.20742970116322658E-02
2.74507186E+00 1.23244200902436679E-01 9.98265094924528440E-04 -1.14618332256209050E-02
2.75294376E+00 1.23236237554213882E-01 1.00211990858609275E-03 -1.08489413446154377E-02
2.76081667E+00 1.23228242063584417E-01 1.00599535081428342E-03 -1.02356953550115492E-02
2.76869068E+00 1.23220214161515754E-01 1.00989157281381630E-03 -9.62216877698850344E-03
2.77656588E+00 1.23212153575420258E-01 1.01380872921537943E-03 -9.00843467445749946E-03
2.78444235E+00 1.23204060029118281E-01 1.01774697815485435E-03 -8.39456564928444532E-03
2.79232017E+00 1.23195933242834343E-01 1.02170648135476816E-03 -7.78063385087386216E-03
2.80019944E+00 1.23187772933126882E-01 1.02568740420723643E-03 -7.16671097604251999E-03
2.80808011E+00 1.23179578932110914E-01 1.02968985803332481E-03 -6.55287714514159788E-03
2.81596201E+00 1.23171351246249339E-01 1.03371387082390855E-03 -5.93922510505112949E-03
2.82384522E+00 1.23163089587662783E-01 1.03775961444320516E-03 -5.32582534971763177E-03
2.83172983E+00 1.23154793664661699E-01 1.04182726579158747E-03 -4.71274785192705731E-03
2.83961592E+00 1.23146463181694324E-01 1.04591700587229846E-03 -4.10006209698088753E-03
2.84750360E+00 1.23138097839322364E-01 1.05002901988844534E-03 -3.48783711606496117E-03
2.85539294E+00 1.23129697334197111E-01 1.05416349734149622E-03 -2.87614148585993174E-03
2.86328404E+00 1.23121261359045858E-01 1.05832063213258973E-03 -2.26504333003164698E-03
2.87117700E+00 1.23112789602577100E-01 1.06250062266592324E-03 -1.65461034003805039E-03
2.87907191E+00 1.23104281749487066E-01 1.06670367195475704E-03 -1.04490975954530827E-03
2.88696880E+00 1.23095737550403636E-01 1.07092995337734081E-03 -4.36013371723660927E-04
2.89486741E+00 1.23087157071422246E-01 1.07517948762254748E-03 1.71985046460929817E-04
2.90276783E+00 1.23078539991599706E-01 1.07945248663674398E-03 7.79019573640982090E-04
2.91067016E+00 1.23069885985754857E-01 1.08374916885191613E-03 1.38502476453363985E-03
2.91857450E+00 1.23061194724428280E-01 1.08806975786515355E-03 1.98993562956586685E-03
2.92648094E+00 1.23052465873875749E-01 1.09241448256417145E-03 2.59368759429148138E-03
2.93438959E+00 1.23043699096013676E-01 1.09678357725480021E-03 3.19621651018911447E-03
2.94230054E+00 1.23034894048361168E-01 1.10117728179123472E-03 3.79745863326609243E-03
2.95021388E+00 1.23026050384045349E-01 1.10559584171066711E-03 4.39735061916902634E-03
2.95812974E+00 1.23017167751701337E-01 1.11003950837090500E-03 4.99582952433975328E-03
2.96604799E+00 1.23008246022029796E-01 1.11450842649350799E-03 5.59281769396530008E-03
2.97396850E+00 1.22999285110788087E-01 1.11900272076189593E-03 6.18823497647980666E-03
2.98189138E+00 1.22990284659448931E-01 1.12352265555520177E-03 6.78201983818211337E-03
2.98981673E+00 1.22981244304754198E-01 1.12806850271931201E-03 7.37411113612582072E-03
2.99774464E+00 1.22972163678692833E-01 1.13264054064306295E-03 7.96444812221685540E-03
3.00567523E+00 1.22963042408434850E-01 1.13723905442112273E-03 8.55297041158973974E-03
3.01360859E+00 1.22953880116322994E-01 1.14186433602043546E-03 9.13961798420947352E-03
3.02154483E+00 1.22944676419755899E-01 1.14651668445169344E-03 9.72433116927162895E-03
3.02948406E+00 1.22935430931179826E-01 1.15119640594514463E-03 1.03070506446213093E-02
3.03742634E+00 1.22926143298903418E-01 1.15590379358315254E-03 1.08877148714022227E-02
3.04537136E+00 1.22916813623678553E-01 1.16063891745575164E-03 1.14662344633409217E-02
3.05331923E+00 1.22907441509141485E-01 1.16540210011548714E-03 1.20425515194511543E-02
3.06127005E+00 1.22898026553600589E-01 1.17019367415070481E-03 1.26166084792386207E-02
3.06922392E+00 1.22888568350037974E-01 1.17501398028562560E-03 1.31883481007151748E-02
3.07718097E+00 1.22879066486030433E-01 1.17986336758927192E-03 1.37577134540589601E-02
3.08514128E+00 1.22869520543750999E-01 1.18474219368881902E-03 1.43246479146684393E-02
3.09310498E+00 1.22859930099816925E-01 1.18965082498914123E-03 1.48890951539055790E-02
3.10107217E+00 1.22850294725267872E-01 1.19458963689814492E-03 1.54509991254394713E-02
3.10904296E+00 1.22840613985452818E-01 1.19955901405846229E-03 1.60103040607236791E-02
3.11701701E+00 1.22830887978851652E-01 1.20455907597737783E-03 1.65669237191250346E-02
3.12499441E+00 1.22821116302373301E-01 1.20959020083673393E-03 1.71208013452171931E-02
3.13297527E+00 1.22811298510078229E-01 1.21465279768430607E-03 1.76718825772361442E-02
3.14095970E+00 1.22801434149993546E-01 1.21974728590053131E-03 1.82201133030963081E-02
3.14894781E+00 1.22791522764027439E-01 1.22487409529562809E-03 1.87654396582139504E-02
3.15693970E+00 1.22781563887895823E-01 1.23003366638132160E-03 1.93078080180844290E-02
3.16493550E+00 1.22771557050990701E-01 1.23522645064927709E-03 1.98471649914919029E-02
3.17293531E+00 1.22761501776307957E-01 1.24045291085617300E-03 2.03834574079339234E-02
3.18093924E+00 1.22751397580333030E-01 1.24571352131771455E-03 2.09166323073669697E-02
3.18894694E+00 1.22741244567387997E-01 1.25100846104577714E-03 2.14466059925532936E-02
3.19695851E+00 1.22731042264062312E-01 1.25633821182531669E-03 2.19733257786239276E-02
3.20497405E+00 1.22720790172802741E-01 1.26170327950375508E-03 2.24967400734705052E-02
3.21299369E+00 1.22710487789079517E-01 1.26710418272748095E-03 2.30167974498155306E-02
3.22101753E+00 1.22700134601244071E-01 1.27254145318845993E-03 2.35334466637102876E-02
3.22904569E+00 1.22689730090501603E-01 1.27801563596059774E-03 2.40466366434216559E-02
3.23707828E+00 1.22679273730694219E-01 1.28352728984451820E-03 2.45563164819406696E-02
3.24511542E+00 1.22668764988252285E-01 1.28907698771878187E-03 2.50624354249416800E-02
3.25315715E+00 1.22658203410766525E-01 1.29466527034548728E-03 2.55649386464282397E-02
3.26120316E+00 1.22647589007912075E-01 1.30029244584367208E-03 2.60637496422992943E-02
3.26925356E+00 1.22636921228971518E-01 1.30595912338421190E-03 2.65588190122169783E-02
3.27730848E+00 1.22626199515124351E-01 1.31166593046918591E-03 2.70500974274733054E-02
3.28536803E+00 1.22615423299399992E-01 1.31741351041450181E-03 2.75375356542480049E-02
3.29343231E+00 1.22604592006459026E-01 1.32320252274372276E-03 2.80210845656153514E-02
3.30150146E+00 1.22593705052468277E-01 1.32903364358315517E-03 2.85006951357791131E-02
3.30957557E+00 1.22582761844928848E-01 1.33490756606464631E-03 2.89763184277536875E-02
3.31765477E+00 1.22571761782501662E-01 1.34082500073179063E-03 2.94479055848601012E-02
3.32573896E+00 1.22560704525355960E-01 1.34678653156358416E-03 2.99153963989390488E-02
3.33382798E+00 1.22549589866391209E-01 1.35279268201778970E-03 3.03787254992041594E-02
3.34192193E+00 1.22538417182731715E-01 1.35884420921296802E-03 3.08378452668328432E-02
3.35002093E+00 1.22527185841839234E-01 1.36494189148205934E-03 3.12927080742994579E-02
3.35812509E+00 1.22515895201402228E-01 1.37108652648532461E-03 3.17432663021030084E-02
3.36623454E+00 1.22504544609144658E-01 1.37727893163258034E-03 3.21894723604352687E-02
3.37434938E+00 1.22493133402576129E-01 1.38351994450449994E-03 3.26312786790434184E-02
3.38246973E+00 1.22481660908804954E-01 1.38981042327123772E-03 3.30686376908714344E-02
3.39059571E+00 1.22470126444281138E-01 1.39615124711188845E-03 3.35015018262849879E-02
3.39872707E+00 1.22458529831981452E-01 1.40254303446569442E-03 3.39298044010652583E-02
3.40686378E+00 1.22446870567905264E-01 1.40898659216871780E-03 3.43534915148743375E-02
3.41500597E+00 1.22435147941283379E-01 1.41548285699709354E-03 3.47725166599930149E-02
3.42315374E+00 1.22423361229816396E-01 1.42203278934318949E-03 3.51868332199204228E-02
3.43130722E+00 1.22411509699369009E-01 1.42863737239626700E-03 3.55963945120014447E-02
3.43946652E+00 1.22399592603687157E-01 1.43529761251874068E-03 3.60011537872262158E-02
3.44763176E+00 1.22387609184220161E-01 1.44201453960972944E-03 3.64010642194106809E-02
3.45580305E+00 1.22375558669759660E-01 1.44878920745456635E-03 3.67960788896766131E-02
3.46398045E+00 1.22363440347774258E-01 1.45562265416135611E-03 3.71861484767997824E-02
3.47216363E+00 1.22351254098628293E-01 1.46251560237153889E-03 3.75712045654621254E-02
3.48035270E+00 1.22338999117962935E-01 1.46946916743563366E-03 3.79512011909668642E-02
3.48854778E+00 1.22326674587590251E-01 1.47648449403433484E-03 3.83260921427430595E-02
3.49674899E+00 1.22314279675327237E-01 1.48356275193793521E-03 3.86958310124669719E-02
3.50495644E+00 1.22301813534707010E-01 1.49070513623871578E-03 3.90603712271326772E-02
3.51317025E+00 1.22289275304648407E-01 1.49791286755153095E-03 3.94196660419645628E-02
3.52139052E+00 1.22276664109129130E-01 1.50518719218525735E-03 3.97736685231324730E-02
3.52961738E+00 1.22263979056869782E-01 1.51252938228371128E-03 4.01223315386082593E-02
3.53785069E+00 1.22251219628583416E-01 1.51994051348089561E-03 4.04655972962091742E-02
3.54609030E+00 1.22238385301133581E-01 1.52742167449049617E-03 4.08034084607515612E-02
3.55433634E+00 1.22225475142396942E-01 1.53497420365070842E-03 4.11357185414424273E-02
3.56258892E+00 1.22212488203705921E-01 1.54259946789690673E-03 4.14624807021059319E-02
3.57084816E+00 1.22199423519715786E-01 1.55029885982016394E-03 4.17836477994551203E-02
3.57911417E+00 1.22186280107962245E-01 1.55807379757416089E-03 4.20991724147966248E-02
3.58738706E+00 1.22173056968638616E-01 1.56592572473275224E-03 4.24090068306463494E-02
3.59566694E+00 1.22159753084216685E-01 1.57385611009794486E-03 4.27131030216755178E-02
3.60395394E+00 1.22146367419161725E-01 1.58186644745563886E-03 4.30114126380527692E-02
3.61224769E+00 1.22132899665157196E-01 1.58995781285818389E-03 4.33038707488863431E-02
3.62054828E+00 1.22119348831420588E-01 1.59813168914271428E-03 4.35904280529755481E-02
3.62885582E+00 1.22105713833813523E-01 1.60638963184728907E-03 4.38710364807853095E-02
3.63717042E+00 1.22091993569087801E-01 1.61473322017278943E-03 4.41456474988465505E-02
3.64549220E+00 1.22078186914644962E-01 1.62316405584323181E-03 4.44142121736758044E-02
3.65380935E+00 1.22064312657602272E-01 1.63167169832273743E-03 4.46763030399840097E-02
3.66211810E+00 1.22050376531264215E-01 1.64025328028639971E-03 4.49317822841872883E-02
3.67041852E+00 1.22036377840466517E-01 1.64890990055300527E-03 4.51806393568034009E-02
3.67871105E+00 1.22022315297224349E-01 1.65764307208745134E-03 4.54228707500321446E-02
3.68699612E+00 1.22008187607940355E-01 1.66645431797854079E-03 4.56584708309561021E-02
3.69527411E+00 1.21993993473116402E-01 1.67534516598259460E-03 4.58874325858122309E-02
3.70354543E+00 1.21979731586900536E-01 1.68431714802643557E-03 4.61097477124928490E-02
3.71181048E+00 1.21965400636319207E-01 1.69337179961918005E-03 4.63254066455088542E-02
3.72006961E+00 1.21950999300676377E-01 1.70251065920081130E-03 4.65343985775141175E-02
3.72832322E+00 1.21936526250861474E-01 1.71173526743809514E-03 4.67367114842248896E-02
3.73657165E+00 1.21921980148631398E-01 1.72104716647197365E-03 4.69323321412707592E-02
3.74481357E+00 1.21907362648806403E-01 1.73044599531165248E-03 4.71212070157221927E-02
3.75304808E+00 1.21892674702025264E-01 1.73993177246554130E-03 4.73032972244738711E-02
3.76127556E+00 1.21877914941924917E-01 1.74950597036537957E-03 4.74785951955439545E-02
3.76949638E+00 1.21863081995628952E-01 1.75917007784222161E-03 4.76470913232416651E-02
3.77771094E+00 1.21848174483691868E-01 1.76892557657318868E-03 4.78087744914092519E-02
3.78591958E+00 1.21833191019580428E-01 1.77877394011705429E-03 4.79636323166283685E-02
3.79412266E+00 1.21818130209212658E-01 1.78871663288145805E-03 4.81116511665978658E-02
3.80232054E+00 1.21802990650499279E-01 1.79875510904091234E-03 4.82528161717748691E-02
3.81051356E+00 1.21787770932780440E-01 1.80889081141886554E-03 4.83871112412997267E-02
3.81870204E+00 1.21772469636413055E-01 1.81912517033906988E-03 4.85145190720629657E-02
3.82688454E+00 1.21757088709146283E-01 1.82945736832185375E-03 4.86349942759961018E-02
3.83506051E+00 1.21741617992901827E-01 1.83988738867182401E-03 4.87484120336380417E-02
3.84323032E+00 1.21726062712766564E-01 1.85041666136956926E-03 4.88550329075509646E-02
3.85139433E+00 1.21710423705579676E-01 1.86104659014659922E-03 4.89546746417347869E-02
3.85955290E+00 1.21694700260257388E-01 1.87177851531523422E-03 4.90473117948551154E-02
3.86770636E+00 1.21678891145895765E-01 1.88261373455803722E-03 4.91329289991134580E-02
3.87585507E+00 1.21662994953823184E-01 1.89355351283127882E-03 4.92115077721876557E-02
3.88399937E+00 1.21647010211331799E-01 1.90459908598730829E-03 4.92830281141200949E-02
3.89213957E+00 1.21630935419365593E-01 1.91575166145752898E-03 4.93474686038597662E-02
3.90027602E+00 1.21614769065106598E-01 1.92701241767814324E-03 4.94048064362705500E-02
3.90840902E+00 1.21598509625917173E-01 1.93838250301078732E-03 4.94550173882333313E-02
3.91653683E+00 1.21582159743756191E-01 1.94986015759250099E-03 4.94980641880781377E-02
3.92465939E+00 1.21565718729195346E-01 1.96144579788969141E-03 4.95339240173375411E-02
3.93277705E+00 1.21549185042190172E-01 1.97314042197611807E-03 4.95625739613032995E-02
3.94089015E+00 1.21532557137054478E-01 1.98494500081731161E-03 4.95839852503385942E-02
3.94899903E+00 1.21515833463535450E-01 1.99686046669764064E-03 4.95928576033728419E-02
3.95710403E+00 1.21499012467426032E-01 2.00888771183008966E-03 4.96119574076853628E-02
3.96520548E+00 1.21482092590638330E-01 2.02102758695866429E-03 4.96108404081564494E-02
3.97330371E+00 1.21465072271717600E-01 2.03328089998920008E-03 4.95875700642962811E-02
3.98139904E+00 1.21447949945865552E-01 2.04564841468074911E-03 4.95872926245085194E-02
3.98949174E+00 1.21430724114891350E-01 2.05813079964753051E-03 4.95552965219277428E-02
3.99757979E+00 1.21413398252999349E-01 2.07072512935552481E-03 4.95305903840763950E-02
4.00566357E+00 1.21395970759207633E-01 2.08343195338313520E-03 4.94921092947328695E-02
4.01374344E+00 1.21378440022278433E-01 2.09625184281904842E-03 4.94474039196340157E-02
4.02181976E+00 1.21360804423543273E-01 2.10918532343349393E-03 4.93950774704388015E-02
4.02989289E+00 1.21343062338268498E-01 2.12223287476288229E-03 4.93352488231055611E-02
4.03796321E+00 1.21325212136500410E-01 2.13539492910569699E-03 4.92678552585802051E-02
4.04603106E+00 1.21307252183845277E-01 2.14867187051522935E-03 4.91928662467232755E-02
4.05409680E+00 1.21289180842031302E-01 2.16206403382760088E-03 4.91102465481988715E-02
4.06216079E+00 1.21270996469645662E-01 2.17557170374369467E-03 4.90199600941775213E-02
4.07022337E+00 1.21252697422694553E-01 2.18919511398180545E-03 4.89219696152235969E-02
4.07828490E+00 1.21234282055150674E-01 2.20293444651279433E-03 4.88162367829262783E-02
4.08634389E+00 1.21215752947250094E-01 2.21678673705693729E-03 4.87027472463555725E-02
4.09440008E+00 1.21197109937599065E-01 2.23075090210877926E-03 4.85814763185836301E-02
4.10245386E+00 1.21178351399842510E-01 2.24482691099271107E-03 4.84523902768767764E-02
4.11050561E+00 1.21159475701369743E-01 2.25901470431292628E-03 4.83154540666509216E-02
4.11855571E+00 1.21140481205951389E-01 2.27331417373211704E-03 4.81706319865189830E-02
4.12660453E+00 1.21121366275150646E-01 2.28772516192050522E-03 4.80178879274836198E-02
4.13463612E+00 1.21102168557737977E-01 2.30221845489995058E-03 4.78575035457474915E-02
4.14262382E+00 1.21082952692130721E-01 2.31674421981956829E-03 4.76900578547471699E-02
4.15056849E+00 1.21063718024711275E-01 2.33130039416711617E-03 4.75156585602928908E-02
4.15847109E+00 1.21044463569055308E-01 2.34588601006252995E-03 4.73343865669422492E-02
4.16633265E+00 1.21025188023915556E-01 2.36050032037845008E-03 4.71463171173310963E-02
4.17415436E+00 1.21005889754723595E-01 2.37514283247999749E-03 4.69515204953290521E-02
4.18193751E+00 1.20986566760575259E-01 2.38981334067943536E-03 4.67500616657565080E-02
4.18968352E+00 1.20967216634735489E-01 2.40451195925716222E-03 4.65419995866588609E-02
4.19739400E+00 1.20947836521084026E-01 2.41923915674305224E-03 4.63273864468845969E-02
4.20507067E+00 1.20928423067277233E-01 2.43399579168133940E-03 4.61062668144100532E-02
4.21271548E+00 1.20908972375299101E-01 2.44878314988300830E-03 4.58786767257181177E-02
4.22033055E+00 1.20889479948893638E-01 2.46360298308548028E-03 4.56446427020990170E-02
4.22790839E+00 1.20869966064041837E-01 2.47843866322069138E-03 4.54044847524547532E-02
4.23544635E+00 1.20850438953718664E-01 2.49328223373706517E-03 4.51584132517927894E-02
4.24294616E+00 1.20830895502971061E-01 2.50813436067463423E-03 4.49065020968685280E-02
4.25040973E+00 1.20811332002289551E-01 2.52299631417011484E-03 4.46488125702941829E-02
4.25783917E+00 1.20791744116842847E-01 2.53786985221657454E-03 4.43853974822135261E-02
4.26523679E+00 1.20772126846861227E-01 2.55275725157614675E-03 4.41162996636486684E-02
4.27260511E+00 1.20752474485439854E-01 2.56766133662008310E-03 4.38415512360703155E-02
4.27994687E+00 1.20732780576192134E-01 2.58258550615087608E-03 4.35611728136059070E-02
4.28725564E+00 1.20713063447052224E-01 2.59751484509089482E-03 4.32755325554948986E-02
4.29452839E+00 1.20693332527078492E-01 2.61244079887540913E-03 4.29849083527185857E-02
4.30176758E+00 1.20673582418443268E-01 2.62736593638983155E-03 4.26893689407000856E-02
4.30897595E+00 1.20653806754636453E-01 2.64229372520825064E-03 4.23889626220346483E-02
4.31615652E+00 1.20633998145688259E-01 2.65722839115070187E-03 4.20837244592547621E-02
4.32329400E+00 1.20614200287739337E-01 2.67213659619842383E-03 4.17744642004140437E-02
4.33038924E+00 1.20594412502817924E-01 2.68701720447683812E-03 4.14613821159462506E-02
4.33744484E+00 1.20574629046000706E-01 2.70187336289393846E-03 4.11445681863680315E-02
4.34446373E+00 1.20554843130229586E-01 2.71670901949399831E-03 4.08241031666550999E-02
4.35144913E+00 1.20535046890764899E-01 2.73152889860598866E-03 4.05000512463485757E-02
4.35840459E+00 1.20515231343791926E-01 2.74633852168247941E-03 4.01724590208236074E-02
4.36533399E+00 1.20495386347252029E-01 2.76114422101408560E-03 3.98413549266587869E-02
4.37224155E+00 1.20475500567073346E-01 2.77595314617785222E-03 3.95067488358505567E-02
4.37913181E+00 1.20455561450723725E-01 2.79077326262050550E-03 3.91686318966119329E-02
4.38600533E+00 1.20435567823381467E-01 2.80560420558453481E-03 3.88271861899892601E-02
4.39284135E+00 1.20415581354570311E-01 2.82040001836562828E-03 3.84836603672820479E-02
4.39964391E+00 1.20395591593982318E-01 2.83516642912473148E-03 3.81381582783626993E-02
4.40641741E+00 1.20375586821940911E-01 2.84991080695176386E-03 3.77907030114991577E-02
4.41316654E+00 1.20355554128853778E-01 2.86464123071090634E-03 3.74413178779458081E-02
4.41989625E+00 1.20335479469238130E-01 2.87936644676448170E-03 3.70900073745673090E-02
4.42661180E+00 1.20315347718186999E-01 2.89409581138406645E-03 3.67367603505346085E-02
4.43331864E+00 1.20295142741280420E-01 2.90883921881054941E-03 3.63815526713543447E-02
4.44001954E+00 1.20274856353913301E-01 2.92360071374967367E-03 3.60245025754344847E-02
4.44669936E+00 1.20254535082572625E-01 2.93834535255214609E-03 3.56666809029863516E-02
4.45335914E+00 1.20234176652611130E-01 2.95307238541986936E-03 3.53083535648370944E-02
4.45999987E+00 1.20213778836287977E-01 2.96778149999001820E-03 3.49497512772331057E-02
4.46662251E+00 1.20193339480857878E-01 2.98247222734419762E-03 3.45911232763903564E-02
4.47322798E+00 1.20172856515587650E-01 2.99714395490432647E-03 3.42327225533807303E-02
4.47981714E+00 1.20152327953248608E-01 3.01179593792809007E-03 3.38748060715658023E-02
4.48639082E+00 1.20131751890801469E-01 3.02642731196640837E-03 3.35176344559089193E-02
4.49294983E+00 1.20111126510308849E-01 3.04103710721884742E-03 3.31614714457136375E-02
4.49949491E+00 1.20090450080173092E-01 3.05562426454251924E-03 3.28065832678441430E-02
4.50602678E+00 1.20069720956271428E-01 3.07018765204909163E-03 3.24532379487718070E-02
4.51254611E+00 1.20048937582582338E-01 3.08472608111348473E-03 3.21017045892444258E-02
4.51905354E+00 1.20028098490915433E-01 3.09923832131896691E-03 3.17522526036098304E-02
4.52554967E+00 1.20007202299512825E-01 3.11372311496124158E-03 3.14051509241946095E-02
4.53203505E+00 1.19986247710440919E-01 3.12817919257762792E-03 3.10606671662472834E-02
4.53851021E+00 1.19965233505837460E-01 3.14260529078382598E-03 3.07190667524154630E-02
4.54497563E+00 1.19944158543137683E-01 3.15700017252836798E-03 3.03806119934562913E-02
4.55143177E+00 1.19923021749096193E-01 3.17136264868457789E-03 3.00455611488949399E-02
4.55787905E+00 1.19901822112853315E-01 3.18569159924468517E-03 2.97141674478863770E-02
4.56431787E+00 1.19880558678063034E-01 3.19998599204812054E-03 2.93866781339424538E-02
4.57074861E+00 1.19859230534921618E-01 3.21424489716415135E-03 2.90633335180477299E-02
4.57717161E+00 1.19837836812559578E-01 3.22846749625725063E-03 2.87443660884969913E-02
4.58358722E+00 1.19816376672335120E-01 3.24265308811557329E-03 2.84299997004288062E-02
4.58999574E+00 1.19794849302324133E-01 3.25680109291858009E-03 2.81204488527188913E-02
4.59639748E+00 1.19773253913328118E-01 3.27091105788451103E-03 2.78159180716052480E-02
4.60279272E+00 1.19751589736616634E-01 3.28498266539768670E-03 2.75166014155561987E-02
4.60918174E+00 1.19729856023661221E-01 3.29901574223328501E-03 2.72226820709482072E-02
4.61556479E+00 1.19708052047897251E-01 3.31301026617137609E-03 2.69343320712553957E-02
4.62194212E+00 1.19686177108357925E-01 3.32696636526059932E-03 2.66517121054909191E-02
4.62831397E+00 1.19664230534979626E-01 3.34088430610236797E-03 2.63749714271571227E-02
4.63468055E+00 1.19642211694882941E-01 3.35476447106062853E-03 2.61042478583929718E-02
4.64104207E+00 1.19620119998956317E-01 3.36860732916514829E-03 2.58396678708194133E-02
4.64739870E+00 1.19597954908020526E-01 3.38241340884107896E-03 2.55813467253836919E-02
4.65375061E+00 1.19575715937911747E-01 3.39618327966919936E-03 2.53293886178546854E-02
4.66009796E+00 1.19553402663275091E-01 3.40991754499557704E-03 2.50838867778762457E-02
4.66644088E+00 1.19531014719953893E-01 3.42361683969575736E-03 2.48449234885171517E-02
4.67277949E+00 1.19508551805596289E-01 3.43728182282227422E-03 2.46125700487510000E-02
4.67911388E+00 1.19486013677846711E-01 3.45091315855780307E-03 2.43868867542937490E-02
4.68544416E+00 1.19463400149268650E-01 3.46451148778919617E-03 2.41679230289518765E-02
4.69177041E+00 1.19440711078853512E-01 3.47807739839208797E-03 2.39557177970634201E-02
4.69809132E+00 1.19417951369613501E-01 3.49160848837576972E-03 2.37503430208803948E-02
4.70440694E+00 1.19395121124363679E-01 3.50510507904770036E-03 2.35518199432630942E-02
4.71071749E+00 1.19372219841729549E-01 3.51856780308322254E-03 2.33601484351537714E-02
4.71702321E+00 1.19349246939910031E-01 3.53199724918650286E-03 2.31753247988385723E-02
4.72332437E+00 1.19326201753678418E-01 3.54539394835239833E-03 2.29973383869023287E-02
4.72962128E+00 1.19303083531947823E-01 3.55875835798409069E-03 2.28261727513079556E-02
4.73591426E+00 1.19279891435602386E-01 3.57209084259221300E-03 2.26618061231344710E-02
4.74220367E+00 1.19256624535316047E-01 3.58539165670815037E-03 2.25042121411609258E-02
4.74848990E+00 1.19233281809149425E-01 3.59866093479358808E-03 2.23533605670031034E-02
4.75477337E+00 1.19209862139761050E-01 3.61189869041711725E-03 2.22092180706897034E-02
4.76105451E+00 1.19186364311318960E-01 3.62510482371569210E-03 2.20717489650235077E-02
4.76733379E+00 1.19162787005032522E-01 3.63827913441630482E-03 2.19409156951545711E-02
4.77361174E+00 1.19139128792690355E-01 3.65142133779875443E-03 2.18166787892977616E-02
4.77988886E+00 1.19115388128163011E-01 3.66453108081326098E-03 2.16989961122110650E-02
4.78616574E+00 1.19091563336678613E-01 3.67760795703952082E-03 2.15878217885215676E-02
4.79244298E+00 1.19067652601601265E-01 3.69065152138229897E-03 2.14831058076993681E-02
4.79872122E+00 1.19043653948461697E-01 3.70366130604606785E-03 2.13847952445688251E-02
4.80500114E+00 1.19019565226420834E-01 3.71663683868144953E-03 2.12928367458703437E-02
4.81128347E+00 1.18995384087380293E-01 3.72957766291693226E-03 2.12071787732860569E-02
4.81756898E+00 1.18971107963048897E-01 3.74248336120048880E-03 2.11277724345483066E-02
4.82385852E+00 1.18946734040383181E-01 3.75535357985832445E-03 2.10545710609854435E-02
4.83015297E+00 1.18922259235619221E-01 3.76818805627173944E-03 2.09875293845349989E-02
4.83645329E+00 1.18897680167252384E-01 3.78098664783390551E-03 2.09266029038471107E-02
4.84276019E+00 1.18872994381005043E-01 3.79374872722280758E-03 2.08717490870422781E-02
4.84907381E+00 1.18848201573922146E-01 3.80647259467400143E-03 2.08229295607039594E-02
4.85539524E+00 1.18823297714956477E-01 3.81915846267506364E-03 2.07801034084837619E-02
4.86172566E+00 1.18798278373721880E-01 3.83180680391490610E-03 2.07432159895136782E-02
4.86806633E+00 1.18773138687918625E-01 3.84441834481078588E-03 2.07122180082035603E-02
4.87441860E+00 1.18747873330704259E-01 3.85699408410662779E-03 2.07038704873479494E-02
4.88078394E+00 1.18722476478922950E-01 3.86953530797164331E-03 2.06439375092735133E-02
4.88716390E+00 1.18696941783268742E-01 3.88204360185924685E-03 2.06449129347827352E-02
4.89356018E+00 1.18671262339777497E-01 3.89452085915142996E-03 2.06469880562556822E-02
4.89997457E+00 1.18645430664774454E-01 3.90696928621212143E-03 2.06485674202571932E-02
4.90640898E+00 1.18619438672364311E-01 3.91939140303042104E-03 2.06498053523477693E-02
4.91286546E+00 1.18593277655134374E-01 3.93179003886194155E-03 2.06524229531258527E-02
4.91934618E+00 1.18566938268059141E-01 3.94416832279448869E-03 2.06597224630209464E-02
4.92583932E+00 1.18540468068536770E-01 3.95650337956312062E-03 2.07101955373216427E-02
4.93233308E+00 1.18513915140135095E-01 3.96877249665403969E-03 2.07150983984616885E-02
4.93882856E+00 1.18487275166983194E-01 3.98097733685912145E-03 2.07577984355150659E-02
4.94532694E+00 1.18460543375617081E-01 3.99312020039090977E-03 2.07901469422627355E-02
4.95182953E+00 1.18433714505743137E-01 4.00520360084994764E-03 2.08354660561242931E-02
4.95833771E+00 1.18406782788284204E-01 4.01723025190931643E-03 2.08828772067933995E-02
4.96485300E+00 1.18379741929799109E-01 4.02920305321715407E-03 2.09370092691032426E-02
4.97137702E+00 1.18352585102362490E-01 4.04112507485749652E-03 2.09955159776434655E-02
4.97791149E+00 1.18325304939564377E-01 4.05299954051677788E-03 2.10595995695332106E-02
4.98445826E+00 1.18297893539266188E-01 4.06482980950006578E-03 2.11285367578811049E-02
4.99101928E+00 1.18270342473901544E-01 4.07661935759330660E-03 2.12026761518149427E-02
4.99759660E+00 1.18242642808918885E-01 4.08837175655268545E-03 2.12817774058085031E-02
5.00419236E+00 1.18214785129765479E-01 4.10009065178000218E-03 2.13659396479037415E-02
5.01080878E+00 1.18186759577859901E-01 4.11177973756734604E-03 2.14550832094819975E-02
5.01744817E+00 1.18158555895774786E-01 4.12344272926229698E-03 2.15492371867606648E-02
5.02411290E+00 1.18130163481900044E-01 4.13508333194428403E-03 2.16483816326614384E-02
5.03080537E+00 1.18101571454816048E-01 4.14670520560120326E-03 2.17525331895755021E-02
5.03752801E+00 1.18072768727374405E-01 4.15831192725197012E-03 2.18616992429188570E-02
5.04428327E+00 1.18043744090649064E-01 4.16990695076397029E-03 2.19759017405572986E-02
5.05105592E+00 1.18014562385637595E-01 4.18146400265650715E-03 2.20949238185017167E-02
5.05783855E+00 1.17985255276380208E-01 4.19296989020096888E-03 2.22184646971772988E-02
5.06463033E+00 1.17955826441019707E-01 4.20442274471349853E-03 2.23464896415260551E-02
5.07143134E+00 1.17926275627519950E-01 4.21582240723259068E-03 2.24789367083480240E-02
5.07824286E+00 1.17896597393311597E-01 4.22717066147871093E-03 2.26157733571650393E-02
5.08506624E+00 1.17866785908658497E-01 4.23846937067964228E-03 2.27569733361644398E-02
5.09190292E+00 1.17836834983326366E-01 4.24972043157293474E-03 2.29025144118890772E-02
5.09875102E+00 1.17806752870912426E-01 4.26092036510670926E-03 2.30523188540826679E-02
5.10561169E+00 1.17776534662565213E-01 4.27207045404066552E-03 2.32063391827465430E-02
5.11248641E+00 1.17746173890621517E-01 4.28317256193303398E-03 2.33645769570838199E-02
5.11937668E+00 1.17715663949690685E-01 4.29422853218310897E-03 2.35270209877130737E-02
5.12628400E+00 1.17684998180337064E-01 4.30524015567188608E-03 2.36936700509996108E-02
5.13320053E+00 1.17654211423221300E-01 4.31619466799920866E-03 2.38643223108938110E-02
5.14012729E+00 1.17623299265414941E-01 4.32709309364274781E-03 2.40389004014769370E-02
5.14706432E+00 1.17592261785236657E-01 4.33793516188999469E-03 2.42174004240545485E-02
5.15401080E+00 1.17561102707476842E-01 4.34871938882854664E-03 2.43997484397246479E-02
5.16096815E+00 1.17529815978149904E-01 4.35944766651201899E-03 2.45859360290545774E-02
5.16793777E+00 1.17498395417873561E-01 4.37012198489505205E-03 2.47759693118139411E-02
5.17492105E+00 1.17466834820419058E-01 4.38074434450163881E-03 2.49698524033068678E-02
5.18191936E+00 1.17435128056944699E-01 4.39131672857286885E-03 2.51675945937921350E-02
5.18893053E+00 1.17403284993892784E-01 4.40183594730351319E-03 2.53691163000412528E-02
5.19595564E+00 1.17371300830459227E-01 4.41230364032073417E-03 2.55744039653831266E-02
5.20299583E+00 1.17339170330480136E-01 4.42272171339485719E-03 2.57834777325417347E-02
5.21005216E+00 1.17306874380305251E-01 4.43308645490278225E-03 2.59971268594785566E-02
5.21712557E+00 1.17274417961959962E-01 4.44340302741196014E-03 2.62137665245011919E-02
5.22421687E+00 1.17241800462917850E-01 4.45367433518602598E-03 2.64343985110750031E-02
5.23131579E+00 1.17209070182538524E-01 4.46388686591551748E-03 2.66584395395917037E-02
5.23842115E+00 1.17176233095747151E-01 4.47403977109794414E-03 2.68859037878462492E-02
5.24553369E+00 1.17143286177757364E-01 4.48413510785073549E-03 2.71167800465528970E-02
5.25265407E+00 1.17110226532801939E-01 4.49417493156667371E-03 2.73510769849128997E-02
5.25978294E+00 1.17077051437309759E-01 4.50416127363330136E-03 2.75887943386563320E-02
5.26691876E+00 1.17043768169028908E-01 4.51409328093638988E-03 2.78298693902508769E-02
5.27406182E+00 1.17010375569515671E-01 4.52397264255368498E-03 2.80742871988805751E-02
5.28121268E+00 1.16976871215418943E-01 4.53380151391625727E-03 2.83220568993716067E-02
5.28837186E+00 1.16943252785559337E-01 4.54358207447452377E-03 2.85731846432713821E-02
5.29553988E+00 1.16909518026401663E-01 4.55331653176187841E-03 2.88276787386686599E-02
5.30271722E+00 1.16875664714444216E-01 4.56300713226773930E-03 2.90855492543641049E-02
5.30990438E+00 1.16841690616195301E-01 4.57265617181326980E-03 2.93468084279345474E-02
5.31710000E+00 1.16807602303517985E-01 4.58226355664306459E-03 2.96114058275212533E-02
5.32430423E+00 1.16773399038923559E-01 4.59183127176302983E-03 2.98793369211948628E-02
5.33151767E+00 1.16739078174925723E-01 4.60136190191628557E-03 3.01506235865473815E-02
5.33874091E+00 1.16704636905300918E-01 4.61085810740433782E-03 3.04252879191592336E-02
5.34597460E+00 1.16670072235996000E-01 4.62032261719499265E-03 3.07033553851089880E-02
5.35321941E+00 1.16635380962273202E-01 4.62975822790581866E-03 3.09848550285829576E-02
5.36047605E+00 1.16600559652752497E-01 4.63916780089263132E-03 3.12698196475921647E-02
5.36774342E+00 1.16565613637280727E-01 4.64855188739551201E-03 3.15582153186919692E-02
5.37502208E+00 1.16530540135832417E-01 4.65791317714697901E-03 3.18500642361328676E-02
5.38231293E+00 1.16495334882624729E-01 4.66725477696231655E-03 3.21454128749317850E-02
5.38961688E+00 1.16459993419686381E-01 4.67657983513581049E-03 3.24443078000644161E-02
5.39693039E+00 1.16424532793145422E-01 4.68588594655319334E-03 3.27466232337761814E-02
5.40425281E+00 1.16388956182988446E-01 4.69517427684790732E-03 3.30523252182769317E-02
5.41158510E+00 1.16353258961275602E-01 4.70444806675439624E-03 3.33614650273361749E-02
5.41892825E+00 1.16317436291171347E-01 4.71371062555334987E-03 3.36740956322896523E-02
5.42628329E+00 1.16281483155482493E-01 4.72296529487465852E-03 3.39902712888353123E-02
5.43364705E+00 1.16245414968769528E-01 4.73221026183373670E-03 3.43098755202674577E-02
5.44101117E+00 1.16209272732018323E-01 4.74143728850102107E-03 3.46325535817900640E-02
5.44837551E+00 1.16173057444462866E-01 4.75064819171171909E-03 3.49582726641085584E-02
5.45574019E+00 1.16136768737432700E-01 4.75984527804544384E-03 3.52870520266531790E-02
5.46310533E+00 1.16100406243494783E-01 4.76903083276561997E-03 3.56188934656983258E-02
5.47047104E+00 1.16063969594445121E-01 4.77820710985964094E-03 3.59538012586749153E-02
5.47783744E+00 1.16027458420820115E-01 4.78737632802341603E-03 3.62917793341517234E-02
5.48520464E+00 1.15990872351816043E-01 4.79654066858911047E-03 3.66328315675794811E-02
5.49257275E+00 1.15954211015388664E-01 4.80570227396182048E-03 3.69769614688253770E-02
5.49994187E+00 1.15917474038538942E-01 4.81486324378362692E-03 3.73241720981933173E-02
5.50731211E+00 1.15880661047674222E-01 4.82402562889236355E-03 3.76744659493854495E-02
5.51468356E+00 1.15843771668869513E-01 4.83319142584934767E-03 3.80278448342510136E-02
5.52205632E+00 1.15806805527975759E-01 4.84236257382745627E-03 3.83843097695285504E-02
5.52943048E+00 1.15769762250512762E-01 4.85154095333202584E-03 3.87438608539031198E-02
5.53680614E+00 1.15732641461361974E-01 4.86072838541572530E-03 3.91064971537535555E-02
5.54418338E+00 1.15695442784289740E-01 4.86992663071862762E-03 3.94722165724614785E-02
5.55156229E+00 1.15658165841276125E-01 4.87913738824621683E-03 3.98410157363753223E-02
5.55894295E+00 1.15620810251806136E-01 4.88836229430614742E-03 4.02128898663372814E-02
5.56632545E+00 1.15583375631973781E-01 4.89760292257238918E-03 4.05878326607516868E-02
5.57370985E+00 1.15545861593440560E-01 4.90686078654051401E-03 4.09658361897488471E-02
5.58109625E+00 1.15508267742223322E-01 4.91613734490560939E-03 4.13468907863766971E-02
5.58848471E+00 1.15470593677250530E-01 4.92543400859315073E-03 4.17309849623660328E-02
5.59587531E+00 1.15432838988816261E-01 4.93475214712967361E-03 4.21181053215883353E-02
5.60326732E+00 1.15395007360703919E-01 4.94409209689768408E-03 4.25081956466167310E-02
5.61066079E+00 1.15357098488912971E-01 4.95345511108973274E-03 4.29012339273418600E-02
5.61805579E+00 1.15319111908688821E-01 4.96284246785086511E-03 4.32972012790919861E-02
5.62545239E+00 1.15281047142388612E-01 4.97225542841262750E-03 4.36960753045125896E-02
5.63285068E+00 1.15242903697377289E-01 4.98169524792179286E-03 4.40978314607889110E-02
5.64025071E+00 1.15204681063944214E-01 4.99116318525311044E-03 4.45024428193293367E-02
5.64765256E+00 1.15166378713348311E-01 5.00066050850778848E-03 4.49098799832448811E-02
5.65505629E+00 1.15127996096074034E-01 5.01018849639860066E-03 4.53201109687927720E-02
5.66246196E+00 1.15089532640371431E-01 5.01974843877392007E-03 4.57331011340158661E-02
5.66986964E+00 1.15050987751084924E-01 5.02934163921370508E-03 4.61488130930658505E-02
5.67727939E+00 1.15012360808662686E-01 5.03896941938957073E-03 4.65672066613971800E-02
5.68469126E+00 1.14973651168383748E-01 5.04863312203950206E-03 4.69882388143337756E-02
5.69210531E+00 1.14934858159684170E-01 5.05833410982840619E-03 4.74118636417624056E-02
5.69952159E+00 1.14895981085623947E-01 5.06807376084799678E-03 4.78380323284886139E-02
5.70694016E+00 1.14857019222509127E-01 5.07785346430417346E-03 4.82666931339345365E-02
5.71436105E+00 1.14817971819842379E-01 5.08767461911736538E-03 4.86977913706307802E-02
5.72178433E+00 1.14778838100535477E-01 5.09753863482019336E-03 4.91312694098865396E-02
5.72921002E+00 1.14739617261548271E-01 5.10744693122650029E-03 4.95670666845660010E-02
5.73663818E+00 1.14700308474853033E-01 5.11740093280565848E-03 5.00051197025837349E-02
5.74406884E+00 1.14660910888693568E-01 5.12740205608512925E-03 5.04453620834712999E-02
5.75150204E+00 1.14621423629100619E-01 5.13745169261970065E-03 5.08877245962090566E-02
5.75893781E+00 1.14581845801436766E-01 5.14755119358444122E-03 5.13321352061124614E-02
5.76637618E+00 1.14542176491965006E-01 5.15770186147112165E-03 5.17785191456200389E-02
5.77381719E+00 1.14502414769357366E-01 5.16790494908102131E-03 5.22267989765898694E-02
5.78126062E+00 1.14462560962818746E-01 5.17816133739399439E-03 5.26768808893831458E-02
5.78870606E+00 1.14422616424524087E-01 5.18847158301655783E-03 5.31286561973845495E-02
5.79615354E+00 1.14382580155621610E-01 5.19883676582364503E-03 5.35820387257491190E-02
5.80360310E+00 1.14342451148583477E-01 5.20925790555993445E-03 5.40369424692988265E-02
5.81105476E+00 1.14302228389838875E-01 5.21973594648677229E-03 5.44932781789632878E-02
5.81850853E+00 1.14261910862157340E-01 5.23027175714207374E-03 5.49509547705047952E-02
5.82596444E+00 1.14221497546820622E-01 5.24086613398808566E-03 5.54098792606003906E-02
5.83342250E+00 1.14180987425463967E-01 5.25151980856535926E-03 5.58699569105307742E-02
5.84088273E+00 1.14140379481870877E-01 5.26223345861627414E-03 5.63310913447015657E-02
5.84834513E+00 1.14099672703733959E-01 5.27300772305682505E-03 5.67931846791651998E-02
5.85580972E+00 1.14058866084608052E-01 5.28384321885709725E-03 5.72561376607597441E-02
5.86327649E+00 1.14017958625854496E-01 5.29474055599374414E-03 5.77198497945611358E-02
5.87074546E+00 1.13976949338670336E-01 5.30570034588602468E-03 5.81842194885804839E-02
5.87821661E+00 1.13935837246041755E-01 5.31672320088136686E-03 5.86491441942398190E-02
5.88568995E+00 1.13894621384688713E-01 5.32780972752970768E-03 5.91145205463921436E-02
5.89316547E+00 1.13853300807014932E-01 5.33896052111771866E-03 5.95802445199150738E-02
5.90064316E+00 1.13811874583150022E-01 5.35017616829260630E-03 6.00462115752650391E-02
5.90812301E+00 1.13770341803216504E-01 5.36145725861891884E-03 6.05123167991979197E-02
5.91560500E+00 1.13728701579804609E-01 5.37280439936187963E-03 6.09784550533739450E-02
5.92308912E+00 1.13686953050714412E-01 5.38421822481946651E-03 6.14445211089369239E-02
5.93057535E+00 1.13645095381856701E-01 5.39569939342242344E-03 6.19104097729337027E-02
5.93806366E+00 1.13603127770286305E-01 5.40724857205357543E-03 6.23760160208992262E-02
5.94555402E+00 1.13561049447325729E-01 5.41886641436191072E-03 6.28412351097252242E-02
5.95304642E+00 1.13518859681824846E-01 5.43055354263641179E-03 6.33059626961029603E-02
5.96054080E+00 1.13476557783474638E-01 5.44231053864045744E-03 6.37700949296879094E-02
5.96803715E+00 1.13434143106116783E-01 5.45413794252501156E-03 6.42335285556230318E-02
5.97553540E+00 1.13391615050958822E-01 5.46603625497358789E-03 6.46961610008649074E-02
5.98303553E+00 1.13348973069611489E-01 5.47800593548152578E-03 6.51578904604988296E-02
5.99053748E+00 1.13306216667008991E-01 5.49004739123109056E-03 6.56186160031915211E-02
5.99804119E+00 1.13263345404104182E-01 5.50216096017458380E-03 6.60782376650842773E-02
6.00554662E+00 1.13220358900475021E-01 5.51434689819607377E-03 6.65366565673221333E-02
6.01305370E+00 1.13177256836823656E-01 5.52660537103844603E-03 6.69937750262057374E-02
6.02056220E+00 1.13134039871795128E-01 5.53893618496682522E-03 6.74494875925275988E-02
6.02807182E+00 1.13090709252126845E-01 5.55133886192562057E-03 6.79036842647836175E-02
6.03558248E+00 1.13047264801016470E-01 5.56381318067496449E-03 6.83562716084211430E-02
6.04309413E+00 1.13003706410723437E-01 5.57635876660492018E-03 6.88071597684988406E-02
6.05060670E+00 1.12960034044885027E-01 5.58897508847954871E-03 6.92562595327108621E-02
6.05812010E+00 1.12916247740365933E-01 5.60166147063876577E-03 6.97034836825015242E-02
6.06563427E+00 1.12872347608814677E-01 5.61441709994678004E-03 7.01487468390154384E-02
6.07314911E+00 1.12828333837978703E-01 5.62724101970895306E-03 7.05919655965492610E-02
6.08066455E+00 1.12784206692766245E-01 5.64013211132098277E-03 7.10330585818370608E-02
6.08818049E+00 1.12739966515926410E-01 5.65308907456357236E-03 7.14719465212445698E-02
6.09569684E+00 1.12695613728119981E-01 5.66611041907240810E-03 7.19085523061589599E-02
6.10321348E+00 1.12651148827399600E-01 5.67919447362797303E-03 7.23428010585972087E-02
6.11073032E+00 1.12606572388083762E-01 5.69233941000741022E-03 7.27746201912208152E-02
6.11824724E+00 1.12561885059190139E-01 5.70554326933526458E-03 7.32039394753169759E-02
6.12576414E+00 1.12517087562534465E-01 5.71880397934923772E-03 7.36306911095510885E-02
6.13328088E+00 1.12472180690523921E-01 5.73211935954846732E-03 7.40548097866313842E-02
6.14079734E+00 1.12427165303713744E-01 5.74548712256599259E-03 7.44762327649875766E-02
6.14831340E+00 1.12382042328192835E-01 5.75890488194170762E-03 7.48948999347527067E-02
6.15582892E+00 1.12336812752856854E-01 5.77237016347964104E-03 7.53107538728018666E-02
6.16334376E+00 1.12291477626629707E-01 5.78588042105860050E-03 7.57237399026674529E-02
6.17085778E+00 1.12246038055614270E-01 5.79943306417800893E-03 7.61338061483311096E-02
6.17837081E+00 1.12200495200178774E-01 5.81302548443348582E-03 7.65409035894093481E-02
6.18588273E+00 1.12154850272092280E-01 5.82665507215811892E-03 7.69449861181176475E-02
6.19339335E+00 1.12109104531782924E-01 5.84031923021296074E-03 7.73460105753658866E-02
6.20090252E+00 1.12063259285867592E-01 5.85401537725943784E-03 7.77439367999867570E-02
6.20841006E+00 1.12017315884964108E-01 5.86774092702707292E-03 7.81387276548046877E-02
6.21591580E+00 1.11971275721638494E-01 5.88149324090223805E-03 7.85303490582925645E-02
6.22341956E+00 1.11925140228347680E-01 5.89526956142364094E-03 7.89187700113982843E-02
6.23092115E+00 1.11878910875194582E-01 5.90906695389411835E-03 7.93039626270778814E-02
6.23842037E+00 1.11832589167415036E-01 5.92288229538285704E-03 7.96859021596561801E-02
6.24591702E+00 1.11786176642647353E-01 5.93671233324112157E-03 8.00645670492068084E-02
6.25341089E+00 1.11739674867968014E-01 5.95055381126362651E-03 8.04399389305690410E-02
6.26090177E+00 1.11693085436833775E-01 5.96440364204967564E-03 8.08120026835762451E-02
6.26838944E+00 1.11646409965934806E-01 5.97825908804499370E-03 8.11807464455870792E-02
6.27587367E+00 1.11599650092219060E-01 5.99211789482360577E-03 8.15461616340351081E-02
6.28335423E+00 1.11552807470236451E-01 6.00597831289696737E-03 8.19082429341220081E-02
6.29083087E+00 1.11505883769844258E-01 6.01983897324774152E-03 8.22669882816063347E-02
6.29830335E+00 1.11458880674130359E-01 6.03369865007407410E-03 8.26223988221781863E-02
6.30577141E+00 1.11411799877392900E-01 6.04755600970589488E-03 8.29744788851212445E-02
6.31323479E+00 1.11364643083010320E-01 6.06140946467196261E-03 8.33232359389233096E-02
6.32069322E+00 1.11317412001202626E-01 6.07525721956193952E-03 8.36686805572675746E-02
6.32814644E+00 1.11270108346754909E-01 6.08909752225542805E-03 8.40108263773142044E-02
6.33559415E+00 1.11222733837087556E-01 6.10292904658568322E-03 8.43496900550271544E-02
6.34303607E+00 1.11175290191153048E-01 6.11675126472943208E-03 8.46852912155928311E-02
6.35047191E+00 1.11127779129279194E-01 6.13056465065917478E-03 8.50176523922555327E-02
6.35790137E+00 1.11080202374109427E-01 6.14437060589166986E-03 8.53467989702403479E-02
6.36532413E+00 1.11032561652667158E-01 6.15817111657868555E-03 8.56727591102196817E-02
6.37273990E+00 1.10984858699408634E-01 6.17196829525066236E-03 8.59955636820775304E-02
6.38014834E+00 1.10937095259797489E-01 6.18576402296874221E-03 8.63152462115644586E-02
6.38754913E+00 1.10889273094118543E-01 6.19955983795076292E-03 8.66318428052105377E-02
6.39494195E+00 1.10841393981603517E-01 6.21335708224023293E-03 8.69453920848933803E-02
6.40232645E+00 1.10793459724596019E-01 6.22715719908605372E-03 8.72559350832234765E-02
6.40970229E+00 1.10745472153083696E-01 6.24096200832715154E-03 8.75635151518774912E-02
6.41706912E+00 1.10697433130417092E-01 6.25477379652803790E-03 8.78681778613155107E-02
6.42442658E+00 1.10649344560061827E-01 6.26859516127254747E-03 8.81699709299980372E-02
6.43177431E+00 1.10601208392876724E-01 6.28242869638442024E-03 8.84689441481834316E-02
6.43911194E+00 1.10553026634181775E-01 6.29627668115832761E-03 8.87651492770918094E-02
6.44643909E+00 1.10504801350188850E-01 6.31014090163358084E-03 8.90586399171222065E-02
6.45375539E+00 1.10456534673705073E-01 6.32402263902022855E-03 8.93494713369888255E-02
6.46106045E+00 1.10408228809359577E-01 6.33792277391374663E-03 8.96377002865635514E-02
6.46835386E+00 1.10359886038875699E-01 6.35184190727099834E-03 8.99233848188752266E-02
6.47563525E+00 1.10311508726272850E-01 6.36578040355034822E-03 9.02065841342828689E-02
6.48290409E+00 1.10263100101247860E-01 6.37973810489343447E-03 9.04873542999605068E-02
6.49015965E+00 1.10214664796404432E-01 6.39371403993139933E-03 9.07657448874075318E-02
6.49740153E+00 1.10166205465069930E-01 6.40770723411923562E-03 9.10418168037772924E-02
6.50462932E+00 1.10117724840539444E-01 6.42171608558514059E-03 9.13156340088677465E-02
6.51184260E+00 1.10069225737305584E-01 6.43573833877712428E-03 9.15872598677400368E-02
6.51904096E+00 1.10020711050767897E-01 6.44977112471227781E-03 9.18567584541909732E-02
6.52622398E+00 1.09972183755793707E-01 6.46381100523307772E-03 9.21241940759349037E-02
6.53339126E+00 1.09923646904326738E-01 6.47785399812096999E-03 9.23896312582840468E-02
6.54054237E+00 1.09875103622393000E-01 6.49189558548819018E-03 9.26531345917204485E-02
6.54767692E+00 1.09826557106590186E-01 6.50593071908860034E-03 9.29147686380346477E-02
6.55479450E+00 1.09778010619815208E-01 6.51995383949192670E-03 9.31745978149058768E-02
6.56189469E+00 1.09729467486066060E-01 6.53395891596342173E-03 9.34326862991104595E-02
6.56897710E+00 1.09680931084271363E-01 6.54793949974458861E-03 9.36890979247790717E-02
6.57604135E+00 1.09632404841474601E-01 6.56188877677845589E-03 9.39438960871027129E-02
6.58308703E+00 1.09583892225525045E-01 6.57579960465124510E-03 9.41971436338558399E-02
6.59011377E+00 1.09535396737049026E-01 6.58966453332842858E-03 9.44489027764097988E-02
6.59712120E+00 1.09486921900267611E-01 6.60347582839197669E-03 9.46992349816743878E-02
6.60410896E+00 1.09438471253082967E-01 6.61722551116824924E-03 9.49482008746626027E-02
6.61107669E+00 1.09390048336810417E-01 6.63090541184934833E-03 9.51958601495342810E-02
6.61802405E+00 1.09341656685878988E-01 6.64450722078911964E-03 9.54422714964300589E-02
6.62495072E+00 1.09293299817211087E-01 6.65802253031145055E-03 9.56874925338170729E-02
6.63185638E+00 1.09244981219219606E-01 6.67144287567560373E-03 9.59315797442832074E-02
6.63874073E+00 1.09196704340835546E-01 6.68475978649508366E-03 9.61745884243870724E-02
6.64560350E+00 1.09148472580674560E-01 6.69796484792146377E-03 9.64165726443903665E-02
6.65244443E+00 1.09100289275804160E-01 6.71104976337658348E-03 9.66575852232421512E-02
6.65926328E+00 1.09052157689916634E-01 6.72400641249772894E-03 9.68976777098704833E-02
6.66605982E+00 1.09004081000866435E-01 6.73682690537404788E-03 9.71369003768499661E-02
6.67283387E+00 1.08956062287996161E-01 6.74950363639007043E-03 9.73753022217343500E-02
6.67958525E+00 1.08908104519286481E-01 6.76202933906964055E-03 9.76129309864164629E-02
6.68631383E+00 1.08860210537989804E-01 6.77439714152169685E-03 9.78498331788689585E-02
6.69301949E+00 1.08812383048700195E-01 6.78660062086799010E-03 9.80860540968599426E-02
6.69970215E+00 1.08764624602676482E-01 6.79863385532702806E-03 9.83216378515565509E-02
6.70636083E+00 1.08716944207129046E-01 6.81048989078536244E-03 9.85565998019124478E-02
6.71299511E+00 1.08669346991361257E-01 6.82216326749270248E-03 9.87909594760391363E-02
6.71960486E+00 1.08621836081750620E-01 6.83364962610202593E-03 9.90247553493270732E-02
6.72618998E+00 1.08574414442208361E-01 6.84494524520045961E-03 9.92580212576255200E-02
6.73275040E+00 1.08527084856655215E-01 6.85604702753299031E-03 9.94907899449498784E-02
6.73928607E+00 1.08479849909849629E-01 6.86695249740401290E-03 9.97230926962757863E-02
6.74579699E+00 1.08432711967519579E-01 6.87765980122239263E-03 9.99549598799870515E-02
6.75228318E+00 1.08385673156220497E-01 6.88816771661820027E-03 1.00186420889643732E-01
6.75874473E+00 1.08338735343361275E-01 6.89847567105287846E-03 1.00417504352768666E-01
6.76518172E+00 1.08291900117675990E-01 6.90858376400488045E-03 1.00648238241463489E-01
6.77159430E+00 1.08245168770532932E-01 6.91849278127185975E-03 1.00878650037928189E-01
6.77798266E+00 1.08198542278217624E-01 6.92820418887086543E-03 1.01108766884900156E-01
6.78434702E+00 1.08152021285019370E-01 6.93772009797473475E-03 1.01338615761220316E-01
6.79068767E+00 1.08105606086790401E-01 6.94704319979584390E-03 1.01568223670229107E-01
6.79700490E+00 1.08059296614717124E-01 6.95617667785006482E-03 1.01797617839307838E-01
6.80329909E+00 1.08013092419065621E-01 6.96512411171533712E-03 1.02026825932908058E-01
6.80957063E+00 1.07966992652833729E-01 6.97388938948402710E-03 1.02255876270319082E-01
6.81582000E+00 1.07920996055211327E-01 6.98247664554641281E-03 1.02484798033229962E-01
6.82204769E+00 1.07875100935256443E-01 6.99089023475636499E-03 1.02713621468661254E-01
6.82825425E+00 1.07829305156185648E-01 6.99913474633010856E-03 1.02942378079578040E-01
6.83444030E+00 1.07783606120666647E-01 7.00721505375881144E-03 1.03171100805802773E-01
6.84060404E+00 1.07738018798113705E-01 7.01513334531799534E-03 1.03399746983671936E-01
6.84674428E+00 1.07692574652751116E-01 7.02290122142196042E-03 1.03627736589208472E-01
6.85286155E+00 1.07647257397188043E-01 7.03051969227381796E-03 1.03856281691124805E-01
6.85895639E+00 1.07602059788688698E-01 7.03799365526666665E-03 1.04084480576620272E-01
6.86502942E+00 1.07556977203899826E-01 7.04532995652637235E-03 1.04312813669106483E-01
6.87108129E+00 1.07512005565223015E-01 7.05253655735940330E-03 1.04541084277393351E-01
6.87711271E+00 1.07467140651086063E-01 7.05962223709656871E-03 1.04769411940192902E-01
6.88312443E+00 1.07422377868026456E-01 7.06659646092930478E-03 1.04997802538013107E-01
6.88911726E+00 1.07377712177526355E-01 7.07346929433693219E-03 1.05226309915480598E-01
6.89509205E+00 1.07333138075428561E-01 7.08025132633849190E-03 1.05454971726582178E-01
6.90104969E+00 1.07288649589727475E-01 7.08695358912028121E-03 1.05683834981757582E-01
6.90699113E+00 1.07244240285293696E-01 7.09358747002183151E-03 1.05912946292484711E-01
6.91291737E+00 1.07199903271532532E-01 7.10016461654458791E-03 1.06142355882399966E-01
6.91882943E+00 1.07155610558366018E-01 7.10668859105660546E-03 1.06372634999842758E-01
6.92472453E+00 1.07111397256032817E-01 7.11317218957703643E-03 1.06602568196302941E-01
6.93060145E+00 1.07067277497997854E-01 7.11962662632752499E-03 1.06832949595776605E-01
6.93646111E+00 1.07023245994718089E-01 7.12606403838401351E-03 1.07063454860445897E-01
6.94230453E+00 1.06979296018762618E-01 7.13249593167498541E-03 1.07294329997167245E-01
6.94813271E+00 1.06935420097045764E-01 7.13893339583503844E-03 1.07525565742829912E-01
6.95394673E+00 1.06891610248312313E-01 7.14538715113098143E-03 1.07757242980346224E-01
6.95974771E+00 1.06847858069618690E-01 7.15186754602208357E-03 1.07989413602522399E-01
6.96553678E+00 1.06804154772901436E-01 7.15838455700875623E-03 1.08222144488091698E-01
6.97131515E+00 1.06760491205510150E-01 7.16494780114099259E-03 1.08455500959339091E-01
6.97708401E+00 1.06716857865761183E-01 7.17156655263458728E-03 1.08689552721132190E-01
6.98284464E+00 1.06673244917325730E-01 7.17824976068300383E-03 1.08924371708948003E-01
6.98859831E+00 1.06629642203691755E-01 7.18500607589538445E-03 1.09160032863875558E-01
6.99434495E+00 1.06586049775439576E-01 7.19184226410831632E-03 1.09396562733241748E-01
7.00008010E+00 1.06542501112155366E-01 7.19875950415158148E-03 1.09633813445441056E-01
7.00580498E+00 1.06498986538187734E-01 7.20576520181369536E-03 1.09871817616064293E-01
7.01152083E+00 1.06455496050229984E-01 7.21286669179608316E-03 1.10110677292830944E-01
7.01722891E+00 1.06412019350136194E-01 7.22007119367169044E-03 1.10350463075732347E-01
7.02293054E+00 1.06368545868225542E-01 7.22738585792950979E-03 1.10591257159172521E-01
7.02862703E+00 1.06325064783212478E-01 7.23481780818365557E-03 1.10833141418227726E-01
7.03431972E+00 1.06281565040916931E-01 7.24237416021268274E-03 1.11076201179728690E-01
7.04000997E+00 1.06238035372301684E-01 7.25006200268710644E-03 1.11320523658283752E-01
7.04569917E+00 1.06194464311167122E-01 7.25788834981177557E-03 1.11566198292730775E-01
7.05138869E+00 1.06150840211755415E-01 7.26586009793336526E-03 1.11813316492553758E-01
7.05707993E+00 1.06107151266486843E-01 7.27398401378453845E-03 1.12061971606114835E-01
7.06277431E+00 1.06063385523544343E-01 7.28226676033116686E-03 1.12312258825554706E-01
7.06846673E+00 1.06019581033331631E-01 7.29070548692962051E-03 1.12564015367527942E-01
7.07415778E+00 1.05975732356870939E-01 7.29930481622697441E-03 1.12817247084832123E-01
7.07984883E+00 1.05931827663773112E-01 7.30807072412374345E-03 1.13072071990857753E-01
7.08554130E+00 1.05887854972771978E-01 7.31700925594740929E-03 1.13328579972361482E-01
7.09123659E+00 1.05843802177574539E-01 7.32612645377350106E-03 1.13586868199459110E-01
7.09693611E+00 1.05799657066562525E-01 7.33542828321376555E-03 1.13847033432876360E-01
7.10264126E+00 1.05755407339452309E-01 7.34492058020031879E-03 1.14109174657002807E-01
7.10835346E+00 1.05711040622224736E-01 7.35460905594718679E-03 1.14373391857175391E-01
7.11406916E+00 1.05666583087782540E-01 7.36449098636539085E-03 1.14639577972864171E-01
7.11978640E+00 1.05622048706831367E-01 7.37456554156514388E-03 1.14907644672529993E-01
7.12550238E+00 1.05577458137024918E-01 7.38483008413173218E-03 1.15177504221803673E-01
7.13121036E+00 1.05532863011239639E-01 7.39527437709762946E-03 1.15448872279771367E-01
7.13691185E+00 1.05488250480924167E-01 7.40590196413130203E-03 1.15721785340027083E-01
7.14260841E+00 1.05443607507171230E-01 7.41671684391161014E-03 1.15996373289692464E-01
7.14830155E+00 1.05398920907922800E-01 7.42772310381228321E-03 1.16272717749893451E-01
7.15399283E+00 1.05354177385700409E-01 7.43892500839583685E-03 1.16550914101538020E-01
7.15968379E+00 1.05309363547161888E-01 7.45032709065742826E-03 1.16831054655269218E-01
7.16537033E+00 1.05264510561177402E-01 7.46192298166894856E-03 1.17112980255528992E-01
7.17105017E+00 1.05219635418174445E-01 7.47370916754591750E-03 1.17396554901151695E-01
7.17672442E+00 1.05174728295943001E-01 7.48568884825128508E-03 1.17681839585016587E-01
7.18239320E+00 1.05129787387489460E-01 7.49786326132458655E-03 1.17968861149650495E-01
7.18805812E+00 1.05084798692147860E-01 7.51023658125074111E-03 1.18257692249393823E-01
7.19372080E+00 1.05039748162133420E-01 7.52281305938219853E-03 1.18548428486002153E-01
7.19938288E+00 1.04994621722489204E-01 7.53559699522804178E-03 1.18841154725348869E-01
7.20504594E+00 1.04949405284867028E-01 7.54859278311654971E-03 1.19135958483796559E-01
7.21071159E+00 1.04904084757814667E-01 7.56180490418587471E-03 1.19432925974028076E-01
7.21638140E+00 1.04858646054308849E-01 7.57523787705053058E-03 1.19732143062171462E-01
7.22205560E+00 1.04813085995688712E-01 7.58889304055982827E-03 1.20033629450099544E-01
7.22772897E+00 1.04767445213333726E-01 7.60275854949839843E-03 1.20337126359252866E-01
7.23340321E+00 1.04721708803412361E-01 7.61683787921527914E-03 1.20642658019823767E-01
7.23908000E+00 1.04675861827616901E-01 7.63113516810856769E-03 1.20950343435787686E-01
7.24476102E+00 1.04629889336754239E-01 7.64565472790126790E-03 1.21260253090583803E-01
7.25044794E+00 1.04583776380421864E-01 7.66040101927093018E-03 1.21572468566230482E-01
7.25614239E+00 1.04537508010425051E-01 7.67537855679213937E-03 1.21887066536306321E-01
7.26184601E+00 1.04491069280862714E-01 7.69059182717304543E-03 1.22204123509379814E-01
7.26756040E+00 1.04444445246179365E-01 7.70604527754556110E-03 1.22523713853790434E-01
7.27328170E+00 1.04397665858106170E-01 7.72172882435295110E-03 1.22845631238483896E-01
7.27900937E+00 1.04350733827957579E-01 7.73764026248469593E-03 1.23169776401100814E-01
7.28474519E+00 1.04303632850346384E-01 7.75378386105302075E-03 1.23496233503483668E-01
7.29049095E+00 1.04256346546161102E-01 7.77016421239552172E-03 1.23825079813573477E-01
7.29624838E+00 1.04208858474540006E-01 7.78678591254639094E-03 1.24156384487775606E-01
7.30201925E+00 1.04161152137062993E-01 7.80365351116844852E-03 1.24490216565387557E-01
7.30780528E+00 1.04113210978885609E-01 7.82077157392530725E-03 1.24826643468387996E-01
7.31360819E+00 1.04065018390203143E-01 7.83814481711120684E-03 1.25165731215967801E-01
7.31942303E+00 1.04016613166678887E-01 7.85575874063879249E-03 1.25507189176965378E-01
7.32525076E+00 1.03967985313222086E-01 7.87361488995925660E-03 1.25850968235106109E-01
7.33109338E+00 1.03919115618701471E-01 7.89171869723782199E-03 1.26197175336735107E-01
7.33695291E+00 1.03869984728868311E-01 7.91007568209749386E-03 1.26545883614372079E-01
7.34283134E+00 1.03820573161287344E-01 7.92869124664327858E-03 1.26897170818854932E-01
7.34873068E+00 1.03770861315062010E-01 7.94757073067698348E-03 1.27251112967603025E-01
7.35465289E+00 1.03720829484234611E-01 7.96671957161428253E-03 1.27607786226490050E-01
7.36059993E+00 1.03670457876197733E-01 7.98614344277612589E-03 1.27967265490599946E-01
7.36657376E+00 1.03619726632469308E-01 8.00584825106592790E-03 1.28329624289590327E-01
7.37257453E+00 1.03568630767856801E-01 8.02583434856193011E-03 1.28694837882385144E-01
7.37860084E+00 1.03517178798313458E-01 8.04609642990708127E-03 1.29062774026587251E-01
7.38465518E+00 1.03465345978723144E-01 8.06664105408191716E-03 1.29433507308305301E-01
7.39074002E+00 1.03413107363413984E-01 8.08747501553827922E-03 1.29807160514400638E-01
7.39685781E+00 1.03360437865252341E-01 8.10860484190868182E-03 1.30183830364474701E-01
7.40301100E+00 1.03307312317101802E-01 8.13003673939092369E-03 1.30563619669711306E-01
7.40920199E+00 1.03253705542682844E-01 8.15177640449041979E-03 1.30946628635119522E-01
7.41543316E+00 1.03199592439377638E-01 8.17382873423433236E-03 1.31332956895415631E-01
7.42170685E+00 1.03144948074354800E-01 8.19619753636822469E-03 1.31722702076128545E-01
7.42802534E+00 1.03089747795659825E-01 8.21888530381410798E-03 1.32115959504296721E-01
7.43439083E+00 1.03033967358728648E-01 8.24189309647240312E-03 1.32512821528938368E-01
7.44080546E+00 1.02977583068512166E-01 8.26522053271066572E-03 1.32913377011779410E-01
7.44727126E+00 1.02920571937574645E-01 8.28886577667104461E-03 1.33317710785107568E-01
7.45376750E+00 1.02863112759780162E-01 8.31274547217929378E-03 1.33724627399607915E-01
7.46029293E+00 1.02805213540531779E-01 8.33683923472063743E-03 1.34133761139699353E-01
7.46685321E+00 1.02746821158254550E-01 8.36115232295681597E-03 1.34545521833144194E-01
7.47342414E+00 1.02688148949012154E-01 8.38558319579100347E-03 1.34958547729852912E-01
7.48001183E+00 1.02629141441948429E-01 8.41013146614377934E-03 1.35372826365124571E-01
7.48662314E+00 1.02569735590462993E-01 8.43480276004115667E-03 1.35788960267245462E-01
7.49326527E+00 1.02509864827352859E-01 8.45960268904033530E-03 1.36207316494109165E-01
7.49994577E+00 1.02449458806867927E-01 8.48453691042906806E-03 1.36628353003516306E-01
7.50665236E+00 1.02388626726601067E-01 8.50953931289809284E-03 1.37051400093196052E-01
7.51336326E+00 1.02327566465924127E-01 8.53450667668483043E-03 1.37475007306691460E-01
7.52006135E+00 1.02266435853853352E-01 8.55935180781068963E-03 1.37898006017828090E-01
7.52674899E+00 1.02205216171326690E-01 8.58405820342322996E-03 1.38320407544767376E-01
7.53342866E+00 1.02143887517376852E-01 8.60861313078335050E-03 1.38742450090356684E-01
7.54010292E+00 1.02082428857136601E-01 8.63300495883112876E-03 1.39164233382839259E-01
7.54677447E+00 1.02020818025840648E-01 8.65722329582170776E-03 1.39585906619254158E-01
7.55344609E+00 1.01959031703028877E-01 8.68125896999839310E-03 1.40007615196848401E-01
7.56012071E+00 1.01897045366822120E-01 8.70510405794097837E-03 1.40429517675046911E-01
7.56679941E+00 1.01834851162686535E-01 8.72874531366061614E-03 1.40851672449768428E-01
7.57347879E+00 1.01772483576830330E-01 8.75215522697227188E-03 1.41273861388122951E-01
7.58016139E+00 1.01709921577558871E-01 8.77532766982528495E-03 1.41696142548649429E-01
7.58684984E+00 1.01647143041745436E-01 8.79825942409758789E-03 1.42118709083501493E-01
7.59354688E+00 1.01584124767229778E-01 8.82094946510363770E-03 1.42541691142012789E-01
7.60024059E+00 1.01520981592370094E-01 8.84335204737217440E-03 1.42964439053781256E-01
7.60692306E+00 1.01457791828512958E-01 8.86543689990963203E-03 1.43386277069878249E-01
7.61359845E+00 1.01394519438950365E-01 8.88721623135724920E-03 1.43807404434157932E-01
7.62027071E+00 1.01331130152418639E-01 8.90870500211346679E-03 1.44228118891993606E-01
7.62694353E+00 1.01267591275060923E-01 8.92991951019478716E-03 1.44648601449479747E-01
7.63360612E+00 1.01204008419819538E-01 8.95083437903719872E-03 1.45068273519198293E-01
7.64023527E+00 1.01140606702840197E-01 8.97138978345032347E-03 1.45485631687495232E-01
7.64683308E+00 1.01077370156746962E-01 8.99160397050800288E-03 1.45900486587781014E-01
7.65340476E+00 1.01014252303127994E-01 9.01150782887992323E-03 1.46313346295356583E-01
7.65995534E+00 1.00951207926513520E-01 9.03113231773446622E-03 1.46724447492084381E-01
7.66648959E+00 1.00888193214482516E-01 9.05050834512527956E-03 1.47134070902352393E-01
7.67301209E+00 1.00825165855382856E-01 9.06966689288076812E-03 1.47542456872346739E-01
7.67952720E+00 1.00762085089726547E-01 9.08863878249143407E-03 1.47949839500363417E-01
7.68603906E+00 1.00698911705010857E-01 9.10745430829033864E-03 1.48356432794026216E-01
7.69255159E+00 1.00635607979572189E-01 9.12614292660926703E-03 1.48762438459798280E-01
7.69906854E+00 1.00572137585312096E-01 9.14473336598701711E-03 1.49168047341207394E-01
7.70559345E+00 1.00508465466297020E-01 9.16325397747116965E-03 1.49573443814716434E-01
7.71212973E+00 1.00444557701889883E-01 9.18173279177352669E-03 1.49978807113871293E-01
7.71868063E+00 1.00380381360205703E-01 9.20019722176684471E-03 1.50384309868852623E-01
7.72524926E+00 1.00315904355027283E-01 9.21867349794904326E-03 1.50790113349560162E-01
7.73182990E+00 1.00251181361744102E-01 9.23716238869267715E-03 1.51195904402794623E-01
7.73839897E+00 1.00186443695996205E-01 9.25561373011208645E-03 1.51600277704471015E-01
7.74496325E+00 1.00121624155338707E-01 9.27405601267570871E-03 1.52003186637970827E-01
7.75152954E+00 1.00056654786996310E-01 9.29251920532562191E-03 1.52405312100667129E-01
7.75810463E+00 9.99914670472225181E-02 9.31103218670703905E-03 1.52806907184317609E-01
7.76466445E+00 9.99262985137502335E-02 9.32953912719632593E-03 1.53206796444381371E-01
7.77120343E+00 9.98612047955877574E-02 9.34802921061831174E-03 1.53604093098313021E-01
7.77772892E+00 9.97961125201320826E-02 9.36652661907014412E-03 1.53999367643875507E-01
7.78423753E+00 9.97310554886782358E-02 9.38502557886563421E-03 1.54392516393687479E-01
7.79074733E+00 9.96658521343921910E-02 9.40357610144968228E-03 1.54784249221174702E-01
7.79727779E+00 9.96003055407376353E-02 9.42223331690629842E-03 1.55175937102610434E-01
7.80383520E+00 9.95343497472137434E-02 9.44101585699880577E-03 1.55567956918636591E-01
7.81040883E+00 9.94680901147391577E-02 9.45989366780329577E-03 1.55959678692472931E-01
7.81696166E+00 9.94018991436875915E-02 9.47876177099586138E-03 1.56348988996516197E-01
7.82349806E+00 9.93357329951710250E-02 9.49762531648241926E-03 1.56735423735270302E-01
7.83002274E+00 9.92695439271685381E-02 9.51649473299170240E-03 1.57119785674045581E-01
7.83654076E+00 9.92032802907816119E-02 9.53538077872704767E-03 1.57502138422315363E-01
7.84305751E+00 9.91368865444940545E-02 9.55429459915199848E-03 1.57882839662350782E-01
7.84957871E+00 9.90703033024902119E-02 9.57324804825433924E-03 1.58262141272780266E-01
7.85610023E+00 9.90035718713238450E-02 9.59222617512832214E-03 1.58639895317050833E-01
7.86259672E+00 9.89369517115905456E-02 9.61115553430661601E-03 1.59014723721950330E-01
7.86907394E+00 9.88703847790646795E-02 9.63004833127793607E-03 1.59386346700518683E-01
7.87553806E+00 9.88038080658266843E-02 9.64892371810250130E-03 1.59755564326450328E-01
7.88199563E+00 9.87371541749819254E-02 9.66780270371874785E-03 1.60122540113513345E-01
7.88845351E+00 9.86703519162618059E-02 9.68670703998276809E-03 1.60487698635959380E-01
7.89491883E+00 9.86033269252401812E-02 9.70565840771984989E-03 1.60851353460890800E-01
7.90139888E+00 9.85360023052130191E-02 9.72467796422051521E-03 1.61213876858876282E-01
7.90785878E+00 9.84687407717402402E-02 9.74366835771761121E-03 1.61573786866064689E-01
7.91430448E+00 9.84014814374847141E-02 9.76263951338445825E-03 1.61930319277093449E-01
7.92074310E+00 9.83341506489642248E-02 9.78161049189491677E-03 1.62284609228980053E-01
7.92718201E+00 9.82666714882086401E-02 9.80060222816917653E-03 1.62636752969710613E-01
7.93362875E+00 9.81989647488467482E-02 9.81963760053790845E-03 1.62987272124078514E-01
7.94009091E+00 9.81309498855431062E-02 9.83874086280128908E-03 1.63336477029512567E-01
7.94654955E+00 9.80628261308021248E-02 9.85786272312052202E-03 1.63683702561636668E-01
7.95299617E+00 9.79946839633984018E-02 9.87697917673666798E-03 1.64027919437966546E-01
7.95943801E+00 9.79264479453619274E-02 9.89611151853619919E-03 1.64369590361559126E-01
7.96588214E+00 9.78580434822357847E-02 9.91528276611330396E-03 1.64709168708324805E-01
7.97233547E+00 9.77893972549997298E-02 9.93451522792383052E-03 1.65046948142405586E-01
7.97880469E+00 9.77204374970250950E-02 9.95383055415854923E-03 1.65383242722244139E-01
7.98528660E+00 9.76511980568832011E-02 9.97322244606487808E-03 1.65717978543837047E-01
7.99175887E+00 9.75819179703282941E-02 9.99262880222324956E-03 1.66050097070778002E-01
7.99822937E+00 9.75125142487131974E-02 1.00120683102250859E-02 1.66379207904834431E-01
8.00470573E+00 9.74429056360787832E-02 1.00315620419120042E-02 1.66706344495391151E-01
8.01119537E+00 9.73730128336232348E-02 1.00511276103028551E-02 1.67031545293118061E-01
8.01770542E+00 9.73027586149549789E-02 1.00707784417739567E-02 1.67355268594425316E-01
8.02424279E+00 9.72320678790895288E-02 1.00905231198603739E-02 1.67677713970969616E-01
8.03081415E+00 9.71608676803994570E-02 1.01103651701104826E-02 1.67999188693097823E-01
8.03739436E+00 9.70894300229650509E-02 1.01302145410760817E-02 1.68318932288943457E-01
8.04398411E+00 9.70177481240774436E-02 1.01500463382489525E-02 1.68635836343467099E-01
8.05059173E+00 9.69457316380049755E-02 1.01698598594328130E-02 1.68950955451800333E-01
8.05720372E+00 9.68735279207748878E-02 1.01895935945735244E-02 1.69263793981300092E-01
8.06379603E+00 9.68014014600842437E-02 1.02091538827613609E-02 1.69573063830751131E-01
8.07037487E+00 9.67292862314131363E-02 1.02285302965882847E-02 1.69878395242646113E-01
8.07694662E+00 9.66571140182461985E-02 1.02477160029350364E-02 1.70180820009115330E-01
8.08351780E+00 9.65848144907467537E-02 1.02667000812588852E-02 1.70480322161632669E-01
8.09005921E+00 9.65127110176171032E-02 1.02853728154546284E-02 1.70776473695310155E-01
8.09656581E+00 9.64408625158144767E-02 1.03036858714284762E-02 1.71067627199168765E-01
8.10304400E+00 9.63692018397475786E-02 1.03216321853244284E-02 1.71354911953971040E-01
8.10950020E+00 9.62976608022032277E-02 1.03392163047867133E-02 1.71638427531403875E-01
8.11594090E+00 9.62261702357049969E-02 1.03564519774517298E-02 1.71918636591226859E-01
8.12237264E+00 9.61546600467566293E-02 1.03733579485587313E-02 1.72195739597615444E-01
8.12880198E+00 9.60830592753146862E-02 1.03899520974462360E-02 1.72470070729115160E-01
8.13523555E+00 9.60112961392914355E-02 1.04062472088304117E-02 1.72741875014396501E-01
8.14168000E+00 9.59392980510743593E-02 1.04222503721672962E-02 1.73011432777972901E-01
8.14814022E+00 9.58670120431578954E-02 1.04379617796010599E-02 1.73278955590383116E-01
8.15457291E+00 9.57949251814426972E-02 1.04532783049327890E-02 1.73543700131248813E-01
8.16097788E+00 9.57230438983024540E-02 1.04681977843312356E-02 1.73803317290806586E-01
8.16735252E+00 9.56514014059857559E-02 1.04827270932981165E-02 1.74059660557304180E-01
8.17370413E+00 9.55799197929959182E-02 1.04968956755334651E-02 1.74311898209281196E-01
8.18004022E+00 9.55085180682487683E-02 1.05107305614845787E-02 1.74561174946401887E-01
8.18636855E+00 9.54371120077969204E-02 1.05242518152605744E-02 1.74807419092676997E-01
8.19269712E+00 9.53656141061372253E-02 1.05374728699396212E-02 1.75051199189307255E-01
8.19903418E+00 9.52939336391794706E-02 1.05504038349842188E-02 1.75292724270930567E-01
8.20533995E+00 9.52225238200019586E-02 1.05629669128692229E-02 1.75531772050739499E-01
8.21159403E+00 9.51516202056944121E-02 1.05751222637121556E-02 1.75765616598390989E-01
8.21780442E+00 9.50811368345815394E-02 1.05868866061504304E-02 1.75995152591980369E-01
8.22397915E+00 9.50109864494373818E-02 1.05982775277008254E-02 1.76221058531613767E-01
8.23012634E+00 9.49410804555926857E-02 1.06093092059184810E-02 1.76443609160064546E-01
8.23625416E+00 9.48713290265723597E-02 1.06199937176429306E-02 1.76663157462864512E-01
8.24237084E+00 9.48016413395042362E-02 1.06303428248143150E-02 1.76880008769931429E-01
8.24848460E+00 9.47319258958099902E-02 1.06403685807241778E-02 1.77094485190224693E-01
8.25460368E+00 9.46620908596750160E-02 1.06500817169731272E-02 1.77306886473878683E-01
8.26073632E+00 9.45920443260643284E-02 1.06594900012998064E-02 1.77517506625119281E-01
8.26689067E+00 9.45216944495926303E-02 1.06685989677053027E-02 1.77726624930788168E-01
8.27304017E+00 9.44513470331324601E-02 1.06773699743011458E-02 1.77934307197055636E-01
8.27913380E+00 9.43815887061793951E-02 1.06857407613972707E-02 1.78138347912218942E-01
8.28518089E+00 9.43123163764426065E-02 1.06937331399674703E-02 1.78337013814451412E-01
8.29119082E+00 9.42434256144005916E-02 1.07013751150962701E-02 1.78532925250942581E-01
8.29717310E+00 9.41748100790250897E-02 1.07086906193388925E-02 1.78725662153181669E-01
8.30313742E+00 9.41063612555735202E-02 1.07156974241163928E-02 1.78915893232055617E-01
8.30909360E+00 9.40379684410203864E-02 1.07224074824507441E-02 1.79103808626282612E-01
8.31505168E+00 9.39695188870077053E-02 1.07288289463604337E-02 1.79289829824115510E-01
8.32102180E+00 9.39008979944147004E-02 1.07349685094525575E-02 1.79474281688185328E-01
8.32701426E+00 9.38319894481526723E-02 1.07408334447268161E-02 1.79657533821118182E-01
8.33303951E+00 9.37626751842535883E-02 1.07464327950640755E-02 1.79839932986677387E-01
8.33910428E+00 9.36928795912940621E-02 1.07517748191422458E-02 1.80021814565526600E-01
8.34514610E+00 9.36233237202402091E-02 1.07568208406454303E-02 1.80203060759208777E-01
8.35113243E+00 9.35543857023136832E-02 1.07615610694427981E-02 1.80379830375148764E-01
8.35707444E+00 9.34859395101945295E-02 1.07660214739905870E-02 1.80553048763212681E-01
8.36298337E+00 9.34178582206884323E-02 1.07702266415128974E-02 1.80723973822739914E-01
8.36887049E+00 9.33500135522324498E-02 1.07741961844827726E-02 1.80892771592741308E-01
8.37474651E+00 9.32822834401533657E-02 1.07779459898154160E-02 1.80959263244212409E-01
8.38061808E+00 9.32145922284655232E-02 1.07814881271166528E-02 1.81375022467974545E-01
8.38649528E+00 9.31468248672095711E-02 1.07848354117496357E-02 1.81383637909617784E-01
8.39238814E+00 9.30788659436838361E-02 1.07880001552324144E-02 1.81425834801869357E-01
8.39830682E+00 9.30105989171182146E-02 1.07909944959659609E-02 1.81840088469079147E-01
8.40426160E+00 9.29419050314583134E-02 1.07938312118622051E-02 1.81855904531958074E-01
8.41026310E+00 9.28726618761364503E-02 1.07965243210699068E-02 1.81922413082832107E-01
8.41630300E+00 9.28029648035863380E-02 1.07990827473563745E-02 1.82358414138682784E-01
8.42233194E+00 9.27333837811357559E-02 1.08015034636932648E-02 1.82367292185893953E-01
8.42831526E+00 9.26643190412140272E-02 1.08037874467046668E-02 1.82407600224389954E-01
8.43426507E+00 9.25956312501056006E-02 1.08059485647166633E-02 1.82795873196364034E-01
8.44019325E+00 9.25271831962747315E-02 1.08080003660922658E-02 1.82814959346844524E-01
8.44611143E+00 9.24588398131310635E-02 1.08099545851643615E-02 1.82885583288088932E-01
8.45203108E+00 9.23904679415924746E-02 1.08118234040025310E-02 1.83314593874402992E-01
8.45796350E+00 9.23219357652047545E-02 1.08136200561747328E-02 1.83319942640199990E-01
8.46390306E+00 9.22533074276001425E-02 1.08153550956858694E-02 1.83352308555347066E-01
8.46983454E+00 9.21847573239028134E-02 1.08170375455332174E-02 1.83687489013815347E-01
8.47576247E+00 9.21162322451402338E-02 1.08186814626086633E-02 1.83719910657502428E-01
8.48169144E+00 9.20476775350614063E-02 1.08203039951586758E-02 1.83968244833174754E-01
8.48762610E+00 9.19790378220392973E-02 1.08219226568065825E-02 1.84008243101981994E-01
8.49357107E+00 9.19102578011474630E-02 1.08235529492702980E-02 1.84309818091350303E-01
8.49950646E+00 9.18415659529633749E-02 1.08252024947782036E-02 1.84336733020992655E-01
8.50542469E+00 9.17730487256741972E-02 1.08268763264601012E-02 1.84564291198990788E-01
8.51133064E+00 9.17046484515760263E-02 1.08285806346683951E-02 1.84609129753424528E-01
8.51722927E+00 9.16363063925787757E-02 1.08303212535683074E-02 1.84937874328142543E-01
8.52312554E+00 9.15679635081776133E-02 1.08321028329367280E-02 1.84960229771859941E-01
8.52902441E+00 9.14995612432206590E-02 1.08339290876855437E-02 1.85033179863505898E-01
8.53493072E+00 9.14310423243898662E-02 1.08358044467332486E-02 1.85448811184174139E-01
8.54084915E+00 9.13623515624941984E-02 1.08377357554634759E-02 1.85457473471628886E-01
8.54678415E+00 9.12934366591501983E-02 1.08397320453184065E-02 1.85492725516700541E-01
8.55273689E+00 9.12242835654027695E-02 1.08418004644248132E-02 1.85819186152968191E-01
8.55867775E+00 9.11552366593653962E-02 1.08439348351079753E-02 1.85856229210038360E-01
8.56461201E+00 9.10862356336771123E-02 1.08461292811943538E-02 1.86113820708965511E-01
8.57054480E+00 9.10172217113151688E-02 1.08483768337490384E-02 1.86155058848159305E-01
8.57648109E+00 9.09481383412685390E-02 1.08506698576894406E-02 1.86444444665681663E-01
8.58242556E+00 9.08789318907103211E-02 1.08530046941745020E-02 1.86480139972274334E-01
8.58838260E+00 9.08095523306301916E-02 1.08553857399367112E-02 1.86728623244376946E-01
8.59435622E+00 9.07399539029634661E-02 1.08578220153259502E-02 1.86773366463500373E-01
8.60035000E+00 9.06700957305535543E-02 1.08603219084759551E-02 1.87092577624537931E-01
8.60636704E+00 9.05999390629460971E-02 1.08628907197180734E-02 1.87121419640801673E-01
8.61240447E+00 9.05295198406272511E-02 1.08655300515747982E-02 1.87354092330509564E-01
8.61844021E+00 9.04590973531100989E-02 1.08682394040955418E-02 1.87404735464912320E-01
8.62447887E+00 9.03886186159824634E-02 1.08710300535359607E-02 1.87772904716697692E-01
8.63052469E+00 9.03180348340490713E-02 1.08739152852111980E-02 1.87794828189738416E-01
8.63658044E+00 9.02473139445379713E-02 1.08769058554089876E-02 1.87855576385376644E-01
8.64264874E+00 9.01764247420411696E-02 1.08800162334964038E-02 1.88330618257570692E-01
8.64873235E+00 9.01053347331084858E-02 1.08832639440923969E-02 1.88337720741105913E-01
8.65483344E+00 9.00340172475530137E-02 1.08866638647026528E-02 1.88369980894858069E-01
8.66095370E+00 8.99624514510368178E-02 1.08902301802720029E-02 1.88737510406476738E-01
8.66709426E+00 8.98906222343990174E-02 1.08939834938865266E-02 1.88776880336893133E-01
8.67325239E+00 8.98185598015587700E-02 1.08979414165304173E-02 1.89070128074722038E-01
8.67941885E+00 8.97463700482294818E-02 1.09021116358207475E-02 1.89114565009213392E-01
8.68559097E+00 8.96740820929299298E-02 1.09065052876646425E-02 1.89449200342953511E-01
8.69174060E+00 8.96020234865252119E-02 1.09111199035646107E-02 1.89486430234380027E-01
8.69789072E+00 8.95299233140124939E-02 1.09159803528976283E-02 1.89769916921387033E-01
8.70406419E+00 8.94575110288516884E-02 1.09211172280558912E-02 1.89817849144981121E-01
8.71028358E+00 8.93845191548872930E-02 1.09265566559965718E-02 1.90189405771533704E-01
8.71653814E+00 8.93110704011572110E-02 1.09322848438363658E-02 1.90218696171789853E-01
8.72280429E+00 8.92374385091348893E-02 1.09382689015473621E-02 1.90487801261117473E-01
8.72908174E+00 8.91636247158618528E-02 1.09445078173059530E-02 1.90542555430541688E-01
8.73536990E+00 8.90896333833950949E-02 1.09510073228308077E-02 1.90979183066954356E-01
8.74166803E+00 8.90154708793443050E-02 1.09577573263155148E-02 1.90999108719541399E-01
8.74797531E+00 8.89411445037754933E-02 1.09647369611498968E-02 1.91079674945332734E-01
8.75429089E+00 8.88666615406532717E-02 1.09719329932447211E-02 1.91601505294834579E-01
8.76061405E+00 8.87920283842920377E-02 1.09793306461340601E-02 1.91610611096664052E-01
8.76694419E+00 8.87172496844349373E-02 1.09869031739349855E-02 1.91658377229232318E-01
8.77328092E+00 8.86423275969553809E-02 1.09946230973422578E-02 1.92142902650713154E-01
8.77962034E+00 8.85673063094882390E-02 1.10024811685071645E-02 1.92165692739204697E-01
8.78594926E+00 8.84923397510776061E-02 1.10104676588584690E-02 1.92407743870883163E-01
8.79227302E+00 8.84173634072308312E-02 1.10185735608160241E-02 1.92488600974412560E-01
8.79859668E+00 8.83423158175624529E-02 1.10267679320542288E-02 1.92994211255345188E-01
8.80491453E+00 8.82672632481039388E-02 1.10350083721271960E-02 1.93005253565215168E-01
8.81120090E+00 8.81925096665887726E-02 1.10432530781625540E-02 1.93059024770717874E-01
8.81746291E+00 8.81179702203494786E-02 1.10515058400690834E-02 1.93594819351663505E-01
8.82370721E+00 8.80435654413049551E-02 1.10597617288941269E-02 1.93608520719700111E-01
8.82994002E+00 8.79692207938537335E-02 1.10680067828491779E-02 1.93668042045411520E-01
8.83616715E+00 8.78948662092361166E-02 1.10762360412127205E-02 1.94238810316084975E-01
8.84239408E+00 8.78204355508492573E-02 1.10844506867604168E-02 1.94245127752702640E-01
8.84862603E+00 8.77458659594302220E-02 1.10926418066861019E-02 1.94292833949753607E-01
8.85486797E+00 8.76710970665344341E-02 1.11007877388878962E-02 1.94814809107176551E-01
8.86112473E+00 8.75960701640463441E-02 1.11088704395727895E-02 1.94833944838224055E-01
8.86740108E+00 8.75207274111507866E-02 1.11168909836398162E-02 1.95078706813081759E-01
8.87370176E+00 8.74450111099857735E-02 1.11248589508867249E-02 1.95303898903578160E-01
8.88003156E+00 8.73688629769408670E-02 1.11327658510256017E-02 1.95386688142793724E-01
8.88639537E+00 8.72922234082677828E-02 1.11405850270632177E-02 1.95927788755892840E-01
8.89279827E+00 8.72150308714119832E-02 1.11482943246105099E-02 1.95936882742287377E-01
8.89924333E+00 8.71372476901922238E-02 1.11558838891817075E-02 1.95994074140117575E-01
8.90569059E+00 8.70593564380906793E-02 1.11633067252591180E-02 1.96597970226864260E-01
8.91213588E+00 8.69814098318478085E-02 1.11705408590578748E-02 1.96606492714632347E-01
8.91857910E+00 8.69034111955883926E-02 1.11775673205448990E-02 1.96663570664133258E-01
8.92502211E+00 8.68253405398948241E-02 1.11843705814099522E-02 1.97272616253098554E-01
8.93146682E+00 8.67471773542809466E-02 1.11909354242030242E-02 1.97280893604885821E-01
8.93791517E+00 8.66689008765120089E-02 1.11972455872198888E-02 1.97338315970563949E-01
8.94436913E+00 8.65904902761658879E-02 1.12032903901215196E-02 1.97954788002444426E-01
8.95083067E+00 8.65119248029944388E-02 1.12090653743710869E-02 1.97962732767560740E-01
8.95730178E+00 8.64331838620667064E-02 1.12145607226098506E-02 1.98020384017530499E-01
8.96378444E+00 8.63542469998992146E-02 1.12197588975525338E-02 1.98644133164462472E-01
8.97027481E+00 8.62751648792121906E-02 1.12246361649447519E-02 1.98652085677357482E-01
8.97673624E+00 8.61963890685866763E-02 1.12291520345058488E-02 1.98710319442992250E-01
8.98317762E+00 8.61178164608919772E-02 1.12332954678231733E-02 1.99340922133476622E-01
8.98961058E+00 8.60393100270544081E-02 1.12370651515549883E-02 1.99347573683508555E-01
8.99604644E+00 8.59607365125581863E-02 1.12404653553553630E-02 1.99403673027231332E-01
9.00247610E+00 8.58822112133340587E-02 1.12434989061992313E-02 2.00024323849937513E-01
9.00887576E+00 8.58040299147998647E-02 1.12461637903631742E-02 2.00033996755606902E-01
9.01525750E+00 8.57260496548240269E-02 1.12484664665946851E-02 2.00095287202645022E-01
9.02162171E+00 8.56482703587430616E-02 1.12504113391844393E-02 2.00739638317745689E-01
9.02794879E+00 8.55709362610365676E-02 1.12519947244230506E-02 2.00743767978534299E-01
9.03425324E+00 8.54938747386674580E-02 1.12532125956994952E-02 2.00794661585595308E-01
9.04055040E+00 8.54169024314092723E-02 1.12540639171268813E-02 2.01383964423374140E-01
9.04685650E+00 8.53398249422439165E-02 1.12545508814862385E-02 2.01400459869268772E-01
9.05312149E+00 8.52632583250930165E-02 1.12546792706578001E-02 2.01649307583174592E-01
9.05934801E+00 8.51871742174789837E-02 1.12544548783159917E-02 2.01910541129239812E-01
9.06555162E+00 8.51113865895773147E-02 1.12538864234423101E-02 2.01995339318817857E-01
9.07174870E+00 8.50356983684659729E-02 1.12529789212155191E-02 2.02561749143495728E-01
9.07795662E+00 8.49599008666105382E-02 1.12517327864589609E-02 2.02571501674528920E-01
9.08417125E+00 8.48840476868137767E-02 1.12501537632311733E-02 2.02632379232797422E-01
9.09037497E+00 8.48083567459929355E-02 1.12482557962893248E-02 2.03271856647222082E-01
9.09655277E+00 8.47330142006390147E-02 1.12460595554765962E-02 2.03278506390760422E-01
9.10272216E+00 8.46578090511410503E-02 1.12435739480864633E-02 2.03333936494494522E-01
9.10888031E+00 8.45827815533913147E-02 1.12408145583134007E-02 2.03946422155161178E-01
9.11504059E+00 8.45077690844239504E-02 1.12377848246544999E-02 2.03959369895053699E-01
9.12121896E+00 8.44325787093491847E-02 1.12344837590196995E-02 2.04044328577078160E-01
9.12742306E+00 8.43571197911516385E-02 1.12309134667794071E-02 2.04677253528320668E-01
9.13359552E+00 8.42820916518044472E-02 1.12271205489354389E-02 2.04684855872270061E-01
9.13975186E+00 8.42073070185651584E-02 1.12231097257439443E-02 2.04742946393569908E-01
9.14590829E+00 8.41325703241271317E-02 1.12188885242418025E-02 2.05376882679980138E-01
9.15208186E+00 8.40576762329870303E-02 1.12144611030207553E-02 2.05388211109584107E-01
9.15829057E+00 8.39824080989746008E-02 1.12098262498294080E-02 2.05471022717656493E-01
9.16450919E+00 8.39070731246257251E-02 1.12050127294641665E-02 2.06112314211262165E-01
9.17070759E+00 8.38320372685450593E-02 1.12000518182066508E-02 2.06122025851852603E-01
9.17690304E+00 8.37570919322399993E-02 1.11949353860614966E-02 2.06201380107546156E-01
9.18311362E+00 8.36820193853407418E-02 1.11896551424401792E-02 2.06840254288952669E-01
9.18935840E+00 8.36065907148779985E-02 1.11842017292833693E-02 2.06852385406378486E-01
9.19565757E+00 8.35305636017538433E-02 1.11785648840165945E-02 2.07081672291327595E-01
9.20193576E+00 8.34548482454399582E-02 1.11728247563970002E-02 2.07410278826347633E-01
9.20820762E+00 8.33792680200533404E-02 1.11669772495705481E-02 2.07630549508165257E-01
9.21449223E+00 8.33035935821569706E-02 1.11610132084850513E-02 2.07900513067334730E-01
9.22080962E+00 8.32275851515577453E-02 1.11549167786582550E-02 2.08148860287425880E-01
9.22718091E+00 8.31509898588852769E-02 1.11486666631058114E-02 2.08412842414850114E-01
9.23357137E+00 8.30742263529862524E-02 1.11422978288002114E-02 2.08674207462811540E-01
9.23995239E+00 8.29976380526130791E-02 1.11358418953233333E-02 2.08938812390775219E-01
9.24634405E+00 8.29209844393876960E-02 1.11292829310995853E-02 2.09202299616862153E-01
9.25276723E+00 8.28440158557127715E-02 1.11226033677958632E-02 2.09469336523576050E-01
9.25924390E+00 8.27664704734229623E-02 1.11157820173210728E-02 2.09739060165969798E-01
9.26577330E+00 8.26883588958690213E-02 1.11088227721747729E-02 2.10013032293126761E-01
9.27229120E+00 8.26104490509038530E-02 1.11018009807420034E-02 2.10289027938903195E-01
9.27881864E+00 8.25324897247230321E-02 1.10947005674744952E-02 2.10563784062961057E-01
9.28537734E+00 8.24542221274925102E-02 1.10875061258193814E-02 2.10841930789894494E-01
9.29199001E+00 8.23753766217385219E-02 1.10801977649451454E-02 2.11122773911954970E-01
9.29867816E+00 8.22956984864132296E-02 1.10727532203630519E-02 2.11408133901022338E-01
9.30535455E+00 8.22162267657671891E-02 1.10652709068788119E-02 2.11696646197157085E-01
9.31204111E+00 8.21366999916841450E-02 1.10577253082180683E-02 2.11982852571479530E-01
9.31876037E+00 8.20568505905191065E-02 1.10500961874231557E-02 2.12272854728232430E-01
9.32553572E+00 8.19764015633123871E-02 1.10423650387517398E-02 2.12565227281032609E-01
9.33239170E+00 8.18950631945865454E-02 1.10345140259493768E-02 2.12862276636002101E-01
9.33924124E+00 8.18138678616643772E-02 1.10266536653912568E-02 2.13162293177321910E-01
9.34610391E+00 8.17325827986633002E-02 1.10187665214868721E-02 2.13460168916811577E-01
9.35300300E+00 8.16509325799932989E-02 1.10108298016732102E-02 2.13761528564351322E-01
9.35996252E+00 8.15686336831549091E-02 1.10028177091183593E-02 2.14065203547732480E-01
9.36699754E+00 8.14855092183735530E-02 1.09947186904398898E-02 2.14373181066379148E-01
9.37402794E+00 8.14025044832187294E-02 1.09866382527348729E-02 2.14683175348570482E-01
9.38107724E+00 8.13193409110879450E-02 1.09785648138517392E-02 2.14991260767497222E-01
9.38816938E+00 8.12357360813089902E-02 1.09704860027548465E-02 2.15302478417936427E-01
9.39532892E+00 8.11513969596738688E-02 1.09623811073155854E-02 2.15616064463743512E-01
9.40253846E+00 8.10665308559336412E-02 1.09542736309847320E-02 2.15932703131837656E-01
9.40975157E+00 8.09816838020206015E-02 1.09462229587260068E-02 2.16249347717744761E-01
9.41699235E+00 8.08965717927205979E-02 1.09382157194124474E-02 2.16565255707083903E-01
9.42428524E+00 8.08109073391227728E-02 1.09302420159059725E-02 2.16883291732544004E-01
9.43164168E+00 8.07245563809132066E-02 1.09223007783683657E-02 2.17203220056776891E-01
9.43900456E+00 8.06381881313869009E-02 1.09144574807298316E-02 2.17523986729305646E-01
9.44636571E+00 8.05518968380288386E-02 1.09067206875536806E-02 2.17842006954441253E-01
9.45373128E+00 8.04656092511545490E-02 1.08990891690946782E-02 2.18159289910881404E-01
9.46111140E+00 8.03792054986593452E-02 1.08915620723967488E-02 2.18475298229862752E-01
9.46852010E+00 8.02925204025929234E-02 1.08841359106076202E-02 2.18790872442001211E-01
9.47593331E+00 8.02058341163420785E-02 1.08768441933289484E-02 2.19105404595372116E-01
9.48334395E+00 8.01192280622703007E-02 1.08697020759437202E-02 2.19417093455926526E-01
9.49075932E+00 8.00326156014726925E-02 1.08627117576939308E-02 2.19726577556463465E-01
9.49819045E+00 7.99458671655316477E-02 1.08558689268101229E-02 2.20033985653524056E-01
9.50565199E+00 7.98588110876741336E-02 1.08491620626950010E-02 2.20339761882840129E-01
9.51316206E+00 7.97712360067669712E-02 1.08425760033446904E-02 2.20644313439208956E-01
9.52073441E+00 7.96829820916620385E-02 1.08360997750551104E-02 2.20948077125118048E-01
9.52831489E+00 7.95946799283515083E-02 1.08297760298330676E-02 2.21249864555991022E-01
9.53589897E+00 7.95063822106179957E-02 1.08235967403686826E-02 2.21546461070229905E-01
9.54345575E+00 7.94184484713368055E-02 1.08175716513261855E-02 2.21839073888158239E-01
9.55101339E+00 7.93305510975094441E-02 1.08116594212793286E-02 2.22125640087354359E-01
9.55857249E+00 7.92426835615213931E-02 1.08058433197526487E-02 2.22408959953273089E-01
9.56612637E+00 7.91549237419290619E-02 1.08001145767127622E-02 2.22686797160196570E-01
9.57366371E+00 7.90674032331222520E-02 1.07944722432625657E-02 2.22959398233413070E-01
9.58118904E+00 7.89800735788658281E-02 1.07889062156040043E-02 2.23225667379955389E-01
9.58870704E+00 7.88928787910380125E-02 1.07834075702987770E-02 2.23486639860483061E-01
9.59622259E+00 7.88057620739239795E-02 1.07779650602342954E-02 2.23741661555009241E-01
9.60374080E+00 7.87186648077144030E-02 1.07725647104309537E-02 2.23991007851075591E-01
9.61124310E+00 7.86318028922557699E-02 1.07672060754469123E-02 2.24234178174318316E-01
9.61873253E+00 7.85451417958566434E-02 1.07618698264714697E-02 2.24470105519783275E-01
9.62621435E+00 7.84586216738062114E-02 1.07565344162713697E-02 2.24699524554144353E-01
9.63369403E+00 7.83721804565930824E-02 1.07511782456965813E-02 2.24922130360359046E-01
9.64117723E+00 7.82857536606778731E-02 1.07457804710710553E-02 2.25138064716482622E-01
9.64866988E+00 7.81992741942213465E-02 1.07403216794843288E-02 2.25347222184646895E-01
9.65617816E+00 7.81126721596346330E-02 1.07347842695661670E-02 2.25549620146953872E-01
9.66370849E+00 7.80258746673821862E-02 1.07291521953735633E-02 2.25745206678285293E-01
9.67126763E+00 7.79388056805607327E-02 1.07234100714676626E-02 2.25933952502593599E-01
9.67883496E+00 7.78517038824065449E-02 1.07175635626380761E-02 2.26115744218269216E-01
9.68641010E+00 7.77645747686761951E-02 1.07116025027524236E-02 2.26289295071798402E-01
9.69399987E+00 7.76773412802844176E-02 1.07055109052928317E-02 2.26355782594827276E-01
9.70161136E+00 7.75899235537007986E-02 1.06992718862425375E-02 2.26759316209565243E-01
9.70925194E+00 7.75022388627514824E-02 1.06928678799888197E-02 2.26766462640446559E-01
9.71692925E+00 7.74142016134917177E-02 1.06862809654224931E-02 2.26800498546531587E-01
9.72465119E+00 7.73257233742769973E-02 1.06794930181796626E-02 2.27121468339703259E-01
9.73234761E+00 7.72376087684865931E-02 1.06725571124685094E-02 2.27142011887176060E-01
9.74001690E+00 7.71498766294619470E-02 1.06654689931092658E-02 2.27203384558194138E-01
9.74769175E+00 7.70621542567675871E-02 1.06581948418045282E-02 2.27519481557833469E-01
9.75535578E+00 7.69746299578875498E-02 1.06507473193882523E-02 2.27523257944933888E-01
9.76302224E+00 7.68871535284044727E-02 1.06431109030011642E-02 2.27535250444012876E-01
9.77072594E+00 7.67993299760592885E-02 1.06352477318308707E-02 2.27577252155785836E-01
9.77850167E+00 7.67107661441748939E-02 1.06271169516254545E-02 2.27855354445436142E-01
9.78631763E+00 7.66218269741117813E-02 1.06187460713960437E-02 2.27857708308957241E-01
9.79407747E+00 7.65336086442912761E-02 1.06102368151711271E-02 2.27859126731835088E-01
9.80181646E+00 7.64457108181054723E-02 1.06015526442658180E-02 2.27872810265670134E-01
9.80952565E+00 7.63582357953869334E-02 1.05927068035251790E-02 2.27908932545211496E-01
9.81719969E+00 7.62712448282262395E-02 1.05837084603346270E-02 2.28079314863179644E-01
9.82487006E+00 7.61843820116576975E-02 1.05745234582450744E-02 2.28082136776291661E-01
9.83257180E+00 7.60972528100672119E-02 1.05651117186110546E-02 2.28074619852736415E-01
9.84033870E+00 7.60094785484230068E-02 1.05554331318397365E-02 2.28064244785512904E-01
9.84816927E+00 7.59210794133794858E-02 1.05454912600658184E-02 2.28056601760686040E-01
9.85607534E+00 7.58319256743862635E-02 1.05352741779927706E-02 2.28053783277351901E-01
9.86397123E+00 7.57429845436029675E-02 1.05248985792270912E-02 2.28054340501764707E-01
9.87183995E+00 7.56544471650719141E-02 1.05143970341181406E-02 2.28054452104331729E-01
9.87967534E+00 7.55663826022465873E-02 1.05037902690280262E-02 2.28049400829515025E-01
9.88751273E+00 7.54783941285609578E-02 1.04930432867149960E-02 2.28035073022636314E-01
9.89538526E+00 7.53901115369498415E-02 1.04821224764573857E-02 2.28006041107413682E-01
9.90332395E+00 7.53011896445134055E-02 1.04709955806178596E-02 2.27965067171615243E-01
9.91128571E+00 7.52121123812729137E-02 1.04597337089093346E-02 2.27809828890493615E-01
9.91929790E+00 7.51225717050824637E-02 1.04483108643212402E-02 2.27804997748751847E-01
9.92738834E+00 7.50322617574956385E-02 1.04366998378138919E-02 2.27801900729338563E-01
9.93548860E+00 7.49419477602022016E-02 1.04250118614522044E-02 2.27786826925534869E-01
9.94358322E+00 7.48518017542075392E-02 1.04132842886098843E-02 2.27745835938324703E-01
9.95170313E+00 7.47614798780022460E-02 1.04014884415849860E-02 2.27508990629289087E-01
9.95986825E+00 7.46707616629353060E-02 1.03896110479751030E-02 2.27505286122170497E-01
9.96805591E+00 7.45798993758322454E-02 1.03777002141982599E-02 2.27499119499270180E-01
9.97628017E+00 7.44887374332116881E-02 1.03657516244584150E-02 2.27471256344423750E-01
9.98446869E+00 7.43980761697583259E-02 1.03538863350177181E-02 2.27272417793869697E-01
9.99261781E+00 7.43079537400373746E-02 1.03421254792123284E-02 2.27254504798923701E-01
1.00007427E+01 7.42182000387390794E-02 1.03304626367182323E-02 2.27220158833353836E-01
1.00088587E+01 7.41286458886167843E-02 1.03188904703875196E-02 2.27022557752898035E-01
1.00169807E+01 7.40391242631998486E-02 1.03074015337208946E-02 2.27009632760552860E-01
1.00251236E+01 7.39494714113926449E-02 1.02959893022241504E-02 2.26982678341021399E-01
1.00333019E+01 7.38595278068454458E-02 1.02846483398003792E-02 2.26813515899020268E-01
1.00415296E+01 7.37691389292122884E-02 1.02733740380990882E-02 2.26792969186119797E-01
1.00498204E+01 7.36781559124186636E-02 1.02621625866976852E-02 2.26752060938699262E-01
1.00581055E+01 7.35873317382369774E-02 1.02511196569178512E-02 2.26510825615069827E-01
1.00663879E+01 7.34966340152321262E-02 1.02402517581916559E-02 2.26507076458395101E-01
1.00746820E+01 7.34059012538825495E-02 1.02295507904396812E-02 2.26497403764370081E-01
1.00830024E+01 7.33149740716927678E-02 1.02190091351960898E-02 2.26462392044042754E-01
1.00913634E+01 7.32236958855355391E-02 1.02086199890737504E-02 2.26216987784955109E-01
1.00997790E+01 7.31319135804155418E-02 1.01983780023028030E-02 2.26212118808113427E-01
1.01082629E+01 7.30394781205167820E-02 1.01882793583815412E-02 2.26201626960151919E-01
1.01167740E+01 7.29468342379549772E-02 1.01783845967834078E-02 2.26168401759223953E-01
1.01252667E+01 7.28544782334553248E-02 1.01687546440860505E-02 2.25950249875020021E-01
1.01337498E+01 7.27623118373045968E-02 1.01593845971209192E-02 2.25945399745677872E-01
1.01422328E+01 7.26702285141946763E-02 1.01502690055094488E-02 2.25937519700333433E-01
1.01506927E+01 7.25784768885799209E-02 1.01414359906185410E-02 2.25915026131421171E-01
1.01591383E+01 7.24869566270878452E-02 1.01328775094465875E-02 2.25756398548841775E-01
1.01675791E+01 7.23955647978756500E-02 1.01245880465571977E-02 2.25745815495920654E-01
1.01760243E+01 7.23041972833805835E-02 1.01165629217839434E-02 2.25731974784214168E-01
1.01844789E+01 7.22127998599098320E-02 1.01088013963293866E-02 2.25708351192001250E-01
1.01929235E+01 7.21215775956642602E-02 1.01013231664992022E-02 2.25668315740657321E-01
1.02013653E+01 7.20304522375408984E-02 1.00941210936086219E-02 2.25502028478865552E-01
1.02098048E+01 7.19394143657813845E-02 1.00871935797399552E-02 2.25507273693930088E-01
1.02182456E+01 7.18484229369908134E-02 1.00805360498086548E-02 2.25522652377830285E-01
1.02266895E+01 7.17574582955884388E-02 1.00741471357140011E-02 2.25536158865347058E-01
1.02351454E+01 7.16664194847598385E-02 1.00680207885542744E-02 2.25538751741776899E-01
1.02436200E+01 7.15752320916020895E-02 1.00621530083305245E-02 2.25526723600815437E-01
1.02520605E+01 7.14844643486424736E-02 1.00565792973022136E-02 2.25498944432214438E-01
1.02604774E+01 7.13939978933280650E-02 1.00512841806584350E-02 2.25464797367915776E-01
1.02688718E+01 7.13038195148235354E-02 1.00462616122746016E-02 2.25433376118987644E-01
1.02772522E+01 7.12138351151978682E-02 1.00415004063922290E-02 2.25414309139774588E-01
1.02856263E+01 7.11239576676315766E-02 1.00369906831734319E-02 2.25406561153988577E-01
1.02939600E+01 7.10345537763084067E-02 1.00327455673984191E-02 2.25410187925135702E-01
1.03022629E+01 7.09455143403191352E-02 1.00287490721471754E-02 2.25422828107944478E-01
1.03105456E+01 7.08567258887518175E-02 1.00249864085923887E-02 2.25440652602309055E-01
1.03188189E+01 7.07680692679488604E-02 1.00214422482805144E-02 2.25459621997271958E-01
1.03270944E+01 7.06794186476480957E-02 1.00181013068535805E-02 2.25476590236194180E-01
1.03353750E+01 7.05907390890940234E-02 1.00149523088279083E-02 2.25489983946890293E-01
1.03436179E+01 7.05024894317408946E-02 1.00120016184306205E-02 2.25499957136653689E-01
1.03518346E+01 7.04145432141554950E-02 1.00092293329133233E-02 2.25507854034721233E-01
1.03600383E+01 7.03267588037102265E-02 1.00066177123159065E-02 2.25515620037118447E-01
1.03682434E+01 7.02389797025957524E-02 1.00041481508223399E-02 2.25525115180531699E-01
1.03764115E+01 7.01516167618861236E-02 1.00018189035802584E-02 2.25537609132461875E-01
1.03845473E+01 7.00646210204660252E-02 9.99960845737609891E-03 2.25553388827810980E-01
1.03926623E+01 6.99778667296702822E-02 9.99749512253580996E-03 2.25571858375215678E-01
1.04007689E+01 6.98912200450462068E-02 9.99545632397985141E-03 2.25591785729652661E-01
1.04088805E+01 6.98045371104042967E-02 9.99346942811065418E-03 2.25611703211079040E-01
1.04170114E+01 6.97176598808126879E-02 9.99151204556028051E-03 2.25630345809533145E-01
1.04251768E+01 6.96304279062654463E-02 9.98956081476015667E-03 2.25646857222728425E-01
1.04333302E+01 6.95433402075534557E-02 9.98760994259632884E-03 2.25661029657004158E-01
1.04414825E+01 6.94562808380690122E-02 9.98563267726853068E-03 2.25673038101666668E-01
1.04496479E+01 6.93690982186531968E-02 9.98360258556189005E-03 2.25683328978542208E-01
1.04578005E+01 6.92820698238499483E-02 9.98150488857754356E-03 2.25692467953731740E-01
1.04659455E+01 6.91951410705675674E-02 9.97931517731091497E-03 2.25700863668079343E-01
1.04741040E+01 6.91080872999063345E-02 9.97700659160778540E-03 2.25708648179385796E-01
1.04822820E+01 6.90208467354079674E-02 9.97455757458625379E-03 2.25715682904656517E-01
1.04904479E+01 6.89337567445164889E-02 9.97195906458599700E-03 2.25721643306362213E-01
1.04986228E+01 6.88465931527945524E-02 9.96918238270936077E-03 2.25726057575438788E-01
1.05068295E+01 6.87591152926694399E-02 9.96619973209032263E-03 2.25728453035588528E-01
1.05150924E+01 6.86710642060301690E-02 9.96298157812199048E-03 2.25728468149677397E-01
1.05233861E+01 6.85827118620585263E-02 9.95952088478840522E-03 2.25725933149938801E-01
1.05317068E+01 6.84941010730249072E-02 9.95580327307171720E-03 2.25720853807806876E-01
1.05400197E+01 6.84056034999956375E-02 9.95183565810885476E-03 2.25713374182963528E-01
1.05483473E+01 6.83169827061871071E-02 9.94759957376687397E-03 2.25703721670456159E-01
1.05567019E+01 6.82281067975206434E-02 9.94308473770675640E-03 2.25692106458625807E-01
1.05650463E+01 6.81393745863562716E-02 9.93831281914970763E-03 2.25678646355341322E-01
1.05734029E+01 6.80505480669439389E-02 9.93327391630906102E-03 2.25663431337117304E-01
1.05817960E+01 6.79613707309222742E-02 9.92796037896973883E-03 2.25646469972526437E-01
1.05902517E+01 6.78715660527052927E-02 9.92236275260282609E-03 2.25627683609147922E-01
1.05987701E+01 6.77811352897254443E-02 9.91648899556221534E-03 2.25606918201582601E-01
1.06072738E+01 6.76909001384957548E-02 9.91040637232305788E-03 2.25583985266869458E-01
1.06157363E+01 6.76011408842971256E-02 9.90415231157878301E-03 2.25558943314963428E-01
1.06241149E+01 6.75123116224419645E-02 9.89778400417755388E-03 2.25528831101912408E-01
1.06324410E+01 6.74240776135949516E-02 9.89130079728711004E-03 2.25498755010459045E-01
1.06407447E+01 6.73361212566299244E-02 9.88469858025125582E-03 2.25472628138815689E-01
1.06490537E+01 6.72481495232584020E-02 9.87796831191578226E-03 2.25442721858707562E-01
1.06573929E+01 6.71598987530939301E-02 9.87109953716054818E-03 2.25412934719730951E-01
1.06657242E+01 6.70717728932628265E-02 9.86413453767914089E-03 2.25382814219025784E-01
1.06740116E+01 6.69841536309259550E-02 9.85711352797784268E-03 2.25351921625406876E-01
1.06822743E+01 6.68968385287163347E-02 9.85002643722375504E-03 2.25320133876795670E-01
1.06905302E+01 6.68096395639625890E-02 9.84285870488087536E-03 2.25287526576327723E-01
1.06987957E+01 6.67223846599208081E-02 9.83559080927203302E-03 2.25254308219120986E-01
1.07070858E+01 6.66349178602834158E-02 9.82820154509042240E-03 2.25220755458302224E-01
1.07154142E+01 6.65470980992636935E-02 9.82067099870924561E-03 2.25187141749389058E-01
1.07237420E+01 6.64593370553110546E-02 9.81302779632980265E-03 2.25153605332028828E-01
1.07320615E+01 6.63717160300152792E-02 9.80527029613740761E-03 2.25120392470041508E-01
1.07403860E+01 6.62841007884262118E-02 9.79737506466861127E-03 2.25087800029088098E-01
1.07487274E+01 6.61963673101944733E-02 9.78931684816548159E-03 2.25056033422671969E-01
1.07570970E+01 6.61083995574177907E-02 9.78106977103950122E-03 2.25025177272663635E-01
1.07655058E+01 6.60200866503005690E-02 9.77260819941981260E-03 2.24998453873544113E-01
1.07739551E+01 6.59314185942629222E-02 9.76391674861678063E-03 2.24967760992487387E-01
1.07824136E+01 6.58427277995308202E-02 9.75501564594578874E-03 2.24940917734727353E-01
1.07908949E+01 6.57538738902142400E-02 9.74587983475553969E-03 2.24910508346363891E-01
1.07994122E+01 6.56647246158982845E-02 9.73648604260799778E-03 2.24884849715597551E-01
1.08079780E+01 6.55751534746089465E-02 9.72681242787373605E-03 2.24860001426611861E-01
1.08166045E+01 6.54850371491650929E-02 9.71683854241541314E-03 2.24836119563812165E-01
1.08252893E+01 6.53944053353195387E-02 9.70656141911736131E-03 2.24813382094425890E-01
1.08340015E+01 6.53035870857766459E-02 9.69601403610647998E-03 2.24791964086457075E-01
1.08427557E+01 6.52124327684769356E-02 9.68517709886749893E-03 2.24772131702327738E-01
1.08515691E+01 6.51207707853070084E-02 9.67403007230721590E-03 2.24754086406978443E-01
1.08604605E+01 6.50284084577395921E-02 9.66255017717940895E-03 2.24737898684491760E-01
1.08694132E+01 6.49355272669306094E-02 9.65076295519011820E-03 2.24723475920593885E-01
1.08783941E+01 6.48424736924250456E-02 9.63871956606113071E-03 2.24710665940533266E-01
1.08874180E+01 6.47490978950433088E-02 9.62641087504416751E-03 2.24699367917838261E-01
1.08965021E+01 6.46552283421445440E-02 9.61382557153268175E-03 2.24689471064756369E-01
1.09056653E+01 6.45606738504204969E-02 9.60094950485222698E-03 2.24680845951744618E-01
1.09149285E+01 6.44652264222125848E-02 9.58776453358376954E-03 2.24673349742268741E-01
1.09242607E+01 6.43692098965564508E-02 9.57432280066961884E-03 2.24666817138277741E-01
1.09336253E+01 6.42730052271899555E-02 9.56068358581139977E-03 2.24661118443469893E-01
1.09430336E+01 6.41764997231519529E-02 9.54683695578615113E-03 2.24656162384639480E-01
1.09524957E+01 6.40795943623463093E-02 9.53277433037051994E-03 2.24651819125822855E-01
1.09619497E+01 6.39829243893119959E-02 9.51859384563058172E-03 2.24647885868030583E-01
1.09713986E+01 6.38864621796212812E-02 9.50430041278620477E-03 2.24644138751343231E-01
1.09808432E+01 6.37901985617438383E-02 9.48990234759152819E-03 2.24640291951718279E-01
1.09902870E+01 6.36941006914203689E-02 9.47540208307469725E-03 2.24636001768600518E-01
1.09997249E+01 6.35982200324721469E-02 9.46081207904658078E-03 2.24630886157237419E-01
1.10091498E+01 6.35026304894878990E-02 9.44614697805590611E-03 2.24624555252952079E-01
1.10185465E+01 6.34074838815810032E-02 9.43143410995242459E-03 2.24616635278362592E-01
1.10279224E+01 6.33127065526140065E-02 9.41666827550408612E-03 2.24606794185788605E-01
1.10372851E+01 6.32182208800238926E-02 9.40184433567589281E-03 2.24594728263720539E-01
1.10466426E+01 6.31239453013997809E-02 9.38695553935475248E-03 2.24580148832504045E-01
1.10559955E+01 6.30298750792237794E-02 9.37200617582837313E-03 2.24562764129769277E-01
1.10653360E+01 6.29360866661729662E-02 9.35701353008552665E-03 2.24542273168973600E-01
1.10746748E+01 6.28424734899083182E-02 9.34196714781373484E-03 2.24515472839059038E-01
1.10840065E+01 6.27490884892675516E-02 9.32688304071042397E-03 2.24485940066188883E-01
1.10933291E+01 6.26559504897865466E-02 9.31177264657890615E-03 2.24453690263180378E-01
1.11026527E+01 6.25629596885818873E-02 9.29662795568244812E-03 2.24418327377520488E-01
1.11119873E+01 6.24700141237232373E-02 9.28143931950820879E-03 2.24379115700954368E-01
1.11213090E+01 6.23773523593278562E-02 9.26625141682642026E-03 2.24228289082530341E-01
1.11306263E+01 6.22848889524643054E-02 9.25105670761880959E-03 2.24230538190006018E-01
1.11399219E+01 6.21927930998230905E-02 9.23588887246890727E-03 2.24232187795733534E-01
1.11492003E+01 6.21010203874641786E-02 9.22074686448601764E-03 2.24217376127879370E-01
1.11584705E+01 6.20094790305089003E-02 9.20562202693079451E-03 2.24049912074134244E-01
1.11677420E+01 6.19180759927988669E-02 9.19050461189574973E-03 2.24032420655403047E-01
1.11770243E+01 6.18267177076302077E-02 9.17538230058560951E-03 2.23982510949627067E-01
1.11863051E+01 6.17355236924053141E-02 9.16027428411482318E-03 2.23736934953755018E-01
1.11955793E+01 6.16445439257906277E-02 9.14518572631179555E-03 2.23735909323299731E-01
1.12048540E+01 6.15537089216400268E-02 9.13010097423418675E-03 2.23721488937877494E-01
1.12141361E+01 6.14629513174579992E-02 9.11500432533359807E-03 2.23518688354129330E-01
1.12234325E+01 6.13722052026768258E-02 9.09987993122770601E-03 2.23491818925561303E-01
1.12327214E+01 6.12816818663221782E-02 9.08475663216619898E-03 2.23251804549078919E-01
1.12420100E+01 6.11913126740388919E-02 9.06961532218028728E-03 2.23235830887701658E-01
1.12513075E+01 6.11010091590989193E-02 9.05443123588250270E-03 2.23041030879688962E-01
1.12606111E+01 6.10107979980282905E-02 9.03919685354096468E-03 2.23008322590444064E-01
1.12699067E+01 6.09208182840421109E-02 9.02392303828857163E-03 2.22685490125242025E-01
1.12792017E+01 6.08309975785257945E-02 9.00858610359292315E-03 2.22674053325739557E-01
1.12885040E+01 6.07412621048992393E-02 8.99316326904054872E-03 2.22482091682790761E-01
1.12978186E+01 6.06515633407807495E-02 8.97763643014753629E-03 2.22326875751700292E-01
1.13071413E+01 6.05619447647222225E-02 8.96200312333921001E-03 2.22154998319261054E-01
1.13164780E+01 6.04723507118844414E-02 8.94624400203014418E-03 2.21985070976033982E-01
1.13258350E+01 6.03827225596394040E-02 8.93033971783505770E-03 2.21805181999572915E-01
1.13352119E+01 6.02930657478669904E-02 8.91428376601002825E-03 2.21621620556543830E-01
1.13445899E+01 6.02035614737095812E-02 8.89810363257842463E-03 2.21431545485947900E-01
1.13539675E+01 6.01142249002092344E-02 8.88180001277112316E-03 2.21237445293841178E-01
1.13633525E+01 6.00249837742296011E-02 8.86535872879658238E-03 2.21038109708049241E-01
1.13727409E+01 5.99358760124332896E-02 8.84878574966680917E-03 2.20834312777442060E-01
1.13821409E+01 5.98468255286355028E-02 8.83206696539035573E-03 2.20626062466502737E-01
1.13915610E+01 5.97577532667344022E-02 8.81518890445400459E-03 2.20413342537753881E-01
1.14010047E+01 5.96686291502096094E-02 8.79814828293436040E-03 2.20196267575501647E-01
1.14104471E+01 5.95796883027557012E-02 8.78099274132741747E-03 2.19975474469138177E-01
1.14198868E+01 5.94909456488122018E-02 8.76372852302610521E-03 2.19751858509964620E-01
1.14293113E+01 5.94025177945529947E-02 8.74638111755762088E-03 2.19525407304732384E-01
1.14387251E+01 5.93143653324829379E-02 8.72894635711734743E-03 2.19296823074795477E-01
1.14481326E+01 5.92264460073259127E-02 8.71141959752843274E-03 2.19065853468596305E-01
1.14575387E+01 5.91387147183179071E-02 8.69379485841388980E-03 2.18832849760310394E-01
1.14669304E+01 5.90512957765706656E-02 8.67609836780235989E-03 2.18598150070991926E-01
1.14763076E+01 5.89641890443111036E-02 8.65833013244257134E-03 2.18362433116162824E-01
1.14856748E+01 5.88773538811127109E-02 8.64048032991873716E-03 2.18125572860973505E-01
1.14950369E+01 5.87907470063994131E-02 8.62253792614494155E-03 2.17887788147537481E-01
1.15043857E+01 5.87044455315288496E-02 8.60451671372182252E-03 2.17649374306161492E-01
1.15137171E+01 5.86184885893518345E-02 8.58642284695886049E-03 2.17410896263497050E-01
1.15230354E+01 5.85328367023902132E-02 8.56824506057620935E-03 2.17172394822139292E-01
1.15323455E+01 5.84474478563849417E-02 8.54996974883496727E-03 2.16933925686928181E-01
1.15416446E+01 5.83623478123006731E-02 8.53159656093142177E-03 2.16695711692802301E-01
1.15509235E+01 5.82776236039329043E-02 8.51313847506852787E-03 2.16458227584214458E-01
1.15601864E+01 5.81932366252044600E-02 8.49458217412596764E-03 2.16221688529078304E-01
1.15694381E+01 5.81091457458138422E-02 8.47591405854332403E-03 2.15985986195553065E-01
1.15786836E+01 5.80253075667733556E-02 8.45712043143397041E-03 2.15751235022616866E-01
1.15879085E+01 5.79418524585811820E-02 8.43822692436680018E-03 2.15517793407925706E-01
1.15971145E+01 5.78587660255449263E-02 8.41922866011642415E-03 2.15286114529673750E-01
1.16063063E+01 5.77760078447576708E-02 8.40011543582808336E-03 2.15055968952668375E-01
1.16154886E+01 5.76935352617364700E-02 8.38087720662772026E-03 2.14827460860980646E-01
1.16246631E+01 5.76113357367322304E-02 8.36151156955216787E-03 2.14600602604234358E-01
1.16338159E+01 5.75295371694969568E-02 8.34204930059080640E-03 2.14375722868061475E-01
1.16429513E+01 5.74480979053386895E-02 8.32248547120903286E-03 2.14153286517927560E-01
1.16520741E+01 5.73669753936727547E-02 8.30281509662548177E-03 2.13932888901906593E-01
1.16611893E+01 5.72861257903174714E-02 8.28303416375903920E-03 2.13714641726146071E-01
1.16702960E+01 5.72055564978945635E-02 8.26315222097485230E-03 2.13498539078979893E-01
1.16793825E+01 5.71253710606665840E-02 8.24320382778811166E-03 2.13284969389956974E-01
1.16884533E+01 5.70455287803213404E-02 8.22318950734016521E-03 2.13074062107903889E-01
1.16975131E+01 5.69659872520697497E-02 8.20310936449495515E-03 2.12865571618621963E-01
1.17065669E+01 5.68867027852369977E-02 8.18296419979704613E-03 2.12659517176617407E-01
1.17156140E+01 5.68076811085976366E-02 8.16276812336257443E-03 2.12455883970382453E-01
1.17246426E+01 5.67290236481095694E-02 8.14256010063479224E-03 2.12254986651603861E-01
1.17336573E+01 5.66506895626267618E-02 8.12234400401893285E-03 2.12056934582513124E-01
1.17426626E+01 5.65726368521575831E-02 8.10212325079946900E-03 2.11861447593924362E-01
1.17516635E+01 5.64948227843777989E-02 8.08190171810117992E-03 2.11668526346685287E-01
1.17606608E+01 5.64172382431578703E-02 8.06169228507422515E-03 2.11478096559494677E-01
1.17696416E+01 5.63399939820233425E-02 8.04153866869626414E-03 2.11290415202471743E-01
1.17786102E+01 5.62630500627827462E-02 8.02144620756570399E-03 2.11105630944830869E-01
1.17875711E+01 5.61863659141381838E-02 8.00141923856190901E-03 2.10923399117813909E-01
1.17965291E+01 5.61099007135001521E-02 7.98146165403482676E-03 2.10743718130441238E-01
1.18054882E+01 5.60336188054092674E-02 7.96157817421952463E-03 2.10566427270062528E-01
1.18144327E+01 5.59576512097837778E-02 7.94181539522231111E-03 2.10391702655294444E-01
1.18233670E+01 5.58819596066006466E-02 7.92217601112289727E-03 2.10219780575036763E-01
1.18322953E+01 5.58065054672124625E-02 7.90266109903931847E-03 2.10050209673289467E-01
1.18412221E+01 5.57312503763539718E-02 7.88327065663591009E-03 2.09883002696277660E-01
1.18501518E+01 5.56561563616047861E-02 7.86400378382846876E-03 2.09717946281916701E-01
1.18590738E+01 5.55813096054958294E-02 7.84488992902901937E-03 2.09555106947088704E-01
1.18679875E+01 5.55067144846911956E-02 7.82593738874085183E-03 2.09394664061480079E-01
1.18768969E+01 5.54323347449426004E-02 7.80714373688141776E-03 2.09236325711306292E-01
1.18858062E+01 5.53581345613659431E-02 7.78850649451449592E-03 2.09079964943356456E-01
1.18947195E+01 5.52840788016354806E-02 7.77002295392348937E-03 2.08925412005862871E-01
1.19036355E+01 5.52101763230270839E-02 7.75170023616722839E-03 2.08772580545534159E-01
1.19125450E+01 5.51365024455187855E-02 7.73356013832957219E-03 2.08621539970198555E-01
1.19214518E+01 5.50630232495732536E-02 7.71559656871500469E-03 2.08472313271616638E-01
1.19303598E+01 5.49897055367384383E-02 7.69780242279594420E-03 2.08324547210600036E-01
1.19392729E+01 5.49165170172350378E-02 7.68016984358775492E-03 2.08178165835663370E-01
1.19481947E+01 5.48434264790827325E-02 7.66269010429438541E-03 2.08032967568322458E-01
1.19571191E+01 5.47704821057757377E-02 7.64537197231469987E-03 2.07888902273089454E-01
1.19660424E+01 5.46977147500494545E-02 7.62821932745627596E-03 2.07746053830188765E-01
1.19749681E+01 5.46250937399693146E-02 7.61122125516369968E-03 2.07604256427288164E-01
1.19838997E+01 5.45525895002889616E-02 7.59436711116844281E-03 2.07463296028986138E-01
1.19928408E+01 5.44801736330413414E-02 7.57764687454608610E-03 2.07323048806893118E-01
1.20017946E+01 5.44078189729356940E-02 7.56105086926968546E-03 2.07183369027913206E-01
1.20107557E+01 5.43355694475912351E-02 7.54458490967415112E-03 2.07044200863396866E-01
1.20197202E+01 5.42634551583122612E-02 7.52825076918158757E-03 2.06905646871603288E-01
1.20286916E+01 5.41914488554964754E-02 7.51203649491318307E-03 2.06767578606539354E-01
1.20376729E+01 5.41195245655957807E-02 7.49592995987245596E-03 2.06629821838383743E-01
1.20466675E+01 5.40476575701019785E-02 7.47991925084409270E-03 2.06492289608862678E-01
1.20556781E+01 5.39758243627091877E-02 7.46399253473642877E-03 2.06354875738280485E-01
1.20647037E+01 5.39040346745938564E-02 7.44814490711591479E-03 2.06217529150532902E-01
1.20737369E+01 5.38323479672910624E-02 7.43238184910589850E-03 2.06080326589010043E-01
1.20827806E+01 5.37607401722924455E-02 7.41669060796947693E-03 2.05943330858248452E-01
1.20918378E+01 5.36891884736372602E-02 7.40105911883451144E-03 2.05806328448023379E-01
1.21009113E+01 5.36176711902113939E-02 7.38547644770324620E-03 2.05669326651970796E-01
1.21100039E+01 5.35461676518366181E-02 7.36993241978470097E-03 2.05532247597570383E-01
1.21191181E+01 5.34746580643218686E-02 7.35441701013852395E-03 2.05395072664479622E-01
1.21282454E+01 5.34032108914665460E-02 7.33893875557700432E-03 2.05257849634144729E-01
1.21373835E+01 5.33318425315574274E-02 7.32349529928485923E-03 2.05120803876359670E-01
1.21464892E+01 5.32608913478584273E-02 7.30815365858835785E-03 2.04984184841172062E-01
1.21555659E+01 5.31903266371533193E-02 7.29290361513095908E-03 2.04848823636934130E-01
1.21646141E+01 5.31201442993162326E-02 7.27774055592158263E-03 2.04713974647704466E-01
1.21736133E+01 5.30505002476779827E-02 7.26269388144309361E-03 2.04580210839966137E-01
1.21825666E+01 5.29813664434381770E-02 7.24775415532796785E-03 2.04447731668804922E-01
1.21914777E+01 5.29127120491450637E-02 7.23291165353504104E-03 2.04316289785382299E-01
1.22003506E+01 5.28445035023131990E-02 7.21815695125300246E-03 2.04185973532131637E-01
1.22091898E+01 5.27767046347677460E-02 7.20348084091113495E-03 2.04056720973468997E-01
1.22179999E+01 5.27092767924182692E-02 7.18887395708210381E-03 2.03928549528020975E-01
1.22267861E+01 5.26421789340739202E-02 7.17432645216975647E-03 2.03801426595215995E-01
1.22355538E+01 5.25753676959394844E-02 7.15982793049559692E-03 2.03675341349981970E-01
1.22443088E+01 5.25087974146337261E-02 7.14536762074280928E-03 2.03550265892124493E-01
1.22530269E+01 5.24426502313779311E-02 7.13098389206654436E-03 2.03426410368094279E-01
1.22617061E+01 5.23769392440931805E-02 7.11667972580011434E-03 2.03304317257921113E-01
1.22703506E+01 5.23116298839326199E-02 7.10244767232595664E-03 2.03183655038518374E-01
1.22789643E+01 5.22466902524584831E-02 7.08828059861156198E-03 2.03064513433108745E-01
1.22875525E+01 5.21820788091627089E-02 7.07416909179799970E-03 2.02946817286465214E-01
1.22961208E+01 5.21177521200318628E-02 7.06010314524528268E-03 2.02830564923006024E-01
1.23046750E+01 5.20536648543101083E-02 7.04607226324846601E-03 2.02715713444986845E-01
1.23132213E+01 5.19897697745139928E-02 7.03206556197775740E-03 2.02602239176535637E-01
1.23217348E+01 5.19262517914128238E-02 7.01812239445304478E-03 2.02490325048626241E-01
1.23302131E+01 5.18631270921357593E-02 7.00424625875933123E-03 2.02380488478483056E-01
1.23386616E+01 5.18003535654556618E-02 6.99042760826406023E-03 2.02272390194658147E-01
1.23470858E+01 5.17378878929059816E-02 6.97665633916162969E-03 2.02166072358643534E-01
1.23554918E+01 5.16756856934569714E-02 6.96292207675660961E-03 2.02061439340315896E-01
1.23638853E+01 5.16137016796428885E-02 6.94921439053115125E-03 2.01958484466344235E-01
1.23722727E+01 5.15518898082909724E-02 6.93552290944574479E-03 2.01857152112478927E-01
1.23806602E+01 5.14902034204162903E-02 6.92183729312448402E-03 2.01757413543867309E-01
1.23890161E+01 5.14288748278079952E-02 6.90820828410194324E-03 2.01659453396790506E-01
1.23973427E+01 5.13678853446769557E-02 6.89463259851849988E-03 2.01563817143428803E-01
1.24056457E+01 5.13071923807499747E-02 6.88110118643770786E-03 2.01470012181441865E-01
1.24139308E+01 5.12467531611591337E-02 6.86760500858030719E-03 2.01378163229957635E-01
1.24222039E+01 5.11865248964971653E-02 6.85413518629198436E-03 2.01288131427344641E-01
1.24304706E+01 5.11264649445291805E-02 6.84068297589722658E-03 2.01199931718341662E-01
1.24387368E+01 5.10665309514905588E-02 6.82723962530044914E-03 2.01113501385559668E-01
1.24470083E+01 5.10066809703420693E-02 6.81379625645346741E-03 2.01028824369993253E-01
1.24552675E+01 5.09470422125295544E-02 6.80038124309071453E-03 2.00945970586076827E-01
1.24635052E+01 5.08876799621276188E-02 6.78700980604689513E-03 2.00865308552599764E-01
1.24717269E+01 5.08285538856579761E-02 6.77367380534859252E-03 2.00786720350590919E-01
1.24799380E+01 5.07696244174466738E-02 6.76036512959660770E-03 2.00710106870646637E-01
1.24881439E+01 5.07108528519412127E-02 6.74707585398059712E-03 2.00635450627532158E-01
1.24963498E+01 5.06522014312482671E-02 6.73379813986783610E-03 2.00562722418335948E-01
1.25045608E+01 5.05936334139394372E-02 6.72052423488156154E-03 2.00491907088529098E-01
1.25127819E+01 5.05351131240825563E-02 6.70724654438555144E-03 2.00422990145734226E-01
1.25210182E+01 5.04766059829388769E-02 6.69395772883245310E-03 2.00355965256759139E-01
1.25292587E+01 5.04181889661200200E-02 6.68067547878193127E-03 2.00290869793548709E-01
1.25374927E+01 5.03599385800586469E-02 6.66741781522856274E-03 2.00227946533026557E-01
1.25457238E+01 5.03018284269081337E-02 6.65417978210489786E-03 2.00203304016536299E-01
1.25539567E+01 5.02438248776421043E-02 6.64095453454260128E-03 2.00055541889290589E-01
1.25621960E+01 5.01858957314495827E-02 6.62773555110615555E-03 2.00052171542596718E-01
1.25704460E+01 5.01280102027706689E-02 6.61451667955401633E-03 2.00038499667364866E-01
1.25787109E+01 5.00701389031166857E-02 6.60129214253892590E-03 1.99911243593290960E-01
1.25869949E+01 5.00122538142722534E-02 6.58805651594336801E-03 1.99904134611734119E-01
1.25953018E+01 4.99543282554577722E-02 6.57480470056644433E-03 1.99885632365844862E-01
1.26036353E+01 4.98963368497148119E-02 6.56153191660906188E-03 1.99748197492056467E-01
1.26119989E+01 4.98382554891389842E-02 6.54823372102661741E-03 1.99747274934422792E-01
1.26203712E+01 4.97802333351674911E-02 6.53494482043711754E-03 1.99741939564827886E-01
1.26287555E+01 4.97222477376435892E-02 6.52166171165005030E-03 1.99717629688229564E-01
1.26371553E+01 4.96642734808126346E-02 6.50837993134547200E-03 1.99586941269020296E-01
1.26455741E+01 4.96062868523545475E-02 6.49509535603477652E-03 1.99588141098502869E-01
1.26540152E+01 4.95482655683065001E-02 6.48180415858223488E-03 1.99588572185486146E-01
1.26624817E+01 4.94901887106576829E-02 6.46850277734914436E-03 1.99580836882622403E-01
1.26709764E+01 4.94320366706860956E-02 6.45518790329312545E-03 1.99508686138143654E-01
1.26795022E+01 4.93737910985222461E-02 6.44185647439352548E-03 1.99500911434048439E-01
1.26880615E+01 4.93154348570142842E-02 6.42850565281642087E-03 1.99489986347258480E-01
1.26966561E+01 4.92569580066153992E-02 6.41513413759535814E-03 1.99472950148043199E-01
1.27052830E+01 4.91983796371005880E-02 6.40174705050749939E-03 1.99406541414724914E-01
1.27139447E+01 4.91396854651051651E-02 6.38834189682482585E-03 1.99407430481543746E-01
1.27226380E+01 4.90808962040257951E-02 6.37492383061341508E-03 1.99412926808674257E-01
1.27313569E+01 4.90220533874468692E-02 6.36150261061949052E-03 1.99419030223205729E-01
1.27401037E+01 4.89631420872825643E-02 6.34807518836258584E-03 1.99422913514538308E-01
1.27488804E+01 4.89041485698234607E-02 6.33463851231624332E-03 1.99423665658608223E-01
1.27576892E+01 4.88450602280245394E-02 6.32118961357300280E-03 1.99422264515099118E-01
1.27665268E+01 4.87858982729912627E-02 6.30773292007947087E-03 1.99421002553657828E-01
1.27753934E+01 4.87266626780292061E-02 6.29426795117357055E-03 1.99422642448716853E-01
1.27842907E+01 4.86673431637913781E-02 6.28079170489452034E-03 1.99429597804418823E-01
1.27932201E+01 4.86079301062032620E-02 6.26730118377231537E-03 1.99449530351191229E-01
1.28021833E+01 4.85484144366685605E-02 6.25379343972745985E-03 1.99527741528816138E-01
1.28111816E+01 4.84887875306662317E-02 6.24026555716294777E-03 1.99526177031986718E-01
1.28202165E+01 4.84290410818900285E-02 6.22671460691925395E-03 1.99526345802640143E-01
1.28292893E+01 4.83691669590083431E-02 6.21313761357467163E-03 1.99537140030985966E-01
1.28384016E+01 4.83091570468252018E-02 6.19953156097852870E-03 1.99643810542225103E-01
1.28475548E+01 4.82490030726899222E-02 6.18589342750809623E-03 1.99646860732389270E-01
1.28567503E+01 4.81886964226383163E-02 6.17222022555871403E-03 1.99659777605616873E-01
1.28659900E+01 4.81282279480686262E-02 6.15850902597107723E-03 1.99784668067469445E-01
1.28752754E+01 4.80675877691001049E-02 6.14475696613029764E-03 1.99788124346480966E-01
1.28846024E+01 4.80068061466208743E-02 6.13097044512212613E-03 1.99847098115687016E-01
1.28939652E+01 4.79459209791475438E-02 6.11715797929245943E-03 1.99917750442978159E-01
1.29033652E+01 4.78849244362824361E-02 6.10331824920147276E-03 1.99980281969039692E-01
1.29128041E+01 4.78238085445120351E-02 6.08945026306977055E-03 2.00051921762728180E-01
1.29222832E+01 4.77625654157780785E-02 6.07555355106071272E-03 2.00125725375080527E-01
1.29317993E+01 4.77012167878437601E-02 6.06163483059146517E-03 2.00205111114874212E-01
1.29413542E+01 4.76397540018790588E-02 6.04769464877466956E-03 2.00288297111101160E-01
1.29509494E+01 4.75781681472627407E-02 6.03373400601907653E-03 2.00376246225765581E-01
1.29605865E+01 4.75164499442138621E-02 6.01975433471949820E-03 2.00468479204941902E-01
1.29702676E+01 4.74545896265951284E-02 6.00575740834141669E-03 2.00565281695465530E-01
1.29799943E+01 4.73925768207630743E-02 5.99174524748575296E-03 2.00666519726343001E-01
1.29897688E+01 4.73304004169519815E-02 5.97772000249049973E-03 2.00772285055876659E-01
1.29995933E+01 4.72680484293814471E-02 5.96368379964812810E-03 2.00882540743008764E-01
1.30094701E+01 4.72055078424896343E-02 5.94963855399159060E-03 2.00997317953914456E-01
1.30193825E+01 4.71428865195778063E-02 5.93561266742947090E-03 2.01116488206488031E-01
1.30293286E+01 4.70801974533295031E-02 5.92161319712907613E-03 2.01239762162899016E-01
1.30393130E+01 4.70174132742432471E-02 5.90763746417406494E-03 2.01367257028117419E-01
1.30493346E+01 4.69545420344302869E-02 5.89368967657159445E-03 2.01498897090022194E-01
1.30593921E+01 4.68915934114221347E-02 5.87977345099549315E-03 2.01634581273040459E-01
1.30694858E+01 4.68285674702318411E-02 5.86588917674967132E-03 2.01774229880964023E-01
1.30796076E+01 4.67655155266686051E-02 5.85204704370586616E-03 2.01917702554386291E-01
1.30897622E+01 4.67024093696151096E-02 5.83823873673851215E-03 2.02064850253853651E-01
1.30999548E+01 4.66392185739740589E-02 5.82445402895093948E-03 2.02215759804595774E-01
1.31101910E+01 4.65759103228830310E-02 5.81068090068028419E-03 2.02370379396552780E-01
1.31204769E+01 4.65124492936009395E-02 5.79690554318404872E-03 2.02528737813449711E-01
1.31308189E+01 4.64487978376851712E-02 5.78311242931411635E-03 2.02690837568423154E-01
1.31412024E+01 4.63850483959690404E-02 5.76931255824548669E-03 2.02856476820277742E-01
1.31516335E+01 4.63211663772846172E-02 5.75548905725721625E-03 2.03025424632951729E-01
1.31621188E+01 4.62571136012694326E-02 5.74162327307956976E-03 2.03197858385026964E-01
1.31726607E+01 4.61928784037452869E-02 5.72770162648823886E-03 2.03373676938389536E-01
1.31832510E+01 4.61285135353104378E-02 5.71372402023116732E-03 2.03552710339517745E-01
1.31938975E+01 4.60639751170664954E-02 5.69966983659718138E-03 2.03734846400724146E-01
1.32046086E+01 4.59992153408189178E-02 5.68551747489561866E-03 2.03920242246395544E-01
1.32153937E+01 4.59341824136633853E-02 5.67124468563956485E-03 2.04108921327733644E-01
1.32262447E+01 4.58689283764775746E-02 5.65685214261237111E-03 2.04300758865150978E-01
1.32371514E+01 4.58035191735640182E-02 5.64234487517553847E-03 2.04495387991783767E-01
1.32481229E+01 4.57379040008731585E-02 5.62770373763381120E-03 2.04692812907199706E-01
1.32591694E+01 4.56720259514689295E-02 5.61290892503102379E-03 2.04893205668814193E-01
1.32703024E+01 4.56058219580396870E-02 5.59794028829894205E-03 2.05096661522899626E-01
1.32815345E+01 4.55392230397847209E-02 5.58277743949535908E-03 2.05303343875877092E-01
1.32928140E+01 4.54725406643601282E-02 5.56748683844191135E-03 2.05512496196594369E-01
1.33040736E+01 4.54061723757479899E-02 5.55215902171913613E-03 2.05722554131215901E-01
1.33152916E+01 4.53402468621378965E-02 5.53682733328202115E-03 2.05932849263516599E-01
1.33264802E+01 4.52746898063466907E-02 5.52147976187189211E-03 2.06143554613527430E-01
1.33376508E+01 4.52094345737529685E-02 5.50610605960883629E-03 2.06354896384883663E-01
1.33488137E+01 4.51444211252289146E-02 5.49069788810042231E-03 2.06566965486121162E-01
1.33599783E+01 4.50795949286815142E-02 5.47524841865192936E-03 2.06779888122851252E-01
1.33711535E+01 4.50149058043880432E-02 5.45975198603227893E-03 2.06993772161310041E-01
1.33823458E+01 4.49503158440706721E-02 5.44420589400484989E-03 2.07208710232505505E-01
1.33935033E+01 4.48861245638242784E-02 5.42868750445860918E-03 2.07423882179109065E-01
1.34046350E+01 4.48222793331604086E-02 5.41319255127237654E-03 2.07638952058352255E-01
1.34157491E+01 4.47587311896897322E-02 5.39771599689440901E-03 2.07854375135507974E-01
1.34268535E+01 4.46954343086712752E-02 5.38225307969860279E-03 2.08070167401455092E-01
1.34379558E+01 4.46323454032765340E-02 5.36679915648042519E-03 2.08286508270520115E-01
1.34490632E+01 4.45694229857610327E-02 5.35134950204651638E-03 2.08503509460166797E-01
1.34601367E+01 4.45068873891775185E-02 5.33596196379126052E-03 2.08720580470837136E-01
1.34711816E+01 4.44447055628614737E-02 5.32063404297508126E-03 2.08937492874926023E-01
1.34822059E+01 4.43828314409014449E-02 5.30535868205514374E-03 2.09154620995476687E-01
1.34932170E+01 4.43212222266973904E-02 5.29012909474113960E-03 2.09372055689795389E-01
1.35042218E+01 4.42598376842995023E-02 5.27493869789451980E-03 2.09589978676696265E-01
1.35152271E+01 4.41986392675923628E-02 5.25978095288929387E-03 2.09808532462945396E-01
1.35262397E+01 4.41375890801566223E-02 5.24464914356171600E-03 2.10027881893087798E-01
1.35372625E+01 4.40766703926929182E-02 5.22954137440178463E-03 2.10248127103670995E-01
1.35482630E+01 4.40160619139734061E-02 5.21450302126558532E-03 2.10468753358330457E-01
1.35592484E+01 4.39557217175722409E-02 5.19952626096316286E-03 2.10689698735877062E-01
1.35702256E+01 4.38956104713388445E-02 5.18460284049604512E-03 2.10911302655942962E-01
1.35812014E+01 4.38356904234323413E-02 5.16972472145462662E-03 2.11133687651795077E-01
1.35921824E+01 4.37759242801675774E-02 5.15488388129179981E-03 2.11357052797292416E-01
1.36031756E+01 4.37162739722389559E-02 5.14007207334757788E-03 2.11581578389095443E-01
1.36141883E+01 4.36566993386332536E-02 5.12528053667066913E-03 2.11807471280925613E-01
1.36252086E+01 4.35972640777202158E-02 5.11052578950175682E-03 2.12034603839815317E-01
1.36362212E+01 4.35380505607705984E-02 5.09582933033652687E-03 2.12262664482953639E-01
1.36472330E+01 4.34790202607153384E-02 5.08118347735588439E-03 2.12491785160183466E-01
1.36582134E+01 4.34203345954146600E-02 5.06662899174370636E-03 2.12721562132357100E-01
1.36691646E+01 4.33619795269503810E-02 5.05216486226017260E-03 2.12951847476651607E-01
1.36800924E+01 4.33039229835112394E-02 5.03778535655082568E-03 2.13182929585701508E-01
1.36910017E+01 4.32461355666920455E-02 5.02348559047053299E-03 2.13414927249423736E-01
1.37018974E+01 4.31885901084023277E-02 5.00926144583822668E-03 2.13648000002815086E-01
1.37127839E+01 4.31312612271122012E-02 4.99510939995940779E-03 2.13882284497080272E-01
1.37236471E+01 4.30742224482882977E-02 4.98104996282519932E-03 2.14117577727264280E-01
1.37344851E+01 4.30174799602067240E-02 4.96708770715665118E-03 2.14353788246017168E-01
1.37453034E+01 4.29610040303627372E-02 4.95321845653954543E-03 2.14591107245259011E-01
1.37561068E+01 4.29047669695656192E-02 4.93943863922733425E-03 2.14829690551922275E-01
1.37669001E+01 4.28487427336714591E-02 4.92574527024887843E-03 2.15069686070207017E-01
1.37776876E+01 4.27929065419691348E-02 4.91213577261179375E-03 2.15311239374276431E-01
1.37884628E+01 4.27372904600024500E-02 4.89862113591519113E-03 2.15554283202701036E-01
1.37992174E+01 4.26819364285016267E-02 4.88521464232262274E-03 2.15798641662410501E-01
1.38099562E+01 4.26268163523293511E-02 4.87191270328722094E-03 2.16044433537585318E-01
1.38206842E+01 4.25719037246174853E-02 4.85871175908908146E-03 2.16291848468603415E-01
1.38314059E+01 4.25171732822340262E-02 4.84560839183272984E-03 2.16541025501941042E-01
1.38421258E+01 4.24626006901083763E-02 4.83259924291169849E-03 2.16792116778076194E-01
1.38528337E+01 4.24082365132115030E-02 4.81969822290049914E-03 2.17044964962052056E-01
1.38635257E+01 4.23540990616540561E-02 4.80691147517196913E-03 2.17299458477419438E-01
1.38742065E+01 4.23001616926529586E-02 4.79423427107950745E-03 2.17555754735647255E-01
1.38848810E+01 4.22463990217143356E-02 4.78166182593821928E-03 2.17814022367796845E-01
1.38955537E+01 4.21927866417018613E-02 4.76918938185986237E-03 2.18074409600341884E-01
1.39062231E+01 4.21393310570155888E-02 4.75681904206714731E-03 2.18336936734189468E-01
1.39168768E+01 4.20860925770458472E-02 4.74456486837108397E-03 2.18601349209023132E-01
1.39275198E+01 4.20330447952286523E-02 4.73242104876109206E-03 2.18867737829390535E-01
1.39381568E+01 4.19801625637347686E-02 4.72038170155381336E-03 2.19136303287655543E-01
1.39487925E+01 4.19274217414661796E-02 4.70844104484573721E-03 2.19407187186037606E-01
1.39594241E+01 4.18748341406313743E-02 4.69660111482562894E-03 2.19680379435987255E-01
1.39700410E+01 4.18224517712955032E-02 4.68487258586008665E-03 2.19955636209741540E-01
1.39806481E+01 4.17702487518137461E-02 4.67324874247332985E-03 2.20233064965409148E-01
1.39912501E+01 4.17182004080026078E-02 4.66172289007688902E-03 2.20512855826382581E-01
1.40018516E+01 4.16662830524429026E-02 4.65028853944832524E-03 2.20795154331111743E-01
1.40124431E+01 4.16145424668444563E-02 4.63895418325226301E-03 2.21079766875740158E-01
1.40230214E+01 4.15629931665133234E-02 4.62772153713226792E-03 2.21366590151860360E-01
1.40335912E+01 4.15116099298007621E-02 4.61658370322014320E-03 2.21655780961847848E-01
1.40441575E+01 4.14603686392461396E-02 4.60553405148889441E-03 2.21947504234064674E-01
1.40547247E+01 4.14092460926287070E-02 4.59456628253901867E-03 2.22241910962049954E-01
1.40652779E+01 4.13583140194191470E-02 4.58369416997618778E-03 2.22538641358019734E-01
1.40758198E+01 4.13075574789793093E-02 4.57291336453822129E-03 2.22837724146683819E-01
1.40863552E+01 4.12569526356228594E-02 4.56221762473735422E-03 2.23139338487811950E-01
1.40968850E+01 4.12064938319297927E-02 4.55160466776577746E-03 2.23443529819233377E-01
1.41074004E+01 4.11562225872213056E-02 4.54108214525048536E-03 2.23750064280960448E-01
1.41178978E+01 4.11061543313096522E-02 4.53065248392164020E-03 2.24058819600314291E-01
1.41283819E+01 4.10562658483997756E-02 4.52031030794014434E-03 2.24369927635588579E-01
1.41388570E+01 4.10065349453649641E-02 4.51005064419416311E-03 2.24683531262153929E-01
1.41493275E+01 4.09569402886294093E-02 4.49986895157077765E-03 2.24999760378874425E-01
1.41597975E+01 4.09074612430282078E-02 4.48976106831065497E-03 2.25318746218375748E-01
1.41702639E+01 4.08581114441230672E-02 4.47972990185750881E-03 2.25640411009243619E-01
1.41807161E+01 4.08089407357584838E-02 4.46978567898634587E-03 2.25964422945011206E-01
1.41911545E+01 4.07599450288020776E-02 4.45992788661645888E-03 2.26290763863318062E-01
1.42015831E+01 4.07111049411777517E-02 4.45015295665565028E-03 2.26619553634051590E-01
1.42120056E+01 4.06624018420708513E-02 4.44045755882408345E-03 2.26950901233355956E-01
1.42224257E+01 4.06138176554885280E-02 4.43083859023868203E-03 2.27284912878158885E-01
1.42328471E+01 4.05653346689003186E-02 4.42129313008664173E-03 2.27621695277901465E-01
1.42432617E+01 4.05169893643198761E-02 4.41182880888182135E-03 2.27960993442092585E-01
1.42536661E+01 4.04687968108152912E-02 4.40244912074462709E-03 2.28302654702901897E-01
1.42640641E+01 4.04207383723252101E-02 4.39315104056637110E-03 2.28646776905203325E-01
1.42744594E+01 4.03727958862437758E-02 4.38393163013686346E-03 2.28993467084826097E-01
1.42848557E+01 4.03249514636314851E-02 4.37478801949120390E-03 2.29342825030458664E-01
1.42952568E+01 4.02771873031337463E-02 4.36571732930383146E-03 2.29694953503686683E-01
1.43056664E+01 4.02294855195277842E-02 4.35671660775733584E-03 2.30049958021987688E-01
1.43160881E+01 4.01818295432333494E-02 4.34778307161167062E-03 2.30407936762698662E-01
1.43265064E+01 4.01342893834626888E-02 4.33892973269372432E-03 2.30768355643335532E-01
1.43369252E+01 4.00868464024722176E-02 4.33015312362068638E-03 2.31131271421279705E-01
1.43473486E+01 4.00394819859631185E-02 4.32144962451109973E-03 2.31496803891179714E-01
1.43577788E+01 3.99921844982875641E-02 4.31281691402804045E-03 2.31865000250143311E-01
1.43682161E+01 3.99449531580723799E-02 4.30425467781941646E-03 2.32235825244987815E-01
1.43786640E+01 3.98977707186650501E-02 4.29575973946259414E-03 2.32609363325863877E-01
1.43891265E+01 3.98506194511608486E-02 4.28732893982516818E-03 2.32985713330240624E-01
1.43996046E+01 3.98034944383974312E-02 4.27896145392454592E-03 2.33364872000361517E-01
1.44100856E+01 3.97564522981763979E-02 4.27066712159366191E-03 2.33746344761636554E-01
1.44205734E+01 3.97094748823568974E-02 4.26244255553895942E-03 2.34130188150586505E-01
1.44310720E+01 3.96625436569807907E-02 4.25428407326783158E-03 2.34516505477130155E-01
1.44415857E+01 3.96156395646089440E-02 4.24618776738675593E-03 2.34905389962714956E-01
1.44521188E+01 3.95687429206416433E-02 4.23814952541771463E-03 2.35296942879992033E-01
1.44626758E+01 3.95218333380271888E-02 4.23016509988864264E-03 2.35691271984740408E-01
1.44732541E+01 3.94749228885073397E-02 4.22223573342637732E-03 2.36088218605509159E-01
1.44838431E+01 3.94280580879097231E-02 4.21436842524358646E-03 2.36487318470289559E-01
1.44944475E+01 3.93812181317775498E-02 4.20655905406062177E-03 2.36888645971972428E-01
1.45050719E+01 3.93343815934017529E-02 4.19880349622969284E-03 2.37292312962743834E-01
1.45157215E+01 3.92875263462586222E-02 4.19109761718003578E-03 2.37698425079257786E-01
1.45264015E+01 3.92406295184421494E-02 4.18343715357252875E-03 2.38107095829772658E-01
1.45371134E+01 3.91936845456192437E-02 4.17582034461201537E-03 2.38518299106451809E-01
1.45478405E+01 3.91467645432745717E-02 4.16825789657406225E-03 2.38931314889721802E-01
1.45585882E+01 3.90998460094403033E-02 4.16074482879817079E-03 2.39346211176205081E-01
1.45693619E+01 3.90529047988266848E-02 4.15327594433155187E-03 2.39763109632019772E-01
1.45801675E+01 3.90059160687768747E-02 4.14584604989621380E-03 2.40182119646184439E-01
1.45910108E+01 3.89588542563473819E-02 4.13845005716456139E-03 2.40603357481946556E-01
1.46018889E+01 3.89117323997205319E-02 4.13108908996144813E-03 2.41026599018380999E-01
1.46127874E+01 3.88646131458635913E-02 4.12377198615063688E-03 2.41451162644746420E-01
1.46237124E+01 3.88174700426606387E-02 4.11649383486533977E-03 2.41877129384646422E-01
1.46346702E+01 3.87702760484906830E-02 4.10924954202959453E-03 2.42304620944291171E-01
1.46456673E+01 3.87230035051778221E-02 4.10203383699590373E-03 2.42733747406723765E-01
1.46567103E+01 3.86756241370523265E-02 4.09484128954544675E-03 2.43164622360001248E-01
1.46677881E+01 3.86281864055309163E-02 4.08767796021865075E-03 2.43596672051824087E-01
1.46788920E+01 3.85807277151181127E-02 4.08054826205187481E-03 2.44029386627459821E-01
1.46900288E+01 3.85332186168835591E-02 4.07344677341946529E-03 2.44462860464575271E-01
1.47012057E+01 3.84856292016371587E-02 4.06636820142975211E-03 2.44897206937352702E-01
1.47124298E+01 3.84379290980947502E-02 4.05930733706802178E-03 2.45332528699468172E-01
1.47237086E+01 3.83900874920265131E-02 4.05225895223065326E-03 2.45768927360660194E-01
1.47350248E+01 3.83421784818663014E-02 4.04523304050414048E-03 2.46205562794132221E-01
1.47463730E+01 3.82942245028079914E-02 4.03823195201071655E-03 2.46642016627632410E-01
1.47577610E+01 3.82461932416827272E-02 4.03125009656724476E-03 2.47078385586492866E-01
1.47691966E+01 3.81980521269339179E-02 4.02428201943817818E-03 2.47514769963058878E-01
1.47806877E+01 3.81497683480329641E-02 4.01732246895631934E-03 2.47951256698743960E-01
1.47922423E+01 3.81013088899050181E-02 4.01036637547201157E-03 2.48387926283043625E-01
1.48038422E+01 3.80527511436173776E-02 4.00342443809254597E-03 2.48823879718964192E-01
1.48154826E+01 3.80041152518242192E-02 3.99649916578817977E-03 2.49258688868943673E-01
1.48271697E+01 3.79553755590068126E-02 3.98958656548350533E-03 2.49692357538633808E-01
1.48389120E+01 3.79064971317002730E-02 3.98268143175419757E-03 2.50124965223763429E-01
1.48507181E+01 3.78574450690051245E-02 3.97577872408806741E-03 2.50556576923346264E-01
1.48625966E+01 3.78081845495925467E-02 3.96887361251768017E-03 2.50987243983235464E-01
1.48745225E+01 3.77588197155316399E-02 3.96198067173539944E-03 2.51415825211986077E-01
1.48865044E+01 3.77093152079823121E-02 3.95509514508150719E-03 2.51842333937102092E-01
1.48985497E+01 3.76596410630134909E-02 3.94821305174908321E-03 2.52266788671154540E-01
1.49106580E+01 3.76098001952327038E-02 3.94133501608922004E-03 2.52688898605981871E-01
1.49228384E+01 3.75597559436552375E-02 3.93445637630542282E-03 2.53108687913375485E-01
1.49350998E+01 3.75094720306170734E-02 3.92757268173541448E-03 2.53526179171558841E-01
1.49474216E+01 3.74590344375994450E-02 3.92069614339620679E-03 2.53940391624553674E-01
1.49598070E+01 3.74084304826301992E-02 3.91382550352897384E-03 2.54351119608307252E-01
1.49722657E+01 3.73576214954629351E-02 3.90695588162396582E-03 2.54758403627554531E-01
1.49848072E+01 3.73065699469879650E-02 3.90008242871351177E-03 2.55162247993076297E-01
1.49924036E+01 3.72756964430074819E-02 3.89592566365959490E-03 2.55407058855486369E-01
1.50000000E+01 3.72448579295617463E-02 3.89179505612259656E-03 2.55642051452358521E-01
